ex16 raw|200|2.0|0.3|mnist|51|0.0|1: c1 0.223 c10 0.297 c50 -0.742 static 0.002 fac1 0.222 fac10 0.294 fac50 -0.628 frozen 0.03 nbin 300 sent level 0.000 lock 0.00 period None dead 0.03 | 9.8s
ex16 raw|200|2.0|0.3|mnist|53|0.0|1: c1 -0.112 c10 0.638 c50 0.488 static 0.257 fac1 -0.516 fac10 0.493 fac50 0.252 frozen 0.04 nbin 300 sent level 0.004 lock 0.00 period None dead 0.04 | 9.9s
ex16 raw|200|2.0|0.3|mnist|50|0.0|1: c1 -0.048 c10 -0.781 c50 -0.584 static 0.017 fac1 -0.067 fac10 -0.787 fac50 -0.519 frozen 0.04 nbin 300 sent level 0.000 lock 0.00 period None dead 0.04 | 9.8s
ex16 relu|200|2.0|0.3|mnist|51|0.0|1: c1 0.961 c10 0.960 c50 0.961 static 0.958 fac1 0.030 fac10 0.011 fac50 0.034 frozen 0.62 nbin 300 sent level 0.323 lock 0.00 period None dead 0.03 | 11.3s
ex16 relu|200|2.0|0.3|mnist|50|0.0|1: c1 0.911 c10 0.923 c50 0.920 static 0.920 fac1 -0.102 fac10 0.029 fac50 -0.012 frozen 0.47 nbin 300 sent level 0.335 lock 0.00 period None dead 0.04 | 11.3s
ex16 relu|200|2.0|0.3|mnist|53|0.0|1: c1 0.912 c10 0.926 c50 0.919 static 0.921 fac1 -0.100 fac10 0.041 fac50 -0.011 frozen 0.48 nbin 300 sent level 0.326 lock 0.00 period None dead 0.04 | 11.7s
ex16 sign|200|2.0|0.3|mnist|50|0.0|0: c1 0.005 c10 0.001 c50 0.000 static 0.004 fac1 0.001 fac10 -0.002 fac50 -0.003 frozen 0.04 nbin 300 sent level 0.000 lock 0.00 period None dead 0.04 | 14.6s
ex16 raw|200|2.0|0.3|mnist|52|0.0|1: c1 -0.049 c10 0.423 c50 0.457 static 0.023 fac1 -0.086 fac10 0.406 fac50 0.376 frozen 0.01 nbin 300 sent level 0.000 lock 0.00 period None dead 0.02 | 17.7s
ex16 sign|200|2.0|0.3|mnist|52|0.0|0: c1 -0.000 c10 0.006 c50 0.000 static 0.004 fac1 -0.004 fac10 0.002 fac50 -0.004 frozen 0.02 nbin 300 sent level 0.000 lock 0.00 period None dead 0.02 | 18.6s
ex16 sign|200|2.0|0.3|mnist|53|0.0|0: c1 0.005 c10 0.010 c50 0.002 static 0.006 fac1 -0.003 fac10 0.002 fac50 -0.004 frozen 0.04 nbin 300 sent level 0.000 lock 0.00 period None dead 0.04 | 18.7s
ex16 sign|200|2.0|0.3|mnist|51|0.0|0: c1 0.000 c10 -0.003 c50 0.000 static 0.003 fac1 -0.003 fac10 -0.006 fac50 -0.002 frozen 0.03 nbin 300 sent level 0.000 lock 0.00 period None dead 0.03 | 18.7s
ex16 relu|200|2.0|0.3|mnist|52|0.0|1: c1 0.851 c10 0.844 c50 0.855 static 0.847 fac1 0.010 fac10 -0.043 fac50 0.044 frozen 0.31 nbin 300 sent level 0.316 lock 0.00 period None dead 0.02 | 20.0s
ex16 kwta4|200|2.0|0.3|mnist|53|0.0|1: c1 0.202 c10 0.206 c50 0.203 static 0.208 fac1 -0.009 fac10 -0.000 fac50 -0.004 frozen 0.04 nbin 300 sent level 0.114 lock 0.00 period None dead 0.04 | 20.1s
ex16 tri1.0|200|2.0|0.3|mnist|50|0.0|1: c1 0.909 c10 0.909 c50 0.909 static 0.909 fac1 -0.015 fac10 -0.020 fac50 -0.022 frozen 0.45 nbin 300 sent level 0.329 lock 0.00 period None dead 0.04 | 21.1s
ex16 kwta4|200|2.0|0.3|mnist|50|0.0|1: c1 0.197 c10 0.195 c50 0.184 static 0.196 fac1 -0.002 fac10 -0.001 fac50 -0.007 frozen 0.04 nbin 300 sent level 0.114 lock 0.00 period None dead 0.04 | 24.5s
ex16 kwta4|200|2.0|0.3|mnist|51|0.0|1: c1 0.192 c10 0.193 c50 0.188 static 0.200 fac1 -0.005 fac10 -0.004 fac50 -0.004 frozen 0.03 nbin 300 sent level 0.114 lock 0.00 period None dead 0.03 | 24.7s
ex16 step0|200|2.0|0.3|mnist|51|0.0|0: c1 0.817 c10 0.818 c50 0.820 static 0.816 fac1 0.000 fac10 0.001 fac50 -0.001 frozen 0.24 nbin 300 sent level 0.494 lock 0.00 period None dead 0.03 | 15.7s
ex16 step0|200|2.0|0.3|mnist|53|0.0|0: c1 0.790 c10 0.789 c50 0.788 static 0.790 fac1 -0.005 fac10 -0.002 fac50 -0.003 frozen 0.21 nbin 300 sent level 0.491 lock 0.01 period None dead 0.03 | 14.9s
ex16 cstep|200|2.0|0.3|mnist|51|0.0|0: c1 0.793 c10 0.792 c50 0.790 static 0.792 fac1 0.001 fac10 -0.010 fac50 -0.005 frozen 0.20 nbin 300 sent level 0.501 lock 0.00 period None dead 0.03 | 17.5s
ex16 tanh|200|2.0|0.3|mnist|50|0.0|1: c1 0.009 c10 0.020 c50 0.013 static 0.019 fac1 -0.011 fac10 0.001 fac50 -0.006 frozen 0.04 nbin 300 sent level 0.000 lock 0.00 period None dead 0.04 | 11.4s
ex16 cstep|200|2.0|0.3|mnist|52|0.0|0: c1 0.792 c10 0.792 c50 0.794 static 0.790 fac1 -0.005 fac10 -0.006 fac50 -0.004 frozen 0.18 nbin 300 sent level 0.494 lock 0.00 period None dead 0.02 | 17.4s
ex16 tanh|200|2.0|0.3|mnist|50|0.0|0: c1 0.006 c10 -0.005 c50 -0.000 static 0.006 fac1 0.000 fac10 -0.013 fac50 -0.007 frozen 0.04 nbin 300 sent level 0.000 lock 0.00 period None dead 0.04 | 10.7s
ex16 tanh|200|2.0|0.3|mnist|52|0.0|1: c1 -0.003 c10 -0.017 c50 0.006 static 0.008 fac1 -0.013 fac10 -0.027 fac50 -0.003 frozen 0.01 nbin 300 sent level 0.000 lock 0.00 period None dead 0.02 | 11.5s
ex16 tanh|200|2.0|0.3|mnist|53|0.0|1: c1 0.055 c10 0.075 c50 0.055 static 0.069 fac1 -0.016 fac10 0.003 fac50 -0.013 frozen 0.04 nbin 300 sent level 0.001 lock 0.00 period None dead 0.04 | 11.5s
ex16 wta|200|2.0|0.3|mnist|52|0.0|0: c1 0.048 c10 0.048 c50 0.047 static 0.051 fac1 -0.005 fac10 -0.002 fac50 -0.004 frozen 0.02 nbin 300 sent level 0.031 lock 0.00 period None dead 0.02 | 17.4s
ex16 tanh|200|2.0|0.3|mnist|51|0.0|0: c1 -0.003 c10 0.007 c50 -0.004 static 0.003 fac1 -0.009 fac10 0.005 fac50 -0.007 frozen 0.03 nbin 300 sent level 0.000 lock 0.00 period None dead 0.03 | 10.6s
ex16 step0|200|2.0|0.3|mnist|50|0.0|0: c1 0.805 c10 0.805 c50 0.806 static 0.804 fac1 0.000 fac10 -0.003 fac50 -0.004 frozen 0.20 nbin 300 sent level 0.511 lock 0.01 period None dead 0.03 | 28.4s
ex16 step0|200|2.0|0.3|mnist|52|0.0|0: c1 0.797 c10 0.800 c50 0.799 static 0.796 fac1 -0.003 fac10 -0.001 fac50 -0.002 frozen 0.18 nbin 300 sent level 0.495 lock 0.00 period None dead 0.02 | 28.3s
ex16 kwta4|200|2.0|0.3|mnist|52|0.0|1: c1 0.187 c10 0.186 c50 0.186 static 0.193 fac1 -0.007 fac10 -0.006 fac50 -0.005 frozen 0.02 nbin 300 sent level 0.114 lock 0.00 period None dead 0.02 | 39.0s
ex16 tri1.0|200|2.0|0.3|mnist|53|0.0|1: c1 0.932 c10 0.939 c50 0.934 static 0.934 fac1 -0.056 fac10 0.040 fac50 -0.036 frozen 0.52 nbin 300 sent level 0.327 lock 0.00 period None dead 0.04 | 39.4s
ex16 tri1.0|200|2.0|0.3|mnist|51|0.0|1: c1 0.941 c10 0.940 c50 0.949 static 0.943 fac1 -0.061 fac10 -0.051 fac50 0.077 frozen 0.56 nbin 300 sent level 0.329 lock 0.00 period None dead 0.03 | 39.8s
ex16 tanh|200|2.0|0.3|mnist|52|0.0|0: c1 0.002 c10 0.005 c50 0.007 static 0.004 fac1 -0.003 fac10 0.001 fac50 0.003 frozen 0.02 nbin 300 sent level 0.000 lock 0.00 period None dead 0.02 | 10.6s
ex16 tri1.0|200|2.0|0.3|mnist|52|0.0|1: c1 0.898 c10 0.896 c50 0.895 static 0.898 fac1 -0.001 fac10 -0.020 fac50 -0.017 frozen 0.42 nbin 300 sent level 0.332 lock 0.00 period None dead 0.02 | 40.1s
ex16 tanh|200|2.0|0.3|mnist|51|0.0|1: c1 0.010 c10 0.059 c50 0.006 static 0.010 fac1 -0.001 fac10 0.047 fac50 -0.006 frozen 0.03 nbin 300 sent level 0.000 lock 0.00 period None dead 0.03 | 20.9s
ex16 tanh|200|2.0|0.3|mnist|53|0.0|0: c1 0.007 c10 0.007 c50 0.007 static 0.010 fac1 -0.004 fac10 -0.003 fac50 -0.003 frozen 0.04 nbin 300 sent level 0.000 lock 0.00 period None dead 0.04 | 10.6s
ex16 cstep|200|2.0|0.3|mnist|50|0.0|0: c1 0.787 c10 0.787 c50 0.783 static 0.788 fac1 -0.004 fac10 -0.004 fac50 -0.003 frozen 0.18 nbin 300 sent level 0.499 lock 0.00 period None dead 0.04 | 33.1s
ex16 wta|200|2.0|0.3|mnist|50|0.0|0: c1 0.052 c10 0.048 c50 0.051 static 0.056 fac1 -0.005 fac10 -0.005 fac50 -0.004 frozen 0.04 nbin 300 sent level 0.031 lock 0.01 period None dead 0.03 | 30.8s
ex16 wta|200|2.0|0.3|mnist|51|0.0|0: c1 0.059 c10 0.052 c50 0.054 static 0.058 fac1 0.000 fac10 -0.007 fac50 -0.003 frozen 0.04 nbin 300 sent level 0.031 lock 0.00 period None dead 0.03 | 31.1s
ex16 wta|200|2.0|0.3|mnist|53|0.0|0: c1 0.053 c10 0.052 c50 0.054 static 0.055 fac1 -0.004 fac10 -0.004 fac50 -0.002 frozen 0.05 nbin 300 sent level 0.031 lock 0.01 period None dead 0.03 | 30.8s
ex16 cstep|200|2.0|0.3|mnist|53|0.0|0: c1 0.790 c10 0.791 c50 0.794 static 0.793 fac1 -0.007 fac10 -0.004 fac50 -0.003 frozen 0.20 nbin 300 sent level 0.499 lock 0.00 period None dead 0.04 | 33.3s
ex16 sig4_0|200|2.0|0.3|mnist|50|0.0|1: c1 0.998 c10 0.998 c50 0.998 static 0.998 fac1 -0.025 fac10 -0.034 fac50 -0.015 frozen 0.89 nbin 300 sent level 0.614 lock 0.01 period None dead 0.03 | 18.7s
ex16 sig4_0|200|2.0|0.3|mnist|50|0.0|0: c1 0.925 c10 0.926 c50 0.925 static 0.923 fac1 -0.010 fac10 0.005 fac50 0.000 frozen 0.45 nbin 300 sent level 0.553 lock 0.01 period None dead 0.03 | 17.7s
ex16 sig4_0|200|2.0|0.3|mnist|51|0.0|0: c1 0.935 c10 0.936 c50 0.935 static 0.935 fac1 0.003 fac10 -0.003 fac50 -0.009 frozen 0.49 nbin 300 sent level 0.547 lock 0.00 period None dead 0.03 | 17.9s
ex16 sig4_0|200|2.0|0.3|mnist|52|0.0|1: c1 1.000 c10 1.000 c50 1.000 static 1.000 fac1 -0.013 fac10 -0.021 fac50 -0.000 frozen 0.96 nbin 300 sent level 0.605 lock 0.22 period None dead 0.02 | 18.7s
ex16 sig4_0|200|2.0|0.3|mnist|51|0.0|1: c1 1.000 c10 1.000 c50 1.000 static 1.000 fac1 -0.058 fac10 0.008 fac50 -0.029 frozen 0.98 nbin 300 sent level 0.614 lock 0.75 period None dead 0.03 | 18.8s
ex16 sig4_0|200|2.0|0.3|mnist|53|0.0|1: c1 0.997 c10 0.997 c50 0.997 static 0.997 fac1 -0.016 fac10 -0.005 fac50 -0.012 frozen 0.85 nbin 300 sent level 0.601 lock 0.01 period None dead 0.03 | 18.8s
ex16 sig8_0|200|2.0|0.3|mnist|53|0.0|1: c1 0.953 c10 0.953 c50 0.954 static 0.953 fac1 -0.016 fac10 0.010 fac50 -0.002 frozen 0.59 nbin 300 sent level 0.544 lock 0.01 period None dead 0.03 | 18.7s
ex16 sig8_0|200|2.0|0.3|mnist|52|0.0|0: c1 0.861 c10 0.862 c50 0.859 static 0.859 fac1 -0.006 fac10 -0.004 fac50 -0.007 frozen 0.28 nbin 300 sent level 0.518 lock 0.00 period None dead 0.02 | 17.7s
ex16 step1|200|2.0|0.3|mnist|50|0.0|0: c1 0.584 c10 0.585 c50 0.584 static 0.588 fac1 -0.002 fac10 -0.004 fac50 -0.007 frozen 0.06 nbin 300 sent level 0.321 lock 0.00 period None dead 0.04 | 15.1s
ex16 step1|200|2.0|0.3|mnist|51|0.0|0: c1 0.556 c10 0.554 c50 0.553 static 0.554 fac1 0.002 fac10 -0.000 fac50 -0.003 frozen 0.05 nbin 300 sent level 0.298 lock 0.00 period None dead 0.03 | 15.1s
ex16 step1|200|2.0|0.3|mnist|52|0.0|0: c1 0.531 c10 0.529 c50 0.528 static 0.537 fac1 -0.002 fac10 -0.003 fac50 -0.006 frozen 0.03 nbin 300 sent level 0.295 lock 0.00 period None dead 0.02 | 15.1s
ex16 step1|200|2.0|0.3|mnist|53|0.0|0: c1 0.539 c10 0.541 c50 0.541 static 0.542 fac1 -0.005 fac10 -0.005 fac50 -0.004 frozen 0.06 nbin 300 sent level 0.298 lock 0.00 period None dead 0.04 | 15.1s
ex16 sig4_0|200|2.0|0.3|mnist|52|0.0|0: c1 0.933 c10 0.932 c50 0.931 static 0.931 fac1 0.014 fac10 -0.002 fac50 -0.002 frozen 0.46 nbin 300 sent level 0.539 lock 0.00 period None dead 0.02 | 32.5s
ex16 sig4_0|200|2.0|0.3|mnist|53|0.0|0: c1 0.929 c10 0.929 c50 0.929 static 0.928 fac1 -0.009 fac10 -0.002 fac50 -0.006 frozen 0.47 nbin 300 sent level 0.541 lock 0.01 period None dead 0.03 | 32.5s
ex16 sig8_0|200|2.0|0.3|mnist|50|0.0|0: c1 0.864 c10 0.864 c50 0.862 static 0.863 fac1 -0.003 fac10 0.004 fac50 -0.004 frozen 0.29 nbin 300 sent level 0.528 lock 0.01 period None dead 0.03 | 32.8s
ex16 sig8_0|200|2.0|0.3|mnist|50|0.0|1: c1 0.953 c10 0.954 c50 0.954 static 0.953 fac1 -0.009 fac10 -0.003 fac50 0.003 frozen 0.59 nbin 300 sent level 0.552 lock 0.01 period None dead 0.03 | 34.4s
ex16 sig8_0|200|2.0|0.3|mnist|51|0.0|1: c1 0.966 c10 0.967 c50 0.967 static 0.966 fac1 0.001 fac10 0.010 fac50 0.022 frozen 0.65 nbin 300 sent level 0.559 lock 0.00 period None dead 0.03 | 33.9s
ex16 sig8_0|200|2.0|0.3|mnist|52|0.0|1: c1 0.958 c10 0.959 c50 0.959 static 0.959 fac1 -0.017 fac10 0.020 fac50 0.001 frozen 0.61 nbin 300 sent level 0.543 lock 0.00 period None dead 0.02 | 34.2s
ex16 sig8_0|200|2.0|0.3|mnist|51|0.0|0: c1 0.865 c10 0.866 c50 0.865 static 0.864 fac1 -0.006 fac10 0.001 fac50 -0.003 frozen 0.31 nbin 300 sent level 0.522 lock 0.00 period None dead 0.03 | 32.6s
ex16 tri0.3|200|2.0|0.3|mnist|50|0.0|1: c1 0.914 c10 0.915 c50 0.915 static 0.916 fac1 -0.011 fac10 0.001 fac50 -0.002 frozen 0.46 nbin 300 sent level 0.466 lock 0.00 period None dead 0.04 | 21.3s
ex16 tri0.3|200|2.0|0.3|mnist|51|0.0|1: c1 0.918 c10 0.918 c50 0.918 static 0.918 fac1 -0.003 fac10 -0.001 fac50 -0.001 frozen 0.48 nbin 300 sent level 0.464 lock 0.00 period None dead 0.03 | 21.4s
ex16 sig8_0|200|2.0|0.3|mnist|53|0.0|0: c1 0.857 c10 0.856 c50 0.858 static 0.859 fac1 -0.011 fac10 -0.010 fac50 -0.002 frozen 0.31 nbin 300 sent level 0.513 lock 0.01 period None dead 0.03 | 32.4s
ex16 step1|200|2.0|0.3|mnist|50|0.0|1: c1 0.255 c10 0.267 c50 0.263 static 0.277 fac1 -0.013 fac10 -0.002 fac50 -0.002 frozen 0.04 nbin 300 sent level 0.159 lock 0.00 period None dead 0.04 | 29.9s
ex16 tri0.3|200|2.0|0.3|mnist|52|0.0|1: c1 0.915 c10 0.914 c50 0.916 static 0.914 fac1 -0.006 fac10 -0.003 fac50 0.006 frozen 0.45 nbin 300 sent level 0.466 lock 0.00 period None dead 0.02 | 21.2s
ex16 step1|200|2.0|0.3|mnist|51|0.0|1: c1 0.251 c10 0.251 c50 0.248 static 0.264 fac1 -0.003 fac10 -0.004 fac50 -0.002 frozen 0.03 nbin 300 sent level 0.152 lock 0.00 period None dead 0.03 | 30.2s
ex16 step1|200|2.0|0.3|mnist|52|0.0|1: c1 0.250 c10 0.245 c50 0.250 static 0.258 fac1 -0.008 fac10 -0.001 fac50 -0.003 frozen 0.02 nbin 300 sent level 0.153 lock 0.00 period None dead 0.02 | 29.7s
ex16 step1|200|2.0|0.3|mnist|53|0.0|1: c1 0.258 c10 0.260 c50 0.255 static 0.270 fac1 -0.012 fac10 -0.001 fac50 -0.007 frozen 0.04 nbin 300 sent level 0.153 lock 0.00 period None dead 0.04 | 30.1s
ex16 tri0.3|200|2.0|0.3|mnist|53|0.0|1: c1 0.919 c10 0.919 c50 0.919 static 0.917 fac1 -0.004 fac10 0.001 fac50 0.007 frozen 0.48 nbin 300 sent level 0.464 lock 0.00 period None dead 0.04 | 21.3s
ex16 tri0.3|200|2.0|0.3|mnist|50|0.0|0: c1 0.923 c10 0.922 c50 0.923 static 0.922 fac1 -0.004 fac10 0.010 fac50 0.003 frozen 0.44 nbin 300 sent level 0.466 lock 0.00 period None dead 0.04 | 20.4s
ex16 raw|200|2.0|0.3|mnist|50|0.25|1: c1 0.979 c10 -0.078 c50 -0.520 static 0.035 fac1 0.975 fac10 -0.116 fac50 -0.483 frozen 0.04 nbin 300 sent level 0.001 lock 0.00 period None dead 0.04 | 10.6s
ex16 tri0.3|200|2.0|0.3|mnist|51|0.0|0: c1 0.920 c10 0.921 c50 0.922 static 0.921 fac1 -0.003 fac10 0.004 fac50 0.006 frozen 0.44 nbin 300 sent level 0.465 lock 0.00 period None dead 0.03 | 20.5s
ex16 raw|200|2.0|0.3|mnist|53|0.25|1: c1 0.992 c10 0.654 c50 0.384 static 0.445 fac1 0.983 fac10 0.391 fac50 -0.043 frozen 0.09 nbin 300 sent level 0.007 lock 0.00 period None dead 0.04 | 10.4s
ex16 tri0.3|200|2.0|0.3|mnist|52|0.0|0: c1 0.915 c10 0.915 c50 0.915 static 0.914 fac1 -0.009 fac10 -0.010 fac50 0.002 frozen 0.41 nbin 300 sent level 0.465 lock 0.00 period None dead 0.02 | 20.4s
ex16 tri0.3|200|2.0|0.3|mnist|53|0.0|0: c1 0.924 c10 0.923 c50 0.923 static 0.923 fac1 -0.005 fac10 -0.008 fac50 -0.008 frozen 0.45 nbin 300 sent level 0.464 lock 0.00 period None dead 0.04 | 20.3s
ex16 relu|200|2.0|0.3|mnist|53|0.25|1: c1 0.998 c10 0.977 c50 0.978 static 0.980 fac1 0.895 fac10 -0.183 fac50 -0.077 frozen 0.74 nbin 300 sent level 0.326 lock 0.00 period None dead 0.04 | 11.9s
ex16 raw|200|2.0|0.3|mnist|51|0.25|1: c1 0.993 c10 0.631 c50 0.716 static 0.756 fac1 0.971 fac10 -0.483 fac50 -0.124 frozen 0.46 nbin 300 sent level 0.014 lock 0.00 period None dead 0.03 | 19.1s
ex16 relu|200|2.0|0.3|mnist|52|0.25|1: c1 0.996 c10 0.936 c50 0.941 static 0.943 fac1 0.927 fac10 -0.128 fac50 -0.049 frozen 0.58 nbin 300 sent level 0.318 lock 0.00 period None dead 0.02 | 17.3s
ex16 tri0.7|200|2.0|0.3|mnist|53|0.0|0: c1 0.990 c10 0.989 c50 0.990 static 0.989 fac1 0.059 fac10 -0.072 fac50 0.001 frozen 0.78 nbin 300 sent level 0.391 lock 0.00 period None dead 0.04 | 22.4s
ex16 raw|200|2.0|0.3|mnist|52|0.25|1: c1 0.992 c10 0.591 c50 0.041 static 0.269 fac1 0.986 fac10 0.420 fac50 -0.259 frozen 0.04 nbin 300 sent level 0.004 lock 0.00 period None dead 0.02 | 19.3s
ex16 relu|200|2.0|0.3|mnist|50|0.25|1: c1 0.999 c10 0.983 c50 0.984 static 0.984 fac1 0.918 fac10 -0.073 fac50 0.021 frozen 0.77 nbin 300 sent level 0.338 lock 0.00 period None dead 0.04 | 19.9s
ex16 relu|200|2.0|0.3|mnist|51|0.25|1: c1 1.000 c10 0.988 c50 0.983 static 0.988 fac1 0.973 fac10 0.003 fac50 -0.370 frozen 0.83 nbin 300 sent level 0.325 lock 0.00 period None dead 0.03 | 21.7s
ex16 tri0.7|200|2.0|0.3|mnist|52|0.0|0: c1 0.974 c10 0.974 c50 0.974 static 0.973 fac1 -0.010 fac10 0.004 fac50 0.003 frozen 0.63 nbin 300 sent level 0.379 lock 0.00 period None dead 0.02 | 31.8s
ex16 tri0.7|200|2.0|0.3|mnist|51|0.0|1: c1 0.978 c10 0.978 c50 0.978 static 0.977 fac1 -0.004 fac10 0.008 fac50 0.004 frozen 0.70 nbin 300 sent level 0.390 lock 0.00 period None dead 0.03 | 36.0s
ex16 tri0.7|200|2.0|0.3|mnist|53|0.0|1: c1 0.961 c10 0.961 c50 0.961 static 0.961 fac1 -0.026 fac10 -0.015 fac50 -0.009 frozen 0.61 nbin 300 sent level 0.388 lock 0.00 period None dead 0.04 | 35.0s
ex16 tri1.0|200|2.0|0.3|mnist|51|0.25|1: c1 1.000 c10 0.989 c50 0.984 static 0.987 fac1 0.973 fac10 0.111 fac50 -0.193 frozen 0.82 nbin 300 sent level 0.333 lock 0.00 period None dead 0.03 | 22.2s
ex16 sign|200|2.0|0.3|mnist|50|0.25|0: c1 0.616 c10 -0.001 c50 0.011 static 0.021 fac1 0.613 fac10 -0.023 fac50 -0.010 frozen 0.04 nbin 300 sent level 0.000 lock 0.00 period None dead 0.04 | 11.5s
ex16 tri0.7|200|2.0|0.3|mnist|50|0.0|1: c1 0.943 c10 0.942 c50 0.943 static 0.942 fac1 0.012 fac10 -0.014 fac50 0.003 frozen 0.55 nbin 300 sent level 0.386 lock 0.00 period None dead 0.04 | 40.3s
ex16 sign|200|2.0|0.3|mnist|53|0.25|0: c1 0.617 c10 0.025 c50 0.030 static 0.038 fac1 0.605 fac10 -0.016 fac50 -0.009 frozen 0.04 nbin 300 sent level 0.000 lock 0.00 period None dead 0.04 | 11.2s
ex16 tri0.7|200|2.0|0.3|mnist|50|0.0|0: c1 0.975 c10 0.975 c50 0.975 static 0.975 fac1 0.003 fac10 -0.023 fac50 -0.019 frozen 0.66 nbin 300 sent level 0.390 lock 0.00 period None dead 0.04 | 38.5s
ex16 tri0.7|200|2.0|0.3|mnist|51|0.0|0: c1 0.988 c10 0.987 c50 0.986 static 0.986 fac1 0.138 fac10 0.018 fac50 -0.004 frozen 0.75 nbin 300 sent level 0.388 lock 0.00 period None dead 0.03 | 38.9s
ex16 tri0.7|200|2.0|0.3|mnist|52|0.0|1: c1 0.958 c10 0.960 c50 0.958 static 0.958 fac1 -0.002 fac10 0.023 fac50 0.009 frozen 0.59 nbin 300 sent level 0.388 lock 0.00 period None dead 0.02 | 40.4s
ex16 kwta4|200|2.0|0.3|mnist|50|0.25|1: c1 0.708 c10 0.305 c50 0.307 static 0.315 fac1 0.584 fac10 -0.013 fac50 -0.012 frozen 0.04 nbin 300 sent level 0.115 lock 0.00 period None dead 0.04 | 24.4s
ex16 kwta4|200|2.0|0.3|mnist|52|0.25|1: c1 0.709 c10 0.304 c50 0.301 static 0.308 fac1 0.580 fac10 -0.011 fac50 -0.012 frozen 0.02 nbin 300 sent level 0.114 lock 0.00 period None dead 0.02 | 23.4s
ex16 kwta4|200|2.0|0.3|mnist|53|0.25|1: c1 0.732 c10 0.332 c50 0.331 static 0.341 fac1 0.597 fac10 -0.021 fac50 -0.013 frozen 0.04 nbin 300 sent level 0.114 lock 0.00 period None dead 0.04 | 21.9s
ex16 sign|200|2.0|0.3|mnist|51|0.25|0: c1 0.620 c10 0.010 c50 0.020 static 0.011 fac1 0.621 fac10 -0.001 fac50 0.009 frozen 0.03 nbin 300 sent level 0.000 lock 0.00 period None dead 0.03 | 19.9s
ex16 tri1.0|200|2.0|0.3|mnist|50|0.25|1: c1 0.997 c10 0.954 c50 0.958 static 0.968 fac1 0.921 fac10 -0.420 fac50 -0.266 frozen 0.69 nbin 300 sent level 0.330 lock 0.00 period None dead 0.04 | 32.9s
ex16 sign|200|2.0|0.3|mnist|52|0.25|0: c1 0.616 c10 0.011 c50 0.007 static 0.018 fac1 0.613 fac10 -0.006 fac50 -0.010 frozen 0.01 nbin 300 sent level 0.000 lock 0.00 period None dead 0.02 | 20.5s
ex16 step0|200|2.0|0.3|mnist|51|0.25|0: c1 0.956 c10 0.904 c50 0.905 static 0.903 fac1 0.534 fac10 -0.009 fac50 -0.006 frozen 0.39 nbin 300 sent level 0.496 lock 0.00 period None dead 0.03 | 15.8s
ex16 step0|200|2.0|0.3|mnist|53|0.25|0: c1 0.947 c10 0.890 c50 0.888 static 0.888 fac1 0.521 fac10 -0.005 fac50 -0.007 frozen 0.37 nbin 300 sent level 0.491 lock 0.01 period None dead 0.03 | 15.9s
ex16 tri1.0|200|2.0|0.3|mnist|52|0.25|1: c1 0.999 c10 0.978 c50 0.984 static 0.984 fac1 0.946 fac10 -0.326 fac50 0.055 frozen 0.77 nbin 300 sent level 0.333 lock 0.00 period None dead 0.02 | 34.7s
ex16 tri1.0|200|2.0|0.3|mnist|53|0.25|1: c1 0.998 c10 0.985 c50 0.985 static 0.985 fac1 0.891 fac10 -0.041 fac50 0.020 frozen 0.76 nbin 300 sent level 0.333 lock 0.00 period None dead 0.04 | 34.8s
ex16 kwta4|200|2.0|0.3|mnist|51|0.25|1: c1 0.725 c10 0.316 c50 0.319 static 0.326 fac1 0.594 fac10 -0.011 fac50 -0.004 frozen 0.03 nbin 300 sent level 0.114 lock 0.00 period None dead 0.03 | 35.3s
ex16 cstep|200|2.0|0.3|mnist|50|0.25|0: c1 0.948 c10 0.888 c50 0.886 static 0.887 fac1 0.535 fac10 -0.004 fac50 -0.025 frozen 0.35 nbin 300 sent level 0.498 lock 0.00 period None dead 0.04 | 18.4s
ex16 cstep|200|2.0|0.3|mnist|51|0.25|0: c1 0.948 c10 0.887 c50 0.887 static 0.888 fac1 0.538 fac10 -0.011 fac50 -0.015 frozen 0.35 nbin 300 sent level 0.499 lock 0.00 period None dead 0.03 | 18.4s
ex16 cstep|200|2.0|0.3|mnist|53|0.25|0: c1 0.948 c10 0.889 c50 0.889 static 0.889 fac1 0.530 fac10 -0.015 fac50 -0.001 frozen 0.36 nbin 300 sent level 0.500 lock 0.00 period None dead 0.04 | 18.3s
ex16 tanh|200|2.0|0.3|mnist|51|0.25|1: c1 0.949 c10 0.129 c50 -0.014 static 0.026 fac1 0.945 fac10 0.098 fac50 -0.032 frozen 0.03 nbin 300 sent level 0.000 lock 0.00 period None dead 0.03 | 12.4s
ex16 tanh|200|2.0|0.3|mnist|52|0.25|1: c1 0.943 c10 0.061 c50 0.075 static 0.023 fac1 0.940 fac10 0.035 fac50 0.043 frozen 0.01 nbin 300 sent level 0.000 lock 0.00 period None dead 0.02 | 12.3s
ex16 wta|200|2.0|0.3|mnist|53|0.25|0: c1 0.398 c10 0.092 c50 0.089 static 0.097 fac1 0.343 fac10 -0.006 fac50 -0.006 frozen 0.04 nbin 300 sent level 0.031 lock 0.01 period None dead 0.03 | 17.2s
ex16 step0|200|2.0|0.3|mnist|50|0.25|0: c1 0.951 c10 0.892 c50 0.894 static 0.891 fac1 0.542 fac10 -0.012 fac50 -0.004 frozen 0.36 nbin 300 sent level 0.507 lock 0.01 period None dead 0.03 | 30.4s
ex16 tanh|200|2.0|0.3|mnist|51|0.25|0: c1 0.774 c10 0.039 c50 0.011 static 0.027 fac1 0.771 fac10 0.010 fac50 -0.014 frozen 0.03 nbin 300 sent level 0.000 lock 0.00 period None dead 0.03 | 11.5s
ex16 tanh|200|2.0|0.3|mnist|52|0.25|0: c1 0.763 c10 0.004 c50 0.010 static 0.024 fac1 0.761 fac10 -0.019 fac50 -0.012 frozen 0.01 nbin 300 sent level 0.000 lock 0.00 period None dead 0.02 | 11.5s
ex16 step0|200|2.0|0.3|mnist|52|0.25|0: c1 0.949 c10 0.889 c50 0.889 static 0.889 fac1 0.531 fac10 -0.011 fac50 -0.010 frozen 0.34 nbin 300 sent level 0.490 lock 0.00 period None dead 0.02 | 30.4s
ex16 tanh|200|2.0|0.3|mnist|50|0.25|1: c1 0.942 c10 0.069 c50 0.005 static 0.034 fac1 0.938 fac10 0.035 fac50 -0.022 frozen 0.04 nbin 300 sent level 0.000 lock 0.00 period None dead 0.04 | 21.0s
ex16 tanh|200|2.0|0.3|mnist|50|0.25|0: c1 0.765 c10 0.018 c50 0.003 static 0.028 fac1 0.762 fac10 -0.008 fac50 -0.021 frozen 0.04 nbin 300 sent level 0.000 lock 0.00 period None dead 0.04 | 21.1s
ex16 tanh|200|2.0|0.3|mnist|53|0.25|1: c1 0.951 c10 0.194 c50 0.058 static 0.138 fac1 0.940 fac10 0.056 fac50 -0.079 frozen 0.04 nbin 300 sent level 0.002 lock 0.00 period None dead 0.04 | 22.2s
ex16 wta|200|2.0|0.3|mnist|50|0.25|0: c1 0.394 c10 0.087 c50 0.084 static 0.095 fac1 0.339 fac10 -0.006 fac50 -0.007 frozen 0.04 nbin 300 sent level 0.031 lock 0.01 period None dead 0.03 | 32.7s
ex16 tanh|200|2.0|0.3|mnist|53|0.25|0: c1 0.775 c10 0.049 c50 0.035 static 0.060 fac1 0.765 fac10 -0.010 fac50 -0.023 frozen 0.04 nbin 300 sent level 0.001 lock 0.00 period None dead 0.04 | 20.7s
ex16 wta|200|2.0|0.3|mnist|51|0.25|0: c1 0.409 c10 0.098 c50 0.101 static 0.105 fac1 0.347 fac10 -0.007 fac50 -0.003 frozen 0.04 nbin 300 sent level 0.031 lock 0.00 period None dead 0.03 | 32.8s
ex16 cstep|200|2.0|0.3|mnist|52|0.25|0: c1 0.948 c10 0.892 c50 0.888 static 0.889 fac1 0.532 fac10 -0.001 fac50 -0.016 frozen 0.34 nbin 300 sent level 0.494 lock 0.00 period None dead 0.02 | 34.7s
ex16 wta|200|2.0|0.3|mnist|52|0.25|0: c1 0.381 c10 0.082 c50 0.087 static 0.088 fac1 0.333 fac10 -0.006 fac50 -0.002 frozen 0.02 nbin 300 sent level 0.031 lock 0.00 period None dead 0.02 | 32.8s
ex16 sig4_0|200|2.0|0.3|mnist|52|0.25|1: c1 1.000 c10 1.000 c50 1.000 static 1.000 fac1 0.848 fac10 -0.002 fac50 -0.014 frozen 0.98 nbin 300 sent level 0.604 lock 0.89 period None dead 0.02 | 20.7s
ex16 sig4_0|200|2.0|0.3|mnist|53|0.25|1: c1 1.000 c10 0.999 c50 0.999 static 0.999 fac1 0.772 fac10 -0.027 fac50 -0.041 frozen 0.91 nbin 300 sent level 0.602 lock 0.17 period None dead 0.03 | 20.4s
ex16 sig4_0|200|2.0|0.3|mnist|50|0.25|0: c1 0.987 c10 0.939 c50 0.942 static 0.939 fac1 0.783 fac10 -0.026 fac50 0.009 frozen 0.51 nbin 300 sent level 0.540 lock 0.01 period None dead 0.03 | 19.6s
ex16 sig4_0|200|2.0|0.3|mnist|51|0.25|0: c1 0.989 c10 0.943 c50 0.941 static 0.943 fac1 0.803 fac10 0.003 fac50 -0.033 frozen 0.52 nbin 300 sent level 0.541 lock 0.00 period None dead 0.03 | 19.6s
ex16 sig4_0|200|2.0|0.3|mnist|52|0.25|0: c1 0.988 c10 0.939 c50 0.940 static 0.936 fac1 0.809 fac10 0.006 fac50 0.013 frozen 0.50 nbin 300 sent level 0.523 lock 0.00 period None dead 0.02 | 19.8s
ex16 sig4_0|200|2.0|0.3|mnist|53|0.25|0: c1 0.988 c10 0.937 c50 0.932 static 0.936 fac1 0.816 fac10 0.020 fac50 -0.029 frozen 0.52 nbin 300 sent level 0.526 lock 0.01 period None dead 0.03 | 19.6s
ex16 sig8_0|200|2.0|0.3|mnist|51|0.25|1: c1 0.999 c10 0.980 c50 0.980 static 0.981 fac1 0.926 fac10 -0.034 fac50 -0.043 frozen 0.76 nbin 300 sent level 0.554 lock 0.00 period None dead 0.03 | 20.5s
ex16 sig8_0|200|2.0|0.3|mnist|52|0.25|1: c1 0.998 c10 0.977 c50 0.975 static 0.975 fac1 0.931 fac10 0.064 fac50 -0.046 frozen 0.72 nbin 300 sent level 0.540 lock 0.00 period None dead 0.02 | 20.5s
ex16 sig4_0|200|2.0|0.3|mnist|50|0.25|1: c1 1.000 c10 0.999 c50 0.999 static 0.999 fac1 0.763 fac10 -0.031 fac50 -0.011 frozen 0.94 nbin 300 sent level 0.613 lock 0.32 period None dead 0.03 | 36.5s
ex16 sig4_0|200|2.0|0.3|mnist|51|0.25|1: c1 1.000 c10 1.000 c50 1.000 static 1.000 fac1 0.900 fac10 0.002 fac50 -0.081 frozen 0.99 nbin 300 sent level 0.614 lock 0.96 period None dead 0.03 | 37.3s
ex16 step1|200|2.0|0.3|mnist|50|0.25|0: c1 0.908 c10 0.798 c50 0.797 static 0.799 fac1 0.537 fac10 -0.016 fac50 -0.007 frozen 0.20 nbin 300 sent level 0.366 lock 0.00 period None dead 0.04 | 16.0s
ex16 step1|200|2.0|0.3|mnist|51|0.25|0: c1 0.901 c10 0.780 c50 0.779 static 0.778 fac1 0.548 fac10 -0.006 fac50 -0.013 frozen 0.18 nbin 300 sent level 0.351 lock 0.00 period None dead 0.03 | 16.0s
ex16 step1|200|2.0|0.3|mnist|52|0.25|0: c1 0.889 c10 0.762 c50 0.758 static 0.760 fac1 0.536 fac10 -0.008 fac50 -0.016 frozen 0.15 nbin 300 sent level 0.343 lock 0.00 period None dead 0.02 | 16.0s
ex16 step1|200|2.0|0.3|mnist|53|0.25|0: c1 0.897 c10 0.777 c50 0.777 static 0.783 fac1 0.534 fac10 -0.014 fac50 -0.022 frozen 0.19 nbin 300 sent level 0.344 lock 0.00 period None dead 0.04 | 15.9s
ex16 sig8_0|200|2.0|0.3|mnist|50|0.25|1: c1 0.997 c10 0.974 c50 0.975 static 0.976 fac1 0.879 fac10 -0.120 fac50 -0.075 frozen 0.72 nbin 300 sent level 0.560 lock 0.01 period None dead 0.03 | 36.9s
ex16 tri0.3|200|2.0|0.3|mnist|50|0.25|1: c1 0.992 c10 0.963 c50 0.961 static 0.961 fac1 0.786 fac10 0.014 fac50 -0.026 frozen 0.64 nbin 300 sent level 0.468 lock 0.00 period None dead 0.04 | 21.7s
ex16 sig8_0|200|2.0|0.3|mnist|50|0.25|0: c1 0.971 c10 0.914 c50 0.912 static 0.913 fac1 0.669 fac10 -0.007 fac50 -0.031 frozen 0.42 nbin 300 sent level 0.523 lock 0.01 period None dead 0.03 | 35.3s
ex16 tri0.3|200|2.0|0.3|mnist|51|0.25|1: c1 0.992 c10 0.957 c50 0.956 static 0.956 fac1 0.810 fac10 0.009 fac50 -0.012 frozen 0.63 nbin 300 sent level 0.465 lock 0.00 period None dead 0.03 | 21.5s
ex16 sig8_0|200|2.0|0.3|mnist|53|0.25|1: c1 0.998 c10 0.980 c50 0.978 static 0.979 fac1 0.882 fac10 0.020 fac50 -0.041 frozen 0.73 nbin 300 sent level 0.544 lock 0.01 period None dead 0.03 | 36.7s
ex16 tri0.3|200|2.0|0.3|mnist|52|0.25|1: c1 0.991 c10 0.954 c50 0.954 static 0.954 fac1 0.800 fac10 -0.008 fac50 -0.018 frozen 0.62 nbin 300 sent level 0.466 lock 0.00 period None dead 0.02 | 21.5s
ex16 sig8_0|200|2.0|0.3|mnist|51|0.25|0: c1 0.973 c10 0.915 c50 0.915 static 0.914 fac1 0.680 fac10 -0.020 fac50 -0.014 frozen 0.42 nbin 300 sent level 0.518 lock 0.00 period None dead 0.03 | 35.7s
ex16 step1|200|2.0|0.3|mnist|50|0.25|1: c1 0.717 c10 0.418 c50 0.416 static 0.431 fac1 0.507 fac10 -0.013 fac50 -0.015 frozen 0.05 nbin 300 sent level 0.161 lock 0.00 period None dead 0.04 | 31.5s
ex16 step1|200|2.0|0.3|mnist|52|0.25|1: c1 0.706 c10 0.397 c50 0.402 static 0.412 fac1 0.508 fac10 -0.019 fac50 -0.009 frozen 0.03 nbin 300 sent level 0.153 lock 0.00 period None dead 0.02 | 31.1s
ex16 sig8_0|200|2.0|0.3|mnist|52|0.25|0: c1 0.971 c10 0.912 c50 0.911 static 0.911 fac1 0.660 fac10 -0.007 fac50 -0.019 frozen 0.41 nbin 300 sent level 0.509 lock 0.00 period None dead 0.02 | 35.2s
ex16 step1|200|2.0|0.3|mnist|51|0.25|1: c1 0.719 c10 0.417 c50 0.412 static 0.428 fac1 0.512 fac10 -0.008 fac50 -0.014 frozen 0.04 nbin 300 sent level 0.156 lock 0.00 period None dead 0.03 | 31.8s
ex16 step1|200|2.0|0.3|mnist|53|0.25|1: c1 0.729 c10 0.448 c50 0.454 static 0.456 fac1 0.506 fac10 -0.015 fac50 -0.009 frozen 0.05 nbin 300 sent level 0.154 lock 0.00 period None dead 0.04 | 31.4s
ex16 tri0.3|200|2.0|0.3|mnist|53|0.25|1: c1 0.991 c10 0.959 c50 0.959 static 0.959 fac1 0.781 fac10 -0.004 fac50 -0.005 frozen 0.63 nbin 300 sent level 0.462 lock 0.00 period None dead 0.04 | 21.6s
ex16 sig8_0|200|2.0|0.3|mnist|53|0.25|0: c1 0.970 c10 0.912 c50 0.910 static 0.910 fac1 0.671 fac10 0.006 fac50 -0.020 frozen 0.43 nbin 300 sent level 0.507 lock 0.01 period None dead 0.03 | 35.4s
ex16 tri0.3|200|2.0|0.3|mnist|52|0.25|0: c1 0.991 c10 0.954 c50 0.953 static 0.955 fac1 0.795 fac10 -0.013 fac50 -0.028 frozen 0.56 nbin 300 sent level 0.462 lock 0.00 period None dead 0.02 | 20.7s
ex16 tri0.3|200|2.0|0.3|mnist|53|0.25|0: c1 0.992 c10 0.959 c50 0.959 static 0.959 fac1 0.796 fac10 -0.006 fac50 -0.027 frozen 0.60 nbin 300 sent level 0.463 lock 0.00 period None dead 0.04 | 20.6s
ex16 tri0.7|200|2.0|0.3|mnist|50|0.25|1: c1 0.998 c10 0.980 c50 0.974 static 0.975 fac1 0.921 fac10 0.175 fac50 -0.051 frozen 0.72 nbin 300 sent level 0.385 lock 0.00 period None dead 0.04 | 22.1s
ex16 tri0.7|200|2.0|0.3|mnist|51|0.25|1: c1 1.000 c10 0.989 c50 0.990 static 0.990 fac1 0.953 fac10 -0.115 fac50 0.003 frozen 0.83 nbin 300 sent level 0.386 lock 0.00 period None dead 0.03 | 22.2s
ex16 relu|200|2.0|0.3|mnist|52|0.5|1: c1 1.000 c10 0.979 c50 0.952 static 0.958 fac1 0.987 fac10 0.466 fac50 -0.149 frozen 0.69 nbin 300 sent level 0.319 lock 0.00 period None dead 0.02 | 12.0s
ex16 tri0.7|200|2.0|0.3|mnist|51|0.25|0: c1 1.000 c10 0.993 c50 0.991 static 0.990 fac1 0.978 fac10 0.310 fac50 0.073 frozen 0.83 nbin 300 sent level 0.388 lock 0.01 period None dead 0.03 | 21.3s
ex16 tri0.7|200|2.0|0.3|mnist|53|0.25|1: c1 0.998 c10 0.988 c50 0.988 static 0.988 fac1 0.866 fac10 -0.031 fac50 -0.010 frozen 0.79 nbin 300 sent level 0.387 lock 0.00 period None dead 0.04 | 22.1s
ex16 raw|200|2.0|0.3|mnist|52|0.5|1: c1 0.998 c10 0.862 c50 0.108 static 0.268 fac1 0.994 fac10 0.779 fac50 -0.178 frozen 0.06 nbin 300 sent level 0.004 lock 0.00 period None dead 0.02 | 18.2s
ex16 raw|200|2.0|0.3|mnist|50|0.5|1: c1 0.994 c10 0.568 c50 0.263 static 0.072 fac1 0.990 fac10 0.515 fac50 0.168 frozen 0.04 nbin 300 sent level 0.001 lock 0.00 period None dead 0.04 | 18.7s
ex16 raw|200|2.0|0.3|mnist|53|0.5|1: c1 0.999 c10 0.966 c50 0.830 static 0.831 fac1 0.989 fac10 0.740 fac50 -0.095 frozen 0.43 nbin 300 sent level 0.012 lock 0.00 period None dead 0.04 | 18.6s
ex16 raw|200|2.0|0.3|mnist|51|0.5|1: c1 1.000 c10 0.986 c50 0.901 static 0.943 fac1 0.994 fac10 0.733 fac50 -0.566 frozen 0.71 nbin 300 sent level 0.015 lock 0.01 period None dead 0.03 | 18.7s
ex16 tri0.7|200|2.0|0.3|mnist|53|0.25|0: c1 1.000 c10 0.996 c50 0.996 static 0.996 fac1 0.967 fac10 0.012 fac50 -0.141 frozen 0.88 nbin 300 sent level 0.390 lock 0.03 period None dead 0.04 | 21.2s
ex16 relu|200|2.0|0.3|mnist|51|0.5|1: c1 1.000 c10 0.997 c50 0.975 static 0.980 fac1 0.993 fac10 0.803 fac50 -0.143 frozen 0.81 nbin 300 sent level 0.325 lock 0.87 period None dead 0.03 | 21.8s
ex16 relu|200|2.0|0.3|mnist|50|0.5|1: c1 1.000 c10 0.995 c50 0.989 static 0.991 fac1 0.982 fac10 0.409 fac50 -0.132 frozen 0.84 nbin 300 sent level 0.341 lock 0.07 period None dead 0.04 | 22.0s
ex16 tri0.3|200|2.0|0.3|mnist|50|0.25|0: c1 0.993 c10 0.963 c50 0.959 static 0.961 fac1 0.810 fac10 0.029 fac50 -0.044 frozen 0.60 nbin 300 sent level 0.469 lock 0.00 period None dead 0.04 | 39.3s
ex16 relu|200|2.0|0.3|mnist|53|0.5|1: c1 1.000 c10 0.991 c50 0.989 static 0.989 fac1 0.974 fac10 0.173 fac50 0.004 frozen 0.81 nbin 300 sent level 0.327 lock 0.01 period None dead 0.04 | 21.8s
ex16 tri0.3|200|2.0|0.3|mnist|51|0.25|0: c1 0.992 c10 0.958 c50 0.955 static 0.956 fac1 0.819 fac10 0.017 fac50 -0.018 frozen 0.59 nbin 300 sent level 0.463 lock 0.00 period None dead 0.03 | 39.5s
ex16 tri1.0|200|2.0|0.3|mnist|50|0.5|1: c1 1.000 c10 0.992 c50 0.986 static 0.988 fac1 0.982 fac10 0.323 fac50 -0.066 frozen 0.82 nbin 300 sent level 0.334 lock 0.01 period None dead 0.04 | 21.7s
ex16 tri1.0|200|2.0|0.3|mnist|51|0.5|1: c1 1.000 c10 0.996 c50 0.978 static 0.984 fac1 0.994 fac10 0.760 fac50 -0.311 frozen 0.84 nbin 300 sent level 0.334 lock 0.72 period None dead 0.03 | 21.8s
ex16 sign|200|2.0|0.3|mnist|53|0.5|0: c1 0.905 c10 0.162 c50 0.063 static 0.075 fac1 0.897 fac10 0.089 fac50 -0.020 frozen 0.04 nbin 300 sent level 0.001 lock 0.00 period None dead 0.04 | 10.9s
ex16 tri1.0|200|2.0|0.3|mnist|52|0.5|1: c1 1.000 c10 0.994 c50 0.991 static 0.991 fac1 0.985 fac10 0.338 fac50 -0.038 frozen 0.85 nbin 300 sent level 0.332 lock 0.15 period None dead 0.02 | 21.7s
ex16 tri1.0|200|2.0|0.3|mnist|53|0.5|1: c1 1.000 c10 0.993 c50 0.989 static 0.990 fac1 0.975 fac10 0.223 fac50 -0.092 frozen 0.83 nbin 300 sent level 0.330 lock 0.01 period None dead 0.04 | 21.6s
ex16 tri0.7|200|2.0|0.3|mnist|52|0.25|1: c1 0.999 c10 0.989 c50 0.988 static 0.989 fac1 0.947 fac10 -0.041 fac50 -0.047 frozen 0.80 nbin 300 sent level 0.386 lock 0.00 period None dead 0.02 | 41.1s
ex16 kwta4|200|2.0|0.3|mnist|50|0.5|1: c1 0.929 c10 0.349 c50 0.327 static 0.342 fac1 0.891 fac10 0.006 fac50 -0.023 frozen 0.04 nbin 300 sent level 0.115 lock 0.00 period None dead 0.04 | 21.1s
ex16 tri0.7|200|2.0|0.3|mnist|50|0.25|0: c1 1.000 c10 0.991 c50 0.989 static 0.989 fac1 0.964 fac10 0.129 fac50 -0.031 frozen 0.81 nbin 300 sent level 0.386 lock 0.00 period None dead 0.04 | 39.4s
ex16 tri0.7|200|2.0|0.3|mnist|52|0.25|0: c1 1.000 c10 0.988 c50 0.988 static 0.988 fac1 0.957 fac10 0.017 fac50 -0.025 frozen 0.78 nbin 300 sent level 0.378 lock 0.00 period None dead 0.02 | 39.6s
ex16 kwta4|200|2.0|0.3|mnist|51|0.5|1: c1 0.936 c10 0.369 c50 0.339 static 0.359 fac1 0.899 fac10 0.014 fac50 -0.031 frozen 0.04 nbin 300 sent level 0.115 lock 0.00 period None dead 0.03 | 21.1s
ex16 sign|200|2.0|0.3|mnist|52|0.5|0: c1 0.903 c10 0.117 c50 -0.022 static 0.030 fac1 0.899 fac10 0.087 fac50 -0.049 frozen 0.02 nbin 300 sent level 0.000 lock 0.00 period None dead 0.02 | 20.2s
ex16 sign|200|2.0|0.3|mnist|50|0.5|0: c1 0.900 c10 0.102 c50 0.006 static 0.041 fac1 0.897 fac10 0.063 fac50 -0.027 frozen 0.04 nbin 300 sent level 0.000 lock 0.00 period None dead 0.04 | 20.5s
ex16 sign|200|2.0|0.3|mnist|51|0.5|0: c1 0.903 c10 0.124 c50 -0.004 static 0.035 fac1 0.900 fac10 0.089 fac50 -0.040 frozen 0.03 nbin 300 sent level 0.000 lock 0.00 period None dead 0.03 | 20.3s
ex16 kwta4|200|2.0|0.3|mnist|53|0.5|1: c1 0.939 c10 0.394 c50 0.350 static 0.375 fac1 0.902 fac10 0.024 fac50 -0.028 frozen 0.05 nbin 300 sent level 0.115 lock 0.00 period None dead 0.04 | 21.0s
ex16 step0|200|2.0|0.3|mnist|52|0.5|0: c1 0.988 c10 0.904 c50 0.904 static 0.902 fac1 0.868 fac10 0.008 fac50 -0.003 frozen 0.40 nbin 300 sent level 0.493 lock 0.00 period None dead 0.02 | 19.4s
ex16 cstep|200|2.0|0.3|mnist|51|0.5|0: c1 0.988 c10 0.906 c50 0.897 static 0.901 fac1 0.873 fac10 0.039 fac50 -0.042 frozen 0.42 nbin 300 sent level 0.502 lock 0.00 period None dead 0.03 | 18.6s
ex16 cstep|200|2.0|0.3|mnist|52|0.5|0: c1 0.988 c10 0.910 c50 0.900 static 0.904 fac1 0.866 fac10 0.044 fac50 -0.055 frozen 0.41 nbin 300 sent level 0.494 lock 0.00 period None dead 0.02 | 18.5s
ex16 wta|200|2.0|0.3|mnist|50|0.5|0: c1 0.762 c10 0.140 c50 0.128 static 0.146 fac1 0.730 fac10 -0.005 fac50 -0.020 frozen 0.04 nbin 300 sent level 0.031 lock 0.01 period None dead 0.03 | 17.1s
ex16 wta|200|2.0|0.3|mnist|51|0.5|0: c1 0.775 c10 0.163 c50 0.154 static 0.168 fac1 0.742 fac10 -0.010 fac50 -0.009 frozen 0.04 nbin 300 sent level 0.031 lock 0.00 period None dead 0.03 | 17.2s
ex16 tanh|200|2.0|0.3|mnist|52|0.5|0: c1 0.936 c10 0.134 c50 0.008 static 0.037 fac1 0.933 fac10 0.097 fac50 -0.027 frozen 0.02 nbin 300 sent level 0.000 lock 0.00 period None dead 0.02 | 11.5s
ex16 tanh|200|2.0|0.3|mnist|52|0.5|1: c1 0.989 c10 0.482 c50 0.097 static 0.127 fac1 0.984 fac10 0.388 fac50 -0.033 frozen 0.02 nbin 300 sent level 0.002 lock 0.00 period None dead 0.02 | 12.3s
ex16 wta|200|2.0|0.3|mnist|53|0.5|0: c1 0.762 c10 0.148 c50 0.144 static 0.151 fac1 0.732 fac10 -0.005 fac50 -0.007 frozen 0.04 nbin 300 sent level 0.031 lock 0.01 period None dead 0.03 | 17.0s
ex16 step0|200|2.0|0.3|mnist|50|0.5|0: c1 0.988 c10 0.912 c50 0.908 static 0.909 fac1 0.869 fac10 0.022 fac50 -0.023 frozen 0.42 nbin 300 sent level 0.510 lock 0.01 period None dead 0.03 | 30.2s
ex16 step0|200|2.0|0.3|mnist|51|0.5|0: c1 0.989 c10 0.920 c50 0.917 static 0.915 fac1 0.869 fac10 0.029 fac50 -0.013 frozen 0.45 nbin 300 sent level 0.499 lock 0.00 period None dead 0.03 | 30.5s
ex16 step0|200|2.0|0.3|mnist|53|0.5|0: c1 0.987 c10 0.909 c50 0.903 static 0.904 fac1 0.870 fac10 0.040 fac50 -0.019 frozen 0.43 nbin 300 sent level 0.495 lock 0.01 period None dead 0.03 | 30.0s
ex16 tanh|200|2.0|0.3|mnist|53|0.5|0: c1 0.939 c10 0.178 c50 0.092 static 0.087 fac1 0.932 fac10 0.093 fac50 -0.001 frozen 0.04 nbin 300 sent level 0.001 lock 0.00 period None dead 0.04 | 11.6s
ex16 tanh|200|2.0|0.3|mnist|50|0.5|1: c1 0.988 c10 0.426 c50 0.155 static 0.160 fac1 0.982 fac10 0.304 fac50 -0.012 frozen 0.04 nbin 300 sent level 0.002 lock 0.00 period None dead 0.04 | 22.2s
ex16 kwta4|200|2.0|0.3|mnist|52|0.5|1: c1 0.930 c10 0.345 c50 0.322 static 0.339 fac1 0.894 fac10 0.011 fac50 -0.018 frozen 0.03 nbin 300 sent level 0.115 lock 0.00 period None dead 0.02 | 39.8s
ex16 tanh|200|2.0|0.3|mnist|51|0.5|1: c1 0.989 c10 0.444 c50 -0.032 static 0.089 fac1 0.984 fac10 0.375 fac50 -0.118 frozen 0.03 nbin 300 sent level 0.001 lock 0.00 period None dead 0.03 | 22.4s
ex16 tanh|200|2.0|0.3|mnist|51|0.5|0: c1 0.937 c10 0.142 c50 0.000 static 0.041 fac1 0.933 fac10 0.104 fac50 -0.034 frozen 0.03 nbin 300 sent level 0.000 lock 0.00 period None dead 0.03 | 21.0s
ex16 tanh|200|2.0|0.3|mnist|50|0.5|0: c1 0.936 c10 0.144 c50 -0.010 static 0.038 fac1 0.933 fac10 0.109 fac50 -0.048 frozen 0.04 nbin 300 sent level 0.000 lock 0.00 period None dead 0.04 | 21.2s
ex16 cstep|200|2.0|0.3|mnist|50|0.5|0: c1 0.987 c10 0.907 c50 0.901 static 0.901 fac1 0.871 fac10 0.039 fac50 -0.017 frozen 0.40 nbin 300 sent level 0.500 lock 0.00 period None dead 0.04 | 35.0s
ex16 tanh|200|2.0|0.3|mnist|53|0.5|1: c1 0.990 c10 0.519 c50 0.226 static 0.240 fac1 0.983 fac10 0.348 fac50 -0.017 frozen 0.04 nbin 300 sent level 0.003 lock 0.00 period None dead 0.04 | 22.2s
ex16 cstep|200|2.0|0.3|mnist|53|0.5|0: c1 0.988 c10 0.910 c50 0.908 static 0.909 fac1 0.860 fac10 0.001 fac50 -0.025 frozen 0.43 nbin 300 sent level 0.500 lock 0.00 period None dead 0.04 | 34.1s
ex16 wta|200|2.0|0.3|mnist|52|0.5|0: c1 0.750 c10 0.117 c50 0.115 static 0.129 fac1 0.728 fac10 -0.011 fac50 -0.018 frozen 0.02 nbin 300 sent level 0.031 lock 0.00 period None dead 0.02 | 32.6s
ex16 sig4_0|200|2.0|0.3|mnist|50|0.5|1: c1 1.000 c10 1.000 c50 1.000 static 1.000 fac1 0.949 fac10 0.025 fac50 -0.007 frozen 0.96 nbin 300 sent level 0.614 lock 0.76 period None dead 0.03 | 20.5s
ex16 sig4_0|200|2.0|0.3|mnist|51|0.5|1: c1 1.000 c10 1.000 c50 1.000 static 1.000 fac1 0.975 fac10 0.070 fac50 -0.054 frozen 0.99 nbin 295 sent level 0.614 lock 0.98 period None dead 0.03 | 20.5s
ex16 sig4_0|200|2.0|0.3|mnist|52|0.5|1: c1 1.000 c10 1.000 c50 1.000 static 1.000 fac1 0.967 fac10 0.067 fac50 0.001 frozen 0.98 nbin 300 sent level 0.603 lock 0.95 period None dead 0.02 | 20.6s
ex16 sig4_0|200|2.0|0.3|mnist|50|0.5|0: c1 0.995 c10 0.927 c50 0.919 static 0.919 fac1 0.934 fac10 0.056 fac50 -0.024 frozen 0.48 nbin 300 sent level 0.527 lock 0.01 period None dead 0.03 | 19.6s
ex16 sig4_0|200|2.0|0.3|mnist|53|0.5|1: c1 1.000 c10 0.999 c50 0.999 static 1.000 fac1 0.948 fac10 -0.019 fac50 -0.056 frozen 0.93 nbin 300 sent level 0.600 lock 0.64 period None dead 0.03 | 20.4s
ex16 sig4_0|200|2.0|0.3|mnist|51|0.5|0: c1 0.996 c10 0.928 c50 0.919 static 0.923 fac1 0.938 fac10 0.053 fac50 -0.044 frozen 0.49 nbin 300 sent level 0.527 lock 0.00 period None dead 0.03 | 19.7s
ex16 sig4_0|200|2.0|0.3|mnist|52|0.5|0: c1 0.995 c10 0.928 c50 0.924 static 0.922 fac1 0.934 fac10 0.054 fac50 -0.006 frozen 0.47 nbin 300 sent level 0.512 lock 0.00 period None dead 0.02 | 19.7s
ex16 sig8_0|200|2.0|0.3|mnist|52|0.5|1: c1 1.000 c10 0.983 c50 0.974 static 0.975 fac1 0.982 fac10 0.311 fac50 -0.021 frozen 0.75 nbin 300 sent level 0.542 lock 0.01 period None dead 0.02 | 20.5s
ex16 step1|200|2.0|0.3|mnist|50|0.5|0: c1 0.982 c10 0.866 c50 0.857 static 0.860 fac1 0.872 fac10 0.039 fac50 -0.036 frozen 0.32 nbin 300 sent level 0.419 lock 0.00 period None dead 0.04 | 16.0s
ex16 step1|200|2.0|0.3|mnist|51|0.5|0: c1 0.982 c10 0.860 c50 0.850 static 0.853 fac1 0.871 fac10 0.033 fac50 -0.041 frozen 0.32 nbin 300 sent level 0.400 lock 0.00 period None dead 0.03 | 16.1s
ex16 step1|200|2.0|0.3|mnist|52|0.5|0: c1 0.980 c10 0.856 c50 0.842 static 0.845 fac1 0.868 fac10 0.035 fac50 -0.030 frozen 0.28 nbin 300 sent level 0.403 lock 0.00 period None dead 0.02 | 16.0s
ex16 step1|200|2.0|0.3|mnist|53|0.5|0: c1 0.980 c10 0.851 c50 0.838 static 0.844 fac1 0.871 fac10 0.036 fac50 -0.033 frozen 0.29 nbin 300 sent level 0.391 lock 0.00 period None dead 0.04 | 15.9s
ex16 sig4_0|200|2.0|0.3|mnist|53|0.5|0: c1 0.995 c10 0.927 c50 0.918 static 0.918 fac1 0.941 fac10 0.089 fac50 -0.033 frozen 0.49 nbin 300 sent level 0.511 lock 0.01 period None dead 0.03 | 35.3s
ex16 sig8_0|200|2.0|0.3|mnist|50|0.5|1: c1 0.999 c10 0.982 c50 0.976 static 0.978 fac1 0.973 fac10 0.157 fac50 -0.100 frozen 0.76 nbin 300 sent level 0.553 lock 0.01 period None dead 0.03 | 36.9s
ex16 sig8_0|200|2.0|0.3|mnist|51|0.5|1: c1 1.000 c10 0.988 c50 0.982 static 0.983 fac1 0.983 fac10 0.302 fac50 -0.010 frozen 0.79 nbin 300 sent level 0.557 lock 0.01 period None dead 0.03 | 36.8s
ex16 tri0.3|200|2.0|0.3|mnist|50|0.5|1: c1 0.998 c10 0.966 c50 0.957 static 0.961 fac1 0.953 fac10 0.132 fac50 -0.050 frozen 0.67 nbin 300 sent level 0.468 lock 0.00 period None dead 0.04 | 21.4s
ex16 tri0.3|200|2.0|0.3|mnist|51|0.5|1: c1 0.998 c10 0.966 c50 0.953 static 0.956 fac1 0.956 fac10 0.208 fac50 -0.069 frozen 0.67 nbin 300 sent level 0.465 lock 0.00 period None dead 0.03 | 21.5s
ex16 step1|200|2.0|0.3|mnist|50|0.5|1: c1 0.926 c10 0.494 c50 0.480 static 0.484 fac1 0.856 fac10 0.006 fac50 -0.019 frozen 0.07 nbin 300 sent level 0.162 lock 0.00 period None dead 0.04 | 31.5s
ex16 tri0.3|200|2.0|0.3|mnist|52|0.5|1: c1 0.998 c10 0.965 c50 0.958 static 0.960 fac1 0.950 fac10 0.081 fac50 -0.050 frozen 0.66 nbin 300 sent level 0.466 lock 0.00 period None dead 0.02 | 21.5s
ex16 sig8_0|200|2.0|0.3|mnist|50|0.5|0: c1 0.992 c10 0.915 c50 0.909 static 0.908 fac1 0.908 fac10 0.045 fac50 -0.008 frozen 0.44 nbin 300 sent level 0.514 lock 0.01 period None dead 0.03 | 35.0s
ex16 step1|200|2.0|0.3|mnist|51|0.5|1: c1 0.928 c10 0.508 c50 0.467 static 0.493 fac1 0.858 fac10 0.026 fac50 -0.034 frozen 0.06 nbin 300 sent level 0.159 lock 0.00 period None dead 0.03 | 31.6s
ex16 sig8_0|200|2.0|0.3|mnist|53|0.5|1: c1 1.000 c10 0.983 c50 0.978 static 0.977 fac1 0.977 fac10 0.269 fac50 0.019 frozen 0.76 nbin 300 sent level 0.548 lock 0.01 period None dead 0.03 | 36.6s
ex16 sig8_0|200|2.0|0.3|mnist|51|0.5|0: c1 0.992 c10 0.912 c50 0.906 static 0.905 fac1 0.912 fac10 0.042 fac50 -0.025 frozen 0.44 nbin 300 sent level 0.515 lock 0.00 period None dead 0.03 | 35.6s
ex16 sig8_0|200|2.0|0.3|mnist|52|0.5|0: c1 0.992 c10 0.913 c50 0.905 static 0.906 fac1 0.909 fac10 0.054 fac50 -0.024 frozen 0.42 nbin 300 sent level 0.502 lock 0.00 period None dead 0.02 | 35.3s
ex16 sig8_0|200|2.0|0.3|mnist|53|0.5|0: c1 0.992 c10 0.913 c50 0.908 static 0.907 fac1 0.909 fac10 0.037 fac50 -0.035 frozen 0.44 nbin 300 sent level 0.502 lock 0.01 period None dead 0.03 | 35.5s
ex16 step1|200|2.0|0.3|mnist|52|0.5|1: c1 0.924 c10 0.470 c50 0.446 static 0.457 fac1 0.858 fac10 0.015 fac50 -0.028 frozen 0.04 nbin 300 sent level 0.154 lock 0.00 period None dead 0.02 | 31.3s
ex16 tri0.3|200|2.0|0.3|mnist|53|0.5|1: c1 0.998 c10 0.969 c50 0.962 static 0.964 fac1 0.949 fac10 0.114 fac50 -0.034 frozen 0.68 nbin 300 sent level 0.460 lock 0.00 period None dead 0.04 | 21.5s
ex16 step1|200|2.0|0.3|mnist|53|0.5|1: c1 0.932 c10 0.522 c50 0.507 static 0.519 fac1 0.856 fac10 0.006 fac50 -0.020 frozen 0.08 nbin 300 sent level 0.158 lock 0.00 period None dead 0.04 | 31.7s
ex16 tri0.3|200|2.0|0.3|mnist|50|0.5|0: c1 0.998 c10 0.968 c50 0.963 static 0.963 fac1 0.954 fac10 0.104 fac50 -0.040 frozen 0.64 nbin 300 sent level 0.469 lock 0.00 period None dead 0.04 | 20.8s
ex16 tri0.3|200|2.0|0.3|mnist|51|0.5|0: c1 0.998 c10 0.965 c50 0.952 static 0.953 fac1 0.961 fac10 0.227 fac50 -0.033 frozen 0.62 nbin 300 sent level 0.465 lock 0.00 period None dead 0.03 | 20.8s
ex16 tri0.3|200|2.0|0.3|mnist|52|0.5|0: c1 0.998 c10 0.959 c50 0.952 static 0.953 fac1 0.956 fac10 0.142 fac50 -0.050 frozen 0.59 nbin 300 sent level 0.465 lock 0.00 period None dead 0.02 | 20.7s
ex16 tri0.3|200|2.0|0.3|mnist|53|0.5|0: c1 0.998 c10 0.965 c50 0.964 static 0.962 fac1 0.950 fac10 0.048 fac50 -0.002 frozen 0.63 nbin 300 sent level 0.461 lock 0.00 period None dead 0.04 | 20.6s
ex16 relu|200|2.0|0.3|mnist|52|0.75|1: c1 1.000 c10 0.995 c50 0.958 static 0.953 fac1 0.996 fac10 0.871 fac50 0.116 frozen 0.73 nbin 300 sent level 0.320 lock 0.50 period None dead 0.02 | 11.9s
ex16 raw|200|2.0|0.3|mnist|50|0.75|1: c1 0.999 c10 0.921 c50 0.148 static 0.299 fac1 0.995 fac10 0.857 fac50 -0.177 frozen 0.12 nbin 300 sent level 0.005 lock 0.00 period None dead 0.04 | 18.5s
ex16 raw|200|2.0|0.3|mnist|51|0.75|1: c1 1.000 c10 0.989 c50 0.853 static 0.840 fac1 0.994 fac10 0.887 fac50 0.018 frozen 0.52 nbin 300 sent level 0.014 lock 0.01 period None dead 0.03 | 18.6s
ex16 tri0.7|200|2.0|0.3|mnist|50|0.5|0: c1 1.000 c10 0.997 c50 0.989 static 0.988 fac1 0.993 fac10 0.696 fac50 0.084 frozen 0.83 nbin 300 sent level 0.388 lock 0.46 period None dead 0.04 | 21.2s
ex16 raw|200|2.0|0.3|mnist|52|0.75|1: c1 1.000 c10 0.972 c50 0.559 static 0.351 fac1 0.996 fac10 0.926 fac50 0.266 frozen 0.19 nbin 300 sent level 0.005 lock 0.00 period None dead 0.02 | 18.8s
ex16 raw|200|2.0|0.3|mnist|53|0.75|1: c1 1.000 c10 0.991 c50 0.880 static 0.757 fac1 0.991 fac10 0.887 fac50 0.308 frozen 0.45 nbin 300 sent level 0.011 lock 0.05 period None dead 0.04 | 18.4s
ex16 tri0.7|200|2.0|0.3|mnist|52|0.5|0: c1 1.000 c10 0.994 c50 0.987 static 0.988 fac1 0.987 fac10 0.436 fac50 -0.159 frozen 0.81 nbin 300 sent level 0.380 lock 0.03 period None dead 0.02 | 21.3s
ex16 tri0.7|200|2.0|0.3|mnist|53|0.5|1: c1 1.000 c10 0.994 c50 0.993 static 0.993 fac1 0.965 fac10 0.083 fac50 -0.033 frozen 0.85 nbin 300 sent level 0.383 lock 0.03 period None dead 0.04 | 22.2s
ex16 relu|200|2.0|0.3|mnist|50|0.75|1: c1 1.000 c10 0.999 c50 0.996 static 0.995 fac1 0.992 fac10 0.804 fac50 0.057 frozen 0.90 nbin 300 sent level 0.340 lock 0.90 period None dead 0.04 | 22.1s
ex16 relu|200|2.0|0.3|mnist|51|0.75|1: c1 1.000 c10 0.999 c50 0.987 static 0.982 fac1 0.994 fac10 0.897 fac50 0.186 frozen 0.84 nbin 300 sent level 0.327 lock 0.99 period None dead 0.03 | 21.9s
ex16 relu|200|2.0|0.3|mnist|53|0.75|1: c1 1.000 c10 0.999 c50 0.992 static 0.994 fac1 0.991 fac10 0.730 fac50 -0.254 frozen 0.89 nbin 300 sent level 0.325 lock 0.82 period None dead 0.04 | 22.1s
ex16 sign|200|2.0|0.3|mnist|52|0.75|0: c1 0.985 c10 0.539 c50 0.054 static 0.144 fac1 0.979 fac10 0.455 fac50 -0.087 frozen 0.02 nbin 300 sent level 0.002 lock 0.00 period None dead 0.02 | 10.9s
ex16 sign|200|2.0|0.3|mnist|53|0.75|0: c1 0.985 c10 0.558 c50 0.210 static 0.254 fac1 0.977 fac10 0.397 fac50 -0.057 frozen 0.04 nbin 300 sent level 0.003 lock 0.01 period None dead 0.03 | 10.9s
ex16 tri1.0|200|2.0|0.3|mnist|50|0.75|1: c1 1.000 c10 0.999 c50 0.994 static 0.995 fac1 0.993 fac10 0.786 fac50 -0.140 frozen 0.90 nbin 300 sent level 0.331 lock 0.89 period None dead 0.04 | 21.9s
ex16 tri1.0|200|2.0|0.3|mnist|51|0.75|1: c1 1.000 c10 1.000 c50 0.993 static 0.991 fac1 0.997 fac10 0.918 fac50 0.154 frozen 0.90 nbin 300 sent level 0.334 lock 0.99 period None dead 0.03 | 21.9s
ex16 tri1.0|200|2.0|0.3|mnist|52|0.75|1: c1 1.000 c10 0.999 c50 0.992 static 0.992 fac1 0.995 fac10 0.864 fac50 -0.081 frozen 0.89 nbin 300 sent level 0.332 lock 0.97 period None dead 0.02 | 21.7s
ex16 tri0.7|200|2.0|0.3|mnist|50|0.5|1: c1 1.000 c10 0.990 c50 0.979 static 0.982 fac1 0.982 fac10 0.416 fac50 -0.109 frozen 0.79 nbin 300 sent level 0.385 lock 0.00 period None dead 0.04 | 40.5s
ex16 tri1.0|200|2.0|0.3|mnist|53|0.75|1: c1 1.000 c10 0.999 c50 0.993 static 0.994 fac1 0.993 fac10 0.761 fac50 -0.123 frozen 0.88 nbin 300 sent level 0.333 lock 0.81 period None dead 0.04 | 21.7s
ex16 kwta4|200|2.0|0.3|mnist|50|0.75|1: c1 0.988 c10 0.600 c50 0.331 static 0.373 fac1 0.978 fac10 0.345 fac50 -0.053 frozen 0.06 nbin 300 sent level 0.116 lock 0.00 period None dead 0.04 | 21.2s
ex16 tri0.7|200|2.0|0.3|mnist|51|0.5|1: c1 1.000 c10 0.997 c50 0.992 static 0.994 fac1 0.989 fac10 0.451 fac50 -0.191 frozen 0.87 nbin 300 sent level 0.384 lock 0.44 period None dead 0.03 | 41.1s
ex16 tri0.7|200|2.0|0.3|mnist|51|0.5|0: c1 1.000 c10 0.996 c50 0.991 static 0.990 fac1 0.992 fac10 0.599 fac50 0.055 frozen 0.85 nbin 300 sent level 0.389 lock 0.48 period None dead 0.03 | 39.1s
ex16 tri0.7|200|2.0|0.3|mnist|53|0.5|0: c1 1.000 c10 0.998 c50 0.998 static 0.997 fac1 0.989 fac10 0.452 fac50 0.131 frozen 0.91 nbin 300 sent level 0.391 lock 0.98 period None dead 0.04 | 39.1s
ex16 tri0.7|200|2.0|0.3|mnist|52|0.5|1: c1 1.000 c10 0.996 c50 0.992 static 0.993 fac1 0.985 fac10 0.404 fac50 -0.122 frozen 0.86 nbin 300 sent level 0.386 lock 0.18 period None dead 0.02 | 40.7s
ex16 sign|200|2.0|0.3|mnist|50|0.75|0: c1 0.985 c10 0.552 c50 0.146 static 0.202 fac1 0.978 fac10 0.421 fac50 -0.065 frozen 0.04 nbin 300 sent level 0.002 lock 0.01 period None dead 0.03 | 20.5s
ex16 sign|200|2.0|0.3|mnist|51|0.75|0: c1 0.985 c10 0.571 c50 0.178 static 0.229 fac1 0.978 fac10 0.430 fac50 -0.063 frozen 0.04 nbin 300 sent level 0.002 lock 0.00 period None dead 0.03 | 20.3s
ex16 kwta4|200|2.0|0.3|mnist|53|0.75|1: c1 0.990 c10 0.644 c50 0.365 static 0.405 fac1 0.979 fac10 0.382 fac50 -0.058 frozen 0.08 nbin 300 sent level 0.116 lock 0.00 period None dead 0.04 | 20.9s
ex16 step0|200|2.0|0.3|mnist|53|0.75|0: c1 0.998 c10 0.945 c50 0.909 static 0.912 fac1 0.973 fac10 0.337 fac50 -0.051 frozen 0.50 nbin 300 sent level 0.496 lock 0.01 period None dead 0.03 | 16.1s
ex16 cstep|200|2.0|0.3|mnist|50|0.75|0: c1 0.998 c10 0.947 c50 0.913 static 0.914 fac1 0.974 fac10 0.352 fac50 -0.029 frozen 0.50 nbin 300 sent level 0.500 lock 0.01 period None dead 0.03 | 18.3s
ex16 wta|200|2.0|0.3|mnist|51|0.75|0: c1 0.962 c10 0.362 c50 0.160 static 0.195 fac1 0.952 fac10 0.203 fac50 -0.042 frozen 0.04 nbin 300 sent level 0.031 lock 0.00 period None dead 0.03 | 17.3s
ex16 tanh|200|2.0|0.3|mnist|51|0.75|0: c1 0.987 c10 0.531 c50 0.040 static 0.096 fac1 0.983 fac10 0.467 fac50 -0.055 frozen 0.03 nbin 300 sent level 0.001 lock 0.00 period None dead 0.03 | 11.7s
ex16 cstep|200|2.0|0.3|mnist|51|0.75|0: c1 0.998 c10 0.944 c50 0.903 static 0.908 fac1 0.975 fac10 0.369 fac50 -0.052 frozen 0.50 nbin 300 sent level 0.500 lock 0.00 period None dead 0.03 | 18.7s
ex16 cstep|200|2.0|0.3|mnist|52|0.75|0: c1 0.998 c10 0.944 c50 0.901 static 0.908 fac1 0.975 fac10 0.369 fac50 -0.070 frozen 0.47 nbin 300 sent level 0.496 lock 0.00 period None dead 0.02 | 18.6s
ex16 cstep|200|2.0|0.3|mnist|53|0.75|0: c1 0.998 c10 0.948 c50 0.911 static 0.917 fac1 0.974 fac10 0.350 fac50 -0.075 frozen 0.51 nbin 300 sent level 0.503 lock 0.01 period None dead 0.03 | 18.6s
ex16 wta|200|2.0|0.3|mnist|52|0.75|0: c1 0.956 c10 0.305 c50 0.129 static 0.156 fac1 0.948 fac10 0.170 fac50 -0.040 frozen 0.02 nbin 300 sent level 0.031 lock 0.00 period None dead 0.02 | 17.1s
ex16 step0|200|2.0|0.3|mnist|50|0.75|0: c1 0.998 c10 0.945 c50 0.908 static 0.912 fac1 0.974 fac10 0.341 fac50 -0.065 frozen 0.49 nbin 300 sent level 0.502 lock 0.01 period None dead 0.03 | 30.4s
ex16 step0|200|2.0|0.3|mnist|51|0.75|0: c1 0.998 c10 0.944 c50 0.904 static 0.909 fac1 0.975 fac10 0.373 fac50 -0.070 frozen 0.49 nbin 300 sent level 0.499 lock 0.00 period None dead 0.03 | 30.2s
ex16 step0|200|2.0|0.3|mnist|52|0.75|0: c1 0.998 c10 0.940 c50 0.902 static 0.904 fac1 0.974 fac10 0.346 fac50 -0.044 frozen 0.46 nbin 300 sent level 0.490 lock 0.00 period None dead 0.02 | 30.4s
ex16 kwta4|200|2.0|0.3|mnist|51|0.75|1: c1 0.989 c10 0.622 c50 0.343 static 0.379 fac1 0.980 fac10 0.378 fac50 -0.039 frozen 0.06 nbin 300 sent level 0.116 lock 0.00 period None dead 0.03 | 40.7s
ex16 tanh|200|2.0|0.3|mnist|52|0.75|0: c1 0.987 c10 0.511 c50 0.000 static 0.080 fac1 0.983 fac10 0.457 fac50 -0.073 frozen 0.02 nbin 300 sent level 0.001 lock 0.00 period None dead 0.02 | 11.7s
ex16 kwta4|200|2.0|0.3|mnist|52|0.75|1: c1 0.988 c10 0.601 c50 0.326 static 0.365 fac1 0.978 fac10 0.356 fac50 -0.054 frozen 0.05 nbin 300 sent level 0.116 lock 0.00 period None dead 0.02 | 40.5s
ex16 tanh|200|2.0|0.3|mnist|50|0.75|1: c1 0.998 c10 0.821 c50 0.029 static 0.184 fac1 0.994 fac10 0.758 fac50 -0.137 frozen 0.05 nbin 300 sent level 0.002 lock 0.00 period None dead 0.04 | 22.3s
ex16 tanh|200|2.0|0.3|mnist|51|0.75|1: c1 0.998 c10 0.847 c50 0.114 static 0.211 fac1 0.994 fac10 0.777 fac50 -0.098 frozen 0.05 nbin 300 sent level 0.002 lock 0.00 period None dead 0.03 | 22.4s
ex16 tanh|200|2.0|0.3|mnist|52|0.75|1: c1 0.998 c10 0.806 c50 0.068 static 0.151 fac1 0.993 fac10 0.742 fac50 -0.087 frozen 0.02 nbin 300 sent level 0.002 lock 0.00 period None dead 0.02 | 22.3s
ex16 tanh|200|2.0|0.3|mnist|50|0.75|0: c1 0.987 c10 0.528 c50 0.016 static 0.105 fac1 0.983 fac10 0.461 fac50 -0.090 frozen 0.04 nbin 300 sent level 0.001 lock 0.00 period None dead 0.04 | 20.9s
ex16 tanh|200|2.0|0.3|mnist|53|0.75|0: c1 0.988 c10 0.549 c50 0.084 static 0.136 fac1 0.983 fac10 0.466 fac50 -0.048 frozen 0.04 nbin 300 sent level 0.002 lock 0.00 period None dead 0.04 | 12.1s
ex16 tanh|200|2.0|0.3|mnist|53|0.75|1: c1 0.999 c10 0.891 c50 0.294 static 0.318 fac1 0.994 fac10 0.807 fac50 -0.031 frozen 0.11 nbin 300 sent level 0.005 lock 0.00 period None dead 0.04 | 22.6s
ex16 wta|200|2.0|0.3|mnist|50|0.75|0: c1 0.959 c10 0.338 c50 0.161 static 0.185 fac1 0.951 fac10 0.189 fac50 -0.034 frozen 0.04 nbin 300 sent level 0.031 lock 0.01 period None dead 0.03 | 32.3s
ex16 wta|200|2.0|0.3|mnist|53|0.75|0: c1 0.959 c10 0.338 c50 0.150 static 0.183 fac1 0.950 fac10 0.180 fac50 -0.042 frozen 0.04 nbin 300 sent level 0.031 lock 0.01 period None dead 0.03 | 32.6s
ex16 sig4_0|200|2.0|0.3|mnist|50|0.75|1: c1 1.000 c10 1.000 c50 1.000 static 1.000 fac1 0.988 fac10 0.454 fac50 -0.038 frozen 0.98 nbin 300 sent level 0.614 lock 0.94 period None dead 0.03 | 20.7s
ex16 sig4_0|200|2.0|0.3|mnist|51|0.75|1: c1 1.000 c10 1.000 c50 1.000 static 1.000 fac1 0.989 fac10 0.577 fac50 -0.005 frozen 1.00 nbin 251 sent level 0.614 lock 0.99 period None dead 0.03 | 20.7s
ex16 sig4_0|200|2.0|0.3|mnist|50|0.75|0: c1 0.999 c10 0.951 c50 0.913 static 0.916 fac1 0.981 fac10 0.387 fac50 -0.062 frozen 0.51 nbin 300 sent level 0.514 lock 0.01 period None dead 0.03 | 20.0s
ex16 sig4_0|200|2.0|0.3|mnist|51|0.75|0: c1 0.999 c10 0.952 c50 0.916 static 0.917 fac1 0.981 fac10 0.399 fac50 -0.062 frozen 0.52 nbin 300 sent level 0.515 lock 0.00 period None dead 0.03 | 20.1s
ex16 sig4_0|200|2.0|0.3|mnist|52|0.75|1: c1 1.000 c10 1.000 c50 1.000 static 1.000 fac1 0.990 fac10 0.550 fac50 -0.045 frozen 0.99 nbin 295 sent level 0.603 lock 0.98 period None dead 0.02 | 21.0s
ex16 sig4_0|200|2.0|0.3|mnist|53|0.75|1: c1 1.000 c10 1.000 c50 1.000 static 1.000 fac1 0.985 fac10 0.430 fac50 -0.080 frozen 0.96 nbin 300 sent level 0.599 lock 0.90 period None dead 0.03 | 20.8s
ex16 step1|200|2.0|0.3|mnist|50|0.75|1: c1 0.988 c10 0.691 c50 0.475 static 0.510 fac1 0.973 fac10 0.347 fac50 -0.057 frozen 0.11 nbin 300 sent level 0.161 lock 0.00 period None dead 0.04 | 16.9s
ex16 sig8_0|200|2.0|0.3|mnist|52|0.75|1: c1 1.000 c10 0.995 c50 0.979 static 0.981 fac1 0.994 fac10 0.736 fac50 -0.092 frozen 0.82 nbin 300 sent level 0.540 lock 0.49 period None dead 0.02 | 20.7s
ex16 step1|200|2.0|0.3|mnist|51|0.75|0: c1 0.997 c10 0.928 c50 0.887 static 0.890 fac1 0.974 fac10 0.336 fac50 -0.040 frozen 0.43 nbin 300 sent level 0.451 lock 0.00 period None dead 0.03 | 16.1s
ex16 step1|200|2.0|0.3|mnist|50|0.75|0: c1 0.998 c10 0.933 c50 0.883 static 0.890 fac1 0.974 fac10 0.371 fac50 -0.081 frozen 0.44 nbin 300 sent level 0.464 lock 0.00 period None dead 0.04 | 16.2s
ex16 step1|200|2.0|0.3|mnist|52|0.75|0: c1 0.997 c10 0.927 c50 0.875 static 0.883 fac1 0.974 fac10 0.352 fac50 -0.076 frozen 0.42 nbin 300 sent level 0.448 lock 0.00 period None dead 0.02 | 16.1s
ex16 step1|200|2.0|0.3|mnist|53|0.75|0: c1 0.997 c10 0.927 c50 0.864 static 0.873 fac1 0.975 fac10 0.384 fac50 -0.073 frozen 0.41 nbin 300 sent level 0.441 lock 0.00 period None dead 0.04 | 16.1s
ex16 sig4_0|200|2.0|0.3|mnist|52|0.75|0: c1 0.999 c10 0.947 c50 0.911 static 0.909 fac1 0.982 fac10 0.394 fac50 -0.017 frozen 0.48 nbin 300 sent level 0.504 lock 0.00 period None dead 0.02 | 36.0s
ex16 sig4_0|200|2.0|0.3|mnist|53|0.75|0: c1 0.999 c10 0.952 c50 0.915 static 0.913 fac1 0.981 fac10 0.404 fac50 -0.018 frozen 0.51 nbin 300 sent level 0.500 lock 0.01 period None dead 0.03 | 35.5s
ex16 sig8_0|200|2.0|0.3|mnist|50|0.75|1: c1 1.000 c10 0.994 c50 0.979 static 0.979 fac1 0.994 fac10 0.718 fac50 0.003 frozen 0.80 nbin 300 sent level 0.554 lock 0.25 period None dead 0.03 | 37.1s
ex16 step1|200|2.0|0.3|mnist|51|0.75|1: c1 0.988 c10 0.683 c50 0.481 static 0.514 fac1 0.973 fac10 0.334 fac50 -0.053 frozen 0.10 nbin 300 sent level 0.160 lock 0.00 period None dead 0.03 | 32.0s
ex16 sig8_0|200|2.0|0.3|mnist|51|0.75|1: c1 1.000 c10 0.996 c50 0.981 static 0.985 fac1 0.994 fac10 0.744 fac50 -0.133 frozen 0.83 nbin 300 sent level 0.559 lock 0.69 period None dead 0.03 | 36.8s
ex16 sig8_0|200|2.0|0.3|mnist|50|0.75|0: c1 0.998 c10 0.947 c50 0.909 static 0.910 fac1 0.978 fac10 0.371 fac50 -0.057 frozen 0.49 nbin 300 sent level 0.509 lock 0.01 period None dead 0.03 | 35.4s
ex16 tri0.3|200|2.0|0.3|mnist|50|0.75|1: c1 1.000 c10 0.988 c50 0.966 static 0.971 fac1 0.988 fac10 0.543 fac50 -0.134 frozen 0.75 nbin 300 sent level 0.468 lock 0.00 period None dead 0.04 | 21.6s
ex16 tri0.3|200|2.0|0.3|mnist|51|0.75|1: c1 1.000 c10 0.983 c50 0.955 static 0.958 fac1 0.989 fac10 0.581 fac50 -0.055 frozen 0.71 nbin 300 sent level 0.465 lock 0.00 period None dead 0.03 | 21.7s
ex16 sig8_0|200|2.0|0.3|mnist|51|0.75|0: c1 0.998 c10 0.944 c50 0.908 static 0.910 fac1 0.978 fac10 0.356 fac50 -0.027 frozen 0.49 nbin 300 sent level 0.508 lock 0.00 period None dead 0.03 | 35.7s
ex16 sig8_0|200|2.0|0.3|mnist|53|0.75|1: c1 1.000 c10 0.997 c50 0.986 static 0.987 fac1 0.991 fac10 0.710 fac50 -0.088 frozen 0.84 nbin 300 sent level 0.549 lock 0.61 period None dead 0.03 | 36.7s
ex16 sig8_0|200|2.0|0.3|mnist|52|0.75|0: c1 0.998 c10 0.943 c50 0.896 static 0.903 fac1 0.978 fac10 0.383 fac50 -0.069 frozen 0.46 nbin 300 sent level 0.496 lock 0.00 period None dead 0.02 | 35.4s
ex16 sig8_0|200|2.0|0.3|mnist|53|0.75|0: c1 0.998 c10 0.947 c50 0.902 static 0.909 fac1 0.978 fac10 0.384 fac50 -0.080 frozen 0.50 nbin 300 sent level 0.495 lock 0.01 period None dead 0.03 | 35.6s
ex16 step1|200|2.0|0.3|mnist|52|0.75|1: c1 0.988 c10 0.661 c50 0.452 static 0.481 fac1 0.972 fac10 0.331 fac50 -0.043 frozen 0.08 nbin 300 sent level 0.157 lock 0.00 period None dead 0.02 | 31.5s
ex16 tri0.3|200|2.0|0.3|mnist|52|0.75|1: c1 1.000 c10 0.982 c50 0.958 static 0.960 fac1 0.989 fac10 0.542 fac50 -0.066 frozen 0.71 nbin 300 sent level 0.468 lock 0.01 period None dead 0.02 | 21.6s
ex16 tri0.3|200|2.0|0.3|mnist|53|0.75|1: c1 1.000 c10 0.987 c50 0.970 static 0.972 fac1 0.987 fac10 0.486 fac50 -0.080 frozen 0.75 nbin 300 sent level 0.462 lock 0.02 period None dead 0.04 | 21.6s
ex16 step1|200|2.0|0.3|mnist|53|0.75|1: c1 0.989 c10 0.705 c50 0.500 static 0.544 fac1 0.972 fac10 0.346 fac50 -0.066 frozen 0.12 nbin 300 sent level 0.158 lock 0.00 period None dead 0.04 | 31.8s
ex16 tri0.3|200|2.0|0.3|mnist|50|0.75|0: c1 1.000 c10 0.987 c50 0.965 static 0.966 fac1 0.989 fac10 0.578 fac50 -0.040 frozen 0.70 nbin 300 sent level 0.467 lock 0.00 period None dead 0.04 | 20.8s
ex16 tri0.3|200|2.0|0.3|mnist|51|0.75|0: c1 1.000 c10 0.985 c50 0.952 static 0.961 fac1 0.990 fac10 0.592 fac50 -0.166 frozen 0.68 nbin 300 sent level 0.465 lock 0.00 period None dead 0.03 | 20.8s
ex16 tri0.3|200|2.0|0.3|mnist|52|0.75|0: c1 1.000 c10 0.983 c50 0.953 static 0.957 fac1 0.989 fac10 0.567 fac50 -0.114 frozen 0.66 nbin 300 sent level 0.463 lock 0.01 period None dead 0.02 | 20.7s
ex16 tri0.3|200|2.0|0.3|mnist|53|0.75|0: c1 1.000 c10 0.986 c50 0.960 static 0.967 fac1 0.989 fac10 0.556 fac50 -0.167 frozen 0.70 nbin 300 sent level 0.465 lock 0.01 period None dead 0.04 | 20.7s
ex16 relu|200|2.0|0.3|mnist|51|0.9|1: c1 1.000 c10 1.000 c50 0.998 static 0.993 fac1 0.993 fac10 0.922 fac50 0.484 frozen 0.92 nbin 296 sent level 0.329 lock 0.99 period None dead 0.03 | 12.2s
ex16 relu|200|2.0|0.3|mnist|52|0.9|1: c1 1.000 c10 1.000 c50 0.994 static 0.988 fac1 0.994 fac10 0.921 fac50 0.345 frozen 0.88 nbin 297 sent level 0.321 lock 0.99 period None dead 0.02 | 12.1s
ex16 raw|200|2.0|0.3|mnist|50|0.9|1: c1 1.000 c10 0.985 c50 0.681 static 0.360 fac1 0.995 fac10 0.934 fac50 0.388 frozen 0.23 nbin 300 sent level 0.006 lock 0.00 period None dead 0.04 | 18.7s
ex16 raw|200|2.0|0.3|mnist|51|0.9|1: c1 1.000 c10 0.994 c50 0.863 static 0.607 fac1 0.993 fac10 0.922 fac50 0.451 frozen 0.39 nbin 300 sent level 0.009 lock 0.26 period None dead 0.03 | 18.7s
ex16 raw|200|2.0|0.3|mnist|52|0.9|1: c1 1.000 c10 0.993 c50 0.853 static 0.555 fac1 0.994 fac10 0.927 fac50 0.467 frozen 0.35 nbin 300 sent level 0.007 lock 0.19 period None dead 0.02 | 18.7s
ex16 raw|200|2.0|0.3|mnist|53|0.9|1: c1 1.000 c10 0.998 c50 0.967 static 0.901 fac1 0.992 fac10 0.909 fac50 0.424 frozen 0.68 nbin 300 sent level 0.013 lock 0.94 period None dead 0.04 | 18.7s
ex16 tri0.7|200|2.0|0.3|mnist|53|0.75|0: c1 1.000 c10 1.000 c50 0.998 static 0.998 fac1 0.992 fac10 0.808 fac50 -0.185 frozen 0.94 nbin 300 sent level 0.392 lock 0.99 period None dead 0.04 | 21.3s
ex16 tri0.7|200|2.0|0.3|mnist|52|0.75|0: c1 1.000 c10 0.999 c50 0.990 static 0.989 fac1 0.995 fac10 0.838 fac50 0.000 frozen 0.84 nbin 300 sent level 0.378 lock 0.99 period None dead 0.02 | 21.5s
ex16 relu|200|2.0|0.3|mnist|50|0.9|1: c1 1.000 c10 1.000 c50 0.999 static 0.997 fac1 0.993 fac10 0.909 fac50 0.401 frozen 0.94 nbin 294 sent level 0.341 lock 0.96 period None dead 0.04 | 22.2s
ex16 tri0.7|200|2.0|0.3|mnist|50|0.75|1: c1 1.000 c10 0.998 c50 0.986 static 0.990 fac1 0.993 fac10 0.746 fac50 -0.279 frozen 0.86 nbin 300 sent level 0.384 lock 0.80 period None dead 0.04 | 33.2s
ex16 relu|200|2.0|0.3|mnist|53|0.9|1: c1 1.000 c10 1.000 c50 0.996 static 0.992 fac1 0.995 fac10 0.927 fac50 0.384 frozen 0.90 nbin 299 sent level 0.322 lock 0.94 period None dead 0.04 | 22.1s
ex16 sign|200|2.0|0.3|mnist|52|0.9|0: c1 0.998 c10 0.874 c50 0.304 static 0.262 fac1 0.993 fac10 0.797 fac50 0.026 frozen 0.03 nbin 300 sent level 0.003 lock 0.00 period None dead 0.02 | 11.0s
ex16 sign|200|2.0|0.3|mnist|53|0.9|0: c1 0.998 c10 0.880 c50 0.295 static 0.311 fac1 0.993 fac10 0.789 fac50 -0.037 frozen 0.06 nbin 300 sent level 0.003 lock 0.01 period None dead 0.03 | 11.0s
ex16 tri1.0|200|2.0|0.3|mnist|50|0.9|1: c1 1.000 c10 1.000 c50 0.998 static 0.995 fac1 0.994 fac10 0.921 fac50 0.342 frozen 0.92 nbin 300 sent level 0.332 lock 0.96 period None dead 0.04 | 21.7s
ex16 tri0.7|200|2.0|0.3|mnist|51|0.75|1: c1 1.000 c10 0.999 c50 0.995 static 0.995 fac1 0.995 fac10 0.821 fac50 -0.120 frozen 0.91 nbin 300 sent level 0.384 lock 0.98 period None dead 0.03 | 41.1s
ex16 tri1.0|200|2.0|0.3|mnist|51|0.9|1: c1 1.000 c10 1.000 c50 0.997 static 0.991 fac1 0.993 fac10 0.919 fac50 0.440 frozen 0.90 nbin 285 sent level 0.331 lock 0.99 period None dead 0.03 | 21.8s
ex16 tri1.0|200|2.0|0.3|mnist|52|0.9|1: c1 1.000 c10 1.000 c50 0.998 static 0.996 fac1 0.994 fac10 0.924 fac50 0.350 frozen 0.93 nbin 294 sent level 0.333 lock 0.99 period None dead 0.02 | 21.8s
ex16 tri1.0|200|2.0|0.3|mnist|53|0.9|1: c1 1.000 c10 1.000 c50 0.999 static 0.998 fac1 0.994 fac10 0.894 fac50 0.208 frozen 0.95 nbin 296 sent level 0.333 lock 0.95 period None dead 0.04 | 21.8s
ex16 tri0.7|200|2.0|0.3|mnist|50|0.75|0: c1 1.000 c10 0.999 c50 0.994 static 0.994 fac1 0.993 fac10 0.814 fac50 -0.083 frozen 0.88 nbin 300 sent level 0.387 lock 1.00 period None dead 0.04 | 39.4s
ex16 kwta4|200|2.0|0.3|mnist|51|0.9|1: c1 0.999 c10 0.907 c50 0.462 static 0.483 fac1 0.993 fac10 0.783 fac50 -0.059 frozen 0.17 nbin 300 sent level 0.116 lock 0.00 period None dead 0.03 | 21.2s
ex16 tri0.7|200|2.0|0.3|mnist|51|0.75|0: c1 1.000 c10 0.999 c50 0.992 static 0.993 fac1 0.994 fac10 0.834 fac50 -0.225 frozen 0.89 nbin 300 sent level 0.387 lock 1.00 period None dead 0.03 | 39.6s
ex16 tri0.7|200|2.0|0.3|mnist|52|0.75|1: c1 1.000 c10 0.999 c50 0.992 static 0.990 fac1 0.995 fac10 0.864 fac50 0.123 frozen 0.87 nbin 300 sent level 0.388 lock 0.98 period None dead 0.02 | 41.1s
ex16 sign|200|2.0|0.3|mnist|50|0.9|0: c1 0.998 c10 0.878 c50 0.295 static 0.307 fac1 0.993 fac10 0.798 fac50 -0.012 frozen 0.06 nbin 300 sent level 0.004 lock 0.01 period None dead 0.03 | 20.3s
ex16 tri0.7|200|2.0|0.3|mnist|53|0.75|1: c1 1.000 c10 0.999 c50 0.997 static 0.997 fac1 0.990 fac10 0.616 fac50 -0.075 frozen 0.91 nbin 300 sent level 0.387 lock 0.81 period None dead 0.04 | 41.0s
ex16 sign|200|2.0|0.3|mnist|51|0.9|0: c1 0.998 c10 0.883 c50 0.361 static 0.338 fac1 0.993 fac10 0.795 fac50 0.021 frozen 0.06 nbin 300 sent level 0.002 lock 0.00 period None dead 0.03 | 20.8s
ex16 step0|200|2.0|0.3|mnist|51|0.9|0: c1 1.000 c10 0.984 c50 0.922 static 0.928 fac1 0.992 fac10 0.749 fac50 -0.081 frozen 0.60 nbin 300 sent level 0.501 lock 0.00 period None dead 0.03 | 16.1s
ex16 kwta4|200|2.0|0.3|mnist|53|0.9|1: c1 0.999 c10 0.912 c50 0.460 static 0.460 fac1 0.994 fac10 0.798 fac50 -0.015 frozen 0.17 nbin 300 sent level 0.117 lock 0.00 period None dead 0.04 | 27.3s
ex16 cstep|200|2.0|0.3|mnist|50|0.9|0: c1 1.000 c10 0.985 c50 0.920 static 0.920 fac1 0.993 fac10 0.774 fac50 -0.040 frozen 0.58 nbin 300 sent level 0.499 lock 0.01 period None dead 0.03 | 18.3s
ex16 wta|200|2.0|0.3|mnist|50|0.9|0: c1 0.995 c10 0.756 c50 0.218 static 0.273 fac1 0.989 fac10 0.640 fac50 -0.065 frozen 0.05 nbin 300 sent level 0.031 lock 0.00 period None dead 0.03 | 17.2s
ex16 wta|200|2.0|0.3|mnist|51|0.9|0: c1 0.995 c10 0.775 c50 0.226 static 0.283 fac1 0.990 fac10 0.665 fac50 -0.068 frozen 0.05 nbin 300 sent level 0.031 lock 0.00 period None dead 0.03 | 17.2s
ex16 cstep|200|2.0|0.3|mnist|51|0.9|0: c1 1.000 c10 0.985 c50 0.918 static 0.920 fac1 0.993 fac10 0.772 fac50 -0.040 frozen 0.59 nbin 300 sent level 0.503 lock 0.00 period None dead 0.03 | 18.6s
ex16 cstep|200|2.0|0.3|mnist|53|0.9|0: c1 1.000 c10 0.984 c50 0.920 static 0.923 fac1 0.993 fac10 0.761 fac50 -0.060 frozen 0.60 nbin 300 sent level 0.501 lock 0.01 period None dead 0.03 | 18.6s
ex16 step0|200|2.0|0.3|mnist|50|0.9|0: c1 1.000 c10 0.984 c50 0.918 static 0.917 fac1 0.992 fac10 0.765 fac50 -0.031 frozen 0.57 nbin 300 sent level 0.506 lock 0.01 period None dead 0.03 | 30.4s
ex16 tanh|200|2.0|0.3|mnist|51|0.9|0: c1 0.998 c10 0.870 c50 0.214 static 0.215 fac1 0.993 fac10 0.802 fac50 -0.022 frozen 0.03 nbin 300 sent level 0.002 lock 0.00 period None dead 0.03 | 11.8s
ex16 wta|200|2.0|0.3|mnist|53|0.9|0: c1 0.995 c10 0.753 c50 0.213 static 0.266 fac1 0.989 fac10 0.648 fac50 -0.074 frozen 0.05 nbin 300 sent level 0.031 lock 0.01 period None dead 0.03 | 17.1s
ex16 kwta4|200|2.0|0.3|mnist|50|0.9|1: c1 0.998 c10 0.891 c50 0.399 static 0.457 fac1 0.993 fac10 0.771 fac50 -0.100 frozen 0.14 nbin 300 sent level 0.117 lock 0.00 period None dead 0.04 | 39.5s
ex16 tanh|200|2.0|0.3|mnist|52|0.9|0: c1 0.998 c10 0.866 c50 0.251 static 0.276 fac1 0.993 fac10 0.791 fac50 -0.031 frozen 0.03 nbin 300 sent level 0.003 lock 0.00 period None dead 0.02 | 11.6s
ex16 step0|200|2.0|0.3|mnist|52|0.9|0: c1 1.000 c10 0.983 c50 0.914 static 0.917 fac1 0.993 fac10 0.757 fac50 -0.067 frozen 0.56 nbin 300 sent level 0.486 lock 0.00 period None dead 0.02 | 30.4s
ex16 kwta4|200|2.0|0.3|mnist|52|0.9|1: c1 0.998 c10 0.898 c50 0.433 static 0.467 fac1 0.993 fac10 0.774 fac50 -0.066 frozen 0.15 nbin 300 sent level 0.116 lock 0.00 period None dead 0.02 | 40.3s
ex16 tanh|200|2.0|0.3|mnist|50|0.9|1: c1 1.000 c10 0.977 c50 0.638 static 0.493 fac1 0.995 fac10 0.909 fac50 0.214 frozen 0.25 nbin 300 sent level 0.008 lock 0.00 period None dead 0.04 | 22.2s
ex16 tanh|200|2.0|0.3|mnist|51|0.9|1: c1 1.000 c10 0.978 c50 0.651 static 0.442 fac1 0.994 fac10 0.909 fac50 0.246 frozen 0.22 nbin 300 sent level 0.005 lock 0.00 period None dead 0.03 | 22.6s
ex16 tanh|200|2.0|0.3|mnist|50|0.9|0: c1 0.998 c10 0.864 c50 0.216 static 0.215 fac1 0.993 fac10 0.801 fac50 -0.000 frozen 0.04 nbin 300 sent level 0.002 lock 0.00 period None dead 0.04 | 21.2s
ex16 tanh|200|2.0|0.3|mnist|52|0.9|1: c1 1.000 c10 0.984 c50 0.749 static 0.594 fac1 0.994 fac10 0.907 fac50 0.256 frozen 0.30 nbin 300 sent level 0.012 lock 0.00 period None dead 0.02 | 22.3s
ex16 tanh|200|2.0|0.3|mnist|53|0.9|0: c1 0.998 c10 0.875 c50 0.263 static 0.232 fac1 0.994 fac10 0.803 fac50 0.018 frozen 0.05 nbin 300 sent level 0.002 lock 0.00 period None dead 0.04 | 11.9s
ex16 step0|200|2.0|0.3|mnist|53|0.9|0: c1 1.000 c10 0.984 c50 0.917 static 0.919 fac1 0.992 fac10 0.773 fac50 -0.028 frozen 0.59 nbin 300 sent level 0.493 lock 0.01 period None dead 0.03 | 30.4s
ex16 tanh|200|2.0|0.3|mnist|53|0.9|1: c1 1.000 c10 0.988 c50 0.810 static 0.715 fac1 0.993 fac10 0.903 fac50 0.219 frozen 0.42 nbin 300 sent level 0.012 lock 0.00 period None dead 0.04 | 22.6s
ex16 cstep|200|2.0|0.3|mnist|52|0.9|0: c1 1.000 c10 0.984 c50 0.915 static 0.919 fac1 0.993 fac10 0.769 fac50 -0.059 frozen 0.57 nbin 300 sent level 0.494 lock 0.00 period None dead 0.02 | 34.6s
ex16 wta|200|2.0|0.3|mnist|52|0.9|0: c1 0.994 c10 0.736 c50 0.155 static 0.220 fac1 0.990 fac10 0.647 fac50 -0.093 frozen 0.02 nbin 300 sent level 0.031 lock 0.00 period None dead 0.02 | 32.3s
ex16 sig4_0|200|2.0|0.3|mnist|50|0.9|1: c1 1.000 c10 1.000 c50 1.000 static 1.000 fac1 0.994 fac10 0.834 fac50 -0.021 frozen 0.99 nbin 277 sent level 0.614 lock 0.96 period None dead 0.03 | 20.6s
ex16 sig4_0|200|2.0|0.3|mnist|51|0.9|1: c1 1.000 c10 1.000 c50 1.000 static 1.000 fac1 0.995 fac10 0.906 fac50 0.200 frozen 1.00 nbin 91 sent level 0.614 lock 0.99 period None dead 0.03 | 20.8s
ex16 sig4_0|200|2.0|0.3|mnist|52|0.9|1: c1 1.000 c10 1.000 c50 1.000 static 1.000 fac1 0.994 fac10 0.873 fac50 0.061 frozen 1.00 nbin 197 sent level 0.603 lock 0.99 period None dead 0.02 | 20.8s
ex16 sig4_0|200|2.0|0.3|mnist|53|0.9|1: c1 1.000 c10 1.000 c50 1.000 static 1.000 fac1 0.995 fac10 0.861 fac50 0.033 frozen 0.98 nbin 288 sent level 0.601 lock 0.96 period None dead 0.03 | 20.7s
ex16 sig4_0|200|2.0|0.3|mnist|51|0.9|0: c1 1.000 c10 0.985 c50 0.921 static 0.923 fac1 0.993 fac10 0.778 fac50 -0.028 frozen 0.59 nbin 300 sent level 0.505 lock 0.01 period None dead 0.03 | 20.1s
ex16 sig4_0|200|2.0|0.3|mnist|52|0.9|0: c1 1.000 c10 0.985 c50 0.919 static 0.924 fac1 0.993 fac10 0.759 fac50 -0.080 frozen 0.57 nbin 300 sent level 0.494 lock 0.00 period None dead 0.02 | 20.1s
ex16 sig8_0|200|2.0|0.3|mnist|50|0.9|1: c1 1.000 c10 0.999 c50 0.985 static 0.985 fac1 0.996 fac10 0.900 fac50 0.035 frozen 0.86 nbin 300 sent level 0.552 lock 0.95 period None dead 0.03 | 20.6s
ex16 sig8_0|200|2.0|0.3|mnist|53|0.9|0: c1 1.000 c10 0.984 c50 0.917 static 0.918 fac1 0.993 fac10 0.769 fac50 -0.045 frozen 0.58 nbin 300 sent level 0.494 lock 0.01 period None dead 0.03 | 20.1s
ex16 step1|200|2.0|0.3|mnist|50|0.9|0: c1 1.000 c10 0.983 c50 0.914 static 0.912 fac1 0.993 fac10 0.770 fac50 -0.028 frozen 0.56 nbin 300 sent level 0.486 lock 0.00 period None dead 0.04 | 16.1s
ex16 step1|200|2.0|0.3|mnist|51|0.9|0: c1 1.000 c10 0.982 c50 0.909 static 0.914 fac1 0.992 fac10 0.762 fac50 -0.061 frozen 0.56 nbin 300 sent level 0.471 lock 0.00 period None dead 0.03 | 16.2s
ex16 sig4_0|200|2.0|0.3|mnist|50|0.9|0: c1 1.000 c10 0.983 c50 0.917 static 0.918 fac1 0.993 fac10 0.757 fac50 -0.088 frozen 0.58 nbin 300 sent level 0.500 lock 0.01 period None dead 0.03 | 35.6s
ex16 step1|200|2.0|0.3|mnist|52|0.9|0: c1 1.000 c10 0.983 c50 0.911 static 0.912 fac1 0.992 fac10 0.764 fac50 -0.042 frozen 0.55 nbin 300 sent level 0.474 lock 0.00 period None dead 0.02 | 16.0s
ex16 step1|200|2.0|0.3|mnist|53|0.9|0: c1 1.000 c10 0.982 c50 0.911 static 0.913 fac1 0.993 fac10 0.764 fac50 -0.048 frozen 0.57 nbin 300 sent level 0.468 lock 0.00 period None dead 0.04 | 16.0s
ex16 sig4_0|200|2.0|0.3|mnist|53|0.9|0: c1 1.000 c10 0.985 c50 0.917 static 0.916 fac1 0.993 fac10 0.782 fac50 -0.024 frozen 0.58 nbin 300 sent level 0.491 lock 0.02 period None dead 0.03 | 35.6s
ex16 step1|200|2.0|0.3|mnist|50|0.9|1: c1 0.999 c10 0.912 c50 0.540 static 0.567 fac1 0.993 fac10 0.766 fac50 -0.046 frozen 0.20 nbin 300 sent level 0.163 lock 0.00 period None dead 0.04 | 31.7s
ex16 step1|200|2.0|0.3|mnist|51|0.9|1: c1 0.998 c10 0.910 c50 0.559 static 0.575 fac1 0.992 fac10 0.750 fac50 -0.056 frozen 0.21 nbin 300 sent level 0.158 lock 0.00 period None dead 0.03 | 32.0s
ex16 sig8_0|200|2.0|0.3|mnist|51|0.9|1: c1 1.000 c10 0.999 c50 0.991 static 0.990 fac1 0.996 fac10 0.910 fac50 0.110 frozen 0.88 nbin 300 sent level 0.554 lock 0.99 period None dead 0.03 | 37.3s
ex16 sig8_0|200|2.0|0.3|mnist|52|0.9|1: c1 1.000 c10 0.999 c50 0.987 static 0.983 fac1 0.995 fac10 0.912 fac50 0.176 frozen 0.85 nbin 300 sent level 0.544 lock 0.99 period None dead 0.02 | 37.1s
ex16 tri0.3|200|2.0|0.3|mnist|50|0.9|1: c1 1.000 c10 0.997 c50 0.976 static 0.976 fac1 0.995 fac10 0.855 fac50 -0.002 frozen 0.81 nbin 300 sent level 0.466 lock 0.85 period None dead 0.03 | 21.5s
ex16 tri0.3|200|2.0|0.3|mnist|51|0.9|1: c1 1.000 c10 0.997 c50 0.970 static 0.965 fac1 0.995 fac10 0.865 fac50 0.084 frozen 0.79 nbin 300 sent level 0.467 lock 0.85 period None dead 0.03 | 21.6s
ex16 sig8_0|200|2.0|0.3|mnist|50|0.9|0: c1 1.000 c10 0.984 c50 0.921 static 0.921 fac1 0.993 fac10 0.766 fac50 -0.048 frozen 0.57 nbin 300 sent level 0.508 lock 0.01 period None dead 0.03 | 35.7s
ex16 sig8_0|200|2.0|0.3|mnist|52|0.9|0: c1 1.000 c10 0.983 c50 0.914 static 0.916 fac1 0.993 fac10 0.760 fac50 -0.066 frozen 0.56 nbin 300 sent level 0.491 lock 0.00 period None dead 0.02 | 35.6s
ex16 sig8_0|200|2.0|0.3|mnist|51|0.9|0: c1 1.000 c10 0.985 c50 0.920 static 0.920 fac1 0.993 fac10 0.776 fac50 -0.017 frozen 0.58 nbin 300 sent level 0.502 lock 0.01 period None dead 0.03 | 35.8s
ex16 sig8_0|200|2.0|0.3|mnist|53|0.9|1: c1 1.000 c10 0.999 c50 0.990 static 0.987 fac1 0.995 fac10 0.907 fac50 0.153 frozen 0.88 nbin 300 sent level 0.549 lock 0.95 period None dead 0.03 | 36.6s
ex16 tri0.3|200|2.0|0.3|mnist|52|0.9|1: c1 1.000 c10 0.997 c50 0.973 static 0.973 fac1 0.994 fac10 0.846 fac50 -0.027 frozen 0.80 nbin 300 sent level 0.465 lock 0.86 period None dead 0.02 | 21.5s
ex16 step1|200|2.0|0.3|mnist|52|0.9|1: c1 0.998 c10 0.903 c50 0.538 static 0.574 fac1 0.992 fac10 0.746 fac50 -0.059 frozen 0.19 nbin 300 sent level 0.159 lock 0.00 period None dead 0.02 | 31.4s
ex16 step1|200|2.0|0.3|mnist|53|0.9|1: c1 0.999 c10 0.920 c50 0.589 static 0.598 fac1 0.993 fac10 0.769 fac50 -0.024 frozen 0.23 nbin 300 sent level 0.159 lock 0.00 period None dead 0.04 | 31.5s
run39 raw|49|1.0|0.3|kp1|52|0.0|1: c1 -0.153 c10 -0.035 c50 0.591 static 0.002 fac1 -0.151 fac10 -0.032 fac50 0.493 frozen 0.00 nbin 300 sent level 0.000 lock 0.00 period None dead 0.00 | 5.0s
run39 raw|49|1.0|0.3|kp1|50|0.0|1: c1 -0.914 c10 -0.938 c50 -0.452 static 0.018 fac1 -0.945 fac10 -0.941 fac50 -0.403 frozen 0.06 nbin 300 sent level 0.000 lock 0.00 period None dead 0.00 | 5.2s
run39 raw|49|1.0|0.3|kp1|51|0.0|1: c1 0.715 c10 -0.878 c50 -0.035 static 0.007 fac1 0.719 fac10 -0.864 fac50 -0.037 frozen 0.00 nbin 300 sent level 0.000 lock 0.00 period None dead 0.00 | 5.3s
run39 raw|49|1.0|0.3|kp1|53|0.0|1: c1 0.482 c10 -0.769 c50 0.356 static 0.012 fac1 0.483 fac10 -0.772 fac50 0.292 frozen 0.00 nbin 300 sent level 0.000 lock 0.00 period None dead 0.00 | 5.3s
run39 relu|49|1.0|0.3|kp1|50|0.0|1: c1 0.852 c10 0.985 c50 0.978 static 0.906 fac1 -0.602 fac10 0.807 fac50 0.629 frozen 0.57 nbin 300 sent level 0.341 lock 0.00 period None dead 0.00 | 3.3s
ex16 tri0.3|200|2.0|0.3|mnist|53|0.9|1: c1 1.000 c10 0.997 c50 0.977 static 0.975 fac1 0.994 fac10 0.845 fac50 0.009 frozen 0.81 nbin 300 sent level 0.460 lock 0.86 period None dead 0.03 | 21.6s
run39 relu|49|1.0|0.3|kp1|51|0.0|1: c1 0.879 c10 0.874 c50 0.872 static 0.886 fac1 -0.134 fac10 -0.170 fac50 -0.186 frozen 0.41 nbin 300 sent level 0.313 lock 0.00 period None dead 0.00 | 6.1s
run39 relu|49|1.0|0.3|kp1|52|0.0|1: c1 0.876 c10 0.888 c50 0.891 static 0.863 fac1 0.030 fac10 0.143 fac50 0.157 frozen 0.35 nbin 300 sent level 0.323 lock 0.00 period None dead 0.00 | 5.9s
run39 relu|49|1.0|0.3|kp1|53|0.0|1: c1 0.937 c10 0.975 c50 0.973 static 0.957 fac1 -0.502 fac10 0.359 fac50 0.273 frozen 0.67 nbin 300 sent level 0.308 lock 0.00 period None dead 0.00 | 6.1s
run39 tri1.0|49|1.0|0.3|kp1|53|0.0|1: c1 0.915 c10 0.959 c50 0.959 static 0.946 fac1 -0.542 fac10 0.161 fac50 0.113 frozen 0.74 nbin 300 sent level 0.323 lock 0.00 period None dead 0.00 | 6.7s
run39 kwta4|49|1.0|0.3|kp1|50|0.0|1: c1 0.194 c10 0.192 c50 0.194 static 0.199 fac1 -0.008 fac10 -0.009 fac50 -0.005 frozen 0.00 nbin 300 sent level 0.114 lock 0.00 period None dead 0.00 | 6.6s
ex16 tri0.3|200|2.0|0.3|mnist|50|0.9|0: c1 1.000 c10 0.998 c50 0.978 static 0.974 fac1 0.995 fac10 0.866 fac50 0.096 frozen 0.78 nbin 300 sent level 0.465 lock 0.89 period None dead 0.03 | 20.7s
ex16 tri0.3|200|2.0|0.3|mnist|51|0.9|0: c1 1.000 c10 0.997 c50 0.973 static 0.968 fac1 0.994 fac10 0.855 fac50 0.058 frozen 0.76 nbin 300 sent level 0.469 lock 0.88 period None dead 0.03 | 20.8s
ex16 tri0.3|200|2.0|0.3|mnist|53|0.9|0: c1 1.000 c10 0.997 c50 0.972 static 0.970 fac1 0.994 fac10 0.848 fac50 -0.013 frozen 0.76 nbin 300 sent level 0.461 lock 0.78 period None dead 0.03 | 22.4s
run39 sign|49|1.0|0.3|kp1|52|0.0|0: c1 0.002 c10 -0.008 c50 -0.001 static 0.003 fac1 -0.000 fac10 -0.009 fac50 -0.005 frozen 0.00 nbin 300 sent level 0.000 lock 0.00 period None dead 0.00 | 3.2s
run39 sign|49|1.0|0.3|kp1|50|0.0|0: c1 0.003 c10 0.006 c50 -0.007 static 0.003 fac1 0.001 fac10 0.004 fac50 -0.008 frozen 0.00 nbin 300 sent level 0.000 lock 0.00 period None dead 0.00 | 4.1s
run39 sign|49|1.0|0.3|kp1|51|0.0|0: c1 0.004 c10 0.004 c50 -0.008 static 0.004 fac1 -0.001 fac10 -0.001 fac50 -0.009 frozen 0.00 nbin 300 sent level 0.000 lock 0.00 period None dead 0.00 | 3.6s
ex16 tri0.7|200|2.0|0.3|mnist|50|0.9|1: c1 1.000 c10 1.000 c50 0.996 static 0.993 fac1 0.993 fac10 0.901 fac50 0.288 frozen 0.91 nbin 299 sent level 0.388 lock 0.96 period None dead 0.04 | 24.0s
run39 tri1.0|49|1.0|0.3|kp1|52|0.0|1: c1 0.861 c10 0.874 c50 0.880 static 0.864 fac1 -0.068 fac10 0.016 fac50 0.051 frozen 0.34 nbin 300 sent level 0.338 lock 0.00 period None dead 0.00 | 12.3s
run39 tri1.0|49|1.0|0.3|kp1|50|0.0|1: c1 0.879 c10 0.994 c50 0.993 static 0.935 fac1 -0.933 fac10 0.879 fac50 0.745 frozen 0.77 nbin 300 sent level 0.320 lock 0.00 period None dead 0.00 | 12.6s
run39 tri1.0|49|1.0|0.3|kp1|51|0.0|1: c1 0.921 c10 0.932 c50 0.934 static 0.927 fac1 -0.158 fac10 -0.015 fac50 0.018 frozen 0.51 nbin 300 sent level 0.327 lock 0.00 period None dead 0.00 | 12.7s
run39 kwta4|49|1.0|0.3|kp1|51|0.0|1: c1 0.192 c10 0.200 c50 0.196 static 0.198 fac1 -0.006 fac10 0.003 fac50 0.003 frozen 0.00 nbin 300 sent level 0.114 lock 0.00 period None dead 0.00 | 9.3s
run39 sign|49|1.0|0.3|kp1|53|0.0|0: c1 0.001 c10 -0.000 c50 -0.000 static 0.004 fac1 -0.004 fac10 -0.004 fac50 -0.003 frozen 0.00 nbin 300 sent level 0.000 lock 0.00 period None dead 0.00 | 6.8s
run39 step0|49|1.0|0.3|kp1|51|0.0|0: c1 0.783 c10 0.784 c50 0.783 static 0.780 fac1 -0.011 fac10 -0.001 fac50 0.002 frozen 0.16 nbin 300 sent level 0.484 lock 0.00 period None dead 0.00 | 5.1s
ex16 tri0.7|200|2.0|0.3|mnist|53|0.9|0: c1 1.000 c10 1.000 c50 0.999 static 0.998 fac1 0.994 fac10 0.915 fac50 0.235 frozen 0.95 nbin 280 sent level 0.390 lock 0.99 period None dead 0.04 | 23.0s
run39 kwta4|49|1.0|0.3|kp1|52|0.0|1: c1 0.189 c10 0.184 c50 0.187 static 0.188 fac1 -0.002 fac10 -0.002 fac50 -0.000 frozen 0.00 nbin 300 sent level 0.114 lock 0.00 period None dead 0.00 | 12.4s
run39 step0|49|1.0|0.3|kp1|52|0.0|0: c1 0.773 c10 0.772 c50 0.773 static 0.772 fac1 0.003 fac10 0.001 fac50 0.003 frozen 0.15 nbin 300 sent level 0.476 lock 0.00 period None dead 0.00 | 7.0s
run39 step0|49|1.0|0.3|kp1|53|0.0|0: c1 0.779 c10 0.774 c50 0.780 static 0.775 fac1 -0.007 fac10 -0.010 fac50 -0.008 frozen 0.14 nbin 300 sent level 0.498 lock 0.00 period None dead 0.00 | 7.5s
run39 kwta4|49|1.0|0.3|kp1|53|0.0|1: c1 0.205 c10 0.206 c50 0.197 static 0.204 fac1 -0.008 fac10 -0.000 fac50 -0.014 frozen 0.00 nbin 300 sent level 0.114 lock 0.00 period None dead 0.00 | 12.9s
run39 step0|49|1.0|0.3|kp1|50|0.0|0: c1 0.790 c10 0.789 c50 0.790 static 0.786 fac1 -0.001 fac10 -0.007 fac50 -0.002 frozen 0.15 nbin 300 sent level 0.501 lock 0.00 period None dead 0.00 | 9.2s
ex16 tri0.7|200|2.0|0.3|mnist|52|0.9|0: c1 1.000 c10 1.000 c50 0.997 static 0.994 fac1 0.994 fac10 0.919 fac50 0.313 frozen 0.90 nbin 298 sent level 0.378 lock 0.99 period None dead 0.02 | 25.6s
run39 cstep|49|1.0|0.3|kp1|50|0.0|0: c1 0.797 c10 0.794 c50 0.794 static 0.789 fac1 0.007 fac10 -0.006 fac50 -0.006 frozen 0.15 nbin 300 sent level 0.502 lock 0.00 period None dead 0.00 | 8.0s
run39 cstep|49|1.0|0.3|kp1|51|0.0|0: c1 0.797 c10 0.800 c50 0.800 static 0.797 fac1 -0.014 fac10 -0.006 fac50 -0.002 frozen 0.16 nbin 300 sent level 0.499 lock 0.00 period None dead 0.00 | 8.3s
run39 cstep|49|1.0|0.3|kp1|52|0.0|0: c1 0.777 c10 0.778 c50 0.778 static 0.776 fac1 -0.007 fac10 -0.001 fac50 -0.002 frozen 0.15 nbin 300 sent level 0.502 lock 0.00 period None dead 0.00 | 8.4s
run39 wta|49|1.0|0.3|kp1|50|0.0|0: c1 0.038 c10 0.039 c50 0.033 static 0.042 fac1 -0.004 fac10 -0.003 fac50 -0.004 frozen 0.00 nbin 300 sent level 0.031 lock 0.00 period None dead 0.00 | 7.0s
run39 tanh|49|1.0|0.3|kp1|52|0.0|1: c1 -0.034 c10 0.008 c50 0.004 static 0.005 fac1 -0.041 fac10 0.001 fac50 -0.002 frozen 0.00 nbin 300 sent level 0.000 lock 0.00 period None dead 0.00 | 3.4s
run39 wta|49|1.0|0.3|kp1|51|0.0|0: c1 0.042 c10 0.037 c50 0.038 static 0.043 fac1 -0.004 fac10 -0.006 fac50 -0.003 frozen 0.00 nbin 300 sent level 0.031 lock 0.00 period None dead 0.00 | 7.5s
run39 tanh|49|1.0|0.3|kp1|52|0.0|0: c1 0.000 c10 -0.009 c50 -0.003 static 0.004 fac1 -0.003 fac10 -0.012 fac50 -0.005 frozen 0.00 nbin 300 sent level 0.000 lock 0.00 period None dead 0.00 | 3.4s
run39 cstep|49|1.0|0.3|kp1|53|0.0|0: c1 0.781 c10 0.785 c50 0.776 static 0.775 fac1 -0.011 fac10 0.003 fac50 -0.013 frozen 0.14 nbin 300 sent level 0.497 lock 0.00 period None dead 0.00 | 11.2s
run39 tanh|49|1.0|0.3|kp1|53|0.0|0: c1 -0.013 c10 0.000 c50 0.011 static 0.005 fac1 -0.021 fac10 -0.003 fac50 0.004 frozen 0.00 nbin 300 sent level 0.000 lock 0.00 period None dead 0.00 | 3.3s
run39 tanh|49|1.0|0.3|kp1|50|0.0|1: c1 -0.015 c10 0.016 c50 -0.021 static 0.005 fac1 -0.020 fac10 0.009 fac50 -0.025 frozen 0.00 nbin 300 sent level 0.000 lock 0.00 period None dead 0.00 | 6.6s
run39 wta|49|1.0|0.3|kp1|53|0.0|0: c1 0.036 c10 0.039 c50 0.037 static 0.048 fac1 -0.012 fac10 -0.012 fac50 -0.010 frozen 0.01 nbin 300 sent level 0.031 lock 0.00 period None dead 0.00 | 6.9s
ex16 tri0.3|200|2.0|0.3|mnist|52|0.9|0: c1 1.000 c10 0.996 c50 0.969 static 0.965 fac1 0.995 fac10 0.854 fac50 0.020 frozen 0.74 nbin 300 sent level 0.462 lock 0.72 period None dead 0.02 | 36.5s
run39 tanh|49|1.0|0.3|kp1|51|0.0|1: c1 0.006 c10 0.010 c50 0.023 static 0.012 fac1 -0.006 fac10 -0.003 fac50 0.010 frozen 0.00 nbin 300 sent level 0.000 lock 0.00 period None dead 0.00 | 6.6s
run39 tanh|49|1.0|0.3|kp1|53|0.0|1: c1 -0.011 c10 -0.088 c50 -0.037 static 0.012 fac1 -0.027 fac10 -0.095 fac50 -0.040 frozen 0.00 nbin 300 sent level 0.000 lock 0.00 period None dead 0.00 | 6.6s
run39 tanh|49|1.0|0.3|kp1|50|0.0|0: c1 0.008 c10 -0.016 c50 -0.005 static 0.004 fac1 0.005 fac10 -0.018 fac50 -0.009 frozen 0.00 nbin 300 sent level 0.000 lock 0.00 period None dead 0.00 | 5.7s
run39 wta|49|1.0|0.3|kp1|52|0.0|0: c1 0.040 c10 0.035 c50 0.034 static 0.042 fac1 -0.003 fac10 -0.007 fac50 -0.006 frozen 0.00 nbin 300 sent level 0.031 lock 0.00 period None dead 0.00 | 9.8s
run39 tanh|49|1.0|0.3|kp1|51|0.0|0: c1 0.008 c10 0.003 c50 0.008 static 0.004 fac1 0.003 fac10 0.000 fac50 0.005 frozen 0.00 nbin 300 sent level 0.000 lock 0.00 period None dead 0.00 | 6.1s
ex16 tri0.7|200|2.0|0.3|mnist|51|0.9|1: c1 1.000 c10 1.000 c50 0.999 static 0.997 fac1 0.994 fac10 0.916 fac50 0.318 frozen 0.94 nbin 275 sent level 0.383 lock 0.99 period None dead 0.03 | 37.3s
run39 sig4_0|49|1.0|0.3|kp1|51|0.0|1: c1 0.998 c10 0.999 c50 0.999 static 0.999 fac1 -0.394 fac10 -0.202 fac50 -0.175 frozen 0.97 nbin 4 sent level 0.600 lock 0.00 period 4 dead 0.00 | 6.3s
ex16 tri0.7|200|2.0|0.3|mnist|53|0.9|1: c1 1.000 c10 1.000 c50 0.999 static 0.998 fac1 0.994 fac10 0.894 fac50 0.201 frozen 0.95 nbin 299 sent level 0.385 lock 0.95 period None dead 0.04 | 37.5s
run39 sig4_0|49|1.0|0.3|kp1|50|0.0|1: c1 0.999 c10 0.999 c50 0.999 static 0.999 fac1 -0.196 fac10 -0.588 fac50 -0.507 frozen 0.97 nbin 4 sent level 0.608 lock 0.00 period 4 dead 0.00 | 8.7s
ex16 tri0.7|200|2.0|0.3|mnist|52|0.9|1: c1 1.000 c10 1.000 c50 0.998 static 0.996 fac1 0.994 fac10 0.914 fac50 0.325 frozen 0.93 nbin 295 sent level 0.389 lock 0.99 period None dead 0.02 | 38.8s
run39 sig4_0|49|1.0|0.3|kp1|52|0.0|0: c1 0.894 c10 0.898 c50 0.893 static 0.895 fac1 -0.012 fac10 -0.005 fac50 -0.023 frozen 0.36 nbin 300 sent level 0.524 lock 0.00 period None dead 0.00 | 6.6s
run39 sig8_0|49|1.0|0.3|kp1|51|0.0|1: c1 0.953 c10 0.954 c50 0.951 static 0.954 fac1 -0.006 fac10 -0.020 fac50 -0.043 frozen 0.59 nbin 300 sent level 0.546 lock 0.00 period None dead 0.00 | 6.8s
run39 sig4_0|49|1.0|0.3|kp1|51|0.0|0: c1 0.907 c10 0.905 c50 0.908 static 0.904 fac1 -0.003 fac10 -0.008 fac50 0.010 frozen 0.35 nbin 300 sent level 0.518 lock 0.00 period None dead 0.00 | 7.7s
run39 sig4_0|49|1.0|0.3|kp1|52|0.0|1: c1 0.998 c10 0.998 c50 0.998 static 0.999 fac1 -0.357 fac10 -0.272 fac50 -0.234 frozen 0.97 nbin 4 sent level 0.599 lock 0.00 period 4 dead 0.00 | 9.6s
run39 sig4_0|49|1.0|0.3|kp1|53|0.0|0: c1 0.906 c10 0.905 c50 0.905 static 0.905 fac1 -0.031 fac10 -0.007 fac50 -0.016 frozen 0.37 nbin 300 sent level 0.522 lock 0.00 period None dead 0.00 | 7.8s
ex16 tri0.7|200|2.0|0.3|mnist|50|0.9|0: c1 1.000 c10 1.000 c50 0.998 static 0.994 fac1 0.993 fac10 0.910 fac50 0.375 frozen 0.91 nbin 284 sent level 0.391 lock 1.00 period None dead 0.04 | 39.2s
ex16 tri0.7|200|2.0|0.3|mnist|51|0.9|0: c1 1.000 c10 1.000 c50 0.998 static 0.997 fac1 0.995 fac10 0.926 fac50 0.303 frozen 0.94 nbin 277 sent level 0.385 lock 1.00 period None dead 0.03 | 38.8s
run39 sig8_0|49|1.0|0.3|kp1|50|0.0|0: c1 0.846 c10 0.846 c50 0.845 static 0.841 fac1 0.001 fac10 -0.008 fac50 -0.009 frozen 0.23 nbin 300 sent level 0.521 lock 0.00 period None dead 0.00 | 7.5s
run39 sig8_0|49|1.0|0.3|kp1|53|0.0|0: c1 0.845 c10 0.846 c50 0.844 static 0.842 fac1 -0.013 fac10 -0.028 fac50 -0.008 frozen 0.24 nbin 300 sent level 0.508 lock 0.00 period None dead 0.00 | 7.2s
run39 sig8_0|49|1.0|0.3|kp1|51|0.0|0: c1 0.845 c10 0.842 c50 0.844 static 0.840 fac1 -0.003 fac10 -0.004 fac50 -0.001 frozen 0.23 nbin 300 sent level 0.496 lock 0.00 period None dead 0.00 | 8.3s
run39 sig4_0|49|1.0|0.3|kp1|50|0.0|0: c1 0.901 c10 0.902 c50 0.902 static 0.898 fac1 -0.011 fac10 -0.010 fac50 -0.010 frozen 0.35 nbin 300 sent level 0.540 lock 0.00 period None dead 0.00 | 10.5s
run39 sig4_0|49|1.0|0.3|kp1|53|0.0|1: c1 0.995 c10 0.995 c50 0.995 static 0.996 fac1 -0.334 fac10 -0.320 fac50 -0.276 frozen 0.94 nbin 4 sent level 0.604 lock 0.00 period 4 dead 0.00 | 11.4s
run39 sig8_0|49|1.0|0.3|kp1|52|0.0|0: c1 0.826 c10 0.825 c50 0.828 static 0.829 fac1 -0.004 fac10 -0.007 fac50 -0.006 frozen 0.21 nbin 300 sent level 0.497 lock 0.00 period None dead 0.00 | 9.0s
run39 step1|49|1.0|0.3|kp1|50|0.0|1: c1 0.263 c10 0.263 c50 0.263 static 0.266 fac1 -0.010 fac10 -0.004 fac50 -0.006 frozen 0.00 nbin 300 sent level 0.159 lock 0.00 period None dead 0.00 | 7.8s
run39 sig8_0|49|1.0|0.3|kp1|50|0.0|1: c1 0.941 c10 0.944 c50 0.943 static 0.942 fac1 -0.042 fac10 -0.013 fac50 -0.009 frozen 0.53 nbin 300 sent level 0.544 lock 0.00 period None dead 0.00 | 11.3s
run39 sig8_0|49|1.0|0.3|kp1|52|0.0|1: c1 0.939 c10 0.938 c50 0.940 static 0.941 fac1 -0.017 fac10 -0.025 fac50 0.007 frozen 0.53 nbin 300 sent level 0.542 lock 0.00 period None dead 0.00 | 10.9s
run39 sig8_0|49|1.0|0.3|kp1|53|0.0|1: c1 0.941 c10 0.939 c50 0.938 static 0.939 fac1 0.006 fac10 -0.038 fac50 -0.033 frozen 0.53 nbin 300 sent level 0.537 lock 0.00 period None dead 0.00 | 11.4s
run39 step1|49|1.0|0.3|kp1|52|0.0|1: c1 0.254 c10 0.253 c50 0.253 static 0.262 fac1 -0.005 fac10 -0.010 fac50 -0.004 frozen 0.00 nbin 300 sent level 0.155 lock 0.00 period None dead 0.00 | 7.6s
run39 step1|49|1.0|0.3|kp1|50|0.0|0: c1 0.610 c10 0.620 c50 0.622 static 0.615 fac1 -0.016 fac10 0.013 fac50 0.007 frozen 0.04 nbin 300 sent level 0.341 lock 0.00 period None dead 0.00 | 6.5s
run39 step1|49|1.0|0.3|kp1|51|0.0|0: c1 0.607 c10 0.606 c50 0.607 static 0.604 fac1 -0.007 fac10 -0.009 fac50 -0.005 frozen 0.03 nbin 300 sent level 0.328 lock 0.00 period None dead 0.00 | 6.5s
run39 step1|49|1.0|0.3|kp1|53|0.0|1: c1 0.274 c10 0.288 c50 0.286 static 0.294 fac1 -0.014 fac10 -0.006 fac50 -0.003 frozen 0.00 nbin 300 sent level 0.155 lock 0.00 period None dead 0.00 | 8.0s
run39 step1|49|1.0|0.3|kp1|53|0.0|0: c1 0.582 c10 0.588 c50 0.581 static 0.580 fac1 -0.015 fac10 0.008 fac50 -0.007 frozen 0.03 nbin 300 sent level 0.331 lock 0.00 period None dead 0.00 | 6.3s
run39 step1|49|1.0|0.3|kp1|52|0.0|0: c1 0.572 c10 0.570 c50 0.562 static 0.564 fac1 -0.003 fac10 -0.005 fac50 -0.009 frozen 0.02 nbin 300 sent level 0.339 lock 0.00 period None dead 0.00 | 7.6s
run39 step1|49|1.0|0.3|kp1|51|0.0|1: c1 0.257 c10 0.250 c50 0.264 static 0.263 fac1 -0.011 fac10 -0.010 fac50 0.001 frozen 0.00 nbin 300 sent level 0.153 lock 0.00 period None dead 0.00 | 10.6s
run39 tri0.3|49|1.0|0.3|kp1|51|0.0|1: c1 0.931 c10 0.931 c50 0.932 static 0.931 fac1 -0.013 fac10 -0.010 fac50 0.008 frozen 0.50 nbin 300 sent level 0.464 lock 0.00 period None dead 0.00 | 8.2s
run39 tri0.3|49|1.0|0.3|kp1|50|0.0|1: c1 0.913 c10 0.911 c50 0.910 static 0.910 fac1 -0.007 fac10 -0.026 fac50 -0.024 frozen 0.44 nbin 300 sent level 0.461 lock 0.00 period None dead 0.00 | 8.5s
run39 raw|49|1.0|0.3|kp1|50|0.25|1: c1 0.984 c10 -0.158 c50 -0.720 static 0.002 fac1 0.981 fac10 -0.153 fac50 -0.603 frozen 0.08 nbin 300 sent level 0.000 lock 0.00 period None dead 0.00 | 3.3s
run39 raw|49|1.0|0.3|kp1|51|0.25|1: c1 0.979 c10 -0.265 c50 -0.865 static 0.036 fac1 0.975 fac10 -0.303 fac50 -0.780 frozen 0.05 nbin 300 sent level 0.001 lock 0.00 period None dead 0.00 | 3.6s
run39 tri0.3|49|1.0|0.3|kp1|51|0.0|0: c1 0.935 c10 0.936 c50 0.935 static 0.933 fac1 -0.017 fac10 -0.007 fac50 -0.003 frozen 0.44 nbin 300 sent level 0.466 lock 0.00 period None dead 0.00 | 7.8s
run39 tri0.3|49|1.0|0.3|kp1|50|0.0|0: c1 0.925 c10 0.928 c50 0.924 static 0.925 fac1 -0.006 fac10 0.029 fac50 -0.012 frozen 0.43 nbin 300 sent level 0.462 lock 0.00 period None dead 0.00 | 8.7s
run39 raw|49|1.0|0.3|kp1|52|0.25|1: c1 0.995 c10 0.630 c50 -0.549 static 0.003 fac1 0.992 fac10 0.603 fac50 -0.458 frozen 0.05 nbin 300 sent level 0.000 lock 0.00 period None dead 0.00 | 4.3s
run39 tri0.3|49|1.0|0.3|kp1|52|0.0|0: c1 0.892 c10 0.885 c50 0.885 static 0.884 fac1 0.027 fac10 -0.011 fac50 -0.014 frozen 0.33 nbin 300 sent level 0.469 lock 0.00 period None dead 0.00 | 9.4s
run39 tri0.3|49|1.0|0.3|kp1|53|0.0|1: c1 0.907 c10 0.909 c50 0.907 static 0.907 fac1 -0.030 fac10 -0.002 fac50 -0.011 frozen 0.42 nbin 300 sent level 0.469 lock 0.00 period None dead 0.00 | 10.9s
run39 relu|49|1.0|0.3|kp1|50|0.25|1: c1 1.000 c10 0.986 c50 0.992 static 0.991 fac1 0.955 fac10 -0.574 fac50 0.090 frozen 0.90 nbin 236 sent level 0.345 lock 0.00 period None dead 0.00 | 4.3s
run39 tri0.3|49|1.0|0.3|kp1|52|0.0|1: c1 0.891 c10 0.894 c50 0.892 static 0.893 fac1 -0.023 fac10 -0.009 fac50 -0.012 frozen 0.40 nbin 300 sent level 0.470 lock 0.00 period None dead 0.00 | 12.7s
run39 relu|49|1.0|0.3|kp1|53|0.25|1: c1 1.000 c10 0.998 c50 0.998 static 0.999 fac1 0.590 fac10 -0.507 fac50 -0.495 frozen 0.95 nbin 192 sent level 0.311 lock 0.00 period None dead 0.00 | 3.7s
run39 tri0.7|49|1.0|0.3|kp1|50|0.0|1: c1 0.984 c10 0.988 c50 0.986 static 0.986 fac1 -0.213 fac10 0.072 fac50 -0.068 frozen 0.78 nbin 300 sent level 0.373 lock 0.00 period None dead 0.00 | 10.5s
run39 raw|49|1.0|0.3|kp1|53|0.25|1: c1 0.964 c10 -0.803 c50 0.938 static 0.015 fac1 0.961 fac10 -0.807 fac50 0.783 frozen 0.08 nbin 300 sent level 0.000 lock 0.00 period None dead 0.00 | 5.9s
run39 tri0.7|49|1.0|0.3|kp1|50|0.0|0: c1 0.998 c10 0.998 c50 0.998 static 0.998 fac1 0.062 fac10 0.054 fac50 0.007 frozen 0.92 nbin 300 sent level 0.380 lock 0.00 period None dead 0.00 | 9.1s
run39 tri0.3|49|1.0|0.3|kp1|53|0.0|0: c1 0.909 c10 0.908 c50 0.909 static 0.909 fac1 -0.017 fac10 -0.012 fac50 -0.004 frozen 0.37 nbin 300 sent level 0.468 lock 0.00 period None dead 0.00 | 11.7s
run39 tri0.7|49|1.0|0.3|kp1|52|0.0|1: c1 0.921 c10 0.921 c50 0.924 static 0.922 fac1 -0.031 fac10 -0.034 fac50 -0.008 frozen 0.46 nbin 300 sent level 0.399 lock 0.00 period None dead 0.00 | 10.6s
run39 tri0.7|49|1.0|0.3|kp1|53|0.0|1: c1 0.942 c10 0.939 c50 0.939 static 0.952 fac1 -0.238 fac10 -0.339 fac50 -0.292 frozen 0.69 nbin 300 sent level 0.382 lock 0.00 period None dead 0.00 | 11.9s
run39 tri0.7|49|1.0|0.3|kp1|51|0.0|0: c1 0.982 c10 0.984 c50 0.981 static 0.982 fac1 -0.030 fac10 0.077 fac50 -0.062 frozen 0.70 nbin 300 sent level 0.387 lock 0.00 period None dead 0.00 | 10.7s
run39 relu|49|1.0|0.3|kp1|52|0.25|1: c1 0.996 c10 0.991 c50 0.965 static 0.974 fac1 0.838 fac10 0.634 fac50 -0.364 frozen 0.77 nbin 300 sent level 0.316 lock 0.00 period None dead 0.00 | 6.4s
run39 relu|49|1.0|0.3|kp1|51|0.25|1: c1 0.999 c10 0.970 c50 0.997 static 0.970 fac1 0.961 fac10 -0.006 fac50 0.734 frozen 0.75 nbin 300 sent level 0.318 lock 0.00 period None dead 0.00 | 7.2s
run39 tri0.7|49|1.0|0.3|kp1|51|0.0|1: c1 0.935 c10 0.977 c50 0.977 static 0.959 fac1 -0.625 fac10 0.414 fac50 0.360 frozen 0.70 nbin 300 sent level 0.392 lock 0.00 period None dead 0.00 | 12.5s
run39 tri0.7|49|1.0|0.3|kp1|53|0.0|0: c1 0.973 c10 0.987 c50 0.987 static 0.979 fac1 -0.403 fac10 0.339 fac50 0.295 frozen 0.69 nbin 300 sent level 0.381 lock 0.00 period None dead 0.00 | 10.1s
run39 tri0.7|49|1.0|0.3|kp1|52|0.0|0: c1 0.974 c10 0.978 c50 0.976 static 0.974 fac1 -0.054 fac10 0.094 fac50 0.037 frozen 0.66 nbin 300 sent level 0.397 lock 0.00 period None dead 0.00 | 12.3s
run39 sign|49|1.0|0.3|kp1|53|0.25|0: c1 0.609 c10 -0.023 c50 -0.003 static 0.014 fac1 0.607 fac10 -0.036 fac50 -0.014 frozen 0.00 nbin 300 sent level 0.000 lock 0.00 period None dead 0.00 | 3.7s
run39 sign|49|1.0|0.3|kp1|52|0.25|0: c1 0.623 c10 0.031 c50 -0.029 static 0.012 fac1 0.623 fac10 0.019 fac50 -0.038 frozen 0.00 nbin 300 sent level 0.000 lock 0.00 period None dead 0.00 | 5.0s
run39 tri1.0|49|1.0|0.3|kp1|52|0.25|1: c1 0.998 c10 0.961 c50 0.975 static 0.965 fac1 0.939 fac10 -0.184 fac50 0.109 frozen 0.63 nbin 300 sent level 0.340 lock 0.00 period None dead 0.00 | 7.6s
run39 sign|49|1.0|0.3|kp1|50|0.25|0: c1 0.600 c10 0.005 c50 0.007 static 0.019 fac1 0.598 fac10 -0.017 fac50 -0.007 frozen 0.00 nbin 300 sent level 0.000 lock 0.00 period None dead 0.00 | 6.5s
run39 tri1.0|49|1.0|0.3|kp1|51|0.25|1: c1 0.999 c10 0.970 c50 0.956 static 0.961 fac1 0.965 fac10 0.154 fac50 -0.198 frozen 0.68 nbin 300 sent level 0.327 lock 0.00 period None dead 0.00 | 10.5s
run39 sign|49|1.0|0.3|kp1|51|0.25|0: c1 0.624 c10 0.025 c50 0.015 static 0.017 fac1 0.622 fac10 0.009 fac50 -0.001 frozen 0.00 nbin 300 sent level 0.000 lock 0.00 period None dead 0.00 | 6.7s
run39 step0|49|1.0|0.3|kp1|50|0.25|0: c1 0.947 c10 0.883 c50 0.885 static 0.884 fac1 0.531 fac10 -0.006 fac50 -0.019 frozen 0.31 nbin 300 sent level 0.496 lock 0.00 period None dead 0.00 | 6.9s
run39 kwta4|49|1.0|0.3|kp1|52|0.25|1: c1 0.700 c10 0.273 c50 0.274 static 0.297 fac1 0.583 fac10 -0.023 fac50 -0.014 frozen 0.00 nbin 300 sent level 0.115 lock 0.00 period None dead 0.00 | 8.4s
run39 kwta4|49|1.0|0.3|kp1|53|0.25|1: c1 0.729 c10 0.332 c50 0.342 static 0.336 fac1 0.588 fac10 -0.018 fac50 -0.011 frozen 0.01 nbin 300 sent level 0.114 lock 0.00 period None dead 0.00 | 8.3s
run39 kwta4|49|1.0|0.3|kp1|51|0.25|1: c1 0.727 c10 0.327 c50 0.305 static 0.335 fac1 0.590 fac10 -0.006 fac50 -0.028 frozen 0.00 nbin 300 sent level 0.114 lock 0.00 period None dead 0.00 | 9.2s
run39 tri1.0|49|1.0|0.3|kp1|50|0.25|1: c1 0.999 c10 0.983 c50 0.984 static 0.991 fac1 0.932 fac10 -0.897 fac50 -0.726 frozen 0.91 nbin 248 sent level 0.320 lock 0.00 period None dead 0.00 | 11.9s
run39 step0|49|1.0|0.3|kp1|51|0.25|0: c1 0.946 c10 0.885 c50 0.884 static 0.881 fac1 0.533 fac10 0.015 fac50 -0.004 frozen 0.31 nbin 300 sent level 0.486 lock 0.00 period None dead 0.00 | 6.4s
run39 kwta4|49|1.0|0.3|kp1|50|0.25|1: c1 0.732 c10 0.315 c50 0.323 static 0.328 fac1 0.600 fac10 -0.027 fac50 -0.006 frozen 0.00 nbin 300 sent level 0.115 lock 0.00 period None dead 0.00 | 10.3s
run39 cstep|49|1.0|0.3|kp1|52|0.25|0: c1 0.944 c10 0.879 c50 0.878 static 0.875 fac1 0.535 fac10 0.006 fac50 0.001 frozen 0.32 nbin 300 sent level 0.506 lock 0.00 period None dead 0.00 | 6.4s
run39 step0|49|1.0|0.3|kp1|52|0.25|0: c1 0.941 c10 0.871 c50 0.867 static 0.871 fac1 0.538 fac10 -0.007 fac50 -0.029 frozen 0.30 nbin 300 sent level 0.483 lock 0.00 period None dead 0.00 | 7.0s
run39 tri1.0|49|1.0|0.3|kp1|53|0.25|1: c1 0.999 c10 0.994 c50 0.999 static 0.994 fac1 0.817 fac10 0.114 fac50 0.596 frozen 0.91 nbin 270 sent level 0.321 lock 0.00 period None dead 0.00 | 12.0s
run39 tanh|49|1.0|0.3|kp1|50|0.25|1: c1 0.949 c10 0.010 c50 -0.187 static 0.026 fac1 0.945 fac10 -0.015 fac50 -0.182 frozen 0.00 nbin 300 sent level 0.000 lock 0.00 period None dead 0.00 | 4.2s
run39 step0|49|1.0|0.3|kp1|53|0.25|0: c1 0.940 c10 0.878 c50 0.875 static 0.873 fac1 0.513 fac10 -0.008 fac50 -0.019 frozen 0.31 nbin 300 sent level 0.485 lock 0.00 period None dead 0.00 | 9.4s
run39 wta|49|1.0|0.3|kp1|50|0.25|0: c1 0.363 c10 0.062 c50 0.070 static 0.078 fac1 0.327 fac10 -0.016 fac50 -0.006 frozen 0.00 nbin 300 sent level 0.031 lock 0.00 period None dead 0.00 | 8.1s
run39 tanh|49|1.0|0.3|kp1|53|0.25|1: c1 0.945 c10 0.032 c50 0.084 static 0.096 fac1 0.936 fac10 -0.061 fac50 -0.004 frozen 0.00 nbin 300 sent level 0.002 lock 0.00 period None dead 0.00 | 4.6s
run39 tanh|49|1.0|0.3|kp1|53|0.25|0: c1 0.755 c10 -0.019 c50 0.005 static 0.016 fac1 0.756 fac10 -0.032 fac50 -0.010 frozen 0.00 nbin 300 sent level 0.000 lock 0.00 period None dead 0.00 | 4.0s
run39 cstep|49|1.0|0.3|kp1|51|0.25|0: c1 0.949 c10 0.890 c50 0.888 static 0.888 fac1 0.534 fac10 -0.000 fac50 -0.015 frozen 0.33 nbin 300 sent level 0.492 lock 0.00 period None dead 0.00 | 10.1s
run39 tanh|49|1.0|0.3|kp1|51|0.25|1: c1 0.961 c10 0.300 c50 0.162 static 0.239 fac1 0.945 fac10 0.051 fac50 -0.094 frozen 0.00 nbin 300 sent level 0.004 lock 0.00 period None dead 0.00 | 5.7s
run39 tanh|49|1.0|0.3|kp1|52|0.25|0: c1 0.765 c10 0.059 c50 -0.041 static 0.018 fac1 0.764 fac10 0.040 fac50 -0.053 frozen 0.00 nbin 300 sent level 0.000 lock 0.00 period None dead 0.00 | 4.7s
run39 tanh|49|1.0|0.3|kp1|50|0.25|0: c1 0.744 c10 -0.011 c50 0.019 static 0.027 fac1 0.743 fac10 -0.039 fac50 -0.012 frozen 0.00 nbin 300 sent level 0.000 lock 0.00 period None dead 0.00 | 5.4s
run39 cstep|49|1.0|0.3|kp1|50|0.25|0: c1 0.947 c10 0.886 c50 0.882 static 0.880 fac1 0.535 fac10 -0.013 fac50 -0.000 frozen 0.31 nbin 300 sent level 0.504 lock 0.00 period None dead 0.00 | 11.8s
run39 tanh|49|1.0|0.3|kp1|52|0.25|1: c1 0.960 c10 0.249 c50 -0.108 static 0.044 fac1 0.954 fac10 0.201 fac50 -0.144 frozen 0.00 nbin 300 sent level 0.001 lock 0.00 period None dead 0.00 | 6.9s
run39 tanh|49|1.0|0.3|kp1|51|0.25|0: c1 0.746 c10 0.058 c50 -0.013 static 0.018 fac1 0.745 fac10 0.039 fac50 -0.026 frozen 0.00 nbin 300 sent level 0.000 lock 0.00 period None dead 0.00 | 6.4s
run39 cstep|49|1.0|0.3|kp1|53|0.25|0: c1 0.946 c10 0.883 c50 0.881 static 0.880 fac1 0.531 fac10 -0.013 fac50 -0.013 frozen 0.32 nbin 300 sent level 0.494 lock 0.00 period None dead 0.00 | 11.1s
run39 wta|49|1.0|0.3|kp1|52|0.25|0: c1 0.367 c10 0.071 c50 0.068 static 0.079 fac1 0.322 fac10 -0.007 fac50 -0.013 frozen 0.00 nbin 300 sent level 0.031 lock 0.00 period None dead 0.00 | 9.5s
run39 sig4_0|49|1.0|0.3|kp1|50|0.25|1: c1 1.000 c10 1.000 c50 1.000 static 1.000 fac1 -0.041 fac10 -0.888 fac50 -0.766 frozen 0.99 nbin 4 sent level 0.607 lock 0.59 period 4 dead 0.00 | 6.8s
run39 wta|49|1.0|0.3|kp1|51|0.25|0: c1 0.367 c10 0.067 c50 0.059 static 0.071 fac1 0.328 fac10 -0.008 fac50 -0.009 frozen 0.00 nbin 300 sent level 0.031 lock 0.00 period None dead 0.00 | 10.7s
run39 sig4_0|49|1.0|0.3|kp1|52|0.25|1: c1 1.000 c10 1.000 c50 1.000 static 1.000 fac1 -0.147 fac10 -0.681 fac50 -0.587 frozen 0.99 nbin 4 sent level 0.599 lock 0.41 period 4 dead 0.00 | 7.3s
run39 wta|49|1.0|0.3|kp1|53|0.25|0: c1 0.381 c10 0.076 c50 0.085 static 0.081 fac1 0.335 fac10 -0.005 fac50 -0.003 frozen 0.01 nbin 300 sent level 0.031 lock 0.00 period None dead 0.00 | 10.6s
run39 sig4_0|49|1.0|0.3|kp1|50|0.25|0: c1 0.980 c10 0.919 c50 0.921 static 0.921 fac1 0.744 fac10 -0.016 fac50 -0.005 frozen 0.43 nbin 300 sent level 0.524 lock 0.00 period None dead 0.00 | 6.8s
run39 sig4_0|49|1.0|0.3|kp1|51|0.25|1: c1 1.000 c10 1.000 c50 1.000 static 1.000 fac1 -0.160 fac10 -0.655 fac50 -0.565 frozen 0.99 nbin 4 sent level 0.600 lock 0.24 period 4 dead 0.00 | 10.5s
run39 sig8_0|49|1.0|0.3|kp1|52|0.25|1: c1 0.996 c10 0.960 c50 0.979 static 0.968 fac1 0.881 fac10 -0.257 fac50 0.311 frozen 0.69 nbin 300 sent level 0.539 lock 0.00 period None dead 0.00 | 7.7s
run39 sig4_0|49|1.0|0.3|kp1|51|0.25|0: c1 0.983 c10 0.930 c50 0.929 static 0.926 fac1 0.758 fac10 0.016 fac50 0.026 frozen 0.45 nbin 300 sent level 0.516 lock 0.00 period None dead 0.00 | 9.1s
run39 sig8_0|49|1.0|0.3|kp1|51|0.25|1: c1 0.998 c10 0.975 c50 0.966 static 0.967 fac1 0.943 fac10 0.201 fac50 -0.041 frozen 0.70 nbin 300 sent level 0.546 lock 0.00 period None dead 0.00 | 8.6s
run39 sig8_0|49|1.0|0.3|kp1|50|0.25|1: c1 0.997 c10 0.965 c50 0.965 static 0.968 fac1 0.897 fac10 -0.070 fac50 -0.064 frozen 0.67 nbin 300 sent level 0.550 lock 0.00 period None dead 0.00 | 9.3s
run39 sig4_0|49|1.0|0.3|kp1|53|0.25|1: c1 1.000 c10 1.000 c50 1.000 static 1.000 fac1 -0.112 fac10 -0.750 fac50 -0.646 frozen 0.98 nbin 4 sent level 0.603 lock 0.04 period 4 dead 0.00 | 11.7s
run39 step1|49|1.0|0.3|kp1|50|0.25|0: c1 0.914 c10 0.814 c50 0.813 static 0.810 fac1 0.535 fac10 -0.010 fac50 -0.011 frozen 0.21 nbin 300 sent level 0.382 lock 0.00 period None dead 0.00 | 5.7s
run39 step1|49|1.0|0.3|kp1|52|0.25|1: c1 0.710 c10 0.412 c50 0.399 static 0.411 fac1 0.502 fac10 -0.007 fac50 -0.020 frozen 0.01 nbin 300 sent level 0.153 lock 0.00 period None dead 0.00 | 6.6s
run39 step1|49|1.0|0.3|kp1|52|0.25|0: c1 0.895 c10 0.775 c50 0.767 static 0.765 fac1 0.550 fac10 0.027 fac50 -0.008 frozen 0.15 nbin 300 sent level 0.374 lock 0.00 period None dead 0.00 | 5.2s
run39 sig8_0|49|1.0|0.3|kp1|53|0.25|0: c1 0.967 c10 0.904 c50 0.900 static 0.899 fac1 0.651 fac10 -0.001 fac50 -0.019 frozen 0.38 nbin 300 sent level 0.494 lock 0.00 period None dead 0.00 | 8.8s
run39 sig4_0|49|1.0|0.3|kp1|53|0.25|0: c1 0.984 c10 0.929 c50 0.929 static 0.925 fac1 0.771 fac10 -0.001 fac50 -0.007 frozen 0.46 nbin 300 sent level 0.514 lock 0.00 period None dead 0.00 | 11.0s
run39 sig4_0|49|1.0|0.3|kp1|52|0.25|0: c1 0.981 c10 0.916 c50 0.916 static 0.916 fac1 0.777 fac10 -0.019 fac50 -0.009 frozen 0.42 nbin 300 sent level 0.512 lock 0.00 period None dead 0.00 | 11.4s
run39 step1|49|1.0|0.3|kp1|51|0.25|1: c1 0.720 c10 0.428 c50 0.427 static 0.439 fac1 0.503 fac10 -0.022 fac50 -0.015 frozen 0.01 nbin 300 sent level 0.149 lock 0.00 period None dead 0.00 | 8.9s
run39 step1|49|1.0|0.3|kp1|50|0.25|1: c1 0.731 c10 0.428 c50 0.448 static 0.437 fac1 0.523 fac10 -0.018 fac50 0.003 frozen 0.01 nbin 300 sent level 0.168 lock 0.00 period None dead 0.00 | 9.1s
run39 sig8_0|49|1.0|0.3|kp1|53|0.25|1: c1 0.995 c10 0.962 c50 0.965 static 0.964 fac1 0.877 fac10 -0.118 fac50 -0.027 frozen 0.67 nbin 300 sent level 0.532 lock 0.00 period None dead 0.00 | 11.9s
run39 step1|49|1.0|0.3|kp1|53|0.25|1: c1 0.750 c10 0.490 c50 0.501 static 0.490 fac1 0.504 fac10 -0.007 fac50 0.002 frozen 0.02 nbin 300 sent level 0.160 lock 0.00 period None dead 0.00 | 9.2s
run39 sig8_0|49|1.0|0.3|kp1|51|0.25|0: c1 0.968 c10 0.908 c50 0.908 static 0.906 fac1 0.642 fac10 0.010 fac50 -0.011 frozen 0.38 nbin 300 sent level 0.496 lock 0.00 period None dead 0.00 | 11.1s
run39 sig8_0|49|1.0|0.3|kp1|50|0.25|0: c1 0.967 c10 0.904 c50 0.906 static 0.903 fac1 0.639 fac10 -0.002 fac50 -0.015 frozen 0.36 nbin 300 sent level 0.514 lock 0.00 period None dead 0.00 | 12.1s
run39 sig8_0|49|1.0|0.3|kp1|52|0.25|0: c1 0.963 c10 0.897 c50 0.893 static 0.894 fac1 0.645 fac10 -0.018 fac50 -0.030 frozen 0.35 nbin 300 sent level 0.498 lock 0.00 period None dead 0.00 | 11.6s
run39 step1|49|1.0|0.3|kp1|51|0.25|0: c1 0.912 c10 0.809 c50 0.815 static 0.805 fac1 0.538 fac10 -0.006 fac50 0.003 frozen 0.17 nbin 300 sent level 0.370 lock 0.00 period None dead 0.00 | 9.8s
run39 tri0.3|49|1.0|0.3|kp1|50|0.25|1: c1 0.991 c10 0.950 c50 0.953 static 0.951 fac1 0.806 fac10 -0.028 fac50 0.005 frozen 0.60 nbin 300 sent level 0.459 lock 0.00 period None dead 0.00 | 8.1s
run39 step1|49|1.0|0.3|kp1|53|0.25|0: c1 0.895 c10 0.768 c50 0.770 static 0.764 fac1 0.538 fac10 -0.014 fac50 -0.018 frozen 0.14 nbin 300 sent level 0.372 lock 0.00 period None dead 0.00 | 9.3s
run39 raw|49|1.0|0.3|kp1|50|0.5|1: c1 0.993 c10 0.378 c50 0.906 static 0.004 fac1 0.989 fac10 0.364 fac50 0.755 frozen 0.08 nbin 299 sent level 0.000 lock 0.00 period None dead 0.00 | 4.3s
run39 raw|49|1.0|0.3|kp1|51|0.5|1: c1 0.992 c10 0.378 c50 0.853 static 0.056 fac1 0.988 fac10 0.332 fac50 0.706 frozen 0.02 nbin 300 sent level 0.002 lock 0.00 period None dead 0.00 | 4.2s
run39 tri0.3|49|1.0|0.3|kp1|51|0.25|1: c1 0.993 c10 0.969 c50 0.970 static 0.968 fac1 0.764 fac10 -0.025 fac50 -0.005 frozen 0.67 nbin 300 sent level 0.466 lock 0.00 period None dead 0.00 | 9.5s
run39 tri0.3|49|1.0|0.3|kp1|52|0.25|1: c1 0.989 c10 0.946 c50 0.948 static 0.949 fac1 0.785 fac10 -0.045 fac50 -0.004 frozen 0.58 nbin 300 sent level 0.466 lock 0.00 period None dead 0.00 | 9.5s
run39 raw|49|1.0|0.3|kp1|52|0.5|1: c1 0.998 c10 0.822 c50 -0.839 static 0.016 fac1 0.995 fac10 0.794 fac50 -0.703 frozen 0.05 nbin 300 sent level 0.000 lock 0.00 period None dead 0.00 | 4.2s
run39 raw|49|1.0|0.3|kp1|53|0.5|1: c1 0.985 c10 -0.063 c50 -0.645 static 0.048 fac1 0.981 fac10 -0.114 fac50 -0.612 frozen 0.03 nbin 300 sent level 0.001 lock 0.00 period None dead 0.00 | 3.2s
run39 tri0.3|49|1.0|0.3|kp1|50|0.25|0: c1 0.993 c10 0.963 c50 0.960 static 0.962 fac1 0.804 fac10 -0.025 fac50 -0.062 frozen 0.61 nbin 300 sent level 0.460 lock 0.00 period None dead 0.00 | 10.2s
run39 tri0.3|49|1.0|0.3|kp1|51|0.25|0: c1 0.994 c10 0.965 c50 0.968 static 0.967 fac1 0.821 fac10 -0.088 fac50 -0.001 frozen 0.62 nbin 300 sent level 0.467 lock 0.00 period None dead 0.00 | 10.1s
run39 tri0.3|49|1.0|0.3|kp1|53|0.25|1: c1 0.991 c10 0.958 c50 0.958 static 0.960 fac1 0.765 fac10 -0.038 fac50 -0.028 frozen 0.61 nbin 300 sent level 0.467 lock 0.00 period None dead 0.00 | 11.1s
run39 tri0.7|49|1.0|0.3|kp1|52|0.25|0: c1 0.999 c10 0.986 c50 0.984 static 0.986 fac1 0.949 fac10 -0.013 fac50 -0.162 frozen 0.78 nbin 300 sent level 0.395 lock 0.00 period None dead 0.00 | 8.5s
run39 tri0.7|49|1.0|0.3|kp1|51|0.25|1: c1 1.000 c10 0.997 c50 0.997 static 0.997 fac1 0.824 fac10 -0.378 fac50 -0.266 frozen 0.93 nbin 300 sent level 0.394 lock 0.00 period None dead 0.00 | 10.4s
run39 tri0.3|49|1.0|0.3|kp1|53|0.25|0: c1 0.990 c10 0.946 c50 0.949 static 0.948 fac1 0.795 fac10 -0.070 fac50 -0.035 frozen 0.54 nbin 300 sent level 0.471 lock 0.00 period None dead 0.00 | 11.2s
run39 tri0.7|49|1.0|0.3|kp1|53|0.25|1: c1 0.999 c10 0.995 c50 0.994 static 0.996 fac1 0.749 fac10 -0.188 fac50 -0.302 frozen 0.88 nbin 300 sent level 0.382 lock 0.00 period None dead 0.00 | 10.6s
run39 tri0.3|49|1.0|0.3|kp1|52|0.25|0: c1 0.987 c10 0.926 c50 0.932 static 0.932 fac1 0.812 fac10 -0.072 fac50 -0.010 frozen 0.48 nbin 300 sent level 0.469 lock 0.00 period None dead 0.00 | 12.8s
run39 relu|49|1.0|0.3|kp1|52|0.5|1: c1 1.000 c10 0.979 c50 0.980 static 0.967 fac1 0.987 fac10 0.350 fac50 0.344 frozen 0.77 nbin 300 sent level 0.315 lock 0.00 period None dead 0.00 | 4.9s
run39 tri0.7|49|1.0|0.3|kp1|50|0.25|1: c1 1.000 c10 0.997 c50 0.996 static 0.997 fac1 0.935 fac10 -0.095 fac50 -0.155 frozen 0.90 nbin 300 sent level 0.370 lock 0.00 period None dead 0.00 | 12.5s
run39 relu|49|1.0|0.3|kp1|50|0.5|1: c1 1.000 c10 1.000 c50 1.000 static 1.000 fac1 0.921 fac10 -0.067 fac50 -0.122 frozen 0.99 nbin 87 sent level 0.343 lock 0.88 period None dead 0.00 | 7.5s
run39 tri0.7|49|1.0|0.3|kp1|51|0.25|0: c1 1.000 c10 1.000 c50 1.000 static 1.000 fac1 0.929 fac10 -0.094 fac50 -0.104 frozen 0.96 nbin 288 sent level 0.393 lock 0.96 period None dead 0.00 | 11.4s
run39 relu|49|1.0|0.3|kp1|53|0.5|1: c1 1.000 c10 1.000 c50 1.000 static 1.000 fac1 0.855 fac10 -0.849 fac50 0.455 frozen 0.98 nbin 105 sent level 0.310 lock 0.61 period None dead 0.00 | 6.0s
run39 relu|49|1.0|0.3|kp1|51|0.5|1: c1 1.000 c10 0.983 c50 0.976 static 0.964 fac1 0.990 fac10 0.520 fac50 0.247 frozen 0.72 nbin 300 sent level 0.307 lock 0.00 period None dead 0.00 | 6.6s
run39 tri0.7|49|1.0|0.3|kp1|50|0.25|0: c1 1.000 c10 0.999 c50 1.000 static 0.999 fac1 0.920 fac10 -0.799 fac50 0.405 frozen 0.98 nbin 106 sent level 0.378 lock 0.69 period None dead 0.00 | 12.5s
run39 tri0.7|49|1.0|0.3|kp1|53|0.25|0: c1 1.000 c10 0.993 c50 0.994 static 0.994 fac1 0.949 fac10 -0.103 fac50 -0.042 frozen 0.83 nbin 300 sent level 0.381 lock 0.00 period None dead 0.00 | 12.3s
run39 tri0.7|49|1.0|0.3|kp1|52|0.25|1: c1 0.999 c10 0.985 c50 0.986 static 0.984 fac1 0.904 fac10 0.012 fac50 0.082 frozen 0.75 nbin 300 sent level 0.396 lock 0.00 period None dead 0.00 | 14.2s
run39 tri1.0|49|1.0|0.3|kp1|53|0.5|1: c1 1.000 c10 0.998 c50 0.994 static 0.996 fac1 0.984 fac10 0.601 fac50 -0.395 frozen 0.94 nbin 264 sent level 0.322 lock 0.51 period None dead 0.00 | 7.7s
run39 kwta4|49|1.0|0.3|kp1|51|0.5|1: c1 0.931 c10 0.330 c50 0.309 static 0.317 fac1 0.895 fac10 -0.012 fac50 -0.008 frozen 0.00 nbin 300 sent level 0.114 lock 0.00 period None dead 0.00 | 7.0s
run39 kwta4|49|1.0|0.3|kp1|50|0.5|1: c1 0.936 c10 0.389 c50 0.337 static 0.365 fac1 0.897 fac10 0.020 fac50 -0.039 frozen 0.01 nbin 300 sent level 0.116 lock 0.00 period None dead 0.00 | 7.8s
run39 sign|49|1.0|0.3|kp1|50|0.5|0: c1 0.899 c10 0.083 c50 -0.021 static 0.022 fac1 0.897 fac10 0.066 fac50 -0.036 frozen 0.00 nbin 300 sent level 0.000 lock 0.00 period None dead 0.00 | 6.1s
run39 kwta4|49|1.0|0.3|kp1|52|0.5|1: c1 0.929 c10 0.349 c50 0.287 static 0.315 fac1 0.896 fac10 0.034 fac50 -0.042 frozen 0.01 nbin 300 sent level 0.115 lock 0.00 period None dead 0.00 | 6.8s
run39 tri1.0|49|1.0|0.3|kp1|52|0.5|1: c1 1.000 c10 0.982 c50 0.983 static 0.978 fac1 0.980 fac10 0.177 fac50 0.143 frozen 0.72 nbin 300 sent level 0.337 lock 0.00 period None dead 0.00 | 9.5s
run39 sign|49|1.0|0.3|kp1|51|0.5|0: c1 0.901 c10 0.113 c50 0.018 static 0.037 fac1 0.897 fac10 0.079 fac50 -0.017 frozen 0.00 nbin 300 sent level 0.000 lock 0.00 period None dead 0.00 | 6.6s
run39 sign|49|1.0|0.3|kp1|52|0.5|0: c1 0.905 c10 0.152 c50 -0.049 static 0.033 fac1 0.901 fac10 0.123 fac50 -0.073 frozen 0.00 nbin 300 sent level 0.000 lock 0.00 period None dead 0.00 | 6.7s
run39 sign|49|1.0|0.3|kp1|53|0.5|0: c1 0.904 c10 0.117 c50 -0.005 static 0.043 fac1 0.899 fac10 0.078 fac50 -0.043 frozen 0.00 nbin 300 sent level 0.000 lock 0.00 period None dead 0.00 | 6.8s
run39 tri1.0|49|1.0|0.3|kp1|51|0.5|1: c1 1.000 c10 0.983 c50 0.955 static 0.963 fac1 0.990 fac10 0.511 fac50 -0.204 frozen 0.74 nbin 300 sent level 0.328 lock 0.00 period None dead 0.00 | 11.1s
run39 kwta4|49|1.0|0.3|kp1|53|0.5|1: c1 0.940 c10 0.413 c50 0.366 static 0.372 fac1 0.900 fac10 0.031 fac50 -0.024 frozen 0.02 nbin 300 sent level 0.115 lock 0.00 period None dead 0.00 | 8.8s
run39 tri1.0|49|1.0|0.3|kp1|50|0.5|1: c1 1.000 c10 0.999 c50 0.993 static 0.996 fac1 0.994 fac10 0.776 fac50 -0.648 frozen 0.93 nbin 266 sent level 0.323 lock 0.86 period None dead 0.00 | 13.7s
run39 step0|49|1.0|0.3|kp1|52|0.5|0: c1 0.985 c10 0.888 c50 0.884 static 0.888 fac1 0.866 fac10 -0.010 fac50 -0.041 frozen 0.36 nbin 300 sent level 0.485 lock 0.00 period None dead 0.00 | 8.4s
run39 tanh|49|1.0|0.3|kp1|53|0.5|1: c1 0.987 c10 0.399 c50 -0.032 static 0.085 fac1 0.982 fac10 0.320 fac50 -0.140 frozen 0.00 nbin 300 sent level 0.002 lock 0.00 period None dead 0.00 | 3.8s
run39 tanh|49|1.0|0.3|kp1|52|0.5|1: c1 0.988 c10 0.415 c50 -0.193 static 0.055 fac1 0.984 fac10 0.369 fac50 -0.224 frozen 0.00 nbin 300 sent level 0.000 lock 0.00 period None dead 0.00 | 4.5s
run39 tanh|49|1.0|0.3|kp1|51|0.5|1: c1 0.994 c10 0.695 c50 0.412 static 0.420 fac1 0.986 fac10 0.452 fac50 -0.047 frozen 0.04 nbin 300 sent level 0.008 lock 0.00 period None dead 0.00 | 4.6s
run39 tanh|49|1.0|0.3|kp1|50|0.5|1: c1 0.988 c10 0.405 c50 -0.029 static 0.031 fac1 0.984 fac10 0.374 fac50 -0.053 frozen 0.00 nbin 300 sent level 0.001 lock 0.00 period None dead 0.00 | 5.4s
run39 cstep|49|1.0|0.3|kp1|51|0.5|0: c1 0.987 c10 0.906 c50 0.908 static 0.905 fac1 0.865 fac10 0.007 fac50 0.013 frozen 0.39 nbin 300 sent level 0.492 lock 0.00 period None dead 0.00 | 9.6s
run39 tanh|49|1.0|0.3|kp1|52|0.5|0: c1 0.931 c10 0.087 c50 -0.049 static 0.019 fac1 0.929 fac10 0.069 fac50 -0.054 frozen 0.00 nbin 300 sent level 0.000 lock 0.00 period None dead 0.00 | 3.5s
run39 tanh|49|1.0|0.3|kp1|51|0.5|0: c1 0.934 c10 0.175 c50 -0.005 static 0.032 fac1 0.931 fac10 0.142 fac50 -0.032 frozen 0.00 nbin 300 sent level 0.001 lock 0.00 period None dead 0.00 | 5.0s
run39 step0|49|1.0|0.3|kp1|51|0.5|0: c1 0.987 c10 0.904 c50 0.896 static 0.896 fac1 0.874 fac10 0.057 fac50 -0.023 frozen 0.38 nbin 300 sent level 0.489 lock 0.00 period None dead 0.00 | 11.1s
run39 step0|49|1.0|0.3|kp1|50|0.5|0: c1 0.987 c10 0.901 c50 0.899 static 0.890 fac1 0.876 fac10 0.046 fac50 0.027 frozen 0.37 nbin 300 sent level 0.493 lock 0.00 period None dead 0.00 | 11.5s
run39 step0|49|1.0|0.3|kp1|53|0.5|0: c1 0.986 c10 0.896 c50 0.885 static 0.882 fac1 0.873 fac10 0.055 fac50 -0.036 frozen 0.36 nbin 300 sent level 0.481 lock 0.00 period None dead 0.00 | 11.2s
run39 cstep|49|1.0|0.3|kp1|50|0.5|0: c1 0.987 c10 0.905 c50 0.898 static 0.896 fac1 0.870 fac10 0.041 fac50 -0.036 frozen 0.37 nbin 300 sent level 0.506 lock 0.00 period None dead 0.00 | 11.0s
run39 cstep|49|1.0|0.3|kp1|52|0.5|0: c1 0.986 c10 0.900 c50 0.896 static 0.895 fac1 0.864 fac10 0.027 fac50 -0.009 frozen 0.38 nbin 300 sent level 0.504 lock 0.00 period None dead 0.00 | 10.5s
run39 wta|49|1.0|0.3|kp1|50|0.5|0: c1 0.739 c10 0.111 c50 0.106 static 0.133 fac1 0.713 fac10 -0.030 fac50 -0.021 frozen 0.00 nbin 300 sent level 0.031 lock 0.00 period None dead 0.00 | 9.2s
run39 tanh|49|1.0|0.3|kp1|50|0.5|0: c1 0.932 c10 0.129 c50 0.019 static 0.063 fac1 0.926 fac10 0.063 fac50 -0.032 frozen 0.00 nbin 300 sent level 0.001 lock 0.00 period None dead 0.00 | 7.0s
run39 wta|49|1.0|0.3|kp1|51|0.5|0: c1 0.747 c10 0.110 c50 0.112 static 0.120 fac1 0.723 fac10 -0.009 fac50 -0.008 frozen 0.00 nbin 300 sent level 0.031 lock 0.00 period None dead 0.00 | 9.5s
run39 wta|49|1.0|0.3|kp1|53|0.5|0: c1 0.746 c10 0.132 c50 0.121 static 0.136 fac1 0.719 fac10 -0.014 fac50 -0.017 frozen 0.00 nbin 300 sent level 0.031 lock 0.00 period None dead 0.00 | 9.0s
run39 cstep|49|1.0|0.3|kp1|53|0.5|0: c1 0.987 c10 0.905 c50 0.906 static 0.901 fac1 0.864 fac10 -0.000 fac50 0.004 frozen 0.40 nbin 300 sent level 0.492 lock 0.00 period None dead 0.00 | 12.2s
run39 wta|49|1.0|0.3|kp1|52|0.5|0: c1 0.736 c10 0.108 c50 0.096 static 0.119 fac1 0.717 fac10 -0.011 fac50 -0.021 frozen 0.00 nbin 300 sent level 0.031 lock 0.00 period None dead 0.00 | 10.9s
run39 tanh|49|1.0|0.3|kp1|53|0.5|0: c1 0.937 c10 0.180 c50 -0.003 static 0.064 fac1 0.932 fac10 0.126 fac50 -0.057 frozen 0.00 nbin 300 sent level 0.001 lock 0.00 period None dead 0.00 | 7.4s
run39 sig4_0|49|1.0|0.3|kp1|53|0.5|1: c1 1.000 c10 1.000 c50 1.000 static 1.000 fac1 -0.076 fac10 -0.818 fac50 -0.706 frozen 0.99 nbin 4 sent level 0.603 lock 0.63 period 4 dead 0.00 | 9.2s
run39 step1|49|1.0|0.3|kp1|50|0.5|1: c1 0.931 c10 0.528 c50 0.525 static 0.520 fac1 0.855 fac10 0.002 fac50 0.007 frozen 0.04 nbin 300 sent level 0.170 lock 0.00 period None dead 0.00 | 5.6s
run39 sig4_0|49|1.0|0.3|kp1|53|0.5|0: c1 0.994 c10 0.913 c50 0.906 static 0.906 fac1 0.929 fac10 0.034 fac50 -0.038 frozen 0.43 nbin 300 sent level 0.501 lock 0.00 period None dead 0.00 | 7.8s
run39 sig8_0|49|1.0|0.3|kp1|53|0.5|1: c1 0.999 c10 0.972 c50 0.961 static 0.965 fac1 0.972 fac10 0.103 fac50 -0.140 frozen 0.70 nbin 300 sent level 0.537 lock 0.00 period None dead 0.00 | 7.9s
run39 sig4_0|49|1.0|0.3|kp1|50|0.5|1: c1 1.000 c10 1.000 c50 1.000 static 1.000 fac1 -0.025 fac10 -0.917 fac50 -0.791 frozen 1.00 nbin 3 sent level 0.606 lock 0.88 period 4 dead 0.00 | 11.2s
run39 sig4_0|49|1.0|0.3|kp1|50|0.5|0: c1 0.994 c10 0.916 c50 0.916 static 0.915 fac1 0.926 fac10 0.035 fac50 -0.020 frozen 0.43 nbin 300 sent level 0.523 lock 0.00 period None dead 0.00 | 11.0s
run39 sig4_0|49|1.0|0.3|kp1|51|0.5|1: c1 1.000 c10 1.000 c50 1.000 static 1.000 fac1 -0.115 fac10 -0.743 fac50 -0.640 frozen 1.00 nbin 3 sent level 0.600 lock 0.80 period 4 dead 0.00 | 11.9s
run39 sig8_0|49|1.0|0.3|kp1|50|0.5|1: c1 0.999 c10 0.975 c50 0.961 static 0.965 fac1 0.978 fac10 0.282 fac50 -0.098 frozen 0.70 nbin 300 sent level 0.551 lock 0.00 period None dead 0.00 | 10.6s
run39 sig4_0|49|1.0|0.3|kp1|52|0.5|1: c1 1.000 c10 1.000 c50 1.000 static 1.000 fac1 -0.083 fac10 -0.807 fac50 -0.696 frozen 0.99 nbin 4 sent level 0.599 lock 0.86 period 4 dead 0.00 | 12.6s
run39 sig8_0|49|1.0|0.3|kp1|52|0.5|0: c1 0.990 c10 0.892 c50 0.881 static 0.888 fac1 0.905 fac10 0.040 fac50 -0.071 frozen 0.38 nbin 300 sent level 0.499 lock 0.00 period None dead 0.00 | 9.7s
run39 step1|49|1.0|0.3|kp1|53|0.5|1: c1 0.938 c10 0.571 c50 0.566 static 0.559 fac1 0.850 fac10 0.002 fac50 -0.009 frozen 0.06 nbin 300 sent level 0.157 lock 0.00 period None dead 0.00 | 7.0s
run39 step1|49|1.0|0.3|kp1|51|0.5|1: c1 0.928 c10 0.500 c50 0.469 static 0.487 fac1 0.857 fac10 0.029 fac50 -0.024 frozen 0.03 nbin 300 sent level 0.151 lock 0.00 period None dead 0.00 | 8.9s
run39 sig4_0|49|1.0|0.3|kp1|52|0.5|0: c1 0.993 c10 0.905 c50 0.903 static 0.906 fac1 0.928 fac10 0.007 fac50 -0.019 frozen 0.42 nbin 300 sent level 0.507 lock 0.00 period None dead 0.00 | 13.4s
run39 step1|49|1.0|0.3|kp1|51|0.5|0: c1 0.982 c10 0.870 c50 0.863 static 0.863 fac1 0.867 fac10 0.034 fac50 -0.005 frozen 0.29 nbin 300 sent level 0.410 lock 0.00 period None dead 0.00 | 5.3s
run39 sig8_0|49|1.0|0.3|kp1|50|0.5|0: c1 0.990 c10 0.902 c50 0.895 static 0.899 fac1 0.898 fac10 0.009 fac50 -0.029 frozen 0.38 nbin 300 sent level 0.509 lock 0.00 period None dead 0.00 | 12.5s
run39 sig8_0|49|1.0|0.3|kp1|52|0.5|1: c1 0.999 c10 0.981 c50 0.978 static 0.982 fac1 0.968 fac10 -0.039 fac50 -0.197 frozen 0.78 nbin 300 sent level 0.536 lock 0.00 period None dead 0.00 | 13.1s
run39 sig4_0|49|1.0|0.3|kp1|51|0.5|0: c1 0.994 c10 0.919 c50 0.909 static 0.912 fac1 0.928 fac10 0.065 fac50 -0.039 frozen 0.42 nbin 300 sent level 0.505 lock 0.00 period None dead 0.00 | 14.6s
run39 step1|49|1.0|0.3|kp1|52|0.5|1: c1 0.928 c10 0.490 c50 0.453 static 0.473 fac1 0.859 fac10 0.011 fac50 -0.027 frozen 0.03 nbin 300 sent level 0.155 lock 0.00 period None dead 0.00 | 10.4s
run39 sig8_0|49|1.0|0.3|kp1|51|0.5|0: c1 0.991 c10 0.910 c50 0.900 static 0.905 fac1 0.905 fac10 0.067 fac50 -0.021 frozen 0.38 nbin 300 sent level 0.494 lock 0.00 period None dead 0.00 | 12.7s
run39 sig8_0|49|1.0|0.3|kp1|51|0.5|1: c1 1.000 c10 0.987 c50 0.962 static 0.965 fac1 0.986 fac10 0.549 fac50 -0.188 frozen 0.73 nbin 300 sent level 0.544 lock 0.00 period None dead 0.00 | 15.1s
run39 step1|49|1.0|0.3|kp1|53|0.5|0: c1 0.980 c10 0.850 c50 0.842 static 0.832 fac1 0.874 fac10 0.051 fac50 -0.006 frozen 0.26 nbin 300 sent level 0.419 lock 0.00 period None dead 0.00 | 7.6s
run39 sig8_0|49|1.0|0.3|kp1|53|0.5|0: c1 0.991 c10 0.906 c50 0.898 static 0.895 fac1 0.907 fac10 0.047 fac50 -0.022 frozen 0.38 nbin 300 sent level 0.493 lock 0.00 period None dead 0.00 | 13.7s
run39 tri0.3|49|1.0|0.3|kp1|50|0.5|1: c1 0.998 c10 0.958 c50 0.953 static 0.954 fac1 0.952 fac10 0.050 fac50 -0.020 frozen 0.63 nbin 300 sent level 0.454 lock 0.00 period None dead 0.00 | 8.2s
run39 step1|49|1.0|0.3|kp1|52|0.5|0: c1 0.979 c10 0.843 c50 0.822 static 0.834 fac1 0.877 fac10 0.055 fac50 -0.051 frozen 0.25 nbin 300 sent level 0.402 lock 0.00 period None dead 0.00 | 9.3s
run39 step1|49|1.0|0.3|kp1|50|0.5|0: c1 0.983 c10 0.863 c50 0.852 static 0.852 fac1 0.876 fac10 0.038 fac50 -0.038 frozen 0.30 nbin 300 sent level 0.428 lock 0.00 period None dead 0.00 | 10.4s
run39 raw|49|1.0|0.3|kp1|52|0.75|1: c1 1.000 c10 0.955 c50 0.244 static 0.029 fac1 0.997 fac10 0.930 fac50 0.228 frozen 0.05 nbin 300 sent level 0.000 lock 0.00 period None dead 0.00 | 3.0s
run39 tri0.3|49|1.0|0.3|kp1|51|0.5|0: c1 0.999 c10 0.969 c50 0.966 static 0.965 fac1 0.954 fac10 0.091 fac50 -0.020 frozen 0.63 nbin 300 sent level 0.467 lock 0.00 period None dead 0.00 | 8.5s
run39 tri0.3|49|1.0|0.3|kp1|51|0.5|1: c1 0.999 c10 0.971 c50 0.972 static 0.968 fac1 0.951 fac10 0.078 fac50 0.068 frozen 0.71 nbin 300 sent level 0.466 lock 0.00 period None dead 0.00 | 10.3s
run39 raw|49|1.0|0.3|kp1|51|0.75|1: c1 0.999 c10 0.924 c50 0.324 static 0.384 fac1 0.993 fac10 0.823 fac50 -0.118 frozen 0.09 nbin 300 sent level 0.007 lock 0.00 period None dead 0.00 | 5.3s
run39 raw|49|1.0|0.3|kp1|50|0.75|1: c1 1.000 c10 0.994 c50 0.937 static 0.938 fac1 0.995 fac10 0.871 fac50 -0.040 frozen 0.69 nbin 298 sent level 0.019 lock 0.31 period None dead 0.00 | 5.6s
run39 tri0.3|49|1.0|0.3|kp1|53|0.5|0: c1 0.998 c10 0.957 c50 0.960 static 0.960 fac1 0.947 fac10 -0.020 fac50 0.008 frozen 0.61 nbin 300 sent level 0.474 lock 0.00 period None dead 0.00 | 9.9s
run39 tri0.3|49|1.0|0.3|kp1|52|0.5|0: c1 0.997 c10 0.940 c50 0.933 static 0.933 fac1 0.953 fac10 0.065 fac50 -0.043 frozen 0.53 nbin 300 sent level 0.470 lock 0.00 period None dead 0.00 | 10.3s
run39 raw|49|1.0|0.3|kp1|53|0.75|1: c1 0.998 c10 0.839 c50 -0.028 static 0.160 fac1 0.995 fac10 0.783 fac50 -0.172 frozen 0.02 nbin 300 sent level 0.003 lock 0.00 period None dead 0.00 | 4.9s
run39 tri0.7|49|1.0|0.3|kp1|51|0.5|1: c1 1.000 c10 0.999 c50 0.998 static 0.998 fac1 0.985 fac10 0.498 fac50 -0.070 frozen 0.94 nbin 299 sent level 0.395 lock 0.63 period None dead 0.00 | 9.7s
run39 tri0.7|49|1.0|0.3|kp1|52|0.5|0: c1 1.000 c10 0.994 c50 0.984 static 0.987 fac1 0.988 fac10 0.517 fac50 -0.215 frozen 0.81 nbin 300 sent level 0.395 lock 0.00 period None dead 0.00 | 8.4s
run39 tri0.3|49|1.0|0.3|kp1|52|0.5|1: c1 0.997 c10 0.947 c50 0.940 static 0.943 fac1 0.954 fac10 0.059 fac50 -0.044 frozen 0.59 nbin 300 sent level 0.466 lock 0.00 period None dead 0.00 | 12.9s
run39 tri0.3|49|1.0|0.3|kp1|53|0.5|1: c1 0.998 c10 0.966 c50 0.963 static 0.962 fac1 0.948 fac10 0.070 fac50 0.014 frozen 0.64 nbin 300 sent level 0.467 lock 0.00 period None dead 0.00 | 12.3s
run39 tri0.7|49|1.0|0.3|kp1|50|0.5|1: c1 1.000 c10 0.999 c50 0.999 static 0.999 fac1 0.980 fac10 0.295 fac50 0.137 frozen 0.94 nbin 300 sent level 0.369 lock 0.82 period None dead 0.00 | 11.0s
run39 tri0.7|49|1.0|0.3|kp1|51|0.5|0: c1 1.000 c10 1.000 c50 0.999 static 0.999 fac1 0.987 fac10 0.734 fac50 0.197 frozen 0.94 nbin 205 sent level 0.393 lock 1.00 period None dead 0.00 | 9.5s
run39 tri0.7|49|1.0|0.3|kp1|50|0.5|0: c1 1.000 c10 1.000 c50 1.000 static 1.000 fac1 0.965 fac10 -0.734 fac50 0.799 frozen 0.99 nbin 22 sent level 0.379 lock 1.00 period None dead 0.00 | 10.1s
run39 tri0.7|49|1.0|0.3|kp1|52|0.5|1: c1 1.000 c10 0.986 c50 0.966 static 0.975 fac1 0.986 fac10 0.460 fac50 -0.252 frozen 0.75 nbin 300 sent level 0.399 lock 0.00 period None dead 0.00 | 10.7s
run39 tri0.3|49|1.0|0.3|kp1|50|0.5|0: c1 0.998 c10 0.968 c50 0.956 static 0.958 fac1 0.957 fac10 0.152 fac50 -0.096 frozen 0.62 nbin 300 sent level 0.454 lock 0.00 period None dead 0.00 | 13.8s
run39 relu|49|1.0|0.3|kp1|50|0.75|1: c1 1.000 c10 1.000 c50 1.000 static 1.000 fac1 0.995 fac10 0.937 fac50 0.415 frozen 0.99 nbin 63 sent level 0.343 lock 0.94 period None dead 0.00 | 7.2s
run39 relu|49|1.0|0.3|kp1|51|0.75|1: c1 1.000 c10 0.998 c50 0.977 static 0.969 fac1 0.993 fac10 0.883 fac50 0.140 frozen 0.79 nbin 281 sent level 0.307 lock 0.94 period None dead 0.00 | 6.0s
run39 relu|49|1.0|0.3|kp1|53|0.75|1: c1 1.000 c10 1.000 c50 1.000 static 1.000 fac1 0.978 fac10 0.249 fac50 0.786 frozen 0.99 nbin 44 sent level 0.310 lock 0.92 period None dead 0.00 | 6.5s
run39 relu|49|1.0|0.3|kp1|52|0.75|1: c1 1.000 c10 0.995 c50 0.950 static 0.968 fac1 0.994 fac10 0.808 fac50 -0.463 frozen 0.79 nbin 292 sent level 0.315 lock 0.45 period None dead 0.00 | 6.6s
run39 tri0.7|49|1.0|0.3|kp1|53|0.5|0: c1 1.000 c10 0.999 c50 0.998 static 0.998 fac1 0.988 fac10 0.427 fac50 0.001 frozen 0.91 nbin 281 sent level 0.378 lock 1.00 period None dead 0.00 | 11.3s
run39 sign|49|1.0|0.3|kp1|51|0.75|0: c1 0.983 c10 0.509 c50 0.106 static 0.088 fac1 0.979 fac10 0.453 fac50 0.005 frozen 0.00 nbin 300 sent level 0.001 lock 0.00 period None dead 0.00 | 3.5s
run39 tri1.0|49|1.0|0.3|kp1|50|0.75|1: c1 1.000 c10 1.000 c50 0.998 static 0.997 fac1 0.997 fac10 0.930 fac50 0.184 frozen 0.95 nbin 201 sent level 0.323 lock 0.94 period None dead 0.00 | 7.0s
run39 sign|49|1.0|0.3|kp1|53|0.75|0: c1 0.983 c10 0.488 c50 -0.062 static 0.065 fac1 0.979 fac10 0.437 fac50 -0.102 frozen 0.00 nbin 300 sent level 0.000 lock 0.00 period None dead 0.00 | 4.6s
run39 tri0.7|49|1.0|0.3|kp1|53|0.5|1: c1 1.000 c10 0.999 c50 0.999 static 0.999 fac1 0.950 fac10 -0.027 fac50 -0.264 frozen 0.96 nbin 275 sent level 0.385 lock 0.55 period None dead 0.00 | 15.0s
run39 kwta4|49|1.0|0.3|kp1|50|0.75|1: c1 0.989 c10 0.632 c50 0.406 static 0.396 fac1 0.978 fac10 0.374 fac50 -0.016 frozen 0.03 nbin 300 sent level 0.116 lock 0.00 period None dead 0.00 | 7.2s
run39 kwta4|49|1.0|0.3|kp1|52|0.75|1: c1 0.989 c10 0.595 c50 0.302 static 0.355 fac1 0.978 fac10 0.354 fac50 -0.082 frozen 0.04 nbin 300 sent level 0.116 lock 0.00 period None dead 0.00 | 6.4s
run39 sign|49|1.0|0.3|kp1|52|0.75|0: c1 0.984 c10 0.522 c50 0.043 static 0.055 fac1 0.981 fac10 0.495 fac50 -0.016 frozen 0.00 nbin 300 sent level 0.001 lock 0.00 period None dead 0.00 | 6.0s
run39 sign|49|1.0|0.3|kp1|50|0.75|0: c1 0.984 c10 0.521 c50 0.068 static 0.069 fac1 0.980 fac10 0.464 fac50 0.000 frozen 0.00 nbin 300 sent level 0.001 lock 0.00 period None dead 0.00 | 6.9s
run39 step0|49|1.0|0.3|kp1|52|0.75|0: c1 0.998 c10 0.934 c50 0.881 static 0.892 fac1 0.974 fac10 0.368 fac50 -0.061 frozen 0.43 nbin 300 sent level 0.481 lock 0.00 period None dead 0.00 | 5.1s
run39 tri1.0|49|1.0|0.3|kp1|53|0.75|1: c1 1.000 c10 1.000 c50 0.999 static 0.999 fac1 0.994 fac10 0.872 fac50 -0.297 frozen 0.98 nbin 123 sent level 0.319 lock 0.92 period None dead 0.00 | 8.8s
run39 cstep|49|1.0|0.3|kp1|52|0.75|0: c1 0.998 c10 0.944 c50 0.902 static 0.898 fac1 0.976 fac10 0.418 fac50 -0.078 frozen 0.44 nbin 300 sent level 0.501 lock 0.00 period None dead 0.00 | 5.5s
run39 cstep|49|1.0|0.3|kp1|53|0.75|0: c1 0.998 c10 0.940 c50 0.896 static 0.901 fac1 0.975 fac10 0.377 fac50 -0.057 frozen 0.44 nbin 300 sent level 0.494 lock 0.00 period None dead 0.00 | 5.7s
run39 cstep|49|1.0|0.3|kp1|51|0.75|0: c1 0.998 c10 0.941 c50 0.900 static 0.903 fac1 0.973 fac10 0.336 fac50 -0.072 frozen 0.45 nbin 300 sent level 0.496 lock 0.00 period None dead 0.00 | 6.0s
run39 tanh|49|1.0|0.3|kp1|50|0.75|1: c1 0.998 c10 0.810 c50 -0.011 static 0.079 fac1 0.994 fac10 0.760 fac50 -0.095 frozen 0.00 nbin 300 sent level 0.001 lock 0.00 period None dead 0.00 | 3.6s
run39 wta|49|1.0|0.3|kp1|50|0.75|0: c1 0.957 c10 0.314 c50 0.145 static 0.164 fac1 0.949 fac10 0.172 fac50 -0.030 frozen 0.00 nbin 300 sent level 0.031 lock 0.00 period None dead 0.00 | 5.2s
run39 step0|49|1.0|0.3|kp1|50|0.75|0: c1 0.998 c10 0.940 c50 0.899 static 0.898 fac1 0.974 fac10 0.369 fac50 -0.033 frozen 0.43 nbin 300 sent level 0.496 lock 0.00 period None dead 0.00 | 9.6s
run39 tri1.0|49|1.0|0.3|kp1|52|0.75|1: c1 1.000 c10 0.992 c50 0.954 static 0.972 fac1 0.994 fac10 0.704 fac50 -0.540 frozen 0.77 nbin 300 sent level 0.335 lock 0.04 period None dead 0.00 | 12.0s
run39 tanh|49|1.0|0.3|kp1|50|0.75|0: c1 0.987 c10 0.525 c50 0.003 static 0.089 fac1 0.982 fac10 0.471 fac50 -0.073 frozen 0.00 nbin 300 sent level 0.001 lock 0.00 period None dead 0.00 | 3.3s
run39 tanh|49|1.0|0.3|kp1|53|0.75|1: c1 0.997 c10 0.764 c50 -0.203 static 0.051 fac1 0.993 fac10 0.722 fac50 -0.225 frozen 0.00 nbin 300 sent level 0.000 lock 0.00 period None dead 0.00 | 3.6s
run39 step0|49|1.0|0.3|kp1|51|0.75|0: c1 0.998 c10 0.939 c50 0.896 static 0.900 fac1 0.976 fac10 0.396 fac50 -0.065 frozen 0.43 nbin 300 sent level 0.473 lock 0.00 period None dead 0.00 | 9.5s
run39 wta|49|1.0|0.3|kp1|53|0.75|0: c1 0.959 c10 0.321 c50 0.143 static 0.164 fac1 0.951 fac10 0.186 fac50 -0.025 frozen 0.00 nbin 300 sent level 0.031 lock 0.00 period None dead 0.00 | 5.3s
run39 tanh|49|1.0|0.3|kp1|51|0.75|1: c1 0.999 c10 0.901 c50 0.341 static 0.213 fac1 0.994 fac10 0.831 fac50 0.086 frozen 0.02 nbin 300 sent level 0.006 lock 0.00 period None dead 0.00 | 4.7s
run39 tri1.0|49|1.0|0.3|kp1|51|0.75|1: c1 1.000 c10 0.994 c50 0.944 static 0.958 fac1 0.996 fac10 0.835 fac50 -0.299 frozen 0.76 nbin 298 sent level 0.328 lock 0.24 period None dead 0.00 | 13.2s
run39 step0|49|1.0|0.3|kp1|53|0.75|0: c1 0.998 c10 0.933 c50 0.889 static 0.894 fac1 0.974 fac10 0.326 fac50 -0.062 frozen 0.42 nbin 300 sent level 0.481 lock 0.00 period None dead 0.00 | 9.4s
run39 kwta4|49|1.0|0.3|kp1|53|0.75|1: c1 0.990 c10 0.664 c50 0.394 static 0.438 fac1 0.978 fac10 0.357 fac50 -0.059 frozen 0.05 nbin 300 sent level 0.116 lock 0.00 period None dead 0.00 | 12.4s
run39 tanh|49|1.0|0.3|kp1|52|0.75|0: c1 0.987 c10 0.534 c50 0.039 static 0.099 fac1 0.983 fac10 0.474 fac50 -0.069 frozen 0.00 nbin 300 sent level 0.002 lock 0.00 period None dead 0.00 | 3.3s
run39 kwta4|49|1.0|0.3|kp1|51|0.75|1: c1 0.989 c10 0.597 c50 0.345 static 0.375 fac1 0.978 fac10 0.324 fac50 -0.039 frozen 0.03 nbin 300 sent level 0.115 lock 0.00 period None dead 0.00 | 13.2s
run39 tanh|49|1.0|0.3|kp1|53|0.75|0: c1 0.987 c10 0.511 c50 0.027 static 0.065 fac1 0.982 fac10 0.465 fac50 -0.033 frozen 0.00 nbin 300 sent level 0.001 lock 0.00 period None dead 0.00 | 3.5s
run39 tanh|49|1.0|0.3|kp1|52|0.75|1: c1 0.998 c10 0.826 c50 0.051 static 0.057 fac1 0.994 fac10 0.787 fac50 0.008 frozen 0.00 nbin 300 sent level 0.001 lock 0.00 period None dead 0.00 | 6.3s
run39 cstep|49|1.0|0.3|kp1|50|0.75|0: c1 0.998 c10 0.939 c50 0.900 static 0.904 fac1 0.973 fac10 0.321 fac50 -0.063 frozen 0.44 nbin 300 sent level 0.499 lock 0.00 period None dead 0.00 | 10.6s
run39 wta|49|1.0|0.3|kp1|52|0.75|0: c1 0.955 c10 0.300 c50 0.129 static 0.157 fac1 0.947 fac10 0.159 fac50 -0.027 frozen 0.00 nbin 300 sent level 0.031 lock 0.00 period None dead 0.00 | 9.7s
run39 wta|49|1.0|0.3|kp1|51|0.75|0: c1 0.953 c10 0.289 c50 0.133 static 0.157 fac1 0.944 fac10 0.149 fac50 -0.025 frozen 0.00 nbin 300 sent level 0.031 lock 0.00 period None dead 0.00 | 9.9s
run39 tanh|49|1.0|0.3|kp1|51|0.75|0: c1 0.986 c10 0.523 c50 -0.026 static 0.087 fac1 0.982 fac10 0.469 fac50 -0.099 frozen 0.00 nbin 300 sent level 0.002 lock 0.00 period None dead 0.00 | 6.3s
run39 sig4_0|49|1.0|0.3|kp1|50|0.75|1: c1 1.000 c10 1.000 c50 1.000 static 1.000 fac1 -0.021 fac10 -0.924 fac50 -0.796 frozen 1.00 nbin 1 sent level 0.606 lock 0.94 period 4 dead 0.00 | 6.4s
run39 sig4_0|49|1.0|0.3|kp1|51|0.75|1: c1 1.000 c10 1.000 c50 1.000 static 1.000 fac1 -0.093 fac10 -0.787 fac50 -0.678 frozen 1.00 nbin 2 sent level 0.600 lock 0.94 period 4 dead 0.00 | 6.5s
run39 sig4_0|49|1.0|0.3|kp1|50|0.75|0: c1 0.998 c10 0.941 c50 0.892 static 0.892 fac1 0.982 fac10 0.421 fac50 -0.032 frozen 0.43 nbin 300 sent level 0.510 lock 0.00 period None dead 0.00 | 6.1s
run39 sig4_0|49|1.0|0.3|kp1|51|0.75|0: c1 0.999 c10 0.953 c50 0.899 static 0.905 fac1 0.983 fac10 0.464 fac50 -0.061 frozen 0.48 nbin 300 sent level 0.492 lock 0.00 period None dead 0.00 | 6.3s
run39 sig4_0|49|1.0|0.3|kp1|53|0.75|0: c1 0.998 c10 0.940 c50 0.894 static 0.896 fac1 0.980 fac10 0.379 fac50 -0.056 frozen 0.45 nbin 300 sent level 0.489 lock 0.00 period None dead 0.00 | 6.3s
run39 sig8_0|49|1.0|0.3|kp1|50|0.75|1: c1 1.000 c10 0.992 c50 0.971 static 0.974 fac1 0.992 fac10 0.669 fac50 -0.082 frozen 0.77 nbin 300 sent level 0.550 lock 0.04 period None dead 0.00 | 6.4s
run39 sig8_0|49|1.0|0.3|kp1|50|0.75|0: c1 0.998 c10 0.937 c50 0.897 static 0.897 fac1 0.978 fac10 0.350 fac50 -0.071 frozen 0.44 nbin 300 sent level 0.505 lock 0.00 period None dead 0.00 | 6.3s
run39 sig8_0|49|1.0|0.3|kp1|52|0.75|0: c1 0.998 c10 0.932 c50 0.876 static 0.881 fac1 0.979 fac10 0.405 fac50 -0.084 frozen 0.42 nbin 300 sent level 0.493 lock 0.00 period None dead 0.00 | 6.0s
run39 step1|49|1.0|0.3|kp1|50|0.75|0: c1 0.997 c10 0.924 c50 0.870 static 0.885 fac1 0.974 fac10 0.329 fac50 -0.109 frozen 0.38 nbin 300 sent level 0.455 lock 0.00 period None dead 0.00 | 5.0s
run39 sig4_0|49|1.0|0.3|kp1|52|0.75|1: c1 1.000 c10 1.000 c50 1.000 static 1.000 fac1 -0.064 fac10 -0.843 fac50 -0.726 frozen 1.00 nbin 3 sent level 0.599 lock 0.94 period 4 dead 0.00 | 11.1s
run39 step1|49|1.0|0.3|kp1|52|0.75|0: c1 0.997 c10 0.922 c50 0.853 static 0.868 fac1 0.976 fac10 0.412 fac50 -0.079 frozen 0.37 nbin 300 sent level 0.451 lock 0.00 period None dead 0.00 | 4.8s
run39 step1|49|1.0|0.3|kp1|51|0.75|0: c1 0.998 c10 0.936 c50 0.878 static 0.885 fac1 0.975 fac10 0.396 fac50 -0.082 frozen 0.41 nbin 300 sent level 0.448 lock 0.00 period None dead 0.00 | 5.0s
run39 sig4_0|49|1.0|0.3|kp1|53|0.75|1: c1 1.000 c10 1.000 c50 1.000 static 1.000 fac1 -0.058 fac10 -0.855 fac50 -0.737 frozen 1.00 nbin 4 sent level 0.602 lock 0.92 period 4 dead 0.00 | 11.2s
run39 sig4_0|49|1.0|0.3|kp1|52|0.75|0: c1 0.998 c10 0.941 c50 0.899 static 0.895 fac1 0.981 fac10 0.421 fac50 -0.027 frozen 0.44 nbin 300 sent level 0.505 lock 0.00 period None dead 0.00 | 10.8s
run39 step1|49|1.0|0.3|kp1|53|0.75|0: c1 0.997 c10 0.921 c50 0.870 static 0.873 fac1 0.974 fac10 0.353 fac50 -0.064 frozen 0.37 nbin 300 sent level 0.448 lock 0.00 period None dead 0.00 | 5.0s
run39 sig8_0|49|1.0|0.3|kp1|51|0.75|1: c1 1.000 c10 0.998 c50 0.985 static 0.986 fac1 0.995 fac10 0.827 fac50 -0.037 frozen 0.85 nbin 284 sent level 0.543 lock 0.94 period None dead 0.00 | 11.4s
run39 sig8_0|49|1.0|0.3|kp1|52|0.75|1: c1 1.000 c10 0.994 c50 0.976 static 0.982 fac1 0.992 fac10 0.671 fac50 -0.285 frozen 0.82 nbin 300 sent level 0.543 lock 0.27 period None dead 0.00 | 11.0s
run39 step1|49|1.0|0.3|kp1|50|0.75|1: c1 0.989 c10 0.699 c50 0.504 static 0.538 fac1 0.973 fac10 0.350 fac50 -0.060 frozen 0.09 nbin 300 sent level 0.162 lock 0.00 period None dead 0.00 | 9.6s
run39 sig8_0|49|1.0|0.3|kp1|53|0.75|1: c1 1.000 c10 0.992 c50 0.964 static 0.971 fac1 0.992 fac10 0.677 fac50 -0.270 frozen 0.77 nbin 300 sent level 0.537 lock 0.06 period None dead 0.00 | 11.5s
run39 sig8_0|49|1.0|0.3|kp1|51|0.75|0: c1 0.998 c10 0.943 c50 0.905 static 0.902 fac1 0.978 fac10 0.406 fac50 0.013 frozen 0.46 nbin 300 sent level 0.484 lock 0.00 period None dead 0.00 | 11.2s
run39 tri0.3|49|1.0|0.3|kp1|50|0.75|1: c1 1.000 c10 0.983 c50 0.944 static 0.952 fac1 0.991 fac10 0.628 fac50 -0.108 frozen 0.67 nbin 300 sent level 0.458 lock 0.00 period None dead 0.00 | 6.6s
run39 tri0.3|49|1.0|0.3|kp1|51|0.75|1: c1 1.000 c10 0.986 c50 0.965 static 0.963 fac1 0.990 fac10 0.599 fac50 0.051 frozen 0.72 nbin 300 sent level 0.462 lock 0.00 period None dead 0.00 | 6.7s
run39 step1|49|1.0|0.3|kp1|52|0.75|1: c1 0.988 c10 0.663 c50 0.471 static 0.516 fac1 0.971 fac10 0.290 fac50 -0.067 frozen 0.08 nbin 300 sent level 0.147 lock 0.00 period None dead 0.00 | 9.3s
run39 sig8_0|49|1.0|0.3|kp1|53|0.75|0: c1 0.998 c10 0.943 c50 0.893 static 0.895 fac1 0.979 fac10 0.431 fac50 -0.041 frozen 0.45 nbin 300 sent level 0.480 lock 0.00 period None dead 0.00 | 11.3s
run39 step1|49|1.0|0.3|kp1|51|0.75|1: c1 0.989 c10 0.695 c50 0.480 static 0.497 fac1 0.973 fac10 0.361 fac50 -0.057 frozen 0.07 nbin 300 sent level 0.157 lock 0.00 period None dead 0.00 | 9.7s
run39 step1|49|1.0|0.3|kp1|53|0.75|1: c1 0.990 c10 0.726 c50 0.480 static 0.532 fac1 0.974 fac10 0.384 fac50 -0.083 frozen 0.09 nbin 300 sent level 0.158 lock 0.00 period None dead 0.00 | 9.6s
run39 tri0.3|49|1.0|0.3|kp1|52|0.75|1: c1 1.000 c10 0.979 c50 0.945 static 0.954 fac1 0.988 fac10 0.526 fac50 -0.165 frozen 0.68 nbin 300 sent level 0.465 lock 0.00 period None dead 0.00 | 6.4s
run39 tri0.3|49|1.0|0.3|kp1|53|0.75|1: c1 1.000 c10 0.985 c50 0.962 static 0.958 fac1 0.990 fac10 0.617 fac50 0.014 frozen 0.69 nbin 300 sent level 0.466 lock 0.00 period None dead 0.00 | 6.7s
run39 raw|49|1.0|0.3|kp1|50|0.9|1: c1 1.000 c10 0.987 c50 0.747 static 0.472 fac1 0.995 fac10 0.934 fac50 0.379 frozen 0.28 nbin 299 sent level 0.009 lock 0.00 period None dead 0.00 | 3.0s
run39 raw|49|1.0|0.3|kp1|51|0.9|1: c1 1.000 c10 0.992 c50 0.818 static 0.540 fac1 0.994 fac10 0.925 fac50 0.423 frozen 0.31 nbin 298 sent level 0.012 lock 0.02 period None dead 0.00 | 3.0s
run39 tri0.3|49|1.0|0.3|kp1|50|0.75|0: c1 1.000 c10 0.985 c50 0.970 static 0.967 fac1 0.988 fac10 0.509 fac50 0.039 frozen 0.70 nbin 300 sent level 0.458 lock 0.00 period None dead 0.00 | 6.4s
run39 tri0.3|49|1.0|0.3|kp1|52|0.75|0: c1 1.000 c10 0.978 c50 0.931 static 0.932 fac1 0.990 fac10 0.622 fac50 -0.094 frozen 0.58 nbin 300 sent level 0.468 lock 0.00 period None dead 0.00 | 6.2s
run39 tri0.3|49|1.0|0.3|kp1|53|0.75|0: c1 1.000 c10 0.982 c50 0.955 static 0.961 fac1 0.988 fac10 0.507 fac50 -0.191 frozen 0.65 nbin 300 sent level 0.472 lock 0.00 period None dead 0.00 | 6.5s
run39 tri0.7|49|1.0|0.3|kp1|52|0.75|1: c1 1.000 c10 0.998 c50 0.986 static 0.988 fac1 0.994 fac10 0.783 fac50 -0.136 frozen 0.85 nbin 296 sent level 0.399 lock 0.90 period None dead 0.00 | 6.6s
run39 relu|49|1.0|0.3|kp1|52|0.9|1: c1 1.000 c10 1.000 c50 0.992 static 0.983 fac1 0.994 fac10 0.919 fac50 0.344 frozen 0.87 nbin 217 sent level 0.317 lock 0.94 period None dead 0.00 | 3.4s
run39 relu|49|1.0|0.3|kp1|53|0.9|1: c1 1.000 c10 1.000 c50 1.000 static 1.000 fac1 0.994 fac10 0.836 fac50 -0.646 frozen 0.99 nbin 56 sent level 0.310 lock 0.96 period None dead 0.00 | 3.5s
run39 raw|49|1.0|0.3|kp1|52|0.9|1: c1 1.000 c10 0.993 c50 0.844 static 0.469 fac1 0.992 fac10 0.910 fac50 0.457 frozen 0.23 nbin 298 sent level 0.004 lock 0.00 period None dead 0.00 | 5.1s
run39 raw|49|1.0|0.3|kp1|53|0.9|1: c1 1.000 c10 0.986 c50 0.704 static 0.320 fac1 0.994 fac10 0.922 fac50 0.387 frozen 0.16 nbin 300 sent level 0.004 lock 0.00 period None dead 0.00 | 5.4s
run39 relu|49|1.0|0.3|kp1|50|0.9|1: c1 1.000 c10 1.000 c50 1.000 static 1.000 fac1 0.991 fac10 0.907 fac50 0.513 frozen 0.98 nbin 81 sent level 0.346 lock 0.98 period None dead 0.00 | 6.4s
run39 relu|49|1.0|0.3|kp1|51|0.9|1: c1 1.000 c10 1.000 c50 0.998 static 0.994 fac1 0.991 fac10 0.900 fac50 0.383 frozen 0.91 nbin 169 sent level 0.313 lock 0.98 period None dead 0.00 | 6.3s
run39 tri0.7|49|1.0|0.3|kp1|50|0.75|0: c1 1.000 c10 1.000 c50 1.000 static 1.000 fac1 0.995 fac10 0.835 fac50 -0.347 frozen 1.00 nbin 15 sent level 0.378 lock 1.00 period None dead 0.00 | 8.8s
run39 tri0.3|49|1.0|0.3|kp1|51|0.75|0: c1 1.000 c10 0.988 c50 0.958 static 0.966 fac1 0.990 fac10 0.600 fac50 -0.244 frozen 0.69 nbin 300 sent level 0.468 lock 0.00 period None dead 0.00 | 12.1s
run39 tri1.0|49|1.0|0.3|kp1|50|0.9|1: c1 1.000 c10 1.000 c50 0.999 static 0.998 fac1 0.993 fac10 0.920 fac50 0.485 frozen 0.96 nbin 95 sent level 0.321 lock 0.98 period None dead 0.00 | 6.7s
run39 tri1.0|49|1.0|0.3|kp1|52|0.9|1: c1 1.000 c10 0.999 c50 0.988 static 0.987 fac1 0.996 fac10 0.921 fac50 0.083 frozen 0.87 nbin 250 sent level 0.340 lock 0.94 period None dead 0.00 | 6.5s
run39 tri1.0|49|1.0|0.3|kp1|51|0.9|1: c1 1.000 c10 1.000 c50 0.990 static 0.979 fac1 0.994 fac10 0.923 fac50 0.393 frozen 0.84 nbin 240 sent level 0.327 lock 0.98 period None dead 0.00 | 6.7s
run39 tri0.7|49|1.0|0.3|kp1|50|0.75|1: c1 1.000 c10 1.000 c50 0.999 static 0.999 fac1 0.994 fac10 0.739 fac50 -0.536 frozen 0.96 nbin 254 sent level 0.370 lock 0.94 period None dead 0.00 | 12.7s
run39 kwta4|49|1.0|0.3|kp1|50|0.9|1: c1 0.999 c10 0.896 c50 0.417 static 0.463 fac1 0.993 fac10 0.771 fac50 -0.097 frozen 0.12 nbin 300 sent level 0.117 lock 0.00 period None dead 0.00 | 6.5s
run39 tri0.7|49|1.0|0.3|kp1|51|0.75|1: c1 1.000 c10 1.000 c50 0.998 static 0.998 fac1 0.991 fac10 0.804 fac50 -0.074 frozen 0.95 nbin 236 sent level 0.394 lock 0.94 period None dead 0.00 | 12.7s
run39 kwta4|49|1.0|0.3|kp1|52|0.9|1: c1 0.999 c10 0.900 c50 0.412 static 0.421 fac1 0.994 fac10 0.797 fac50 -0.051 frozen 0.11 nbin 300 sent level 0.117 lock 0.00 period None dead 0.00 | 6.3s
run39 kwta4|49|1.0|0.3|kp1|51|0.9|1: c1 0.999 c10 0.898 c50 0.415 static 0.460 fac1 0.993 fac10 0.781 fac50 -0.070 frozen 0.12 nbin 300 sent level 0.116 lock 0.00 period None dead 0.00 | 6.5s
run39 sign|49|1.0|0.3|kp1|50|0.9|0: c1 0.998 c10 0.874 c50 0.235 static 0.162 fac1 0.994 fac10 0.822 fac50 0.073 frozen 0.00 nbin 300 sent level 0.001 lock 0.00 period None dead 0.00 | 5.9s
run39 tri0.7|49|1.0|0.3|kp1|52|0.75|0: c1 1.000 c10 0.999 c50 0.991 static 0.988 fac1 0.996 fac10 0.858 fac50 0.153 frozen 0.85 nbin 281 sent level 0.394 lock 1.00 period None dead 0.00 | 11.7s
run39 tri0.7|49|1.0|0.3|kp1|53|0.75|1: c1 1.000 c10 1.000 c50 0.998 static 0.997 fac1 0.990 fac10 0.832 fac50 0.117 frozen 0.94 nbin 211 sent level 0.383 lock 0.92 period None dead 0.00 | 12.6s
run39 kwta4|49|1.0|0.3|kp1|53|0.9|1: c1 0.999 c10 0.902 c50 0.432 static 0.461 fac1 0.994 fac10 0.792 fac50 -0.044 frozen 0.12 nbin 300 sent level 0.117 lock 0.00 period None dead 0.00 | 6.5s
run39 tri0.7|49|1.0|0.3|kp1|51|0.75|0: c1 1.000 c10 1.000 c50 0.999 static 0.998 fac1 0.995 fac10 0.923 fac50 0.449 frozen 0.95 nbin 118 sent level 0.391 lock 1.00 period None dead 0.00 | 12.2s
run39 sign|49|1.0|0.3|kp1|51|0.9|0: c1 0.998 c10 0.875 c50 0.294 static 0.219 fac1 0.993 fac10 0.807 fac50 0.059 frozen 0.00 nbin 300 sent level 0.002 lock 0.00 period None dead 0.00 | 6.1s
run39 tri0.7|49|1.0|0.3|kp1|53|0.75|0: c1 1.000 c10 1.000 c50 0.998 static 0.998 fac1 0.993 fac10 0.823 fac50 0.127 frozen 0.93 nbin 200 sent level 0.379 lock 1.00 period None dead 0.00 | 12.3s
run39 step0|49|1.0|0.3|kp1|50|0.9|0: c1 1.000 c10 0.983 c50 0.910 static 0.905 fac1 0.993 fac10 0.791 fac50 0.043 frozen 0.53 nbin 300 sent level 0.497 lock 0.00 period None dead 0.00 | 4.9s
run39 sign|49|1.0|0.3|kp1|52|0.9|0: c1 0.998 c10 0.871 c50 0.268 static 0.206 fac1 0.993 fac10 0.807 fac50 0.055 frozen 0.01 nbin 300 sent level 0.002 lock 0.00 period None dead 0.00 | 5.9s
run39 sign|49|1.0|0.3|kp1|53|0.9|0: c1 0.998 c10 0.856 c50 0.142 static 0.207 fac1 0.993 fac10 0.792 fac50 -0.079 frozen 0.00 nbin 300 sent level 0.002 lock 0.00 period None dead 0.00 | 6.0s
run39 step0|49|1.0|0.3|kp1|52|0.9|0: c1 1.000 c10 0.981 c50 0.907 static 0.912 fac1 0.992 fac10 0.752 fac50 -0.043 frozen 0.55 nbin 300 sent level 0.492 lock 0.00 period None dead 0.00 | 4.8s
run39 step0|49|1.0|0.3|kp1|53|0.9|0: c1 1.000 c10 0.984 c50 0.910 static 0.904 fac1 0.994 fac10 0.796 fac50 0.006 frozen 0.54 nbin 300 sent level 0.473 lock 0.00 period None dead 0.00 | 5.0s
run39 tanh|49|1.0|0.3|kp1|51|0.9|1: c1 1.000 c10 0.975 c50 0.625 static 0.400 fac1 0.995 fac10 0.913 fac50 0.265 frozen 0.17 nbin 300 sent level 0.008 lock 0.00 period None dead 0.00 | 3.7s
run39 cstep|49|1.0|0.3|kp1|50|0.9|0: c1 1.000 c10 0.982 c50 0.908 static 0.914 fac1 0.992 fac10 0.753 fac50 -0.092 frozen 0.54 nbin 300 sent level 0.502 lock 0.00 period None dead 0.00 | 5.7s
run39 cstep|49|1.0|0.3|kp1|52|0.9|0: c1 1.000 c10 0.984 c50 0.919 static 0.916 fac1 0.992 fac10 0.756 fac50 -0.022 frozen 0.57 nbin 300 sent level 0.499 lock 0.00 period None dead 0.00 | 5.5s
run39 tanh|49|1.0|0.3|kp1|51|0.9|0: c1 0.998 c10 0.864 c50 0.221 static 0.160 fac1 0.993 fac10 0.804 fac50 0.044 frozen 0.00 nbin 300 sent level 0.004 lock 0.00 period None dead 0.00 | 3.4s
run39 wta|49|1.0|0.3|kp1|50|0.9|0: c1 0.994 c10 0.718 c50 0.122 static 0.200 fac1 0.989 fac10 0.634 fac50 -0.070 frozen 0.00 nbin 300 sent level 0.031 lock 0.00 period None dead 0.00 | 5.2s
run39 tri1.0|49|1.0|0.3|kp1|53|0.9|1: c1 1.000 c10 1.000 c50 1.000 static 0.999 fac1 0.994 fac10 0.925 fac50 0.427 frozen 0.97 nbin 71 sent level 0.321 lock 0.96 period None dead 0.00 | 12.7s
run39 wta|49|1.0|0.3|kp1|51|0.9|0: c1 0.994 c10 0.708 c50 0.136 static 0.193 fac1 0.989 fac10 0.632 fac50 -0.068 frozen 0.00 nbin 300 sent level 0.031 lock 0.00 period None dead 0.00 | 5.3s
run39 tanh|49|1.0|0.3|kp1|50|0.9|1: c1 1.000 c10 0.975 c50 0.624 static 0.542 fac1 0.995 fac10 0.900 fac50 0.124 frozen 0.25 nbin 300 sent level 0.013 lock 0.00 period None dead 0.00 | 6.5s
run39 tanh|49|1.0|0.3|kp1|52|0.9|1: c1 1.000 c10 0.976 c50 0.627 static 0.391 fac1 0.993 fac10 0.900 fac50 0.218 frozen 0.16 nbin 300 sent level 0.006 lock 0.00 period None dead 0.00 | 6.3s
run39 tanh|49|1.0|0.3|kp1|50|0.9|0: c1 0.998 c10 0.869 c50 0.232 static 0.203 fac1 0.994 fac10 0.810 fac50 0.025 frozen 0.01 nbin 300 sent level 0.003 lock 0.00 period None dead 0.00 | 6.0s
run39 tanh|49|1.0|0.3|kp1|53|0.9|1: c1 1.000 c10 0.966 c50 0.480 static 0.311 fac1 0.995 fac10 0.912 fac50 0.181 frozen 0.13 nbin 300 sent level 0.003 lock 0.00 period None dead 0.00 | 6.6s
run39 step0|49|1.0|0.3|kp1|51|0.9|0: c1 1.000 c10 0.983 c50 0.920 static 0.919 fac1 0.992 fac10 0.753 fac50 -0.045 frozen 0.57 nbin 300 sent level 0.470 lock 0.00 period None dead 0.00 | 9.3s
run39 tanh|49|1.0|0.3|kp1|52|0.9|0: c1 0.998 c10 0.876 c50 0.315 static 0.227 fac1 0.993 fac10 0.804 fac50 0.054 frozen 0.00 nbin 300 sent level 0.003 lock 0.00 period None dead 0.00 | 6.1s
run39 tanh|49|1.0|0.3|kp1|53|0.9|0: c1 0.998 c10 0.858 c50 0.182 static 0.211 fac1 0.993 fac10 0.789 fac50 -0.052 frozen 0.00 nbin 300 sent level 0.004 lock 0.00 period None dead 0.00 | 6.2s
run39 wta|49|1.0|0.3|kp1|52|0.9|0: c1 0.994 c10 0.736 c50 0.200 static 0.248 fac1 0.989 fac10 0.635 fac50 -0.090 frozen 0.00 nbin 300 sent level 0.031 lock 0.00 period None dead 0.00 | 9.5s
run39 sig4_0|49|1.0|0.3|kp1|50|0.9|1: c1 1.000 c10 1.000 c50 1.000 static 1.000 fac1 -0.012 fac10 -0.843 fac50 -0.728 frozen 1.00 nbin 1 sent level 0.606 lock 0.96 period 4 dead 0.00 | 6.4s
run39 sig4_0|49|1.0|0.3|kp1|51|0.9|1: c1 1.000 c10 1.000 c50 1.000 static 1.000 fac1 -0.088 fac10 -0.780 fac50 -0.672 frozen 1.00 nbin 1 sent level 0.600 lock 0.96 period 4 dead 0.00 | 6.4s
run39 cstep|49|1.0|0.3|kp1|51|0.9|0: c1 1.000 c10 0.984 c50 0.913 static 0.910 fac1 0.993 fac10 0.772 fac50 -0.030 frozen 0.56 nbin 300 sent level 0.495 lock 0.00 period None dead 0.00 | 11.0s
run39 wta|49|1.0|0.3|kp1|53|0.9|0: c1 0.995 c10 0.751 c50 0.149 static 0.218 fac1 0.990 fac10 0.663 fac50 -0.100 frozen 0.01 nbin 300 sent level 0.031 lock 0.00 period None dead 0.00 | 10.0s
run39 sig4_0|49|1.0|0.3|kp1|52|0.9|1: c1 1.000 c10 1.000 c50 1.000 static 1.000 fac1 -0.049 fac10 -0.751 fac50 -0.647 frozen 1.00 nbin 2 sent level 0.599 lock 0.94 period 4 dead 0.00 | 6.2s
run39 cstep|49|1.0|0.3|kp1|53|0.9|0: c1 1.000 c10 0.983 c50 0.905 static 0.911 fac1 0.993 fac10 0.764 fac50 -0.106 frozen 0.55 nbin 300 sent level 0.505 lock 0.00 period None dead 0.00 | 11.0s
run39 sig4_0|49|1.0|0.3|kp1|53|0.9|1: c1 1.000 c10 1.000 c50 1.000 static 1.000 fac1 -0.053 fac10 -0.835 fac50 -0.720 frozen 1.00 nbin 3 sent level 0.602 lock 0.96 period 4 dead 0.00 | 6.4s
run39 sig4_0|49|1.0|0.3|kp1|50|0.9|0: c1 1.000 c10 0.982 c50 0.907 static 0.909 fac1 0.993 fac10 0.766 fac50 -0.063 frozen 0.53 nbin 300 sent level 0.503 lock 0.00 period None dead 0.00 | 6.3s
run39 sig4_0|49|1.0|0.3|kp1|51|0.9|0: c1 1.000 c10 0.983 c50 0.911 static 0.916 fac1 0.993 fac10 0.771 fac50 -0.038 frozen 0.56 nbin 300 sent level 0.490 lock 0.00 period None dead 0.00 | 6.3s
run39 sig4_0|49|1.0|0.3|kp1|52|0.9|0: c1 1.000 c10 0.983 c50 0.904 static 0.908 fac1 0.994 fac10 0.780 fac50 -0.052 frozen 0.54 nbin 300 sent level 0.478 lock 0.00 period None dead 0.00 | 6.1s
run39 sig8_0|49|1.0|0.3|kp1|50|0.9|1: c1 1.000 c10 0.999 c50 0.991 static 0.981 fac1 0.994 fac10 0.919 fac50 0.354 frozen 0.85 nbin 237 sent level 0.555 lock 0.94 period None dead 0.00 | 6.4s
run39 step1|49|1.0|0.3|kp1|52|0.9|1: c1 0.999 c10 0.916 c50 0.587 static 0.579 fac1 0.992 fac10 0.762 fac50 -0.023 frozen 0.18 nbin 300 sent level 0.154 lock 0.00 period None dead 0.00 | 5.0s
run39 step1|49|1.0|0.3|kp1|51|0.9|1: c1 0.999 c10 0.912 c50 0.588 static 0.570 fac1 0.992 fac10 0.750 fac50 -0.046 frozen 0.18 nbin 300 sent level 0.151 lock 0.00 period None dead 0.00 | 5.3s
run39 step1|49|1.0|0.3|kp1|51|0.9|0: c1 1.000 c10 0.980 c50 0.903 static 0.906 fac1 0.992 fac10 0.758 fac50 -0.075 frozen 0.53 nbin 300 sent level 0.481 lock 0.00 period None dead 0.00 | 5.0s
run39 step1|49|1.0|0.3|kp1|53|0.9|0: c1 1.000 c10 0.983 c50 0.903 static 0.902 fac1 0.993 fac10 0.771 fac50 -0.088 frozen 0.55 nbin 300 sent level 0.479 lock 0.00 period None dead 0.00 | 5.0s
run39 sig4_0|49|1.0|0.3|kp1|53|0.9|0: c1 1.000 c10 0.983 c50 0.909 static 0.915 fac1 0.992 fac10 0.758 fac50 -0.087 frozen 0.55 nbin 300 sent level 0.481 lock 0.00 period None dead 0.00 | 10.9s
run39 tri0.3|49|1.0|0.3|kp1|52|0.9|1: c1 1.000 c10 0.995 c50 0.951 static 0.957 fac1 0.994 fac10 0.845 fac50 -0.100 frozen 0.74 nbin 297 sent level 0.466 lock 0.27 period None dead 0.00 | 6.4s
run39 tri0.3|49|1.0|0.3|kp1|50|0.9|1: c1 1.000 c10 0.996 c50 0.966 static 0.971 fac1 0.995 fac10 0.839 fac50 -0.135 frozen 0.78 nbin 290 sent level 0.461 lock 0.80 period None dead 0.00 | 6.6s
run39 tri0.3|49|1.0|0.3|kp1|51|0.9|1: c1 1.000 c10 0.996 c50 0.969 static 0.973 fac1 0.995 fac10 0.832 fac50 -0.074 frozen 0.78 nbin 299 sent level 0.466 lock 0.63 period None dead 0.00 | 6.7s
run39 sig8_0|49|1.0|0.3|kp1|52|0.9|1: c1 1.000 c10 0.999 c50 0.992 static 0.990 fac1 0.993 fac10 0.876 fac50 0.044 frozen 0.88 nbin 240 sent level 0.534 lock 0.94 period None dead 0.00 | 11.1s
run39 sig8_0|49|1.0|0.3|kp1|51|0.9|1: c1 1.000 c10 0.999 c50 0.990 static 0.978 fac1 0.993 fac10 0.913 fac50 0.350 frozen 0.84 nbin 239 sent level 0.547 lock 0.96 period None dead 0.00 | 11.5s
run39 tri0.3|49|1.0|0.3|kp1|53|0.9|1: c1 1.000 c10 0.998 c50 0.977 static 0.970 fac1 0.995 fac10 0.887 fac50 0.166 frozen 0.79 nbin 293 sent level 0.474 lock 0.94 period None dead 0.00 | 6.7s
run39 sig8_0|49|1.0|0.3|kp1|50|0.9|0: c1 1.000 c10 0.982 c50 0.912 static 0.917 fac1 0.992 fac10 0.738 fac50 -0.108 frozen 0.54 nbin 300 sent level 0.501 lock 0.00 period None dead 0.00 | 11.1s
run39 sig8_0|49|1.0|0.3|kp1|52|0.9|0: c1 1.000 c10 0.980 c50 0.894 static 0.899 fac1 0.993 fac10 0.768 fac50 -0.108 frozen 0.51 nbin 300 sent level 0.491 lock 0.00 period None dead 0.00 | 10.9s
run39 sig8_0|49|1.0|0.3|kp1|53|0.9|1: c1 1.000 c10 0.999 c50 0.981 static 0.979 fac1 0.996 fac10 0.915 fac50 0.105 frozen 0.82 nbin 279 sent level 0.540 lock 0.96 period None dead 0.00 | 11.5s
run39 sig8_0|49|1.0|0.3|kp1|51|0.9|0: c1 1.000 c10 0.983 c50 0.911 static 0.922 fac1 0.993 fac10 0.767 fac50 -0.071 frozen 0.57 nbin 300 sent level 0.482 lock 0.00 period None dead 0.00 | 11.2s
run39 step1|49|1.0|0.3|kp1|50|0.9|1: c1 0.999 c10 0.919 c50 0.577 static 0.606 fac1 0.992 fac10 0.755 fac50 -0.102 frozen 0.21 nbin 300 sent level 0.174 lock 0.00 period None dead 0.00 | 9.6s
run39 sig8_0|49|1.0|0.3|kp1|53|0.9|0: c1 1.000 c10 0.982 c50 0.908 static 0.907 fac1 0.993 fac10 0.771 fac50 -0.065 frozen 0.54 nbin 300 sent level 0.488 lock 0.00 period None dead 0.00 | 11.2s
run39 step1|49|1.0|0.3|kp1|52|0.9|0: c1 1.000 c10 0.977 c50 0.887 static 0.892 fac1 0.993 fac10 0.757 fac50 -0.053 frozen 0.51 nbin 300 sent level 0.475 lock 0.00 period None dead 0.00 | 9.0s
run39 step1|49|1.0|0.3|kp1|50|0.9|0: c1 1.000 c10 0.982 c50 0.903 static 0.908 fac1 0.994 fac10 0.770 fac50 -0.048 frozen 0.53 nbin 300 sent level 0.484 lock 0.00 period None dead 0.00 | 9.2s
run39 step1|49|1.0|0.3|kp1|53|0.9|1: c1 0.999 c10 0.912 c50 0.594 static 0.635 fac1 0.992 fac10 0.741 fac50 -0.088 frozen 0.20 nbin 300 sent level 0.158 lock 0.00 period None dead 0.00 | 9.7s
run39 tri0.3|49|1.0|0.3|kp1|50|0.9|0: c1 1.000 c10 0.997 c50 0.976 static 0.976 fac1 0.995 fac10 0.851 fac50 -0.039 frozen 0.79 nbin 290 sent level 0.454 lock 0.98 period None dead 0.00 | 6.3s
run39 tri0.3|49|1.0|0.3|kp1|51|0.9|0: c1 1.000 c10 0.999 c50 0.987 static 0.983 fac1 0.995 fac10 0.875 fac50 0.158 frozen 0.83 nbin 270 sent level 0.470 lock 1.00 period None dead 0.00 | 6.4s
run39 tri0.3|49|1.0|0.3|kp1|52|0.9|0: c1 1.000 c10 0.995 c50 0.959 static 0.952 fac1 0.994 fac10 0.847 fac50 -0.016 frozen 0.69 nbin 299 sent level 0.472 lock 0.37 period None dead 0.00 | 6.1s
run39 tri0.3|49|1.0|0.3|kp1|53|0.9|0: c1 1.000 c10 0.996 c50 0.968 static 0.963 fac1 0.995 fac10 0.856 fac50 0.023 frozen 0.72 nbin 297 sent level 0.466 lock 0.59 period None dead 0.00 | 6.4s
run39 tri0.7|49|1.0|0.3|kp1|52|0.9|1: c1 1.000 c10 0.999 c50 0.991 static 0.980 fac1 0.995 fac10 0.924 fac50 0.388 frozen 0.85 nbin 247 sent level 0.393 lock 0.94 period None dead 0.00 | 6.5s
run39 tri0.7|49|1.0|0.3|kp1|51|0.9|1: c1 1.000 c10 1.000 c50 0.999 static 0.999 fac1 0.992 fac10 0.909 fac50 0.399 frozen 0.97 nbin 81 sent level 0.400 lock 0.98 period None dead 0.00 | 6.7s
run39 tri0.7|49|1.0|0.3|kp1|52|0.9|0: c1 1.000 c10 1.000 c50 0.997 static 0.991 fac1 0.994 fac10 0.930 fac50 0.460 frozen 0.90 nbin 172 sent level 0.393 lock 1.00 period None dead 0.00 | 6.2s
run39 tri0.7|49|1.0|0.3|kp1|53|0.9|1: c1 1.000 c10 1.000 c50 0.998 static 0.997 fac1 0.997 fac10 0.935 fac50 0.289 frozen 0.95 nbin 165 sent level 0.385 lock 0.96 period None dead 0.00 | 6.7s
run39 tri0.7|49|1.0|0.3|kp1|50|0.9|0: c1 1.000 c10 1.000 c50 1.000 static 1.000 fac1 0.994 fac10 0.872 fac50 -0.261 frozen 0.99 nbin 34 sent level 0.378 lock 1.00 period None dead 0.00 | 8.0s
run39 tri0.7|49|1.0|0.3|kp1|51|0.9|0: c1 1.000 c10 1.000 c50 1.000 static 1.000 fac1 0.993 fac10 0.914 fac50 0.416 frozen 0.98 nbin 50 sent level 0.391 lock 1.00 period None dead 0.00 | 7.9s
run39 tri0.7|49|1.0|0.3|kp1|53|0.9|0: c1 1.000 c10 1.000 c50 0.999 static 0.998 fac1 0.995 fac10 0.921 fac50 0.273 frozen 0.95 nbin 104 sent level 0.379 lock 1.00 period None dead 0.00 | 7.7s
run39 tri0.7|49|1.0|0.3|kp1|50|0.9|1: c1 1.000 c10 1.000 c50 0.999 static 0.999 fac1 0.995 fac10 0.924 fac50 0.284 frozen 0.96 nbin 140 sent level 0.369 lock 0.98 period None dead 0.00 | 10.4s
