run39|raw|0.1|none|0.9|0|50|code: blowup at step 566 | sent 1:1 10:1.4 100:3.4e+04 | 2.9s
run39|raw|0.1|none|0.9|0|51|code: blowup at step 548 | sent 1:1 10:1.4 100:7e+04 | 2.9s
run39|raw|0.1|none|0.0|0|51|code: dead at step 11 shape decaying ratio 0 silent 1.00 resting 1.00 active 0.00 move 0 | sent 1:1 10:1.9e-06 100:0 1000:0 2000:0 | 5.8s
run39|raw|0.1|none|0.0|1|50|code: dead at step 11 shape decaying ratio 0 silent 1.00 resting 1.00 active 0.00 move 0 | sent 1:1 10:3.9e-06 100:0 1000:0 2000:0 | 6.2s
run39|raw|0.1|none|0.5|1|50|code: dead at step 30 shape decaying ratio 0 silent 1.00 resting 1.00 active 0.00 move 0 | sent 1:1 10:0.035 100:1.3e-13 1000:0 2000:0 | 6.7s
run39|raw|0.1|none|0.0|0|50|code: dead at step 11 shape decaying ratio 0 silent 1.00 resting 1.00 active 0.00 move 0 | sent 1:1 10:1.5e-06 100:0 1000:0 2000:0 | 9.8s
run39|raw|0.1|none|0.5|0|51|code: dead at step 28 shape decaying ratio 0 silent 1.00 resting 1.00 active 0.00 move 0 | sent 1:1 10:0.027 100:1.3e-14 1000:0 2000:0 | 10.4s
run39|raw|0.1|none|0.5|0|50|code: dead at step 27 shape decaying ratio 0 silent 1.00 resting 1.00 active 0.00 move 0 | sent 1:1 10:0.024 100:4e-15 1000:0 2000:0 | 10.5s
run39|raw|0.1|none|0.0|1|51|code: dead at step 11 shape decaying ratio 0 silent 1.00 resting 1.00 active 0.00 move 0 | sent 1:1 10:4.8e-06 100:0 1000:0 2000:0 | 10.7s
run39|raw|0.1|none|0.5|1|51|code: dead at step 32 shape decaying ratio 0 silent 1.00 resting 1.00 active 0.00 move 0 | sent 1:1 10:0.04 100:4.3e-13 1000:0 2000:0 | 11.1s
run39|raw|0.1|none|0.9|1|50|code: alive shape flat ratio 0.998 silent 0.00 resting 0.00 active 0.96 move 0.0247 lock 0.00 static 0.016 pr 2.0 | sent 1:1 10:1.2 100:1 1000:1 2000:1 | 11.1s
run39|raw|0.1|none|0.9|1|51|code: alive shape flat ratio 0.998 silent 0.00 resting 0.00 active 0.96 move 0.0142 lock 0.00 static 0.488 pr 2.0 | sent 1:1 10:1.2 100:1 1000:1 2000:1 | 11.1s
run39|raw|0.1|kp1|0.0|1|50|code: cycle period 4 shape decaying ratio 0.005 silent 0.00 resting 0.75 active 0.00 move 1.46 lock 0.00 static 0.344 pr 2.5 | sent 1:1 10:0.0054 100:0.005 1000:0.005 2000:0.005 | 7.2s
run39|raw|0.1|none|0.5|0|50|leak: dead at step 18 shape decaying ratio 0 silent 1.00 resting 1.00 active 0.00 move 0 | sent 1:0.99 10:0.0058 100:2.2e-22 1000:0 2000:0 | 15.5s
run39|raw|0.1|none|0.5|0|51|leak: dead at step 19 shape decaying ratio 0 silent 1.00 resting 1.00 active 0.00 move 0 | sent 1:0.98 10:0.0059 100:4.7e-22 1000:0 2000:0 | 15.7s
run39|raw|0.1|none|0.5|1|50|leak: dead at step 19 shape decaying ratio 0 silent 1.00 resting 1.00 active 0.00 move 0 | sent 1:0.99 10:0.0074 100:1.8e-21 1000:0 2000:0 | 16.1s
run39|raw|0.1|none|0.5|1|51|leak: dead at step 20 shape decaying ratio 0 silent 1.00 resting 1.00 active 0.00 move 0 | sent 1:0.98 10:0.0076 100:3.9e-21 1000:0 2000:0 | 16.5s
run39|raw|0.1|kp1|0.9|0|51|code: blowup at step 548 | sent 1:1 10:1.4 100:7.1e+04 | 1.7s
run39|raw|0.1|none|0.9|1|50|leak: dead at step 109 shape decaying ratio 0 silent 0.01 resting 1.00 active 0.00 move 0 | sent 1:0.98 10:0.43 100:0.0002 1000:0 2000:0 | 14.9s
run39|raw|0.1|kp1|0.5|1|51|code: cycle period 4 shape decaying ratio 0.00676 silent 0.00 resting 0.24 active 0.00 move 0.774 lock 0.00 static 0.987 pr 2.2 | sent 1:1 10:0.04 100:0.0068 1000:0.0068 2000:0.0068 | 6.7s
run39|raw|0.1|kp1|0.9|0|50|code: blowup at step 566 | sent 1:1 10:1.4 100:3.4e+04 | 3.0s
run39|raw|0.1|none|0.9|1|51|leak: dead at step 110 shape decaying ratio 0 silent 0.01 resting 1.00 active 0.00 move 0 | sent 1:0.98 10:0.43 100:0.00022 1000:0 2000:0 | 16.8s
run39|raw|0.1|none|0.9|0|51|leak: dead at step 105 shape decaying ratio 0 silent 0.01 resting 1.00 active 0.00 move 0 | sent 1:0.98 10:0.38 100:0.00015 1000:0 2000:0 | 13.9s
run39|raw|0.1|kp1|0.0|0|50|code: cycle period 4 shape decaying ratio 0.00447 silent 0.00 resting 0.77 active 0.00 move 1.46 lock 0.00 static 0.346 pr 2.5 | sent 1:1 10:0.0048 100:0.0045 1000:0.0045 2000:0.0045 | 10.2s
run39|raw|0.1|kp1|0.0|0|51|code: cycle period 4 shape decaying ratio 0.00423 silent 0.00 resting 0.60 active 0.00 move 1.4 lock 0.00 static 0.282 pr 2.6 | sent 1:1 10:0.0048 100:0.0043 1000:0.0043 2000:0.0043 | 10.3s
run39|raw|0.1|kp1|0.0|1|51|code: cycle period 4 shape decaying ratio 0.00476 silent 0.00 resting 0.58 active 0.00 move 1.4 lock 0.00 static 0.283 pr 2.6 | sent 1:1 10:0.0054 100:0.0048 1000:0.0048 2000:0.0048 | 11.2s
run39|raw|0.1|none|0.9|0|50|leak: dead at step 105 shape decaying ratio 0 silent 0.01 resting 1.00 active 0.00 move 0 | sent 1:0.98 10:0.39 100:0.00014 1000:0 2000:0 | 16.2s
run39|raw|0.1|kp1|0.5|0|50|code: cycle period 4 shape decaying ratio 0.0055 silent 0.00 resting 0.61 active 0.00 move 0.9 lock 0.00 static 0.990 pr 2.0 | sent 1:1 10:0.025 100:0.0055 1000:0.0055 2000:0.0055 | 10.7s
run39|raw|0.1|kp1|0.5|1|50|code: cycle period 4 shape decaying ratio 0.00622 silent 0.00 resting 0.52 active 0.00 move 0.888 lock 0.00 static 0.990 pr 2.0 | sent 1:1 10:0.035 100:0.0062 1000:0.0062 2000:0.0062 | 11.5s
run39|raw|0.1|kp1|0.5|0|51|code: cycle period 4 shape decaying ratio 0.00585 silent 0.00 resting 0.34 active 0.00 move 0.793 lock 0.00 static 0.986 pr 2.2 | sent 1:1 10:0.028 100:0.0059 1000:0.0059 2000:0.0059 | 10.8s
run39|raw|0.1|kp1|0.9|1|51|code: alive shape flat ratio 0.997 silent 0.00 resting 0.00 active 0.95 move 0.00939 lock 0.55 static 0.647 pr 1.7 | sent 1:1 10:1.2 100:1 1000:1 2000:1 | 9.1s
run39|raw|0.1|kp1|0.9|1|50|code: alive shape flat ratio 0.998 silent 0.00 resting 0.00 active 0.96 move 0.0255 lock 0.00 static 0.024 pr 2.0 | sent 1:1 10:1.2 100:1 1000:1 2000:1 | 11.5s
run39|raw|0.3|none|0.5|0|50|code: blowup at step 391 | sent 1:1.2 10:2.1 100:5.5e+06 | 1.2s
run39|raw|0.1|kp1|0.5|0|50|leak: cycle period 4 shape decaying ratio 0.0027 silent 0.00 resting 0.86 active 0.00 move 0.933 lock 0.00 static 0.989 pr 2.0 | sent 1:0.99 10:0.0065 100:0.0027 1000:0.0027 2000:0.0027 | 8.8s
run39|raw|0.1|kp1|0.5|0|51|leak: cycle period 4 shape decaying ratio 0.00273 silent 0.00 resting 0.77 active 0.00 move 0.848 lock 0.00 static 0.983 pr 2.2 | sent 1:0.99 10:0.0065 100:0.0027 1000:0.0027 2000:0.0027 | 8.9s
run39|raw|0.1|kp1|0.5|1|51|leak: cycle period 4 shape decaying ratio 0.00306 silent 0.00 resting 0.73 active 0.00 move 0.844 lock 0.00 static 0.983 pr 2.2 | sent 1:0.98 10:0.0082 100:0.003 1000:0.003 2000:0.003 | 9.3s
run39|raw|0.3|none|0.9|0|50|code: blowup at step 151 | sent 1:1.2 10:29 100:inf | 0.5s
run39|raw|0.3|none|0.9|0|51|code: blowup at step 148 | sent 1:1.2 10:36 100:inf | 0.4s
run39|raw|0.3|none|0.5|0|51|code: blowup at step 370 | sent 1:1.2 10:2.7 100:2.3e+07 | 2.0s
run39|raw|0.3|none|0.0|1|50|code: dead at step 34 shape decaying ratio 0 silent 1.00 resting 1.00 active 0.00 move 0 | sent 1:1.1 10:0.072 100:1.3e-12 1000:0 2000:0 | 7.3s
run39|raw|0.3|none|0.0|0|50|code: dead at step 25 shape decaying ratio 0 silent 1.00 resting 1.00 active 0.00 move 0 | sent 1:1.2 10:0.033 100:4.5e-17 1000:0 2000:0 | 10.2s
run39|raw|0.3|none|0.0|1|51|code: dead at step 36 shape decaying ratio 0 silent 1.00 resting 1.00 active 0.00 move 0 | sent 1:1.1 10:0.094 100:1.1e-11 1000:0 2000:0 | 11.0s
run39|raw|0.3|none|0.9|1|50|code: alive shape flat ratio 0.88 silent 0.00 resting 0.00 active 0.96 move 0.0207 lock 0.00 static 0.218 pr 2.5 | sent 1:1.1 10:1.5 100:1 1000:1 2000:1 | 6.3s
run39|raw|0.3|none|0.0|0|51|code: dead at step 26 shape decaying ratio 0 silent 1.00 resting 1.00 active 0.00 move 0 | sent 1:1.2 10:0.044 100:3.9e-16 1000:0 2000:0 | 10.2s
run39|raw|0.3|none|0.9|1|51|code: alive shape flat ratio 0.873 silent 0.00 resting 0.00 active 0.96 move 0.0112 lock 0.02 static 0.604 pr 2.1 | sent 1:1.1 10:1.5 100:1 1000:1 2000:1 | 6.4s
run39|raw|0.1|kp1|0.5|1|50|leak: cycle period 4 shape decaying ratio 0.00301 silent 0.00 resting 0.84 active 0.00 move 0.931 lock 0.00 static 0.989 pr 2.0 | sent 1:0.99 10:0.0081 100:0.003 1000:0.003 2000:0.003 | 16.7s
run39|raw|0.3|none|0.5|1|51|code: alive shape flat ratio 0.853 silent 0.00 resting 0.00 active 0.96 move 0.136 lock 0.00 static 0.002 pr 1.9 | sent 1:1.1 10:1.2 100:0.99 1000:0.98 2000:0.98 | 11.3s
run39|raw|0.3|none|0.5|1|50|code: alive shape flat ratio 0.872 silent 0.00 resting 0.00 active 0.96 move 0.129 lock 0.00 static 0.190 pr 2.2 | sent 1:1.1 10:1.1 100:0.98 1000:0.98 2000:0.99 | 11.4s
run39|raw|0.1|kp1|0.9|1|51|leak: cycle period 4 shape decaying ratio 0.00271 silent 0.00 resting 0.80 active 0.00 move 0.161 lock 0.65 static 1.000 pr 2.1 | sent 1:0.98 10:0.43 100:0.0026 1000:0.0026 2000:0.0026 | 14.7s
run39|raw|0.1|kp1|0.9|0|50|leak: cycle period 4 shape decaying ratio 0.00217 silent 0.00 resting 0.89 active 0.00 move 0.184 lock 0.86 static 1.000 pr 2.0 | sent 1:0.98 10:0.39 100:0.0021 1000:0.0021 2000:0.0021 | 14.7s
run39|raw|0.1|kp1|0.9|1|50|leak: cycle period 4 shape decaying ratio 0.00242 silent 0.00 resting 0.87 active 0.00 move 0.184 lock 0.86 static 1.000 pr 2.0 | sent 1:0.98 10:0.43 100:0.0024 1000:0.0024 2000:0.0024 | 16.6s
run39|raw|0.3|none|0.5|1|50|leak: dead at step 62 shape decaying ratio 0 silent 1.00 resting 1.00 active 0.00 move 0 | sent 1:1 10:0.13 100:7.1e-07 1000:0 2000:0 | 9.7s
run39|raw|0.1|kp1|0.9|0|51|leak: cycle period 4 shape decaying ratio 0.00242 silent 0.00 resting 0.83 active 0.00 move 0.162 lock 0.65 static 1.000 pr 2.1 | sent 1:0.98 10:0.38 100:0.0024 1000:0.0024 2000:0.0024 | 16.1s
run39|raw|0.3|none|0.5|1|51|leak: dead at step 70 shape decaying ratio 0 silent 1.00 resting 1.00 active 0.00 move 0 | sent 1:1 10:0.17 100:2.6e-06 1000:0 2000:0 | 9.8s
run39|raw|0.3|none|0.5|0|51|leak: dead at step 51 shape decaying ratio 0 silent 1.00 resting 1.00 active 0.00 move 0 | sent 1:1 10:0.11 100:3e-08 1000:0 2000:0 | 9.2s
run39|raw|0.3|kp1|0.5|0|50|code: blowup at step 391 | sent 1:1.2 10:2.1 100:5.6e+06 | 2.1s
run39|raw|0.3|kp1|0.9|0|50|code: blowup at step 151 | sent 1:1.2 10:29 100:inf | 0.4s
run39|raw|0.3|kp1|0.5|0|51|code: blowup at step 370 | sent 1:1.2 10:2.7 100:2.3e+07 | 1.1s
run39|raw|0.3|kp1|0.9|0|51|code: blowup at step 148 | sent 1:1.2 10:36 100:inf | 0.8s
run39|raw|0.3|kp1|0.0|1|50|code: cycle period 4 shape decaying ratio 0.0162 silent 0.00 resting 0.00 active 0.03 move 1.42 lock 0.00 static 0.304 pr 2.7 | sent 1:1.1 10:0.074 100:0.018 1000:0.018 2000:0.018 | 6.1s
run39|raw|0.3|kp1|0.0|1|51|code: cycle period 4 shape decaying ratio 0.02 silent 0.00 resting 0.00 active 0.04 move 1.39 lock 0.00 static 0.332 pr 2.6 | sent 1:1.1 10:0.098 100:0.023 1000:0.023 2000:0.023 | 6.2s
run39|raw|0.3|kp1|0.5|1|50|code: alive shape flat ratio 0.848 silent 0.00 resting 0.00 active 0.96 move 0.116 lock 0.00 static 0.194 pr 2.2 | sent 1:1.1 10:1.1 100:0.98 1000:0.94 2000:0.96 | 6.4s
run39|raw|0.3|none|0.9|0|50|leak: dead at step 240 shape decaying ratio 0 silent 0.00 resting 1.00 active 0.00 move 0 | sent 1:0.98 10:0.46 100:0.012 1000:2.9e-15 2000:0 | 8.8s
run39|raw|0.3|kp1|0.5|1|51|code: alive shape flat ratio 0.879 silent 0.00 resting 0.00 active 0.96 move 0.131 lock 0.00 static 0.072 pr 2.1 | sent 1:1.1 10:1.2 100:0.98 1000:1 2000:1 | 6.5s
run39|raw|0.3|none|0.5|0|50|leak: dead at step 47 shape decaying ratio 0 silent 1.00 resting 1.00 active 0.00 move 0 | sent 1:1 10:0.088 100:8.6e-09 1000:0 2000:0 | 15.8s
run39|raw|0.3|kp1|0.9|1|51|code: alive shape flat ratio 0.871 silent 0.00 resting 0.00 active 0.96 move 0.0092 lock 0.57 static 0.782 pr 2.2 | sent 1:1.1 10:1.5 100:1 1000:1 2000:1 | 6.4s
run39|raw|0.3|kp1|0.0|0|50|code: cycle period 4 shape decaying ratio 0.0131 silent 0.00 resting 0.00 active 0.02 move 1.43 lock 0.00 static 0.309 pr 2.7 | sent 1:1.2 10:0.036 100:0.015 1000:0.015 2000:0.015 | 10.1s
run39|raw|0.3|kp1|0.0|0|51|code: cycle period 4 shape decaying ratio 0.0149 silent 0.00 resting 0.00 active 0.03 move 1.4 lock 0.00 static 0.315 pr 2.6 | sent 1:1.2 10:0.049 100:0.018 1000:0.018 2000:0.018 | 10.2s
run39|raw|1.0|none|0.0|0|50|code: blowup at step 83 | sent 1:2.4 10:3.2e+03 | 0.4s
run39|raw|1.0|none|0.0|0|51|code: blowup at step 81 | sent 1:2.5 10:4.4e+03 | 0.4s
run39|raw|0.3|kp1|0.5|1|50|leak: cycle period 4 shape decaying ratio 0.0106 silent 0.00 resting 0.12 active 0.01 move 0.77 lock 0.00 static 0.993 pr 2.1 | sent 1:1 10:0.13 100:0.011 1000:0.011 2000:0.011 | 9.2s
run39|raw|1.0|none|0.5|0|50|code: blowup at step 68 | sent 1:2.4 10:9.8e+03 | 0.2s
run39|raw|1.0|none|0.5|0|51|code: blowup at step 67 | sent 1:2.5 10:1.3e+04 | 0.2s
run39|raw|0.3|kp1|0.5|1|51|leak: cycle period 4 shape decaying ratio 0.0136 silent 0.00 resting 0.03 active 0.01 move 0.589 lock 0.00 static 0.992 pr 2.2 | sent 1:1 10:0.17 100:0.014 1000:0.014 2000:0.014 | 9.4s
run39|raw|0.3|none|0.9|0|51|leak: dead at step 262 shape decaying ratio 0 silent 0.00 resting 1.00 active 0.00 move 0 | sent 1:0.98 10:0.45 100:0.018 1000:1.5e-14 2000:0 | 16.0s
run39|raw|0.3|none|0.9|1|50|leak: dead at step 312 shape decaying ratio 9.66e-22 silent 0.00 resting 1.00 active 0.00 move 0.0223 | sent 1:0.98 10:0.52 100:0.026 1000:8.6e-12 2000:9.5e-22 | 16.6s
run39|raw|0.3|none|0.9|1|51|leak: dead at step 355 shape decaying ratio 1.98e-20 silent 0.00 resting 1.00 active 0.00 move 0.0215 | sent 1:0.98 10:0.52 100:0.043 1000:5.3e-11 2000:1.9e-20 | 16.6s
run39|raw|0.3|kp1|0.5|0|51|leak: cycle period 4 shape decaying ratio 0.0105 silent 0.00 resting 0.06 active 0.01 move 0.666 lock 0.00 static 0.990 pr 2.2 | sent 1:1 10:0.11 100:0.011 1000:0.011 2000:0.011 | 8.9s
run39|raw|0.3|kp1|0.9|1|50|code: alive shape flat ratio 0.88 silent 0.00 resting 0.00 active 0.96 move 0.0222 lock 0.00 static 0.158 pr 2.3 | sent 1:1.1 10:1.5 100:1 1000:1 2000:1 | 11.3s
run39|raw|1.0|none|0.9|0|50|code: blowup at step 61 | sent 1:2.4 10:3.1e+04 | 0.3s
run39|raw|1.0|none|0.9|0|51|code: blowup at step 59 | sent 1:2.5 10:3.8e+04 | 0.3s
run39|raw|1.0|none|0.5|0|50|leak: blowup at step 139 | sent 1:1.5 10:49 100:inf | 1.1s
run39|raw|1.0|none|0.5|0|51|leak: blowup at step 135 | sent 1:1.5 10:63 100:inf | 1.1s
run39|raw|0.3|kp1|0.9|0|50|leak: cycle period 4 shape decaying ratio 0.00796 silent 0.00 resting 0.24 active 0.00 move 0.15 lock 0.88 static 1.000 pr 2.0 | sent 1:0.98 10:0.46 100:0.013 1000:0.0078 2000:0.0078 | 8.7s
run39|raw|1.0|none|0.0|1|51|code: alive shape flat ratio 0.53 silent 0.00 resting 0.00 active 0.96 move 0.719 lock 0.00 static 0.000 pr 3.6 | sent 1:1.9 10:0.69 100:1 1000:1 2000:1 | 6.1s
run39|raw|0.3|kp1|0.9|1|51|leak: cycle period 4 shape decaying ratio 0.0134 silent 0.00 resting 0.08 active 0.01 move 0.0976 lock 0.88 static 1.000 pr 2.1 | sent 1:0.98 10:0.52 100:0.046 1000:0.013 2000:0.013 | 9.3s
run39|raw|0.3|kp1|0.9|0|51|leak: cycle period 4 shape decaying ratio 0.0103 silent 0.00 resting 0.13 active 0.01 move 0.114 lock 0.84 static 1.000 pr 2.1 | sent 1:0.98 10:0.46 100:0.021 1000:0.01 2000:0.01 | 8.8s
run39|raw|1.0|kp1|0.0|0|50|code: blowup at step 83 | sent 1:2.4 10:3.2e+03 | 0.2s
run39|raw|0.3|kp1|0.9|1|50|leak: cycle period 4 shape decaying ratio 0.00962 silent 0.00 resting 0.16 active 0.00 move 0.138 lock 0.88 static 1.000 pr 2.0 | sent 1:0.98 10:0.52 100:0.026 1000:0.0095 2000:0.0095 | 11.1s
run39|raw|1.0|kp1|0.0|0|51|code: blowup at step 81 | sent 1:2.5 10:4.4e+03 | 0.2s
run39|raw|1.0|none|0.9|0|51|leak: blowup at step 548 | sent 1:1 10:1.4 100:7e+04 | 2.5s
run39|raw|1.0|kp1|0.5|0|50|code: blowup at step 68 | sent 1:2.4 10:9.8e+03 | 0.2s
run39|raw|1.0|kp1|0.5|0|51|code: blowup at step 67 | sent 1:2.5 10:1.3e+04 | 0.2s
run39|raw|1.0|none|0.9|1|50|code: alive shape flat ratio 0.543 silent 0.00 resting 0.00 active 0.96 move 0.0164 lock 0.04 static 0.598 pr 2.1 | sent 1:1.8 10:1.4 100:1 1000:1 2000:1 | 6.2s
run39|raw|1.0|none|0.9|0|50|leak: blowup at step 566 | sent 1:1 10:1.4 100:3.4e+04 | 4.5s
run39|raw|1.0|none|0.9|1|51|code: alive shape flat ratio 0.534 silent 0.00 resting 0.00 active 0.96 move 0.0151 lock 0.00 static 0.632 pr 2.4 | sent 1:1.9 10:1.4 100:1 1000:1 2000:1 | 6.3s
run39|raw|0.3|kp1|0.5|0|50|leak: cycle period 4 shape decaying ratio 0.00883 silent 0.00 resting 0.20 active 0.01 move 0.818 lock 0.00 static 0.992 pr 2.0 | sent 1:1 10:0.088 100:0.0091 1000:0.0091 2000:0.0091 | 15.8s
run39|raw|1.0|none|0.0|1|50|code: alive shape flat ratio 0.512 silent 0.00 resting 0.00 active 0.96 move 1.98 lock 0.00 static 0.000 pr 1.9 | sent 1:1.8 10:0.69 100:1 1000:1.1 2000:0.95 | 10.6s
run39|raw|1.0|kp1|0.9|0|51|code: blowup at step 60 | sent 1:2.5 10:3.8e+04 | 0.2s
run39|raw|1.0|kp1|0.9|0|50|code: blowup at step 61 | sent 1:2.4 10:3.1e+04 | 0.3s
run39|raw|1.0|kp1|0.5|0|50|leak: blowup at step 139 | sent 1:1.5 10:49 100:inf | 0.6s
run39|raw|1.0|kp1|0.5|0|51|leak: blowup at step 135 | sent 1:1.5 10:63 100:inf | 1.1s
run39|raw|1.0|none|0.5|1|50|code: alive shape flat ratio 0.55 silent 0.00 resting 0.00 active 0.96 move 0.122 lock 0.00 static 0.003 pr 2.0 | sent 1:1.8 10:0.91 100:1 1000:1 2000:1 | 11.0s
run39|raw|1.0|none|0.5|1|51|code: alive shape flat ratio 0.541 silent 0.00 resting 0.00 active 0.96 move 0.131 lock 0.00 static 0.003 pr 2.4 | sent 1:1.9 10:0.93 100:0.99 1000:1 2000:1 | 11.1s
run39|raw|1.0|kp1|0.0|1|50|code: alive shape flat ratio 0.532 silent 0.00 resting 0.00 active 0.96 move 1.96 lock 0.00 static 0.018 pr 1.9 | sent 1:1.8 10:0.69 100:1 1000:1 2000:0.98 | 6.2s
run39|raw|1.0|kp1|0.0|1|51|code: alive shape flat ratio 0.535 silent 0.00 resting 0.00 active 0.96 move 0.758 lock 0.00 static 0.007 pr 3.7 | sent 1:1.9 10:0.69 100:1 1000:1 2000:1 | 6.2s
run39|raw|1.0|kp1|0.5|1|51|code: alive shape flat ratio 0.532 silent 0.00 resting 0.00 active 0.96 move 0.127 lock 0.00 static 0.056 pr 2.8 | sent 1:1.9 10:0.93 100:0.99 1000:1 2000:1 | 6.4s
run39|raw|1.0|kp1|0.5|1|50|code: alive shape flat ratio 0.552 silent 0.00 resting 0.00 active 0.96 move 0.122 lock 0.00 static 0.004 pr 2.0 | sent 1:1.8 10:0.91 100:0.99 1000:1 2000:1 | 6.4s
run39|raw|2.0|none|0.0|0|50|code: blowup at step 45 | sent 1:4.5 10:3e+06 | 0.1s
run39|raw|2.0|none|0.0|0|51|code: blowup at step 45 | sent 1:4.6 10:4.2e+06 | 0.1s
run39|raw|1.0|none|0.5|1|51|leak: alive shape flat ratio 0.738 silent 0.00 resting 0.00 active 0.96 move 0.13 lock 0.00 static 0.002 pr 2.4 | sent 1:1.4 10:1.1 100:0.99 1000:1 2000:1 | 9.3s
run39|raw|2.0|none|0.5|0|50|code: blowup at step 43 | sent 1:4.5 10:4.6e+06 | 0.1s
run39|raw|2.0|none|0.5|0|51|code: blowup at step 42 | sent 1:4.6 10:6e+06 | 0.1s
run39|raw|1.0|kp1|0.9|1|50|code: alive shape flat ratio 0.541 silent 0.00 resting 0.00 active 0.96 move 0.0108 lock 0.22 static 0.776 pr 2.4 | sent 1:1.8 10:1.4 100:1 1000:1 2000:1 | 6.3s
run39|raw|1.0|kp1|0.9|0|50|leak: blowup at step 566 | sent 1:1 10:1.4 100:3.4e+04 | 4.5s
run39|raw|1.0|kp1|0.9|1|51|code: alive shape flat ratio 0.53 silent 0.00 resting 0.00 active 0.96 move 0.0218 lock 0.00 static 0.262 pr 2.5 | sent 1:1.9 10:1.4 100:1 1000:1 2000:1 | 6.4s
run39|raw|1.0|kp1|0.9|0|51|leak: blowup at step 549 | sent 1:1 10:1.5 100:6.7e+04 | 4.4s
run39|raw|2.0|none|0.9|0|51|code: blowup at step 41 | sent 1:4.6 10:1e+07 | 0.1s
run39|raw|2.0|none|0.9|0|50|code: blowup at step 41 | sent 1:4.5 10:8.1e+06 | 0.2s
run39|raw|2.0|none|0.5|0|50|leak: blowup at step 68 | sent 1:2.4 10:9.8e+03 | 0.5s
run39|raw|2.0|none|0.5|0|51|leak: blowup at step 67 | sent 1:2.5 10:1.3e+04 | 0.5s
run39|raw|2.0|none|0.0|1|50|code: alive shape flat ratio 0.366 silent 0.00 resting 0.00 active 0.96 move 1.97 lock 0.00 static 0.000 pr 1.9 | sent 1:2.6 10:0.54 100:1 1000:1.1 2000:0.95 | 6.1s
run39|raw|2.0|none|0.0|1|51|code: alive shape flat ratio 0.366 silent 0.00 resting 0.00 active 0.96 move 0.716 lock 0.00 static 0.000 pr 3.6 | sent 1:2.6 10:0.56 100:1 1000:1 2000:0.96 | 6.1s
run39|raw|2.0|none|0.9|0|50|leak: blowup at step 226 | sent 1:1.1 10:6.9 100:2.7e+12 | 1.0s
run39|raw|2.0|none|0.5|1|50|code: alive shape flat ratio 0.383 silent 0.00 resting 0.00 active 0.96 move 0.122 lock 0.00 static 0.003 pr 1.9 | sent 1:2.6 10:0.82 100:1 1000:1 2000:0.99 | 6.2s
run39|raw|2.0|none|0.5|1|51|code: alive shape flat ratio 0.385 silent 0.00 resting 0.00 active 0.96 move 0.131 lock 0.00 static 0.004 pr 2.4 | sent 1:2.6 10:0.84 100:0.98 1000:1 2000:1 | 6.3s
run39|raw|1.0|kp1|0.9|1|50|leak: alive shape flat ratio 0.988 silent 0.00 resting 0.00 active 0.96 move 0.0247 lock 0.00 static 0.030 pr 2.0 | sent 1:1 10:1.2 100:1 1000:1 2000:1 | 9.3s
run39|raw|2.0|none|0.9|1|50|code: alive shape flat ratio 0.387 silent 0.00 resting 0.00 active 0.96 move 0.00979 lock 0.96 static 0.819 pr 2.0 | sent 1:2.6 10:1.3 100:1 1000:1 2000:1 | 6.2s
run39|raw|2.0|kp1|0.0|0|50|code: blowup at step 45 | sent 1:4.5 10:3e+06 | 0.1s
run39|raw|2.0|kp1|0.0|0|51|code: blowup at step 45 | sent 1:4.7 10:4.2e+06 | 0.1s
run39|raw|2.0|none|0.9|0|51|leak: blowup at step 222 | sent 1:1.1 10:7.9 100:8.5e+12 | 1.0s
run39|raw|2.0|kp1|0.5|0|50|code: blowup at step 43 | sent 1:4.5 10:4.6e+06 | 0.1s
run39|raw|1.0|none|0.5|1|50|leak: alive shape flat ratio 0.768 silent 0.00 resting 0.00 active 0.96 move 0.122 lock 0.00 static 0.003 pr 2.0 | sent 1:1.3 10:1.1 100:0.98 1000:1 2000:1 | 16.6s
run39|raw|2.0|kp1|0.5|0|51|code: blowup at step 42 | sent 1:4.7 10:6e+06 | 0.1s
run39|raw|1.0|none|0.9|1|50|leak: alive shape flat ratio 0.998 silent 0.00 resting 0.00 active 0.96 move 0.0247 lock 0.00 static 0.016 pr 2.0 | sent 1:1 10:1.2 100:1 1000:1 2000:1 | 16.5s
run39|raw|2.0|kp1|0.9|0|50|code: blowup at step 41 | sent 1:4.5 10:8.2e+06 | 0.2s
run39|raw|2.0|none|0.9|1|51|code: alive shape flat ratio 0.382 silent 0.00 resting 0.00 active 0.96 move 0.0223 lock 0.00 static 0.387 pr 2.5 | sent 1:2.6 10:1.3 100:1 1000:1 2000:1 | 6.3s
run39|raw|2.0|kp1|0.9|0|51|code: blowup at step 41 | sent 1:4.7 10:1e+07 | 0.2s
run39|raw|1.0|none|0.9|1|51|leak: alive shape flat ratio 0.998 silent 0.00 resting 0.00 active 0.96 move 0.0142 lock 0.00 static 0.488 pr 2.0 | sent 1:1 10:1.2 100:1 1000:1 2000:1 | 16.6s
run39|raw|2.0|kp1|0.5|0|50|leak: blowup at step 68 | sent 1:2.4 10:9.9e+03 | 0.5s
run39|raw|2.0|kp1|0.5|0|51|leak: blowup at step 67 | sent 1:2.5 10:1.3e+04 | 0.5s
run39|raw|2.0|none|0.5|1|51|leak: alive shape flat ratio 0.541 silent 0.00 resting 0.00 active 0.96 move 0.131 lock 0.00 static 0.003 pr 2.4 | sent 1:1.9 10:0.93 100:0.99 1000:1 2000:1 | 9.3s
run39|raw|2.0|kp1|0.0|1|50|code: alive shape flat ratio 0.382 silent 0.00 resting 0.00 active 0.96 move 1.96 lock 0.00 static 0.018 pr 1.9 | sent 1:2.6 10:0.54 100:1 1000:1.1 2000:0.99 | 6.1s
run39|raw|1.0|kp1|0.5|1|50|leak: alive shape flat ratio 0.768 silent 0.00 resting 0.00 active 0.96 move 0.122 lock 0.00 static 0.004 pr 2.0 | sent 1:1.3 10:1.1 100:0.99 1000:0.99 2000:1 | 16.6s
run39|raw|2.0|kp1|0.5|1|50|code: alive shape flat ratio 0.391 silent 0.00 resting 0.00 active 0.96 move 0.122 lock 0.00 static 0.004 pr 2.0 | sent 1:2.6 10:0.82 100:1 1000:1 2000:1 | 6.3s
run39|raw|1.0|kp1|0.5|1|51|leak: alive shape flat ratio 0.728 silent 0.00 resting 0.00 active 0.96 move 0.127 lock 0.00 static 0.056 pr 2.8 | sent 1:1.4 10:1.1 100:0.99 1000:1 2000:1 | 16.5s
run39|raw|2.0|kp1|0.5|1|51|code: alive shape flat ratio 0.382 silent 0.00 resting 0.00 active 0.96 move 0.126 lock 0.00 static 0.059 pr 2.8 | sent 1:2.6 10:0.84 100:0.98 1000:1 2000:1 | 6.4s
run39|raw|2.0|kp1|0.9|0|50|leak: blowup at step 226 | sent 1:1.1 10:7 100:2.8e+12 | 1.0s
run39|raw|4.0|none|0.0|0|50|code: blowup at step 31 | sent 1:8.8 10:3e+09 | 0.1s
run39|raw|4.0|none|0.0|0|51|code: blowup at step 31 | sent 1:9.1 10:4.2e+09 | 0.1s
run39|raw|2.0|kp1|0.9|1|51|code: alive shape flat ratio 0.379 silent 0.00 resting 0.00 active 0.96 move 0.0139 lock 0.12 static 0.620 pr 2.1 | sent 1:2.6 10:1.3 100:1 1000:1 2000:1 | 6.4s
run39|raw|4.0|none|0.5|0|50|code: blowup at step 31 | sent 1:8.8 10:3.5e+09 | 0.1s
run39|raw|2.0|none|0.9|1|51|leak: alive shape flat ratio 0.942 silent 0.00 resting 0.00 active 0.96 move 0.00738 lock 0.96 static 0.756 pr 1.6 | sent 1:1.1 10:1.4 100:1 1000:1 2000:1 | 9.2s
run39|raw|4.0|none|0.5|0|51|code: blowup at step 31 | sent 1:9.1 10:4.6e+09 | 0.1s
run39|raw|1.0|kp1|0.9|1|51|leak: alive shape flat ratio 0.97 silent 0.00 resting 0.00 active 0.96 move 0.0104 lock 0.20 static 0.632 pr 1.9 | sent 1:1 10:1.2 100:1 1000:1 2000:1 | 16.7s
run39|raw|4.0|none|0.9|0|50|code: blowup at step 30 | sent 1:8.8 10:4.4e+09 | 0.2s
run39|raw|2.0|kp1|0.9|0|51|leak: blowup at step 223 | sent 1:1.2 10:8.6 100:7e+12 | 1.8s
run39|raw|4.0|none|0.9|0|51|code: blowup at step 30 | sent 1:9.1 10:5.6e+09 | 0.2s
run39|raw|2.0|kp1|0.0|1|51|code: alive shape flat ratio 0.372 silent 0.00 resting 0.00 active 0.96 move 0.743 lock 0.00 static 0.007 pr 3.7 | sent 1:2.6 10:0.57 100:1 1000:1 2000:0.98 | 10.0s
run39|raw|4.0|none|0.5|0|50|leak: blowup at step 43 | sent 1:4.5 10:4.6e+06 | 0.3s
run39|raw|4.0|none|0.5|0|51|leak: blowup at step 42 | sent 1:4.6 10:6e+06 | 0.3s
run39|raw|2.0|kp1|0.5|1|50|leak: alive shape flat ratio 0.551 silent 0.00 resting 0.00 active 0.96 move 0.122 lock 0.00 static 0.004 pr 2.0 | sent 1:1.9 10:0.91 100:0.98 1000:1 2000:1 | 9.3s
run39|raw|2.0|kp1|0.9|1|50|code: alive shape flat ratio 0.388 silent 0.00 resting 0.00 active 0.96 move 0.0192 lock 0.00 static 0.547 pr 2.2 | sent 1:2.6 10:1.3 100:1 1000:1 2000:1 | 11.3s
run39|raw|4.0|none|0.0|1|50|code: alive shape flat ratio 0.281 silent 0.00 resting 0.00 active 0.96 move 1.98 lock 0.00 static 0.000 pr 1.9 | sent 1:3.4 10:0.47 100:1 1000:1.1 2000:0.95 | 6.0s
run39|raw|2.0|none|0.5|1|50|leak: alive shape flat ratio 0.55 silent 0.00 resting 0.00 active 0.96 move 0.122 lock 0.00 static 0.003 pr 2.0 | sent 1:1.8 10:0.91 100:1 1000:1 2000:1 | 16.6s
run39|raw|4.0|none|0.9|0|50|leak: blowup at step 117 | sent 1:1.3 10:1.1e+02 100:inf | 0.9s
run39|raw|4.0|none|0.9|0|51|leak: blowup at step 115 | sent 1:1.3 10:1.3e+02 100:inf | 0.5s
run39|raw|4.0|none|0.5|1|50|code: alive shape flat ratio 0.292 silent 0.00 resting 0.00 active 0.96 move 0.12 lock 0.00 static 0.003 pr 2.0 | sent 1:3.4 10:0.77 100:1 1000:1 2000:0.98 | 6.3s
run39|raw|4.0|kp1|0.0|0|50|code: blowup at step 31 | sent 1:8.8 10:3e+09 | 0.1s
run39|raw|4.0|kp1|0.0|0|51|code: blowup at step 31 | sent 1:9.1 10:4.3e+09 | 0.1s
run39|raw|4.0|none|0.5|1|51|code: alive shape flat ratio 0.292 silent 0.00 resting 0.00 active 0.96 move 0.131 lock 0.00 static 0.004 pr 2.4 | sent 1:3.4 10:0.79 100:0.98 1000:1 2000:0.99 | 6.4s
run39|raw|4.0|kp1|0.5|0|50|code: blowup at step 31 | sent 1:8.8 10:3.5e+09 | 0.1s
run39|raw|4.0|kp1|0.5|0|51|code: blowup at step 31 | sent 1:9.1 10:4.7e+09 | 0.1s
run39|raw|4.0|none|0.9|1|50|code: alive shape flat ratio 0.297 silent 0.00 resting 0.00 active 0.96 move 0.00646 lock 1.00 static 0.850 pr 2.0 | sent 1:3.4 10:1.3 100:1 1000:1 2000:1 | 6.3s
run39|raw|4.0|none|0.9|1|51|code: alive shape flat ratio 0.294 silent 0.00 resting 0.00 active 0.96 move 0.00681 lock 0.88 static 0.759 pr 1.9 | sent 1:3.4 10:1.3 100:1 1000:1 2000:1 | 6.3s
run39|raw|2.0|none|0.9|1|50|leak: alive shape flat ratio 0.946 silent 0.00 resting 0.00 active 0.96 move 0.0229 lock 0.00 static 0.104 pr 2.2 | sent 1:1.1 10:1.4 100:1 1000:1 2000:1 | 16.6s
run39|raw|4.0|kp1|0.9|0|50|code: blowup at step 30 | sent 1:8.8 10:4.4e+09 | 0.1s
run39|raw|4.0|kp1|0.9|0|51|code: blowup at step 30 | sent 1:9.1 10:5.7e+09 | 0.2s
run39|raw|2.0|kp1|0.9|1|51|leak: alive shape flat ratio 0.876 silent 0.00 resting 0.00 active 0.96 move 0.018 lock 0.00 static 0.378 pr 2.4 | sent 1:1.1 10:1.4 100:1 1000:1 2000:1 | 9.4s
run39|raw|4.0|kp1|0.5|0|50|leak: blowup at step 43 | sent 1:4.5 10:4.7e+06 | 0.2s
run39|raw|4.0|kp1|0.5|0|51|leak: blowup at step 42 | sent 1:4.8 10:6.1e+06 | 0.2s
run39|raw|4.0|none|0.0|1|51|code: alive shape flat ratio 0.277 silent 0.00 resting 0.00 active 0.96 move 0.715 lock 0.00 static 0.000 pr 3.6 | sent 1:3.4 10:0.49 100:1 1000:1 2000:0.94 | 10.9s
run39|raw|2.0|kp1|0.5|1|51|leak: alive shape flat ratio 0.527 silent 0.00 resting 0.00 active 0.96 move 0.127 lock 0.00 static 0.056 pr 2.8 | sent 1:1.9 10:0.92 100:0.99 1000:1 2000:1 | 16.8s
run39|raw|4.0|kp1|0.9|0|50|leak: blowup at step 117 | sent 1:1.5 10:1.2e+02 100:inf | 0.9s
run39|raw|2.0|kp1|0.9|1|50|leak: alive shape flat ratio 0.919 silent 0.00 resting 0.00 active 0.96 move 0.024 lock 0.00 static 0.069 pr 2.1 | sent 1:1.1 10:1.4 100:1 1000:1 2000:1 | 16.7s
run39|raw|4.0|kp1|0.5|1|50|code: alive shape flat ratio 0.297 silent 0.00 resting 0.00 active 0.96 move 0.122 lock 0.00 static 0.004 pr 2.0 | sent 1:3.4 10:0.77 100:1 1000:1 2000:1 | 6.4s
run39|raw|4.0|kp1|0.5|1|51|code: alive shape flat ratio 0.292 silent 0.00 resting 0.00 active 0.96 move 0.127 lock 0.00 static 0.056 pr 2.8 | sent 1:3.4 10:0.79 100:0.98 1000:1 2000:1 | 6.4s
run39|raw|16.0|none|0.0|0|50|code: blowup at step 19 | sent 1:35 10:3.2e+15 | 0.1s
run39|raw|16.0|none|0.0|0|51|code: blowup at step 19 | sent 1:36 10:4.4e+15 | 0.1s
run39|raw|4.0|kp1|0.9|1|50|code: alive shape flat ratio 0.298 silent 0.00 resting 0.00 active 0.96 move 0.0152 lock 0.10 static 0.680 pr 2.0 | sent 1:3.4 10:1.3 100:1 1000:1 2000:1 | 6.4s
run39|raw|4.0|kp1|0.9|0|51|leak: blowup at step 116 | sent 1:1.8 10:1.6e+02 100:inf | 0.9s
run39|raw|4.0|none|0.9|1|51|leak: alive shape flat ratio 0.802 silent 0.00 resting 0.00 active 0.96 move 0.0183 lock 0.00 static 0.336 pr 2.3 | sent 1:1.2 10:1.5 100:1 1000:1 2000:1 | 9.4s
run39|raw|16.0|none|0.5|0|51|code: blowup at step 19 | sent 1:36 10:4.4e+15 | 0.1s
run39|raw|16.0|none|0.5|0|50|code: blowup at step 19 | sent 1:35 10:3.2e+15 | 0.1s
run39|raw|4.0|kp1|0.9|1|51|code: alive shape flat ratio 0.293 silent 0.00 resting 0.00 active 0.96 move 0.0115 lock 0.67 static 0.722 pr 1.9 | sent 1:3.4 10:1.3 100:1 1000:1 2000:1 | 6.4s
run39|raw|16.0|none|0.9|0|50|code: blowup at step 19 | sent 1:35 10:3.3e+15 | 0.1s
run39|raw|16.0|none|0.9|0|51|code: blowup at step 19 | sent 1:36 10:4.4e+15 | 0.1s
run39|raw|4.0|none|0.9|1|50|leak: alive shape flat ratio 0.81 silent 0.00 resting 0.00 active 0.96 move 0.0226 lock 0.00 static 0.087 pr 2.2 | sent 1:1.2 10:1.5 100:1 1000:1 2000:1 | 12.1s
run39|raw|4.0|kp1|0.5|1|50|leak: alive shape flat ratio 0.394 silent 0.00 resting 0.00 active 0.96 move 0.122 lock 0.00 static 0.004 pr 2.0 | sent 1:2.6 10:0.82 100:0.99 1000:1 2000:1 | 9.3s
run39|raw|16.0|none|0.5|0|50|leak: blowup at step 24 | sent 1:18 10:3.2e+12 | 0.1s
run39|raw|16.0|none|0.5|0|51|leak: blowup at step 24 | sent 1:18 10:4.4e+12 | 0.1s
run39|raw|4.0|kp1|0.0|1|50|code: alive shape flat ratio 0.29 silent 0.00 resting 0.00 active 0.96 move 1.96 lock 0.00 static 0.018 pr 1.9 | sent 1:3.4 10:0.46 100:1 1000:1.1 2000:0.98 | 11.0s
run39|raw|4.0|kp1|0.0|1|51|code: alive shape flat ratio 0.298 silent 0.00 resting 0.00 active 0.96 move 0.744 lock 0.00 static 0.007 pr 3.7 | sent 1:3.4 10:0.5 100:0.99 1000:0.98 2000:1 | 11.1s
run39|raw|16.0|none|0.9|0|50|leak: blowup at step 46 | sent 1:3.6 10:1.2e+06 | 0.4s
run39|raw|4.0|kp1|0.9|1|50|leak: alive shape flat ratio 0.764 silent 0.00 resting 0.00 active 0.96 move 0.0241 lock 0.00 static 0.060 pr 2.1 | sent 1:1.3 10:1.4 100:1 1000:1 2000:1 | 9.2s
run39|raw|4.0|none|0.5|1|50|leak: alive shape flat ratio 0.383 silent 0.00 resting 0.00 active 0.96 move 0.122 lock 0.00 static 0.003 pr 1.9 | sent 1:2.6 10:0.82 100:1 1000:1 2000:0.99 | 16.6s
run39|raw|16.0|none|0.9|0|51|leak: blowup at step 46 | sent 1:3.7 10:1.5e+06 | 0.4s
run39|raw|4.0|none|0.5|1|51|leak: alive shape flat ratio 0.385 silent 0.00 resting 0.00 active 0.96 move 0.131 lock 0.00 static 0.004 pr 2.4 | sent 1:2.6 10:0.84 100:0.98 1000:1 2000:1 | 16.7s
run39|raw|16.0|kp1|0.0|0|50|code: blowup at step 19 | sent 1:35 10:3.2e+15 | 0.1s
run39|raw|16.0|kp1|0.0|0|51|code: blowup at step 19 | sent 1:36 10:4.4e+15 | 0.1s
run39|raw|16.0|none|0.0|1|51|code: alive shape flat ratio 0.22 silent 0.00 resting 0.00 active 0.96 move 0.72 lock 0.00 static 0.000 pr 3.6 | sent 1:4.5 10:0.43 100:0.99 1000:0.97 2000:0.98 | 6.1s
run39|raw|16.0|kp1|0.5|0|50|code: blowup at step 19 | sent 1:35 10:3.2e+15 | 0.1s
run39|raw|16.0|kp1|0.5|0|51|code: blowup at step 19 | sent 1:36 10:4.4e+15 | 0.1s
run39|raw|16.0|none|0.5|1|50|code: alive shape flat ratio 0.222 silent 0.00 resting 0.00 active 0.96 move 0.12 lock 0.00 static 0.003 pr 2.0 | sent 1:4.4 10:0.72 100:1 1000:0.99 2000:0.99 | 6.3s
run39|raw|16.0|none|0.5|1|51|code: alive shape flat ratio 0.221 silent 0.00 resting 0.00 active 0.96 move 0.131 lock 0.00 static 0.004 pr 2.4 | sent 1:4.5 10:0.74 100:0.98 1000:1 2000:0.99 | 6.3s
run39|raw|16.0|none|0.9|1|50|code: alive shape flat ratio 0.226 silent 0.00 resting 0.00 active 0.96 move 0.0187 lock 0.00 static 0.490 pr 2.5 | sent 1:4.4 10:1.3 100:1 1000:1 2000:1 | 6.2s
run39|raw|16.0|kp1|0.9|0|50|code: blowup at step 19 | sent 1:35 10:3.3e+15 | 0.1s
run39|raw|16.0|kp1|0.9|0|51|code: blowup at step 19 | sent 1:36 10:4.5e+15 | 0.1s
run39|raw|16.0|none|0.5|1|50|leak: alive shape flat ratio 0.246 silent 0.00 resting 0.00 active 0.96 move 0.12 lock 0.00 static 0.003 pr 2.0 | sent 1:4 10:0.74 100:1 1000:0.99 2000:0.98 | 9.3s
run39|raw|16.0|kp1|0.5|0|50|leak: blowup at step 24 | sent 1:18 10:3.3e+12 | 0.1s
run39|raw|16.0|kp1|0.5|0|51|leak: blowup at step 24 | sent 1:19 10:4.6e+12 | 0.1s
run39|raw|16.0|none|0.0|1|50|code: alive shape flat ratio 0.213 silent 0.00 resting 0.00 active 0.96 move 1.98 lock 0.00 static 0.000 pr 1.9 | sent 1:4.4 10:0.4 100:1 1000:1.1 2000:0.94 | 10.7s
run39|raw|16.0|kp1|0.0|1|50|code: alive shape flat ratio 0.218 silent 0.00 resting 0.00 active 0.96 move 1.96 lock 0.00 static 0.018 pr 1.9 | sent 1:4.4 10:0.4 100:1 1000:1.1 2000:0.97 | 6.1s
run39|raw|4.0|kp1|0.5|1|51|leak: alive shape flat ratio 0.378 silent 0.00 resting 0.00 active 0.96 move 0.127 lock 0.00 static 0.056 pr 2.8 | sent 1:2.7 10:0.83 100:0.99 1000:1 2000:1 | 16.8s
run39|raw|16.0|kp1|0.9|0|50|leak: blowup at step 46 | sent 1:4.6 10:1.5e+06 | 0.2s
run39|raw|16.0|none|0.9|1|51|code: alive shape flat ratio 0.224 silent 0.00 resting 0.00 active 0.96 move 0.0106 lock 0.71 static 0.709 pr 1.9 | sent 1:4.5 10:1.3 100:1 1000:1 2000:1 | 11.1s
run39|raw|16.0|kp1|0.9|0|51|leak: blowup at step 46 | sent 1:6 10:2.4e+06 | 0.4s
run39|raw|16.0|none|0.5|1|51|leak: alive shape flat ratio 0.245 silent 0.00 resting 0.00 active 0.96 move 0.131 lock 0.00 static 0.004 pr 2.4 | sent 1:4 10:0.76 100:0.98 1000:1 2000:0.99 | 9.3s
run39|raw|16.0|kp1|0.9|1|50|code: alive shape flat ratio 0.225 silent 0.00 resting 0.00 active 0.96 move 0.0067 lock 0.98 static 0.916 pr 1.9 | sent 1:4.4 10:1.3 100:1 1000:1 2000:1 | 6.3s
run39|raw|16.0|kp1|0.9|1|51|code: alive shape flat ratio 0.224 silent 0.00 resting 0.00 active 0.96 move 0.00813 lock 0.90 static 0.749 pr 1.6 | sent 1:4.5 10:1.3 100:1 1000:1 2000:1 | 6.4s
run39|raw|16.0|none|0.9|1|50|leak: alive shape flat ratio 0.43 silent 0.00 resting 0.00 active 0.96 move 0.0118 lock 0.65 static 0.773 pr 2.0 | sent 1:2.3 10:1.4 100:1 1000:1 2000:1 | 9.3s
run39|raw|4.0|kp1|0.9|1|51|leak: alive shape flat ratio 0.722 silent 0.00 resting 0.00 active 0.96 move 0.0109 lock 0.80 static 0.780 pr 2.0 | sent 1:1.4 10:1.4 100:1 1000:1 2000:1 | 16.6s
run39|raw|16.0|kp1|0.0|1|51|code: alive shape flat ratio 0.224 silent 0.00 resting 0.00 active 0.96 move 0.751 lock 0.00 static 0.007 pr 3.7 | sent 1:4.5 10:0.44 100:0.97 1000:0.97 2000:1 | 11.0s
run39|raw|16.0|kp1|0.5|1|50|leak: alive shape flat ratio 0.254 silent 0.00 resting 0.00 active 0.96 move 0.122 lock 0.00 static 0.004 pr 2.0 | sent 1:4 10:0.74 100:1 1000:1 2000:1 | 9.4s
run39|raw|16.0|kp1|0.5|1|51|leak: alive shape flat ratio 0.245 silent 0.00 resting 0.00 active 0.96 move 0.127 lock 0.00 static 0.057 pr 2.8 | sent 1:4 10:0.75 100:0.99 1000:1 2000:0.99 | 9.4s
run39|raw|16.0|kp1|0.5|1|50|code: alive shape flat ratio 0.224 silent 0.00 resting 0.00 active 0.96 move 0.122 lock 0.00 static 0.004 pr 2.0 | sent 1:4.4 10:0.72 100:1 1000:1 2000:1 | 11.2s
run39|raw|16.0|kp1|0.5|1|51|code: alive shape flat ratio 0.223 silent 0.00 resting 0.00 active 0.96 move 0.127 lock 0.00 static 0.057 pr 2.8 | sent 1:4.5 10:0.74 100:0.98 1000:0.99 2000:1 | 11.3s
run39|relu|0.1|none|0.0|1|50|code: dead at step 11 shape decaying ratio 0 silent 1.00 resting 1.00 active 0.00 move 0 | sent 1:0.72 10:1.2e-07 100:0 1000:0 2000:0 | 7.2s
run39|relu|0.1|none|0.0|0|51|code: dead at step 11 shape decaying ratio 0 silent 1.00 resting 1.00 active 0.00 move 0 | sent 1:0.71 10:4.6e-08 100:0 1000:0 2000:0 | 6.9s
run39|raw|16.0|kp1|0.9|1|50|leak: alive shape flat ratio 0.41 silent 0.00 resting 0.00 active 0.96 move 0.0254 lock 0.00 static 0.018 pr 2.0 | sent 1:2.4 10:1.4 100:1 1000:1 2000:1 | 9.2s
run39|relu|0.1|none|0.9|0|50|code: blowup at step 1076 | sent 1:0.72 10:0.64 100:1.4e+02 1000:inf | 3.8s
run39|relu|0.1|none|0.5|1|50|code: dead at step 23 shape decaying ratio 0 silent 1.00 resting 1.00 active 0.00 move 0 | sent 1:0.72 10:0.011 100:1.4e-17 1000:0 2000:0 | 7.6s
run39|relu|0.1|none|0.5|0|50|code: dead at step 22 shape decaying ratio 0 silent 1.00 resting 1.00 active 0.00 move 0 | sent 1:0.72 10:0.0084 100:8.6e-19 1000:0 2000:0 | 7.2s
run39|relu|0.1|none|0.5|1|51|code: dead at step 23 shape decaying ratio 0 silent 1.00 resting 1.00 active 0.00 move 0 | sent 1:0.71 10:0.011 100:4.8e-18 1000:0 2000:0 | 7.6s
run39|raw|16.0|none|0.9|1|51|leak: alive shape flat ratio 0.423 silent 0.00 resting 0.00 active 0.96 move 0.018 lock 0.00 static 0.609 pr 2.7 | sent 1:2.4 10:1.4 100:1 1000:1 2000:1 | 16.8s
run39|relu|0.1|none|0.0|0|50|code: dead at step 11 shape decaying ratio 0 silent 1.00 resting 1.00 active 0.00 move 0 | sent 1:0.72 10:4.8e-08 100:0 1000:0 2000:0 | 12.1s
run39|relu|0.1|none|0.9|1|51|code: alive shape flat ratio 0.944 silent 0.47 resting 0.00 active 0.45 move 0.0042 lock 1.00 static 0.974 pr 2.2 | sent 1:0.71 10:0.69 100:0.67 1000:0.66 2000:0.67 | 7.6s
run39|relu|0.1|none|0.0|1|51|code: dead at step 11 shape decaying ratio 0 silent 1.00 resting 1.00 active 0.00 move 0 | sent 1:0.71 10:1.2e-07 100:0 1000:0 2000:0 | 12.8s
run39|relu|0.1|none|0.9|0|51|code: blowup at step 1271 | sent 1:0.71 10:0.63 100:97 1000:inf | 8.0s
run39|relu|0.1|none|0.5|0|51|code: dead at step 22 shape decaying ratio 0 silent 1.00 resting 1.00 active 0.00 move 0 | sent 1:0.71 10:0.0084 100:3.4e-19 1000:0 2000:0 | 12.5s
run39|raw|16.0|kp1|0.9|1|51|leak: alive shape flat ratio 0.398 silent 0.00 resting 0.00 active 0.96 move 0.0197 lock 0.00 static 0.320 pr 2.7 | sent 1:2.5 10:1.3 100:1 1000:1 2000:1 | 16.7s
run39|relu|0.1|none|0.5|1|51|leak: dead at step 18 shape decaying ratio 0 silent 1.00 resting 1.00 active 0.00 move 0 | sent 1:0.7 10:0.0034 100:0 1000:0 2000:0 | 10.0s
run39|relu|0.1|none|0.5|0|50|leak: dead at step 17 shape decaying ratio 0 silent 1.00 resting 1.00 active 0.00 move 0 | sent 1:0.72 10:0.0028 100:0 1000:0 2000:0 | 9.5s
run39|relu|0.1|none|0.5|0|51|leak: dead at step 17 shape decaying ratio 0 silent 1.00 resting 1.00 active 0.00 move 0 | sent 1:0.7 10:0.0027 100:0 1000:0 2000:0 | 9.5s
run39|relu|0.1|none|0.9|1|50|code: alive shape flat ratio 0.979 silent 0.50 resting 0.00 active 0.48 move 2.75e-06 lock 1.00 static 1.000 pr 1.2 | sent 1:0.72 10:0.7 100:0.71 1000:0.71 2000:0.71 | 13.0s
run39|relu|0.1|kp1|0.0|0|50|code: cycle period 4 shape decaying ratio 0.0048 silent 0.20 resting 0.79 active 0.00 move 1.46 lock 0.00 static 0.616 pr 2.3 | sent 1:0.72 10:0.0034 100:0.0035 1000:0.0035 2000:0.0035 | 6.8s
run39|relu|0.1|none|0.9|1|50|leak: dead at step 101 shape decaying ratio 0 silent 0.50 resting 1.00 active 0.00 move 0 | sent 1:0.71 10:0.31 100:7.4e-05 1000:0 2000:0 | 11.3s
run39|relu|0.1|none|0.9|0|50|leak: dead at step 98 shape decaying ratio 0 silent 0.50 resting 1.00 active 0.00 move 0 | sent 1:0.71 10:0.28 100:5.6e-05 1000:0 2000:0 | 11.0s
run39|relu|0.1|none|0.9|0|51|leak: dead at step 98 shape decaying ratio 0 silent 0.53 resting 1.00 active 0.00 move 0 | sent 1:0.7 10:0.27 100:5.6e-05 1000:0 2000:0 | 11.0s
run39|relu|0.1|none|0.9|1|51|leak: dead at step 101 shape decaying ratio 0 silent 0.53 resting 1.00 active 0.00 move 0 | sent 1:0.7 10:0.3 100:7.3e-05 1000:0 2000:0 | 11.3s
run39|relu|0.1|kp1|0.0|1|50|code: cycle period 4 shape decaying ratio 0.00534 silent 0.20 resting 0.77 active 0.00 move 1.46 lock 0.00 static 0.613 pr 2.4 | sent 1:0.72 10:0.0038 100:0.0039 1000:0.0039 2000:0.0039 | 12.9s
run39|relu|0.1|none|0.5|1|50|leak: dead at step 18 shape decaying ratio 0 silent 1.00 resting 1.00 active 0.00 move 0 | sent 1:0.72 10:0.0034 100:0 1000:0 2000:0 | 17.7s
run39|relu|0.1|kp1|0.9|0|51|code: blowup at step 1271 | sent 1:0.71 10:0.63 100:96 1000:inf | 4.6s
run39|relu|0.1|kp1|0.5|0|51|code: cycle period 4 shape decaying ratio 0.00554 silent 0.42 resting 0.55 active 0.00 move 0.823 lock 0.00 static 0.989 pr 2.1 | sent 1:0.71 10:0.0093 100:0.0039 1000:0.0039 2000:0.0039 | 7.3s
run39|relu|0.1|kp1|0.9|0|50|code: blowup at step 1076 | sent 1:0.72 10:0.64 100:1.4e+02 1000:inf | 6.7s
run39|relu|0.1|kp1|0.9|1|50|code: alive shape flat ratio 0.979 silent 0.50 resting 0.00 active 0.48 move 0.00295 lock 0.98 static 1.000 pr 1.3 | sent 1:0.72 10:0.7 100:0.71 1000:0.71 2000:0.71 | 7.5s
run39|relu|0.1|kp1|0.0|0|51|code: cycle period 4 shape decaying ratio 0.00427 silent 0.18 resting 0.64 active 0.00 move 1.39 lock 0.00 static 0.542 pr 2.5 | sent 1:0.71 10:0.0034 100:0.003 1000:0.003 2000:0.003 | 12.0s
run39|relu|0.1|kp1|0.0|1|51|code: cycle period 4 shape decaying ratio 0.00477 silent 0.19 resting 0.62 active 0.00 move 1.39 lock 0.00 static 0.544 pr 2.5 | sent 1:0.71 10:0.0038 100:0.0034 1000:0.0034 2000:0.0034 | 13.1s
run39|relu|0.1|kp1|0.9|1|51|code: alive shape flat ratio 0.942 silent 0.46 resting 0.00 active 0.46 move 0.00516 lock 0.98 static 0.963 pr 2.1 | sent 1:0.71 10:0.69 100:0.67 1000:0.67 2000:0.67 | 7.7s
run39|relu|0.1|kp1|0.5|1|50|code: cycle period 4 shape decaying ratio 0.00609 silent 0.43 resting 0.71 active 0.00 move 0.919 lock 0.00 static 0.990 pr 2.0 | sent 1:0.72 10:0.012 100:0.0044 1000:0.0044 2000:0.0044 | 13.7s
run39|relu|0.1|kp1|0.5|1|51|code: cycle period 4 shape decaying ratio 0.00626 silent 0.42 resting 0.46 active 0.00 move 0.814 lock 0.00 static 0.989 pr 2.1 | sent 1:0.71 10:0.012 100:0.0044 1000:0.0044 2000:0.0044 | 13.4s
run39|relu|0.1|kp1|0.5|0|50|code: cycle period 4 shape decaying ratio 0.00545 silent 0.43 resting 0.75 active 0.00 move 0.924 lock 0.00 static 0.990 pr 2.0 | sent 1:0.72 10:0.0092 100:0.0039 1000:0.0039 2000:0.0039 | 12.7s
run39|relu|0.1|kp1|0.5|0|50|leak: cycle period 4 shape decaying ratio 0.00272 silent 0.43 resting 0.91 active 0.00 move 0.938 lock 0.00 static 0.990 pr 2.0 | sent 1:0.71 10:0.0034 100:0.0019 1000:0.0019 2000:0.0019 | 9.4s
run39|relu|0.1|kp1|0.5|0|51|leak: cycle period 4 shape decaying ratio 0.00267 silent 0.42 resting 0.85 active 0.00 move 0.854 lock 0.00 static 0.988 pr 2.1 | sent 1:0.7 10:0.0034 100:0.0019 1000:0.0019 2000:0.0019 | 9.5s
run39|relu|0.1|kp1|0.5|1|50|leak: cycle period 4 shape decaying ratio 0.00302 silent 0.43 resting 0.89 active 0.00 move 0.937 lock 0.00 static 0.990 pr 2.0 | sent 1:0.72 10:0.004 100:0.0022 1000:0.0022 2000:0.0022 | 9.8s
run39|relu|0.1|kp1|0.5|1|51|leak: cycle period 4 shape decaying ratio 0.00298 silent 0.42 resting 0.80 active 0.00 move 0.852 lock 0.00 static 0.988 pr 2.1 | sent 1:0.7 10:0.004 100:0.0021 1000:0.0021 2000:0.0021 | 9.9s
run39|relu|0.3|none|0.9|0|50|code: blowup at step 206 | sent 1:0.78 10:7.4 100:8.3e+13 | 0.7s
run39|relu|0.3|none|0.9|0|51|code: blowup at step 219 | sent 1:0.78 10:7.6 100:1.5e+13 | 0.8s
run39|relu|0.3|none|0.0|1|51|code: dead at step 16 shape decaying ratio 0 silent 1.00 resting 1.00 active 0.00 move 0 | sent 1:0.76 10:0.0024 100:0 1000:0 2000:0 | 7.3s
run39|relu|0.3|none|0.5|1|50|code: fixed shape flat ratio 0.775 silent 0.50 resting 0.00 active 0.48 move 8.14e-08 | sent 1:0.77 10:0.51 100:0.59 1000:0.59 2000:0.59 | 7.3s
run39|relu|0.1|kp1|0.9|0|50|leak: cycle period 4 shape decaying ratio 0.00206 silent 0.49 resting 0.92 active 0.00 move 0.186 lock 0.82 static 1.000 pr 1.9 | sent 1:0.71 10:0.28 100:0.0015 1000:0.0015 2000:0.0015 | 9.5s
run39|relu|0.1|kp1|0.9|0|51|leak: cycle period 4 shape decaying ratio 0.00231 silent 0.50 resting 0.89 active 0.00 move 0.165 lock 0.63 static 1.000 pr 2.0 | sent 1:0.7 10:0.27 100:0.0016 1000:0.0016 2000:0.0016 | 9.5s
run39|relu|0.3|none|0.0|0|50|code: dead at step 14 shape decaying ratio 0 silent 1.00 resting 1.00 active 0.00 move 0 | sent 1:0.78 10:0.00098 100:0 1000:0 2000:0 | 11.8s
run39|relu|0.3|none|0.9|1|50|code: alive shape flat ratio 0.937 silent 0.50 resting 0.00 active 0.48 move 0.000274 lock 1.00 static 1.000 pr 1.5 | sent 1:0.77 10:1 100:0.72 1000:0.72 2000:0.72 | 7.3s
run39|relu|0.3|none|0.0|0|51|code: dead at step 14 shape decaying ratio 0 silent 1.00 resting 1.00 active 0.00 move 0 | sent 1:0.78 10:0.00099 100:0 1000:0 2000:0 | 12.0s
run39|relu|0.3|none|0.9|1|51|code: alive shape flat ratio 0.884 silent 0.49 resting 0.00 active 0.46 move 0.00198 lock 1.00 static 0.992 pr 2.0 | sent 1:0.76 10:0.98 100:0.68 1000:0.68 2000:0.68 | 7.4s
run39|relu|0.3|none|0.0|1|50|code: dead at step 16 shape decaying ratio 0 silent 1.00 resting 1.00 active 0.00 move 0 | sent 1:0.77 10:0.0024 100:0 1000:0 2000:0 | 12.8s
run39|relu|0.3|none|0.5|1|50|leak: dead at step 34 shape decaying ratio 0 silent 1.00 resting 1.00 active 0.00 move 0 | sent 1:0.73 10:0.035 100:4.1e-12 1000:0 2000:0 | 9.9s
run39|relu|0.3|none|0.5|1|51|code: alive shape flat ratio 0.7 silent 0.50 resting 0.00 active 0.45 move 0.00387 lock 1.00 static 0.997 pr 2.2 | sent 1:0.76 10:0.49 100:0.52 1000:0.53 2000:0.54 | 13.3s
run39|relu|0.3|none|0.5|1|51|leak: dead at step 34 shape decaying ratio 0 silent 1.00 resting 1.00 active 0.00 move 0 | sent 1:0.72 10:0.035 100:7.7e-13 1000:0 2000:0 | 10.0s
run39|relu|0.1|kp1|0.9|1|50|leak: cycle period 4 shape decaying ratio 0.00229 silent 0.49 resting 0.91 active 0.00 move 0.186 lock 0.82 static 1.000 pr 1.9 | sent 1:0.71 10:0.31 100:0.0016 1000:0.0016 2000:0.0016 | 18.1s
run39|relu|0.1|kp1|0.9|1|51|leak: cycle period 4 shape decaying ratio 0.00257 silent 0.49 resting 0.86 active 0.00 move 0.164 lock 0.63 static 1.000 pr 2.0 | sent 1:0.7 10:0.3 100:0.0018 1000:0.0018 2000:0.0018 | 18.0s
run39|relu|0.3|none|0.5|0|50|code: alive shape decaying ratio 0.0139 silent 0.49 resting 0.05 active 0.00 move 0.00173 lock 1.00 static 0.978 pr 1.0 | sent 1:0.78 10:0.34 100:0.29 1000:0.061 2000:0.011 | 12.3s
run39|relu|0.3|none|0.5|0|50|leak: dead at step 30 shape decaying ratio 0 silent 1.00 resting 1.00 active 0.00 move 0 | sent 1:0.73 10:0.024 100:1e-13 1000:0 2000:0 | 9.6s
run39|relu|0.3|none|0.5|0|51|code: dead at step 259 shape decaying ratio 0 silent 0.44 resting 1.00 active 0.00 move 0 | sent 1:0.78 10:0.35 100:0.023 1000:5.1e-16 2000:0 | 12.5s
run39|relu|0.3|none|0.5|0|51|leak: dead at step 30 shape decaying ratio 0 silent 1.00 resting 1.00 active 0.00 move 0 | sent 1:0.72 10:0.024 100:2.3e-14 1000:0 2000:0 | 9.6s
run39|relu|0.3|kp1|0.9|0|50|code: blowup at step 206 | sent 1:0.78 10:7.4 100:8.3e+13 | 1.3s
run39|relu|0.3|kp1|0.9|0|51|code: blowup at step 219 | sent 1:0.79 10:7.7 100:1.5e+13 | 0.8s
run39|relu|0.3|none|0.9|1|50|leak: dead at step 179 shape decaying ratio 0 silent 0.49 resting 1.00 active 0.00 move 0 | sent 1:0.72 10:0.35 100:0.0028 1000:3.8e-21 2000:0 | 10.2s
run39|relu|0.3|none|0.9|1|51|leak: dead at step 177 shape decaying ratio 0 silent 0.49 resting 1.00 active 0.00 move 0 | sent 1:0.7 10:0.34 100:0.0027 1000:1.8e-22 2000:0 | 10.4s
run39|relu|0.3|kp1|0.0|1|51|code: cycle period 4 shape decaying ratio 0.0158 silent 0.20 resting 0.01 active 0.01 move 1.31 lock 0.00 static 0.612 pr 2.6 | sent 1:0.77 10:0.013 100:0.012 1000:0.012 2000:0.012 | 7.3s
run39|relu|0.3|none|0.9|0|51|leak: dead at step 157 shape decaying ratio 0 silent 0.53 resting 1.00 active 0.00 move 0 | sent 1:0.7 10:0.3 100:0.0014 1000:0 2000:0 | 10.3s
run39|relu|0.3|kp1|0.0|0|51|code: cycle period 4 shape decaying ratio 0.0133 silent 0.19 resting 0.02 active 0.01 move 1.33 lock 0.00 static 0.596 pr 2.5 | sent 1:0.79 10:0.011 100:0.01 1000:0.01 2000:0.01 | 7.0s
run39|relu|0.3|kp1|0.5|1|51|code: alive shape flat ratio 0.646 silent 0.46 resting 0.00 active 0.44 move 0.0223 lock 0.02 static 0.965 pr 4.2 | sent 1:0.77 10:0.5 100:0.54 1000:0.54 2000:0.49 | 7.8s
run39|relu|0.3|kp1|0.9|1|51|code: alive shape flat ratio 0.883 silent 0.48 resting 0.00 active 0.46 move 0.00337 lock 0.98 static 0.988 pr 2.5 | sent 1:0.77 10:0.99 100:0.68 1000:0.68 2000:0.68 | 7.6s
run39|relu|0.3|kp1|0.0|0|50|code: cycle period 4 shape decaying ratio 0.0139 silent 0.20 resting 0.19 active 0.01 move 1.42 lock 0.00 static 0.636 pr 2.4 | sent 1:0.78 10:0.011 100:0.011 1000:0.011 2000:0.011 | 12.2s
run39|relu|0.3|kp1|0.0|1|50|code: cycle period 4 shape decaying ratio 0.016 silent 0.21 resting 0.08 active 0.01 move 1.4 lock 0.00 static 0.639 pr 2.5 | sent 1:0.77 10:0.012 100:0.012 1000:0.012 2000:0.012 | 12.9s
run39|relu|1.0|none|0.0|0|50|code: blowup at step 134 | sent 1:1.3 10:92 100:inf | 0.8s
run39|relu|1.0|none|0.0|0|51|code: blowup at step 153 | sent 1:1.4 10:80 100:inf | 0.9s
run39|relu|0.3|kp1|0.5|1|51|leak: cycle period 4 shape decaying ratio 0.0103 silent 0.43 resting 0.14 active 0.01 move 0.744 lock 0.00 static 0.992 pr 2.1 | sent 1:0.72 10:0.036 100:0.0074 1000:0.0074 2000:0.0074 | 9.9s
run39|relu|0.3|kp1|0.5|0|50|code: alive shape decaying ratio 0.0713 silent 0.48 resting 0.00 active 0.24 move 0.198 lock 0.29 static 1.000 pr 2.2 | sent 1:0.78 10:0.34 100:0.28 1000:0.072 2000:0.056 | 12.6s
run39|relu|0.3|kp1|0.5|0|50|leak: cycle period 4 shape decaying ratio 0.00832 silent 0.43 resting 0.51 active 0.00 move 0.894 lock 0.00 static 0.991 pr 2.0 | sent 1:0.73 10:0.025 100:0.0061 1000:0.0061 2000:0.0061 | 9.4s
run39|relu|0.3|none|0.9|0|50|leak: dead at step 158 shape decaying ratio 0 silent 0.45 resting 1.00 active 0.00 move 0 | sent 1:0.71 10:0.31 100:0.0015 1000:0 2000:0 | 17.2s
run39|relu|1.0|none|0.5|0|51|code: blowup at step 95 | sent 1:1.4 10:6.8e+02 | 0.3s
run39|relu|0.3|kp1|0.5|0|51|leak: cycle period 4 shape decaying ratio 0.00885 silent 0.42 resting 0.21 active 0.00 move 0.769 lock 0.00 static 0.991 pr 2.1 | sent 1:0.72 10:0.025 100:0.0064 1000:0.0064 2000:0.0064 | 9.4s
run39|relu|0.3|kp1|0.5|0|51|code: cycle period 4 shape decaying ratio 0.0346 silent 0.47 resting 0.00 active 0.09 move 0.374 lock 0.00 static 0.997 pr 2.0 | sent 1:0.79 10:0.36 100:0.031 1000:0.027 2000:0.027 | 12.8s
run39|relu|1.0|none|0.5|0|50|code: blowup at step 89 | sent 1:1.3 10:7.3e+02 | 0.6s
run39|relu|0.3|kp1|0.5|1|50|code: cycle period 4 shape flat ratio 0.777 silent 0.50 resting 0.00 active 0.48 move 0.0203 lock 0.78 static 1.000 pr 2.0 | sent 1:0.77 10:0.51 100:0.59 1000:0.6 2000:0.6 | 13.5s
run39|relu|1.0|none|0.9|0|50|code: blowup at step 74 | sent 1:1.3 10:3.2e+03 | 0.3s
run39|relu|1.0|none|0.9|0|51|code: blowup at step 76 | sent 1:1.4 10:3.1e+03 | 0.5s
run39|relu|0.3|kp1|0.9|1|50|code: alive shape flat ratio 0.936 silent 0.51 resting 0.00 active 0.47 move 0.00297 lock 0.98 static 1.000 pr 1.5 | sent 1:0.77 10:1 100:0.72 1000:0.72 2000:0.72 | 13.3s
run39|relu|1.0|none|0.5|0|50|leak: blowup at step 241 | sent 1:0.89 10:5.5 100:7.9e+11 | 1.1s
run39|relu|1.0|none|0.0|1|50|code: alive shape flat ratio 0.642 silent 0.27 resting 0.00 active 0.48 move 0.562 lock 0.00 static 0.896 pr 3.2 | sent 1:1.1 10:0.56 100:0.7 1000:0.72 2000:0.7 | 7.1s
run39|relu|0.3|kp1|0.9|1|50|leak: cycle period 4 shape decaying ratio 0.0075 silent 0.49 resting 0.46 active 0.00 move 0.17 lock 0.82 static 1.000 pr 1.9 | sent 1:0.71 10:0.35 100:0.0061 1000:0.0054 2000:0.0054 | 11.7s
run39|relu|1.0|none|0.5|0|51|leak: blowup at step 278 | sent 1:0.92 10:5.5 100:2.8e+10 | 2.4s
run39|relu|0.3|kp1|0.9|0|50|leak: cycle period 4 shape decaying ratio 0.00661 silent 0.49 resting 0.57 active 0.00 move 0.174 lock 0.82 static 1.000 pr 1.9 | sent 1:0.71 10:0.31 100:0.005 1000:0.0047 2000:0.0047 | 9.4s
run39|relu|0.3|kp1|0.9|1|51|leak: cycle period 4 shape decaying ratio 0.00931 silent 0.49 resting 0.21 active 0.00 move 0.136 lock 0.71 static 1.000 pr 2.0 | sent 1:0.7 10:0.34 100:0.0069 1000:0.0065 2000:0.0065 | 9.8s
run39|relu|1.0|kp1|0.0|0|50|code: blowup at step 134 | sent 1:1.3 10:92 100:inf | 0.5s
run39|relu|0.3|kp1|0.9|0|51|leak: cycle period 4 shape decaying ratio 0.00802 silent 0.49 resting 0.29 active 0.00 move 0.142 lock 0.69 static 1.000 pr 2.0 | sent 1:0.7 10:0.3 100:0.0057 1000:0.0056 2000:0.0056 | 9.5s
run39|relu|1.0|kp1|0.0|0|51|code: blowup at step 153 | sent 1:1.4 10:84 100:inf | 0.5s
run39|relu|0.3|kp1|0.5|1|50|leak: cycle period 4 shape decaying ratio 0.00943 silent 0.43 resting 0.40 active 0.01 move 0.88 lock 0.00 static 0.992 pr 2.0 | sent 1:0.73 10:0.035 100:0.0069 1000:0.0069 2000:0.0069 | 17.9s
run39|relu|1.0|none|0.5|1|51|code: alive shape flat ratio 0.596 silent 0.42 resting 0.00 active 0.47 move 0.0197 lock 0.00 static 0.970 pr 2.2 | sent 1:1.1 10:0.6 100:0.68 1000:0.68 2000:0.68 | 7.5s
run39|relu|1.0|kp1|0.5|0|51|code: blowup at step 95 | sent 1:1.4 10:7e+02 | 0.3s
run39|relu|1.0|kp1|0.5|0|50|code: blowup at step 89 | sent 1:1.3 10:7.4e+02 | 0.6s
run39|relu|1.0|none|0.9|0|50|leak: blowup at step 1076 | sent 1:0.72 10:0.64 100:1.4e+02 1000:inf | 5.0s
run39|relu|1.0|none|0.9|1|51|code: alive shape flat ratio 0.595 silent 0.49 resting 0.00 active 0.47 move 0.00183 lock 1.00 static 0.993 pr 2.0 | sent 1:1.1 10:0.94 100:0.68 1000:0.68 2000:0.67 | 7.6s
run39|relu|1.0|kp1|0.9|0|50|code: blowup at step 74 | sent 1:1.3 10:3.2e+03 | 0.3s
run39|relu|1.0|kp1|0.9|0|51|code: blowup at step 76 | sent 1:1.4 10:3.2e+03 | 0.3s
run39|relu|1.0|none|0.9|0|51|leak: blowup at step 1271 | sent 1:0.71 10:0.63 100:97 1000:inf | 6.0s
run39|relu|1.0|none|0.0|1|51|code: alive shape flat ratio 0.581 silent 0.21 resting 0.00 active 0.46 move 0.438 lock 0.00 static 0.880 pr 9.7 | sent 1:1.1 10:0.51 100:0.66 1000:0.69 2000:0.66 | 12.8s
run39|relu|1.0|kp1|0.5|0|50|leak: blowup at step 241 | sent 1:0.9 10:5.6 100:8e+11 | 1.1s
run39|relu|1.0|kp1|0.0|1|51|code: alive shape flat ratio 0.597 silent 0.22 resting 0.00 active 0.46 move 0.452 lock 0.00 static 0.898 pr 15.5 | sent 1:1.1 10:0.5 100:0.66 1000:0.67 2000:0.68 | 7.3s
run39|relu|1.0|kp1|0.5|0|51|leak: blowup at step 279 | sent 1:0.94 10:5.9 100:2.6e+10 | 2.4s
run39|relu|1.0|none|0.9|1|51|leak: alive shape flat ratio 0.944 silent 0.47 resting 0.00 active 0.45 move 0.0042 lock 1.00 static 0.974 pr 2.2 | sent 1:0.71 10:0.69 100:0.67 1000:0.66 2000:0.67 | 9.8s
run39|relu|1.0|none|0.5|1|50|code: alive shape flat ratio 0.656 silent 0.48 resting 0.00 active 0.48 move 0.00186 lock 1.00 static 0.997 pr 1.7 | sent 1:1.1 10:0.65 100:0.72 1000:0.72 2000:0.72 | 13.2s
run39|relu|1.0|kp1|0.5|1|50|code: alive shape flat ratio 0.656 silent 0.50 resting 0.00 active 0.47 move 0.0192 lock 0.88 static 1.000 pr 2.7 | sent 1:1.1 10:0.65 100:0.72 1000:0.72 2000:0.72 | 7.5s
run39|relu|1.0|kp1|0.5|1|51|code: alive shape flat ratio 0.588 silent 0.38 resting 0.00 active 0.46 move 0.0251 lock 0.00 static 0.966 pr 3.6 | sent 1:1.1 10:0.6 100:0.68 1000:0.68 2000:0.67 | 7.8s
run39|relu|2.0|none|0.0|0|50|code: blowup at step 57 | sent 1:2.3 10:8.6e+04 | 0.2s
run39|relu|2.0|none|0.0|0|51|code: blowup at step 60 | sent 1:2.5 10:7.4e+04 | 0.2s
run39|relu|1.0|none|0.9|1|50|code: alive shape flat ratio 0.657 silent 0.49 resting 0.00 active 0.48 move 0.000259 lock 1.00 static 0.999 pr 1.3 | sent 1:1.1 10:1 100:0.72 1000:0.72 2000:0.72 | 13.0s
run39|relu|1.0|kp1|0.9|1|50|code: alive shape flat ratio 0.656 silent 0.51 resting 0.00 active 0.47 move 0.00298 lock 0.98 static 1.000 pr 1.4 | sent 1:1.1 10:1 100:0.71 1000:0.72 2000:0.72 | 7.8s
run39|relu|2.0|none|0.5|0|50|code: blowup at step 52 | sent 1:2.3 10:2.5e+05 | 0.2s
run39|relu|2.0|none|0.5|0|51|code: blowup at step 53 | sent 1:2.5 10:2.1e+05 | 0.2s
run39|relu|1.0|kp1|0.0|1|50|code: alive shape flat ratio 0.649 silent 0.28 resting 0.00 active 0.48 move 0.594 lock 0.00 static 0.897 pr 1.7 | sent 1:1.1 10:0.56 100:0.71 1000:0.71 2000:0.71 | 13.2s
run39|relu|1.0|kp1|0.9|0|51|leak: blowup at step 1271 | sent 1:0.74 10:0.67 100:98 1000:inf | 6.0s
run39|relu|2.0|none|0.9|0|50|code: blowup at step 48 | sent 1:2.3 10:5.9e+05 | 0.2s
run39|relu|2.0|none|0.9|0|51|code: blowup at step 49 | sent 1:2.5 10:5e+05 | 0.2s
run39|relu|1.0|none|0.5|1|50|leak: fixed shape flat ratio 0.834 silent 0.50 resting 0.00 active 0.48 move 9.54e-08 | sent 1:0.85 10:0.76 100:0.71 1000:0.71 2000:0.71 | 17.8s
run39|relu|1.0|kp1|0.5|1|50|leak: cycle period 4 shape flat ratio 0.832 silent 0.49 resting 0.00 active 0.48 move 0.0192 lock 0.88 static 1.000 pr 2.0 | sent 1:0.85 10:0.75 100:0.71 1000:0.71 2000:0.71 | 9.9s
run39|relu|1.0|kp1|0.5|1|51|leak: alive shape flat ratio 0.771 silent 0.52 resting 0.00 active 0.46 move 0.0153 lock 0.71 static 1.000 pr 3.0 | sent 1:0.87 10:0.71 100:0.67 1000:0.67 2000:0.67 | 9.9s
run39|relu|2.0|none|0.5|0|50|leak: blowup at step 89 | sent 1:1.3 10:7.3e+02 | 0.4s
run39|relu|1.0|none|0.5|1|51|leak: alive shape flat ratio 0.783 silent 0.49 resting 0.00 active 0.46 move 0.00404 lock 1.00 static 0.998 pr 2.7 | sent 1:0.86 10:0.72 100:0.68 1000:0.67 2000:0.67 | 18.0s
run39|relu|2.0|none|0.5|0|51|leak: blowup at step 95 | sent 1:1.4 10:6.8e+02 | 0.5s
run39|relu|1.0|none|0.9|1|50|leak: alive shape flat ratio 0.979 silent 0.50 resting 0.00 active 0.48 move 2.75e-06 lock 1.00 static 1.000 pr 1.2 | sent 1:0.72 10:0.7 100:0.71 1000:0.71 2000:0.71 | 17.8s
run39|relu|2.0|none|0.0|1|51|code: alive shape flat ratio 0.423 silent 0.23 resting 0.00 active 0.46 move 0.479 lock 0.00 static 0.875 pr 12.5 | sent 1:1.6 10:0.39 100:0.68 1000:0.69 2000:0.67 | 7.2s
run39|relu|1.0|kp1|0.9|1|50|leak: alive shape flat ratio 0.974 silent 0.50 resting 0.00 active 0.48 move 0.00295 lock 0.98 static 1.000 pr 1.3 | sent 1:0.72 10:0.7 100:0.71 1000:0.71 2000:0.71 | 9.8s
run39|relu|2.0|none|0.9|0|50|leak: blowup at step 330 | sent 1:0.75 10:2.3 100:2.6e+08 | 1.6s
run39|relu|2.0|none|0.5|1|50|code: alive shape flat ratio 0.466 silent 0.48 resting 0.00 active 0.48 move 0.00185 lock 1.00 static 0.997 pr 1.7 | sent 1:1.5 10:0.58 100:0.72 1000:0.72 2000:0.72 | 7.4s
run39|relu|1.0|kp1|0.9|0|50|leak: blowup at step 1076 | sent 1:0.73 10:0.66 100:1.4e+02 1000:inf | 9.2s
run39|relu|2.0|kp1|0.0|0|50|code: blowup at step 57 | sent 1:2.3 10:8.7e+04 | 0.2s
run39|relu|2.0|kp1|0.0|0|51|code: blowup at step 60 | sent 1:2.5 10:7.8e+04 | 0.2s
run39|relu|2.0|kp1|0.5|0|50|code: blowup at step 52 | sent 1:2.3 10:2.6e+05 | 0.2s
run39|relu|1.0|kp1|0.9|1|51|leak: alive shape flat ratio 0.911 silent 0.45 resting 0.00 active 0.46 move 0.00549 lock 0.98 static 0.957 pr 2.2 | sent 1:0.73 10:0.7 100:0.67 1000:0.67 2000:0.66 | 10.0s
run39|relu|2.0|kp1|0.5|0|51|code: blowup at step 53 | sent 1:2.5 10:2.2e+05 | 0.2s
run39|relu|1.0|kp1|0.9|1|51|code: alive shape flat ratio 0.595 silent 0.48 resting 0.00 active 0.47 move 0.00386 lock 0.98 static 0.984 pr 1.9 | sent 1:1.1 10:0.94 100:0.68 1000:0.67 2000:0.68 | 13.5s
run39|relu|2.0|kp1|0.9|0|50|code: blowup at step 48 | sent 1:2.3 10:5.9e+05 | 0.3s
run39|relu|2.0|kp1|0.9|0|51|code: blowup at step 49 | sent 1:2.5 10:5.2e+05 | 0.3s
run39|relu|2.0|none|0.9|0|51|leak: blowup at step 357 | sent 1:0.74 10:2.3 100:8.9e+07 | 3.1s
run39|relu|2.0|none|0.9|1|50|code: alive shape flat ratio 0.467 silent 0.50 resting 0.00 active 0.48 move 0.00028 lock 1.00 static 1.000 pr 1.4 | sent 1:1.5 10:0.97 100:0.71 1000:0.72 2000:0.72 | 7.5s
run39|relu|2.0|kp1|0.5|0|50|leak: blowup at step 89 | sent 1:1.3 10:7.5e+02 | 0.4s
run39|relu|2.0|kp1|0.5|0|51|leak: blowup at step 94 | sent 1:1.4 10:7.4e+02 | 0.4s
run39|relu|2.0|none|0.0|1|50|code: alive shape flat ratio 0.464 silent 0.30 resting 0.00 active 0.48 move 0.528 lock 0.00 static 0.917 pr 2.2 | sent 1:1.5 10:0.42 100:0.73 1000:0.72 2000:0.72 | 12.8s
run39|relu|2.0|none|0.5|1|51|code: alive shape flat ratio 0.433 silent 0.42 resting 0.00 active 0.46 move 0.0201 lock 0.00 static 0.970 pr 2.2 | sent 1:1.6 10:0.52 100:0.68 1000:0.67 2000:0.68 | 13.2s
run39|relu|2.0|kp1|0.0|1|50|code: alive shape flat ratio 0.468 silent 0.28 resting 0.00 active 0.48 move 0.555 lock 0.00 static 0.907 pr 2.5 | sent 1:1.5 10:0.42 100:0.72 1000:0.73 2000:0.72 | 7.3s
run39|relu|2.0|kp1|0.0|1|51|code: alive shape flat ratio 0.437 silent 0.20 resting 0.00 active 0.46 move 0.512 lock 0.00 static 0.856 pr 12.4 | sent 1:1.6 10:0.38 100:0.67 1000:0.69 2000:0.69 | 7.5s
run39|relu|2.0|none|0.5|1|50|leak: alive shape flat ratio 0.656 silent 0.48 resting 0.00 active 0.48 move 0.00186 lock 1.00 static 0.997 pr 1.7 | sent 1:1.1 10:0.65 100:0.72 1000:0.72 2000:0.72 | 9.8s
run39|relu|2.0|none|0.9|1|50|leak: alive shape flat ratio 0.973 silent 0.50 resting 0.00 active 0.48 move 0.000275 lock 1.00 static 1.000 pr 1.5 | sent 1:0.74 10:0.95 100:0.72 1000:0.72 2000:0.72 | 9.9s
run39|relu|2.0|kp1|0.9|0|51|leak: blowup at step 356 | sent 1:0.86 10:2.8 100:9.6e+07 | 1.7s
run39|relu|2.0|kp1|0.5|1|51|code: alive shape flat ratio 0.425 silent 0.38 resting 0.00 active 0.47 move 0.0302 lock 0.00 static 0.956 pr 4.4 | sent 1:1.6 10:0.52 100:0.67 1000:0.68 2000:0.67 | 7.9s
run39|relu|4.0|none|0.0|0|50|code: blowup at step 36 | sent 1:4.3 10:8.6e+07 | 0.1s
run39|relu|2.0|kp1|0.9|1|50|code: alive shape flat ratio 0.466 silent 0.51 resting 0.00 active 0.47 move 0.00298 lock 0.98 static 1.000 pr 1.4 | sent 1:1.5 10:0.98 100:0.71 1000:0.72 2000:0.72 | 7.5s
run39|relu|4.0|none|0.0|0|51|code: blowup at step 37 | sent 1:4.7 10:7.4e+07 | 0.1s
run39|relu|4.0|none|0.5|0|50|code: blowup at step 35 | sent 1:4.3 10:1.5e+08 | 0.1s
run39|relu|4.0|none|0.5|0|51|code: blowup at step 36 | sent 1:4.7 10:1.2e+08 | 0.1s
run39|relu|2.0|kp1|0.9|1|51|code: alive shape flat ratio 0.424 silent 0.47 resting 0.00 active 0.46 move 0.00452 lock 0.98 static 0.981 pr 2.6 | sent 1:1.6 10:0.9 100:0.68 1000:0.68 2000:0.67 | 7.8s
run39|relu|4.0|none|0.9|0|50|code: blowup at step 34 | sent 1:4.3 10:2.3e+08 | 0.1s
run39|relu|4.0|none|0.9|0|51|code: blowup at step 35 | sent 1:4.7 10:1.9e+08 | 0.1s
run39|relu|2.0|kp1|0.9|0|50|leak: blowup at step 330 | sent 1:0.78 10:2.4 100:2.7e+08 | 2.8s
run39|relu|2.0|none|0.9|1|51|code: alive shape flat ratio 0.428 silent 0.49 resting 0.00 active 0.46 move 0.00207 lock 1.00 static 0.990 pr 1.7 | sent 1:1.6 10:0.9 100:0.68 1000:0.68 2000:0.68 | 13.3s
run39|relu|4.0|none|0.5|0|50|leak: blowup at step 52 | sent 1:2.3 10:2.5e+05 | 0.4s
run39|relu|4.0|none|0.5|0|51|leak: blowup at step 53 | sent 1:2.5 10:2.1e+05 | 0.5s
run39|relu|2.0|kp1|0.5|1|50|code: alive shape flat ratio 0.466 silent 0.50 resting 0.00 active 0.47 move 0.0192 lock 0.88 static 1.000 pr 2.7 | sent 1:1.5 10:0.57 100:0.72 1000:0.72 2000:0.72 | 13.5s
run39|relu|2.0|kp1|0.9|1|50|leak: alive shape flat ratio 0.947 silent 0.51 resting 0.00 active 0.47 move 0.00298 lock 0.98 static 1.000 pr 1.2 | sent 1:0.76 10:0.95 100:0.72 1000:0.72 2000:0.72 | 9.8s
run39|relu|4.0|none|0.0|1|50|code: alive shape flat ratio 0.348 silent 0.28 resting 0.00 active 0.48 move 0.525 lock 0.00 static 0.908 pr 2.7 | sent 1:2.1 10:0.36 100:0.72 1000:0.73 2000:0.73 | 7.1s
run39|relu|4.0|none|0.9|0|50|leak: blowup at step 154 | sent 1:0.83 10:22 100:inf | 0.7s
run39|relu|4.0|none|0.0|1|51|code: alive shape flat ratio 0.315 silent 0.22 resting 0.00 active 0.46 move 0.464 lock 0.00 static 0.902 pr 12.3 | sent 1:2.1 10:0.33 100:0.71 1000:0.67 2000:0.66 | 7.3s
run39|relu|4.0|none|0.9|0|51|leak: blowup at step 163 | sent 1:0.85 10:22 100:inf | 0.8s
run39|relu|4.0|kp1|0.0|0|50|code: blowup at step 36 | sent 1:4.3 10:8.6e+07 | 0.1s
run39|relu|4.0|kp1|0.0|0|51|code: blowup at step 37 | sent 1:4.8 10:7.8e+07 | 0.1s
run39|relu|2.0|none|0.5|1|51|leak: alive shape flat ratio 0.596 silent 0.42 resting 0.00 active 0.47 move 0.0197 lock 0.00 static 0.970 pr 2.2 | sent 1:1.1 10:0.6 100:0.68 1000:0.68 2000:0.68 | 18.0s
run39|relu|4.0|none|0.5|1|50|code: alive shape flat ratio 0.343 silent 0.48 resting 0.00 active 0.48 move 0.00179 lock 1.00 static 0.997 pr 1.7 | sent 1:2.1 10:0.53 100:0.72 1000:0.72 2000:0.72 | 7.5s
run39|relu|4.0|kp1|0.5|0|50|code: blowup at step 35 | sent 1:4.3 10:1.5e+08 | 0.1s
run39|relu|4.0|none|0.5|1|51|code: alive shape flat ratio 0.326 silent 0.42 resting 0.00 active 0.46 move 0.0202 lock 0.00 static 0.970 pr 2.2 | sent 1:2.1 10:0.47 100:0.68 1000:0.67 2000:0.69 | 7.7s
run39|relu|4.0|none|0.9|1|50|code: alive shape flat ratio 0.343 silent 0.50 resting 0.00 active 0.48 move 0.000284 lock 1.00 static 1.000 pr 1.4 | sent 1:2.1 10:0.95 100:0.71 1000:0.72 2000:0.72 | 7.5s
run39|relu|4.0|kp1|0.5|0|51|code: blowup at step 36 | sent 1:4.8 10:1.3e+08 | 0.1s
run39|relu|2.0|none|0.9|1|51|leak: alive shape flat ratio 0.927 silent 0.47 resting 0.00 active 0.47 move 0.00332 lock 1.00 static 0.980 pr 1.8 | sent 1:0.73 10:0.92 100:0.68 1000:0.68 2000:0.68 | 18.0s
run39|relu|4.0|none|0.9|1|51|code: alive shape flat ratio 0.321 silent 0.49 resting 0.00 active 0.47 move 0.00178 lock 1.00 static 0.991 pr 1.6 | sent 1:2.1 10:0.87 100:0.68 1000:0.68 2000:0.68 | 7.7s
run39|relu|4.0|kp1|0.9|0|50|code: blowup at step 34 | sent 1:4.3 10:2.3e+08 | 0.1s
run39|relu|4.0|kp1|0.9|0|51|code: blowup at step 35 | sent 1:4.8 10:2e+08 | 0.2s
run39|relu|4.0|kp1|0.5|0|50|leak: blowup at step 52 | sent 1:2.3 10:2.6e+05 | 0.4s
run39|relu|4.0|kp1|0.5|0|51|leak: blowup at step 53 | sent 1:2.6 10:2.4e+05 | 0.5s
run39|relu|4.0|none|0.5|1|50|leak: alive shape flat ratio 0.466 silent 0.48 resting 0.00 active 0.48 move 0.00185 lock 1.00 static 0.997 pr 1.7 | sent 1:1.5 10:0.58 100:0.72 1000:0.72 2000:0.72 | 9.8s
run39|relu|2.0|kp1|0.5|1|50|leak: alive shape flat ratio 0.652 silent 0.50 resting 0.00 active 0.47 move 0.0192 lock 0.88 static 1.000 pr 2.7 | sent 1:1.1 10:0.65 100:0.72 1000:0.72 2000:0.72 | 17.9s
run39|relu|2.0|kp1|0.5|1|51|leak: alive shape flat ratio 0.582 silent 0.36 resting 0.00 active 0.46 move 0.0367 lock 0.00 static 0.965 pr 5.2 | sent 1:1.2 10:0.6 100:0.68 1000:0.69 2000:0.67 | 18.0s
run39|relu|4.0|kp1|0.9|0|50|leak: blowup at step 154 | sent 1:0.95 10:24 100:inf | 1.3s
run39|relu|4.0|kp1|0.9|0|51|leak: blowup at step 162 | sent 1:1.2 10:34 100:inf | 1.4s
run39|relu|4.0|kp1|0.0|1|50|code: alive shape flat ratio 0.35 silent 0.28 resting 0.00 active 0.48 move 0.564 lock 0.00 static 0.908 pr 2.7 | sent 1:2.1 10:0.35 100:0.72 1000:0.73 2000:0.73 | 7.6s
run39|relu|4.0|kp1|0.0|1|51|code: alive shape flat ratio 0.334 silent 0.19 resting 0.00 active 0.46 move 0.535 lock 0.00 static 0.877 pr 13.1 | sent 1:2.1 10:0.32 100:0.7 1000:0.69 2000:0.71 | 7.4s
run39|relu|16.0|none|0.0|0|50|code: blowup at step 21 | sent 1:17 10:9e+13 | 0.1s
run39|relu|16.0|none|0.0|0|51|code: blowup at step 21 | sent 1:19 10:7.6e+13 | 0.1s
run39|relu|2.0|kp1|0.9|1|51|leak: alive shape flat ratio 0.857 silent 0.47 resting 0.00 active 0.47 move 0.00406 lock 0.98 static 0.975 pr 2.1 | sent 1:0.79 10:0.92 100:0.68 1000:0.68 2000:0.68 | 18.3s
run39|relu|16.0|none|0.5|0|50|code: blowup at step 21 | sent 1:17 10:1e+14 | 0.1s
run39|relu|16.0|none|0.5|0|51|code: blowup at step 21 | sent 1:19 10:8.6e+13 | 0.1s
run39|relu|4.0|kp1|0.5|1|50|code: alive shape flat ratio 0.343 silent 0.50 resting 0.00 active 0.47 move 0.0192 lock 0.88 static 1.000 pr 2.8 | sent 1:2.1 10:0.53 100:0.72 1000:0.72 2000:0.72 | 7.8s
run39|relu|4.0|kp1|0.9|1|50|code: alive shape flat ratio 0.343 silent 0.51 resting 0.00 active 0.47 move 0.00298 lock 0.98 static 1.000 pr 1.3 | sent 1:2.1 10:0.95 100:0.71 1000:0.72 2000:0.72 | 8.0s
run39|relu|16.0|none|0.9|0|50|code: blowup at step 21 | sent 1:17 10:1.1e+14 | 0.1s
run39|relu|16.0|none|0.9|0|51|code: blowup at step 21 | sent 1:19 10:9.5e+13 | 0.1s
run39|relu|4.0|kp1|0.9|1|51|code: alive shape flat ratio 0.322 silent 0.46 resting 0.00 active 0.46 move 0.0049 lock 0.96 static 0.973 pr 2.6 | sent 1:2.1 10:0.87 100:0.68 1000:0.68 2000:0.68 | 9.5s
run39|relu|4.0|kp1|0.5|1|50|leak: alive shape flat ratio 0.463 silent 0.50 resting 0.00 active 0.47 move 0.0192 lock 0.88 static 1.000 pr 2.6 | sent 1:1.6 10:0.58 100:0.72 1000:0.72 2000:0.72 | 10.0s
run39|relu|16.0|none|0.5|0|50|leak: blowup at step 26 | sent 1:8.5 10:1.1e+11 | 0.1s
run39|relu|16.0|none|0.5|0|51|leak: blowup at step 27 | sent 1:9.3 10:9.6e+10 | 0.1s
run39|relu|4.0|none|0.5|1|51|leak: alive shape flat ratio 0.433 silent 0.42 resting 0.00 active 0.46 move 0.0201 lock 0.00 static 0.970 pr 2.2 | sent 1:1.6 10:0.52 100:0.68 1000:0.67 2000:0.68 | 18.1s
run39|relu|4.0|none|0.9|1|50|leak: alive shape flat ratio 0.895 silent 0.49 resting 0.00 active 0.48 move 0.000266 lock 1.00 static 1.000 pr 1.5 | sent 1:0.8 10:1 100:0.72 1000:0.72 2000:0.72 | 18.0s
run39|relu|4.0|kp1|0.5|1|51|leak: alive shape flat ratio 0.421 silent 0.40 resting 0.00 active 0.47 move 0.0254 lock 0.00 static 0.964 pr 3.6 | sent 1:1.6 10:0.52 100:0.68 1000:0.68 2000:0.68 | 12.5s
run39|relu|4.0|kp1|0.9|1|51|leak: alive shape flat ratio 0.731 silent 0.49 resting 0.00 active 0.46 move 0.0034 lock 0.98 static 0.976 pr 1.8 | sent 1:0.93 10:0.97 100:0.68 1000:0.68 2000:0.68 | 10.1s
run39|relu|16.0|none|0.9|0|50|leak: blowup at step 55 | sent 1:1.9 10:9.9e+04 | 0.5s
run39|relu|16.0|none|0.9|0|51|leak: blowup at step 56 | sent 1:2 10:8.7e+04 | 0.3s
run39|relu|16.0|kp1|0.0|0|50|code: blowup at step 21 | sent 1:17 10:9e+13 | 0.1s
run39|relu|16.0|kp1|0.0|0|51|code: blowup at step 21 | sent 1:19 10:8.1e+13 | 0.1s
run39|relu|4.0|kp1|0.5|1|51|code: alive shape flat ratio 0.32 silent 0.43 resting 0.00 active 0.46 move 0.0226 lock 0.00 static 0.979 pr 3.6 | sent 1:2.1 10:0.47 100:0.68 1000:0.68 2000:0.67 | 14.1s
run39|relu|16.0|none|0.5|1|51|code: alive shape flat ratio 0.234 silent 0.42 resting 0.00 active 0.46 move 0.0197 lock 0.00 static 0.970 pr 2.2 | sent 1:2.9 10:0.43 100:0.68 1000:0.68 2000:0.68 | 7.6s
run39|relu|16.0|kp1|0.5|0|50|code: blowup at step 21 | sent 1:17 10:1e+14 | 0.1s
run39|relu|16.0|kp1|0.5|0|51|code: blowup at step 21 | sent 1:19 10:9e+13 | 0.1s
run39|relu|4.0|none|0.9|1|51|leak: alive shape flat ratio 0.836 silent 0.49 resting 0.00 active 0.46 move 0.00201 lock 1.00 static 0.989 pr 1.7 | sent 1:0.81 10:0.99 100:0.68 1000:0.68 2000:0.68 | 18.2s
run39|relu|16.0|none|0.5|1|50|code: alive shape flat ratio 0.239 silent 0.48 resting 0.00 active 0.48 move 0.00178 lock 1.00 static 0.997 pr 1.8 | sent 1:3 10:0.49 100:0.72 1000:0.72 2000:0.72 | 9.4s
run39|relu|16.0|kp1|0.9|0|50|code: blowup at step 21 | sent 1:17 10:1.1e+14 | 0.1s
run39|relu|16.0|kp1|0.9|0|51|code: blowup at step 21 | sent 1:19 10:1e+14 | 0.1s
run39|relu|16.0|none|0.9|1|51|code: alive shape flat ratio 0.234 silent 0.48 resting 0.00 active 0.47 move 0.00274 lock 1.00 static 0.975 pr 1.8 | sent 1:2.9 10:0.84 100:0.68 1000:0.68 2000:0.68 | 9.3s
run39|relu|16.0|none|0.0|1|50|code: alive shape flat ratio 0.241 silent 0.29 resting 0.00 active 0.48 move 0.523 lock 0.00 static 0.906 pr 2.8 | sent 1:3 10:0.3 100:0.72 1000:0.72 2000:0.72 | 12.9s
run39|relu|16.0|kp1|0.5|0|50|leak: blowup at step 26 | sent 1:8.7 10:1.1e+11 | 0.2s
run39|relu|16.0|none|0.5|1|50|leak: alive shape flat ratio 0.275 silent 0.48 resting 0.00 active 0.48 move 0.00178 lock 1.00 static 0.997 pr 1.8 | sent 1:2.6 10:0.5 100:0.72 1000:0.72 2000:0.72 | 10.0s
run39|relu|16.0|kp1|0.5|0|51|leak: blowup at step 27 | sent 1:9.8 10:1.1e+11 | 0.2s
run39|relu|16.0|none|0.0|1|51|code: alive shape flat ratio 0.232 silent 0.21 resting 0.00 active 0.46 move 0.485 lock 0.00 static 0.891 pr 12.6 | sent 1:2.9 10:0.27 100:0.68 1000:0.67 2000:0.67 | 13.3s
run39|relu|16.0|kp1|0.9|0|50|leak: blowup at step 54 | sent 1:2.7 10:1.3e+05 | 0.5s
run39|relu|4.0|kp1|0.9|1|50|leak: alive shape flat ratio 0.836 silent 0.51 resting 0.00 active 0.47 move 0.00298 lock 0.98 static 1.000 pr 1.2 | sent 1:0.86 10:1 100:0.72 1000:0.72 2000:0.72 | 18.1s
run39|relu|16.0|kp1|0.9|0|51|leak: blowup at step 56 | sent 1:3.9 10:1.7e+05 | 0.5s
run39|relu|16.0|none|0.9|1|50|code: alive shape flat ratio 0.24 silent 0.50 resting 0.00 active 0.48 move 0.000287 lock 1.00 static 1.000 pr 1.4 | sent 1:3 10:0.92 100:0.71 1000:0.72 2000:0.72 | 13.5s
run39|relu|16.0|none|0.9|1|50|leak: alive shape flat ratio 0.522 silent 0.50 resting 0.00 active 0.48 move 0.000275 lock 1.00 static 1.000 pr 1.5 | sent 1:1.4 10:0.98 100:0.71 1000:0.72 2000:0.72 | 9.9s
run39|relu|16.0|kp1|0.0|1|50|code: alive shape flat ratio 0.243 silent 0.28 resting 0.00 active 0.48 move 0.546 lock 0.00 static 0.908 pr 2.5 | sent 1:3 10:0.3 100:0.73 1000:0.73 2000:0.73 | 7.5s
run39|relu|16.0|kp1|0.5|1|50|code: alive shape flat ratio 0.24 silent 0.50 resting 0.00 active 0.47 move 0.0192 lock 0.88 static 1.000 pr 2.7 | sent 1:3 10:0.49 100:0.72 1000:0.72 2000:0.72 | 7.9s
run39|relu|16.0|kp1|0.9|1|50|code: alive shape flat ratio 0.24 silent 0.51 resting 0.00 active 0.48 move 0.00297 lock 0.98 static 1.000 pr 1.5 | sent 1:3 10:0.92 100:0.71 1000:0.72 2000:0.72 | 8.0s
run39|relu|16.0|kp1|0.0|1|51|code: alive shape flat ratio 0.246 silent 0.18 resting 0.00 active 0.46 move 0.558 lock 0.00 static 0.861 pr 12.3 | sent 1:2.9 10:0.27 100:0.68 1000:0.69 2000:0.72 | 9.5s
run39|relu|16.0|kp1|0.5|1|51|code: alive shape flat ratio 0.235 silent 0.42 resting 0.00 active 0.47 move 0.0258 lock 0.00 static 0.971 pr 2.3 | sent 1:2.9 10:0.43 100:0.68 1000:0.68 2000:0.68 | 13.8s
run39|relu|16.0|none|0.5|1|51|leak: alive shape flat ratio 0.267 silent 0.42 resting 0.00 active 0.46 move 0.0202 lock 0.00 static 0.970 pr 2.2 | sent 1:2.6 10:0.44 100:0.68 1000:0.67 2000:0.69 | 18.3s
run39|relu|16.0|kp1|0.9|1|50|leak: alive shape flat ratio 0.486 silent 0.51 resting 0.00 active 0.48 move 0.00297 lock 0.98 static 1.000 pr 1.3 | sent 1:1.5 10:0.99 100:0.71 1000:0.72 2000:0.72 | 9.9s
run39|relu|16.0|none|0.9|1|51|leak: alive shape flat ratio 0.475 silent 0.49 resting 0.00 active 0.46 move 0.00188 lock 1.00 static 0.992 pr 1.7 | sent 1:1.4 10:0.91 100:0.68 1000:0.68 2000:0.68 | 17.9s
run39|relu|16.0|kp1|0.9|1|51|code: alive shape flat ratio 0.232 silent 0.48 resting 0.00 active 0.47 move 0.00351 lock 0.98 static 0.979 pr 2.1 | sent 1:2.9 10:0.85 100:0.68 1000:0.67 2000:0.67 | 13.7s
run39|rrelu1|0.1|none|0.0|0|51|code: dead at step 3 shape decaying ratio 0 silent 1.00 resting 1.00 active 0.00 move 0 | sent 1:0.27 10:0 100:0 1000:0 2000:0 | 9.4s
run39|relu|16.0|kp1|0.5|1|51|leak: alive shape flat ratio 0.262 silent 0.42 resting 0.00 active 0.47 move 0.0238 lock 0.00 static 0.974 pr 2.7 | sent 1:2.6 10:0.44 100:0.68 1000:0.68 2000:0.68 | 13.6s
run39|rrelu1|0.1|none|0.5|1|51|code: dead at step 15 shape decaying ratio 0 silent 1.00 resting 1.00 active 0.00 move 0 | sent 1:0.27 10:0 100:0 1000:0 2000:0 | 11.0s
run39|rrelu1|0.1|none|0.0|1|50|code: dead at step 3 shape decaying ratio 0 silent 1.00 resting 1.00 active 0.00 move 0 | sent 1:0.27 10:0 100:0 1000:0 2000:0 | 13.4s
run39|rrelu1|0.1|none|0.5|0|50|code: dead at step 15 shape decaying ratio 0 silent 1.00 resting 1.00 active 0.00 move 0 | sent 1:0.27 10:0 100:0 1000:0 2000:0 | 11.5s
run39|rrelu1|0.1|none|0.0|1|51|code: dead at step 3 shape decaying ratio 0 silent 1.00 resting 1.00 active 0.00 move 0 | sent 1:0.27 10:0 100:0 1000:0 2000:0 | 14.6s
run39|relu|16.0|kp1|0.5|1|50|leak: alive shape flat ratio 0.275 silent 0.50 resting 0.00 active 0.47 move 0.0192 lock 0.88 static 1.000 pr 2.7 | sent 1:2.6 10:0.5 100:0.72 1000:0.72 2000:0.72 | 18.1s
run39|rrelu1|0.1|none|0.5|0|51|code: dead at step 15 shape decaying ratio 0 silent 1.00 resting 1.00 active 0.00 move 0 | sent 1:0.27 10:0 100:0 1000:0 2000:0 | 13.1s
run39|relu|16.0|kp1|0.9|1|51|leak: alive shape flat ratio 0.434 silent 0.47 resting 0.00 active 0.46 move 0.0041 lock 0.98 static 0.981 pr 1.8 | sent 1:1.6 10:0.9 100:0.68 1000:0.68 2000:0.68 | 18.0s
run39|rrelu1|0.1|none|0.5|1|50|code: dead at step 15 shape decaying ratio 0 silent 1.00 resting 1.00 active 0.00 move 0 | sent 1:0.27 10:0 100:0 1000:0 2000:0 | 16.8s
run39|rrelu1|0.1|none|0.0|0|50|code: dead at step 3 shape decaying ratio 0 silent 1.00 resting 1.00 active 0.00 move 0 | sent 1:0.27 10:0 100:0 1000:0 2000:0 | 17.2s
run39|rrelu1|0.1|none|0.9|0|50|code: dead at step 89 shape decaying ratio 0 silent 1.00 resting 1.00 active 0.00 move 0 | sent 1:0.27 10:0.011 100:0 1000:0 2000:0 | 9.8s
run39|rrelu1|0.1|none|0.9|0|51|code: dead at step 89 shape decaying ratio 0 silent 1.00 resting 1.00 active 0.00 move 0 | sent 1:0.27 10:0.015 100:0 1000:0 2000:0 | 9.6s
run39|rrelu1|0.1|none|0.9|1|50|code: dead at step 91 shape decaying ratio 0 silent 1.00 resting 1.00 active 0.00 move 0 | sent 1:0.27 10:0.026 100:0 1000:0 2000:0 | 11.3s
run39|rrelu1|0.1|none|0.5|1|51|leak: dead at step 15 shape decaying ratio 0 silent 1.00 resting 1.00 active 0.00 move 0 | sent 1:0.27 10:0 100:0 1000:0 2000:0 | 12.5s
run39|rrelu1|0.1|none|0.5|0|50|leak: dead at step 15 shape decaying ratio 0 silent 1.00 resting 1.00 active 0.00 move 0 | sent 1:0.27 10:0 100:0 1000:0 2000:0 | 12.1s
run39|rrelu1|0.1|none|0.9|1|50|leak: dead at step 90 shape decaying ratio 0 silent 1.00 resting 1.00 active 0.00 move 0 | sent 1:0.27 10:0.012 100:0 1000:0 2000:0 | 12.4s
run39|rrelu1|0.1|none|0.9|1|51|code: dead at step 90 shape decaying ratio 0 silent 1.00 resting 1.00 active 0.00 move 0 | sent 1:0.27 10:0.026 100:0 1000:0 2000:0 | 18.2s
run39|rrelu1|0.1|none|0.9|1|51|leak: dead at step 90 shape decaying ratio 0 silent 1.00 resting 1.00 active 0.00 move 0 | sent 1:0.26 10:0.022 100:0 1000:0 2000:0 | 12.6s
run39|rrelu1|0.1|kp1|0.5|1|50|code: cycle period 4 shape decaying ratio 0 silent 1.00 resting 0.94 active 0.00 move 0.938 lock 0.00 static 0.636 pr 2.6 | sent 1:0.27 10:0 100:0 1000:0 2000:0 | 10.2s
run39|rrelu1|0.1|kp1|0.5|1|51|code: cycle period 4 shape decaying ratio 0 silent 1.00 resting 0.94 active 0.00 move 0.864 lock 0.00 static 0.680 pr 2.7 | sent 1:0.27 10:0 100:0 1000:0 2000:0 | 10.1s
run39|rrelu1|0.1|kp1|0.5|0|50|code: cycle period 4 shape decaying ratio 0 silent 1.00 resting 0.94 active 0.00 move 0.938 lock 0.00 static 0.636 pr 2.6 | sent 1:0.27 10:0 100:0 1000:0 2000:0 | 9.7s
run39|rrelu1|0.1|none|0.5|1|50|leak: dead at step 15 shape decaying ratio 0 silent 1.00 resting 1.00 active 0.00 move 0 | sent 1:0.27 10:0 100:0 1000:0 2000:0 | 22.2s
run39|rrelu1|0.1|kp1|0.5|0|51|code: cycle period 4 shape decaying ratio 0 silent 1.00 resting 0.94 active 0.00 move 0.864 lock 0.00 static 0.680 pr 2.7 | sent 1:0.27 10:0 100:0 1000:0 2000:0 | 9.8s
run39|rrelu1|0.1|kp1|0.9|1|50|code: cycle period 4 shape decaying ratio 0 silent 1.00 resting 0.94 active 0.00 move 0.186 lock 0.00 static 0.985 pr 2.5 | sent 1:0.27 10:0.026 100:0 1000:0 2000:0 | 10.2s
run39|rrelu1|0.1|kp1|0.0|1|50|code: cycle period 4 shape decaying ratio 0 silent 1.00 resting 0.94 active 0.00 move 1.46 lock 0.00 static 0.222 pr 2.6 | sent 1:0.27 10:0 100:0 1000:0 2000:0 | 18.0s
run39|rrelu1|0.1|none|0.5|0|51|leak: dead at step 15 shape decaying ratio 0 silent 1.00 resting 1.00 active 0.00 move 0 | sent 1:0.27 10:0 100:0 1000:0 2000:0 | 21.7s
run39|rrelu1|0.1|kp1|0.0|0|50|code: cycle period 4 shape decaying ratio 0 silent 1.00 resting 0.94 active 0.00 move 1.46 lock 0.00 static 0.222 pr 2.6 | sent 1:0.27 10:0 100:0 1000:0 2000:0 | 17.3s
run39|rrelu1|0.1|kp1|0.0|0|51|code: cycle period 4 shape decaying ratio 0 silent 1.00 resting 0.94 active 0.00 move 1.4 lock 0.00 static 0.268 pr 2.9 | sent 1:0.27 10:0 100:0 1000:0 2000:0 | 17.0s
run39|rrelu1|0.1|kp1|0.0|1|51|code: cycle period 4 shape decaying ratio 0 silent 1.00 resting 0.94 active 0.00 move 1.4 lock 0.00 static 0.268 pr 2.9 | sent 1:0.27 10:0 100:0 1000:0 2000:0 | 18.0s
run39|rrelu1|0.1|kp1|0.9|1|51|code: cycle period 4 shape decaying ratio 0 silent 1.00 resting 0.94 active 0.00 move 0.167 lock 0.00 static 0.987 pr 2.7 | sent 1:0.27 10:0.026 100:0 1000:0 2000:0 | 10.2s
run39|rrelu1|0.1|none|0.9|0|50|leak: dead at step 89 shape decaying ratio 0 silent 1.00 resting 1.00 active 0.00 move 0 | sent 1:0.27 10:0.0039 100:0 1000:0 2000:0 | 21.8s
run39|rrelu1|0.1|kp1|0.9|0|51|code: cycle period 4 shape decaying ratio 0 silent 1.00 resting 0.94 active 0.00 move 0.167 lock 0.00 static 0.987 pr 2.7 | sent 1:0.27 10:0.014 100:0 1000:0 2000:0 | 10.0s
run39|rrelu1|0.1|none|0.9|0|51|leak: dead at step 89 shape decaying ratio 0 silent 1.00 resting 1.00 active 0.00 move 0 | sent 1:0.27 10:0.013 100:0 1000:0 2000:0 | 22.1s
run39|rrelu1|0.1|kp1|0.5|1|50|leak: cycle period 4 shape decaying ratio 0 silent 1.00 resting 0.94 active 0.00 move 0.938 lock 0.00 static 0.636 pr 2.6 | sent 1:0.27 10:0 100:0 1000:0 2000:0 | 12.4s
run39|rrelu1|0.1|kp1|0.5|0|50|leak: cycle period 4 shape decaying ratio 0 silent 1.00 resting 0.94 active 0.00 move 0.938 lock 0.00 static 0.636 pr 2.6 | sent 1:0.27 10:0 100:0 1000:0 2000:0 | 11.9s
run39|rrelu1|0.1|kp1|0.5|1|51|leak: cycle period 4 shape decaying ratio 0 silent 1.00 resting 0.94 active 0.00 move 0.864 lock 0.00 static 0.680 pr 2.7 | sent 1:0.27 10:0 100:0 1000:0 2000:0 | 12.5s
run39|rrelu1|0.1|kp1|0.9|0|50|code: cycle period 4 shape decaying ratio 0 silent 1.00 resting 0.94 active 0.00 move 0.186 lock 0.00 static 0.985 pr 2.5 | sent 1:0.27 10:0.011 100:0 1000:0 2000:0 | 17.9s
run39|rrelu1|0.3|none|0.0|0|51|code: dead at step 3 shape decaying ratio 0 silent 1.00 resting 1.00 active 0.00 move 0 | sent 1:0.29 10:0 100:0 1000:0 2000:0 | 8.9s
run39|rrelu1|0.1|kp1|0.9|1|50|leak: cycle period 4 shape decaying ratio 0 silent 1.00 resting 0.94 active 0.00 move 0.186 lock 0.00 static 0.985 pr 2.5 | sent 1:0.27 10:0.012 100:0 1000:0 2000:0 | 12.4s
run39|rrelu1|0.3|none|0.9|0|51|code: blowup at step 234 | sent 1:0.29 10:0.21 100:1.3e+11 | 1.1s
run39|rrelu1|0.1|kp1|0.9|1|51|leak: cycle period 4 shape decaying ratio 0 silent 1.00 resting 0.94 active 0.00 move 0.167 lock 0.00 static 0.987 pr 2.7 | sent 1:0.26 10:0.022 100:0 1000:0 2000:0 | 12.8s
run39|rrelu1|0.3|none|0.9|0|50|code: blowup at step 222 | sent 1:0.29 10:0.25 100:4.2e+11 | 1.9s
run39|rrelu1|0.3|none|0.5|1|51|code: dead at step 15 shape decaying ratio 0 silent 1.00 resting 1.00 active 0.00 move 0 | sent 1:0.28 10:0 100:0 1000:0 2000:0 | 9.7s
run39|rrelu1|0.3|none|0.5|0|51|code: dead at step 15 shape decaying ratio 0 silent 1.00 resting 1.00 active 0.00 move 0 | sent 1:0.29 10:0 100:0 1000:0 2000:0 | 9.3s
run39|rrelu1|0.3|none|0.9|1|50|code: alive shape flat ratio 0.974 silent 0.50 resting 0.00 active 0.15 move 0.0489 lock 0.00 static 0.390 pr 5.5 | sent 1:0.28 10:0.27 100:0.26 1000:0.28 2000:0.27 | 9.7s
run39|rrelu1|0.3|none|0.0|0|50|code: dead at step 3 shape decaying ratio 0 silent 1.00 resting 1.00 active 0.00 move 0 | sent 1:0.29 10:0 100:0 1000:0 2000:0 | 16.4s
run39|rrelu1|0.3|none|0.9|1|51|code: alive shape flat ratio 0.91 silent 0.57 resting 0.00 active 0.14 move 0.043 lock 0.00 static 0.372 pr 5.7 | sent 1:0.28 10:0.24 100:0.27 1000:0.27 2000:0.25 | 9.7s
run39|rrelu1|0.3|none|0.0|1|50|code: dead at step 3 shape decaying ratio 0 silent 1.00 resting 1.00 active 0.00 move 0 | sent 1:0.28 10:0 100:0 1000:0 2000:0 | 17.2s
run39|rrelu1|0.3|none|0.0|1|51|code: dead at step 3 shape decaying ratio 0 silent 1.00 resting 1.00 active 0.00 move 0 | sent 1:0.28 10:0 100:0 1000:0 2000:0 | 17.2s
run39|rrelu1|0.3|none|0.5|1|50|code: dead at step 15 shape decaying ratio 0 silent 1.00 resting 1.00 active 0.00 move 0 | sent 1:0.28 10:0 100:0 1000:0 2000:0 | 17.8s
run39|rrelu1|0.3|none|0.5|0|50|code: dead at step 15 shape decaying ratio 0 silent 1.00 resting 1.00 active 0.00 move 0 | sent 1:0.29 10:0 100:0 1000:0 2000:0 | 17.3s
run39|rrelu1|0.1|kp1|0.5|0|51|leak: cycle period 4 shape decaying ratio 0 silent 1.00 resting 0.94 active 0.00 move 0.864 lock 0.00 static 0.680 pr 2.7 | sent 1:0.27 10:0 100:0 1000:0 2000:0 | 21.8s
run39|rrelu1|0.1|kp1|0.9|0|51|leak: cycle period 4 shape decaying ratio 0 silent 1.00 resting 0.94 active 0.00 move 0.167 lock 0.00 static 0.987 pr 2.7 | sent 1:0.27 10:0.013 100:0 1000:0 2000:0 | 21.4s
run39|rrelu1|0.1|kp1|0.9|0|50|leak: cycle period 4 shape decaying ratio 0 silent 1.00 resting 0.94 active 0.00 move 0.186 lock 0.00 static 0.985 pr 2.5 | sent 1:0.27 10:0.0038 100:0 1000:0 2000:0 | 22.0s
run39|rrelu1|0.3|none|0.5|1|50|leak: dead at step 15 shape decaying ratio 0 silent 1.00 resting 1.00 active 0.00 move 0 | sent 1:0.27 10:0 100:0 1000:0 2000:0 | 12.5s
run39|rrelu1|0.3|none|0.5|1|51|leak: dead at step 15 shape decaying ratio 0 silent 1.00 resting 1.00 active 0.00 move 0 | sent 1:0.27 10:0 100:0 1000:0 2000:0 | 12.4s
run39|rrelu1|0.3|none|0.5|0|50|leak: dead at step 15 shape decaying ratio 0 silent 1.00 resting 1.00 active 0.00 move 0 | sent 1:0.28 10:0 100:0 1000:0 2000:0 | 12.1s
run39|rrelu1|0.3|none|0.9|1|50|leak: dead at step 90 shape decaying ratio 0 silent 1.00 resting 1.00 active 0.00 move 0 | sent 1:0.27 10:0.013 100:0 1000:0 2000:0 | 12.5s
run39|rrelu1|0.3|kp1|0.9|0|50|code: blowup at step 222 | sent 1:0.29 10:0.25 100:4.1e+11 | 1.1s
run39|rrelu1|0.3|kp1|0.9|0|51|code: blowup at step 235 | sent 1:0.29 10:0.2 100:1.1e+11 | 1.2s
run39|rrelu1|0.3|kp1|0.0|1|50|code: cycle period 4 shape decaying ratio 0 silent 1.00 resting 0.94 active 0.00 move 1.46 lock 0.00 static 0.222 pr 2.6 | sent 1:0.28 10:0 100:0 1000:0 2000:0 | 10.0s
run39|rrelu1|0.3|none|0.9|1|51|leak: dead at step 90 shape decaying ratio 0 silent 1.00 resting 1.00 active 0.00 move 0 | sent 1:0.27 10:0.022 100:0 1000:0 2000:0 | 12.7s
run39|rrelu1|0.3|none|0.9|0|50|leak: dead at step 89 shape decaying ratio 0 silent 1.00 resting 1.00 active 0.00 move 0 | sent 1:0.27 10:0.0047 100:0 1000:0 2000:0 | 12.3s
run39|rrelu1|0.3|kp1|0.9|1|50|code: alive shape flat ratio 1.12 silent 0.52 resting 0.00 active 0.15 move 0.0486 lock 0.00 static 0.408 pr 5.9 | sent 1:0.28 10:0.27 100:0.29 1000:0.27 2000:0.32 | 10.2s
run39|rrelu1|0.3|kp1|0.9|1|51|code: alive shape flat ratio 0.866 silent 0.55 resting 0.00 active 0.14 move 0.048 lock 0.00 static 0.398 pr 6.1 | sent 1:0.28 10:0.25 100:0.26 1000:0.25 2000:0.24 | 10.1s
run39|rrelu1|0.3|none|0.5|0|51|leak: dead at step 15 shape decaying ratio 0 silent 1.00 resting 1.00 active 0.00 move 0 | sent 1:0.27 10:0 100:0 1000:0 2000:0 | 22.0s
run39|rrelu1|0.3|kp1|0.0|0|50|code: cycle period 4 shape decaying ratio 0 silent 1.00 resting 0.94 active 0.00 move 1.46 lock 0.00 static 0.222 pr 2.6 | sent 1:0.29 10:0 100:0 1000:0 2000:0 | 17.0s
run39|rrelu1|0.3|kp1|0.0|1|51|code: cycle period 4 shape decaying ratio 0 silent 1.00 resting 0.94 active 0.00 move 1.4 lock 0.00 static 0.268 pr 2.9 | sent 1:0.28 10:0 100:0 1000:0 2000:0 | 17.8s
run39|rrelu1|0.3|kp1|0.0|0|51|code: cycle period 4 shape decaying ratio 0 silent 1.00 resting 0.94 active 0.00 move 1.4 lock 0.00 static 0.268 pr 2.9 | sent 1:0.29 10:0 100:0 1000:0 2000:0 | 17.5s
run39|rrelu1|0.3|kp1|0.5|1|50|leak: cycle period 4 shape decaying ratio 0 silent 1.00 resting 0.94 active 0.00 move 0.938 lock 0.00 static 0.636 pr 2.6 | sent 1:0.27 10:0 100:0 1000:0 2000:0 | 12.3s
run39|rrelu1|0.3|kp1|0.5|1|51|leak: cycle period 4 shape decaying ratio 0 silent 1.00 resting 0.94 active 0.00 move 0.864 lock 0.00 static 0.680 pr 2.7 | sent 1:0.27 10:0 100:0 1000:0 2000:0 | 12.5s
run39|rrelu1|0.3|kp1|0.5|1|50|code: cycle period 4 shape decaying ratio 0 silent 1.00 resting 0.94 active 0.00 move 0.938 lock 0.00 static 0.636 pr 2.6 | sent 1:0.28 10:0 100:0 1000:0 2000:0 | 18.8s
run39|rrelu1|0.3|kp1|0.5|1|51|code: cycle period 4 shape decaying ratio 0 silent 1.00 resting 0.94 active 0.00 move 0.864 lock 0.00 static 0.680 pr 2.7 | sent 1:0.28 10:0 100:0 1000:0 2000:0 | 18.7s
run39|rrelu1|0.3|none|0.9|0|51|leak: dead at step 89 shape decaying ratio 0 silent 1.00 resting 1.00 active 0.00 move 0 | sent 1:0.27 10:0.012 100:0 1000:0 2000:0 | 21.9s
run39|rrelu1|0.3|kp1|0.5|0|50|code: cycle period 4 shape decaying ratio 0 silent 1.00 resting 0.94 active 0.00 move 0.938 lock 0.00 static 0.636 pr 2.6 | sent 1:0.29 10:0 100:0 1000:0 2000:0 | 17.9s
run39|rrelu1|0.3|kp1|0.5|0|50|leak: cycle period 4 shape decaying ratio 0 silent 1.00 resting 0.94 active 0.00 move 0.938 lock 0.00 static 0.636 pr 2.6 | sent 1:0.28 10:0 100:0 1000:0 2000:0 | 12.0s
run39|rrelu1|1.0|none|0.5|0|50|code: blowup at step 96 | sent 1:0.38 10:4.5 | 0.8s
run39|rrelu1|1.0|none|0.5|0|51|code: blowup at step 99 | sent 1:0.42 10:23 | 0.9s
run39|rrelu1|0.3|kp1|0.5|0|51|code: cycle period 4 shape decaying ratio 0 silent 1.00 resting 0.94 active 0.00 move 0.864 lock 0.00 static 0.680 pr 2.7 | sent 1:0.29 10:0 100:0 1000:0 2000:0 | 18.1s
run39|rrelu1|1.0|none|0.9|0|50|code: blowup at step 76 | sent 1:0.38 10:3.8e+02 | 0.7s
run39|rrelu1|1.0|none|0.9|0|51|code: blowup at step 78 | sent 1:0.42 10:5e+02 | 0.7s
run39|rrelu1|0.3|kp1|0.5|0|51|leak: cycle period 4 shape decaying ratio 0 silent 1.00 resting 0.94 active 0.00 move 0.864 lock 0.00 static 0.680 pr 2.7 | sent 1:0.27 10:0 100:0 1000:0 2000:0 | 12.1s
run39|rrelu1|0.3|kp1|0.9|1|50|leak: cycle period 4 shape decaying ratio 0 silent 1.00 resting 0.94 active 0.00 move 0.186 lock 0.00 static 0.985 pr 2.5 | sent 1:0.27 10:0.013 100:0 1000:0 2000:0 | 12.3s
run39|rrelu1|0.3|kp1|0.9|0|50|leak: cycle period 4 shape decaying ratio 0 silent 1.00 resting 0.94 active 0.00 move 0.186 lock 0.00 static 0.985 pr 2.5 | sent 1:0.27 10:0.0047 100:0 1000:0 2000:0 | 11.9s
run39|rrelu1|1.0|none|0.0|0|51|code: dead at step 5 shape decaying ratio 0 silent 1.00 resting 1.00 active 0.00 move 0 | sent 1:0.42 10:0 100:0 1000:0 2000:0 | 9.0s
run39|rrelu1|0.3|kp1|0.9|1|51|leak: cycle period 4 shape decaying ratio 0 silent 1.00 resting 0.94 active 0.00 move 0.167 lock 0.00 static 0.987 pr 2.7 | sent 1:0.27 10:0.022 100:0 1000:0 2000:0 | 12.7s
run39|rrelu1|1.0|none|0.0|0|50|code: dead at step 5 shape decaying ratio 0 silent 1.00 resting 1.00 active 0.00 move 0 | sent 1:0.38 10:0 100:0 1000:0 2000:0 | 10.8s
run39|rrelu1|1.0|none|0.5|1|50|code: dead at step 23 shape decaying ratio 0 silent 1.00 resting 1.00 active 0.00 move 0 | sent 1:0.35 10:0.043 100:0 1000:0 2000:0 | 9.7s
run39|rrelu1|1.0|none|0.9|1|51|code: alive shape flat ratio 0.518 silent 0.56 resting 0.00 active 0.14 move 0.0407 lock 0.00 static 0.415 pr 5.7 | sent 1:0.37 10:0.57 100:0.24 1000:0.24 2000:0.19 | 9.8s
run39|rrelu1|1.0|none|0.0|1|50|code: dead at step 5 shape decaying ratio 0 silent 1.00 resting 1.00 active 0.00 move 0 | sent 1:0.35 10:0 100:0 1000:0 2000:0 | 17.1s
run39|rrelu1|1.0|none|0.0|1|51|code: dead at step 5 shape decaying ratio 0 silent 1.00 resting 1.00 active 0.00 move 0 | sent 1:0.37 10:0 100:0 1000:0 2000:0 | 17.3s
run39|rrelu1|1.0|none|0.5|0|51|leak: dead at step 15 shape decaying ratio 0 silent 1.00 resting 1.00 active 0.00 move 0 | sent 1:0.31 10:0 100:0 1000:0 2000:0 | 12.1s
run39|rrelu1|0.3|kp1|0.9|0|51|leak: cycle period 4 shape decaying ratio 0 silent 1.00 resting 0.94 active 0.00 move 0.167 lock 0.00 static 0.987 pr 2.7 | sent 1:0.27 10:0.012 100:0 1000:0 2000:0 | 21.8s
run39|rrelu1|1.0|none|0.5|1|51|code: dead at step 24 shape decaying ratio 0 silent 1.00 resting 1.00 active 0.00 move 0 | sent 1:0.37 10:0.064 100:0 1000:0 2000:0 | 18.0s
run39|rrelu1|1.0|kp1|0.5|0|50|code: blowup at step 96 | sent 1:0.39 10:4.5 | 0.9s
run39|rrelu1|1.0|none|0.9|1|50|code: alive shape flat ratio 0.766 silent 0.53 resting 0.00 active 0.16 move 0.045 lock 0.00 static 0.445 pr 5.9 | sent 1:0.35 10:0.59 100:0.3 1000:0.3 2000:0.27 | 17.5s
run39|rrelu1|1.0|kp1|0.5|0|51|code: blowup at step 99 | sent 1:0.44 10:32 | 0.9s
run39|rrelu1|1.0|kp1|0.0|1|50|code: cycle period 4 shape decaying ratio 0 silent 1.00 resting 0.94 active 0.00 move 1.46 lock 0.00 static 0.222 pr 2.6 | sent 1:0.36 10:0 100:0 1000:0 2000:0 | 9.4s
run39|rrelu1|1.0|kp1|0.9|0|51|code: blowup at step 78 | sent 1:0.44 10:5.5e+02 | 0.4s
run39|rrelu1|1.0|kp1|0.0|1|51|code: cycle period 4 shape decaying ratio 0 silent 1.00 resting 0.94 active 0.00 move 1.4 lock 0.00 static 0.268 pr 2.9 | sent 1:0.39 10:0 100:0 1000:0 2000:0 | 9.8s
run39|rrelu1|1.0|kp1|0.9|0|50|code: blowup at step 76 | sent 1:0.39 10:3.8e+02 | 0.7s
run39|rrelu1|1.0|none|0.9|0|50|leak: dead at step 89 shape decaying ratio 0 silent 1.00 resting 1.00 active 0.00 move 0 | sent 1:0.27 10:0.011 100:0 1000:0 2000:0 | 12.0s
run39|rrelu1|1.0|none|0.9|1|51|leak: dead at step 90 shape decaying ratio 0 silent 1.00 resting 1.00 active 0.00 move 0 | sent 1:0.27 10:0.026 100:0 1000:0 2000:0 | 12.6s
run39|rrelu1|1.0|none|0.9|0|51|leak: dead at step 89 shape decaying ratio 0 silent 1.00 resting 1.00 active 0.00 move 0 | sent 1:0.27 10:0.015 100:0 1000:0 2000:0 | 12.1s
run39|rrelu1|1.0|kp1|0.0|0|50|code: cycle period 4 shape decaying ratio 0 silent 1.00 resting 0.94 active 0.00 move 1.46 lock 0.00 static 0.222 pr 2.6 | sent 1:0.39 10:0 100:0 1000:0 2000:0 | 9.3s
run39|rrelu1|1.0|none|0.5|0|50|leak: dead at step 15 shape decaying ratio 0 silent 1.00 resting 1.00 active 0.00 move 0 | sent 1:0.31 10:0 100:0 1000:0 2000:0 | 21.6s
run39|rrelu1|1.0|none|0.5|1|50|leak: dead at step 16 shape decaying ratio 0 silent 1.00 resting 1.00 active 0.00 move 0 | sent 1:0.3 10:0 100:0 1000:0 2000:0 | 22.2s
run39|rrelu1|1.0|none|0.5|1|51|leak: dead at step 16 shape decaying ratio 0 silent 1.00 resting 1.00 active 0.00 move 0 | sent 1:0.3 10:0 100:0 1000:0 2000:0 | 22.4s
run39|rrelu1|1.0|kp1|0.5|1|51|code: cycle period 4 shape decaying ratio 0 silent 1.00 resting 0.94 active 0.00 move 0.864 lock 0.00 static 0.680 pr 2.7 | sent 1:0.39 10:0.13 100:0 1000:0 2000:0 | 10.2s
run39|rrelu1|1.0|none|0.9|1|50|leak: dead at step 91 shape decaying ratio 0 silent 1.00 resting 1.00 active 0.00 move 0 | sent 1:0.27 10:0.026 100:0 1000:0 2000:0 | 22.4s
run39|rrelu1|2.0|none|0.0|0|50|code: blowup at step 59 | sent 1:0.63 10:1.3e+04 | 0.3s
run39|rrelu1|2.0|none|0.0|0|51|code: blowup at step 61 | sent 1:0.74 10:1.6e+04 | 0.5s
run39|rrelu1|1.0|kp1|0.0|0|51|code: cycle period 4 shape decaying ratio 0 silent 1.00 resting 0.94 active 0.00 move 1.4 lock 0.00 static 0.268 pr 2.9 | sent 1:0.44 10:0 100:0 1000:0 2000:0 | 16.8s
run39|rrelu1|2.0|none|0.5|0|50|code: blowup at step 53 | sent 1:0.63 10:3.9e+04 | 0.5s
run39|rrelu1|2.0|none|0.5|0|51|code: blowup at step 54 | sent 1:0.74 10:5.1e+04 | 0.5s
run39|rrelu1|1.0|kp1|0.5|1|50|leak: cycle period 4 shape decaying ratio 0 silent 1.00 resting 0.94 active 0.00 move 0.938 lock 0.00 static 0.636 pr 2.6 | sent 1:0.3 10:0 100:0 1000:0 2000:0 | 12.4s
run39|rrelu1|1.0|kp1|0.5|0|51|leak: cycle period 4 shape decaying ratio 0 silent 1.00 resting 0.94 active 0.00 move 0.864 lock 0.00 static 0.680 pr 2.7 | sent 1:0.34 10:0 100:0 1000:0 2000:0 | 12.2s
run39|rrelu1|1.0|kp1|0.5|1|51|leak: cycle period 4 shape decaying ratio 0 silent 1.00 resting 0.94 active 0.00 move 0.864 lock 0.00 static 0.680 pr 2.7 | sent 1:0.32 10:0 100:0 1000:0 2000:0 | 12.7s
run39|rrelu1|2.0|none|0.9|0|50|code: blowup at step 49 | sent 1:0.63 10:9.9e+04 | 0.2s
run39|rrelu1|1.0|kp1|0.9|1|50|leak: cycle period 4 shape decaying ratio 0 silent 1.00 resting 0.94 active 0.00 move 0.186 lock 0.00 static 0.985 pr 2.5 | sent 1:0.28 10:0.03 100:0 1000:0 2000:0 | 12.2s
run39|rrelu1|2.0|none|0.9|0|51|code: blowup at step 50 | sent 1:0.74 10:1.3e+05 | 0.2s
run39|rrelu1|1.0|kp1|0.9|0|50|leak: cycle period 4 shape decaying ratio 0 silent 1.00 resting 0.94 active 0.00 move 0.186 lock 0.00 static 0.985 pr 2.5 | sent 1:0.28 10:0.015 100:0 1000:0 2000:0 | 12.1s
run39|rrelu1|1.0|kp1|0.9|1|51|leak: cycle period 4 shape decaying ratio 0 silent 1.00 resting 0.94 active 0.00 move 0.167 lock 0.00 static 0.987 pr 2.7 | sent 1:0.29 10:0.039 100:0 1000:0 2000:0 | 12.7s
run39|rrelu1|1.0|kp1|0.5|1|50|code: cycle period 4 shape decaying ratio 0 silent 1.00 resting 0.94 active 0.00 move 0.938 lock 0.00 static 0.636 pr 2.6 | sent 1:0.36 10:0.039 100:0 1000:0 2000:0 | 18.3s
run39|rrelu1|2.0|none|0.5|0|50|leak: blowup at step 96 | sent 1:0.38 10:4.5 | 0.6s
run39|rrelu1|2.0|none|0.5|0|51|leak: blowup at step 99 | sent 1:0.42 10:23 | 0.6s
run39|rrelu1|2.0|none|0.5|1|50|code: dead at step 24 shape decaying ratio 0 silent 1.00 resting 1.00 active 0.00 move 0 | sent 1:0.51 10:0.074 100:0 1000:0 2000:0 | 9.7s
run39|rrelu1|1.0|kp1|0.9|1|50|code: alive shape flat ratio 0.858 silent 0.48 resting 0.00 active 0.15 move 0.0555 lock 0.00 static 0.383 pr 5.6 | sent 1:0.36 10:0.59 100:0.27 1000:0.3 2000:0.31 | 18.4s
run39|rrelu1|1.0|kp1|0.9|1|51|code: alive shape flat ratio 0.712 silent 0.48 resting 0.00 active 0.15 move 0.0548 lock 0.00 static 0.371 pr 6.3 | sent 1:0.39 10:0.56 100:0.25 1000:0.28 2000:0.28 | 18.5s
run39|rrelu1|2.0|kp1|0.0|0|50|code: blowup at step 59 | sent 1:0.65 10:1.3e+04 | 0.5s
run39|rrelu1|2.0|kp1|0.0|0|51|code: blowup at step 61 | sent 1:0.82 10:2e+04 | 0.5s
run39|rrelu1|2.0|none|0.0|1|50|code: dead at step 10 shape decaying ratio 0 silent 1.00 resting 1.00 active 0.00 move 0 | sent 1:0.51 10:0 100:0 1000:0 2000:0 | 17.3s
run39|rrelu1|2.0|none|0.0|1|51|code: dead at step 10 shape decaying ratio 0 silent 1.00 resting 1.00 active 0.00 move 0 | sent 1:0.57 10:0 100:0 1000:0 2000:0 | 17.3s
run39|rrelu1|1.0|kp1|0.5|0|50|leak: cycle period 4 shape decaying ratio 0 silent 1.00 resting 0.94 active 0.00 move 0.938 lock 0.00 static 0.636 pr 2.6 | sent 1:0.31 10:0 100:0 1000:0 2000:0 | 21.5s
run39|rrelu1|2.0|kp1|0.5|0|50|code: blowup at step 53 | sent 1:0.65 10:3.9e+04 | 0.5s
run39|rrelu1|2.0|kp1|0.5|0|51|code: blowup at step 54 | sent 1:0.82 10:6.2e+04 | 0.5s
run39|rrelu1|2.0|none|0.9|1|51|code: alive shape flat ratio 0.472 silent 0.54 resting 0.00 active 0.14 move 0.0483 lock 0.00 static 0.389 pr 6.2 | sent 1:0.57 10:0.47 100:0.27 1000:0.31 2000:0.27 | 9.7s
run39|rrelu1|2.0|kp1|0.9|0|50|code: blowup at step 49 | sent 1:0.65 10:1e+05 | 0.2s
run39|rrelu1|2.0|kp1|0.9|0|51|code: blowup at step 50 | sent 1:0.82 10:1.5e+05 | 0.2s
run39|rrelu1|2.0|none|0.5|1|51|code: dead at step 24 shape decaying ratio 0 silent 1.00 resting 1.00 active 0.00 move 0 | sent 1:0.57 10:0.037 100:0 1000:0 2000:0 | 18.1s
run39|rrelu1|2.0|none|0.5|1|50|leak: dead at step 23 shape decaying ratio 0 silent 1.00 resting 1.00 active 0.00 move 0 | sent 1:0.35 10:0.043 100:0 1000:0 2000:0 | 12.4s
run39|rrelu1|2.0|kp1|0.0|1|50|code: cycle period 4 shape decaying ratio 0.00677 silent 1.00 resting 0.80 active 0.00 move 1.46 lock 0.00 static 0.250 pr 1.5 | sent 1:0.53 10:0 100:0.0036 1000:0.0036 2000:0.0036 | 9.8s
run39|rrelu1|2.0|none|0.5|1|51|leak: dead at step 24 shape decaying ratio 0 silent 1.00 resting 1.00 active 0.00 move 0 | sent 1:0.37 10:0.064 100:0 1000:0 2000:0 | 12.5s
run39|rrelu1|2.0|none|0.9|0|50|leak: dead at step 92 shape decaying ratio 0 silent 1.00 resting 1.00 active 0.00 move 0 | sent 1:0.28 10:0.048 100:0 1000:0 2000:0 | 12.0s
run39|rrelu1|2.0|none|0.9|1|50|leak: dead at step 97 shape decaying ratio 0 silent 1.00 resting 1.00 active 0.00 move 0 | sent 1:0.28 10:0.1 100:0 1000:0 2000:0 | 12.5s
run39|rrelu1|2.0|kp1|0.5|0|50|leak: blowup at step 96 | sent 1:0.41 10:7.1 | 0.6s
run39|rrelu1|1.0|kp1|0.9|0|51|leak: cycle period 4 shape decaying ratio 0 silent 1.00 resting 0.94 active 0.00 move 0.167 lock 0.00 static 0.987 pr 2.7 | sent 1:0.31 10:0.027 100:0 1000:0 2000:0 | 22.0s
run39|rrelu1|2.0|none|0.9|0|51|leak: dead at step 91 shape decaying ratio 0 silent 1.00 resting 1.00 active 0.00 move 0 | sent 1:0.28 10:0.042 100:0 1000:0 2000:0 | 12.2s
run39|rrelu1|2.0|kp1|0.5|0|51|leak: blowup at step 98 | sent 1:0.54 10:74 | 0.6s
run39|rrelu1|2.0|kp1|0.9|0|51|leak: blowup at step 395 | sent 1:0.45 10:0.28 100:6.9e+04 | 2.3s
run39|rrelu1|2.0|none|0.9|1|50|code: alive shape flat ratio 0.583 silent 0.51 resting 0.00 active 0.16 move 0.0474 lock 0.00 static 0.399 pr 5.5 | sent 1:0.51 10:0.49 100:0.28 1000:0.28 2000:0.3 | 17.8s
run39|rrelu1|2.0|kp1|0.5|1|50|code: cycle period 4 shape decaying ratio 0.00651 silent 0.99 resting 0.78 active 0.00 move 0.932 lock 0.00 static 0.740 pr 1.5 | sent 1:0.53 10:0.062 100:0.0034 1000:0.0034 2000:0.0034 | 14.1s
run39|rrelu1|2.0|kp1|0.5|1|51|code: cycle period 4 shape decaying ratio 0.00931 silent 1.00 resting 0.61 active 0.00 move 0.853 lock 0.00 static 0.662 pr 1.3 | sent 1:0.6 10:0.036 100:0.0056 1000:0.0056 2000:0.0056 | 12.1s
run39|rrelu1|2.0|kp1|0.9|1|50|code: alive shape flat ratio 0.655 silent 0.47 resting 0.00 active 0.15 move 0.056 lock 0.00 static 0.411 pr 5.3 | sent 1:0.53 10:0.5 100:0.33 1000:0.28 2000:0.35 | 11.6s
run39|rrelu1|2.0|none|0.9|1|51|leak: dead at step 95 shape decaying ratio 0 silent 1.00 resting 1.00 active 0.00 move 0 | sent 1:0.27 10:0.085 100:0 1000:0 2000:0 | 21.3s
run39|rrelu1|2.0|kp1|0.5|1|50|leak: cycle period 4 shape decaying ratio 0 silent 1.00 resting 0.94 active 0.00 move 0.938 lock 0.00 static 0.636 pr 2.6 | sent 1:0.37 10:0.037 100:0 1000:0 2000:0 | 12.1s
run39|rrelu1|2.0|kp1|0.0|1|51|code: cycle period 4 shape decaying ratio 0 silent 1.00 resting 0.94 active 0.00 move 1.4 lock 0.00 static 0.268 pr 2.9 | sent 1:0.6 10:0 100:0 1000:0 2000:0 | 17.7s
run39|rrelu1|2.0|kp1|0.9|1|50|leak: cycle period 4 shape decaying ratio 0 silent 1.00 resting 0.94 active 0.00 move 0.186 lock 0.00 static 0.985 pr 2.5 | sent 1:0.3 10:0.12 100:0 1000:0 2000:0 | 12.1s
run39|rrelu1|2.0|kp1|0.9|0|50|leak: cycle period 4 shape decaying ratio 0 silent 1.00 resting 0.94 active 0.00 move 0.186 lock 0.00 static 0.985 pr 2.5 | sent 1:0.32 10:0.088 100:0 1000:0 2000:0 | 11.7s
run39|rrelu1|2.0|kp1|0.9|1|51|code: alive shape flat ratio 0.458 silent 0.60 resting 0.00 active 0.15 move 0.0388 lock 0.00 static 0.450 pr 5.8 | sent 1:0.6 10:0.46 100:0.29 1000:0.27 2000:0.28 | 15.6s
run39|rrelu1|2.0|kp1|0.9|1|51|leak: cycle period 4 shape decaying ratio 0 silent 1.00 resting 0.94 active 0.00 move 0.167 lock 0.00 static 0.987 pr 2.7 | sent 1:0.36 10:0.14 100:0 1000:0 2000:0 | 12.6s
run39|rrelu1|2.0|kp1|0.5|1|51|leak: cycle period 4 shape decaying ratio 0 silent 1.00 resting 0.94 active 0.00 move 0.864 lock 0.00 static 0.680 pr 2.7 | sent 1:0.43 10:0.26 100:0 1000:0 2000:0 | 16.3s
run39|rrelu1|4.0|none|0.5|0|50|code: blowup at step 36 | sent 1:1.3 10:3.5e+07 | 0.2s
run39|rrelu1|4.0|none|0.5|0|51|code: blowup at step 36 | sent 1:1.6 10:4.2e+07 | 0.2s
run39|rrelu1|4.0|none|0.9|0|50|code: blowup at step 35 | sent 1:1.3 10:5.4e+07 | 0.2s
run39|rrelu1|4.0|none|0.0|0|50|code: blowup at step 37 | sent 1:1.3 10:2.2e+07 | 0.3s
run39|rrelu1|4.0|none|0.0|0|51|code: blowup at step 38 | sent 1:1.6 10:2.5e+07 | 0.3s
run39|rrelu1|4.0|none|0.9|0|51|code: blowup at step 35 | sent 1:1.6 10:6.6e+07 | 0.3s
run39|rrelu1|4.0|none|0.5|0|50|leak: blowup at step 53 | sent 1:0.63 10:3.9e+04 | 0.5s
run39|rrelu1|4.0|none|0.5|0|51|leak: blowup at step 54 | sent 1:0.74 10:5.1e+04 | 0.6s
run39|rrelu1|4.0|kp1|0.0|0|50|code: blowup at step 37 | sent 1:1.4 10:2.3e+07 | 0.3s
run39|rrelu1|4.0|kp1|0.0|0|51|code: blowup at step 38 | sent 1:1.8 10:3e+07 | 0.3s
run39|rrelu1|4.0|none|0.9|0|50|leak: blowup at step 162 | sent 1:0.29 10:1.1 100:2.5e+17 | 1.7s
run39|rrelu1|4.0|none|0.9|0|51|leak: blowup at step 170 | sent 1:0.3 10:0.98 100:3.6e+16 | 1.8s
run39|rrelu1|4.0|kp1|0.5|0|50|code: blowup at step 36 | sent 1:1.4 10:3.8e+07 | 0.3s
run39|rrelu1|4.0|kp1|0.5|0|51|code: blowup at step 36 | sent 1:1.8 10:5e+07 | 0.3s
run39|rrelu1|4.0|none|0.0|1|50|code: dead at step 8 shape decaying ratio 0 silent 1.00 resting 1.00 active 0.00 move 0 | sent 1:0.85 10:0 100:0 1000:0 2000:0 | 9.1s
run39|rrelu1|4.0|none|0.0|1|51|code: dead at step 8 shape decaying ratio 0 silent 1.00 resting 1.00 active 0.00 move 0 | sent 1:0.94 10:0 100:0 1000:0 2000:0 | 9.2s
run39|rrelu1|4.0|kp1|0.9|0|50|code: blowup at step 35 | sent 1:1.4 10:5.8e+07 | 0.2s
run39|rrelu1|4.0|kp1|0.9|0|51|code: blowup at step 35 | sent 1:1.8 10:7.8e+07 | 0.2s
run39|rrelu1|4.0|none|0.5|1|50|code: dead at step 24 shape decaying ratio 0 silent 1.00 resting 1.00 active 0.00 move 0 | sent 1:0.85 10:0.00094 100:0 1000:0 2000:0 | 9.4s
run39|rrelu1|4.0|none|0.5|1|51|code: dead at step 24 shape decaying ratio 0 silent 1.00 resting 1.00 active 0.00 move 0 | sent 1:0.94 10:0.0011 100:0 1000:0 2000:0 | 9.5s
run39|rrelu1|4.0|none|0.9|1|50|code: alive shape flat ratio 0.331 silent 0.48 resting 0.00 active 0.16 move 0.0484 lock 0.00 static 0.394 pr 5.9 | sent 1:0.85 10:0.44 100:0.27 1000:0.28 2000:0.28 | 9.4s
run39|rrelu1|4.0|kp1|0.5|0|50|leak: blowup at step 53 | sent 1:0.74 10:4.6e+04 | 0.3s
run39|rrelu1|4.0|kp1|0.5|0|51|leak: blowup at step 54 | sent 1:1.1 10:8.2e+04 | 0.3s
run39|rrelu1|4.0|kp1|0.9|0|50|leak: blowup at step 159 | sent 1:0.48 10:3.3 100:inf | 0.9s
run39|rrelu1|4.0|kp1|0.9|0|51|leak: blowup at step 164 | sent 1:0.82 10:11 100:3.1e+17 | 0.9s
run39|rrelu1|4.0|none|0.5|1|51|leak: dead at step 24 shape decaying ratio 0 silent 1.00 resting 1.00 active 0.00 move 0 | sent 1:0.57 10:0.037 100:0 1000:0 2000:0 | 11.9s
run39|rrelu1|4.0|none|0.9|1|51|leak: alive shape flat ratio 0.838 silent 0.49 resting 0.00 active 0.14 move 0.0554 lock 0.00 static 0.359 pr 6.2 | sent 1:0.29 10:0.4 100:0.24 1000:0.29 2000:0.24 | 11.9s
run39|rrelu1|16.0|none|0.0|0|50|code: blowup at step 22 | sent 1:6 10:3.1e+13 | 0.1s
run39|rrelu1|16.0|none|0.0|0|51|code: blowup at step 22 | sent 1:7.3 10:3.1e+13 | 0.1s
run39|rrelu1|4.0|kp1|0.0|1|50|code: cycle period 20 shape flat ratio 0.221 silent 0.24 resting 0.00 active 0.08 move 1.54 lock 0.00 static 0.094 pr 3.1 | sent 1:0.88 10:0 100:0.19 1000:0.19 2000:0.19 | 17.2s
run39|rrelu1|4.0|none|0.9|1|51|code: alive shape flat ratio 0.277 silent 0.49 resting 0.00 active 0.14 move 0.0574 lock 0.00 static 0.364 pr 6.0 | sent 1:0.94 10:0.41 100:0.28 1000:0.28 2000:0.26 | 17.5s
run39|rrelu1|16.0|none|0.5|0|50|code: blowup at step 21 | sent 1:6 10:3.5e+13 | 0.2s
run39|rrelu1|4.0|kp1|0.0|1|51|code: alive shape decaying ratio 0.02 silent 0.05 resting 0.00 active 0.06 move 1.48 lock 0.00 static 0.072 pr 6.6 | sent 1:0.99 10:0 100:0 1000:0.05 2000:0.02 | 17.6s
run39|rrelu1|16.0|none|0.5|0|51|code: blowup at step 22 | sent 1:7.3 10:3.6e+13 | 0.2s
run39|rrelu1|4.0|kp1|0.5|1|50|code: alive shape flat ratio 0.455 silent 0.24 resting 0.00 active 0.10 move 0.843 lock 0.00 static 0.189 pr 2.6 | sent 1:0.88 10:0.0013 100:1.7 1000:0 2000:0.4 | 18.0s
run39|rrelu1|4.0|kp1|0.5|1|51|code: alive shape flat ratio 0.198 silent 0.18 resting 0.00 active 0.07 move 0.806 lock 0.00 static 0.158 pr 3.7 | sent 1:0.99 10:0 100:0 1000:0 2000:0.2 | 18.1s
run39|rrelu1|16.0|none|0.9|0|50|code: blowup at step 21 | sent 1:6 10:3.9e+13 | 0.2s
run39|rrelu1|16.0|none|0.9|0|51|code: blowup at step 22 | sent 1:7.3 10:4e+13 | 0.2s
run39|rrelu1|4.0|kp1|0.9|1|50|code: alive shape flat ratio 0.307 silent 0.47 resting 0.00 active 0.16 move 0.0531 lock 0.00 static 0.395 pr 5.5 | sent 1:0.88 10:0.45 100:0.28 1000:0.25 2000:0.27 | 18.1s
run39|rrelu1|16.0|none|0.0|1|50|code: dead at step 7 shape decaying ratio 0 silent 1.00 resting 1.00 active 0.00 move 0 | sent 1:1.9 10:0 100:0 1000:0 2000:0 | 9.2s
run39|rrelu1|4.0|kp1|0.9|1|51|code: alive shape flat ratio 0.304 silent 0.57 resting 0.00 active 0.15 move 0.041 lock 0.00 static 0.456 pr 5.2 | sent 1:0.99 10:0.41 100:0.28 1000:0.25 2000:0.3 | 18.3s
run39|rrelu1|16.0|none|0.5|0|50|leak: blowup at step 27 | sent 1:2.8 10:3.5e+10 | 0.3s
run39|rrelu1|16.0|none|0.5|0|51|leak: blowup at step 27 | sent 1:3.4 10:3.7e+10 | 0.2s
run39|rrelu1|16.0|none|0.0|1|51|code: dead at step 7 shape decaying ratio 0 silent 1.00 resting 1.00 active 0.00 move 0 | sent 1:1.9 10:0 100:0 1000:0 2000:0 | 9.3s
run39|rrelu1|4.0|none|0.5|1|50|leak: dead at step 24 shape decaying ratio 0 silent 1.00 resting 1.00 active 0.00 move 0 | sent 1:0.51 10:0.074 100:0 1000:0 2000:0 | 21.4s
run39|rrelu1|16.0|none|0.9|0|50|leak: blowup at step 56 | sent 1:0.52 10:1.5e+04 | 0.3s
run39|rrelu1|4.0|kp1|0.5|1|50|leak: cycle period 4 shape decaying ratio 0.00614 silent 0.99 resting 0.78 active 0.00 move 0.932 lock 0.00 static 0.740 pr 1.5 | sent 1:0.56 10:0.063 100:0.0034 1000:0.0034 2000:0.0034 | 12.0s
run39|rrelu1|16.0|kp1|0.0|0|50|code: blowup at step 22 | sent 1:6.3 10:3.3e+13 | 0.1s
run39|rrelu1|16.0|none|0.9|0|51|leak: blowup at step 57 | sent 1:0.6 10:2e+04 | 0.3s
run39|rrelu1|16.0|kp1|0.0|0|51|code: blowup at step 22 | sent 1:7.9 10:3.7e+13 | 0.1s
run39|rrelu1|4.0|kp1|0.5|1|51|leak: cycle period 4 shape decaying ratio 0.0084 silent 1.00 resting 0.61 active 0.00 move 0.853 lock 0.00 static 0.662 pr 1.3 | sent 1:0.67 10:0.031 100:0.0056 1000:0.0056 2000:0.0056 | 12.1s
run39|rrelu1|16.0|kp1|0.5|0|50|code: blowup at step 21 | sent 1:6.3 10:3.7e+13 | 0.1s
run39|rrelu1|4.0|kp1|0.9|1|50|leak: alive shape flat ratio 0.7 silent 0.50 resting 0.00 active 0.15 move 0.0514 lock 0.00 static 0.444 pr 5.8 | sent 1:0.37 10:0.43 100:0.29 1000:0.24 2000:0.26 | 12.0s
run39|rrelu1|16.0|kp1|0.5|0|51|code: blowup at step 22 | sent 1:7.9 10:4.2e+13 | 0.1s
run39|rrelu1|4.0|kp1|0.9|1|51|leak: alive shape flat ratio 0.429 silent 0.52 resting 0.00 active 0.13 move 0.0531 lock 0.00 static 0.330 pr 5.9 | sent 1:0.48 10:0.42 100:0.27 1000:0.27 2000:0.2 | 12.1s
run39|rrelu1|16.0|kp1|0.9|0|50|code: blowup at step 21 | sent 1:6.3 10:4.1e+13 | 0.1s
run39|rrelu1|16.0|none|0.5|1|50|code: dead at step 23 shape decaying ratio 0 silent 1.00 resting 1.00 active 0.00 move 0 | sent 1:1.9 10:0 100:0 1000:0 2000:0 | 9.6s
run39|rrelu1|4.0|none|0.9|1|50|leak: alive shape flat ratio 0.927 silent 0.50 resting 0.00 active 0.16 move 0.0461 lock 0.00 static 0.390 pr 5.5 | sent 1:0.29 10:0.42 100:0.28 1000:0.3 2000:0.27 | 21.8s
run39|rrelu1|16.0|kp1|0.9|0|51|code: blowup at step 21 | sent 1:7.9 10:4.6e+13 | 0.1s
run39|rrelu1|16.0|kp1|0.5|0|50|leak: blowup at step 27 | sent 1:3.4 10:4.1e+10 | 0.2s
run39|rrelu1|16.0|kp1|0.5|0|51|leak: blowup at step 27 | sent 1:4.8 10:5.4e+10 | 0.2s
run39|rrelu1|16.0|none|0.9|1|50|code: alive shape flat ratio 0.133 silent 0.49 resting 0.00 active 0.15 move 0.0514 lock 0.00 static 0.407 pr 6.0 | sent 1:1.9 10:0.39 100:0.27 1000:0.26 2000:0.25 | 11.2s
run39|rrelu1|16.0|kp1|0.0|1|51|code: alive shape flat ratio 0.574 silent 0.06 resting 0.00 active 0.08 move 1.56 lock 0.00 static 0.072 pr 4.8 | sent 1:1.9 10:0 100:2 1000:0.94 2000:1.1 | 9.6s
run39|rrelu1|16.0|kp1|0.5|1|50|code: alive shape decaying ratio 0.0398 silent 0.21 resting 0.00 active 0.09 move 0.91 lock 0.00 static 0.156 pr 2.5 | sent 1:1.9 10:0 100:1.2 1000:0 2000:0.075 | 9.7s
run39|rrelu1|16.0|kp1|0.9|0|50|leak: blowup at step 55 | sent 1:2 10:6e+04 | 0.3s
run39|rrelu1|16.0|kp1|0.9|1|50|code: alive shape flat ratio 0.14 silent 0.59 resting 0.00 active 0.15 move 0.0369 lock 0.00 static 0.419 pr 5.5 | sent 1:1.9 10:0.4 100:0.27 1000:0.29 2000:0.27 | 9.6s
run39|rrelu1|16.0|kp1|0.5|1|51|code: alive shape flat ratio 0.305 silent 0.11 resting 0.00 active 0.09 move 0.879 lock 0.00 static 0.133 pr 5.2 | sent 1:1.9 10:0 100:2.2 1000:1.5 2000:0.59 | 9.8s
run39|rrelu1|16.0|kp1|0.9|0|51|leak: blowup at step 56 | sent 1:3.4 10:1.3e+05 | 0.3s
run39|rrelu1|16.0|none|0.5|1|50|leak: dead at step 24 shape decaying ratio 0 silent 1.00 resting 1.00 active 0.00 move 0 | sent 1:1.3 10:0 100:0 1000:0 2000:0 | 13.3s
run39|rrelu1|16.0|kp1|0.9|1|50|leak: alive shape flat ratio 0.369 silent 0.48 resting 0.00 active 0.15 move 0.056 lock 0.00 static 0.350 pr 6.3 | sent 1:0.66 10:0.5 100:0.27 1000:0.24 2000:0.24 | 12.1s
run39|rrelu1|16.0|none|0.5|1|51|code: dead at step 23 shape decaying ratio 0 silent 1.00 resting 1.00 active 0.00 move 0 | sent 1:1.9 10:0 100:0 1000:0 2000:0 | 17.7s
run39|rrelu1|16.0|none|0.9|1|51|code: alive shape flat ratio 0.147 silent 0.52 resting 0.00 active 0.14 move 0.0521 lock 0.00 static 0.395 pr 6.2 | sent 1:1.9 10:0.36 100:0.24 1000:0.26 2000:0.28 | 17.8s
run39|rrelu1|16.0|none|0.9|1|51|leak: alive shape flat ratio 0.57 silent 0.51 resting 0.00 active 0.15 move 0.0504 lock 0.00 static 0.368 pr 5.7 | sent 1:0.49 10:0.5 100:0.29 1000:0.21 2000:0.28 | 17.0s
run39|rrelu1|16.0|kp1|0.0|1|50|code: alive shape flat ratio 0.871 silent 0.03 resting 0.00 active 0.09 move 1.64 lock 0.00 static 0.069 pr 5.7 | sent 1:1.9 10:0 100:0 1000:0 2000:1.7 | 17.1s
run39|rrelu1|16.0|kp1|0.9|1|51|code: alive shape flat ratio 0.127 silent 0.61 resting 0.00 active 0.13 move 0.0381 lock 0.00 static 0.564 pr 5.3 | sent 1:1.9 10:0.37 100:0.29 1000:0.24 2000:0.25 | 18.3s
run39|rrelu1|16.0|none|0.5|1|51|leak: dead at step 24 shape decaying ratio 0 silent 1.00 resting 1.00 active 0.00 move 0 | sent 1:1.4 10:0 100:0 1000:0 2000:0 | 22.1s
run39|rrelu1|16.0|kp1|0.9|1|51|leak: alive shape flat ratio 0.327 silent 0.49 resting 0.00 active 0.14 move 0.0541 lock 0.00 static 0.372 pr 6.5 | sent 1:0.79 10:0.46 100:0.23 1000:0.25 2000:0.26 | 12.2s
run39|rrelu1|16.0|none|0.9|1|50|leak: alive shape flat ratio 0.614 silent 0.55 resting 0.00 active 0.16 move 0.0414 lock 0.00 static 0.452 pr 5.4 | sent 1:0.44 10:0.52 100:0.26 1000:0.28 2000:0.27 | 21.9s
run39|tri0.3|0.1|none|0.0|0|50|code: alive shape flat ratio 0.428 silent 0.26 resting 0.00 active 0.50 move 0.375 lock 0.00 static 0.926 pr 17.0 | sent 1:0.63 10:0.27 100:0.27 1000:0.27 2000:0.27 | 12.7s
run39|rrelu1|16.0|kp1|0.5|1|51|leak: alive shape decaying ratio 0.046 silent 0.14 resting 0.00 active 0.08 move 0.87 lock 0.00 static 0.141 pr 4.2 | sent 1:1.5 10:0 100:1.6 1000:0 2000:0.069 | 22.4s
run39|rrelu1|16.0|kp1|0.5|1|50|leak: alive shape decaying ratio 0.0481 silent 0.27 resting 0.00 active 0.09 move 0.902 lock 0.00 static 0.166 pr 2.4 | sent 1:1.4 10:0 100:1.2 1000:0 2000:0.067 | 22.5s
run39|tri0.3|0.1|none|0.0|0|51|code: alive shape flat ratio 0.433 silent 0.26 resting 0.00 active 0.50 move 0.344 lock 0.00 static 0.936 pr 17.6 | sent 1:0.63 10:0.28 100:0.27 1000:0.27 2000:0.27 | 12.9s
run39|tri0.3|0.1|none|0.0|1|51|code: alive shape flat ratio 0.452 silent 0.24 resting 0.00 active 0.50 move 0.373 lock 0.00 static 0.935 pr 17.4 | sent 1:0.63 10:0.29 100:0.29 1000:0.29 2000:0.29 | 13.3s
run39|tri0.3|0.1|none|0.5|1|50|code: alive shape flat ratio 0.602 silent 0.35 resting 0.00 active 0.50 move 0.0498 lock 0.00 static 0.964 pr 8.7 | sent 1:0.63 10:0.38 100:0.38 1000:0.38 2000:0.38 | 13.3s
run39|tri0.3|0.1|none|0.5|1|51|code: alive shape flat ratio 0.608 silent 0.35 resting 0.00 active 0.49 move 0.0515 lock 0.00 static 0.968 pr 9.0 | sent 1:0.63 10:0.38 100:0.38 1000:0.38 2000:0.39 | 13.5s
run39|tri0.3|0.1|none|0.9|1|50|code: alive shape flat ratio 1 silent 0.40 resting 0.00 active 0.50 move 0.00999 lock 0.86 static 0.971 pr 4.5 | sent 1:0.63 10:0.62 100:0.63 1000:0.63 2000:0.63 | 13.3s
run39|tri0.3|0.1|none|0.0|1|50|code: alive shape flat ratio 0.448 silent 0.25 resting 0.00 active 0.50 move 0.378 lock 0.00 static 0.927 pr 17.0 | sent 1:0.63 10:0.28 100:0.28 1000:0.28 2000:0.28 | 25.2s
run39|tri0.3|0.1|none|0.5|1|50|leak: alive shape flat ratio 0.448 silent 0.34 resting 0.00 active 0.50 move 0.0578 lock 0.00 static 0.961 pr 8.9 | sent 1:0.63 10:0.28 100:0.28 1000:0.28 2000:0.28 | 15.8s
run39|tri0.3|0.1|none|0.5|0|50|code: alive shape flat ratio 0.579 silent 0.34 resting 0.00 active 0.50 move 0.0544 lock 0.00 static 0.963 pr 10.2 | sent 1:0.63 10:0.36 100:0.36 1000:0.36 2000:0.36 | 24.5s
run39|tri0.3|0.1|none|0.5|0|50|leak: alive shape flat ratio 0.427 silent 0.35 resting 0.00 active 0.50 move 0.0526 lock 0.00 static 0.961 pr 9.2 | sent 1:0.63 10:0.27 100:0.27 1000:0.27 2000:0.27 | 15.4s
run39|tri0.3|0.1|none|0.9|0|50|leak: alive shape flat ratio 0.434 silent 0.42 resting 0.00 active 0.50 move 0.00788 lock 0.96 static 0.979 pr 4.6 | sent 1:0.63 10:0.47 100:0.27 1000:0.27 2000:0.27 | 15.4s
run39|tri0.3|0.1|none|0.5|0|51|leak: alive shape flat ratio 0.433 silent 0.36 resting 0.00 active 0.49 move 0.0511 lock 0.00 static 0.968 pr 8.5 | sent 1:0.63 10:0.27 100:0.27 1000:0.28 2000:0.27 | 15.8s
run39|tri0.3|0.1|none|0.5|0|51|code: alive shape flat ratio 0.58 silent 0.36 resting 0.00 active 0.49 move 0.0508 lock 0.00 static 0.972 pr 8.6 | sent 1:0.63 10:0.36 100:0.37 1000:0.37 2000:0.37 | 24.8s
run39|tri0.3|0.1|none|0.9|0|51|leak: alive shape flat ratio 0.435 silent 0.47 resting 0.00 active 0.49 move 0.0057 lock 1.00 static 0.987 pr 4.1 | sent 1:0.63 10:0.48 100:0.27 1000:0.27 2000:0.27 | 15.5s
run39|tri0.3|0.1|kp1|0.0|1|50|code: alive shape flat ratio 0.448 silent 0.25 resting 0.00 active 0.50 move 0.4 lock 0.00 static 0.918 pr 16.4 | sent 1:0.63 10:0.28 100:0.28 1000:0.28 2000:0.28 | 13.3s
run39|tri0.3|0.1|none|0.9|1|51|code: alive shape flat ratio 0.998 silent 0.44 resting 0.00 active 0.49 move 0.00809 lock 0.96 static 0.977 pr 4.0 | sent 1:0.63 10:0.62 100:0.63 1000:0.63 2000:0.63 | 25.3s
run39|tri0.3|0.1|kp1|0.0|1|51|code: alive shape flat ratio 0.454 silent 0.23 resting 0.00 active 0.50 move 0.411 lock 0.00 static 0.925 pr 16.6 | sent 1:0.63 10:0.29 100:0.29 1000:0.29 2000:0.29 | 13.3s
run39|tri0.3|0.1|none|0.9|0|50|code: alive shape flat ratio 1.15 silent 0.42 resting 0.00 active 0.50 move 0.00796 lock 0.96 static 0.969 pr 4.3 | sent 1:0.63 10:0.61 100:0.72 1000:0.72 2000:0.72 | 24.9s
run39|tri0.3|0.1|none|0.9|0|51|code: alive shape flat ratio 1.16 silent 0.45 resting 0.00 active 0.49 move 0.00755 lock 0.94 static 0.970 pr 4.0 | sent 1:0.63 10:0.61 100:0.73 1000:0.73 2000:0.74 | 24.7s
run39|tri0.3|0.1|kp1|0.0|0|51|code: alive shape flat ratio 0.432 silent 0.24 resting 0.00 active 0.50 move 0.409 lock 0.00 static 0.925 pr 16.5 | sent 1:0.63 10:0.28 100:0.27 1000:0.27 2000:0.27 | 13.2s
run39|tri0.3|0.1|none|0.5|1|51|leak: alive shape flat ratio 0.455 silent 0.37 resting 0.00 active 0.49 move 0.0454 lock 0.00 static 0.971 pr 8.8 | sent 1:0.63 10:0.29 100:0.29 1000:0.29 2000:0.29 | 30.1s
run39|tri0.3|0.1|kp1|0.5|1|51|code: alive shape flat ratio 0.607 silent 0.35 resting 0.00 active 0.49 move 0.0645 lock 0.00 static 0.967 pr 9.0 | sent 1:0.63 10:0.38 100:0.38 1000:0.38 2000:0.38 | 13.5s
run39|tri0.3|0.1|kp1|0.5|0|50|code: alive shape flat ratio 0.578 silent 0.33 resting 0.00 active 0.50 move 0.0632 lock 0.00 static 0.959 pr 8.5 | sent 1:0.63 10:0.36 100:0.36 1000:0.36 2000:0.36 | 12.9s
run39|tri0.3|0.1|kp1|0.5|0|51|code: alive shape flat ratio 0.582 silent 0.34 resting 0.00 active 0.50 move 0.0639 lock 0.00 static 0.965 pr 8.7 | sent 1:0.63 10:0.36 100:0.37 1000:0.37 2000:0.37 | 13.1s
run39|tri0.3|0.1|kp1|0.9|0|50|code: alive shape flat ratio 1.15 silent 0.42 resting 0.00 active 0.50 move 0.00842 lock 0.84 static 0.973 pr 4.5 | sent 1:0.63 10:0.61 100:0.72 1000:0.72 2000:0.73 | 12.9s
run39|tri0.3|0.1|none|0.9|1|50|leak: alive shape flat ratio 0.449 silent 0.42 resting 0.00 active 0.50 move 0.00785 lock 0.96 static 0.970 pr 4.1 | sent 1:0.63 10:0.49 100:0.28 1000:0.28 2000:0.28 | 30.1s
run39|tri0.3|0.1|kp1|0.9|1|51|code: alive shape flat ratio 0.998 silent 0.42 resting 0.00 active 0.50 move 0.00934 lock 0.90 static 0.973 pr 3.9 | sent 1:0.63 10:0.62 100:0.63 1000:0.63 2000:0.63 | 13.5s
run39|tri0.3|0.1|none|0.9|1|51|leak: alive shape flat ratio 0.452 silent 0.44 resting 0.00 active 0.50 move 0.00704 lock 0.98 static 0.978 pr 4.3 | sent 1:0.63 10:0.49 100:0.28 1000:0.29 2000:0.29 | 30.6s
run39|tri0.3|0.1|kp1|0.5|1|50|leak: alive shape flat ratio 0.447 silent 0.34 resting 0.00 active 0.50 move 0.0675 lock 0.00 static 0.964 pr 9.5 | sent 1:0.63 10:0.28 100:0.28 1000:0.28 2000:0.28 | 16.1s
run39|tri0.3|0.1|kp1|0.0|0|50|code: alive shape flat ratio 0.431 silent 0.24 resting 0.00 active 0.50 move 0.416 lock 0.00 static 0.918 pr 16.5 | sent 1:0.63 10:0.27 100:0.27 1000:0.27 2000:0.27 | 24.6s
run39|tri0.3|0.1|kp1|0.5|1|50|code: alive shape flat ratio 0.601 silent 0.34 resting 0.00 active 0.50 move 0.0645 lock 0.00 static 0.963 pr 9.9 | sent 1:0.63 10:0.38 100:0.38 1000:0.38 2000:0.38 | 25.3s
run39|tri0.3|0.1|kp1|0.9|1|50|code: alive shape flat ratio 1 silent 0.42 resting 0.00 active 0.51 move 0.00974 lock 0.73 static 0.970 pr 4.4 | sent 1:0.63 10:0.62 100:0.63 1000:0.63 2000:0.63 | 25.2s
run39|tri0.3|0.1|kp1|0.5|0|51|leak: alive shape flat ratio 0.435 silent 0.34 resting 0.00 active 0.49 move 0.0693 lock 0.00 static 0.963 pr 8.9 | sent 1:0.63 10:0.27 100:0.27 1000:0.27 2000:0.27 | 15.7s
run39|tri0.3|0.3|none|0.0|1|50|code: alive shape flat ratio 0.705 silent 0.25 resting 0.00 active 0.50 move 0.375 lock 0.00 static 0.925 pr 17.2 | sent 1:0.64 10:0.45 100:0.46 1000:0.45 2000:0.45 | 13.1s
run39|tri0.3|0.3|none|0.0|0|50|code: alive shape flat ratio 0.672 silent 0.25 resting 0.00 active 0.50 move 0.383 lock 0.00 static 0.928 pr 17.1 | sent 1:0.64 10:0.43 100:0.43 1000:0.43 2000:0.43 | 12.7s
run39|tri0.3|0.1|kp1|0.9|0|51|code: alive shape flat ratio 1.16 silent 0.43 resting 0.00 active 0.49 move 0.00834 lock 0.92 static 0.981 pr 4.3 | sent 1:0.63 10:0.61 100:0.73 1000:0.73 2000:0.73 | 24.5s
run39|tri0.3|0.1|kp1|0.9|0|50|leak: alive shape flat ratio 0.431 silent 0.43 resting 0.00 active 0.50 move 0.00964 lock 0.92 static 0.975 pr 4.0 | sent 1:0.63 10:0.47 100:0.27 1000:0.27 2000:0.27 | 15.6s
run39|tri0.3|0.1|kp1|0.9|0|51|leak: alive shape flat ratio 0.433 silent 0.43 resting 0.00 active 0.50 move 0.0095 lock 0.84 static 0.969 pr 3.7 | sent 1:0.63 10:0.48 100:0.27 1000:0.27 2000:0.27 | 15.8s
run39|tri0.3|0.1|kp1|0.9|1|51|leak: alive shape flat ratio 0.452 silent 0.44 resting 0.00 active 0.49 move 0.00944 lock 0.88 static 0.975 pr 4.1 | sent 1:0.63 10:0.49 100:0.28 1000:0.29 2000:0.29 | 16.2s
run39|tri0.3|0.3|none|0.5|1|50|code: alive shape flat ratio 0.931 silent 0.33 resting 0.00 active 0.50 move 0.058 lock 0.00 static 0.958 pr 9.7 | sent 1:0.64 10:0.59 100:0.59 1000:0.6 2000:0.6 | 13.3s
run39|tri0.3|0.1|kp1|0.5|0|50|leak: alive shape flat ratio 0.427 silent 0.35 resting 0.00 active 0.50 move 0.066 lock 0.00 static 0.963 pr 9.2 | sent 1:0.63 10:0.27 100:0.27 1000:0.27 2000:0.27 | 29.2s
run39|tri0.3|0.1|kp1|0.5|1|51|leak: alive shape flat ratio 0.454 silent 0.34 resting 0.00 active 0.50 move 0.0689 lock 0.00 static 0.964 pr 8.8 | sent 1:0.63 10:0.29 100:0.29 1000:0.29 2000:0.29 | 30.6s
run39|tri0.3|0.3|none|0.0|0|51|code: alive shape flat ratio 0.675 silent 0.24 resting 0.00 active 0.50 move 0.373 lock 0.00 static 0.935 pr 17.5 | sent 1:0.65 10:0.44 100:0.44 1000:0.44 2000:0.44 | 24.6s
run39|tri0.3|0.3|none|0.9|1|50|code: alive shape flat ratio 0.991 silent 0.41 resting 0.00 active 0.51 move 0.00861 lock 0.84 static 0.964 pr 4.2 | sent 1:0.64 10:0.69 100:0.63 1000:0.63 2000:0.64 | 13.4s
run39|tri0.3|0.3|none|0.0|1|51|code: alive shape flat ratio 0.709 silent 0.26 resting 0.00 active 0.50 move 0.36 lock 0.00 static 0.936 pr 17.4 | sent 1:0.65 10:0.46 100:0.46 1000:0.46 2000:0.46 | 25.4s
run39|tri0.3|0.3|none|0.9|0|50|code: alive shape flat ratio 1.79 silent 0.42 resting 0.00 active 0.49 move 0.00867 lock 0.88 static 0.973 pr 4.3 | sent 1:0.64 10:0.88 100:1.2 1000:1.2 2000:1.1 | 12.9s
run39|tri0.3|0.3|none|0.9|1|51|code: alive shape flat ratio 0.986 silent 0.44 resting 0.00 active 0.49 move 0.00798 lock 0.98 static 0.984 pr 4.8 | sent 1:0.65 10:0.69 100:0.64 1000:0.64 2000:0.64 | 13.5s
run39|tri0.3|0.1|kp1|0.9|1|50|leak: alive shape flat ratio 0.447 silent 0.43 resting 0.00 active 0.50 move 0.0102 lock 0.90 static 0.969 pr 4.1 | sent 1:0.63 10:0.49 100:0.28 1000:0.28 2000:0.28 | 30.0s
run39|tri0.3|0.3|none|0.5|1|50|leak: alive shape flat ratio 0.717 silent 0.34 resting 0.00 active 0.49 move 0.0575 lock 0.00 static 0.956 pr 9.6 | sent 1:0.63 10:0.45 100:0.45 1000:0.45 2000:0.45 | 15.9s
run39|tri0.3|0.3|none|0.5|0|50|leak: alive shape flat ratio 0.687 silent 0.34 resting 0.00 active 0.50 move 0.0534 lock 0.00 static 0.958 pr 9.4 | sent 1:0.63 10:0.43 100:0.43 1000:0.43 2000:0.43 | 15.4s
run39|tri0.3|0.3|none|0.5|1|51|leak: alive shape flat ratio 0.721 silent 0.35 resting 0.00 active 0.49 move 0.0524 lock 0.00 static 0.964 pr 8.9 | sent 1:0.64 10:0.45 100:0.46 1000:0.46 2000:0.46 | 16.0s
run39|tri0.3|0.3|none|0.5|1|51|code: alive shape flat ratio 0.935 silent 0.38 resting 0.00 active 0.49 move 0.0526 lock 0.00 static 0.975 pr 8.7 | sent 1:0.65 10:0.6 100:0.6 1000:0.61 2000:0.6 | 25.1s
run39|tri0.3|0.3|none|0.5|0|50|code: alive shape flat ratio 0.908 silent 0.32 resting 0.00 active 0.50 move 0.0554 lock 0.00 static 0.956 pr 9.8 | sent 1:0.64 10:0.57 100:0.58 1000:0.58 2000:0.58 | 24.5s
run39|tri0.3|0.3|none|0.5|0|51|leak: alive shape flat ratio 0.689 silent 0.40 resting 0.00 active 0.49 move 0.04 lock 0.00 static 0.962 pr 8.1 | sent 1:0.64 10:0.43 100:0.44 1000:0.44 2000:0.44 | 15.6s
run39|tri0.3|0.3|none|0.5|0|51|code: alive shape flat ratio 0.909 silent 0.35 resting 0.00 active 0.50 move 0.051 lock 0.00 static 0.964 pr 6.9 | sent 1:0.65 10:0.58 100:0.59 1000:0.59 2000:0.59 | 24.8s
run39|tri0.3|0.3|none|0.9|0|51|code: alive shape flat ratio 1.81 silent 0.43 resting 0.00 active 0.50 move 0.00852 lock 0.94 static 0.967 pr 3.8 | sent 1:0.65 10:0.89 100:1.2 1000:1.2 2000:1.2 | 24.6s
run39|tri0.3|0.3|kp1|0.0|0|50|code: alive shape flat ratio 0.675 silent 0.24 resting 0.00 active 0.50 move 0.391 lock 0.00 static 0.921 pr 16.9 | sent 1:0.64 10:0.43 100:0.43 1000:0.43 2000:0.43 | 12.7s
run39|tri0.3|0.3|kp1|0.0|1|51|code: alive shape flat ratio 0.71 silent 0.24 resting 0.00 active 0.50 move 0.385 lock 0.00 static 0.930 pr 17.5 | sent 1:0.65 10:0.46 100:0.46 1000:0.46 2000:0.46 | 13.3s
run39|tri0.3|0.3|none|0.9|0|51|leak: alive shape flat ratio 0.693 silent 0.45 resting 0.00 active 0.49 move 0.00677 lock 1.00 static 0.983 pr 4.3 | sent 1:0.63 10:0.5 100:0.44 1000:0.44 2000:0.44 | 15.6s
run39|tri0.3|0.3|kp1|0.5|0|50|code: alive shape flat ratio 0.913 silent 0.33 resting 0.00 active 0.50 move 0.0617 lock 0.00 static 0.958 pr 9.1 | sent 1:0.64 10:0.57 100:0.58 1000:0.59 2000:0.59 | 13.0s
run39|tri0.3|0.3|kp1|0.5|1|51|code: alive shape flat ratio 0.935 silent 0.37 resting 0.00 active 0.49 move 0.0534 lock 0.00 static 0.973 pr 9.4 | sent 1:0.65 10:0.6 100:0.6 1000:0.6 2000:0.6 | 13.6s
run39|tri0.3|0.3|kp1|0.5|0|51|code: alive shape flat ratio 0.903 silent 0.35 resting 0.00 active 0.49 move 0.0568 lock 0.00 static 0.968 pr 9.4 | sent 1:0.65 10:0.58 100:0.59 1000:0.59 2000:0.59 | 13.0s
run39|tri0.3|0.3|kp1|0.9|1|51|code: alive shape flat ratio 0.981 silent 0.42 resting 0.00 active 0.50 move 0.00955 lock 0.80 static 0.968 pr 3.8 | sent 1:0.65 10:0.69 100:0.63 1000:0.64 2000:0.63 | 13.6s
run39|tri0.3|0.3|none|0.9|1|50|leak: alive shape flat ratio 0.718 silent 0.42 resting 0.00 active 0.50 move 0.00794 lock 0.96 static 0.975 pr 4.5 | sent 1:0.63 10:0.51 100:0.45 1000:0.45 2000:0.45 | 29.8s
run39|tri0.3|0.3|kp1|0.0|1|50|code: alive shape flat ratio 0.707 silent 0.25 resting 0.00 active 0.50 move 0.377 lock 0.00 static 0.926 pr 17.0 | sent 1:0.64 10:0.45 100:0.45 1000:0.45 2000:0.45 | 25.2s
run39|tri0.3|0.3|none|0.9|1|51|leak: alive shape flat ratio 0.731 silent 0.43 resting 0.00 active 0.50 move 0.00744 lock 0.96 static 0.980 pr 4.1 | sent 1:0.63 10:0.52 100:0.46 1000:0.46 2000:0.46 | 30.5s
run39|tri0.3|0.3|none|0.9|0|50|leak: alive shape flat ratio 0.692 silent 0.43 resting 0.00 active 0.50 move 0.00749 lock 0.92 static 0.970 pr 4.1 | sent 1:0.63 10:0.49 100:0.43 1000:0.44 2000:0.43 | 26.8s
run39|tri0.3|0.3|kp1|0.0|0|51|code: alive shape flat ratio 0.678 silent 0.24 resting 0.00 active 0.50 move 0.39 lock 0.00 static 0.929 pr 17.4 | sent 1:0.65 10:0.44 100:0.44 1000:0.44 2000:0.44 | 24.8s
run39|tri0.3|0.3|kp1|0.5|1|50|leak: alive shape flat ratio 0.714 silent 0.35 resting 0.00 active 0.49 move 0.062 lock 0.00 static 0.964 pr 9.4 | sent 1:0.63 10:0.45 100:0.45 1000:0.45 2000:0.45 | 16.0s
run39|tri0.3|0.3|kp1|0.5|1|50|code: alive shape flat ratio 0.932 silent 0.34 resting 0.00 active 0.50 move 0.0578 lock 0.00 static 0.955 pr 9.0 | sent 1:0.64 10:0.59 100:0.6 1000:0.6 2000:0.6 | 25.3s
run39|tri0.3|0.3|kp1|0.5|1|51|leak: alive shape flat ratio 0.717 silent 0.35 resting 0.00 active 0.49 move 0.0582 lock 0.00 static 0.966 pr 8.5 | sent 1:0.64 10:0.45 100:0.46 1000:0.46 2000:0.46 | 16.2s
run39|tri0.3|0.3|kp1|0.5|0|50|leak: alive shape flat ratio 0.683 silent 0.34 resting 0.00 active 0.50 move 0.0602 lock 0.00 static 0.961 pr 9.5 | sent 1:0.63 10:0.43 100:0.43 1000:0.43 2000:0.43 | 15.6s
run39|tri0.3|0.3|kp1|0.5|0|51|leak: alive shape flat ratio 0.686 silent 0.35 resting 0.00 active 0.50 move 0.0625 lock 0.00 static 0.966 pr 9.4 | sent 1:0.64 10:0.43 100:0.44 1000:0.44 2000:0.44 | 15.7s
run39|tri0.3|0.3|kp1|0.9|1|50|leak: alive shape flat ratio 0.719 silent 0.43 resting 0.00 active 0.50 move 0.00811 lock 0.92 static 0.964 pr 3.3 | sent 1:0.63 10:0.51 100:0.45 1000:0.45 2000:0.45 | 16.0s
run39|tri0.3|0.3|kp1|0.9|1|50|code: alive shape flat ratio 0.99 silent 0.43 resting 0.00 active 0.50 move 0.00815 lock 0.92 static 0.969 pr 3.8 | sent 1:0.64 10:0.69 100:0.63 1000:0.63 2000:0.63 | 25.3s
run39|tri0.3|0.3|kp1|0.9|0|50|code: alive shape flat ratio 1.8 silent 0.42 resting 0.00 active 0.49 move 0.00831 lock 0.98 static 0.971 pr 3.7 | sent 1:0.64 10:0.88 100:1.2 1000:1.2 2000:1.2 | 24.6s
run39|tri0.3|0.3|kp1|0.9|1|51|leak: alive shape flat ratio 0.725 silent 0.44 resting 0.00 active 0.50 move 0.00869 lock 0.92 static 0.981 pr 4.4 | sent 1:0.63 10:0.52 100:0.46 1000:0.46 2000:0.46 | 16.3s
run39|tri0.3|0.3|kp1|0.9|0|51|code: alive shape flat ratio 1.81 silent 0.46 resting 0.00 active 0.49 move 0.00666 lock 1.00 static 0.985 pr 3.8 | sent 1:0.65 10:0.89 100:1.2 1000:1.2 2000:1.2 | 24.8s
run39|tri0.3|1.0|none|0.0|0|50|code: alive shape flat ratio 0.984 silent 0.25 resting 0.00 active 0.50 move 0.379 lock 0.00 static 0.925 pr 17.1 | sent 1:0.74 10:0.73 100:0.73 1000:0.73 2000:0.72 | 12.8s
run39|tri0.3|1.0|none|0.5|0|50|code: alive shape flat ratio 1.33 silent 0.35 resting 0.00 active 0.50 move 0.0588 lock 0.00 static 0.961 pr 8.8 | sent 1:0.74 10:0.96 100:0.97 1000:0.98 2000:0.98 | 12.9s
run39|tri0.3|1.0|none|0.5|1|50|code: alive shape flat ratio 0.894 silent 0.32 resting 0.00 active 0.50 move 0.0612 lock 0.00 static 0.952 pr 9.8 | sent 1:0.71 10:0.65 100:0.64 1000:0.63 2000:0.63 | 13.3s
run39|tri0.3|1.0|none|0.5|0|51|code: alive shape flat ratio 1.34 silent 0.36 resting 0.00 active 0.49 move 0.0523 lock 0.00 static 0.974 pr 8.4 | sent 1:0.74 10:0.97 100:0.98 1000:0.99 2000:0.99 | 13.1s
run39|tri0.3|1.0|none|0.9|1|50|code: alive shape flat ratio 0.893 silent 0.41 resting 0.00 active 0.49 move 0.00995 lock 0.92 static 0.963 pr 3.9 | sent 1:0.71 10:0.7 100:0.63 1000:0.64 2000:0.63 | 13.4s
run39|tri0.3|1.0|none|0.9|1|51|code: alive shape flat ratio 0.89 silent 0.44 resting 0.00 active 0.49 move 0.00732 lock 0.94 static 0.975 pr 3.9 | sent 1:0.71 10:0.71 100:0.63 1000:0.64 2000:0.63 | 13.5s
run39|tri0.3|1.0|none|0.0|1|50|code: alive shape flat ratio 0.885 silent 0.24 resting 0.00 active 0.50 move 0.405 lock 0.00 static 0.915 pr 17.4 | sent 1:0.71 10:0.63 100:0.63 1000:0.63 2000:0.63 | 24.9s
run39|tri0.3|1.0|none|0.0|1|51|code: alive shape flat ratio 0.888 silent 0.25 resting 0.00 active 0.50 move 0.38 lock 0.00 static 0.934 pr 17.5 | sent 1:0.71 10:0.63 100:0.63 1000:0.63 2000:0.63 | 25.2s
run39|tri0.3|1.0|none|0.5|1|50|leak: alive shape flat ratio 0.963 silent 0.33 resting 0.00 active 0.50 move 0.0622 lock 0.00 static 0.953 pr 9.7 | sent 1:0.66 10:0.64 100:0.63 1000:0.63 2000:0.63 | 16.0s
run39|tri0.3|1.0|none|0.0|0|51|code: alive shape flat ratio 0.99 silent 0.25 resting 0.00 active 0.50 move 0.362 lock 0.00 static 0.938 pr 17.3 | sent 1:0.74 10:0.73 100:0.73 1000:0.74 2000:0.73 | 24.4s
run39|tri0.3|0.3|kp1|0.9|0|50|leak: alive shape flat ratio 0.689 silent 0.44 resting 0.00 active 0.50 move 0.00852 lock 0.90 static 0.971 pr 4.1 | sent 1:0.63 10:0.49 100:0.43 1000:0.43 2000:0.43 | 29.5s
run39|tri0.3|0.3|kp1|0.9|0|51|leak: alive shape flat ratio 0.691 silent 0.42 resting 0.00 active 0.50 move 0.00945 lock 0.88 static 0.971 pr 3.9 | sent 1:0.63 10:0.5 100:0.44 1000:0.44 2000:0.44 | 29.4s
run39|tri0.3|1.0|none|0.5|0|50|leak: alive shape flat ratio 1.09 silent 0.34 resting 0.00 active 0.50 move 0.0577 lock 0.00 static 0.955 pr 8.8 | sent 1:0.67 10:0.72 100:0.73 1000:0.72 2000:0.73 | 15.5s
run39|tri0.3|1.0|none|0.5|1|51|code: alive shape flat ratio 0.893 silent 0.38 resting 0.00 active 0.49 move 0.0524 lock 0.00 static 0.971 pr 8.5 | sent 1:0.71 10:0.65 100:0.63 1000:0.63 2000:0.63 | 25.6s
run39|tri0.3|1.0|none|0.5|0|51|leak: alive shape flat ratio 1.1 silent 0.36 resting 0.00 active 0.49 move 0.0509 lock 0.00 static 0.966 pr 8.1 | sent 1:0.67 10:0.72 100:0.73 1000:0.73 2000:0.73 | 15.6s
run39|tri0.3|1.0|none|0.9|0|50|code: alive shape flat ratio 2.65 silent 0.43 resting 0.00 active 0.50 move 0.00731 lock 0.96 static 0.973 pr 4.2 | sent 1:0.74 10:1.4 100:1.9 1000:2 2000:2 | 24.6s
run39|tri0.3|1.0|none|0.9|1|50|leak: alive shape flat ratio 1 silent 0.41 resting 0.00 active 0.50 move 0.00932 lock 0.88 static 0.964 pr 3.9 | sent 1:0.63 10:0.62 100:0.63 1000:0.63 2000:0.63 | 15.9s
run39|tri0.3|1.0|none|0.9|0|51|code: alive shape flat ratio 2.66 silent 0.43 resting 0.00 active 0.49 move 0.00768 lock 0.96 static 0.978 pr 4.1 | sent 1:0.74 10:1.4 100:2 1000:2 2000:2 | 24.8s
run39|tri0.3|1.0|none|0.9|1|51|leak: alive shape flat ratio 1 silent 0.42 resting 0.00 active 0.50 move 0.0088 lock 0.96 static 0.974 pr 3.9 | sent 1:0.63 10:0.62 100:0.63 1000:0.63 2000:0.63 | 16.0s
run39|tri0.3|1.0|none|0.9|0|50|leak: alive shape flat ratio 1.15 silent 0.43 resting 0.00 active 0.50 move 0.00752 lock 0.98 static 0.963 pr 3.0 | sent 1:0.63 10:0.61 100:0.72 1000:0.72 2000:0.72 | 15.5s
run39|tri0.3|1.0|none|0.9|0|51|leak: alive shape flat ratio 1.16 silent 0.44 resting 0.00 active 0.49 move 0.00818 lock 0.98 static 0.977 pr 3.8 | sent 1:0.63 10:0.61 100:0.73 1000:0.74 2000:0.74 | 15.6s
run39|tri0.3|1.0|kp1|0.0|0|50|code: alive shape flat ratio 0.975 silent 0.24 resting 0.00 active 0.50 move 0.378 lock 0.00 static 0.923 pr 17.1 | sent 1:0.74 10:0.72 100:0.72 1000:0.73 2000:0.72 | 13.2s
run39|tri0.3|1.0|none|0.5|1|51|leak: alive shape flat ratio 0.957 silent 0.36 resting 0.00 active 0.49 move 0.0552 lock 0.00 static 0.969 pr 8.6 | sent 1:0.66 10:0.64 100:0.63 1000:0.64 2000:0.63 | 30.2s
run39|tri0.3|1.0|kp1|0.5|0|50|code: alive shape flat ratio 1.32 silent 0.34 resting 0.00 active 0.50 move 0.0585 lock 0.00 static 0.957 pr 8.3 | sent 1:0.74 10:0.96 100:0.98 1000:0.98 2000:0.97 | 13.0s
run39|tri0.3|1.0|kp1|0.9|1|50|code: alive shape flat ratio 0.893 silent 0.41 resting 0.00 active 0.50 move 0.00989 lock 0.86 static 0.968 pr 4.3 | sent 1:0.71 10:0.7 100:0.64 1000:0.64 2000:0.63 | 13.4s
run39|tri0.3|1.0|kp1|0.9|0|50|code: alive shape flat ratio 2.65 silent 0.42 resting 0.00 active 0.50 move 0.00825 lock 0.96 static 0.970 pr 4.1 | sent 1:0.74 10:1.4 100:1.9 1000:1.9 2000:2 | 13.0s
run39|tri0.3|1.0|kp1|0.0|1|50|code: alive shape flat ratio 0.886 silent 0.24 resting 0.00 active 0.50 move 0.42 lock 0.00 static 0.912 pr 17.5 | sent 1:0.71 10:0.63 100:0.63 1000:0.63 2000:0.63 | 25.0s
run39|tri0.3|1.0|kp1|0.0|0|51|code: alive shape flat ratio 0.991 silent 0.24 resting 0.00 active 0.50 move 0.37 lock 0.00 static 0.934 pr 17.5 | sent 1:0.74 10:0.73 100:0.73 1000:0.73 2000:0.74 | 24.5s
run39|tri0.3|1.0|kp1|0.5|1|50|leak: alive shape flat ratio 0.956 silent 0.32 resting 0.00 active 0.50 move 0.0658 lock 0.00 static 0.954 pr 10.0 | sent 1:0.66 10:0.65 100:0.63 1000:0.63 2000:0.63 | 16.1s
run39|tri0.3|1.0|kp1|0.0|1|51|code: alive shape flat ratio 0.89 silent 0.25 resting 0.00 active 0.50 move 0.394 lock 0.00 static 0.930 pr 17.7 | sent 1:0.71 10:0.63 100:0.63 1000:0.63 2000:0.63 | 25.4s
run39|tri0.3|1.0|kp1|0.5|1|50|code: alive shape flat ratio 0.894 silent 0.33 resting 0.00 active 0.50 move 0.0633 lock 0.00 static 0.950 pr 9.8 | sent 1:0.71 10:0.65 100:0.63 1000:0.64 2000:0.63 | 25.4s
run39|tri0.3|1.0|kp1|0.5|0|50|leak: alive shape flat ratio 1.08 silent 0.34 resting 0.00 active 0.49 move 0.0574 lock 0.00 static 0.956 pr 9.5 | sent 1:0.67 10:0.72 100:0.72 1000:0.72 2000:0.72 | 15.6s
run39|tri0.3|1.0|kp1|0.5|1|51|leak: alive shape flat ratio 0.954 silent 0.37 resting 0.00 active 0.49 move 0.0551 lock 0.00 static 0.971 pr 8.6 | sent 1:0.66 10:0.64 100:0.63 1000:0.63 2000:0.63 | 16.2s
run39|tri0.3|1.0|kp1|0.5|1|51|code: alive shape flat ratio 0.893 silent 0.38 resting 0.00 active 0.50 move 0.0544 lock 0.00 static 0.968 pr 8.6 | sent 1:0.71 10:0.65 100:0.64 1000:0.63 2000:0.64 | 25.5s
run39|tri0.3|1.0|kp1|0.5|0|51|leak: alive shape flat ratio 1.09 silent 0.36 resting 0.00 active 0.49 move 0.0529 lock 0.00 static 0.970 pr 9.0 | sent 1:0.67 10:0.72 100:0.73 1000:0.73 2000:0.73 | 15.8s
run39|tri0.3|1.0|kp1|0.5|0|51|code: alive shape flat ratio 1.33 silent 0.35 resting 0.00 active 0.50 move 0.0538 lock 0.00 static 0.968 pr 9.1 | sent 1:0.74 10:0.98 100:0.99 1000:0.99 2000:0.98 | 24.9s
run39|tri0.3|1.0|kp1|0.9|1|51|leak: alive shape flat ratio 0.992 silent 0.42 resting 0.00 active 0.50 move 0.00916 lock 0.90 static 0.974 pr 4.0 | sent 1:0.64 10:0.62 100:0.63 1000:0.63 2000:0.63 | 16.2s
run39|tri0.3|1.0|kp1|0.9|1|51|code: alive shape flat ratio 0.89 silent 0.44 resting 0.00 active 0.50 move 0.00772 lock 0.96 static 0.974 pr 3.3 | sent 1:0.71 10:0.71 100:0.63 1000:0.63 2000:0.63 | 25.5s
run39|tri0.3|1.0|kp1|0.9|0|51|code: alive shape flat ratio 2.65 silent 0.43 resting 0.00 active 0.50 move 0.00783 lock 0.90 static 0.977 pr 3.9 | sent 1:0.74 10:1.4 100:2 1000:2 2000:2 | 24.8s
run39|tri0.3|1.0|kp1|0.9|0|50|leak: alive shape flat ratio 1.15 silent 0.42 resting 0.00 active 0.50 move 0.0081 lock 0.92 static 0.972 pr 3.7 | sent 1:0.63 10:0.61 100:0.72 1000:0.73 2000:0.73 | 15.6s
run39|tri0.3|1.0|kp1|0.9|0|51|leak: alive shape flat ratio 1.15 silent 0.44 resting 0.00 active 0.49 move 0.0075 lock 0.90 static 0.970 pr 4.0 | sent 1:0.64 10:0.61 100:0.73 1000:0.73 2000:0.73 | 15.8s
run39|tri0.3|2.0|none|0.0|0|50|code: alive shape flat ratio 1.12 silent 0.25 resting 0.00 active 0.50 move 0.378 lock 0.00 static 0.926 pr 17.2 | sent 1:0.87 10:0.98 100:0.98 1000:0.97 2000:0.97 | 12.8s
run39|tri0.3|2.0|none|0.5|0|50|code: alive shape flat ratio 1.51 silent 0.33 resting 0.00 active 0.50 move 0.0604 lock 0.00 static 0.959 pr 9.4 | sent 1:0.87 10:1.3 100:1.3 1000:1.3 2000:1.3 | 13.0s
run39|tri0.3|2.0|none|0.5|1|51|code: alive shape flat ratio 0.803 silent 0.36 resting 0.00 active 0.49 move 0.0521 lock 0.00 static 0.970 pr 9.3 | sent 1:0.79 10:0.65 100:0.64 1000:0.63 2000:0.63 | 13.4s
run39|tri0.3|2.0|none|0.9|1|50|code: alive shape flat ratio 0.807 silent 0.40 resting 0.00 active 0.50 move 0.00966 lock 0.96 static 0.968 pr 3.8 | sent 1:0.79 10:0.7 100:0.64 1000:0.64 2000:0.64 | 13.4s
run39|tri0.3|2.0|none|0.9|0|50|code: alive shape flat ratio 3 silent 0.42 resting 0.00 active 0.49 move 0.00899 lock 0.92 static 0.972 pr 4.4 | sent 1:0.87 10:1.9 100:2.6 1000:2.6 2000:2.6 | 13.1s
run39|tri0.3|1.0|kp1|0.9|1|50|leak: alive shape flat ratio 0.997 silent 0.42 resting 0.00 active 0.50 move 0.00929 lock 0.88 static 0.966 pr 4.2 | sent 1:0.63 10:0.62 100:0.63 1000:0.63 2000:0.63 | 30.4s
run39|tri0.3|2.0|none|0.0|1|50|code: alive shape flat ratio 0.8 silent 0.23 resting 0.00 active 0.50 move 0.413 lock 0.00 static 0.914 pr 17.7 | sent 1:0.79 10:0.64 100:0.64 1000:0.63 2000:0.63 | 25.1s
run39|tri0.3|2.0|none|0.0|0|51|code: alive shape flat ratio 1.13 silent 0.25 resting 0.00 active 0.50 move 0.365 lock 0.00 static 0.936 pr 17.4 | sent 1:0.87 10:0.98 100:0.99 1000:0.99 2000:0.99 | 24.5s
run39|tri0.3|2.0|none|0.0|1|51|code: alive shape flat ratio 0.806 silent 0.25 resting 0.00 active 0.50 move 0.377 lock 0.00 static 0.934 pr 17.5 | sent 1:0.79 10:0.64 100:0.64 1000:0.63 2000:0.64 | 25.2s
run39|tri0.3|2.0|none|0.5|1|50|code: alive shape flat ratio 0.8 silent 0.33 resting 0.00 active 0.50 move 0.0612 lock 0.00 static 0.952 pr 9.8 | sent 1:0.79 10:0.66 100:0.64 1000:0.64 2000:0.63 | 25.5s
run39|tri0.3|2.0|none|0.5|0|50|leak: alive shape flat ratio 1.33 silent 0.35 resting 0.00 active 0.50 move 0.0588 lock 0.00 static 0.961 pr 8.8 | sent 1:0.74 10:0.96 100:0.97 1000:0.98 2000:0.98 | 15.5s
run39|tri0.3|2.0|none|0.5|1|51|leak: alive shape flat ratio 0.893 silent 0.38 resting 0.00 active 0.49 move 0.0524 lock 0.00 static 0.971 pr 8.5 | sent 1:0.71 10:0.65 100:0.63 1000:0.63 2000:0.63 | 16.0s
run39|tri0.3|2.0|none|0.5|0|51|code: alive shape flat ratio 1.52 silent 0.37 resting 0.00 active 0.50 move 0.0526 lock 0.00 static 0.968 pr 9.2 | sent 1:0.87 10:1.3 100:1.3 1000:1.3 2000:1.3 | 24.7s
run39|tri0.3|2.0|none|0.5|0|51|leak: alive shape flat ratio 1.34 silent 0.36 resting 0.00 active 0.49 move 0.0523 lock 0.00 static 0.974 pr 8.4 | sent 1:0.74 10:0.97 100:0.98 1000:0.99 2000:0.99 | 15.7s
run39|tri0.3|2.0|none|0.9|1|51|code: alive shape flat ratio 0.803 silent 0.44 resting 0.00 active 0.49 move 0.00796 lock 0.96 static 0.979 pr 4.2 | sent 1:0.79 10:0.71 100:0.63 1000:0.63 2000:0.63 | 25.6s
run39|tri0.3|2.0|none|0.9|1|50|leak: alive shape flat ratio 0.996 silent 0.40 resting 0.00 active 0.49 move 0.0105 lock 0.53 static 0.960 pr 3.9 | sent 1:0.63 10:0.67 100:0.63 1000:0.63 2000:0.63 | 16.0s
run39|tri0.3|2.0|none|0.9|1|51|leak: alive shape flat ratio 0.993 silent 0.44 resting 0.00 active 0.49 move 0.0077 lock 0.90 static 0.971 pr 3.6 | sent 1:0.64 10:0.67 100:0.64 1000:0.63 2000:0.63 | 16.0s
run39|tri0.3|2.0|none|0.9|0|50|leak: alive shape flat ratio 1.53 silent 0.42 resting 0.00 active 0.49 move 0.00884 lock 0.94 static 0.971 pr 3.9 | sent 1:0.63 10:0.76 100:0.97 1000:0.98 2000:0.97 | 15.6s
run39|tri0.3|2.0|none|0.9|0|51|code: alive shape flat ratio 3.05 silent 0.43 resting 0.00 active 0.50 move 0.00784 lock 0.98 static 0.970 pr 2.8 | sent 1:0.87 10:1.9 100:2.7 1000:2.6 2000:2.7 | 24.9s
run39|tri0.3|2.0|none|0.9|0|51|leak: alive shape flat ratio 1.54 silent 0.43 resting 0.00 active 0.50 move 0.00698 lock 0.96 static 0.974 pr 4.0 | sent 1:0.64 10:0.76 100:0.99 1000:0.99 2000:0.99 | 15.8s
run39|tri0.3|2.0|none|0.5|1|50|leak: alive shape flat ratio 0.894 silent 0.32 resting 0.00 active 0.50 move 0.0612 lock 0.00 static 0.952 pr 9.8 | sent 1:0.71 10:0.65 100:0.64 1000:0.63 2000:0.63 | 29.9s
run39|tri0.3|2.0|kp1|0.5|0|50|code: alive shape flat ratio 1.51 silent 0.36 resting 0.00 active 0.50 move 0.0545 lock 0.00 static 0.961 pr 8.4 | sent 1:0.87 10:1.3 100:1.3 1000:1.3 2000:1.3 | 13.2s
run39|tri0.3|2.0|kp1|0.5|1|51|code: alive shape flat ratio 0.799 silent 0.37 resting 0.00 active 0.50 move 0.0541 lock 0.00 static 0.971 pr 9.4 | sent 1:0.79 10:0.65 100:0.63 1000:0.64 2000:0.63 | 13.5s
run39|tri0.3|2.0|kp1|0.9|1|50|code: alive shape flat ratio 0.8 silent 0.43 resting 0.00 active 0.50 move 0.00822 lock 0.82 static 0.954 pr 3.3 | sent 1:0.79 10:0.7 100:0.63 1000:0.63 2000:0.63 | 13.4s
run39|tri0.3|2.0|kp1|0.9|0|50|code: alive shape flat ratio 3 silent 0.42 resting 0.00 active 0.50 move 0.0086 lock 0.98 static 0.979 pr 4.6 | sent 1:0.87 10:1.9 100:2.6 1000:2.6 2000:2.6 | 13.0s
run39|tri0.3|2.0|kp1|0.9|0|51|code: alive shape flat ratio 3.01 silent 0.43 resting 0.00 active 0.50 move 0.0083 lock 0.96 static 0.973 pr 3.6 | sent 1:0.88 10:1.9 100:2.6 1000:2.7 2000:2.6 | 13.0s
run39|tri0.3|2.0|kp1|0.0|1|50|code: alive shape flat ratio 0.801 silent 0.23 resting 0.00 active 0.50 move 0.418 lock 0.00 static 0.912 pr 17.6 | sent 1:0.79 10:0.64 100:0.63 1000:0.63 2000:0.63 | 25.5s
run39|tri0.3|2.0|kp1|0.0|0|50|code: alive shape flat ratio 1.12 silent 0.25 resting 0.00 active 0.50 move 0.373 lock 0.00 static 0.925 pr 17.2 | sent 1:0.87 10:0.98 100:0.97 1000:0.97 2000:0.97 | 24.3s
run39|tri0.3|2.0|kp1|0.0|1|51|code: alive shape flat ratio 0.803 silent 0.25 resting 0.00 active 0.50 move 0.385 lock 0.00 static 0.930 pr 17.4 | sent 1:0.79 10:0.64 100:0.64 1000:0.64 2000:0.63 | 25.3s
run39|tri0.3|2.0|kp1|0.5|1|50|leak: alive shape flat ratio 0.884 silent 0.33 resting 0.00 active 0.50 move 0.0657 lock 0.00 static 0.957 pr 9.6 | sent 1:0.71 10:0.65 100:0.63 1000:0.63 2000:0.63 | 15.9s
run39|tri0.3|2.0|kp1|0.0|0|51|code: alive shape flat ratio 1.13 silent 0.25 resting 0.00 active 0.50 move 0.351 lock 0.00 static 0.936 pr 17.4 | sent 1:0.88 10:0.99 100:0.99 1000:0.99 2000:0.99 | 24.6s
run39|tri0.3|2.0|kp1|0.5|0|50|leak: alive shape flat ratio 1.32 silent 0.34 resting 0.00 active 0.50 move 0.0567 lock 0.00 static 0.961 pr 8.8 | sent 1:0.74 10:0.96 100:0.98 1000:0.98 2000:0.98 | 15.7s
run39|tri0.3|2.0|kp1|0.5|0|51|code: alive shape flat ratio 1.52 silent 0.34 resting 0.00 active 0.50 move 0.0574 lock 0.00 static 0.963 pr 9.0 | sent 1:0.88 10:1.3 100:1.3 1000:1.3 2000:1.3 | 24.8s
run39|tri0.3|2.0|kp1|0.5|1|50|code: alive shape flat ratio 0.805 silent 0.32 resting 0.00 active 0.50 move 0.0689 lock 0.00 static 0.951 pr 9.8 | sent 1:0.79 10:0.65 100:0.63 1000:0.64 2000:0.64 | 25.5s
run39|tri0.3|2.0|kp1|0.9|1|51|code: alive shape flat ratio 0.802 silent 0.44 resting 0.00 active 0.49 move 0.00825 lock 0.94 static 0.981 pr 4.3 | sent 1:0.79 10:0.7 100:0.64 1000:0.64 2000:0.63 | 25.7s
run39|tri0.3|2.0|kp1|0.9|1|50|leak: alive shape flat ratio 0.995 silent 0.41 resting 0.00 active 0.50 move 0.00993 lock 0.88 static 0.966 pr 3.7 | sent 1:0.64 10:0.67 100:0.64 1000:0.63 2000:0.64 | 16.1s
run39|tri0.3|2.0|kp1|0.9|1|51|leak: alive shape flat ratio 0.988 silent 0.43 resting 0.00 active 0.50 move 0.00811 lock 0.86 static 0.974 pr 4.2 | sent 1:0.64 10:0.67 100:0.64 1000:0.63 2000:0.64 | 16.2s
run39|tri0.3|2.0|kp1|0.9|0|50|leak: alive shape flat ratio 1.53 silent 0.42 resting 0.00 active 0.50 move 0.00911 lock 0.88 static 0.979 pr 4.5 | sent 1:0.64 10:0.76 100:0.98 1000:0.98 2000:0.98 | 15.7s
run39|tri0.3|4.0|none|0.0|1|50|code: alive shape flat ratio 0.734 silent 0.24 resting 0.00 active 0.50 move 0.403 lock 0.00 static 0.913 pr 17.5 | sent 1:0.87 10:0.64 100:0.64 1000:0.63 2000:0.64 | 13.2s
run39|tri0.3|2.0|kp1|0.9|0|51|leak: alive shape flat ratio 1.52 silent 0.44 resting 0.00 active 0.49 move 0.00735 lock 0.92 static 0.978 pr 4.1 | sent 1:0.65 10:0.77 100:0.99 1000:0.98 2000:0.99 | 15.9s
run39|tri0.3|4.0|none|0.5|1|50|code: alive shape flat ratio 0.728 silent 0.33 resting 0.00 active 0.50 move 0.0634 lock 0.00 static 0.948 pr 9.7 | sent 1:0.87 10:0.66 100:0.64 1000:0.64 2000:0.63 | 13.4s
run39|tri0.3|2.0|kp1|0.5|1|51|leak: alive shape flat ratio 0.892 silent 0.36 resting 0.00 active 0.49 move 0.0597 lock 0.00 static 0.970 pr 9.2 | sent 1:0.71 10:0.65 100:0.63 1000:0.63 2000:0.64 | 30.3s
run39|tri0.3|4.0|none|0.5|0|50|code: alive shape flat ratio 1.68 silent 0.34 resting 0.00 active 0.50 move 0.0536 lock 0.00 static 0.960 pr 9.0 | sent 1:1.1 10:1.7 100:1.8 1000:1.8 2000:1.8 | 13.0s
run39|tri0.3|2.0|kp1|0.5|0|51|leak: alive shape flat ratio 1.32 silent 0.36 resting 0.00 active 0.49 move 0.0515 lock 0.00 static 0.968 pr 9.0 | sent 1:0.75 10:0.97 100:0.99 1000:0.98 2000:0.99 | 29.7s
run39|tri0.3|4.0|none|0.9|0|50|code: alive shape flat ratio 3.31 silent 0.43 resting 0.00 active 0.49 move 0.00754 lock 0.98 static 0.971 pr 3.9 | sent 1:1.1 10:2.5 100:3.5 1000:3.5 2000:3.5 | 12.9s
run39|tri0.3|4.0|none|0.9|0|51|code: alive shape flat ratio 3.36 silent 0.44 resting 0.00 active 0.50 move 0.00681 lock 0.98 static 0.979 pr 4.2 | sent 1:1.1 10:2.6 100:3.6 1000:3.6 2000:3.6 | 13.0s
run39|tri0.3|4.0|none|0.0|1|51|code: alive shape flat ratio 0.728 silent 0.25 resting 0.00 active 0.50 move 0.377 lock 0.00 static 0.933 pr 17.4 | sent 1:0.87 10:0.64 100:0.63 1000:0.63 2000:0.63 | 25.3s
run39|tri0.3|4.0|none|0.0|0|50|code: alive shape flat ratio 1.25 silent 0.25 resting 0.00 active 0.50 move 0.372 lock 0.00 static 0.925 pr 17.0 | sent 1:1.1 10:1.3 100:1.3 1000:1.3 2000:1.3 | 24.2s
run39|tri0.3|4.0|none|0.0|0|51|code: alive shape flat ratio 1.25 silent 0.26 resting 0.00 active 0.50 move 0.36 lock 0.00 static 0.936 pr 17.4 | sent 1:1.1 10:1.3 100:1.3 1000:1.3 2000:1.3 | 24.4s
run39|tri0.3|4.0|none|0.5|1|50|leak: alive shape flat ratio 0.8 silent 0.33 resting 0.00 active 0.50 move 0.0612 lock 0.00 static 0.952 pr 9.8 | sent 1:0.79 10:0.66 100:0.64 1000:0.64 2000:0.63 | 15.8s
run39|tri0.3|4.0|none|0.5|1|51|leak: alive shape flat ratio 0.803 silent 0.36 resting 0.00 active 0.49 move 0.0521 lock 0.00 static 0.970 pr 9.3 | sent 1:0.79 10:0.65 100:0.64 1000:0.63 2000:0.63 | 16.1s
run39|tri0.3|4.0|none|0.5|1|51|code: alive shape flat ratio 0.73 silent 0.37 resting 0.00 active 0.49 move 0.0504 lock 0.00 static 0.973 pr 9.2 | sent 1:0.87 10:0.66 100:0.64 1000:0.63 2000:0.64 | 25.6s
run39|tri0.3|4.0|none|0.5|0|50|leak: alive shape flat ratio 1.51 silent 0.33 resting 0.00 active 0.50 move 0.0604 lock 0.00 static 0.959 pr 9.4 | sent 1:0.87 10:1.3 100:1.3 1000:1.3 2000:1.3 | 15.5s
run39|tri0.3|4.0|none|0.5|0|51|code: alive shape flat ratio 1.68 silent 0.37 resting 0.00 active 0.49 move 0.0492 lock 0.00 static 0.971 pr 9.6 | sent 1:1.1 10:1.8 100:1.8 1000:1.8 2000:1.8 | 24.8s
run39|tri0.3|4.0|none|0.9|1|50|code: alive shape flat ratio 0.728 silent 0.42 resting 0.00 active 0.50 move 0.00859 lock 0.94 static 0.965 pr 3.7 | sent 1:0.87 10:0.7 100:0.64 1000:0.64 2000:0.63 | 25.4s
run39|tri0.3|4.0|none|0.5|0|51|leak: alive shape flat ratio 1.52 silent 0.37 resting 0.00 active 0.50 move 0.0526 lock 0.00 static 0.968 pr 9.2 | sent 1:0.87 10:1.3 100:1.3 1000:1.3 2000:1.3 | 15.7s
run39|tri0.3|4.0|none|0.9|1|51|code: alive shape flat ratio 0.728 silent 0.45 resting 0.00 active 0.50 move 0.00768 lock 0.96 static 0.981 pr 4.3 | sent 1:0.87 10:0.7 100:0.64 1000:0.64 2000:0.63 | 25.7s
run39|tri0.3|4.0|none|0.9|1|51|leak: alive shape flat ratio 0.972 silent 0.45 resting 0.00 active 0.49 move 0.00627 lock 0.98 static 0.989 pr 4.4 | sent 1:0.65 10:0.7 100:0.64 1000:0.63 2000:0.64 | 16.1s
run39|tri0.3|4.0|kp1|0.0|1|50|code: alive shape flat ratio 0.724 silent 0.23 resting 0.00 active 0.50 move 0.421 lock 0.00 static 0.910 pr 17.7 | sent 1:0.87 10:0.64 100:0.63 1000:0.64 2000:0.63 | 13.2s
run39|tri0.3|4.0|none|0.9|0|51|leak: alive shape flat ratio 2.02 silent 0.43 resting 0.00 active 0.50 move 0.00779 lock 0.98 static 0.983 pr 4.2 | sent 1:0.66 10:1 100:1.3 1000:1.3 2000:1.3 | 15.6s
run39|tri0.3|4.0|kp1|0.5|1|50|code: alive shape flat ratio 0.728 silent 0.32 resting 0.00 active 0.50 move 0.0611 lock 0.00 static 0.955 pr 9.6 | sent 1:0.87 10:0.65 100:0.63 1000:0.63 2000:0.63 | 13.5s
run39|tri0.3|4.0|kp1|0.5|1|51|code: alive shape flat ratio 0.727 silent 0.35 resting 0.00 active 0.50 move 0.0593 lock 0.00 static 0.970 pr 9.8 | sent 1:0.87 10:0.65 100:0.63 1000:0.63 2000:0.63 | 13.6s
run39|tri0.3|4.0|kp1|0.5|0|51|code: alive shape flat ratio 1.68 silent 0.37 resting 0.00 active 0.49 move 0.0521 lock 0.00 static 0.968 pr 9.0 | sent 1:1.1 10:1.8 100:1.8 1000:1.8 2000:1.8 | 13.2s
run39|tri0.3|4.0|kp1|0.0|0|50|code: alive shape flat ratio 1.24 silent 0.25 resting 0.00 active 0.50 move 0.384 lock 0.00 static 0.925 pr 17.2 | sent 1:1.1 10:1.3 100:1.3 1000:1.3 2000:1.3 | 17.8s
run39|tri0.3|4.0|kp1|0.9|0|50|code: alive shape flat ratio 3.33 silent 0.42 resting 0.00 active 0.50 move 0.00861 lock 0.94 static 0.979 pr 4.2 | sent 1:1.1 10:2.5 100:3.6 1000:3.5 2000:3.5 | 13.0s
run39|tri0.3|4.0|none|0.9|1|50|leak: alive shape flat ratio 0.975 silent 0.42 resting 0.00 active 0.50 move 0.00899 lock 0.96 static 0.977 pr 4.3 | sent 1:0.65 10:0.7 100:0.63 1000:0.63 2000:0.63 | 29.9s
run39|tri0.3|4.0|none|0.9|0|50|leak: alive shape flat ratio 2.02 silent 0.43 resting 0.00 active 0.50 move 0.00763 lock 0.98 static 0.979 pr 4.3 | sent 1:0.65 10:0.98 100:1.3 1000:1.3 2000:1.3 | 29.2s
run39|tri0.3|4.0|kp1|0.5|1|50|leak: alive shape flat ratio 0.798 silent 0.32 resting 0.00 active 0.50 move 0.0642 lock 0.00 static 0.953 pr 9.6 | sent 1:0.79 10:0.65 100:0.63 1000:0.63 2000:0.63 | 16.1s
run39|tri0.3|4.0|kp1|0.0|0|51|code: alive shape flat ratio 1.25 silent 0.25 resting 0.00 active 0.50 move 0.371 lock 0.00 static 0.936 pr 17.5 | sent 1:1.1 10:1.3 100:1.3 1000:1.3 2000:1.3 | 24.4s
run39|tri0.3|4.0|kp1|0.0|1|51|code: alive shape flat ratio 0.73 silent 0.24 resting 0.00 active 0.50 move 0.385 lock 0.00 static 0.930 pr 17.6 | sent 1:0.87 10:0.64 100:0.64 1000:0.63 2000:0.64 | 25.4s
run39|tri0.3|4.0|kp1|0.5|0|50|code: alive shape flat ratio 1.68 silent 0.34 resting 0.00 active 0.50 move 0.0554 lock 0.00 static 0.963 pr 9.5 | sent 1:1.1 10:1.7 100:1.8 1000:1.8 2000:1.8 | 24.6s
run39|tri0.3|4.0|kp1|0.5|0|50|leak: alive shape flat ratio 1.49 silent 0.35 resting 0.00 active 0.50 move 0.056 lock 0.00 static 0.962 pr 9.5 | sent 1:0.88 10:1.3 100:1.3 1000:1.3 2000:1.3 | 15.5s
run39|tri0.3|4.0|kp1|0.9|1|50|code: alive shape flat ratio 0.726 silent 0.42 resting 0.00 active 0.50 move 0.00939 lock 0.90 static 0.966 pr 4.1 | sent 1:0.87 10:0.7 100:0.63 1000:0.63 2000:0.63 | 25.3s
run39|tri0.3|4.0|kp1|0.5|0|51|leak: alive shape flat ratio 1.51 silent 0.36 resting 0.00 active 0.49 move 0.0528 lock 0.00 static 0.966 pr 8.2 | sent 1:0.88 10:1.3 100:1.3 1000:1.3 2000:1.3 | 15.8s
run39|tri0.3|4.0|kp1|0.9|1|51|code: alive shape flat ratio 0.73 silent 0.45 resting 0.00 active 0.50 move 0.007 lock 0.94 static 0.982 pr 4.0 | sent 1:0.87 10:0.7 100:0.64 1000:0.64 2000:0.63 | 25.7s
run39|tri0.3|4.0|kp1|0.9|1|50|leak: alive shape flat ratio 0.964 silent 0.40 resting 0.00 active 0.50 move 0.00944 lock 0.86 static 0.965 pr 4.2 | sent 1:0.66 10:0.69 100:0.63 1000:0.64 2000:0.64 | 16.1s
run39|tri0.3|4.0|kp1|0.9|0|51|code: alive shape flat ratio 3.36 silent 0.44 resting 0.00 active 0.49 move 0.00749 lock 0.98 static 0.974 pr 3.8 | sent 1:1.1 10:2.6 100:3.6 1000:3.6 2000:3.6 | 25.0s
run39|tri0.3|4.0|kp1|0.9|1|51|leak: alive shape flat ratio 0.951 silent 0.43 resting 0.00 active 0.50 move 0.00879 lock 0.92 static 0.968 pr 3.9 | sent 1:0.67 10:0.7 100:0.63 1000:0.63 2000:0.63 | 16.3s
run39|tri0.3|4.0|kp1|0.9|0|50|leak: alive shape flat ratio 1.97 silent 0.40 resting 0.00 active 0.50 move 0.01 lock 0.80 static 0.969 pr 4.0 | sent 1:0.67 10:0.98 100:1.3 1000:1.3 2000:1.3 | 15.6s
run39|tri0.3|4.0|kp1|0.9|0|51|leak: alive shape flat ratio 1.95 silent 0.45 resting 0.00 active 0.49 move 0.00681 lock 0.98 static 0.978 pr 4.0 | sent 1:0.68 10:1 100:1.3 1000:1.3 2000:1.3 | 15.7s
run39|tri0.3|16.0|none|0.0|0|50|code: alive shape flat ratio 1.49 silent 0.27 resting 0.00 active 0.50 move 0.361 lock 0.00 static 0.926 pr 17.1 | sent 1:1.6 10:2.4 100:2.4 1000:2.4 2000:2.4 | 12.8s
run39|tri0.3|4.0|kp1|0.5|1|51|leak: alive shape flat ratio 0.804 silent 0.37 resting 0.00 active 0.49 move 0.0524 lock 0.00 static 0.966 pr 8.9 | sent 1:0.79 10:0.65 100:0.64 1000:0.63 2000:0.64 | 30.5s
run39|tri0.3|16.0|none|0.5|0|50|code: alive shape flat ratio 2.01 silent 0.34 resting 0.00 active 0.50 move 0.0572 lock 0.00 static 0.958 pr 9.5 | sent 1:1.6 10:3.1 100:3.2 1000:3.2 2000:3.2 | 13.0s
run39|tri0.3|16.0|none|0.9|1|50|code: alive shape flat ratio 0.648 silent 0.40 resting 0.00 active 0.50 move 0.00956 lock 0.69 static 0.966 pr 4.3 | sent 1:0.98 10:0.7 100:0.63 1000:0.64 2000:0.63 | 13.4s
run39|tri0.3|16.0|none|0.9|0|50|code: alive shape flat ratio 4 silent 0.43 resting 0.00 active 0.49 move 0.00791 lock 0.90 static 0.977 pr 4.7 | sent 1:1.6 10:4.5 100:6.4 1000:6.4 2000:6.4 | 13.0s
run39|tri0.3|16.0|none|0.0|1|50|code: alive shape flat ratio 0.648 silent 0.24 resting 0.00 active 0.50 move 0.419 lock 0.00 static 0.915 pr 17.6 | sent 1:0.98 10:0.64 100:0.63 1000:0.63 2000:0.63 | 24.9s
run39|tri0.3|16.0|none|0.0|0|51|code: alive shape flat ratio 1.5 silent 0.26 resting 0.00 active 0.50 move 0.348 lock 0.00 static 0.937 pr 17.3 | sent 1:1.6 10:2.4 100:2.4 1000:2.4 2000:2.4 | 22.5s
run39|tri0.3|16.0|none|0.0|1|51|code: alive shape flat ratio 0.648 silent 0.24 resting 0.00 active 0.50 move 0.383 lock 0.00 static 0.934 pr 17.5 | sent 1:0.98 10:0.64 100:0.64 1000:0.64 2000:0.63 | 25.1s
run39|tri0.3|16.0|none|0.5|1|50|leak: alive shape flat ratio 0.681 silent 0.32 resting 0.00 active 0.50 move 0.064 lock 0.00 static 0.948 pr 9.8 | sent 1:0.94 10:0.65 100:0.63 1000:0.63 2000:0.64 | 16.0s
run39|tri0.3|16.0|none|0.5|1|51|leak: alive shape flat ratio 0.679 silent 0.36 resting 0.00 active 0.49 move 0.054 lock 0.00 static 0.969 pr 8.9 | sent 1:0.93 10:0.66 100:0.63 1000:0.63 2000:0.63 | 16.1s
run39|tri0.3|16.0|none|0.5|0|50|leak: alive shape flat ratio 1.84 silent 0.33 resting 0.00 active 0.50 move 0.056 lock 0.00 static 0.958 pr 9.3 | sent 1:1.3 10:2.3 100:2.4 1000:2.4 2000:2.4 | 15.6s
run39|tri0.3|16.0|none|0.5|1|50|code: alive shape flat ratio 0.647 silent 0.32 resting 0.00 active 0.50 move 0.0617 lock 0.00 static 0.952 pr 9.3 | sent 1:0.98 10:0.65 100:0.64 1000:0.64 2000:0.63 | 25.5s
run39|tri0.3|16.0|none|0.5|1|51|code: alive shape flat ratio 0.65 silent 0.36 resting 0.00 active 0.49 move 0.0549 lock 0.00 static 0.969 pr 8.7 | sent 1:0.98 10:0.65 100:0.63 1000:0.63 2000:0.64 | 25.6s
run39|tri0.3|16.0|none|0.5|0|51|leak: alive shape flat ratio 1.85 silent 0.38 resting 0.00 active 0.49 move 0.0482 lock 0.00 static 0.968 pr 8.0 | sent 1:1.3 10:2.4 100:2.4 1000:2.4 2000:2.4 | 15.8s
run39|tri0.3|16.0|none|0.5|0|51|code: alive shape flat ratio 2.01 silent 0.37 resting 0.00 active 0.49 move 0.0493 lock 0.00 static 0.972 pr 9.1 | sent 1:1.6 10:3.2 100:3.2 1000:3.2 2000:3.2 | 24.8s
run39|tri0.3|16.0|none|0.9|1|51|code: alive shape flat ratio 0.65 silent 0.43 resting 0.00 active 0.50 move 0.00808 lock 0.98 static 0.984 pr 4.6 | sent 1:0.98 10:0.7 100:0.64 1000:0.63 2000:0.64 | 25.7s
run39|tri0.3|16.0|none|0.9|1|51|leak: alive shape flat ratio 0.833 silent 0.44 resting 0.00 active 0.49 move 0.00814 lock 0.98 static 0.981 pr 4.3 | sent 1:0.76 10:0.71 100:0.63 1000:0.63 2000:0.64 | 16.0s
run39|tri0.3|16.0|none|0.9|0|51|code: alive shape flat ratio 4.02 silent 0.45 resting 0.00 active 0.49 move 0.00674 lock 0.96 static 0.974 pr 4.3 | sent 1:1.6 10:4.7 100:6.4 1000:6.5 2000:6.5 | 24.9s
run39|tri0.3|16.0|none|0.9|0|50|leak: alive shape flat ratio 2.91 silent 0.43 resting 0.00 active 0.50 move 0.00762 lock 0.90 static 0.977 pr 4.5 | sent 1:0.82 10:1.7 100:2.4 1000:2.4 2000:2.4 | 15.5s
run39|tri0.3|16.0|kp1|0.0|1|51|code: alive shape flat ratio 0.653 silent 0.25 resting 0.00 active 0.50 move 0.383 lock 0.00 static 0.932 pr 17.6 | sent 1:0.98 10:0.64 100:0.64 1000:0.63 2000:0.64 | 13.4s
run39|tri0.3|16.0|kp1|0.0|0|51|code: alive shape flat ratio 1.5 silent 0.26 resting 0.00 active 0.50 move 0.362 lock 0.00 static 0.935 pr 17.4 | sent 1:1.6 10:2.4 100:2.4 1000:2.4 2000:2.4 | 13.3s
run39|tri0.3|16.0|none|0.9|0|51|leak: alive shape flat ratio 2.93 silent 0.44 resting 0.00 active 0.49 move 0.00674 lock 0.96 static 0.980 pr 3.9 | sent 1:0.82 10:1.8 100:2.4 1000:2.4 2000:2.4 | 18.0s
run39|tri0.3|16.0|kp1|0.5|1|51|code: alive shape flat ratio 0.65 silent 0.35 resting 0.00 active 0.50 move 0.06 lock 0.00 static 0.968 pr 10.5 | sent 1:0.98 10:0.65 100:0.64 1000:0.63 2000:0.63 | 13.8s
run39|tri0.3|16.0|kp1|0.9|1|50|code: alive shape flat ratio 0.648 silent 0.41 resting 0.00 active 0.50 move 0.00987 lock 0.76 static 0.963 pr 3.8 | sent 1:0.98 10:0.7 100:0.63 1000:0.63 2000:0.63 | 13.6s
run39|tri0.3|16.0|kp1|0.0|1|50|code: alive shape flat ratio 0.653 silent 0.23 resting 0.00 active 0.50 move 0.419 lock 0.00 static 0.910 pr 17.6 | sent 1:0.98 10:0.64 100:0.63 1000:0.63 2000:0.64 | 25.1s
run39|tri0.3|16.0|kp1|0.9|0|51|code: alive shape flat ratio 3.98 silent 0.45 resting 0.00 active 0.49 move 0.00632 lock 0.96 static 0.983 pr 3.7 | sent 1:1.6 10:4.7 100:6.5 1000:6.5 2000:6.4 | 13.3s
run39|tri0.3|16.0|none|0.9|1|50|leak: alive shape flat ratio 0.833 silent 0.40 resting 0.00 active 0.50 move 0.00999 lock 0.59 static 0.958 pr 4.3 | sent 1:0.76 10:0.7 100:0.63 1000:0.63 2000:0.63 | 29.9s
run39|tri0.3|16.0|kp1|0.0|0|50|code: alive shape flat ratio 1.49 silent 0.25 resting 0.00 active 0.50 move 0.389 lock 0.00 static 0.923 pr 17.3 | sent 1:1.6 10:2.4 100:2.4 1000:2.4 2000:2.4 | 24.3s
run39|tri0.3|16.0|kp1|0.5|1|50|code: alive shape flat ratio 0.651 silent 0.32 resting 0.00 active 0.50 move 0.0629 lock 0.00 static 0.953 pr 9.6 | sent 1:0.98 10:0.65 100:0.64 1000:0.63 2000:0.64 | 25.2s
run39|tri0.3|16.0|kp1|0.5|0|50|code: alive shape flat ratio 2 silent 0.34 resting 0.00 active 0.50 move 0.0575 lock 0.00 static 0.957 pr 9.2 | sent 1:1.6 10:3.1 100:3.2 1000:3.2 2000:3.2 | 24.7s
run39|tri0.3|16.0|kp1|0.5|1|51|leak: alive shape flat ratio 0.681 silent 0.35 resting 0.00 active 0.50 move 0.061 lock 0.00 static 0.969 pr 9.6 | sent 1:0.93 10:0.65 100:0.64 1000:0.64 2000:0.64 | 16.2s
run39|tri0.3|16.0|kp1|0.5|0|50|leak: alive shape flat ratio 1.82 silent 0.34 resting 0.00 active 0.50 move 0.0558 lock 0.00 static 0.960 pr 10.0 | sent 1:1.3 10:2.3 100:2.4 1000:2.4 2000:2.4 | 15.8s
run39|tri0.3|16.0|kp1|0.5|0|51|code: alive shape flat ratio 2 silent 0.36 resting 0.00 active 0.49 move 0.0516 lock 0.00 static 0.968 pr 8.8 | sent 1:1.6 10:3.2 100:3.2 1000:3.2 2000:3.2 | 24.9s
run39|tri0.3|16.0|kp1|0.5|0|51|leak: alive shape flat ratio 1.82 silent 0.36 resting 0.00 active 0.49 move 0.0504 lock 0.00 static 0.968 pr 8.6 | sent 1:1.3 10:2.4 100:2.4 1000:2.4 2000:2.4 | 15.9s
run39|tri0.3|16.0|kp1|0.9|1|50|leak: alive shape flat ratio 0.82 silent 0.42 resting 0.00 active 0.50 move 0.00956 lock 0.90 static 0.973 pr 4.4 | sent 1:0.78 10:0.7 100:0.64 1000:0.63 2000:0.64 | 16.1s
run39|tri0.3|16.0|kp1|0.9|1|51|leak: alive shape flat ratio 0.819 silent 0.44 resting 0.00 active 0.50 move 0.0076 lock 0.94 static 0.984 pr 4.8 | sent 1:0.77 10:0.71 100:0.63 1000:0.63 2000:0.63 | 16.4s
run39|tri0.3|16.0|kp1|0.9|1|51|code: alive shape flat ratio 0.651 silent 0.41 resting 0.00 active 0.50 move 0.00892 lock 0.92 static 0.970 pr 3.4 | sent 1:0.98 10:0.7 100:0.64 1000:0.64 2000:0.63 | 25.6s
run39|tri0.3|16.0|kp1|0.9|0|50|code: alive shape flat ratio 4.02 silent 0.42 resting 0.00 active 0.49 move 0.00772 lock 1.00 static 0.973 pr 4.2 | sent 1:1.6 10:4.6 100:6.4 1000:6.4 2000:6.4 | 24.7s
run39|tri0.3|16.0|kp1|0.9|0|50|leak: alive shape flat ratio 2.75 silent 0.43 resting 0.00 active 0.50 move 0.00801 lock 0.96 static 0.972 pr 4.1 | sent 1:0.86 10:1.7 100:2.4 1000:2.4 2000:2.4 | 15.8s
run39|tri1.0|0.1|none|0.0|1|50|code: dead at step 11 shape decaying ratio 0 silent 1.00 resting 1.00 active 0.00 move 0 | sent 1:0.7 10:1e-07 100:0 1000:0 2000:0 | 13.4s
run39|tri1.0|0.1|none|0.0|1|51|code: dead at step 11 shape decaying ratio 0 silent 1.00 resting 1.00 active 0.00 move 0 | sent 1:0.68 10:1.4e-07 100:0 1000:0 2000:0 | 14.8s
run39|tri1.0|0.1|none|0.9|0|50|code: blowup at step 1166 | sent 1:0.7 10:0.61 100:1e+02 1000:inf | 7.7s
run39|tri0.3|16.0|kp1|0.5|1|50|leak: alive shape flat ratio 0.673 silent 0.32 resting 0.00 active 0.50 move 0.069 lock 0.00 static 0.952 pr 9.9 | sent 1:0.94 10:0.65 100:0.64 1000:0.64 2000:0.63 | 30.2s
run39|tri1.0|0.1|none|0.5|1|51|code: dead at step 23 shape decaying ratio 0 silent 1.00 resting 1.00 active 0.00 move 0 | sent 1:0.68 10:0.012 100:7.3e-18 1000:0 2000:0 | 13.8s
run39|tri1.0|0.1|none|0.5|0|50|code: dead at step 22 shape decaying ratio 0 silent 1.00 resting 1.00 active 0.00 move 0 | sent 1:0.7 10:0.008 100:5e-19 1000:0 2000:0 | 13.2s
run39|tri1.0|0.1|none|0.9|1|50|code: alive shape flat ratio 0.993 silent 0.51 resting 0.00 active 0.47 move 8.57e-05 lock 1.00 static 1.000 pr 1.7 | sent 1:0.7 10:0.67 100:0.69 1000:0.69 2000:0.69 | 13.5s
run39|tri1.0|0.1|none|0.0|0|51|code: dead at step 11 shape decaying ratio 0 silent 1.00 resting 1.00 active 0.00 move 0 | sent 1:0.69 10:5.5e-08 100:0 1000:0 2000:0 | 17.6s
run39|tri1.0|0.1|none|0.9|1|51|code: alive shape flat ratio 1.01 silent 0.48 resting 0.00 active 0.49 move 0.00105 lock 1.00 static 0.998 pr 1.7 | sent 1:0.68 10:0.68 100:0.69 1000:0.69 2000:0.69 | 13.6s
run39|tri1.0|0.1|none|0.9|0|51|code: blowup at step 1165 | sent 1:0.69 10:0.63 100:1.1e+02 1000:inf | 14.6s
run39|tri1.0|0.1|none|0.0|0|50|code: dead at step 11 shape decaying ratio 0 silent 1.00 resting 1.00 active 0.00 move 0 | sent 1:0.7 10:3.9e-08 100:0 1000:0 2000:0 | 24.3s
run39|tri1.0|0.1|none|0.5|1|51|leak: dead at step 18 shape decaying ratio 0 silent 1.00 resting 1.00 active 0.00 move 0 | sent 1:0.68 10:0.0033 100:0 1000:0 2000:0 | 16.3s
run39|tri0.3|16.0|kp1|0.9|0|51|leak: alive shape flat ratio 2.73 silent 0.42 resting 0.00 active 0.50 move 0.00905 lock 0.86 static 0.973 pr 3.8 | sent 1:0.88 10:1.8 100:2.4 1000:2.4 2000:2.4 | 29.7s
run39|tri1.0|0.1|none|0.5|1|50|code: dead at step 23 shape decaying ratio 0 silent 1.00 resting 1.00 active 0.00 move 0 | sent 1:0.7 10:0.011 100:7.6e-18 1000:0 2000:0 | 25.6s
run39|tri1.0|0.1|none|0.5|0|51|leak: dead at step 17 shape decaying ratio 0 silent 1.00 resting 1.00 active 0.00 move 0 | sent 1:0.68 10:0.0027 100:0 1000:0 2000:0 | 15.9s
run39|tri1.0|0.1|none|0.5|0|51|code: dead at step 22 shape decaying ratio 0 silent 1.00 resting 1.00 active 0.00 move 0 | sent 1:0.69 10:0.0085 100:4.9e-19 1000:0 2000:0 | 25.0s
run39|tri1.0|0.1|none|0.9|1|50|leak: dead at step 101 shape decaying ratio 0 silent 0.50 resting 1.00 active 0.00 move 0 | sent 1:0.69 10:0.3 100:7e-05 1000:0 2000:0 | 17.8s
run39|tri1.0|0.1|kp1|0.0|1|50|code: cycle period 4 shape decaying ratio 0.00521 silent 0.20 resting 0.77 active 0.00 move 1.46 lock 0.00 static 0.630 pr 2.4 | sent 1:0.7 10:0.0038 100:0.0036 1000:0.0036 2000:0.0036 | 13.3s
run39|tri1.0|0.1|kp1|0.0|0|50|code: cycle period 4 shape decaying ratio 0.00468 silent 0.21 resting 0.78 active 0.00 move 1.46 lock 0.00 static 0.632 pr 2.4 | sent 1:0.7 10:0.0035 100:0.0033 1000:0.0033 2000:0.0033 | 12.9s
run39|tri1.0|0.1|none|0.9|0|50|leak: dead at step 98 shape decaying ratio 0 silent 0.50 resting 1.00 active 0.00 move 0 | sent 1:0.69 10:0.27 100:5.3e-05 1000:0 2000:0 | 17.2s
run39|tri1.0|0.1|kp1|0.0|1|51|code: cycle period 4 shape decaying ratio 0.00463 silent 0.18 resting 0.62 active 0.00 move 1.39 lock 0.00 static 0.554 pr 2.5 | sent 1:0.68 10:0.0037 100:0.0032 1000:0.0032 2000:0.0032 | 13.5s
run39|tri1.0|0.1|none|0.9|0|51|leak: dead at step 98 shape decaying ratio 0 silent 0.51 resting 1.00 active 0.00 move 0 | sent 1:0.68 10:0.26 100:5.5e-05 1000:0 2000:0 | 17.4s
run39|tri1.0|0.1|none|0.5|1|50|leak: dead at step 18 shape decaying ratio 0 silent 1.00 resting 1.00 active 0.00 move 0 | sent 1:0.69 10:0.0033 100:0 1000:0 2000:0 | 29.9s
run39|tri1.0|0.1|kp1|0.5|1|51|code: cycle period 4 shape decaying ratio 0.0061 silent 0.43 resting 0.48 active 0.00 move 0.818 lock 0.00 static 0.988 pr 2.0 | sent 1:0.68 10:0.012 100:0.0042 1000:0.0042 2000:0.0042 | 13.8s
run39|tri1.0|0.1|kp1|0.9|0|50|code: blowup at step 1166 | sent 1:0.7 10:0.61 100:1e+02 1000:inf | 7.7s
run39|tri1.0|0.1|none|0.5|0|50|leak: dead at step 17 shape decaying ratio 0 silent 1.00 resting 1.00 active 0.00 move 0 | sent 1:0.69 10:0.0027 100:0 1000:0 2000:0 | 29.5s
run39|tri1.0|0.1|kp1|0.9|0|51|code: blowup at step 1165 | sent 1:0.69 10:0.63 100:1.1e+02 1000:inf | 7.7s
run39|tri1.0|0.1|kp1|0.9|1|50|code: alive shape flat ratio 0.994 silent 0.51 resting 0.00 active 0.48 move 0.00281 lock 0.98 static 1.000 pr 1.6 | sent 1:0.7 10:0.67 100:0.69 1000:0.69 2000:0.69 | 13.6s
run39|tri1.0|0.1|none|0.9|1|51|leak: dead at step 101 shape decaying ratio 0 silent 0.51 resting 1.00 active 0.00 move 0 | sent 1:0.68 10:0.29 100:7.2e-05 1000:0 2000:0 | 30.5s
run39|tri1.0|0.1|kp1|0.0|0|51|code: cycle period 4 shape decaying ratio 0.00413 silent 0.18 resting 0.65 active 0.00 move 1.39 lock 0.00 static 0.553 pr 2.5 | sent 1:0.69 10:0.0033 100:0.0028 1000:0.0028 2000:0.0028 | 24.8s
run39|tri1.0|0.1|kp1|0.5|0|50|leak: cycle period 4 shape decaying ratio 0.0027 silent 0.44 resting 0.90 active 0.00 move 0.936 lock 0.00 static 0.991 pr 2.0 | sent 1:0.69 10:0.0033 100:0.0019 1000:0.0019 2000:0.0019 | 15.7s
run39|tri1.0|0.1|kp1|0.5|1|50|leak: cycle period 4 shape decaying ratio 0.003 silent 0.44 resting 0.88 active 0.00 move 0.935 lock 0.00 static 0.991 pr 2.0 | sent 1:0.69 10:0.0039 100:0.0021 1000:0.0021 2000:0.0021 | 16.2s
run39|tri1.0|0.1|kp1|0.5|1|51|leak: cycle period 4 shape decaying ratio 0.0029 silent 0.43 resting 0.81 active 0.00 move 0.853 lock 0.00 static 0.987 pr 2.0 | sent 1:0.68 10:0.004 100:0.002 1000:0.002 2000:0.002 | 16.4s
run39|tri1.0|0.1|kp1|0.5|0|51|leak: cycle period 4 shape decaying ratio 0.00259 silent 0.43 resting 0.86 active 0.00 move 0.855 lock 0.00 static 0.987 pr 2.0 | sent 1:0.68 10:0.0033 100:0.0018 1000:0.0018 2000:0.0018 | 16.0s
run39|tri1.0|0.1|kp1|0.5|1|50|code: cycle period 4 shape decaying ratio 0.0061 silent 0.43 resting 0.70 active 0.00 move 0.915 lock 0.00 static 0.992 pr 2.0 | sent 1:0.7 10:0.012 100:0.0042 1000:0.0042 2000:0.0042 | 25.4s
run39|tri1.0|0.1|kp1|0.5|0|50|code: cycle period 4 shape decaying ratio 0.00545 silent 0.43 resting 0.75 active 0.00 move 0.921 lock 0.00 static 0.992 pr 2.0 | sent 1:0.7 10:0.0088 100:0.0038 1000:0.0038 2000:0.0038 | 24.6s
run39|tri1.0|0.1|kp1|0.5|0|51|code: cycle period 4 shape decaying ratio 0.00539 silent 0.43 resting 0.57 active 0.00 move 0.827 lock 0.00 static 0.988 pr 2.0 | sent 1:0.69 10:0.0094 100:0.0037 1000:0.0037 2000:0.0037 | 25.1s
run39|tri1.0|0.3|none|0.0|1|50|code: dead at step 16 shape decaying ratio 0 silent 1.00 resting 1.00 active 0.00 move 0 | sent 1:0.74 10:0.002 100:0 1000:0 2000:0 | 13.5s
run39|tri1.0|0.3|none|0.9|0|51|code: blowup at step 212 | sent 1:0.76 10:7.9 100:3.3e+13 | 1.4s
run39|tri1.0|0.1|kp1|0.9|1|51|code: alive shape flat ratio 1.01 silent 0.46 resting 0.00 active 0.49 move 0.0031 lock 0.98 static 0.995 pr 2.1 | sent 1:0.68 10:0.68 100:0.69 1000:0.69 2000:0.69 | 25.9s
run39|tri1.0|0.3|none|0.9|0|50|code: blowup at step 212 | sent 1:0.75 10:7.1 100:3.4e+13 | 2.6s
run39|tri1.0|0.3|none|0.0|1|51|code: dead at step 16 shape decaying ratio 0 silent 1.00 resting 1.00 active 0.00 move 0 | sent 1:0.74 10:0.0029 100:0 1000:0 2000:0 | 13.6s
run39|tri1.0|0.1|kp1|0.9|0|50|leak: cycle period 4 shape decaying ratio 0.00215 silent 0.50 resting 0.92 active 0.00 move 0.186 lock 0.84 static 1.000 pr 2.0 | sent 1:0.69 10:0.27 100:0.0015 1000:0.0015 2000:0.0015 | 15.8s
run39|tri1.0|0.1|kp1|0.9|1|51|leak: cycle period 4 shape decaying ratio 0.00259 silent 0.51 resting 0.87 active 0.00 move 0.164 lock 0.61 static 1.000 pr 1.9 | sent 1:0.68 10:0.29 100:0.0017 1000:0.0017 2000:0.0017 | 16.4s
run39|tri1.0|0.3|none|0.5|0|50|code: dead at step 467 shape decaying ratio 2.69e-17 silent 0.51 resting 1.00 active 0.00 move 0.0187 | sent 1:0.75 10:0.34 100:0.074 1000:3.2e-09 2000:2e-17 | 13.1s
run39|tri1.0|0.3|none|0.5|1|50|code: alive shape flat ratio 0.784 silent 0.50 resting 0.00 active 0.46 move 0.00109 lock 1.00 static 1.000 pr 1.9 | sent 1:0.74 10:0.51 100:0.58 1000:0.58 2000:0.58 | 13.4s
run39|tri1.0|0.3|none|0.5|1|51|code: alive shape flat ratio 0.798 silent 0.49 resting 0.00 active 0.48 move 0.0021 lock 1.00 static 1.000 pr 1.9 | sent 1:0.74 10:0.53 100:0.58 1000:0.59 2000:0.59 | 13.6s
run39|tri1.0|0.3|none|0.5|0|51|code: dead at step 464 shape decaying ratio 2.78e-17 silent 0.50 resting 1.00 active 0.00 move 0.0187 | sent 1:0.76 10:0.38 100:0.072 1000:3.2e-09 2000:2.1e-17 | 13.1s
run39|tri1.0|0.1|kp1|0.9|1|50|leak: cycle period 4 shape decaying ratio 0.00239 silent 0.49 resting 0.90 active 0.00 move 0.185 lock 0.84 static 1.000 pr 2.0 | sent 1:0.69 10:0.3 100:0.0017 1000:0.0017 2000:0.0017 | 30.3s
run39|tri1.0|0.3|none|0.0|0|50|code: dead at step 14 shape decaying ratio 0 silent 1.00 resting 1.00 active 0.00 move 0 | sent 1:0.75 10:0.00082 100:0 1000:0 2000:0 | 24.4s
run39|tri1.0|0.1|kp1|0.9|0|51|leak: cycle period 4 shape decaying ratio 0.00232 silent 0.51 resting 0.89 active 0.00 move 0.165 lock 0.61 static 1.000 pr 1.9 | sent 1:0.68 10:0.26 100:0.0016 1000:0.0016 2000:0.0016 | 29.7s
run39|tri1.0|0.3|none|0.0|0|51|code: dead at step 14 shape decaying ratio 0 silent 1.00 resting 1.00 active 0.00 move 0 | sent 1:0.76 10:0.0012 100:0 1000:0 2000:0 | 24.6s
run39|tri1.0|0.3|none|0.5|1|50|leak: dead at step 34 shape decaying ratio 0 silent 1.00 resting 1.00 active 0.00 move 0 | sent 1:0.7 10:0.033 100:1.7e-12 1000:0 2000:0 | 16.2s
run39|tri1.0|0.3|none|0.5|0|51|leak: dead at step 30 shape decaying ratio 0 silent 1.00 resting 1.00 active 0.00 move 0 | sent 1:0.7 10:0.025 100:4.5e-14 1000:0 2000:0 | 15.9s
run39|tri1.0|0.3|none|0.9|1|50|leak: dead at step 177 shape decaying ratio 0 silent 0.51 resting 1.00 active 0.00 move 0 | sent 1:0.69 10:0.34 100:0.0028 1000:7.9e-22 2000:0 | 16.5s
run39|tri1.0|0.3|none|0.9|1|51|leak: dead at step 178 shape decaying ratio 0 silent 0.50 resting 1.00 active 0.00 move 0 | sent 1:0.68 10:0.33 100:0.0029 1000:7.1e-22 2000:0 | 16.7s
run39|tri1.0|0.3|none|0.9|1|50|code: alive shape flat ratio 0.945 silent 0.50 resting 0.00 active 0.48 move 0.000575 lock 1.00 static 0.999 pr 1.5 | sent 1:0.74 10:1 100:0.7 1000:0.7 2000:0.7 | 25.3s
run39|tri1.0|0.3|kp1|0.0|1|50|code: cycle period 4 shape decaying ratio 0.0156 silent 0.21 resting 0.08 active 0.01 move 1.4 lock 0.00 static 0.657 pr 2.5 | sent 1:0.74 10:0.013 100:0.012 1000:0.012 2000:0.012 | 13.3s
run39|tri1.0|0.3|kp1|0.0|1|51|code: cycle period 4 shape decaying ratio 0.0156 silent 0.20 resting 0.01 active 0.01 move 1.31 lock 0.00 static 0.600 pr 2.6 | sent 1:0.74 10:0.013 100:0.012 1000:0.012 2000:0.012 | 13.4s
run39|tri1.0|0.3|none|0.9|1|51|code: alive shape flat ratio 0.935 silent 0.44 resting 0.00 active 0.49 move 0.00408 lock 1.00 static 0.968 pr 2.2 | sent 1:0.74 10:1 100:0.69 1000:0.69 2000:0.69 | 25.6s
run39|tri1.0|0.3|kp1|0.9|0|51|code: blowup at step 212 | sent 1:0.76 10:8 100:3.3e+13 | 1.4s
run39|tri1.0|0.3|kp1|0.9|0|50|code: blowup at step 212 | sent 1:0.75 10:7.1 100:3.4e+13 | 2.6s
run39|tri1.0|0.3|none|0.9|0|50|leak: dead at step 157 shape decaying ratio 0 silent 0.50 resting 1.00 active 0.00 move 0 | sent 1:0.69 10:0.3 100:0.0015 1000:0 2000:0 | 16.4s
run39|tri1.0|0.3|none|0.9|0|51|leak: dead at step 158 shape decaying ratio 0 silent 0.52 resting 1.00 active 0.00 move 0 | sent 1:0.68 10:0.29 100:0.0015 1000:0 2000:0 | 16.5s
run39|tri1.0|0.3|none|0.5|0|50|leak: dead at step 30 shape decaying ratio 0 silent 1.00 resting 1.00 active 0.00 move 0 | sent 1:0.71 10:0.023 100:4.7e-14 1000:0 2000:0 | 29.4s
run39|tri1.0|0.3|kp1|0.5|0|50|code: cycle period 4 shape decaying ratio 0.0361 silent 0.47 resting 0.01 active 0.08 move 0.395 lock 0.02 static 0.999 pr 2.0 | sent 1:0.75 10:0.34 100:0.089 1000:0.027 2000:0.027 | 13.1s
run39|tri1.0|0.3|kp1|0.5|0|51|code: cycle period 4 shape decaying ratio 0.0463 silent 0.45 resting 0.00 active 0.15 move 0.304 lock 0.00 static 0.998 pr 2.0 | sent 1:0.76 10:0.38 100:0.07 1000:0.035 2000:0.035 | 13.2s
run39|tri1.0|0.3|none|0.5|1|51|leak: dead at step 34 shape decaying ratio 0 silent 1.00 resting 1.00 active 0.00 move 0 | sent 1:0.69 10:0.037 100:1.6e-12 1000:0 2000:0 | 30.3s
run39|tri1.0|0.3|kp1|0.9|1|50|code: alive shape flat ratio 0.946 silent 0.50 resting 0.00 active 0.48 move 0.00286 lock 0.98 static 0.999 pr 1.4 | sent 1:0.74 10:1 100:0.7 1000:0.7 2000:0.7 | 13.6s
run39|tri1.0|1.0|none|0.0|0|50|code: blowup at step 143 | sent 1:1.2 10:76 100:inf | 0.9s
run39|tri1.0|0.3|kp1|0.9|1|51|code: alive shape flat ratio 0.933 silent 0.43 resting 0.00 active 0.49 move 0.00486 lock 0.96 static 0.965 pr 2.2 | sent 1:0.74 10:1 100:0.69 1000:0.69 2000:0.69 | 13.8s
run39|tri1.0|1.0|none|0.0|0|51|code: blowup at step 143 | sent 1:1.3 10:96 100:inf | 0.9s
run39|tri1.0|0.3|kp1|0.5|1|50|leak: cycle period 4 shape decaying ratio 0.00953 silent 0.44 resting 0.38 active 0.01 move 0.871 lock 0.00 static 0.992 pr 2.0 | sent 1:0.7 10:0.034 100:0.0067 1000:0.0067 2000:0.0067 | 16.1s
run39|tri1.0|0.3|kp1|0.0|0|50|code: cycle period 4 shape decaying ratio 0.0136 silent 0.21 resting 0.18 active 0.01 move 1.41 lock 0.00 static 0.638 pr 2.5 | sent 1:0.75 10:0.011 100:0.01 1000:0.01 2000:0.01 | 24.7s
run39|tri1.0|1.0|none|0.5|0|50|code: blowup at step 92 | sent 1:1.2 10:6.6e+02 | 0.6s
run39|tri1.0|0.3|kp1|0.5|0|50|leak: cycle period 4 shape decaying ratio 0.00838 silent 0.44 resting 0.48 active 0.00 move 0.887 lock 0.00 static 0.992 pr 2.0 | sent 1:0.7 10:0.024 100:0.0059 1000:0.0059 2000:0.0059 | 15.6s
run39|tri1.0|1.0|none|0.5|0|51|code: blowup at step 92 | sent 1:1.3 10:8e+02 | 1.2s
run39|tri1.0|0.3|kp1|0.0|0|51|code: cycle period 4 shape decaying ratio 0.0131 silent 0.19 resting 0.02 active 0.01 move 1.33 lock 0.00 static 0.587 pr 2.5 | sent 1:0.76 10:0.011 100:0.0099 1000:0.0099 2000:0.0099 | 24.7s
run39|tri1.0|0.3|kp1|0.9|1|50|leak: cycle period 4 shape decaying ratio 0.00796 silent 0.49 resting 0.44 active 0.00 move 0.167 lock 0.86 static 1.000 pr 2.0 | sent 1:0.69 10:0.34 100:0.0062 1000:0.0055 2000:0.0055 | 16.2s
run39|tri1.0|0.3|kp1|0.9|1|51|leak: cycle period 4 shape decaying ratio 0.00942 silent 0.51 resting 0.22 active 0.00 move 0.138 lock 0.65 static 1.000 pr 1.9 | sent 1:0.68 10:0.33 100:0.0069 1000:0.0064 2000:0.0064 | 16.2s
run39|tri1.0|1.0|none|0.9|0|50|code: blowup at step 75 | sent 1:1.2 10:3e+03 | 0.9s
run39|tri1.0|1.0|none|0.9|0|51|code: blowup at step 75 | sent 1:1.3 10:3.6e+03 | 0.9s
run39|tri1.0|0.3|kp1|0.5|1|50|code: alive shape flat ratio 0.778 silent 0.46 resting 0.00 active 0.46 move 0.0212 lock 0.78 static 0.995 pr 2.1 | sent 1:0.74 10:0.51 100:0.57 1000:0.58 2000:0.57 | 25.5s
run39|tri1.0|0.3|kp1|0.5|1|51|code: alive shape flat ratio 0.793 silent 0.48 resting 0.00 active 0.48 move 0.0199 lock 0.59 static 0.999 pr 2.2 | sent 1:0.74 10:0.53 100:0.58 1000:0.59 2000:0.59 | 25.7s
run39|tri1.0|1.0|none|0.0|1|50|code: alive shape flat ratio 0.662 silent 0.41 resting 0.00 active 0.47 move 0.487 lock 0.00 static 0.942 pr 1.1 | sent 1:1.1 10:0.54 100:0.7 1000:0.69 2000:0.7 | 13.2s
run39|tri1.0|1.0|none|0.5|0|50|leak: blowup at step 258 | sent 1:0.86 10:5.3 100:1.4e+11 | 3.8s
run39|tri1.0|1.0|none|0.5|0|51|leak: blowup at step 258 | sent 1:0.88 10:6.2 100:1.3e+11 | 3.8s
run39|tri1.0|0.3|kp1|0.9|0|51|leak: cycle period 4 shape decaying ratio 0.00808 silent 0.51 resting 0.30 active 0.00 move 0.144 lock 0.63 static 1.000 pr 1.9 | sent 1:0.68 10:0.29 100:0.0057 1000:0.0055 2000:0.0055 | 15.9s
run39|tri1.0|1.0|none|0.5|1|50|code: alive shape flat ratio 0.664 silent 0.47 resting 0.00 active 0.47 move 0.00397 lock 1.00 static 0.996 pr 2.1 | sent 1:1.1 10:0.64 100:0.7 1000:0.7 2000:0.7 | 13.5s
run39|tri1.0|1.0|none|0.5|1|51|code: alive shape flat ratio 0.636 silent 0.35 resting 0.00 active 0.49 move 0.0259 lock 0.00 static 0.953 pr 3.6 | sent 1:1.1 10:0.63 100:0.69 1000:0.7 2000:0.69 | 13.6s
run39|tri1.0|1.0|kp1|0.0|0|50|code: blowup at step 143 | sent 1:1.2 10:77 100:inf | 0.9s
run39|tri1.0|1.0|kp1|0.0|0|51|code: blowup at step 143 | sent 1:1.3 10:1e+02 100:inf | 0.9s
run39|tri1.0|1.0|none|0.9|1|50|code: alive shape flat ratio 0.663 silent 0.50 resting 0.00 active 0.47 move 0.000575 lock 1.00 static 0.999 pr 1.4 | sent 1:1.1 10:0.98 100:0.7 1000:0.7 2000:0.7 | 13.4s
run39|tri1.0|1.0|none|0.9|0|50|leak: blowup at step 1166 | sent 1:0.7 10:0.61 100:1e+02 1000:inf | 9.0s
run39|tri1.0|1.0|none|0.9|1|51|code: alive shape flat ratio 0.634 silent 0.46 resting 0.00 active 0.48 move 0.00239 lock 1.00 static 0.982 pr 2.3 | sent 1:1.1 10:0.97 100:0.69 1000:0.69 2000:0.69 | 13.5s
run39|tri1.0|1.0|kp1|0.5|0|50|code: blowup at step 92 | sent 1:1.2 10:6.6e+02 | 0.6s
run39|tri1.0|1.0|kp1|0.5|0|51|code: blowup at step 92 | sent 1:1.3 10:8.2e+02 | 0.6s
run39|tri1.0|0.3|kp1|0.5|1|51|leak: cycle period 4 shape decaying ratio 0.0101 silent 0.44 resting 0.14 active 0.01 move 0.751 lock 0.00 static 0.990 pr 2.1 | sent 1:0.69 10:0.037 100:0.007 1000:0.007 2000:0.007 | 30.2s
run39|tri1.0|0.3|kp1|0.5|0|51|leak: cycle period 4 shape decaying ratio 0.00868 silent 0.43 resting 0.22 active 0.00 move 0.775 lock 0.00 static 0.990 pr 2.0 | sent 1:0.7 10:0.026 100:0.0061 1000:0.0061 2000:0.0061 | 29.6s
run39|tri1.0|1.0|kp1|0.9|0|50|code: blowup at step 75 | sent 1:1.2 10:3e+03 | 0.5s
run39|tri1.0|1.0|kp1|0.9|0|51|code: blowup at step 75 | sent 1:1.3 10:3.6e+03 | 0.9s
run39|tri1.0|1.0|none|0.0|1|51|code: alive shape flat ratio 0.627 silent 0.25 resting 0.00 active 0.48 move 0.429 lock 0.00 static 0.928 pr 11.8 | sent 1:1.1 10:0.55 100:0.68 1000:0.68 2000:0.68 | 25.3s
run39|tri1.0|1.0|none|0.5|1|50|leak: alive shape flat ratio 0.85 silent 0.51 resting 0.00 active 0.48 move 0.000337 lock 1.00 static 1.000 pr 1.7 | sent 1:0.81 10:0.75 100:0.69 1000:0.69 2000:0.69 | 16.1s
run39|tri1.0|1.0|none|0.5|1|51|leak: alive shape flat ratio 0.835 silent 0.42 resting 0.00 active 0.49 move 0.0217 lock 0.00 static 0.985 pr 2.4 | sent 1:0.83 10:0.75 100:0.69 1000:0.69 2000:0.69 | 16.0s
run39|tri1.0|1.0|kp1|0.5|0|50|leak: blowup at step 258 | sent 1:0.86 10:5.4 100:1.4e+11 | 3.8s
run39|tri1.0|0.3|kp1|0.9|0|50|leak: cycle period 4 shape decaying ratio 0.00699 silent 0.49 resting 0.54 active 0.00 move 0.172 lock 0.86 static 1.000 pr 2.0 | sent 1:0.69 10:0.3 100:0.0051 1000:0.0048 2000:0.0048 | 29.5s
run39|tri1.0|1.0|kp1|0.0|1|51|code: alive shape flat ratio 0.627 silent 0.27 resting 0.00 active 0.48 move 0.477 lock 0.00 static 0.921 pr 5.9 | sent 1:1.1 10:0.54 100:0.69 1000:0.69 2000:0.69 | 13.7s
run39|tri1.0|1.0|kp1|0.5|0|51|leak: blowup at step 258 | sent 1:0.9 10:6.5 100:1.4e+11 | 3.8s
run39|tri1.0|1.0|kp1|0.5|1|50|code: alive shape flat ratio 0.664 silent 0.47 resting 0.00 active 0.47 move 0.0185 lock 0.86 static 0.996 pr 2.3 | sent 1:1.1 10:0.64 100:0.7 1000:0.7 2000:0.7 | 13.5s
run39|tri1.0|2.0|none|0.0|0|50|code: blowup at step 58 | sent 1:2.2 10:7.1e+04 | 0.4s
run39|tri1.0|2.0|none|0.0|0|51|code: blowup at step 58 | sent 1:2.3 10:8.7e+04 | 0.4s
run39|tri1.0|1.0|none|0.9|0|51|leak: blowup at step 1165 | sent 1:0.69 10:0.63 100:1.1e+02 1000:inf | 17.2s
run39|tri1.0|1.0|kp1|0.5|1|51|code: alive shape flat ratio 0.636 silent 0.38 resting 0.00 active 0.49 move 0.0253 lock 0.00 static 0.962 pr 3.5 | sent 1:1.1 10:0.63 100:0.69 1000:0.7 2000:0.7 | 13.6s
run39|tri1.0|2.0|none|0.5|0|50|code: blowup at step 52 | sent 1:2.2 10:2.2e+05 | 0.3s
run39|tri1.0|2.0|none|0.5|0|51|code: blowup at step 52 | sent 1:2.3 10:2.6e+05 | 0.3s
run39|tri1.0|1.0|kp1|0.9|1|50|code: alive shape flat ratio 0.662 silent 0.50 resting 0.00 active 0.47 move 0.00286 lock 0.98 static 0.998 pr 1.5 | sent 1:1.1 10:0.98 100:0.7 1000:0.7 2000:0.7 | 13.4s
run39|tri1.0|1.0|kp1|0.9|1|51|code: alive shape flat ratio 0.63 silent 0.43 resting 0.00 active 0.49 move 0.00494 lock 0.96 static 0.966 pr 2.2 | sent 1:1.1 10:0.97 100:0.69 1000:0.69 2000:0.69 | 13.7s
run39|tri1.0|2.0|none|0.9|0|50|code: blowup at step 49 | sent 1:2.2 10:5.1e+05 | 0.3s
run39|tri1.0|2.0|none|0.9|0|51|code: blowup at step 49 | sent 1:2.3 10:6.1e+05 | 0.3s
run39|tri1.0|1.0|kp1|0.5|1|51|leak: alive shape flat ratio 0.814 silent 0.45 resting 0.00 active 0.49 move 0.0209 lock 0.00 static 0.992 pr 4.2 | sent 1:0.84 10:0.74 100:0.69 1000:0.69 2000:0.69 | 16.2s
run39|tri1.0|1.0|kp1|0.0|1|50|code: alive shape flat ratio 0.661 silent 0.42 resting 0.00 active 0.47 move 0.511 lock 0.00 static 0.938 pr 1.1 | sent 1:1.1 10:0.54 100:0.7 1000:0.7 2000:0.7 | 25.4s
run39|tri1.0|1.0|none|0.9|1|50|leak: alive shape flat ratio 0.993 silent 0.51 resting 0.00 active 0.47 move 8.57e-05 lock 1.00 static 1.000 pr 1.7 | sent 1:0.7 10:0.67 100:0.69 1000:0.69 2000:0.69 | 30.1s
run39|tri1.0|1.0|none|0.9|1|51|leak: alive shape flat ratio 1.01 silent 0.48 resting 0.00 active 0.49 move 0.00105 lock 1.00 static 0.998 pr 1.7 | sent 1:0.68 10:0.68 100:0.69 1000:0.69 2000:0.69 | 29.2s
run39|tri1.0|2.0|none|0.5|0|50|leak: blowup at step 92 | sent 1:1.2 10:6.6e+02 | 1.3s
run39|tri1.0|2.0|none|0.5|0|51|leak: blowup at step 92 | sent 1:1.3 10:8e+02 | 1.4s
run39|tri1.0|1.0|kp1|0.9|1|50|leak: alive shape flat ratio 0.989 silent 0.51 resting 0.00 active 0.48 move 0.00281 lock 0.98 static 1.000 pr 1.6 | sent 1:0.7 10:0.67 100:0.69 1000:0.69 2000:0.69 | 16.0s
run39|tri1.0|1.0|kp1|0.9|1|51|leak: alive shape flat ratio 0.978 silent 0.46 resting 0.00 active 0.49 move 0.0033 lock 0.98 static 0.994 pr 2.0 | sent 1:0.7 10:0.69 100:0.69 1000:0.69 2000:0.69 | 16.3s
run39|tri1.0|2.0|none|0.0|1|50|code: alive shape flat ratio 0.468 silent 0.38 resting 0.00 active 0.47 move 0.516 lock 0.00 static 0.931 pr 1.4 | sent 1:1.5 10:0.41 100:0.7 1000:0.7 2000:0.7 | 13.3s
run39|tri1.0|1.0|kp1|0.9|0|50|leak: blowup at step 1165 | sent 1:0.7 10:0.62 100:1.1e+02 1000:inf | 16.9s
run39|tri1.0|2.0|none|0.5|1|50|code: alive shape flat ratio 0.468 silent 0.48 resting 0.00 active 0.47 move 0.004 lock 1.00 static 0.996 pr 2.1 | sent 1:1.5 10:0.56 100:0.7 1000:0.7 2000:0.7 | 13.5s
run39|tri1.0|2.0|kp1|0.0|0|50|code: blowup at step 58 | sent 1:2.2 10:7.2e+04 | 0.7s
run39|tri1.0|2.0|none|0.9|0|51|leak: blowup at step 343 | sent 1:0.71 10:2.3 100:1.4e+08 | 2.7s
run39|tri1.0|2.0|kp1|0.0|0|51|code: blowup at step 58 | sent 1:2.3 10:9.1e+04 | 0.4s
run39|tri1.0|2.0|kp1|0.5|0|50|code: blowup at step 52 | sent 1:2.2 10:2.2e+05 | 0.3s
run39|tri1.0|2.0|none|0.9|1|50|code: alive shape flat ratio 0.467 silent 0.50 resting 0.00 active 0.47 move 0.000573 lock 1.00 static 0.999 pr 1.4 | sent 1:1.5 10:0.95 100:0.7 1000:0.7 2000:0.7 | 13.5s
run39|tri1.0|2.0|kp1|0.5|0|51|code: blowup at step 52 | sent 1:2.3 10:2.7e+05 | 0.3s
run39|tri1.0|1.0|kp1|0.9|0|51|leak: blowup at step 1164 | sent 1:0.72 10:0.67 100:1.2e+02 1000:inf | 17.3s
run39|tri1.0|2.0|kp1|0.9|0|50|code: blowup at step 49 | sent 1:2.2 10:5.1e+05 | 0.6s
run39|tri1.0|2.0|none|0.9|0|50|leak: blowup at step 343 | sent 1:0.72 10:2.2 100:1.4e+08 | 5.0s
run39|tri1.0|2.0|kp1|0.9|0|51|code: blowup at step 49 | sent 1:2.3 10:6.3e+05 | 0.6s
run39|tri1.0|2.0|none|0.9|1|51|code: alive shape flat ratio 0.448 silent 0.44 resting 0.00 active 0.49 move 0.00349 lock 1.00 static 0.968 pr 2.4 | sent 1:1.5 10:0.93 100:0.69 1000:0.69 2000:0.69 | 13.6s
run39|tri1.0|2.0|kp1|0.5|0|50|leak: blowup at step 92 | sent 1:1.2 10:6.7e+02 | 1.4s
run39|tri1.0|2.0|kp1|0.5|0|51|leak: blowup at step 92 | sent 1:1.4 10:8.7e+02 | 1.4s
run39|tri1.0|2.0|none|0.0|1|51|code: alive shape flat ratio 0.454 silent 0.26 resting 0.00 active 0.49 move 0.381 lock 0.00 static 0.926 pr 15.2 | sent 1:1.5 10:0.41 100:0.68 1000:0.68 2000:0.7 | 22.8s
run39|tri1.0|1.0|kp1|0.5|1|50|leak: alive shape flat ratio 0.848 silent 0.51 resting 0.00 active 0.48 move 0.0182 lock 0.88 static 1.000 pr 3.5 | sent 1:0.82 10:0.75 100:0.69 1000:0.69 2000:0.69 | 30.0s
run39|tri1.0|2.0|none|0.5|1|50|leak: alive shape flat ratio 0.664 silent 0.47 resting 0.00 active 0.47 move 0.00397 lock 1.00 static 0.996 pr 2.1 | sent 1:1.1 10:0.64 100:0.7 1000:0.7 2000:0.7 | 16.0s
run39|tri1.0|2.0|kp1|0.9|0|51|leak: blowup at step 342 | sent 1:0.83 10:3 100:1.8e+08 | 2.7s
run39|tri1.0|2.0|kp1|0.0|1|51|code: alive shape flat ratio 0.452 silent 0.24 resting 0.00 active 0.49 move 0.457 lock 0.00 static 0.922 pr 12.5 | sent 1:1.5 10:0.41 100:0.71 1000:0.69 2000:0.7 | 13.6s
run39|tri1.0|2.0|kp1|0.0|1|50|code: alive shape flat ratio 0.468 silent 0.39 resting 0.00 active 0.47 move 0.523 lock 0.00 static 0.934 pr 1.2 | sent 1:1.5 10:0.41 100:0.7 1000:0.7 2000:0.7 | 13.7s
run39|tri1.0|4.0|none|0.0|0|50|code: blowup at step 37 | sent 1:4.2 10:7.1e+07 | 0.2s
run39|tri1.0|2.0|none|0.5|1|51|code: alive shape flat ratio 0.451 silent 0.35 resting 0.00 active 0.49 move 0.0264 lock 0.00 static 0.951 pr 3.5 | sent 1:1.5 10:0.54 100:0.69 1000:0.69 2000:0.69 | 25.7s
run39|tri1.0|4.0|none|0.0|0|51|code: blowup at step 37 | sent 1:4.4 10:8.6e+07 | 0.2s
run39|tri1.0|2.0|none|0.9|1|50|leak: alive shape flat ratio 0.98 silent 0.50 resting 0.00 active 0.48 move 0.000572 lock 1.00 static 0.999 pr 1.5 | sent 1:0.71 10:0.94 100:0.7 1000:0.7 2000:0.7 | 16.1s
run39|tri1.0|4.0|none|0.5|0|50|code: blowup at step 36 | sent 1:4.2 10:1.3e+08 | 0.2s
run39|tri1.0|4.0|none|0.5|0|51|code: blowup at step 36 | sent 1:4.4 10:1.5e+08 | 0.2s
run39|tri1.0|2.0|kp1|0.9|0|50|leak: blowup at step 343 | sent 1:0.75 10:2.2 100:1.5e+08 | 5.0s
run39|tri1.0|2.0|kp1|0.5|1|51|code: alive shape flat ratio 0.444 silent 0.39 resting 0.00 active 0.49 move 0.0249 lock 0.00 static 0.965 pr 3.5 | sent 1:1.5 10:0.55 100:0.69 1000:0.69 2000:0.69 | 13.7s
run39|tri1.0|4.0|none|0.9|0|50|code: blowup at step 35 | sent 1:4.2 10:2e+08 | 0.2s
run39|tri1.0|2.0|kp1|0.9|1|50|code: alive shape flat ratio 0.467 silent 0.50 resting 0.00 active 0.47 move 0.00286 lock 0.98 static 0.999 pr 1.5 | sent 1:1.5 10:0.95 100:0.7 1000:0.7 2000:0.7 | 13.6s
run39|tri1.0|4.0|none|0.9|0|51|code: blowup at step 35 | sent 1:4.4 10:2.3e+08 | 0.4s
run39|tri1.0|2.0|kp1|0.9|1|51|code: alive shape flat ratio 0.446 silent 0.43 resting 0.00 active 0.49 move 0.00492 lock 0.96 static 0.966 pr 2.2 | sent 1:1.5 10:0.93 100:0.69 1000:0.69 2000:0.69 | 13.7s
run39|tri1.0|4.0|none|0.5|0|50|leak: blowup at step 52 | sent 1:2.2 10:2.2e+05 | 0.4s
run39|tri1.0|4.0|none|0.5|0|51|leak: blowup at step 52 | sent 1:2.3 10:2.6e+05 | 0.4s
run39|tri1.0|2.0|kp1|0.9|1|51|leak: alive shape flat ratio 0.897 silent 0.45 resting 0.00 active 0.49 move 0.00423 lock 0.96 static 0.969 pr 2.3 | sent 1:0.77 10:0.93 100:0.69 1000:0.69 2000:0.69 | 16.3s
run39|tri1.0|2.0|kp1|0.5|1|50|leak: alive shape flat ratio 0.659 silent 0.47 resting 0.00 active 0.47 move 0.0185 lock 0.86 static 0.996 pr 2.3 | sent 1:1.1 10:0.64 100:0.7 1000:0.7 2000:0.7 | 21.6s
run39|tri1.0|4.0|none|0.0|1|50|code: alive shape flat ratio 0.343 silent 0.37 resting 0.00 active 0.47 move 0.523 lock 0.00 static 0.931 pr 1.4 | sent 1:2 10:0.34 100:0.7 1000:0.71 2000:0.7 | 13.3s
run39|tri1.0|2.0|none|0.5|1|51|leak: alive shape flat ratio 0.636 silent 0.35 resting 0.00 active 0.49 move 0.0259 lock 0.00 static 0.953 pr 3.6 | sent 1:1.1 10:0.63 100:0.69 1000:0.7 2000:0.69 | 30.0s
run39|tri1.0|4.0|none|0.0|1|51|code: alive shape flat ratio 0.339 silent 0.26 resting 0.00 active 0.49 move 0.397 lock 0.00 static 0.928 pr 14.2 | sent 1:2.1 10:0.34 100:0.7 1000:0.71 2000:0.7 | 13.4s
run39|tri1.0|4.0|none|0.9|0|50|leak: blowup at step 158 | sent 1:0.8 10:21 100:inf | 1.2s
run39|tri1.0|4.0|kp1|0.0|0|50|code: blowup at step 37 | sent 1:4.2 10:7.1e+07 | 0.2s
run39|tri1.0|2.0|kp1|0.5|1|50|code: alive shape flat ratio 0.468 silent 0.47 resting 0.00 active 0.47 move 0.0185 lock 0.86 static 0.996 pr 2.3 | sent 1:1.5 10:0.56 100:0.7 1000:0.7 2000:0.7 | 25.5s
run39|tri1.0|4.0|none|0.9|0|51|leak: blowup at step 158 | sent 1:0.81 10:24 100:inf | 1.3s
run39|tri1.0|4.0|kp1|0.0|0|51|code: blowup at step 37 | sent 1:4.5 10:9e+07 | 0.2s
run39|tri1.0|4.0|none|0.5|1|51|code: alive shape flat ratio 0.334 silent 0.35 resting 0.00 active 0.49 move 0.0261 lock 0.00 static 0.953 pr 3.5 | sent 1:2.1 10:0.5 100:0.69 1000:0.71 2000:0.69 | 13.6s
run39|tri1.0|4.0|kp1|0.5|0|50|code: blowup at step 36 | sent 1:4.2 10:1.3e+08 | 0.2s
run39|tri1.0|4.0|kp1|0.5|0|51|code: blowup at step 36 | sent 1:4.5 10:1.5e+08 | 0.5s
run39|tri1.0|4.0|none|0.9|1|50|code: alive shape flat ratio 0.341 silent 0.50 resting 0.00 active 0.47 move 0.000578 lock 1.00 static 0.999 pr 1.4 | sent 1:2 10:0.92 100:0.7 1000:0.7 2000:0.7 | 13.5s
run39|tri1.0|4.0|kp1|0.9|0|50|code: blowup at step 35 | sent 1:4.2 10:2e+08 | 0.2s
run39|tri1.0|2.0|none|0.9|1|51|leak: alive shape flat ratio 0.982 silent 0.42 resting 0.00 active 0.49 move 0.00454 lock 1.00 static 0.971 pr 2.2 | sent 1:0.71 10:0.93 100:0.69 1000:0.69 2000:0.69 | 30.6s
run39|tri1.0|4.0|kp1|0.9|0|51|code: blowup at step 35 | sent 1:4.5 10:2.4e+08 | 0.2s
run39|tri1.0|4.0|none|0.5|1|50|leak: alive shape flat ratio 0.468 silent 0.48 resting 0.00 active 0.47 move 0.004 lock 1.00 static 0.996 pr 2.1 | sent 1:1.5 10:0.56 100:0.7 1000:0.7 2000:0.7 | 16.0s
run39|tri1.0|4.0|kp1|0.5|0|50|leak: blowup at step 52 | sent 1:2.2 10:2.2e+05 | 0.4s
run39|tri1.0|4.0|kp1|0.5|0|51|leak: blowup at step 52 | sent 1:2.5 10:2.9e+05 | 0.4s
run39|tri1.0|4.0|none|0.9|1|50|leak: alive shape flat ratio 0.903 silent 0.50 resting 0.00 active 0.47 move 0.000583 lock 1.00 static 0.999 pr 1.5 | sent 1:0.77 10:1 100:0.7 1000:0.7 2000:0.7 | 16.2s
run39|tri1.0|2.0|kp1|0.5|1|51|leak: alive shape flat ratio 0.622 silent 0.39 resting 0.00 active 0.49 move 0.0243 lock 0.00 static 0.960 pr 3.4 | sent 1:1.1 10:0.63 100:0.69 1000:0.69 2000:0.7 | 30.6s
run39|tri1.0|4.0|kp1|0.9|0|50|leak: blowup at step 158 | sent 1:0.93 10:23 100:inf | 2.3s
run39|tri1.0|4.0|none|0.5|1|51|leak: alive shape flat ratio 0.451 silent 0.35 resting 0.00 active 0.49 move 0.0264 lock 0.00 static 0.951 pr 3.5 | sent 1:1.5 10:0.54 100:0.69 1000:0.69 2000:0.69 | 21.6s
run39|tri1.0|2.0|kp1|0.9|1|50|leak: alive shape flat ratio 0.952 silent 0.50 resting 0.00 active 0.48 move 0.00286 lock 0.98 static 0.999 pr 1.4 | sent 1:0.73 10:0.93 100:0.7 1000:0.7 2000:0.7 | 30.1s
run39|tri1.0|4.0|none|0.5|1|50|code: alive shape flat ratio 0.342 silent 0.47 resting 0.00 active 0.47 move 0.00401 lock 1.00 static 0.996 pr 2.1 | sent 1:2 10:0.51 100:0.7 1000:0.7 2000:0.7 | 25.6s
run39|tri1.0|4.0|kp1|0.9|0|51|leak: blowup at step 157 | sent 1:1.2 10:38 100:inf | 2.3s
run39|tri1.0|16.0|none|0.0|0|50|code: blowup at step 21 | sent 1:16 10:7.3e+13 | 0.3s
run39|tri1.0|16.0|none|0.0|0|51|code: blowup at step 21 | sent 1:18 10:8.9e+13 | 0.3s
run39|tri1.0|4.0|kp1|0.0|1|51|code: alive shape flat ratio 0.331 silent 0.25 resting 0.00 active 0.49 move 0.454 lock 0.00 static 0.923 pr 12.8 | sent 1:2.1 10:0.34 100:0.7 1000:0.69 2000:0.69 | 13.6s
run39|tri1.0|4.0|none|0.9|1|51|code: alive shape flat ratio 0.332 silent 0.44 resting 0.00 active 0.49 move 0.00315 lock 1.00 static 0.970 pr 2.3 | sent 1:2.1 10:0.9 100:0.69 1000:0.69 2000:0.69 | 25.7s
run39|tri1.0|4.0|kp1|0.0|1|50|code: alive shape flat ratio 0.343 silent 0.39 resting 0.00 active 0.47 move 0.523 lock 0.00 static 0.933 pr 1.2 | sent 1:2 10:0.34 100:0.7 1000:0.7 2000:0.7 | 14.3s
run39|tri1.0|16.0|none|0.5|0|50|code: blowup at step 21 | sent 1:16 10:8.4e+13 | 0.1s
run39|tri1.0|16.0|none|0.5|0|51|code: blowup at step 21 | sent 1:18 10:1e+14 | 0.3s
run39|tri1.0|16.0|none|0.9|0|50|code: blowup at step 21 | sent 1:16 10:9.5e+13 | 0.3s
run39|tri1.0|4.0|kp1|0.5|1|51|code: alive shape flat ratio 0.331 silent 0.35 resting 0.00 active 0.49 move 0.03 lock 0.00 static 0.954 pr 3.4 | sent 1:2.1 10:0.5 100:0.69 1000:0.69 2000:0.69 | 13.7s
run39|tri1.0|16.0|none|0.9|0|51|code: blowup at step 21 | sent 1:18 10:1.1e+14 | 0.3s
run39|tri1.0|4.0|none|0.9|1|51|leak: alive shape flat ratio 0.887 silent 0.43 resting 0.00 active 0.49 move 0.00408 lock 1.00 static 0.964 pr 2.3 | sent 1:0.78 10:1 100:0.69 1000:0.69 2000:0.69 | 16.2s
run39|tri1.0|16.0|none|0.5|0|50|leak: blowup at step 27 | sent 1:8.2 10:9.6e+10 | 0.2s
run39|tri1.0|16.0|none|0.5|0|51|leak: blowup at step 27 | sent 1:8.8 10:1.1e+11 | 0.2s
run39|tri1.0|4.0|kp1|0.5|1|51|leak: alive shape flat ratio 0.44 silent 0.35 resting 0.00 active 0.49 move 0.0308 lock 0.00 static 0.953 pr 3.8 | sent 1:1.6 10:0.54 100:0.69 1000:0.69 2000:0.69 | 16.4s
run39|tri1.0|4.0|kp1|0.9|1|50|leak: alive shape flat ratio 0.838 silent 0.50 resting 0.00 active 0.48 move 0.00286 lock 0.98 static 0.999 pr 1.5 | sent 1:0.83 10:1 100:0.7 1000:0.7 2000:0.7 | 16.2s
run39|tri1.0|16.0|none|0.9|0|50|leak: blowup at step 55 | sent 1:1.8 10:8.8e+04 | 0.4s
run39|tri1.0|4.0|kp1|0.9|1|51|leak: alive shape flat ratio 0.765 silent 0.43 resting 0.00 active 0.49 move 0.00518 lock 0.96 static 0.970 pr 2.3 | sent 1:0.91 10:0.99 100:0.69 1000:0.69 2000:0.69 | 16.4s
run39|tri1.0|16.0|none|0.9|0|51|leak: blowup at step 55 | sent 1:1.9 10:1.1e+05 | 0.4s
run39|tri1.0|16.0|none|0.0|1|50|code: alive shape flat ratio 0.237 silent 0.38 resting 0.00 active 0.47 move 0.517 lock 0.00 static 0.931 pr 1.4 | sent 1:2.9 10:0.28 100:0.7 1000:0.7 2000:0.7 | 13.3s
run39|tri1.0|16.0|kp1|0.0|0|50|code: blowup at step 21 | sent 1:17 10:7.4e+13 | 0.1s
run39|tri1.0|16.0|kp1|0.0|0|51|code: blowup at step 21 | sent 1:18 10:9.3e+13 | 0.1s
run39|tri1.0|4.0|kp1|0.5|1|50|code: alive shape flat ratio 0.342 silent 0.47 resting 0.00 active 0.47 move 0.0185 lock 0.86 static 0.996 pr 2.2 | sent 1:2 10:0.51 100:0.7 1000:0.7 2000:0.7 | 25.5s
run39|tri1.0|4.0|kp1|0.9|1|50|code: alive shape flat ratio 0.341 silent 0.50 resting 0.00 active 0.48 move 0.00286 lock 0.98 static 0.999 pr 1.5 | sent 1:2 10:0.92 100:0.7 1000:0.7 2000:0.7 | 25.4s
run39|tri1.0|16.0|kp1|0.5|0|50|code: blowup at step 21 | sent 1:17 10:8.4e+13 | 0.3s
run39|tri1.0|16.0|kp1|0.5|0|51|code: blowup at step 21 | sent 1:18 10:1.1e+14 | 0.3s
run39|tri1.0|4.0|kp1|0.9|1|51|code: alive shape flat ratio 0.332 silent 0.43 resting 0.00 active 0.49 move 0.00521 lock 0.96 static 0.969 pr 2.3 | sent 1:2.1 10:0.91 100:0.69 1000:0.69 2000:0.69 | 25.6s
run39|tri1.0|16.0|none|0.9|1|50|code: alive shape flat ratio 0.237 silent 0.50 resting 0.00 active 0.47 move 0.00058 lock 1.00 static 0.999 pr 1.5 | sent 1:2.9 10:0.9 100:0.7 1000:0.7 2000:0.7 | 13.5s
run39|tri1.0|16.0|kp1|0.9|0|50|code: blowup at step 21 | sent 1:17 10:9.5e+13 | 0.1s
run39|tri1.0|16.0|none|0.9|1|51|code: alive shape flat ratio 0.237 silent 0.43 resting 0.00 active 0.49 move 0.00456 lock 1.00 static 0.974 pr 2.4 | sent 1:2.9 10:0.88 100:0.69 1000:0.69 2000:0.69 | 13.7s
run39|tri1.0|16.0|kp1|0.9|0|51|code: blowup at step 21 | sent 1:18 10:1.2e+14 | 0.1s
run39|tri1.0|16.0|none|0.5|1|50|leak: alive shape flat ratio 0.273 silent 0.47 resting 0.00 active 0.47 move 0.00401 lock 1.00 static 0.996 pr 2.1 | sent 1:2.6 10:0.48 100:0.7 1000:0.7 2000:0.7 | 16.1s
run39|tri1.0|16.0|kp1|0.5|0|50|leak: blowup at step 27 | sent 1:8.4 10:9.6e+10 | 0.2s
run39|tri1.0|16.0|kp1|0.5|0|51|leak: blowup at step 27 | sent 1:9.4 10:1.3e+11 | 0.2s
run39|tri1.0|16.0|none|0.9|1|50|leak: alive shape flat ratio 0.524 silent 0.50 resting 0.00 active 0.47 move 0.000572 lock 1.00 static 0.999 pr 1.4 | sent 1:1.3 10:0.96 100:0.7 1000:0.7 2000:0.7 | 16.2s
run39|tri1.0|4.0|kp1|0.5|1|50|leak: alive shape flat ratio 0.465 silent 0.47 resting 0.00 active 0.47 move 0.0185 lock 0.86 static 0.996 pr 2.3 | sent 1:1.5 10:0.56 100:0.7 1000:0.7 2000:0.7 | 30.2s
run39|tri1.0|16.0|kp1|0.9|0|50|leak: blowup at step 55 | sent 1:2.7 10:1.1e+05 | 0.8s
run39|tri1.0|16.0|kp1|0.9|0|51|leak: blowup at step 55 | sent 1:4 10:2.2e+05 | 0.8s
run39|tri1.0|16.0|none|0.9|1|51|leak: alive shape flat ratio 0.501 silent 0.44 resting 0.00 active 0.48 move 0.00404 lock 1.00 static 0.958 pr 2.2 | sent 1:1.4 10:0.95 100:0.69 1000:0.69 2000:0.69 | 16.3s
run39|tri1.0|16.0|kp1|0.0|1|50|code: alive shape flat ratio 0.238 silent 0.38 resting 0.00 active 0.47 move 0.523 lock 0.00 static 0.934 pr 1.2 | sent 1:2.9 10:0.28 100:0.71 1000:0.7 2000:0.7 | 13.7s
run39|tri1.0|16.0|kp1|0.0|1|51|code: alive shape flat ratio 0.233 silent 0.25 resting 0.00 active 0.49 move 0.429 lock 0.00 static 0.925 pr 13.8 | sent 1:2.9 10:0.29 100:0.7 1000:0.7 2000:0.68 | 13.8s
run39|tri1.0|16.0|none|0.0|1|51|code: alive shape flat ratio 0.236 silent 0.25 resting 0.00 active 0.49 move 0.397 lock 0.00 static 0.925 pr 14.9 | sent 1:2.9 10:0.28 100:0.69 1000:0.71 2000:0.69 | 25.4s
run39|tri1.0|16.0|none|0.5|1|50|code: alive shape flat ratio 0.237 silent 0.47 resting 0.00 active 0.47 move 0.00401 lock 1.00 static 0.996 pr 2.1 | sent 1:2.9 10:0.46 100:0.7 1000:0.7 2000:0.7 | 25.5s
run39|tri1.0|16.0|kp1|0.5|1|50|code: alive shape flat ratio 0.238 silent 0.47 resting 0.00 active 0.47 move 0.0185 lock 0.86 static 0.996 pr 2.2 | sent 1:2.9 10:0.46 100:0.7 1000:0.7 2000:0.7 | 13.5s
run39|tri1.0|16.0|none|0.5|1|51|code: alive shape flat ratio 0.236 silent 0.35 resting 0.00 active 0.49 move 0.0265 lock 0.00 static 0.951 pr 3.5 | sent 1:2.9 10:0.45 100:0.69 1000:0.69 2000:0.69 | 25.7s
run39|tanh|0.1|none|0.0|1|51|code: dead at step 11 shape decaying ratio 0 silent 1.00 resting 1.00 active 0.00 move 0 | sent 1:0.62 10:2.9e-06 100:0 1000:0 2000:0 | 6.9s
run39|tanh|0.1|none|0.0|0|50|code: dead at step 11 shape decaying ratio 0 silent 1.00 resting 1.00 active 0.00 move 0 | sent 1:0.63 10:9.1e-07 100:0 1000:0 2000:0 | 6.4s
run39|tanh|0.1|none|0.0|0|51|code: dead at step 11 shape decaying ratio 0 silent 1.00 resting 1.00 active 0.00 move 0 | sent 1:0.62 10:1.1e-06 100:0 1000:0 2000:0 | 6.5s
run39|tri1.0|16.0|kp1|0.5|1|50|leak: alive shape flat ratio 0.273 silent 0.47 resting 0.00 active 0.47 move 0.0185 lock 0.86 static 0.996 pr 2.2 | sent 1:2.6 10:0.48 100:0.7 1000:0.7 2000:0.7 | 16.3s
run39|tri1.0|16.0|kp1|0.5|1|51|leak: alive shape flat ratio 0.267 silent 0.35 resting 0.00 active 0.49 move 0.0297 lock 0.00 static 0.953 pr 3.4 | sent 1:2.6 10:0.47 100:0.69 1000:0.68 2000:0.69 | 16.3s
run39|tri1.0|16.0|none|0.5|1|51|leak: alive shape flat ratio 0.27 silent 0.35 resting 0.00 active 0.49 move 0.0267 lock 0.00 static 0.952 pr 3.5 | sent 1:2.6 10:0.47 100:0.69 1000:0.7 2000:0.69 | 30.3s
run39|tanh|0.1|none|0.5|0|50|code: dead at step 26 shape decaying ratio 0 silent 1.00 resting 1.00 active 0.00 move 0 | sent 1:0.63 10:0.019 100:2.8e-15 1000:0 2000:0 | 6.8s
run39|tanh|0.1|none|0.0|1|50|code: dead at step 11 shape decaying ratio 0 silent 1.00 resting 1.00 active 0.00 move 0 | sent 1:0.63 10:2.3e-06 100:0 1000:0 2000:0 | 12.4s
run39|tri1.0|16.0|kp1|0.9|1|50|leak: alive shape flat ratio 0.485 silent 0.50 resting 0.00 active 0.47 move 0.00286 lock 0.98 static 0.998 pr 1.5 | sent 1:1.4 10:0.95 100:0.7 1000:0.7 2000:0.7 | 16.2s
run39|tri1.0|16.0|kp1|0.9|1|51|leak: alive shape flat ratio 0.449 silent 0.44 resting 0.00 active 0.49 move 0.005 lock 0.96 static 0.958 pr 2.1 | sent 1:1.5 10:0.93 100:0.69 1000:0.69 2000:0.69 | 16.4s
run39|tanh|0.1|none|0.9|1|50|code: alive shape flat ratio 0.995 silent 0.00 resting 0.00 active 0.96 move 0.0193 lock 0.00 static 0.427 pr 2.7 | sent 1:0.63 10:0.59 100:0.62 1000:0.62 2000:0.63 | 7.0s
run39|tanh|0.1|none|0.5|1|50|code: dead at step 29 shape decaying ratio 0 silent 1.00 resting 1.00 active 0.00 move 0 | sent 1:0.63 10:0.027 100:8.5e-14 1000:0 2000:0 | 12.8s
run39|tanh|0.1|none|0.9|0|50|code: alive shape flat ratio 1.18 silent 0.00 resting 0.00 active 0.97 move 0.028 lock 0.00 static 0.293 pr 4.1 | sent 1:0.63 10:0.56 100:0.72 1000:0.72 2000:0.74 | 6.7s
run39|tanh|0.1|none|0.5|0|51|code: dead at step 27 shape decaying ratio 0 silent 1.00 resting 1.00 active 0.00 move 0 | sent 1:0.62 10:0.021 100:9.5e-15 1000:0 2000:0 | 12.1s
run39|tanh|0.1|none|0.9|1|51|code: alive shape flat ratio 1.01 silent 0.00 resting 0.00 active 0.96 move 0.0149 lock 0.00 static 0.658 pr 2.5 | sent 1:0.62 10:0.6 100:0.63 1000:0.63 2000:0.63 | 7.1s
run39|tanh|0.1|none|0.9|0|51|code: alive shape flat ratio 1.2 silent 0.00 resting 0.00 active 0.97 move 0.0319 lock 0.00 static 0.261 pr 4.1 | sent 1:0.62 10:0.56 100:0.74 1000:0.75 2000:0.74 | 6.6s
run39|tanh|0.1|none|0.5|1|51|code: dead at step 31 shape decaying ratio 0 silent 1.00 resting 1.00 active 0.00 move 0 | sent 1:0.62 10:0.03 100:3e-13 1000:0 2000:0 | 12.7s
run39|tri1.0|16.0|kp1|0.5|1|51|code: alive shape flat ratio 0.236 silent 0.35 resting 0.00 active 0.49 move 0.0294 lock 0.00 static 0.954 pr 3.4 | sent 1:2.9 10:0.46 100:0.7 1000:0.69 2000:0.69 | 25.8s
run39|tri1.0|16.0|kp1|0.9|1|50|code: alive shape flat ratio 0.237 silent 0.50 resting 0.00 active 0.48 move 0.00286 lock 0.98 static 0.999 pr 1.4 | sent 1:2.9 10:0.89 100:0.7 1000:0.7 2000:0.7 | 25.4s
run39|tri1.0|16.0|kp1|0.9|1|51|code: alive shape flat ratio 0.234 silent 0.45 resting 0.00 active 0.49 move 0.00387 lock 0.96 static 0.971 pr 2.2 | sent 1:2.9 10:0.88 100:0.69 1000:0.69 2000:0.69 | 25.6s
run39|tanh|0.1|none|0.5|1|50|leak: dead at step 19 shape decaying ratio 0 silent 1.00 resting 1.00 active 0.00 move 0 | sent 1:0.63 10:0.0066 100:1.5e-21 1000:0 2000:0 | 9.6s
run39|tanh|0.1|none|0.5|0|50|leak: dead at step 18 shape decaying ratio 0 silent 1.00 resting 1.00 active 0.00 move 0 | sent 1:0.63 10:0.0052 100:1.9e-22 1000:0 2000:0 | 9.3s
run39|tanh|0.1|kp1|0.0|0|50|code: cycle period 4 shape decaying ratio 0.00715 silent 0.00 resting 0.76 active 0.00 move 1.46 lock 0.00 static 0.346 pr 2.5 | sent 1:0.63 10:0.0048 100:0.0045 1000:0.0045 2000:0.0045 | 6.5s
run39|tanh|0.1|kp1|0.0|0|51|code: cycle period 4 shape decaying ratio 0.00683 silent 0.00 resting 0.60 active 0.00 move 1.4 lock 0.00 static 0.282 pr 2.6 | sent 1:0.62 10:0.0048 100:0.0043 1000:0.0043 2000:0.0043 | 6.4s
run39|tanh|0.1|kp1|0.0|1|50|code: cycle period 4 shape decaying ratio 0.00794 silent 0.00 resting 0.75 active 0.00 move 1.46 lock 0.00 static 0.344 pr 2.5 | sent 1:0.63 10:0.0054 100:0.005 1000:0.005 2000:0.005 | 7.0s
run39|tanh|0.1|none|0.9|1|50|leak: dead at step 108 shape decaying ratio 0 silent 0.02 resting 1.00 active 0.00 move 0 | sent 1:0.63 10:0.37 100:0.00019 1000:0 2000:0 | 12.3s
run39|tanh|0.1|none|0.9|1|51|leak: dead at step 109 shape decaying ratio 0 silent 0.01 resting 1.00 active 0.00 move 0 | sent 1:0.62 10:0.37 100:0.0002 1000:0 2000:0 | 12.4s
run39|tanh|0.1|none|0.9|0|50|leak: dead at step 104 shape decaying ratio 0 silent 0.01 resting 1.00 active 0.00 move 0 | sent 1:0.63 10:0.34 100:0.00013 1000:0 2000:0 | 12.0s
run39|tanh|0.1|kp1|0.9|1|50|code: alive shape flat ratio 0.997 silent 0.00 resting 0.00 active 0.96 move 0.0245 lock 0.00 static 0.345 pr 3.6 | sent 1:0.63 10:0.59 100:0.62 1000:0.62 2000:0.63 | 7.2s
run39|tanh|0.1|kp1|0.5|0|51|code: cycle period 4 shape decaying ratio 0.00946 silent 0.00 resting 0.34 active 0.00 move 0.793 lock 0.00 static 0.986 pr 2.2 | sent 1:0.62 10:0.022 100:0.0059 1000:0.0059 2000:0.0059 | 8.7s
run39|tanh|0.1|kp1|0.9|1|51|code: alive shape flat ratio 1 silent 0.00 resting 0.00 active 0.96 move 0.0264 lock 0.00 static 0.372 pr 3.6 | sent 1:0.62 10:0.6 100:0.63 1000:0.62 2000:0.63 | 7.3s
run39|tanh|0.1|none|0.5|1|51|leak: dead at step 19 shape decaying ratio 0 silent 1.00 resting 1.00 active 0.00 move 0 | sent 1:0.62 10:0.0066 100:3.3e-21 1000:0 2000:0 | 17.8s
run39|tanh|0.1|none|0.5|0|51|leak: dead at step 18 shape decaying ratio 0 silent 1.00 resting 1.00 active 0.00 move 0 | sent 1:0.62 10:0.0052 100:4.1e-22 1000:0 2000:0 | 17.0s
run39|tanh|0.1|kp1|0.0|1|51|code: cycle period 4 shape decaying ratio 0.00763 silent 0.00 resting 0.58 active 0.00 move 1.4 lock 0.00 static 0.283 pr 2.6 | sent 1:0.62 10:0.0054 100:0.0048 1000:0.0048 2000:0.0048 | 12.8s
run39|tanh|0.1|kp1|0.9|0|51|code: alive shape flat ratio 1.21 silent 0.00 resting 0.00 active 0.97 move 0.0316 lock 0.00 static 0.233 pr 3.5 | sent 1:0.62 10:0.56 100:0.74 1000:0.76 2000:0.76 | 6.9s
run39|tanh|0.1|kp1|0.5|0|50|code: cycle period 4 shape decaying ratio 0.00878 silent 0.00 resting 0.61 active 0.00 move 0.9 lock 0.00 static 0.990 pr 2.0 | sent 1:0.63 10:0.02 100:0.0055 1000:0.0055 2000:0.0055 | 12.0s
run39|tanh|0.1|kp1|0.5|1|50|code: cycle period 4 shape decaying ratio 0.00988 silent 0.00 resting 0.52 active 0.00 move 0.888 lock 0.00 static 0.990 pr 2.0 | sent 1:0.63 10:0.028 100:0.0062 1000:0.0062 2000:0.0062 | 13.2s
run39|tanh|0.1|kp1|0.5|1|51|code: cycle period 4 shape decaying ratio 0.0108 silent 0.00 resting 0.24 active 0.00 move 0.774 lock 0.00 static 0.987 pr 2.2 | sent 1:0.62 10:0.031 100:0.0068 1000:0.0068 2000:0.0068 | 13.0s
run39|tanh|0.1|none|0.9|0|51|leak: dead at step 105 shape decaying ratio 0 silent 0.01 resting 1.00 active 0.00 move 0 | sent 1:0.62 10:0.34 100:0.00014 1000:0 2000:0 | 17.1s
run39|tanh|0.1|kp1|0.5|1|50|leak: cycle period 4 shape decaying ratio 0.00472 silent 0.00 resting 0.84 active 0.00 move 0.931 lock 0.00 static 0.989 pr 2.0 | sent 1:0.63 10:0.0073 100:0.003 1000:0.003 2000:0.003 | 9.6s
run39|tanh|0.1|kp1|0.5|1|51|leak: cycle period 4 shape decaying ratio 0.00483 silent 0.00 resting 0.73 active 0.00 move 0.844 lock 0.00 static 0.983 pr 2.2 | sent 1:0.62 10:0.0073 100:0.003 1000:0.003 2000:0.003 | 9.6s
run39|tanh|0.1|kp1|0.5|0|50|leak: cycle period 4 shape decaying ratio 0.00425 silent 0.00 resting 0.86 active 0.00 move 0.933 lock 0.00 static 0.989 pr 2.0 | sent 1:0.63 10:0.0059 100:0.0027 1000:0.0027 2000:0.0027 | 9.1s
run39|tanh|0.1|kp1|0.9|0|50|code: alive shape flat ratio 1.17 silent 0.00 resting 0.00 active 0.97 move 0.0347 lock 0.00 static 0.211 pr 3.9 | sent 1:0.63 10:0.56 100:0.72 1000:0.74 2000:0.74 | 12.3s
run39|tanh|0.1|kp1|0.5|0|51|leak: cycle period 4 shape decaying ratio 0.00433 silent 0.00 resting 0.77 active 0.00 move 0.848 lock 0.00 static 0.983 pr 2.2 | sent 1:0.62 10:0.0059 100:0.0027 1000:0.0027 2000:0.0027 | 9.1s
run39|tanh|0.1|kp1|0.9|1|50|leak: cycle period 4 shape decaying ratio 0.00378 silent 0.00 resting 0.87 active 0.00 move 0.184 lock 0.86 static 1.000 pr 2.0 | sent 1:0.63 10:0.37 100:0.0024 1000:0.0024 2000:0.0024 | 9.5s
run39|tanh|0.3|none|0.0|0|50|code: dead at step 23 shape decaying ratio 0 silent 1.00 resting 1.00 active 0.00 move 0 | sent 1:0.65 10:0.014 100:1.6e-17 1000:0 2000:0 | 6.6s
run39|tanh|0.1|kp1|0.9|0|50|leak: cycle period 4 shape decaying ratio 0.00339 silent 0.00 resting 0.89 active 0.00 move 0.184 lock 0.86 static 1.000 pr 2.0 | sent 1:0.63 10:0.34 100:0.0021 1000:0.0021 2000:0.0021 | 9.1s
run39|tanh|0.1|kp1|0.9|1|51|leak: cycle period 4 shape decaying ratio 0.00425 silent 0.00 resting 0.80 active 0.00 move 0.161 lock 0.65 static 1.000 pr 2.1 | sent 1:0.62 10:0.37 100:0.0026 1000:0.0026 2000:0.0026 | 9.8s
run39|tanh|0.3|none|0.5|0|51|code: alive shape flat ratio 0.802 silent 0.00 resting 0.00 active 0.94 move 0.0777 lock 0.00 static 0.197 pr 5.3 | sent 1:0.64 10:0.47 100:0.53 1000:0.53 2000:0.52 | 6.8s
run39|tanh|0.3|none|0.0|1|50|code: dead at step 31 shape decaying ratio 0 silent 1.00 resting 1.00 active 0.00 move 0 | sent 1:0.64 10:0.033 100:4.9e-13 1000:0 2000:0 | 12.6s
run39|tanh|0.3|none|0.0|0|51|code: dead at step 24 shape decaying ratio 0 silent 1.00 resting 1.00 active 0.00 move 0 | sent 1:0.64 10:0.018 100:1.6e-16 1000:0 2000:0 | 11.6s
run39|tanh|0.3|none|0.0|1|51|code: dead at step 33 shape decaying ratio 0 silent 1.00 resting 1.00 active 0.00 move 0 | sent 1:0.64 10:0.04 100:4.9e-12 1000:0 2000:0 | 12.6s
run39|tanh|0.3|none|0.9|1|50|code: alive shape flat ratio 0.982 silent 0.00 resting 0.00 active 0.96 move 0.0278 lock 0.00 static 0.449 pr 3.4 | sent 1:0.64 10:0.7 100:0.63 1000:0.63 2000:0.63 | 7.1s
run39|tanh|0.3|none|0.9|0|51|code: alive shape flat ratio 1.43 silent 0.00 resting 0.00 active 0.99 move 0.0499 lock 0.00 static 0.415 pr 5.3 | sent 1:0.64 10:0.85 100:0.93 1000:0.93 2000:0.92 | 6.6s
run39|tanh|0.3|none|0.9|1|51|code: alive shape flat ratio 0.99 silent 0.00 resting 0.00 active 0.96 move 0.0166 lock 0.00 static 0.529 pr 2.4 | sent 1:0.64 10:0.71 100:0.64 1000:0.63 2000:0.63 | 7.2s
run39|tanh|0.3|none|0.5|1|50|code: alive shape flat ratio 0.866 silent 0.00 resting 0.00 active 0.95 move 0.0871 lock 0.00 static 0.431 pr 6.7 | sent 1:0.64 10:0.49 100:0.55 1000:0.55 2000:0.56 | 12.9s
run39|tanh|0.3|none|0.5|1|51|code: alive shape flat ratio 0.874 silent 0.00 resting 0.00 active 0.95 move 0.11 lock 0.00 static 0.035 pr 4.8 | sent 1:0.64 10:0.54 100:0.58 1000:0.57 2000:0.56 | 13.0s
run39|tanh|0.3|none|0.9|0|50|code: alive shape flat ratio 1.42 silent 0.00 resting 0.00 active 0.99 move 0.049 lock 0.00 static 0.188 pr 4.7 | sent 1:0.65 10:0.83 100:0.92 1000:0.92 2000:0.92 | 8.7s
run39|tanh|0.3|none|0.5|0|50|code: alive shape flat ratio 0.791 silent 0.00 resting 0.00 active 0.94 move 0.0578 lock 0.00 static 0.743 pr 4.1 | sent 1:0.65 10:0.42 100:0.49 1000:0.52 2000:0.51 | 12.2s
run39|tanh|0.1|kp1|0.9|0|51|leak: cycle period 4 shape decaying ratio 0.00381 silent 0.00 resting 0.83 active 0.00 move 0.162 lock 0.65 static 1.000 pr 2.1 | sent 1:0.62 10:0.34 100:0.0024 1000:0.0024 2000:0.0024 | 17.2s
run39|tanh|0.3|none|0.5|0|50|leak: dead at step 45 shape decaying ratio 0 silent 1.00 resting 1.00 active 0.00 move 0 | sent 1:0.63 10:0.06 100:4.8e-09 1000:0 2000:0 | 9.5s
run39|tanh|0.3|none|0.5|1|50|leak: dead at step 58 shape decaying ratio 0 silent 1.00 resting 1.00 active 0.00 move 0 | sent 1:0.63 10:0.087 100:3.6e-07 1000:0 2000:0 | 10.0s
run39|tanh|0.3|none|0.5|0|51|leak: dead at step 48 shape decaying ratio 0 silent 1.00 resting 1.00 active 0.00 move 0 | sent 1:0.63 10:0.071 100:1.8e-08 1000:0 2000:0 | 9.6s
run39|tanh|0.3|none|0.5|1|51|leak: dead at step 65 shape decaying ratio 0 silent 1.00 resting 1.00 active 0.00 move 0 | sent 1:0.63 10:0.1 100:1.5e-06 1000:0 2000:0 | 10.2s
run39|tanh|0.3|kp1|0.0|1|50|code: cycle period 4 shape decaying ratio 0.0285 silent 0.00 resting 0.00 active 0.03 move 1.42 lock 0.00 static 0.303 pr 2.7 | sent 1:0.64 10:0.038 100:0.018 1000:0.018 2000:0.018 | 7.0s
run39|tanh|0.3|kp1|0.0|0|50|code: cycle period 4 shape decaying ratio 0.0239 silent 0.00 resting 0.00 active 0.02 move 1.43 lock 0.00 static 0.309 pr 2.7 | sent 1:0.65 10:0.022 100:0.015 1000:0.015 2000:0.015 | 6.5s
run39|tanh|0.3|kp1|0.0|1|51|code: cycle period 4 shape decaying ratio 0.0356 silent 0.00 resting 0.00 active 0.04 move 1.39 lock 0.00 static 0.332 pr 2.6 | sent 1:0.64 10:0.048 100:0.023 1000:0.023 2000:0.023 | 7.0s
run39|tanh|0.3|kp1|0.5|1|51|code: alive shape flat ratio 0.877 silent 0.00 resting 0.00 active 0.95 move 0.0968 lock 0.00 static 0.467 pr 5.5 | sent 1:0.64 10:0.54 100:0.58 1000:0.57 2000:0.56 | 7.3s
run39|tanh|0.3|kp1|0.9|1|50|code: alive shape flat ratio 0.99 silent 0.00 resting 0.00 active 0.96 move 0.0296 lock 0.00 static 0.213 pr 3.5 | sent 1:0.64 10:0.7 100:0.63 1000:0.63 2000:0.64 | 7.3s
run39|tanh|0.3|kp1|0.9|0|50|code: alive shape flat ratio 1.43 silent 0.00 resting 0.00 active 0.99 move 0.0468 lock 0.00 static 0.224 pr 4.2 | sent 1:0.65 10:0.83 100:0.92 1000:0.92 2000:0.92 | 6.8s
run39|tanh|0.3|kp1|0.9|0|51|code: alive shape flat ratio 1.42 silent 0.00 resting 0.00 active 0.99 move 0.0519 lock 0.00 static 0.202 pr 5.2 | sent 1:0.64 10:0.85 100:0.92 1000:0.93 2000:0.92 | 6.9s
run39|tanh|0.3|kp1|0.9|1|51|code: alive shape flat ratio 0.976 silent 0.00 resting 0.00 active 0.96 move 0.019 lock 0.00 static 0.579 pr 3.1 | sent 1:0.64 10:0.71 100:0.64 1000:0.63 2000:0.63 | 7.4s
run39|tanh|0.3|kp1|0.0|0|51|code: cycle period 4 shape decaying ratio 0.0277 silent 0.00 resting 0.00 active 0.03 move 1.4 lock 0.00 static 0.315 pr 2.6 | sent 1:0.64 10:0.027 100:0.018 1000:0.018 2000:0.018 | 12.0s
run39|tanh|0.3|none|0.9|0|50|leak: dead at step 231 shape decaying ratio 0 silent 0.00 resting 1.00 active 0.00 move 0 | sent 1:0.63 10:0.37 100:0.0091 1000:1.8e-15 2000:0 | 14.5s
run39|tanh|0.3|none|0.9|1|50|leak: dead at step 297 shape decaying ratio 8.43e-22 silent 0.00 resting 1.00 active 0.00 move 0.0209 | sent 1:0.63 10:0.4 100:0.019 1000:4.8e-12 2000:5.3e-22 | 16.8s
run39|tanh|0.3|kp1|0.5|1|50|code: alive shape flat ratio 0.862 silent 0.00 resting 0.00 active 0.95 move 0.0669 lock 0.00 static 0.682 pr 4.9 | sent 1:0.64 10:0.49 100:0.54 1000:0.55 2000:0.55 | 13.1s
run39|tanh|0.3|kp1|0.5|0|50|code: alive shape flat ratio 0.785 silent 0.00 resting 0.00 active 0.94 move 0.068 lock 0.00 static 0.719 pr 4.2 | sent 1:0.65 10:0.41 100:0.48 1000:0.48 2000:0.51 | 12.3s
run39|tanh|0.3|kp1|0.5|0|51|code: alive shape flat ratio 0.804 silent 0.00 resting 0.00 active 0.94 move 0.0963 lock 0.00 static 0.310 pr 6.0 | sent 1:0.64 10:0.47 100:0.53 1000:0.52 2000:0.52 | 12.6s
run39|tanh|0.3|none|0.9|1|51|leak: dead at step 338 shape decaying ratio 2.18e-20 silent 0.00 resting 1.00 active 0.00 move 0.0215 | sent 1:0.62 10:0.4 100:0.03 1000:3.7e-11 2000:1.4e-20 | 17.8s
run39|tanh|0.3|none|0.9|0|51|leak: dead at step 253 shape decaying ratio 0 silent 0.00 resting 1.00 active 0.00 move 0 | sent 1:0.62 10:0.36 100:0.014 1000:1.2e-14 2000:0 | 17.1s
run39|tanh|0.3|kp1|0.5|0|50|leak: cycle period 4 shape decaying ratio 0.0145 silent 0.00 resting 0.19 active 0.01 move 0.818 lock 0.00 static 0.992 pr 2.0 | sent 1:0.63 10:0.06 100:0.0091 1000:0.0091 2000:0.0091 | 9.1s
run39|tanh|0.3|kp1|0.5|1|50|leak: cycle period 4 shape decaying ratio 0.0171 silent 0.00 resting 0.11 active 0.01 move 0.77 lock 0.00 static 0.993 pr 2.1 | sent 1:0.63 10:0.087 100:0.011 1000:0.011 2000:0.011 | 9.5s
run39|tanh|0.3|kp1|0.5|1|51|leak: cycle period 4 shape decaying ratio 0.0223 silent 0.00 resting 0.03 active 0.01 move 0.589 lock 0.00 static 0.992 pr 2.2 | sent 1:0.63 10:0.1 100:0.014 1000:0.014 2000:0.014 | 9.6s
run39|tanh|0.3|kp1|0.5|0|51|leak: cycle period 4 shape decaying ratio 0.0175 silent 0.00 resting 0.06 active 0.01 move 0.666 lock 0.00 static 0.990 pr 2.2 | sent 1:0.63 10:0.071 100:0.011 1000:0.011 2000:0.011 | 9.0s
run39|tanh|0.3|kp1|0.9|0|50|leak: cycle period 4 shape decaying ratio 0.0125 silent 0.00 resting 0.24 active 0.00 move 0.151 lock 0.88 static 1.000 pr 2.0 | sent 1:0.63 10:0.37 100:0.011 1000:0.0078 2000:0.0078 | 8.8s
run39|tanh|0.3|kp1|0.9|0|51|leak: cycle period 4 shape decaying ratio 0.0163 silent 0.00 resting 0.13 active 0.01 move 0.114 lock 0.84 static 1.000 pr 2.1 | sent 1:0.62 10:0.36 100:0.018 1000:0.01 2000:0.01 | 9.0s
run39|tanh|0.3|kp1|0.9|1|51|leak: cycle period 4 shape decaying ratio 0.0211 silent 0.00 resting 0.08 active 0.01 move 0.0977 lock 0.88 static 1.000 pr 2.1 | sent 1:0.62 10:0.4 100:0.033 1000:0.013 2000:0.013 | 9.4s
run39|tanh|0.3|kp1|0.9|1|50|leak: cycle period 4 shape decaying ratio 0.015 silent 0.00 resting 0.16 active 0.00 move 0.138 lock 0.88 static 1.000 pr 2.0 | sent 1:0.63 10:0.4 100:0.02 1000:0.0095 2000:0.0095 | 10.6s
run39|tanh|1.0|none|0.0|0|50|code: alive shape flat ratio 0.981 silent 0.00 resting 0.00 active 0.97 move 1.4 lock 0.00 static 0.003 pr 21.5 | sent 1:0.76 10:0.74 100:0.75 1000:0.75 2000:0.74 | 6.3s
run39|tanh|1.0|none|0.0|0|51|code: alive shape flat ratio 0.987 silent 0.00 resting 0.00 active 0.97 move 1.4 lock 0.00 static 0.003 pr 22.0 | sent 1:0.76 10:0.77 100:0.75 1000:0.76 2000:0.75 | 6.3s
run39|tanh|1.0|none|0.5|0|50|code: alive shape flat ratio 1.16 silent 0.00 resting 0.00 active 0.99 move 0.309 lock 0.00 static 0.031 pr 12.7 | sent 1:0.76 10:0.88 100:0.87 1000:0.89 2000:0.88 | 6.5s
run39|tanh|1.0|none|0.0|1|50|code: alive shape flat ratio 0.849 silent 0.00 resting 0.00 active 0.96 move 1.42 lock 0.00 static 0.002 pr 19.7 | sent 1:0.73 10:0.61 100:0.63 1000:0.64 2000:0.62 | 6.8s
run39|tanh|1.0|none|0.0|1|51|code: alive shape flat ratio 0.876 silent 0.00 resting 0.00 active 0.96 move 1.44 lock 0.00 static 0.002 pr 20.4 | sent 1:0.73 10:0.64 100:0.64 1000:0.64 2000:0.64 | 6.8s
run39|tanh|1.0|none|0.5|1|50|code: alive shape flat ratio 0.868 silent 0.00 resting 0.00 active 0.96 move 0.169 lock 0.00 static 0.054 pr 9.2 | sent 1:0.73 10:0.67 100:0.64 1000:0.64 2000:0.64 | 7.0s
run39|tanh|1.0|none|0.5|1|51|code: alive shape flat ratio 0.863 silent 0.00 resting 0.00 active 0.96 move 0.117 lock 0.00 static 0.046 pr 7.8 | sent 1:0.73 10:0.67 100:0.63 1000:0.64 2000:0.63 | 7.1s
run39|tanh|1.0|none|0.9|1|51|code: alive shape flat ratio 0.863 silent 0.00 resting 0.00 active 0.96 move 0.0182 lock 0.00 static 0.475 pr 2.8 | sent 1:0.73 10:0.73 100:0.63 1000:0.63 2000:0.63 | 7.1s
run39|tanh|1.0|none|0.9|0|50|code: alive shape flat ratio 1.28 silent 0.00 resting 0.00 active 1.00 move 0.0624 lock 0.00 static 0.213 pr 5.6 | sent 1:0.76 10:0.96 100:0.97 1000:0.97 2000:0.97 | 11.9s
run39|tanh|1.0|none|0.9|0|51|code: alive shape flat ratio 1.29 silent 0.00 resting 0.00 active 1.00 move 0.056 lock 0.00 static 0.211 pr 5.2 | sent 1:0.76 10:0.96 100:0.98 1000:0.98 2000:0.98 | 11.9s
run39|tanh|1.0|none|0.5|0|51|code: alive shape flat ratio 1.16 silent 0.00 resting 0.00 active 0.99 move 0.298 lock 0.00 static 0.045 pr 13.3 | sent 1:0.76 10:0.88 100:0.88 1000:0.87 2000:0.88 | 12.0s
run39|tanh|1.0|none|0.9|1|50|code: alive shape flat ratio 0.869 silent 0.00 resting 0.00 active 0.96 move 0.0229 lock 0.00 static 0.588 pr 3.6 | sent 1:0.73 10:0.73 100:0.63 1000:0.63 2000:0.64 | 12.7s
run39|tanh|1.0|kp1|0.0|0|50|code: alive shape flat ratio 0.981 silent 0.00 resting 0.00 active 0.97 move 1.41 lock 0.00 static 0.004 pr 21.7 | sent 1:0.76 10:0.74 100:0.74 1000:0.76 2000:0.74 | 6.5s
run39|tanh|1.0|kp1|0.0|0|51|code: alive shape flat ratio 1 silent 0.00 resting 0.00 active 0.98 move 1.4 lock 0.00 static 0.005 pr 22.1 | sent 1:0.76 10:0.76 100:0.76 1000:0.75 2000:0.76 | 6.5s
run39|tanh|1.0|kp1|0.0|1|50|code: alive shape flat ratio 0.859 silent 0.00 resting 0.00 active 0.96 move 1.44 lock 0.00 static 0.003 pr 20.3 | sent 1:0.73 10:0.62 100:0.62 1000:0.63 2000:0.63 | 6.9s
run39|tanh|1.0|kp1|0.0|1|51|code: alive shape flat ratio 0.863 silent 0.00 resting 0.00 active 0.96 move 1.34 lock 0.00 static 0.019 pr 20.5 | sent 1:0.73 10:0.64 100:0.62 1000:0.62 2000:0.63 | 7.0s
run39|tanh|1.0|none|0.9|0|50|leak: alive shape flat ratio 1.16 silent 0.00 resting 0.00 active 0.97 move 0.0303 lock 0.00 static 0.183 pr 3.7 | sent 1:0.63 10:0.56 100:0.72 1000:0.72 2000:0.73 | 9.2s
run39|tanh|1.0|none|0.9|1|50|leak: alive shape flat ratio 0.996 silent 0.00 resting 0.00 active 0.96 move 0.0196 lock 0.00 static 0.428 pr 2.8 | sent 1:0.63 10:0.59 100:0.62 1000:0.62 2000:0.63 | 9.6s
run39|tanh|1.0|none|0.9|1|51|leak: alive shape flat ratio 1.01 silent 0.00 resting 0.00 active 0.96 move 0.0153 lock 0.00 static 0.643 pr 2.4 | sent 1:0.62 10:0.6 100:0.63 1000:0.63 2000:0.63 | 9.7s
run39|tanh|1.0|none|0.9|0|51|leak: alive shape flat ratio 1.18 silent 0.00 resting 0.00 active 0.97 move 0.0276 lock 0.00 static 0.361 pr 3.5 | sent 1:0.62 10:0.56 100:0.74 1000:0.75 2000:0.73 | 9.3s
run39|tanh|1.0|none|0.5|0|50|leak: alive shape flat ratio 1.07 silent 0.00 resting 0.00 active 0.97 move 0.198 lock 0.00 static 0.150 pr 11.2 | sent 1:0.68 10:0.7 100:0.73 1000:0.73 2000:0.73 | 16.6s
run39|tanh|1.0|none|0.5|0|51|leak: alive shape flat ratio 1.12 silent 0.00 resting 0.00 active 0.97 move 0.191 lock 0.00 static 0.095 pr 10.9 | sent 1:0.68 10:0.73 100:0.74 1000:0.74 2000:0.75 | 16.8s
run39|tanh|1.0|none|0.5|1|50|leak: alive shape flat ratio 0.945 silent 0.00 resting 0.00 active 0.96 move 0.172 lock 0.00 static 0.085 pr 8.3 | sent 1:0.67 10:0.65 100:0.62 1000:0.63 2000:0.63 | 17.3s
run39|tanh|1.0|none|0.5|1|51|leak: alive shape flat ratio 0.936 silent 0.00 resting 0.00 active 0.96 move 0.117 lock 0.00 static 0.058 pr 7.3 | sent 1:0.67 10:0.65 100:0.64 1000:0.64 2000:0.62 | 17.5s
run39|tanh|1.0|kp1|0.9|0|50|code: alive shape flat ratio 1.29 silent 0.00 resting 0.00 active 1.00 move 0.0616 lock 0.00 static 0.132 pr 5.2 | sent 1:0.76 10:0.96 100:0.98 1000:0.98 2000:0.98 | 6.8s
run39|tanh|1.0|kp1|0.9|0|51|code: alive shape flat ratio 1.29 silent 0.00 resting 0.00 active 1.00 move 0.0607 lock 0.00 static 0.199 pr 5.4 | sent 1:0.76 10:0.96 100:0.98 1000:0.97 2000:0.98 | 6.9s
run39|tanh|1.0|kp1|0.9|1|50|code: alive shape flat ratio 0.863 silent 0.00 resting 0.00 active 0.96 move 0.0278 lock 0.00 static 0.460 pr 4.0 | sent 1:0.73 10:0.73 100:0.63 1000:0.63 2000:0.63 | 7.3s
run39|tanh|1.0|kp1|0.9|1|51|code: alive shape flat ratio 0.865 silent 0.00 resting 0.00 active 0.96 move 0.0208 lock 0.00 static 0.298 pr 2.9 | sent 1:0.73 10:0.73 100:0.64 1000:0.63 2000:0.63 | 7.4s
run39|tanh|1.0|kp1|0.5|0|50|code: alive shape flat ratio 1.16 silent 0.00 resting 0.00 active 0.99 move 0.292 lock 0.00 static 0.040 pr 13.4 | sent 1:0.76 10:0.88 100:0.88 1000:0.88 2000:0.88 | 11.3s
run39|tanh|1.0|kp1|0.5|1|50|code: alive shape flat ratio 0.883 silent 0.00 resting 0.00 active 0.96 move 0.17 lock 0.00 static 0.031 pr 9.1 | sent 1:0.73 10:0.66 100:0.62 1000:0.63 2000:0.65 | 11.5s
run39|tanh|1.0|kp1|0.5|0|51|code: alive shape flat ratio 1.17 silent 0.00 resting 0.00 active 0.99 move 0.303 lock 0.00 static 0.031 pr 13.4 | sent 1:0.76 10:0.88 100:0.87 1000:0.89 2000:0.89 | 11.4s
run39|tanh|1.0|kp1|0.5|1|51|code: alive shape flat ratio 0.86 silent 0.00 resting 0.00 active 0.96 move 0.135 lock 0.00 static 0.056 pr 7.5 | sent 1:0.73 10:0.67 100:0.62 1000:0.63 2000:0.63 | 12.1s
run39|tanh|1.0|kp1|0.5|0|50|leak: alive shape flat ratio 1.06 silent 0.00 resting 0.00 active 0.97 move 0.222 lock 0.00 static 0.024 pr 11.2 | sent 1:0.68 10:0.69 100:0.73 1000:0.75 2000:0.72 | 9.7s
run39|tanh|1.0|kp1|0.5|1|50|leak: alive shape flat ratio 0.934 silent 0.00 resting 0.00 active 0.96 move 0.162 lock 0.00 static 0.027 pr 8.7 | sent 1:0.67 10:0.64 100:0.62 1000:0.63 2000:0.62 | 10.2s
run39|tanh|1.0|kp1|0.5|0|51|leak: alive shape flat ratio 1.11 silent 0.00 resting 0.00 active 0.97 move 0.199 lock 0.00 static 0.141 pr 10.9 | sent 1:0.68 10:0.73 100:0.75 1000:0.75 2000:0.75 | 9.8s
run39|tanh|1.0|kp1|0.9|1|50|leak: alive shape flat ratio 1.01 silent 0.00 resting 0.00 active 0.96 move 0.0283 lock 0.00 static 0.329 pr 3.4 | sent 1:0.63 10:0.59 100:0.62 1000:0.63 2000:0.63 | 11.8s
run39|tanh|1.0|kp1|0.9|0|51|leak: alive shape flat ratio 1.19 silent 0.00 resting 0.00 active 0.97 move 0.0297 lock 0.00 static 0.421 pr 4.2 | sent 1:0.63 10:0.56 100:0.74 1000:0.76 2000:0.75 | 11.1s
run39|tanh|1.0|kp1|0.9|1|51|leak: alive shape flat ratio 1.01 silent 0.00 resting 0.00 active 0.96 move 0.00942 lock 0.00 static 0.754 pr 2.6 | sent 1:0.63 10:0.59 100:0.63 1000:0.63 2000:0.63 | 12.3s
run39|tanh|1.0|kp1|0.5|1|51|leak: alive shape flat ratio 0.945 silent 0.00 resting 0.00 active 0.96 move 0.143 lock 0.00 static 0.045 pr 5.9 | sent 1:0.67 10:0.65 100:0.64 1000:0.63 2000:0.63 | 13.3s
run39|tanh|2.0|none|0.5|1|51|code: alive shape flat ratio 0.775 silent 0.00 resting 0.00 active 0.96 move 0.15 lock 0.00 static 0.071 pr 7.9 | sent 1:0.8 10:0.68 100:0.63 1000:0.64 2000:0.62 | 7.1s
run39|tanh|2.0|none|0.5|0|50|code: alive shape flat ratio 1.09 silent 0.00 resting 0.00 active 0.99 move 0.368 lock 0.00 static 0.039 pr 14.1 | sent 1:0.86 10:0.94 100:0.93 1000:0.94 2000:0.94 | 6.6s
run39|tanh|2.0|none|0.0|1|50|code: alive shape flat ratio 0.777 silent 0.00 resting 0.00 active 0.96 move 1.37 lock 0.00 static 0.003 pr 20.2 | sent 1:0.81 10:0.64 100:0.63 1000:0.63 2000:0.63 | 11.0s
run39|tanh|2.0|none|0.0|0|50|code: alive shape flat ratio 1.05 silent 0.00 resting 0.00 active 0.99 move 1.41 lock 0.00 static 0.003 pr 22.5 | sent 1:0.86 10:0.88 100:0.89 1000:0.89 2000:0.9 | 11.5s
run39|tanh|2.0|none|0.9|0|50|code: alive shape flat ratio 1.15 silent 0.00 resting 0.00 active 1.00 move 0.0603 lock 0.00 static 0.215 pr 5.3 | sent 1:0.86 10:0.98 100:0.99 1000:0.99 2000:0.99 | 6.7s
run39|tanh|2.0|none|0.0|0|51|code: alive shape flat ratio 1.05 silent 0.00 resting 0.00 active 0.99 move 1.42 lock 0.00 static 0.003 pr 22.9 | sent 1:0.85 10:0.89 100:0.89 1000:0.89 2000:0.89 | 11.7s
run39|tanh|2.0|none|0.9|1|50|code: alive shape flat ratio 0.787 silent 0.00 resting 0.00 active 0.96 move 0.0193 lock 0.00 static 0.291 pr 2.3 | sent 1:0.81 10:0.73 100:0.63 1000:0.63 2000:0.64 | 7.1s
run39|tanh|1.0|kp1|0.9|0|50|leak: alive shape flat ratio 1.14 silent 0.00 resting 0.00 active 0.97 move 0.0349 lock 0.00 static 0.383 pr 4.1 | sent 1:0.63 10:0.56 100:0.72 1000:0.74 2000:0.72 | 16.0s
run39|tanh|2.0|none|0.9|1|51|code: alive shape flat ratio 0.783 silent 0.00 resting 0.00 active 0.96 move 0.0166 lock 0.00 static 0.585 pr 2.9 | sent 1:0.8 10:0.73 100:0.63 1000:0.64 2000:0.63 | 7.2s
run39|tanh|2.0|none|0.0|1|51|code: alive shape flat ratio 0.785 silent 0.00 resting 0.00 active 0.96 move 1.42 lock 0.00 static 0.002 pr 20.4 | sent 1:0.8 10:0.63 100:0.62 1000:0.64 2000:0.63 | 12.5s
run39|tanh|2.0|none|0.9|0|51|code: alive shape flat ratio 1.16 silent 0.00 resting 0.00 active 1.00 move 0.0613 lock 0.00 static 0.207 pr 5.8 | sent 1:0.85 10:0.98 100:0.99 1000:0.99 2000:0.99 | 6.7s
run39|tanh|2.0|none|0.5|0|51|code: alive shape flat ratio 1.11 silent 0.00 resting 0.00 active 0.99 move 0.368 lock 0.00 static 0.036 pr 15.1 | sent 1:0.85 10:0.94 100:0.94 1000:0.94 2000:0.95 | 11.9s
run39|tanh|2.0|none|0.5|1|50|code: alive shape flat ratio 0.788 silent 0.00 resting 0.00 active 0.96 move 0.178 lock 0.00 static 0.026 pr 8.3 | sent 1:0.81 10:0.67 100:0.63 1000:0.63 2000:0.64 | 12.9s
run39|tanh|2.0|none|0.5|1|50|leak: alive shape flat ratio 0.868 silent 0.00 resting 0.00 active 0.96 move 0.169 lock 0.00 static 0.054 pr 9.2 | sent 1:0.73 10:0.67 100:0.64 1000:0.64 2000:0.64 | 9.7s
run39|tanh|2.0|none|0.5|1|51|leak: alive shape flat ratio 0.863 silent 0.00 resting 0.00 active 0.96 move 0.117 lock 0.00 static 0.046 pr 7.8 | sent 1:0.73 10:0.67 100:0.63 1000:0.64 2000:0.63 | 9.8s
run39|tanh|2.0|none|0.5|0|51|leak: alive shape flat ratio 1.16 silent 0.00 resting 0.00 active 0.99 move 0.298 lock 0.00 static 0.045 pr 13.3 | sent 1:0.76 10:0.88 100:0.88 1000:0.87 2000:0.88 | 9.3s
run39|tanh|2.0|kp1|0.0|1|51|code: alive shape flat ratio 0.784 silent 0.00 resting 0.00 active 0.96 move 1.4 lock 0.00 static 0.010 pr 20.7 | sent 1:0.8 10:0.63 100:0.61 1000:0.62 2000:0.63 | 7.2s
run39|tanh|2.0|none|0.9|1|50|leak: alive shape flat ratio 0.989 silent 0.00 resting 0.00 active 0.96 move 0.0222 lock 0.00 static 0.281 pr 3.2 | sent 1:0.64 10:0.68 100:0.63 1000:0.63 2000:0.63 | 9.6s
run39|tanh|2.0|kp1|0.5|1|50|code: alive shape flat ratio 0.775 silent 0.00 resting 0.00 active 0.96 move 0.132 lock 0.00 static 0.068 pr 8.3 | sent 1:0.81 10:0.66 100:0.63 1000:0.62 2000:0.63 | 7.4s
run39|tanh|2.0|none|0.9|0|51|leak: alive shape flat ratio 1.41 silent 0.00 resting 0.00 active 0.99 move 0.0455 lock 0.00 static 0.324 pr 4.9 | sent 1:0.63 10:0.77 100:0.88 1000:0.88 2000:0.89 | 9.4s
run39|tanh|2.0|kp1|0.5|1|51|code: alive shape flat ratio 0.772 silent 0.00 resting 0.00 active 0.96 move 0.161 lock 0.00 static 0.126 pr 8.4 | sent 1:0.8 10:0.67 100:0.63 1000:0.64 2000:0.62 | 7.5s
run39|tanh|2.0|kp1|0.0|0|50|code: alive shape flat ratio 1.02 silent 0.00 resting 0.00 active 0.99 move 1.41 lock 0.00 static 0.004 pr 22.5 | sent 1:0.86 10:0.88 100:0.89 1000:0.89 2000:0.88 | 12.2s
run39|tanh|2.0|kp1|0.0|0|51|code: alive shape flat ratio 1.04 silent 0.00 resting 0.00 active 0.99 move 1.42 lock 0.00 static 0.004 pr 22.9 | sent 1:0.86 10:0.91 100:0.89 1000:0.89 2000:0.89 | 12.3s
run39|tanh|2.0|kp1|0.9|1|50|code: alive shape flat ratio 0.785 silent 0.00 resting 0.00 active 0.96 move 0.0246 lock 0.00 static 0.334 pr 3.5 | sent 1:0.81 10:0.73 100:0.63 1000:0.63 2000:0.63 | 7.5s
run39|tanh|2.0|kp1|0.0|1|50|code: alive shape flat ratio 0.782 silent 0.00 resting 0.00 active 0.96 move 1.44 lock 0.00 static 0.009 pr 19.7 | sent 1:0.81 10:0.64 100:0.63 1000:0.62 2000:0.63 | 13.2s
run39|tanh|2.0|kp1|0.9|1|51|code: alive shape flat ratio 0.789 silent 0.00 resting 0.00 active 0.96 move 0.0178 lock 0.00 static 0.493 pr 2.7 | sent 1:0.8 10:0.73 100:0.63 1000:0.63 2000:0.63 | 7.6s
run39|tanh|2.0|none|0.5|0|50|leak: alive shape flat ratio 1.16 silent 0.00 resting 0.00 active 0.99 move 0.309 lock 0.00 static 0.031 pr 12.7 | sent 1:0.76 10:0.88 100:0.87 1000:0.89 2000:0.88 | 17.3s
run39|tanh|2.0|kp1|0.9|0|50|code: alive shape flat ratio 1.16 silent 0.00 resting 0.00 active 1.00 move 0.0612 lock 0.00 static 0.202 pr 5.3 | sent 1:0.86 10:0.98 100:0.99 1000:0.99 2000:0.99 | 7.1s
run39|tanh|2.0|kp1|0.9|0|51|code: alive shape flat ratio 1.16 silent 0.00 resting 0.00 active 1.00 move 0.0574 lock 0.00 static 0.260 pr 5.2 | sent 1:0.86 10:0.98 100:0.99 1000:0.99 2000:0.99 | 7.2s
run39|tanh|2.0|kp1|0.5|0|50|code: alive shape flat ratio 1.1 silent 0.00 resting 0.00 active 0.99 move 0.363 lock 0.00 static 0.027 pr 14.6 | sent 1:0.86 10:0.94 100:0.94 1000:0.94 2000:0.94 | 13.3s
run39|tanh|2.0|kp1|0.5|0|51|code: alive shape flat ratio 1.11 silent 0.00 resting 0.00 active 0.99 move 0.36 lock 0.00 static 0.050 pr 14.4 | sent 1:0.86 10:0.95 100:0.94 1000:0.94 2000:0.95 | 13.2s
run39|tanh|2.0|none|0.9|1|51|leak: alive shape flat ratio 0.995 silent 0.00 resting 0.00 active 0.96 move 0.0221 lock 0.00 static 0.493 pr 3.4 | sent 1:0.63 10:0.69 100:0.64 1000:0.63 2000:0.63 | 18.2s
run39|tanh|2.0|none|0.9|0|50|leak: alive shape flat ratio 1.37 silent 0.00 resting 0.00 active 0.99 move 0.0416 lock 0.00 static 0.216 pr 4.5 | sent 1:0.64 10:0.74 100:0.87 1000:0.88 2000:0.87 | 17.4s
run39|tanh|2.0|kp1|0.5|1|50|leak: alive shape flat ratio 0.86 silent 0.00 resting 0.00 active 0.96 move 0.16 lock 0.00 static 0.028 pr 9.1 | sent 1:0.73 10:0.66 100:0.64 1000:0.63 2000:0.63 | 9.9s
run39|tanh|2.0|kp1|0.5|1|51|leak: alive shape flat ratio 0.841 silent 0.00 resting 0.00 active 0.96 move 0.122 lock 0.00 static 0.085 pr 7.4 | sent 1:0.73 10:0.67 100:0.62 1000:0.64 2000:0.62 | 10.0s
run39|tanh|2.0|kp1|0.5|0|50|leak: alive shape flat ratio 1.15 silent 0.00 resting 0.00 active 0.99 move 0.314 lock 0.00 static 0.031 pr 13.6 | sent 1:0.76 10:0.88 100:0.88 1000:0.88 2000:0.87 | 9.5s
run39|tanh|2.0|kp1|0.5|0|51|leak: alive shape flat ratio 1.16 silent 0.00 resting 0.00 active 0.99 move 0.304 lock 0.00 static 0.072 pr 13.7 | sent 1:0.76 10:0.87 100:0.88 1000:0.88 2000:0.89 | 10.0s
run39|tanh|4.0|none|0.0|1|50|code: alive shape flat ratio 0.738 silent 0.00 resting 0.00 active 0.96 move 1.46 lock 0.00 static 0.006 pr 20.1 | sent 1:0.86 10:0.63 100:0.62 1000:0.63 2000:0.64 | 7.2s
run39|tanh|4.0|none|0.0|0|50|code: alive shape flat ratio 1.02 silent 0.00 resting 0.00 active 0.99 move 1.42 lock 0.00 static 0.004 pr 22.7 | sent 1:0.93 10:0.95 100:0.95 1000:0.94 2000:0.95 | 6.7s
run39|tanh|4.0|none|0.0|0|51|code: alive shape flat ratio 1.03 silent 0.00 resting 0.00 active 1.00 move 1.42 lock 0.00 static 0.004 pr 23.1 | sent 1:0.93 10:0.95 100:0.95 1000:0.95 2000:0.95 | 6.8s
run39|tanh|2.0|kp1|0.9|0|50|leak: alive shape flat ratio 1.37 silent 0.00 resting 0.00 active 0.99 move 0.0484 lock 0.00 static 0.207 pr 4.8 | sent 1:0.64 10:0.75 100:0.88 1000:0.88 2000:0.88 | 9.5s
run39|tanh|4.0|none|0.9|1|50|code: alive shape flat ratio 0.735 silent 0.00 resting 0.00 active 0.96 move 0.021 lock 0.00 static 0.534 pr 3.5 | sent 1:0.86 10:0.73 100:0.63 1000:0.63 2000:0.63 | 7.4s
run39|tanh|2.0|kp1|0.9|1|50|leak: alive shape flat ratio 0.986 silent 0.00 resting 0.00 active 0.96 move 0.0195 lock 0.00 static 0.427 pr 2.8 | sent 1:0.64 10:0.68 100:0.63 1000:0.64 2000:0.63 | 13.0s
run39|tanh|4.0|none|0.9|1|51|code: alive shape flat ratio 0.74 silent 0.00 resting 0.00 active 0.96 move 0.0188 lock 0.00 static 0.404 pr 2.9 | sent 1:0.86 10:0.73 100:0.63 1000:0.63 2000:0.63 | 7.5s
run39|tanh|4.0|none|0.9|0|50|code: alive shape flat ratio 1.07 silent 0.00 resting 0.00 active 1.00 move 0.0649 lock 0.00 static 0.223 pr 5.5 | sent 1:0.93 10:0.99 100:0.99 1000:0.99 2000:0.99 | 7.0s
run39|tanh|4.0|none|0.0|1|51|code: alive shape flat ratio 0.75 silent 0.00 resting 0.00 active 0.96 move 1.33 lock 0.00 static 0.006 pr 19.9 | sent 1:0.86 10:0.64 100:0.63 1000:0.63 2000:0.64 | 13.2s
run39|tanh|4.0|none|0.5|0|50|code: alive shape flat ratio 1.05 silent 0.00 resting 0.00 active 1.00 move 0.408 lock 0.00 static 0.024 pr 14.7 | sent 1:0.93 10:0.97 100:0.97 1000:0.98 2000:0.97 | 12.7s
run39|tanh|4.0|none|0.5|0|51|code: alive shape flat ratio 1.05 silent 0.00 resting 0.00 active 1.00 move 0.413 lock 0.00 static 0.036 pr 15.5 | sent 1:0.93 10:0.97 100:0.97 1000:0.97 2000:0.97 | 13.0s
run39|tanh|4.0|none|0.5|1|51|code: alive shape flat ratio 0.726 silent 0.00 resting 0.00 active 0.96 move 0.161 lock 0.00 static 0.124 pr 8.6 | sent 1:0.86 10:0.68 100:0.62 1000:0.64 2000:0.62 | 13.6s
run39|tanh|4.0|none|0.5|1|50|code: alive shape flat ratio 0.73 silent 0.00 resting 0.00 active 0.96 move 0.176 lock 0.00 static 0.040 pr 9.9 | sent 1:0.86 10:0.66 100:0.63 1000:0.64 2000:0.63 | 13.7s
run39|tanh|4.0|none|0.5|1|50|leak: alive shape flat ratio 0.788 silent 0.00 resting 0.00 active 0.96 move 0.178 lock 0.00 static 0.026 pr 8.3 | sent 1:0.81 10:0.67 100:0.63 1000:0.63 2000:0.64 | 9.9s
run39|tanh|4.0|none|0.5|1|51|leak: alive shape flat ratio 0.775 silent 0.00 resting 0.00 active 0.96 move 0.15 lock 0.00 static 0.071 pr 7.9 | sent 1:0.8 10:0.68 100:0.63 1000:0.64 2000:0.62 | 9.9s
run39|tanh|4.0|none|0.5|0|50|leak: alive shape flat ratio 1.09 silent 0.00 resting 0.00 active 0.99 move 0.368 lock 0.00 static 0.039 pr 14.1 | sent 1:0.86 10:0.94 100:0.93 1000:0.94 2000:0.94 | 9.4s
run39|tanh|2.0|kp1|0.9|1|51|leak: alive shape flat ratio 0.981 silent 0.00 resting 0.00 active 0.96 move 0.0159 lock 0.04 static 0.790 pr 2.9 | sent 1:0.64 10:0.69 100:0.63 1000:0.63 2000:0.63 | 18.5s
run39|tanh|2.0|kp1|0.9|0|51|leak: alive shape flat ratio 1.38 silent 0.00 resting 0.00 active 0.99 move 0.0433 lock 0.00 static 0.277 pr 5.2 | sent 1:0.64 10:0.76 100:0.88 1000:0.88 2000:0.88 | 18.0s
run39|tanh|4.0|none|0.5|0|51|leak: alive shape flat ratio 1.11 silent 0.00 resting 0.00 active 0.99 move 0.368 lock 0.00 static 0.036 pr 15.1 | sent 1:0.85 10:0.94 100:0.94 1000:0.94 2000:0.95 | 9.6s
run39|tanh|4.0|none|0.9|0|51|code: alive shape flat ratio 1.08 silent 0.00 resting 0.00 active 1.00 move 0.0607 lock 0.00 static 0.201 pr 5.0 | sent 1:0.93 10:0.99 100:1 1000:0.99 2000:1 | 13.2s
run39|tanh|4.0|none|0.9|1|50|leak: alive shape flat ratio 0.966 silent 0.00 resting 0.00 active 0.96 move 0.012 lock 0.04 static 0.748 pr 2.7 | sent 1:0.66 10:0.71 100:0.63 1000:0.63 2000:0.63 | 9.9s
run39|tanh|4.0|none|0.9|0|50|leak: alive shape flat ratio 1.43 silent 0.00 resting 0.00 active 0.99 move 0.0524 lock 0.00 static 0.230 pr 5.0 | sent 1:0.66 10:0.88 100:0.94 1000:0.94 2000:0.95 | 9.5s
run39|tanh|4.0|none|0.9|1|51|leak: alive shape flat ratio 0.971 silent 0.00 resting 0.00 active 0.96 move 0.0214 lock 0.00 static 0.283 pr 3.0 | sent 1:0.65 10:0.72 100:0.64 1000:0.64 2000:0.63 | 10.0s
run39|tanh|4.0|none|0.9|0|51|leak: alive shape flat ratio 1.44 silent 0.00 resting 0.00 active 0.99 move 0.0561 lock 0.00 static 0.202 pr 5.4 | sent 1:0.66 10:0.89 100:0.94 1000:0.94 2000:0.95 | 9.5s
run39|tanh|4.0|kp1|0.5|0|50|code: alive shape flat ratio 1.05 silent 0.00 resting 0.00 active 1.00 move 0.402 lock 0.00 static 0.027 pr 14.9 | sent 1:0.93 10:0.97 100:0.97 1000:0.98 2000:0.98 | 7.1s
run39|tanh|4.0|kp1|0.5|0|51|code: alive shape flat ratio 1.05 silent 0.00 resting 0.00 active 1.00 move 0.399 lock 0.00 static 0.034 pr 14.7 | sent 1:0.93 10:0.97 100:0.97 1000:0.98 2000:0.97 | 7.2s
run39|tanh|4.0|kp1|0.5|1|51|code: alive shape flat ratio 0.745 silent 0.00 resting 0.00 active 0.96 move 0.124 lock 0.00 static 0.120 pr 9.2 | sent 1:0.86 10:0.67 100:0.63 1000:0.63 2000:0.64 | 7.7s
run39|tanh|4.0|kp1|0.9|0|50|code: alive shape flat ratio 1.07 silent 0.00 resting 0.00 active 1.00 move 0.0656 lock 0.00 static 0.208 pr 5.7 | sent 1:0.93 10:0.99 100:0.99 1000:0.99 2000:0.99 | 7.2s
run39|tanh|4.0|kp1|0.0|1|50|code: alive shape flat ratio 0.74 silent 0.00 resting 0.00 active 0.96 move 1.47 lock 0.00 static 0.003 pr 20.1 | sent 1:0.86 10:0.63 100:0.63 1000:0.63 2000:0.64 | 13.4s
run39|tanh|4.0|kp1|0.0|0|50|code: alive shape flat ratio 1.02 silent 0.00 resting 0.00 active 0.99 move 1.42 lock 0.00 static 0.003 pr 22.7 | sent 1:0.93 10:0.95 100:0.95 1000:0.95 2000:0.95 | 12.7s
run39|tanh|4.0|kp1|0.0|0|51|code: alive shape flat ratio 1.02 silent 0.00 resting 0.00 active 0.99 move 1.43 lock 0.00 static 0.004 pr 23.1 | sent 1:0.93 10:0.95 100:0.95 1000:0.95 2000:0.95 | 12.7s
run39|tanh|4.0|kp1|0.0|1|51|code: alive shape flat ratio 0.729 silent 0.00 resting 0.00 active 0.96 move 1.41 lock 0.00 static 0.011 pr 20.8 | sent 1:0.86 10:0.63 100:0.63 1000:0.63 2000:0.63 | 13.6s
run39|tanh|4.0|kp1|0.5|1|50|code: alive shape flat ratio 0.733 silent 0.00 resting 0.00 active 0.96 move 0.168 lock 0.00 static 0.192 pr 8.9 | sent 1:0.86 10:0.67 100:0.63 1000:0.63 2000:0.63 | 14.2s
run39|tanh|4.0|kp1|0.5|1|50|leak: alive shape flat ratio 0.772 silent 0.00 resting 0.00 active 0.96 move 0.166 lock 0.00 static 0.077 pr 10.1 | sent 1:0.81 10:0.66 100:0.63 1000:0.64 2000:0.62 | 10.0s
run39|tanh|4.0|kp1|0.5|0|51|leak: alive shape flat ratio 1.1 silent 0.00 resting 0.00 active 0.99 move 0.36 lock 0.00 static 0.032 pr 14.8 | sent 1:0.86 10:0.94 100:0.94 1000:0.94 2000:0.94 | 9.6s
run39|tanh|4.0|kp1|0.9|1|50|code: alive shape flat ratio 0.73 silent 0.00 resting 0.00 active 0.96 move 0.0326 lock 0.00 static 0.189 pr 3.6 | sent 1:0.86 10:0.73 100:0.64 1000:0.63 2000:0.63 | 13.9s
run39|tanh|4.0|kp1|0.5|1|51|leak: alive shape flat ratio 0.778 silent 0.00 resting 0.00 active 0.96 move 0.14 lock 0.00 static 0.063 pr 4.8 | sent 1:0.81 10:0.67 100:0.63 1000:0.62 2000:0.63 | 10.0s
run39|tanh|4.0|kp1|0.9|1|51|code: alive shape flat ratio 0.734 silent 0.00 resting 0.00 active 0.96 move 0.0222 lock 0.00 static 0.344 pr 3.5 | sent 1:0.86 10:0.73 100:0.63 1000:0.63 2000:0.63 | 14.0s
run39|tanh|4.0|kp1|0.9|0|51|code: alive shape flat ratio 1.07 silent 0.00 resting 0.00 active 1.00 move 0.0636 lock 0.00 static 0.240 pr 5.7 | sent 1:0.93 10:0.99 100:0.99 1000:0.99 2000:1 | 13.5s
run39|tanh|4.0|kp1|0.5|0|50|leak: alive shape flat ratio 1.1 silent 0.00 resting 0.00 active 0.99 move 0.365 lock 0.00 static 0.044 pr 14.5 | sent 1:0.86 10:0.94 100:0.94 1000:0.94 2000:0.94 | 11.5s
run39|tanh|4.0|kp1|0.9|1|50|leak: alive shape flat ratio 0.961 silent 0.00 resting 0.00 active 0.96 move 0.0273 lock 0.00 static 0.335 pr 3.9 | sent 1:0.66 10:0.71 100:0.63 1000:0.63 2000:0.64 | 9.9s
run39|tanh|4.0|kp1|0.9|0|50|leak: alive shape flat ratio 1.4 silent 0.00 resting 0.00 active 0.99 move 0.054 lock 0.00 static 0.197 pr 5.4 | sent 1:0.67 10:0.88 100:0.94 1000:0.94 2000:0.94 | 9.6s
run39|tanh|4.0|kp1|0.9|1|51|leak: alive shape flat ratio 0.961 silent 0.00 resting 0.00 active 0.96 move 0.0244 lock 0.00 static 0.306 pr 2.6 | sent 1:0.66 10:0.71 100:0.63 1000:0.64 2000:0.64 | 10.1s
run39|tanh|4.0|kp1|0.9|0|51|leak: alive shape flat ratio 1.4 silent 0.00 resting 0.00 active 0.99 move 0.0503 lock 0.00 static 0.205 pr 5.0 | sent 1:0.68 10:0.89 100:0.95 1000:0.94 2000:0.94 | 9.6s
run39|tanh|16.0|none|0.0|0|50|code: alive shape flat ratio 1.01 silent 0.00 resting 0.00 active 1.00 move 1.42 lock 0.00 static 0.004 pr 22.8 | sent 1:0.98 10:0.99 100:0.99 1000:0.99 2000:0.99 | 9.2s
run39|tanh|16.0|none|0.5|0|50|code: alive shape flat ratio 1.01 silent 0.00 resting 0.00 active 1.00 move 0.426 lock 0.00 static 0.020 pr 14.9 | sent 1:0.98 10:0.99 100:0.99 1000:0.99 2000:0.99 | 7.0s
run39|tanh|16.0|none|0.5|1|51|code: alive shape flat ratio 0.694 silent 0.00 resting 0.00 active 0.96 move 0.139 lock 0.00 static 0.069 pr 8.9 | sent 1:0.9 10:0.68 100:0.63 1000:0.62 2000:0.63 | 7.5s
run39|tanh|16.0|none|0.9|1|50|code: alive shape flat ratio 0.697 silent 0.00 resting 0.00 active 0.96 move 0.019 lock 0.00 static 0.448 pr 2.6 | sent 1:0.91 10:0.73 100:0.63 1000:0.62 2000:0.63 | 7.5s
run39|tanh|16.0|none|0.0|1|50|code: alive shape flat ratio 0.705 silent 0.00 resting 0.00 active 0.96 move 1.41 lock 0.00 static 0.003 pr 20.6 | sent 1:0.91 10:0.63 100:0.64 1000:0.63 2000:0.64 | 13.4s
run39|tanh|16.0|none|0.0|0|51|code: alive shape flat ratio 1 silent 0.00 resting 0.00 active 1.00 move 1.42 lock 0.00 static 0.004 pr 23.3 | sent 1:0.98 10:0.99 100:0.99 1000:0.99 2000:0.99 | 12.6s
run39|tanh|16.0|none|0.0|1|51|code: alive shape flat ratio 0.697 silent 0.00 resting 0.00 active 0.96 move 1.43 lock 0.00 static 0.003 pr 20.0 | sent 1:0.9 10:0.64 100:0.63 1000:0.63 2000:0.63 | 13.5s
run39|tanh|16.0|none|0.5|0|50|leak: alive shape flat ratio 1.02 silent 0.00 resting 0.00 active 1.00 move 0.434 lock 0.00 static 0.052 pr 15.7 | sent 1:0.96 10:0.98 100:0.98 1000:0.99 2000:0.98 | 9.5s
run39|tanh|16.0|none|0.5|1|50|leak: alive shape flat ratio 0.708 silent 0.00 resting 0.00 active 0.96 move 0.173 lock 0.00 static 0.026 pr 6.5 | sent 1:0.89 10:0.67 100:0.64 1000:0.62 2000:0.63 | 9.9s
run39|tanh|16.0|none|0.5|0|51|code: alive shape flat ratio 1.01 silent 0.00 resting 0.00 active 1.00 move 0.423 lock 0.00 static 0.028 pr 14.9 | sent 1:0.98 10:0.99 100:0.99 1000:0.99 2000:0.99 | 13.0s
run39|tanh|16.0|none|0.5|1|50|code: alive shape flat ratio 0.698 silent 0.00 resting 0.00 active 0.96 move 0.17 lock 0.00 static 0.016 pr 6.3 | sent 1:0.91 10:0.67 100:0.64 1000:0.63 2000:0.63 | 13.7s
run39|tanh|16.0|none|0.5|1|51|leak: alive shape flat ratio 0.709 silent 0.00 resting 0.00 active 0.96 move 0.123 lock 0.00 static 0.049 pr 7.0 | sent 1:0.89 10:0.68 100:0.63 1000:0.63 2000:0.63 | 10.0s
run39|tanh|16.0|none|0.5|0|51|leak: alive shape flat ratio 1.02 silent 0.00 resting 0.00 active 1.00 move 0.413 lock 0.00 static 0.031 pr 14.9 | sent 1:0.96 10:0.99 100:0.98 1000:0.99 2000:0.98 | 9.6s
run39|tanh|16.0|none|0.9|1|51|code: alive shape flat ratio 0.705 silent 0.00 resting 0.00 active 0.96 move 0.0164 lock 0.00 static 0.575 pr 2.4 | sent 1:0.9 10:0.73 100:0.63 1000:0.63 2000:0.64 | 13.9s
run39|tanh|16.0|none|0.9|0|50|code: alive shape flat ratio 1.02 silent 0.00 resting 0.00 active 1.00 move 0.0623 lock 0.00 static 0.299 pr 5.8 | sent 1:0.98 10:1 100:1 1000:1 2000:1 | 13.1s
run39|tanh|16.0|none|0.9|0|51|code: alive shape flat ratio 1.02 silent 0.00 resting 0.00 active 1.00 move 0.0655 lock 0.00 static 0.307 pr 6.0 | sent 1:0.98 10:1 100:1 1000:1 2000:1 | 13.1s
run39|tanh|16.0|none|0.9|0|50|leak: alive shape flat ratio 1.19 silent 0.00 resting 0.00 active 1.00 move 0.0603 lock 0.00 static 0.253 pr 5.4 | sent 1:0.83 10:0.98 100:0.98 1000:0.99 2000:0.99 | 9.5s
run39|tanh|16.0|none|0.9|1|51|leak: alive shape flat ratio 0.811 silent 0.00 resting 0.00 active 0.96 move 0.0183 lock 0.00 static 0.571 pr 2.8 | sent 1:0.78 10:0.73 100:0.63 1000:0.63 2000:0.63 | 10.0s
run39|tanh|16.0|none|0.9|1|50|leak: alive shape flat ratio 0.804 silent 0.00 resting 0.00 active 0.96 move 0.0216 lock 0.00 static 0.631 pr 3.9 | sent 1:0.79 10:0.74 100:0.63 1000:0.63 2000:0.63 | 10.0s
run39|tanh|16.0|none|0.9|0|51|leak: alive shape flat ratio 1.2 silent 0.00 resting 0.00 active 1.00 move 0.0623 lock 0.00 static 0.212 pr 5.4 | sent 1:0.82 10:0.97 100:0.98 1000:0.99 2000:0.99 | 9.6s
run39|tanh|16.0|kp1|0.0|1|50|code: alive shape flat ratio 0.692 silent 0.00 resting 0.00 active 0.96 move 1.37 lock 0.00 static 0.004 pr 20.5 | sent 1:0.91 10:0.63 100:0.63 1000:0.64 2000:0.63 | 10.3s
run39|tanh|16.0|kp1|0.5|0|51|code: alive shape flat ratio 1.01 silent 0.00 resting 0.00 active 1.00 move 0.427 lock 0.00 static 0.023 pr 15.3 | sent 1:0.98 10:0.99 100:0.99 1000:0.99 2000:0.99 | 7.3s
run39|tanh|16.0|kp1|0.5|1|50|code: alive shape flat ratio 0.692 silent 0.00 resting 0.00 active 0.96 move 0.164 lock 0.00 static 0.067 pr 8.9 | sent 1:0.91 10:0.67 100:0.64 1000:0.64 2000:0.63 | 7.6s
run39|tanh|16.0|kp1|0.9|1|50|code: alive shape flat ratio 0.701 silent 0.00 resting 0.00 active 0.96 move 0.029 lock 0.00 static 0.272 pr 3.3 | sent 1:0.91 10:0.73 100:0.64 1000:0.63 2000:0.63 | 7.6s
run39|tanh|16.0|kp1|0.0|0|50|code: alive shape flat ratio 1.01 silent 0.00 resting 0.00 active 1.00 move 1.42 lock 0.00 static 0.004 pr 22.8 | sent 1:0.98 10:0.99 100:0.99 1000:0.99 2000:0.99 | 12.6s
run39|tanh|16.0|kp1|0.0|1|51|code: alive shape flat ratio 0.684 silent 0.00 resting 0.00 active 0.96 move 1.44 lock 0.00 static 0.008 pr 20.8 | sent 1:0.91 10:0.64 100:0.63 1000:0.63 2000:0.62 | 13.5s
run39|tanh|16.0|kp1|0.0|0|51|code: alive shape flat ratio 1.01 silent 0.00 resting 0.00 active 1.00 move 1.42 lock 0.00 static 0.003 pr 23.2 | sent 1:0.98 10:0.99 100:0.99 1000:0.99 2000:0.99 | 12.3s
run39|tanh|16.0|kp1|0.5|0|50|code: alive shape flat ratio 1.01 silent 0.00 resting 0.00 active 1.00 move 0.419 lock 0.00 static 0.041 pr 15.3 | sent 1:0.98 10:0.99 100:0.99 1000:0.99 2000:0.99 | 13.1s
run39|tanh|16.0|kp1|0.5|0|50|leak: alive shape flat ratio 1.02 silent 0.00 resting 0.00 active 1.00 move 0.413 lock 0.00 static 0.018 pr 15.4 | sent 1:0.96 10:0.99 100:0.99 1000:0.99 2000:0.98 | 9.5s
run39|tanh|16.0|kp1|0.5|1|50|leak: alive shape flat ratio 0.71 silent 0.00 resting 0.00 active 0.96 move 0.172 lock 0.00 static 0.030 pr 8.4 | sent 1:0.89 10:0.67 100:0.63 1000:0.62 2000:0.63 | 9.9s
run39|tanh|16.0|kp1|0.5|0|51|leak: alive shape flat ratio 1.02 silent 0.00 resting 0.00 active 1.00 move 0.418 lock 0.00 static 0.031 pr 15.0 | sent 1:0.96 10:0.99 100:0.99 1000:0.99 2000:0.99 | 9.5s
run39|tanh|16.0|kp1|0.5|1|51|leak: alive shape flat ratio 0.708 silent 0.00 resting 0.00 active 0.96 move 0.133 lock 0.00 static 0.153 pr 8.1 | sent 1:0.89 10:0.67 100:0.63 1000:0.63 2000:0.63 | 10.0s
run39|tanh|16.0|kp1|0.5|1|51|code: alive shape flat ratio 0.697 silent 0.00 resting 0.00 active 0.96 move 0.144 lock 0.00 static 0.202 pr 6.6 | sent 1:0.91 10:0.68 100:0.62 1000:0.64 2000:0.63 | 13.9s
run39|tanh|16.0|kp1|0.9|0|50|code: alive shape flat ratio 1.02 silent 0.00 resting 0.00 active 1.00 move 0.063 lock 0.00 static 0.223 pr 5.8 | sent 1:0.98 10:1 100:1 1000:1 2000:1 | 13.2s
run39|tanh|16.0|kp1|0.9|0|51|code: alive shape flat ratio 1.02 silent 0.00 resting 0.00 active 1.00 move 0.0618 lock 0.00 static 0.228 pr 5.2 | sent 1:0.98 10:1 100:1 1000:1 2000:1 | 13.2s
run39|tanh|16.0|kp1|0.9|1|51|code: alive shape flat ratio 0.703 silent 0.00 resting 0.00 active 0.96 move 0.0221 lock 0.00 static 0.471 pr 3.1 | sent 1:0.91 10:0.73 100:0.62 1000:0.63 2000:0.64 | 14.2s
run39|tanh|16.0|kp1|0.9|1|50|leak: alive shape flat ratio 0.8 silent 0.00 resting 0.00 active 0.96 move 0.0251 lock 0.00 static 0.469 pr 3.0 | sent 1:0.79 10:0.73 100:0.63 1000:0.63 2000:0.63 | 10.1s
run39|tanh|16.0|kp1|0.9|0|50|leak: alive shape flat ratio 1.18 silent 0.00 resting 0.00 active 1.00 move 0.0616 lock 0.00 static 0.200 pr 5.6 | sent 1:0.83 10:0.97 100:0.98 1000:0.99 2000:0.99 | 9.5s
run39|tanh|16.0|kp1|0.9|1|51|leak: alive shape flat ratio 0.809 silent 0.00 resting 0.00 active 0.96 move 0.0204 lock 0.00 static 0.477 pr 3.3 | sent 1:0.79 10:0.73 100:0.64 1000:0.63 2000:0.64 | 10.0s
run39|tanh|16.0|kp1|0.9|0|51|leak: alive shape flat ratio 1.18 silent 0.00 resting 0.00 active 1.00 move 0.0594 lock 0.00 static 0.253 pr 4.9 | sent 1:0.84 10:0.98 100:0.99 1000:0.99 2000:0.99 | 9.6s
run39|sig4_0|0.1|none|0.5|0|50|code: fixed shape flat ratio 0.835 silent 0.00 resting 0.01 active 0.82 move 3.33e-08 | sent 1:0.65 10:0.54 100:0.54 1000:0.54 2000:0.54 | 12.1s
run39|sig4_0|0.1|none|0.5|1|50|code: fixed shape flat ratio 0.844 silent 0.00 resting 0.00 active 0.84 move 3.78e-08 | sent 1:0.65 10:0.55 100:0.55 1000:0.55 2000:0.55 | 12.5s
run39|sig4_0|0.1|none|0.5|0|51|code: fixed shape flat ratio 0.811 silent 0.00 resting 0.00 active 0.83 move 3.58e-08 | sent 1:0.65 10:0.53 100:0.53 1000:0.53 2000:0.53 | 12.4s
run39|sig4_0|0.1|none|0.5|1|51|code: fixed shape flat ratio 0.819 silent 0.00 resting 0.00 active 0.84 move 3.86e-08 | sent 1:0.65 10:0.53 100:0.53 1000:0.53 2000:0.53 | 12.8s
run39|sig4_0|0.1|none|0.5|1|50|leak: fixed shape flat ratio 0.797 silent 0.00 resting 0.01 active 0.66 move 0 | sent 1:0.65 10:0.51 100:0.51 1000:0.51 2000:0.51 | 15.1s
run39|sig4_0|0.1|none|0.5|1|51|leak: fixed shape flat ratio 0.779 silent 0.00 resting 0.01 active 0.68 move 0 | sent 1:0.65 10:0.51 100:0.51 1000:0.51 2000:0.51 | 15.0s
run39|sig4_0|0.1|none|0.5|0|50|leak: fixed shape flat ratio 0.794 silent 0.00 resting 0.01 active 0.62 move 0 | sent 1:0.65 10:0.51 100:0.51 1000:0.51 2000:0.51 | 14.5s
run39|sig4_0|0.1|none|0.5|0|51|leak: fixed shape flat ratio 0.777 silent 0.00 resting 0.01 active 0.65 move 0 | sent 1:0.65 10:0.51 100:0.51 1000:0.51 2000:0.51 | 14.6s
run39|sig4_0|0.1|none|0.0|1|50|code: fixed shape flat ratio 0.797 silent 0.00 resting 0.01 active 0.66 move 9.02e-08 | sent 1:0.65 10:0.51 100:0.51 1000:0.51 2000:0.51 | 22.6s
run39|sig4_0|0.1|none|0.0|1|51|code: fixed shape flat ratio 0.779 silent 0.00 resting 0.01 active 0.68 move 8.88e-08 | sent 1:0.65 10:0.51 100:0.51 1000:0.51 2000:0.51 | 22.5s
run39|sig4_0|0.1|none|0.0|0|50|code: fixed shape flat ratio 0.793 silent 0.00 resting 0.01 active 0.62 move 8.54e-08 | sent 1:0.65 10:0.51 100:0.51 1000:0.51 2000:0.51 | 21.8s
run39|sig4_0|0.1|none|0.0|0|51|code: fixed shape flat ratio 0.777 silent 0.00 resting 0.01 active 0.65 move 8.22e-08 | sent 1:0.65 10:0.51 100:0.51 1000:0.51 2000:0.51 | 22.0s
run39|sig4_0|0.1|none|0.9|1|50|code: fixed shape flat ratio 0.989 silent 0.00 resting 0.00 active 0.96 move 7.5e-09 | sent 1:0.65 10:0.65 100:0.64 1000:0.64 2000:0.64 | 22.9s
run39|sig4_0|0.1|none|0.9|0|50|code: fixed shape flat ratio 1.01 silent 0.00 resting 0.00 active 0.97 move 1.42e-08 | sent 1:0.65 10:0.64 100:0.65 1000:0.65 2000:0.65 | 22.2s
run39|sig4_0|0.1|none|0.9|0|51|code: fixed shape flat ratio 0.99 silent 0.00 resting 0.00 active 0.97 move 2.71e-08 | sent 1:0.65 10:0.62 100:0.64 1000:0.64 2000:0.64 | 22.9s
run39|sig4_0|0.1|none|0.9|1|51|code: fixed shape flat ratio 0.961 silent 0.00 resting 0.00 active 0.96 move 0 | sent 1:0.65 10:0.62 100:0.63 1000:0.63 2000:0.63 | 23.4s
run39|sig4_0|0.1|none|0.9|1|50|leak: fixed shape flat ratio 0.797 silent 0.00 resting 0.01 active 0.66 move 0 | sent 1:0.65 10:0.59 100:0.51 1000:0.51 2000:0.51 | 15.0s
run39|sig4_0|0.1|none|0.9|0|50|leak: fixed shape flat ratio 0.794 silent 0.00 resting 0.01 active 0.62 move 0 | sent 1:0.65 10:0.58 100:0.51 1000:0.51 2000:0.51 | 14.4s
run39|sig4_0|0.1|none|0.9|1|51|leak: fixed shape flat ratio 0.779 silent 0.00 resting 0.01 active 0.68 move 0 | sent 1:0.65 10:0.58 100:0.51 1000:0.51 2000:0.51 | 15.0s
run39|sig4_0|0.1|none|0.9|0|51|leak: fixed shape flat ratio 0.776 silent 0.00 resting 0.01 active 0.65 move 0 | sent 1:0.65 10:0.58 100:0.51 1000:0.51 2000:0.51 | 14.8s
run39|sig4_0|0.1|kp1|0.0|1|50|code: cycle period 4 shape flat ratio 0.797 silent 0.00 resting 0.01 active 0.66 move 0.0563 lock 0.76 static 1.000 pr 2.5 | sent 1:0.65 10:0.51 100:0.52 1000:0.52 2000:0.52 | 13.1s
run39|sig4_0|0.1|kp1|0.0|0|50|code: cycle period 4 shape flat ratio 0.794 silent 0.00 resting 0.01 active 0.63 move 0.0565 lock 0.76 static 1.000 pr 2.5 | sent 1:0.65 10:0.51 100:0.51 1000:0.51 2000:0.51 | 12.3s
run39|sig4_0|0.1|kp1|0.0|0|51|code: cycle period 4 shape flat ratio 0.776 silent 0.00 resting 0.00 active 0.65 move 0.0536 lock 0.59 static 1.000 pr 2.6 | sent 1:0.65 10:0.51 100:0.51 1000:0.51 2000:0.51 | 12.5s
run39|sig4_0|0.1|kp1|0.0|1|51|code: cycle period 4 shape flat ratio 0.779 silent 0.00 resting 0.00 active 0.68 move 0.0537 lock 0.59 static 1.000 pr 2.6 | sent 1:0.65 10:0.51 100:0.51 1000:0.51 2000:0.51 | 13.2s
run39|sig4_0|0.1|kp1|0.5|0|50|leak: cycle period 4 shape flat ratio 0.794 silent 0.00 resting 0.01 active 0.62 move 0.0217 lock 0.94 static 1.000 pr 2.0 | sent 1:0.65 10:0.51 100:0.51 1000:0.51 2000:0.51 | 14.3s
run39|sig4_0|0.1|kp1|0.5|1|50|leak: cycle period 4 shape flat ratio 0.797 silent 0.00 resting 0.01 active 0.66 move 0.0216 lock 0.94 static 1.000 pr 2.0 | sent 1:0.65 10:0.51 100:0.51 1000:0.51 2000:0.51 | 14.8s
run39|sig4_0|0.1|kp1|0.5|0|51|leak: cycle period 4 shape flat ratio 0.776 silent 0.00 resting 0.01 active 0.65 move 0.0205 lock 0.94 static 1.000 pr 2.2 | sent 1:0.65 10:0.51 100:0.51 1000:0.51 2000:0.51 | 14.6s
run39|sig4_0|0.1|kp1|0.5|1|51|leak: cycle period 4 shape flat ratio 0.778 silent 0.00 resting 0.01 active 0.68 move 0.0204 lock 0.94 static 1.000 pr 2.2 | sent 1:0.65 10:0.51 100:0.51 1000:0.51 2000:0.51 | 15.0s
run39|sig4_0|0.1|kp1|0.5|0|50|code: cycle period 4 shape flat ratio 0.835 silent 0.00 resting 0.00 active 0.82 move 0.0207 lock 0.94 static 1.000 pr 2.0 | sent 1:0.65 10:0.54 100:0.54 1000:0.54 2000:0.54 | 23.2s
run39|sig4_0|0.1|kp1|0.5|1|50|code: cycle period 4 shape flat ratio 0.845 silent 0.00 resting 0.00 active 0.84 move 0.0204 lock 0.94 static 1.000 pr 2.0 | sent 1:0.65 10:0.55 100:0.55 1000:0.55 2000:0.55 | 24.3s
run39|sig4_0|0.1|kp1|0.5|1|51|code: cycle period 4 shape flat ratio 0.819 silent 0.00 resting 0.00 active 0.84 move 0.0196 lock 0.94 static 1.000 pr 2.2 | sent 1:0.65 10:0.53 100:0.53 1000:0.53 2000:0.53 | 24.5s
run39|sig4_0|0.1|kp1|0.5|0|51|code: cycle period 4 shape flat ratio 0.811 silent 0.00 resting 0.00 active 0.83 move 0.0198 lock 0.94 static 1.000 pr 2.2 | sent 1:0.65 10:0.53 100:0.53 1000:0.53 2000:0.53 | 23.5s
run39|sig4_0|0.1|kp1|0.9|0|50|leak: cycle period 4 shape flat ratio 0.794 silent 0.00 resting 0.01 active 0.62 move 0.00352 lock 0.94 static 1.000 pr 1.9 | sent 1:0.65 10:0.58 100:0.51 1000:0.51 2000:0.51 | 14.6s
run39|sig4_0|0.1|kp1|0.9|1|50|leak: cycle period 4 shape flat ratio 0.797 silent 0.00 resting 0.01 active 0.66 move 0.0035 lock 0.94 static 1.000 pr 1.8 | sent 1:0.65 10:0.59 100:0.51 1000:0.51 2000:0.51 | 15.1s
run39|sig4_0|0.1|kp1|0.9|1|51|leak: cycle period 4 shape flat ratio 0.778 silent 0.00 resting 0.01 active 0.68 move 0.00331 lock 0.96 static 1.000 pr 2.2 | sent 1:0.65 10:0.58 100:0.51 1000:0.51 2000:0.51 | 15.2s
run39|sig4_0|0.1|kp1|0.9|0|51|leak: cycle period 4 shape flat ratio 0.776 silent 0.00 resting 0.01 active 0.65 move 0.00333 lock 0.96 static 1.000 pr 2.2 | sent 1:0.65 10:0.58 100:0.51 1000:0.51 2000:0.51 | 14.6s
run39|sig4_0|0.1|kp1|0.9|1|50|code: cycle period 4 shape flat ratio 0.99 silent 0.00 resting 0.00 active 0.96 move 0.0032 lock 0.96 static 1.000 pr 2.0 | sent 1:0.65 10:0.65 100:0.64 1000:0.64 2000:0.64 | 24.1s
run39|sig4_0|0.1|kp1|0.9|1|51|code: cycle period 4 shape flat ratio 0.961 silent 0.00 resting 0.00 active 0.95 move 0.00274 lock 0.96 static 1.000 pr 2.0 | sent 1:0.65 10:0.62 100:0.63 1000:0.63 2000:0.63 | 24.3s
run39|sig4_0|0.1|kp1|0.9|0|50|code: cycle period 4 shape flat ratio 1.01 silent 0.00 resting 0.00 active 0.97 move 0.00273 lock 0.96 static 1.000 pr 2.2 | sent 1:0.65 10:0.64 100:0.65 1000:0.65 2000:0.65 | 23.9s
run39|sig4_0|0.1|kp1|0.9|0|51|code: cycle period 4 shape flat ratio 0.99 silent 0.00 resting 0.00 active 0.97 move 0.00259 lock 0.98 static 1.000 pr 2.0 | sent 1:0.65 10:0.62 100:0.64 1000:0.64 2000:0.64 | 24.1s
run39|sig4_0|0.3|none|0.0|1|50|code: fixed shape flat ratio 0.886 silent 0.00 resting 0.00 active 0.90 move 1.35e-07 | sent 1:0.65 10:0.58 100:0.58 1000:0.58 2000:0.58 | 12.6s
run39|sig4_0|0.3|none|0.0|0|50|code: fixed shape flat ratio 0.873 silent 0.00 resting 0.00 active 0.89 move 1.28e-07 | sent 1:0.65 10:0.57 100:0.57 1000:0.57 2000:0.57 | 12.2s
run39|sig4_0|0.3|none|0.0|0|51|code: fixed shape flat ratio 0.849 silent 0.00 resting 0.00 active 0.90 move 1.27e-07 | sent 1:0.65 10:0.55 100:0.55 1000:0.55 2000:0.55 | 12.2s
run39|sig4_0|0.3|none|0.0|1|51|code: fixed shape flat ratio 0.863 silent 0.00 resting 0.00 active 0.91 move 1.37e-07 | sent 1:0.65 10:0.56 100:0.56 1000:0.56 2000:0.56 | 12.6s
run39|sig4_0|0.3|none|0.9|1|50|code: fixed shape flat ratio 0.986 silent 0.00 resting 0.00 active 0.96 move 1.1e-08 | sent 1:0.65 10:0.66 100:0.64 1000:0.64 2000:0.64 | 12.6s
run39|sig4_0|0.3|none|0.9|0|50|code: alive shape flat ratio 1.07 silent 0.00 resting 0.00 active 0.99 move 0.0139 lock 0.00 static 0.932 pr 5.1 | sent 1:0.65 10:0.68 100:0.69 1000:0.69 2000:0.69 | 12.3s
run39|sig4_0|0.3|none|0.9|1|51|code: fixed shape flat ratio 0.964 silent 0.00 resting 0.00 active 0.96 move 6.75e-09 | sent 1:0.65 10:0.64 100:0.63 1000:0.63 2000:0.63 | 13.0s
run39|sig4_0|0.3|none|0.9|0|51|code: alive shape flat ratio 1.04 silent 0.00 resting 0.00 active 0.99 move 0.0135 lock 0.00 static 0.937 pr 4.9 | sent 1:0.65 10:0.66 100:0.68 1000:0.68 2000:0.68 | 12.5s
run39|sig4_0|0.3|none|0.5|1|50|code: fixed shape flat ratio 0.965 silent 0.00 resting 0.00 active 0.96 move 5.65e-08 | sent 1:0.65 10:0.63 100:0.63 1000:0.63 2000:0.63 | 23.2s
run39|sig4_0|0.3|none|0.5|1|51|code: fixed shape flat ratio 0.945 silent 0.00 resting 0.00 active 0.95 move 5.57e-08 | sent 1:0.65 10:0.61 100:0.62 1000:0.62 2000:0.62 | 23.4s
run39|sig4_0|0.3|none|0.5|0|50|code: fixed shape flat ratio 0.957 silent 0.00 resting 0.00 active 0.95 move 5.1e-08 | sent 1:0.65 10:0.62 100:0.62 1000:0.62 2000:0.62 | 22.7s
run39|sig4_0|0.3|none|0.5|0|51|code: fixed shape flat ratio 0.937 silent 0.00 resting 0.00 active 0.95 move 5.28e-08 | sent 1:0.65 10:0.61 100:0.61 1000:0.61 2000:0.61 | 22.7s
run39|sig4_0|0.3|none|0.9|0|50|leak: fixed shape flat ratio 0.879 silent 0.00 resting 0.00 active 0.89 move 0 | sent 1:0.65 10:0.59 100:0.57 1000:0.57 2000:0.57 | 14.6s
run39|sig4_0|0.3|none|0.9|1|50|leak: fixed shape flat ratio 0.892 silent 0.00 resting 0.00 active 0.90 move 0 | sent 1:0.65 10:0.6 100:0.58 1000:0.58 2000:0.58 | 14.9s
run39|sig4_0|0.3|none|0.9|0|51|leak: fixed shape flat ratio 0.851 silent 0.00 resting 0.00 active 0.90 move 0 | sent 1:0.65 10:0.58 100:0.55 1000:0.55 2000:0.55 | 14.6s
run39|sig4_0|0.3|none|0.9|1|51|leak: fixed shape flat ratio 0.862 silent 0.00 resting 0.00 active 0.91 move 0 | sent 1:0.65 10:0.59 100:0.56 1000:0.56 2000:0.56 | 15.0s
run39|sig4_0|0.3|kp1|0.0|0|50|code: cycle period 4 shape flat ratio 0.874 silent 0.00 resting 0.00 active 0.88 move 0.0546 lock 0.53 static 1.000 pr 2.4 | sent 1:0.65 10:0.57 100:0.57 1000:0.57 2000:0.57 | 12.4s
run39|sig4_0|0.3|kp1|0.0|1|50|code: cycle period 4 shape flat ratio 0.888 silent 0.00 resting 0.00 active 0.90 move 0.0545 lock 0.49 static 1.000 pr 2.4 | sent 1:0.65 10:0.58 100:0.58 1000:0.58 2000:0.58 | 13.1s
run39|sig4_0|0.3|kp1|0.0|0|51|code: cycle period 4 shape flat ratio 0.85 silent 0.00 resting 0.00 active 0.90 move 0.0566 lock 0.02 static 1.000 pr 2.6 | sent 1:0.65 10:0.55 100:0.55 1000:0.55 2000:0.55 | 12.5s
run39|sig4_0|0.3|kp1|0.0|1|51|code: cycle period 4 shape flat ratio 0.863 silent 0.00 resting 0.00 active 0.91 move 0.0574 lock 0.02 static 1.000 pr 2.6 | sent 1:0.65 10:0.56 100:0.56 1000:0.56 2000:0.56 | 13.1s
run39|sig4_0|0.3|none|0.5|1|50|leak: fixed shape flat ratio 0.891 silent 0.00 resting 0.00 active 0.90 move 4.81e-08 | sent 1:0.65 10:0.58 100:0.58 1000:0.58 2000:0.58 | 27.2s
run39|sig4_0|0.3|none|0.5|0|50|leak: fixed shape flat ratio 0.878 silent 0.00 resting 0.00 active 0.89 move 4.21e-08 | sent 1:0.65 10:0.57 100:0.57 1000:0.57 2000:0.57 | 27.0s
run39|sig4_0|0.3|none|0.5|1|51|leak: fixed shape flat ratio 0.863 silent 0.00 resting 0.00 active 0.91 move 4.89e-08 | sent 1:0.65 10:0.56 100:0.56 1000:0.56 2000:0.56 | 27.5s
run39|sig4_0|0.3|none|0.5|0|51|leak: fixed shape flat ratio 0.851 silent 0.00 resting 0.00 active 0.90 move 4.23e-08 | sent 1:0.65 10:0.55 100:0.55 1000:0.55 2000:0.55 | 27.1s
run39|sig4_0|0.3|kp1|0.9|0|50|code: alive shape flat ratio 1.05 silent 0.00 resting 0.00 active 0.99 move 0.0151 lock 0.00 static 0.937 pr 5.1 | sent 1:0.65 10:0.68 100:0.69 1000:0.69 2000:0.68 | 12.9s
run39|sig4_0|0.3|kp1|0.9|0|51|code: alive shape flat ratio 1.03 silent 0.00 resting 0.00 active 0.99 move 0.0141 lock 0.00 static 0.942 pr 4.8 | sent 1:0.65 10:0.66 100:0.69 1000:0.68 2000:0.67 | 12.9s
run39|sig4_0|0.3|kp1|0.9|1|50|code: cycle period 4 shape flat ratio 0.987 silent 0.00 resting 0.00 active 0.96 move 0.00316 lock 0.96 static 1.000 pr 2.0 | sent 1:0.65 10:0.66 100:0.64 1000:0.64 2000:0.64 | 13.5s
run39|sig4_0|0.3|kp1|0.9|1|51|code: cycle period 4 shape flat ratio 0.964 silent 0.00 resting 0.00 active 0.96 move 0.00271 lock 0.96 static 1.000 pr 2.0 | sent 1:0.65 10:0.64 100:0.63 1000:0.63 2000:0.63 | 13.4s
run39|sig4_0|0.3|kp1|0.5|0|50|leak: cycle period 4 shape flat ratio 0.879 silent 0.00 resting 0.00 active 0.89 move 0.0197 lock 0.92 static 1.000 pr 2.0 | sent 1:0.65 10:0.57 100:0.57 1000:0.57 2000:0.57 | 14.5s
run39|sig4_0|0.3|kp1|0.5|1|50|leak: cycle period 4 shape flat ratio 0.892 silent 0.00 resting 0.00 active 0.90 move 0.0194 lock 0.92 static 1.000 pr 2.0 | sent 1:0.65 10:0.58 100:0.58 1000:0.58 2000:0.58 | 15.1s
run39|sig4_0|0.3|kp1|0.5|0|51|leak: cycle period 4 shape flat ratio 0.851 silent 0.00 resting 0.00 active 0.90 move 0.019 lock 0.94 static 1.000 pr 2.1 | sent 1:0.65 10:0.55 100:0.55 1000:0.55 2000:0.55 | 14.7s
run39|sig4_0|0.3|kp1|0.5|1|51|leak: cycle period 4 shape flat ratio 0.863 silent 0.00 resting 0.00 active 0.91 move 0.0188 lock 0.94 static 1.000 pr 2.1 | sent 1:0.65 10:0.56 100:0.56 1000:0.56 2000:0.56 | 15.1s
run39|sig4_0|0.3|kp1|0.5|0|50|code: cycle period 4 shape flat ratio 0.958 silent 0.00 resting 0.00 active 0.95 move 0.0182 lock 0.90 static 1.000 pr 1.8 | sent 1:0.65 10:0.62 100:0.62 1000:0.62 2000:0.62 | 23.4s
run39|sig4_0|0.3|kp1|0.5|1|50|code: cycle period 4 shape flat ratio 0.966 silent 0.00 resting 0.00 active 0.96 move 0.0195 lock 0.88 static 1.000 pr 1.8 | sent 1:0.65 10:0.63 100:0.63 1000:0.63 2000:0.63 | 24.3s
run39|sig4_0|0.3|kp1|0.5|0|51|code: cycle period 4 shape flat ratio 0.937 silent 0.00 resting 0.00 active 0.95 move 0.0178 lock 0.84 static 1.000 pr 2.1 | sent 1:0.65 10:0.61 100:0.61 1000:0.61 2000:0.61 | 23.6s
run39|sig4_0|0.3|kp1|0.5|1|51|code: cycle period 4 shape flat ratio 0.945 silent 0.00 resting 0.00 active 0.95 move 0.0176 lock 0.82 static 1.000 pr 2.1 | sent 1:0.65 10:0.61 100:0.62 1000:0.62 2000:0.62 | 24.3s
run39|sig4_0|1.0|none|0.0|1|50|code: fixed shape flat ratio 0.955 silent 0.00 resting 0.00 active 0.96 move 1.99e-07 | sent 1:0.67 10:0.64 100:0.64 1000:0.64 2000:0.64 | 12.5s
run39|sig4_0|1.0|none|0.0|0|51|code: fixed shape flat ratio 0.979 silent 0.00 resting 0.00 active 0.97 move 3.28e-07 | sent 1:0.66 10:0.65 100:0.64 1000:0.64 2000:0.64 | 12.1s
run39|sig4_0|1.0|none|0.0|0|50|code: alive shape flat ratio 0.968 silent 0.00 resting 0.00 active 0.97 move 3.66e-05 lock 1.00 static 1.000 pr 1.8 | sent 1:0.67 10:0.65 100:0.65 1000:0.65 2000:0.65 | 11.9s
run39|sig4_0|1.0|none|0.0|1|51|code: fixed shape flat ratio 0.959 silent 0.00 resting 0.00 active 0.96 move 1.88e-07 | sent 1:0.65 10:0.63 100:0.63 1000:0.63 2000:0.63 | 12.5s
run39|sig4_0|1.0|none|0.5|1|50|code: fixed shape flat ratio 0.958 silent 0.00 resting 0.00 active 0.96 move 5.95e-08 | sent 1:0.67 10:0.64 100:0.64 1000:0.64 2000:0.64 | 12.6s
run39|sig4_0|1.0|none|0.5|0|50|code: alive shape flat ratio 1.01 silent 0.00 resting 0.00 active 0.99 move 0.0665 lock 0.00 static 0.940 pr 9.8 | sent 1:0.67 10:0.68 100:0.68 1000:0.68 2000:0.68 | 12.2s
run39|sig4_0|1.0|none|0.5|1|51|code: fixed shape flat ratio 0.962 silent 0.00 resting 0.00 active 0.96 move 6.05e-08 | sent 1:0.65 10:0.63 100:0.63 1000:0.63 2000:0.63 | 12.8s
run39|sig4_0|1.0|none|0.5|0|51|code: alive shape flat ratio 1.02 silent 0.00 resting 0.00 active 0.99 move 0.0588 lock 0.00 static 0.939 pr 9.6 | sent 1:0.66 10:0.67 100:0.67 1000:0.67 2000:0.67 | 12.4s
run39|sig4_0|0.3|kp1|0.9|1|50|leak: cycle period 4 shape flat ratio 0.892 silent 0.00 resting 0.00 active 0.90 move 0.00311 lock 0.94 static 1.000 pr 1.9 | sent 1:0.65 10:0.6 100:0.58 1000:0.58 2000:0.58 | 27.2s
run39|sig4_0|0.3|kp1|0.9|0|50|leak: cycle period 4 shape flat ratio 0.879 silent 0.00 resting 0.00 active 0.89 move 0.00316 lock 0.94 static 1.000 pr 2.0 | sent 1:0.65 10:0.59 100:0.57 1000:0.57 2000:0.57 | 26.7s
run39|sig4_0|0.3|kp1|0.9|0|51|leak: cycle period 4 shape flat ratio 0.85 silent 0.00 resting 0.00 active 0.90 move 0.00302 lock 0.96 static 1.000 pr 2.1 | sent 1:0.65 10:0.58 100:0.55 1000:0.55 2000:0.55 | 27.0s
run39|sig4_0|0.3|kp1|0.9|1|51|leak: cycle period 4 shape flat ratio 0.862 silent 0.00 resting 0.00 active 0.91 move 0.00297 lock 0.96 static 1.000 pr 2.1 | sent 1:0.65 10:0.59 100:0.56 1000:0.56 2000:0.56 | 27.9s
run39|sig4_0|1.0|none|0.5|0|50|leak: fixed shape flat ratio 0.99 silent 0.00 resting 0.00 active 0.97 move 5.83e-08 | sent 1:0.66 10:0.65 100:0.65 1000:0.65 2000:0.65 | 14.5s
run39|sig4_0|1.0|none|0.5|0|51|leak: fixed shape flat ratio 0.988 silent 0.00 resting 0.00 active 0.97 move 5.76e-08 | sent 1:0.65 10:0.64 100:0.64 1000:0.64 2000:0.64 | 14.6s
run39|sig4_0|1.0|none|0.5|1|50|leak: fixed shape flat ratio 0.973 silent 0.00 resting 0.00 active 0.96 move 5.91e-08 | sent 1:0.66 10:0.64 100:0.64 1000:0.64 2000:0.64 | 15.0s
run39|sig4_0|1.0|none|0.5|1|51|leak: fixed shape flat ratio 0.963 silent 0.00 resting 0.00 active 0.96 move 5.88e-08 | sent 1:0.65 10:0.63 100:0.63 1000:0.63 2000:0.63 | 15.1s
run39|sig4_0|1.0|none|0.9|1|50|code: fixed shape flat ratio 0.958 silent 0.00 resting 0.00 active 0.96 move 2.08e-09 | sent 1:0.67 10:0.66 100:0.64 1000:0.64 2000:0.64 | 23.0s
run39|sig4_0|1.0|none|0.9|1|50|leak: fixed shape flat ratio 0.989 silent 0.00 resting 0.00 active 0.96 move 7.47e-09 | sent 1:0.65 10:0.65 100:0.64 1000:0.64 2000:0.64 | 15.0s
run39|sig4_0|1.0|none|0.9|0|51|leak: fixed shape flat ratio 0.99 silent 0.00 resting 0.00 active 0.97 move 2.61e-08 | sent 1:0.65 10:0.62 100:0.64 1000:0.64 2000:0.64 | 14.5s
run39|sig4_0|1.0|none|0.9|0|50|leak: fixed shape flat ratio 1.01 silent 0.00 resting 0.00 active 0.97 move 1.43e-08 | sent 1:0.65 10:0.64 100:0.65 1000:0.65 2000:0.65 | 14.7s
run39|sig4_0|1.0|none|0.9|1|51|code: fixed shape flat ratio 0.962 silent 0.00 resting 0.00 active 0.96 move 3.62e-10 | sent 1:0.65 10:0.64 100:0.63 1000:0.63 2000:0.63 | 23.3s
run39|sig4_0|1.0|none|0.9|0|50|code: alive shape flat ratio 1.03 silent 0.03 resting 0.00 active 1.00 move 0.0215 lock 0.00 static 0.910 pr 5.6 | sent 1:0.67 10:0.7 100:0.71 1000:0.71 2000:0.69 | 22.4s
run39|sig4_0|1.0|none|0.9|1|51|leak: fixed shape flat ratio 0.961 silent 0.00 resting 0.00 active 0.96 move 0 | sent 1:0.65 10:0.62 100:0.63 1000:0.63 2000:0.63 | 15.1s
run39|sig4_0|1.0|none|0.9|0|51|code: alive shape flat ratio 1.04 silent 0.04 resting 0.00 active 1.00 move 0.0207 lock 0.00 static 0.918 pr 5.5 | sent 1:0.66 10:0.69 100:0.69 1000:0.69 2000:0.69 | 22.4s
run39|sig4_0|1.0|kp1|0.5|0|50|code: alive shape flat ratio 1.01 silent 0.00 resting 0.00 active 0.99 move 0.0672 lock 0.00 static 0.938 pr 10.4 | sent 1:0.67 10:0.68 100:0.68 1000:0.68 2000:0.68 | 12.9s
run39|sig4_0|1.0|kp1|0.5|1|50|code: cycle period 4 shape flat ratio 0.958 silent 0.00 resting 0.00 active 0.96 move 0.02 lock 0.88 static 1.000 pr 1.8 | sent 1:0.67 10:0.64 100:0.64 1000:0.64 2000:0.64 | 13.4s
run39|sig4_0|1.0|kp1|0.5|1|51|code: cycle period 4 shape flat ratio 0.965 silent 0.00 resting 0.00 active 0.96 move 0.0177 lock 0.80 static 1.000 pr 2.1 | sent 1:0.65 10:0.63 100:0.63 1000:0.63 2000:0.63 | 13.4s
run39|sig4_0|1.0|kp1|0.5|0|51|code: alive shape flat ratio 1.01 silent 0.00 resting 0.00 active 0.99 move 0.0667 lock 0.00 static 0.943 pr 9.3 | sent 1:0.66 10:0.67 100:0.67 1000:0.67 2000:0.67 | 13.1s
run39|sig4_0|1.0|kp1|0.0|1|50|code: cycle period 4 shape flat ratio 0.956 silent 0.00 resting 0.00 active 0.96 move 0.0696 lock 0.00 static 0.999 pr 2.3 | sent 1:0.67 10:0.64 100:0.64 1000:0.64 2000:0.64 | 23.4s
run39|sig4_0|1.0|kp1|0.0|0|50|code: cycle period 4 shape flat ratio 0.968 silent 0.00 resting 0.00 active 0.97 move 0.137 lock 0.00 static 0.993 pr 2.3 | sent 1:0.67 10:0.65 100:0.65 1000:0.65 2000:0.65 | 22.6s
run39|sig4_0|1.0|kp1|0.0|1|51|code: cycle period 4 shape flat ratio 0.962 silent 0.00 resting 0.00 active 0.96 move 0.0733 lock 0.00 static 0.999 pr 2.5 | sent 1:0.65 10:0.63 100:0.63 1000:0.63 2000:0.63 | 23.7s
run39|sig4_0|1.0|kp1|0.0|0|51|code: cycle period 4 shape flat ratio 0.982 silent 0.00 resting 0.00 active 0.97 move 0.0938 lock 0.00 static 0.998 pr 2.6 | sent 1:0.66 10:0.65 100:0.64 1000:0.64 2000:0.64 | 22.7s
run39|sig4_0|1.0|kp1|0.9|0|50|code: alive shape flat ratio 1.03 silent 0.03 resting 0.00 active 1.00 move 0.0203 lock 0.00 static 0.898 pr 5.4 | sent 1:0.67 10:0.7 100:0.7 1000:0.7 2000:0.7 | 12.7s
run39|sig4_0|1.0|kp1|0.9|0|51|code: alive shape flat ratio 1.06 silent 0.04 resting 0.00 active 1.00 move 0.0198 lock 0.00 static 0.923 pr 5.8 | sent 1:0.66 10:0.69 100:0.69 1000:0.7 2000:0.7 | 13.0s
run39|sig4_0|1.0|kp1|0.9|1|51|code: cycle period 4 shape flat ratio 0.964 silent 0.00 resting 0.00 active 0.96 move 0.00271 lock 0.96 static 1.000 pr 2.0 | sent 1:0.65 10:0.65 100:0.63 1000:0.63 2000:0.63 | 13.5s
run39|sig4_0|1.0|kp1|0.5|0|50|leak: cycle period 4 shape flat ratio 0.988 silent 0.00 resting 0.00 active 0.97 move 0.0176 lock 0.84 static 1.000 pr 1.7 | sent 1:0.66 10:0.65 100:0.65 1000:0.65 2000:0.65 | 14.3s
run39|sig4_0|1.0|kp1|0.9|0|50|leak: cycle period 4 shape flat ratio 1.01 silent 0.00 resting 0.00 active 0.97 move 0.00273 lock 0.96 static 1.000 pr 2.2 | sent 1:0.65 10:0.64 100:0.65 1000:0.65 2000:0.65 | 14.5s
run39|sig4_0|1.0|kp1|0.9|1|50|leak: cycle period 4 shape flat ratio 0.987 silent 0.00 resting 0.00 active 0.96 move 0.0032 lock 0.96 static 1.000 pr 2.0 | sent 1:0.65 10:0.65 100:0.64 1000:0.64 2000:0.64 | 14.9s
run39|sig4_0|1.0|kp1|0.9|0|51|leak: alive shape flat ratio 0.992 silent 0.00 resting 0.00 active 0.97 move 0.00259 lock 0.98 static 1.000 pr 2.0 | sent 1:0.65 10:0.62 100:0.64 1000:0.64 2000:0.64 | 14.7s
run39|sig4_0|1.0|kp1|0.9|1|51|leak: cycle period 4 shape flat ratio 0.963 silent 0.00 resting 0.00 active 0.95 move 0.00274 lock 0.96 static 1.000 pr 2.0 | sent 1:0.65 10:0.62 100:0.63 1000:0.63 2000:0.63 | 15.1s
run39|sig4_0|1.0|kp1|0.9|1|50|code: cycle period 4 shape flat ratio 0.957 silent 0.00 resting 0.00 active 0.96 move 0.00316 lock 0.96 static 1.000 pr 2.1 | sent 1:0.67 10:0.66 100:0.64 1000:0.64 2000:0.64 | 24.3s
run39|sig4_0|2.0|none|0.5|1|50|code: fixed shape flat ratio 0.944 silent 0.00 resting 0.00 active 0.96 move 6.09e-08 | sent 1:0.68 10:0.65 100:0.64 1000:0.64 2000:0.64 | 12.5s
run39|sig4_0|2.0|none|0.5|0|50|code: alive shape flat ratio 1.01 silent 0.00 resting 0.00 active 0.99 move 0.113 lock 0.00 static 0.914 pr 12.1 | sent 1:0.69 10:0.68 100:0.7 1000:0.69 2000:0.69 | 12.2s
run39|sig4_0|2.0|none|0.5|1|51|code: fixed shape flat ratio 0.955 silent 0.00 resting 0.00 active 0.96 move 6.04e-08 | sent 1:0.66 10:0.63 100:0.63 1000:0.63 2000:0.63 | 12.8s
run39|sig4_0|1.0|kp1|0.5|0|51|leak: cycle period 4 shape flat ratio 0.991 silent 0.00 resting 0.00 active 0.97 move 0.017 lock 0.84 static 1.000 pr 2.2 | sent 1:0.65 10:0.64 100:0.65 1000:0.64 2000:0.64 | 26.6s
run39|sig4_0|2.0|none|0.5|0|51|code: alive shape flat ratio 1.03 silent 0.00 resting 0.00 active 0.99 move 0.108 lock 0.00 static 0.912 pr 12.5 | sent 1:0.67 10:0.67 100:0.68 1000:0.68 2000:0.68 | 12.3s
run39|sig4_0|1.0|kp1|0.5|1|50|leak: cycle period 4 shape flat ratio 0.972 silent 0.00 resting 0.00 active 0.96 move 0.0202 lock 0.88 static 1.000 pr 1.8 | sent 1:0.66 10:0.64 100:0.64 1000:0.64 2000:0.64 | 27.3s
run39|sig4_0|1.0|kp1|0.5|1|51|leak: cycle period 4 shape flat ratio 0.966 silent 0.00 resting 0.00 active 0.96 move 0.018 lock 0.80 static 1.000 pr 2.1 | sent 1:0.65 10:0.63 100:0.63 1000:0.63 2000:0.63 | 27.4s
run39|sig4_0|2.0|none|0.0|1|50|code: fixed shape flat ratio 0.944 silent 0.00 resting 0.00 active 0.96 move 2.07e-07 | sent 1:0.68 10:0.64 100:0.64 1000:0.64 2000:0.64 | 22.6s
run39|sig4_0|2.0|none|0.0|0|50|code: alive shape flat ratio 0.996 silent 0.00 resting 0.00 active 0.99 move 0.444 lock 0.00 static 0.895 pr 17.5 | sent 1:0.69 10:0.68 100:0.67 1000:0.69 2000:0.68 | 21.7s
run39|sig4_0|2.0|none|0.0|1|51|code: fixed shape flat ratio 0.955 silent 0.00 resting 0.00 active 0.96 move 1.92e-07 | sent 1:0.66 10:0.63 100:0.63 1000:0.63 2000:0.63 | 23.0s
run39|sig4_0|2.0|none|0.0|0|51|code: alive shape flat ratio 1.01 silent 0.00 resting 0.00 active 0.99 move 0.447 lock 0.00 static 0.904 pr 18.1 | sent 1:0.67 10:0.67 100:0.67 1000:0.67 2000:0.67 | 22.1s
run39|sig4_0|2.0|none|0.9|1|50|code: fixed shape flat ratio 0.944 silent 0.00 resting 0.00 active 0.96 move 1.12e-08 | sent 1:0.68 10:0.66 100:0.64 1000:0.64 2000:0.64 | 12.6s
run39|sig4_0|2.0|none|0.9|1|51|code: fixed shape flat ratio 0.955 silent 0.00 resting 0.00 active 0.96 move 0 | sent 1:0.66 10:0.65 100:0.63 1000:0.63 2000:0.63 | 12.7s
run39|sig4_0|2.0|none|0.9|0|50|code: alive shape flat ratio 1.04 silent 0.12 resting 0.00 active 1.00 move 0.0226 lock 0.00 static 0.904 pr 5.6 | sent 1:0.69 10:0.71 100:0.71 1000:0.71 2000:0.71 | 12.3s
run39|sig4_0|2.0|none|0.9|0|51|code: alive shape flat ratio 1.04 silent 0.14 resting 0.00 active 1.00 move 0.0217 lock 0.00 static 0.910 pr 5.2 | sent 1:0.67 10:0.69 100:0.69 1000:0.69 2000:0.69 | 12.5s
run39|sig4_0|2.0|none|0.5|1|51|leak: fixed shape flat ratio 0.962 silent 0.00 resting 0.00 active 0.96 move 6.05e-08 | sent 1:0.65 10:0.63 100:0.63 1000:0.63 2000:0.63 | 15.1s
run39|sig4_0|2.0|none|0.5|0|50|leak: alive shape flat ratio 1.01 silent 0.00 resting 0.00 active 0.99 move 0.0665 lock 0.00 static 0.940 pr 9.8 | sent 1:0.67 10:0.68 100:0.68 1000:0.68 2000:0.68 | 14.5s
run39|sig4_0|2.0|none|0.5|0|51|leak: alive shape flat ratio 1.02 silent 0.00 resting 0.00 active 0.99 move 0.0588 lock 0.00 static 0.939 pr 9.6 | sent 1:0.66 10:0.67 100:0.67 1000:0.67 2000:0.67 | 14.8s
run39|sig4_0|2.0|none|0.9|1|51|leak: fixed shape flat ratio 0.964 silent 0.00 resting 0.00 active 0.96 move 1.24e-08 | sent 1:0.65 10:0.63 100:0.63 1000:0.63 2000:0.63 | 15.2s
run39|sig4_0|2.0|kp1|0.5|0|50|code: alive shape flat ratio 1 silent 0.00 resting 0.00 active 0.99 move 0.118 lock 0.00 static 0.907 pr 12.0 | sent 1:0.69 10:0.68 100:0.7 1000:0.69 2000:0.69 | 13.0s
run39|sig4_0|2.0|kp1|0.5|1|50|code: cycle period 4 shape flat ratio 0.944 silent 0.00 resting 0.00 active 0.96 move 0.02 lock 0.88 static 1.000 pr 1.8 | sent 1:0.68 10:0.65 100:0.64 1000:0.64 2000:0.64 | 13.4s
run39|sig4_0|2.0|kp1|0.5|0|51|code: alive shape flat ratio 1.04 silent 0.00 resting 0.00 active 0.99 move 0.11 lock 0.00 static 0.909 pr 12.2 | sent 1:0.66 10:0.68 100:0.69 1000:0.69 2000:0.69 | 13.0s
run39|sig4_0|2.0|kp1|0.5|1|51|code: cycle period 4 shape flat ratio 0.958 silent 0.00 resting 0.00 active 0.96 move 0.0177 lock 0.80 static 1.000 pr 2.1 | sent 1:0.66 10:0.63 100:0.63 1000:0.63 2000:0.63 | 13.5s
run39|sig4_0|2.0|none|0.5|1|50|leak: fixed shape flat ratio 0.958 silent 0.00 resting 0.00 active 0.96 move 5.95e-08 | sent 1:0.67 10:0.64 100:0.64 1000:0.64 2000:0.64 | 27.1s
run39|sig4_0|2.0|kp1|0.9|0|50|code: alive shape flat ratio 1.02 silent 0.12 resting 0.00 active 1.00 move 0.0237 lock 0.00 static 0.907 pr 5.8 | sent 1:0.69 10:0.7 100:0.71 1000:0.7 2000:0.7 | 12.7s
run39|sig4_0|2.0|kp1|0.9|1|50|code: cycle period 4 shape flat ratio 0.943 silent 0.00 resting 0.00 active 0.96 move 0.00316 lock 0.96 static 1.000 pr 2.0 | sent 1:0.68 10:0.66 100:0.64 1000:0.64 2000:0.64 | 13.4s
run39|sig4_0|2.0|none|0.9|1|50|leak: fixed shape flat ratio 0.99 silent 0.00 resting 0.00 active 0.96 move 1.35e-08 | sent 1:0.65 10:0.66 100:0.64 1000:0.64 2000:0.64 | 27.3s
run39|sig4_0|2.0|kp1|0.9|1|51|code: cycle period 4 shape flat ratio 0.957 silent 0.00 resting 0.00 active 0.96 move 0.00271 lock 0.96 static 1.000 pr 2.0 | sent 1:0.66 10:0.65 100:0.63 1000:0.63 2000:0.63 | 13.5s
run39|sig4_0|2.0|none|0.9|0|50|leak: alive shape flat ratio 1.06 silent 0.00 resting 0.00 active 0.99 move 0.00904 lock 0.69 static 0.953 pr 3.9 | sent 1:0.65 10:0.67 100:0.68 1000:0.68 2000:0.69 | 26.8s
run39|sig4_0|2.0|none|0.9|0|51|leak: alive shape flat ratio 1.02 silent 0.00 resting 0.00 active 0.99 move 0.00893 lock 0.65 static 0.954 pr 4.4 | sent 1:0.65 10:0.65 100:0.68 1000:0.67 2000:0.66 | 26.7s
run39|sig4_0|2.0|kp1|0.9|0|51|code: alive shape flat ratio 1.05 silent 0.14 resting 0.00 active 1.00 move 0.022 lock 0.00 static 0.918 pr 5.8 | sent 1:0.66 10:0.69 100:0.69 1000:0.69 2000:0.7 | 13.1s
run39|sig4_0|2.0|kp1|0.0|0|50|code: alive shape flat ratio 0.986 silent 0.00 resting 0.00 active 0.99 move 0.453 lock 0.00 static 0.899 pr 17.4 | sent 1:0.69 10:0.68 100:0.68 1000:0.68 2000:0.68 | 22.5s
run39|sig4_0|2.0|kp1|0.0|1|50|code: cycle period 4 shape flat ratio 0.944 silent 0.00 resting 0.00 active 0.96 move 0.0706 lock 0.00 static 0.999 pr 2.3 | sent 1:0.68 10:0.64 100:0.64 1000:0.64 2000:0.64 | 23.4s
run39|sig4_0|2.0|kp1|0.0|0|51|code: alive shape flat ratio 1.01 silent 0.00 resting 0.00 active 0.99 move 0.447 lock 0.00 static 0.905 pr 18.0 | sent 1:0.66 10:0.67 100:0.67 1000:0.67 2000:0.67 | 22.5s
run39|sig4_0|2.0|kp1|0.0|1|51|code: cycle period 4 shape flat ratio 0.958 silent 0.00 resting 0.00 active 0.96 move 0.0727 lock 0.00 static 0.999 pr 2.5 | sent 1:0.66 10:0.63 100:0.63 1000:0.63 2000:0.63 | 23.5s
run39|sig4_0|2.0|kp1|0.5|1|50|leak: cycle period 4 shape flat ratio 0.956 silent 0.00 resting 0.00 active 0.96 move 0.02 lock 0.88 static 1.000 pr 1.8 | sent 1:0.67 10:0.64 100:0.64 1000:0.64 2000:0.64 | 15.0s
run39|sig4_0|2.0|kp1|0.5|0|50|leak: alive shape flat ratio 0.995 silent 0.00 resting 0.00 active 0.99 move 0.0698 lock 0.00 static 0.939 pr 10.1 | sent 1:0.68 10:0.68 100:0.68 1000:0.68 2000:0.67 | 14.5s
run39|sig4_0|2.0|kp1|0.5|0|51|leak: alive shape flat ratio 1.02 silent 0.00 resting 0.00 active 0.99 move 0.0645 lock 0.00 static 0.938 pr 8.8 | sent 1:0.66 10:0.67 100:0.67 1000:0.67 2000:0.67 | 14.6s
run39|sig4_0|2.0|kp1|0.5|1|51|leak: cycle period 4 shape flat ratio 0.966 silent 0.00 resting 0.00 active 0.96 move 0.0177 lock 0.80 static 1.000 pr 2.1 | sent 1:0.65 10:0.63 100:0.63 1000:0.63 2000:0.63 | 15.1s
run39|sig4_0|4.0|none|0.0|1|50|code: fixed shape flat ratio 0.932 silent 0.00 resting 0.00 active 0.96 move 2.07e-07 | sent 1:0.69 10:0.64 100:0.64 1000:0.64 2000:0.64 | 12.5s
run39|sig4_0|4.0|none|0.0|0|51|code: alive shape flat ratio 1.01 silent 0.00 resting 0.00 active 0.99 move 0.57 lock 0.00 static 0.842 pr 19.7 | sent 1:0.67 10:0.68 100:0.69 1000:0.67 2000:0.68 | 12.1s
run39|sig4_0|2.0|kp1|0.9|0|50|leak: alive shape flat ratio 1.04 silent 0.00 resting 0.00 active 0.98 move 0.0115 lock 0.20 static 0.942 pr 4.4 | sent 1:0.65 10:0.67 100:0.68 1000:0.68 2000:0.68 | 14.5s
run39|sig4_0|2.0|kp1|0.9|1|51|leak: cycle period 4 shape flat ratio 0.968 silent 0.00 resting 0.00 active 0.96 move 0.00271 lock 0.96 static 1.000 pr 2.0 | sent 1:0.65 10:0.64 100:0.63 1000:0.63 2000:0.63 | 15.1s
run39|sig4_0|4.0|none|0.9|1|50|code: fixed shape flat ratio 0.932 silent 0.00 resting 0.00 active 0.96 move 5.15e-09 | sent 1:0.69 10:0.66 100:0.64 1000:0.64 2000:0.64 | 12.6s
run39|sig4_0|4.0|none|0.9|1|51|code: fixed shape flat ratio 0.948 silent 0.00 resting 0.00 active 0.96 move 1.06e-08 | sent 1:0.66 10:0.65 100:0.63 1000:0.63 2000:0.63 | 12.8s
run39|sig4_0|4.0|none|0.5|0|50|code: alive shape flat ratio 1 silent 0.01 resting 0.00 active 1.00 move 0.134 lock 0.00 static 0.901 pr 13.2 | sent 1:0.7 10:0.7 100:0.7 1000:0.7 2000:0.7 | 19.5s
run39|sig4_0|4.0|none|0.0|0|50|code: alive shape flat ratio 0.989 silent 0.00 resting 0.00 active 0.99 move 0.565 lock 0.00 static 0.836 pr 19.2 | sent 1:0.7 10:0.7 100:0.7 1000:0.7 2000:0.69 | 22.2s
run39|sig4_0|4.0|none|0.9|0|51|code: alive shape flat ratio 1.03 silent 0.25 resting 0.00 active 1.00 move 0.0211 lock 0.00 static 0.905 pr 5.1 | sent 1:0.67 10:0.69 100:0.69 1000:0.69 2000:0.69 | 12.5s
run39|sig4_0|4.0|none|0.0|1|51|code: fixed shape flat ratio 0.948 silent 0.00 resting 0.00 active 0.96 move 1.96e-07 | sent 1:0.66 10:0.63 100:0.63 1000:0.63 2000:0.63 | 23.1s
run39|sig4_0|2.0|kp1|0.9|1|50|leak: cycle period 4 shape flat ratio 0.987 silent 0.00 resting 0.00 active 0.96 move 0.00316 lock 0.96 static 1.000 pr 2.1 | sent 1:0.65 10:0.66 100:0.64 1000:0.64 2000:0.64 | 27.3s
run39|sig4_0|4.0|none|0.9|0|50|code: alive shape flat ratio 1.02 silent 0.21 resting 0.00 active 1.00 move 0.0235 lock 0.00 static 0.911 pr 6.0 | sent 1:0.7 10:0.71 100:0.71 1000:0.71 2000:0.71 | 15.8s
run39|sig4_0|4.0|none|0.5|1|51|code: fixed shape flat ratio 0.948 silent 0.00 resting 0.00 active 0.96 move 6.06e-08 | sent 1:0.66 10:0.64 100:0.63 1000:0.63 2000:0.63 | 23.4s
run39|sig4_0|4.0|none|0.5|1|50|code: fixed shape flat ratio 0.932 silent 0.00 resting 0.00 active 0.96 move 5.98e-08 | sent 1:0.69 10:0.65 100:0.64 1000:0.64 2000:0.64 | 23.8s
run39|sig4_0|4.0|none|0.5|0|51|code: alive shape flat ratio 1.02 silent 0.01 resting 0.00 active 1.00 move 0.131 lock 0.00 static 0.899 pr 12.8 | sent 1:0.67 10:0.69 100:0.68 1000:0.69 2000:0.69 | 23.0s
run39|sig4_0|2.0|kp1|0.9|0|51|leak: alive shape flat ratio 1.04 silent 0.00 resting 0.00 active 0.99 move 0.011 lock 0.59 static 0.959 pr 4.5 | sent 1:0.65 10:0.65 100:0.67 1000:0.67 2000:0.67 | 26.7s
run39|sig4_0|4.0|none|0.5|1|50|leak: fixed shape flat ratio 0.944 silent 0.00 resting 0.00 active 0.96 move 6.09e-08 | sent 1:0.68 10:0.65 100:0.64 1000:0.64 2000:0.64 | 15.0s
run39|sig4_0|4.0|none|0.5|1|51|leak: fixed shape flat ratio 0.955 silent 0.00 resting 0.00 active 0.96 move 6.04e-08 | sent 1:0.66 10:0.63 100:0.63 1000:0.63 2000:0.63 | 15.1s
run39|sig4_0|4.0|none|0.5|0|50|leak: alive shape flat ratio 1.01 silent 0.00 resting 0.00 active 0.99 move 0.113 lock 0.00 static 0.914 pr 12.1 | sent 1:0.69 10:0.68 100:0.7 1000:0.69 2000:0.69 | 14.5s
run39|sig4_0|4.0|none|0.5|0|51|leak: alive shape flat ratio 1.03 silent 0.00 resting 0.00 active 0.99 move 0.108 lock 0.00 static 0.912 pr 12.5 | sent 1:0.67 10:0.67 100:0.68 1000:0.68 2000:0.68 | 14.6s
run39|sig4_0|4.0|kp1|0.0|1|50|code: cycle period 4 shape flat ratio 0.931 silent 0.00 resting 0.00 active 0.96 move 0.0707 lock 0.00 static 0.999 pr 2.3 | sent 1:0.69 10:0.64 100:0.64 1000:0.64 2000:0.64 | 13.1s
run39|sig4_0|4.0|none|0.9|1|50|leak: fixed shape flat ratio 0.981 silent 0.00 resting 0.00 active 0.96 move 1.26e-08 | sent 1:0.65 10:0.66 100:0.64 1000:0.64 2000:0.64 | 14.9s
run39|sig4_0|4.0|none|0.9|0|50|leak: alive shape flat ratio 1.06 silent 0.00 resting 0.00 active 0.99 move 0.0165 lock 0.00 static 0.927 pr 5.4 | sent 1:0.65 10:0.69 100:0.7 1000:0.69 2000:0.7 | 14.5s
run39|sig4_0|4.0|none|0.9|1|51|leak: fixed shape flat ratio 0.965 silent 0.00 resting 0.00 active 0.96 move 1.25e-08 | sent 1:0.65 10:0.64 100:0.63 1000:0.63 2000:0.63 | 15.2s
run39|sig4_0|4.0|kp1|0.9|1|50|code: cycle period 4 shape flat ratio 0.93 silent 0.00 resting 0.00 active 0.96 move 0.00316 lock 0.96 static 1.000 pr 2.0 | sent 1:0.69 10:0.66 100:0.64 1000:0.64 2000:0.64 | 13.3s
run39|sig4_0|4.0|kp1|0.9|0|50|code: alive shape flat ratio 0.998 silent 0.20 resting 0.00 active 1.00 move 0.0246 lock 0.00 static 0.906 pr 5.6 | sent 1:0.7 10:0.71 100:0.7 1000:0.7 2000:0.7 | 12.8s
run39|sig4_0|4.0|kp1|0.9|1|51|code: cycle period 4 shape flat ratio 0.95 silent 0.00 resting 0.00 active 0.96 move 0.00271 lock 0.96 static 1.000 pr 2.0 | sent 1:0.66 10:0.65 100:0.63 1000:0.63 2000:0.63 | 13.4s
run39|sig4_0|4.0|kp1|0.9|0|51|code: alive shape flat ratio 1.02 silent 0.24 resting 0.00 active 1.00 move 0.024 lock 0.00 static 0.905 pr 5.5 | sent 1:0.67 10:0.69 100:0.7 1000:0.7 2000:0.68 | 12.9s
run39|sig4_0|4.0|kp1|0.0|0|50|code: alive shape flat ratio 0.981 silent 0.00 resting 0.00 active 0.99 move 0.567 lock 0.00 static 0.839 pr 19.2 | sent 1:0.7 10:0.69 100:0.69 1000:0.7 2000:0.69 | 22.1s
run39|sig4_0|4.0|kp1|0.0|1|51|code: cycle period 4 shape flat ratio 0.951 silent 0.00 resting 0.00 active 0.96 move 0.0727 lock 0.00 static 0.999 pr 2.5 | sent 1:0.66 10:0.63 100:0.63 1000:0.63 2000:0.63 | 23.8s
run39|sig4_0|4.0|kp1|0.0|0|51|code: alive shape flat ratio 1.03 silent 0.00 resting 0.00 active 0.99 move 0.568 lock 0.00 static 0.837 pr 19.8 | sent 1:0.67 10:0.67 100:0.68 1000:0.68 2000:0.69 | 22.5s
run39|sig4_0|4.0|none|0.9|0|51|leak: alive shape flat ratio 1.04 silent 0.00 resting 0.00 active 0.99 move 0.0164 lock 0.00 static 0.916 pr 4.6 | sent 1:0.65 10:0.67 100:0.68 1000:0.69 2000:0.68 | 26.7s
run39|sig4_0|4.0|kp1|0.5|0|51|code: alive shape flat ratio 1.04 silent 0.01 resting 0.00 active 1.00 move 0.135 lock 0.00 static 0.905 pr 13.0 | sent 1:0.67 10:0.69 100:0.69 1000:0.7 2000:0.69 | 22.9s
run39|sig4_0|4.0|kp1|0.5|0|50|code: alive shape flat ratio 0.999 silent 0.01 resting 0.00 active 1.00 move 0.133 lock 0.00 static 0.903 pr 12.8 | sent 1:0.7 10:0.7 100:0.69 1000:0.71 2000:0.7 | 23.3s
run39|sig4_0|4.0|kp1|0.5|1|50|code: cycle period 4 shape flat ratio 0.931 silent 0.00 resting 0.00 active 0.96 move 0.02 lock 0.88 static 1.000 pr 1.8 | sent 1:0.69 10:0.65 100:0.64 1000:0.64 2000:0.64 | 23.9s
run39|sig4_0|4.0|kp1|0.5|1|51|code: cycle period 4 shape flat ratio 0.951 silent 0.00 resting 0.00 active 0.96 move 0.0177 lock 0.80 static 1.000 pr 2.1 | sent 1:0.66 10:0.63 100:0.63 1000:0.63 2000:0.63 | 24.2s
run39|sig4_0|4.0|kp1|0.5|1|50|leak: cycle period 4 shape flat ratio 0.942 silent 0.00 resting 0.00 active 0.96 move 0.02 lock 0.88 static 1.000 pr 1.8 | sent 1:0.68 10:0.65 100:0.64 1000:0.64 2000:0.64 | 14.8s
run39|sig4_0|4.0|kp1|0.5|0|50|leak: alive shape flat ratio 1 silent 0.00 resting 0.00 active 0.99 move 0.108 lock 0.00 static 0.910 pr 12.3 | sent 1:0.69 10:0.69 100:0.7 1000:0.69 2000:0.69 | 14.2s
run39|sig4_0|4.0|kp1|0.5|1|51|leak: cycle period 4 shape flat ratio 0.959 silent 0.00 resting 0.00 active 0.96 move 0.0177 lock 0.80 static 1.000 pr 2.1 | sent 1:0.66 10:0.63 100:0.63 1000:0.63 2000:0.63 | 14.8s
run39|sig4_0|4.0|kp1|0.5|0|51|leak: alive shape flat ratio 1.03 silent 0.00 resting 0.00 active 0.99 move 0.106 lock 0.00 static 0.917 pr 12.0 | sent 1:0.66 10:0.68 100:0.68 1000:0.69 2000:0.68 | 14.4s
run39|sig4_0|4.0|kp1|0.9|1|50|leak: cycle period 4 shape flat ratio 0.976 silent 0.00 resting 0.00 active 0.96 move 0.00316 lock 0.96 static 1.000 pr 2.0 | sent 1:0.66 10:0.66 100:0.64 1000:0.64 2000:0.64 | 14.8s
run39|sig4_0|4.0|kp1|0.9|0|50|leak: alive shape flat ratio 1.05 silent 0.00 resting 0.00 active 0.99 move 0.0161 lock 0.00 static 0.924 pr 5.1 | sent 1:0.66 10:0.69 100:0.69 1000:0.69 2000:0.69 | 14.4s
run39|sig4_0|4.0|kp1|0.9|1|51|leak: cycle period 4 shape flat ratio 0.969 silent 0.00 resting 0.00 active 0.96 move 0.00271 lock 0.96 static 1.000 pr 2.0 | sent 1:0.65 10:0.64 100:0.63 1000:0.63 2000:0.63 | 14.9s
run39|sig4_0|4.0|kp1|0.9|0|51|leak: alive shape flat ratio 1.04 silent 0.00 resting 0.00 active 0.99 move 0.0172 lock 0.00 static 0.921 pr 4.6 | sent 1:0.65 10:0.67 100:0.69 1000:0.68 2000:0.68 | 14.5s
run39|sig4_0|16.0|none|0.9|1|50|code: fixed shape flat ratio 0.921 silent 0.00 resting 0.00 active 0.96 move 5.04e-09 | sent 1:0.7 10:0.66 100:0.64 1000:0.64 2000:0.64 | 12.4s
run39|sig4_0|16.0|none|0.9|1|51|code: fixed shape flat ratio 0.94 silent 0.00 resting 0.00 active 0.96 move 1.06e-08 | sent 1:0.67 10:0.65 100:0.63 1000:0.63 2000:0.63 | 12.6s
run39|sig4_0|16.0|none|0.9|0|50|code: alive shape flat ratio 0.991 silent 0.31 resting 0.00 active 1.00 move 0.0245 lock 0.00 static 0.908 pr 5.3 | sent 1:0.71 10:0.71 100:0.7 1000:0.71 2000:0.7 | 12.2s
run39|sig4_0|16.0|none|0.9|0|51|code: alive shape flat ratio 1.02 silent 0.33 resting 0.00 active 1.00 move 0.0226 lock 0.00 static 0.912 pr 5.8 | sent 1:0.68 10:0.69 100:0.69 1000:0.69 2000:0.69 | 12.4s
run39|sig4_0|16.0|none|0.0|1|50|code: fixed shape flat ratio 0.921 silent 0.00 resting 0.00 active 0.96 move 2.05e-07 | sent 1:0.7 10:0.64 100:0.64 1000:0.64 2000:0.64 | 22.3s
run39|sig4_0|16.0|none|0.0|1|51|code: fixed shape flat ratio 0.94 silent 0.00 resting 0.00 active 0.96 move 1.91e-07 | sent 1:0.67 10:0.63 100:0.63 1000:0.63 2000:0.63 | 22.5s
run39|sig4_0|16.0|none|0.5|1|50|leak: fixed shape flat ratio 0.924 silent 0.00 resting 0.00 active 0.96 move 5.97e-08 | sent 1:0.69 10:0.65 100:0.64 1000:0.64 2000:0.64 | 14.8s
run39|sig4_0|16.0|none|0.0|0|50|code: alive shape flat ratio 0.979 silent 0.01 resting 0.00 active 1.00 move 0.642 lock 0.00 static 0.801 pr 20.1 | sent 1:0.71 10:0.7 100:0.7 1000:0.7 2000:0.69 | 21.5s
run39|sig4_0|16.0|none|0.0|0|51|code: alive shape flat ratio 1.02 silent 0.01 resting 0.00 active 1.00 move 0.647 lock 0.00 static 0.792 pr 20.6 | sent 1:0.68 10:0.69 100:0.69 1000:0.68 2000:0.7 | 21.7s
run39|sig4_0|16.0|none|0.5|1|51|leak: fixed shape flat ratio 0.943 silent 0.00 resting 0.00 active 0.96 move 5.97e-08 | sent 1:0.67 10:0.64 100:0.63 1000:0.63 2000:0.63 | 15.0s
run39|sig4_0|16.0|none|0.5|0|50|leak: alive shape flat ratio 1.01 silent 0.04 resting 0.00 active 1.00 move 0.152 lock 0.00 static 0.903 pr 13.5 | sent 1:0.71 10:0.71 100:0.7 1000:0.7 2000:0.71 | 14.4s
run39|sig4_0|16.0|none|0.5|0|51|leak: alive shape flat ratio 1.03 silent 0.05 resting 0.00 active 1.00 move 0.148 lock 0.00 static 0.898 pr 13.4 | sent 1:0.68 10:0.69 100:0.7 1000:0.69 2000:0.7 | 14.5s
run39|sig4_0|16.0|none|0.5|1|50|code: fixed shape flat ratio 0.921 silent 0.00 resting 0.00 active 0.96 move 6.04e-08 | sent 1:0.7 10:0.65 100:0.64 1000:0.64 2000:0.64 | 22.5s
run39|sig4_0|16.0|none|0.5|0|50|code: alive shape flat ratio 0.991 silent 0.10 resting 0.00 active 1.00 move 0.16 lock 0.00 static 0.893 pr 13.1 | sent 1:0.71 10:0.71 100:0.71 1000:0.7 2000:0.7 | 21.9s
run39|sig4_0|16.0|none|0.5|1|51|code: fixed shape flat ratio 0.94 silent 0.00 resting 0.00 active 0.96 move 6.12e-08 | sent 1:0.67 10:0.64 100:0.63 1000:0.63 2000:0.63 | 22.9s
run39|sig4_0|16.0|none|0.5|0|51|code: alive shape flat ratio 1.02 silent 0.12 resting 0.00 active 1.00 move 0.152 lock 0.00 static 0.901 pr 13.3 | sent 1:0.68 10:0.69 100:0.7 1000:0.69 2000:0.69 | 22.3s
run39|sig4_0|16.0|none|0.9|1|50|leak: fixed shape flat ratio 0.948 silent 0.00 resting 0.00 active 0.96 move 1.42e-08 | sent 1:0.68 10:0.66 100:0.64 1000:0.64 2000:0.64 | 14.9s
run39|sig4_0|16.0|none|0.9|0|50|leak: alive shape flat ratio 1.03 silent 0.09 resting 0.00 active 1.00 move 0.0227 lock 0.00 static 0.921 pr 5.9 | sent 1:0.68 10:0.71 100:0.71 1000:0.71 2000:0.7 | 14.4s
run39|sig4_0|16.0|none|0.9|1|51|leak: fixed shape flat ratio 0.958 silent 0.00 resting 0.00 active 0.96 move 1.49e-08 | sent 1:0.66 10:0.65 100:0.63 1000:0.63 2000:0.63 | 15.0s
run39|sig4_0|16.0|none|0.9|0|51|leak: alive shape flat ratio 1.04 silent 0.10 resting 0.00 active 1.00 move 0.0222 lock 0.00 static 0.916 pr 5.6 | sent 1:0.66 10:0.69 100:0.69 1000:0.69 2000:0.69 | 14.6s
run39|sig4_0|16.0|kp1|0.0|0|50|code: alive shape flat ratio 1 silent 0.01 resting 0.00 active 1.00 move 0.646 lock 0.00 static 0.799 pr 20.1 | sent 1:0.71 10:0.71 100:0.71 1000:0.69 2000:0.71 | 12.2s
run39|sig4_0|16.0|kp1|0.5|0|50|code: alive shape flat ratio 0.988 silent 0.11 resting 0.00 active 1.00 move 0.157 lock 0.00 static 0.895 pr 13.2 | sent 1:0.71 10:0.7 100:0.7 1000:0.71 2000:0.7 | 12.6s
run39|sig4_0|16.0|kp1|0.5|0|51|code: alive shape flat ratio 1.02 silent 0.12 resting 0.00 active 1.00 move 0.157 lock 0.00 static 0.894 pr 13.8 | sent 1:0.68 10:0.7 100:0.7 1000:0.7 2000:0.69 | 12.8s
run39|sig4_0|16.0|kp1|0.5|1|51|code: cycle period 4 shape flat ratio 0.942 silent 0.00 resting 0.00 active 0.96 move 0.0177 lock 0.80 static 1.000 pr 2.1 | sent 1:0.67 10:0.64 100:0.63 1000:0.63 2000:0.63 | 13.5s
run39|sig4_0|16.0|kp1|0.0|1|50|code: cycle period 4 shape flat ratio 0.92 silent 0.00 resting 0.00 active 0.96 move 0.0707 lock 0.00 static 0.999 pr 2.3 | sent 1:0.7 10:0.64 100:0.64 1000:0.64 2000:0.64 | 23.2s
run39|sig4_0|16.0|kp1|0.0|0|51|code: alive shape flat ratio 1.03 silent 0.01 resting 0.00 active 1.00 move 0.643 lock 0.00 static 0.796 pr 20.6 | sent 1:0.68 10:0.69 100:0.71 1000:0.69 2000:0.7 | 21.8s
run39|sig4_0|16.0|kp1|0.0|1|51|code: cycle period 4 shape flat ratio 0.943 silent 0.00 resting 0.00 active 0.96 move 0.0727 lock 0.00 static 0.999 pr 2.5 | sent 1:0.67 10:0.63 100:0.63 1000:0.63 2000:0.63 | 22.9s
run39|sig4_0|16.0|kp1|0.5|1|50|leak: cycle period 4 shape flat ratio 0.923 silent 0.00 resting 0.00 active 0.96 move 0.02 lock 0.88 static 1.000 pr 1.8 | sent 1:0.69 10:0.65 100:0.64 1000:0.64 2000:0.64 | 14.9s
run39|sig4_0|16.0|kp1|0.5|0|50|leak: alive shape flat ratio 0.978 silent 0.04 resting 0.00 active 1.00 move 0.156 lock 0.00 static 0.890 pr 13.4 | sent 1:0.71 10:0.71 100:0.71 1000:0.7 2000:0.69 | 14.3s
run39|sig4_0|16.0|kp1|0.5|1|51|leak: cycle period 4 shape flat ratio 0.945 silent 0.00 resting 0.00 active 0.96 move 0.0177 lock 0.80 static 1.000 pr 2.1 | sent 1:0.67 10:0.64 100:0.63 1000:0.63 2000:0.63 | 14.9s
run39|sig4_0|16.0|kp1|0.5|0|51|leak: alive shape flat ratio 1.02 silent 0.05 resting 0.00 active 1.00 move 0.146 lock 0.00 static 0.899 pr 13.3 | sent 1:0.68 10:0.69 100:0.7 1000:0.7 2000:0.69 | 14.5s
run39|sig4_0|16.0|kp1|0.5|1|50|code: cycle period 4 shape flat ratio 0.92 silent 0.00 resting 0.00 active 0.96 move 0.02 lock 0.88 static 1.000 pr 1.8 | sent 1:0.7 10:0.65 100:0.64 1000:0.64 2000:0.64 | 23.9s
run39|sig4_0|16.0|kp1|0.9|1|50|code: cycle period 4 shape flat ratio 0.919 silent 0.00 resting 0.00 active 0.96 move 0.00316 lock 0.96 static 1.000 pr 2.0 | sent 1:0.7 10:0.66 100:0.64 1000:0.64 2000:0.64 | 23.9s
run39|sig4_0|16.0|kp1|0.9|0|50|code: alive shape flat ratio 1 silent 0.30 resting 0.00 active 1.00 move 0.0245 lock 0.00 static 0.906 pr 5.6 | sent 1:0.71 10:0.71 100:0.71 1000:0.7 2000:0.71 | 23.3s
run39|sig4_0|16.0|kp1|0.9|1|51|code: cycle period 4 shape flat ratio 0.942 silent 0.00 resting 0.00 active 0.96 move 0.00271 lock 0.96 static 1.000 pr 2.0 | sent 1:0.67 10:0.65 100:0.63 1000:0.63 2000:0.63 | 24.1s
run39|sig4_0|16.0|kp1|0.9|0|51|code: alive shape flat ratio 1.03 silent 0.32 resting 0.00 active 1.00 move 0.0251 lock 0.00 static 0.903 pr 5.5 | sent 1:0.68 10:0.7 100:0.7 1000:0.69 2000:0.7 | 23.3s
run39|sig4_0|16.0|kp1|0.9|1|50|leak: cycle period 4 shape flat ratio 0.943 silent 0.00 resting 0.00 active 0.96 move 0.00316 lock 0.96 static 1.000 pr 1.9 | sent 1:0.68 10:0.66 100:0.64 1000:0.64 2000:0.64 | 14.9s
run39|sig4_0|16.0|kp1|0.9|0|50|leak: alive shape flat ratio 1.03 silent 0.09 resting 0.00 active 1.00 move 0.0211 lock 0.00 static 0.906 pr 5.0 | sent 1:0.69 10:0.7 100:0.71 1000:0.71 2000:0.71 | 14.5s
run39|sig4_0|16.0|kp1|0.9|0|51|leak: alive shape flat ratio 1.05 silent 0.11 resting 0.00 active 1.00 move 0.0202 lock 0.00 static 0.927 pr 6.4 | sent 1:0.66 10:0.69 100:0.69 1000:0.69 2000:0.7 | 14.8s
run39|sig4_1|0.1|none|0.0|0|51|code: fixed shape decaying ratio 0.0528 silent 0.00 resting 0.21 active 0.00 move 0 | sent 1:0.34 10:0.018 100:0.018 1000:0.018 2000:0.018 | 12.1s
run39|sig4_1|0.1|none|0.0|1|50|code: fixed shape decaying ratio 0.051 silent 0.00 resting 0.19 active 0.00 move 0 | sent 1:0.35 10:0.018 100:0.018 1000:0.018 2000:0.018 | 13.7s
run39|sig4_1|0.1|none|0.5|1|50|code: fixed shape decaying ratio 0.0511 silent 0.00 resting 0.09 active 0.00 move 0 | sent 1:0.35 10:0.018 100:0.018 1000:0.018 2000:0.018 | 12.4s
run39|sig4_1|0.1|none|0.5|0|50|code: fixed shape decaying ratio 0.0512 silent 0.00 resting 0.10 active 0.00 move 0 | sent 1:0.35 10:0.018 100:0.018 1000:0.018 2000:0.018 | 12.2s
run39|sig4_1|0.1|none|0.5|1|51|code: fixed shape decaying ratio 0.0526 silent 0.00 resting 0.09 active 0.00 move 0 | sent 1:0.34 10:0.018 100:0.018 1000:0.018 2000:0.018 | 12.6s
run39|sig4_1|0.1|none|0.0|0|50|code: fixed shape decaying ratio 0.0512 silent 0.00 resting 0.21 active 0.00 move 0 | sent 1:0.35 10:0.018 100:0.018 1000:0.018 2000:0.018 | 18.9s
run39|sig4_0|16.0|kp1|0.9|1|51|leak: cycle period 4 shape flat ratio 0.96 silent 0.00 resting 0.00 active 0.96 move 0.00271 lock 0.96 static 1.000 pr 2.0 | sent 1:0.65 10:0.65 100:0.63 1000:0.63 2000:0.63 | 27.4s
run39|sig4_1|0.1|none|0.5|1|50|leak: fixed shape decaying ratio 0.051 silent 0.00 resting 0.19 active 0.00 move 0 | sent 1:0.35 10:0.018 100:0.018 1000:0.018 2000:0.018 | 16.9s
run39|sig4_1|0.1|none|0.5|0|50|leak: fixed shape decaying ratio 0.0512 silent 0.00 resting 0.21 active 0.00 move 0 | sent 1:0.35 10:0.018 100:0.018 1000:0.018 2000:0.018 | 14.6s
run39|sig4_1|0.1|none|0.0|1|51|code: fixed shape decaying ratio 0.0526 silent 0.00 resting 0.19 active 0.00 move 0 | sent 1:0.34 10:0.018 100:0.018 1000:0.018 2000:0.018 | 22.6s
run39|sig4_1|0.1|none|0.9|1|50|code: fixed shape decaying ratio 0.0527 silent 0.00 resting 0.02 active 0.00 move 0 | sent 1:0.35 10:0.18 100:0.019 1000:0.019 2000:0.019 | 19.0s
run39|sig4_1|0.1|none|0.5|0|51|code: fixed shape decaying ratio 0.0528 silent 0.00 resting 0.11 active 0.00 move 0 | sent 1:0.34 10:0.018 100:0.018 1000:0.018 2000:0.018 | 22.5s
run39|sig4_1|0.1|none|0.9|0|50|code: fixed shape decaying ratio 0.0526 silent 0.00 resting 0.02 active 0.00 move 0 | sent 1:0.35 10:0.14 100:0.018 1000:0.018 2000:0.018 | 22.1s
run39|sig4_1|0.1|none|0.9|0|51|code: fixed shape decaying ratio 0.0537 silent 0.00 resting 0.02 active 0.00 move 0 | sent 1:0.34 10:0.13 100:0.018 1000:0.018 2000:0.018 | 22.1s
run39|sig4_1|0.1|none|0.9|1|51|code: fixed shape decaying ratio 0.0538 silent 0.00 resting 0.02 active 0.00 move 0 | sent 1:0.34 10:0.17 100:0.018 1000:0.018 2000:0.018 | 22.9s
run39|sig4_1|0.1|none|0.5|0|51|leak: fixed shape decaying ratio 0.0528 silent 0.00 resting 0.21 active 0.00 move 0 | sent 1:0.34 10:0.018 100:0.018 1000:0.018 2000:0.018 | 14.7s
run39|sig4_1|0.1|none|0.9|1|51|leak: fixed shape decaying ratio 0.0524 silent 0.00 resting 0.19 active 0.00 move 0 | sent 1:0.34 10:0.11 100:0.018 1000:0.018 2000:0.018 | 14.8s
run39|sig4_1|0.1|none|0.9|0|50|leak: fixed shape decaying ratio 0.0512 silent 0.00 resting 0.21 active 0.00 move 0 | sent 1:0.35 10:0.09 100:0.018 1000:0.018 2000:0.018 | 14.3s
run39|sig4_1|0.1|none|0.9|0|51|leak: fixed shape decaying ratio 0.0527 silent 0.00 resting 0.21 active 0.00 move 0 | sent 1:0.34 10:0.09 100:0.018 1000:0.018 2000:0.018 | 14.6s
run39|sig4_1|0.1|none|0.9|1|50|leak: fixed shape decaying ratio 0.051 silent 0.00 resting 0.19 active 0.00 move 0 | sent 1:0.35 10:0.11 100:0.018 1000:0.018 2000:0.018 | 15.9s
run39|sig4_1|0.1|kp1|0.0|1|50|code: cycle period 4 shape decaying ratio 0.0511 silent 0.00 resting 0.18 active 0.00 move 1.07 lock 0.76 static 1.000 pr 2.4 | sent 1:0.35 10:0.018 100:0.018 1000:0.018 2000:0.018 | 12.6s
run39|sig4_1|0.1|none|0.5|1|51|leak: fixed shape decaying ratio 0.0525 silent 0.00 resting 0.19 active 0.00 move 0 | sent 1:0.34 10:0.018 100:0.018 1000:0.018 2000:0.018 | 26.4s
run39|sig4_1|0.1|kp1|0.0|0|50|code: cycle period 4 shape decaying ratio 0.0512 silent 0.00 resting 0.19 active 0.00 move 1.07 lock 0.76 static 1.000 pr 2.4 | sent 1:0.35 10:0.018 100:0.018 1000:0.018 2000:0.018 | 12.2s
run39|sig4_1|0.1|kp1|0.0|0|51|code: cycle period 4 shape decaying ratio 0.0529 silent 0.00 resting 0.19 active 0.00 move 1.01 lock 0.59 static 1.000 pr 2.6 | sent 1:0.34 10:0.018 100:0.018 1000:0.018 2000:0.018 | 12.4s
run39|sig4_1|0.1|kp1|0.9|0|50|code: cycle period 4 shape decaying ratio 0.0529 silent 0.00 resting 0.02 active 0.00 move 0.0862 lock 0.94 static 1.000 pr 1.8 | sent 1:0.35 10:0.14 100:0.019 1000:0.019 2000:0.019 | 12.6s
run39|sig4_1|0.1|kp1|0.9|0|51|code: cycle period 4 shape decaying ratio 0.0544 silent 0.00 resting 0.02 active 0.00 move 0.0793 lock 0.94 static 1.000 pr 2.0 | sent 1:0.34 10:0.13 100:0.018 1000:0.018 2000:0.018 | 12.6s
run39|sig4_1|0.1|kp1|0.5|1|50|leak: cycle period 4 shape decaying ratio 0.0511 silent 0.00 resting 0.18 active 0.00 move 0.514 lock 0.90 static 1.000 pr 2.1 | sent 1:0.35 10:0.018 100:0.018 1000:0.018 2000:0.018 | 14.6s
run39|sig4_1|0.1|kp1|0.0|1|51|code: cycle period 4 shape decaying ratio 0.0527 silent 0.00 resting 0.18 active 0.00 move 1.01 lock 0.59 static 1.000 pr 2.6 | sent 1:0.34 10:0.018 100:0.018 1000:0.018 2000:0.018 | 23.2s
run39|sig4_1|0.1|kp1|0.5|0|50|leak: cycle period 4 shape decaying ratio 0.0512 silent 0.00 resting 0.20 active 0.00 move 0.514 lock 0.94 static 1.000 pr 1.9 | sent 1:0.35 10:0.018 100:0.018 1000:0.018 2000:0.018 | 14.3s
run39|sig4_1|0.1|kp1|0.5|1|51|leak: cycle period 4 shape decaying ratio 0.0526 silent 0.00 resting 0.18 active 0.00 move 0.476 lock 0.92 static 1.000 pr 2.2 | sent 1:0.34 10:0.018 100:0.018 1000:0.018 2000:0.018 | 14.8s
run39|sig4_1|0.1|kp1|0.5|1|50|code: cycle period 4 shape decaying ratio 0.0511 silent 0.00 resting 0.08 active 0.00 move 0.514 lock 0.78 static 1.000 pr 2.0 | sent 1:0.35 10:0.018 100:0.018 1000:0.018 2000:0.018 | 23.7s
run39|sig4_1|0.1|kp1|0.5|0|51|leak: cycle period 4 shape decaying ratio 0.0529 silent 0.00 resting 0.20 active 0.00 move 0.476 lock 0.94 static 1.000 pr 2.2 | sent 1:0.34 10:0.018 100:0.018 1000:0.018 2000:0.018 | 14.6s
run39|sig4_1|0.1|kp1|0.5|1|51|code: cycle period 4 shape decaying ratio 0.0527 silent 0.00 resting 0.09 active 0.00 move 0.476 lock 0.61 static 1.000 pr 2.2 | sent 1:0.34 10:0.018 100:0.018 1000:0.018 2000:0.018 | 24.0s
run39|sig4_1|0.1|kp1|0.5|0|50|code: cycle period 4 shape decaying ratio 0.0513 silent 0.00 resting 0.09 active 0.00 move 0.514 lock 0.84 static 1.000 pr 2.1 | sent 1:0.35 10:0.018 100:0.018 1000:0.018 2000:0.018 | 22.9s
run39|sig4_1|0.1|kp1|0.9|0|50|leak: cycle period 4 shape decaying ratio 0.0512 silent 0.00 resting 0.20 active 0.00 move 0.0882 lock 0.94 static 1.000 pr 1.5 | sent 1:0.35 10:0.09 100:0.018 1000:0.018 2000:0.018 | 14.3s
run39|sig4_1|0.1|kp1|0.9|1|51|leak: cycle period 4 shape decaying ratio 0.0525 silent 0.00 resting 0.18 active 0.00 move 0.0814 lock 0.94 static 1.000 pr 2.2 | sent 1:0.34 10:0.11 100:0.018 1000:0.018 2000:0.018 | 14.8s
run39|sig4_1|0.1|kp1|0.5|0|51|code: cycle period 4 shape decaying ratio 0.0529 silent 0.00 resting 0.10 active 0.00 move 0.476 lock 0.61 static 1.000 pr 2.2 | sent 1:0.34 10:0.018 100:0.018 1000:0.018 2000:0.018 | 23.1s
run39|sig4_1|0.1|kp1|0.9|1|50|code: cycle period 4 shape decaying ratio 0.0532 silent 0.00 resting 0.02 active 0.00 move 0.0856 lock 0.94 static 1.000 pr 1.9 | sent 1:0.35 10:0.18 100:0.019 1000:0.019 2000:0.019 | 23.5s
run39|sig4_1|0.1|kp1|0.9|1|51|code: cycle period 4 shape decaying ratio 0.0546 silent 0.00 resting 0.01 active 0.00 move 0.0787 lock 0.94 static 1.000 pr 2.0 | sent 1:0.34 10:0.17 100:0.019 1000:0.019 2000:0.019 | 23.8s
run39|sig4_1|0.3|none|0.0|1|50|code: fixed shape decaying ratio 0.0506 silent 0.00 resting 0.06 active 0.00 move 0 | sent 1:0.36 10:0.018 100:0.018 1000:0.018 2000:0.018 | 12.2s
run39|sig4_1|0.1|kp1|0.9|0|51|leak: cycle period 4 shape decaying ratio 0.0528 silent 0.00 resting 0.20 active 0.00 move 0.0814 lock 0.94 static 1.000 pr 2.0 | sent 1:0.34 10:0.09 100:0.018 1000:0.018 2000:0.018 | 14.4s
run39|sig4_1|0.3|none|0.0|0|51|code: fixed shape decaying ratio 0.0518 silent 0.00 resting 0.07 active 0.00 move 0 | sent 1:0.35 10:0.018 100:0.018 1000:0.018 2000:0.018 | 11.9s
run39|sig4_1|0.3|none|0.0|1|51|code: fixed shape decaying ratio 0.0519 silent 0.00 resting 0.06 active 0.00 move 1.99e-08 | sent 1:0.35 10:0.018 100:0.018 1000:0.018 2000:0.018 | 12.3s
run39|sig4_1|0.3|none|0.5|1|50|code: fixed shape decaying ratio 0.051 silent 0.00 resting 0.03 active 0.00 move 0 | sent 1:0.36 10:0.018 100:0.018 1000:0.018 2000:0.018 | 12.3s
run39|sig4_1|0.3|none|0.5|0|50|code: fixed shape decaying ratio 0.0509 silent 0.00 resting 0.03 active 0.00 move 0 | sent 1:0.36 10:0.018 100:0.018 1000:0.018 2000:0.018 | 12.2s
run39|sig4_1|0.1|kp1|0.9|1|50|leak: cycle period 4 shape decaying ratio 0.051 silent 0.00 resting 0.18 active 0.00 move 0.0882 lock 0.94 static 1.000 pr 1.7 | sent 1:0.35 10:0.11 100:0.018 1000:0.018 2000:0.018 | 26.5s
run39|sig4_1|0.3|none|0.9|0|50|code: alive shape flat ratio 1.7 silent 0.00 resting 0.00 active 0.46 move 0.0187 lock 0.00 static 0.891 pr 4.9 | sent 1:0.36 10:0.45 100:0.61 1000:0.6 2000:0.61 | 12.1s
run39|sig4_1|0.3|none|0.9|1|51|code: alive shape flat ratio 0.995 silent 0.00 resting 0.00 active 0.35 move 0.00795 lock 0.29 static 0.895 pr 3.5 | sent 1:0.35 10:0.39 100:0.33 1000:0.34 2000:0.35 | 12.5s
run39|sig4_1|0.3|none|0.0|0|50|code: fixed shape decaying ratio 0.0506 silent 0.00 resting 0.07 active 0.00 move 0 | sent 1:0.36 10:0.018 100:0.018 1000:0.018 2000:0.018 | 21.4s
run39|sig4_1|0.3|none|0.5|0|50|leak: fixed shape decaying ratio 0.0512 silent 0.00 resting 0.07 active 0.00 move 0 | sent 1:0.35 10:0.018 100:0.018 1000:0.018 2000:0.018 | 14.4s
run39|sig4_1|0.3|none|0.5|0|51|code: fixed shape decaying ratio 0.052 silent 0.00 resting 0.04 active 0.00 move 0 | sent 1:0.35 10:0.018 100:0.018 1000:0.018 2000:0.018 | 21.9s
run39|sig4_1|0.3|none|0.5|1|51|code: fixed shape decaying ratio 0.0521 silent 0.00 resting 0.04 active 0.00 move 0 | sent 1:0.35 10:0.018 100:0.018 1000:0.018 2000:0.018 | 22.8s
run39|sig4_1|0.3|none|0.5|0|51|leak: fixed shape decaying ratio 0.0527 silent 0.00 resting 0.07 active 0.00 move 0 | sent 1:0.34 10:0.018 100:0.018 1000:0.018 2000:0.018 | 14.3s
run39|sig4_1|0.3|none|0.9|1|50|leak: fixed shape decaying ratio 0.0511 silent 0.00 resting 0.06 active 0.00 move 0 | sent 1:0.35 10:0.12 100:0.018 1000:0.018 2000:0.018 | 14.7s
run39|sig4_1|0.3|none|0.9|0|50|leak: fixed shape decaying ratio 0.0513 silent 0.00 resting 0.07 active 0.00 move 0 | sent 1:0.35 10:0.094 100:0.018 1000:0.018 2000:0.018 | 14.2s
run39|sig4_1|0.3|none|0.9|1|51|leak: fixed shape decaying ratio 0.0525 silent 0.00 resting 0.06 active 0.00 move 0 | sent 1:0.34 10:0.11 100:0.018 1000:0.018 2000:0.018 | 14.8s
run39|sig4_1|0.3|none|0.9|1|50|code: alive shape flat ratio 0.987 silent 0.00 resting 0.00 active 0.36 move 0.0115 lock 0.06 static 0.883 pr 3.8 | sent 1:0.36 10:0.4 100:0.36 1000:0.36 2000:0.35 | 22.1s
run39|sig4_1|0.3|none|0.9|0|51|code: alive shape flat ratio 1.72 silent 0.00 resting 0.00 active 0.44 move 0.0195 lock 0.00 static 0.897 pr 5.3 | sent 1:0.35 10:0.44 100:0.6 1000:0.6 2000:0.6 | 21.8s
run39|sig4_1|0.3|none|0.9|0|51|leak: fixed shape decaying ratio 0.0527 silent 0.00 resting 0.07 active 0.00 move 0 | sent 1:0.34 10:0.092 100:0.018 1000:0.018 2000:0.018 | 14.4s
run39|sig4_1|0.3|kp1|0.0|0|50|code: cycle period 4 shape decaying ratio 0.0508 silent 0.00 resting 0.05 active 0.00 move 1.07 lock 0.76 static 1.000 pr 2.4 | sent 1:0.36 10:0.018 100:0.018 1000:0.018 2000:0.018 | 12.1s
run39|sig4_1|0.3|kp1|0.0|1|51|code: cycle period 4 shape decaying ratio 0.052 silent 0.00 resting 0.04 active 0.00 move 1.01 lock 0.59 static 1.000 pr 2.5 | sent 1:0.35 10:0.018 100:0.018 1000:0.018 2000:0.018 | 12.8s
run39|sig4_1|0.3|none|0.5|1|50|leak: fixed shape decaying ratio 0.0511 silent 0.00 resting 0.06 active 0.00 move 0 | sent 1:0.35 10:0.018 100:0.018 1000:0.018 2000:0.018 | 26.5s
run39|sig4_1|0.3|none|0.5|1|51|leak: fixed shape decaying ratio 0.0525 silent 0.00 resting 0.06 active 0.00 move 0 | sent 1:0.34 10:0.018 100:0.018 1000:0.018 2000:0.018 | 26.7s
run39|sig4_1|0.3|kp1|0.5|1|50|code: cycle period 4 shape decaying ratio 0.0514 silent 0.00 resting 0.02 active 0.00 move 0.51 lock 0.76 static 1.000 pr 2.0 | sent 1:0.36 10:0.018 100:0.018 1000:0.018 2000:0.018 | 13.0s
run39|sig4_1|0.3|kp1|0.5|0|51|code: cycle period 4 shape decaying ratio 0.0522 silent 0.00 resting 0.03 active 0.00 move 0.473 lock 0.59 static 1.000 pr 2.1 | sent 1:0.35 10:0.018 100:0.018 1000:0.018 2000:0.018 | 12.7s
run39|sig4_1|0.3|kp1|0.0|1|50|code: cycle period 4 shape decaying ratio 0.0509 silent 0.00 resting 0.04 active 0.00 move 1.07 lock 0.76 static 1.000 pr 2.4 | sent 1:0.36 10:0.018 100:0.018 1000:0.018 2000:0.018 | 22.7s
run39|sig4_1|0.3|kp1|0.9|0|50|code: alive shape flat ratio 1.7 silent 0.00 resting 0.00 active 0.46 move 0.0166 lock 0.00 static 0.894 pr 4.8 | sent 1:0.36 10:0.45 100:0.61 1000:0.61 2000:0.61 | 12.7s
run39|sig4_1|0.3|kp1|0.9|1|50|code: alive shape flat ratio 0.982 silent 0.00 resting 0.00 active 0.36 move 0.0144 lock 0.06 static 0.847 pr 3.4 | sent 1:0.36 10:0.4 100:0.36 1000:0.35 2000:0.35 | 13.1s
run39|sig4_1|0.3|kp1|0.9|1|51|code: alive shape flat ratio 0.992 silent 0.00 resting 0.00 active 0.35 move 0.0143 lock 0.00 static 0.775 pr 3.1 | sent 1:0.35 10:0.4 100:0.34 1000:0.34 2000:0.34 | 13.1s
run39|sig4_1|0.3|kp1|0.0|0|51|code: cycle period 4 shape decaying ratio 0.0518 silent 0.00 resting 0.05 active 0.00 move 1.01 lock 0.59 static 1.000 pr 2.6 | sent 1:0.35 10:0.018 100:0.018 1000:0.018 2000:0.018 | 21.7s
run39|sig4_1|0.3|kp1|0.5|1|51|leak: cycle period 4 shape decaying ratio 0.0526 silent 0.00 resting 0.06 active 0.00 move 0.476 lock 0.59 static 1.000 pr 2.2 | sent 1:0.34 10:0.018 100:0.018 1000:0.018 2000:0.018 | 14.6s
run39|sig4_1|0.3|kp1|0.5|0|51|leak: cycle period 4 shape decaying ratio 0.0526 silent 0.00 resting 0.06 active 0.00 move 0.476 lock 0.59 static 1.000 pr 2.2 | sent 1:0.34 10:0.018 100:0.018 1000:0.018 2000:0.018 | 14.2s
run39|sig4_1|0.3|kp1|0.5|0|50|leak: cycle period 4 shape decaying ratio 0.0513 silent 0.00 resting 0.06 active 0.00 move 0.513 lock 0.76 static 1.000 pr 2.0 | sent 1:0.35 10:0.018 100:0.018 1000:0.018 2000:0.018 | 16.6s
run39|sig4_1|0.3|kp1|0.5|0|50|code: cycle period 4 shape decaying ratio 0.0512 silent 0.00 resting 0.02 active 0.00 move 0.511 lock 0.76 static 1.000 pr 2.0 | sent 1:0.36 10:0.018 100:0.018 1000:0.018 2000:0.018 | 22.6s
run39|sig4_1|0.3|kp1|0.5|1|51|code: cycle period 4 shape decaying ratio 0.0524 silent 0.00 resting 0.03 active 0.00 move 0.472 lock 0.59 static 1.000 pr 2.1 | sent 1:0.35 10:0.018 100:0.018 1000:0.018 2000:0.018 | 23.5s
run39|sig4_1|0.3|kp1|0.9|0|51|code: alive shape flat ratio 1.72 silent 0.00 resting 0.00 active 0.44 move 0.019 lock 0.00 static 0.884 pr 4.9 | sent 1:0.35 10:0.45 100:0.58 1000:0.6 2000:0.6 | 22.5s
run39|sig4_1|1.0|none|0.0|0|50|code: fixed shape decaying ratio 0.0452 silent 0.00 resting 0.03 active 0.00 move 9.13e-08 | sent 1:0.41 10:0.018 100:0.018 1000:0.018 2000:0.018 | 11.4s
run39|sig4_1|1.0|none|0.0|0|51|code: fixed shape decaying ratio 0.0444 silent 0.00 resting 0.03 active 0.00 move 9.05e-08 | sent 1:0.41 10:0.018 100:0.018 1000:0.018 2000:0.018 | 11.5s
run39|sig4_1|1.0|none|0.0|1|51|code: fixed shape decaying ratio 0.0464 silent 0.00 resting 0.02 active 0.00 move 9.48e-08 | sent 1:0.4 10:0.018 100:0.018 1000:0.018 2000:0.018 | 12.0s
run39|sig4_1|0.3|kp1|0.9|0|50|leak: cycle period 4 shape decaying ratio 0.0514 silent 0.00 resting 0.06 active 0.00 move 0.0881 lock 0.94 static 1.000 pr 1.8 | sent 1:0.35 10:0.095 100:0.018 1000:0.018 2000:0.018 | 14.0s
run39|sig4_1|0.3|kp1|0.9|0|51|leak: cycle period 4 shape decaying ratio 0.0527 silent 0.00 resting 0.07 active 0.00 move 0.0813 lock 0.94 static 1.000 pr 2.2 | sent 1:0.34 10:0.092 100:0.018 1000:0.018 2000:0.018 | 14.1s
run39|sig4_1|0.3|kp1|0.5|1|50|leak: cycle period 4 shape decaying ratio 0.0512 silent 0.00 resting 0.05 active 0.00 move 0.513 lock 0.76 static 1.000 pr 2.0 | sent 1:0.35 10:0.018 100:0.018 1000:0.018 2000:0.018 | 26.1s
run39|sig4_1|1.0|none|0.5|1|51|code: alive shape flat ratio 0.859 silent 0.00 resting 0.00 active 0.35 move 0.107 lock 0.00 static 0.784 pr 8.8 | sent 1:0.4 10:0.36 100:0.34 1000:0.35 2000:0.34 | 12.3s
run39|sig4_1|1.0|none|0.5|0|50|code: alive shape flat ratio 1.3 silent 0.00 resting 0.00 active 0.44 move 0.095 lock 0.00 static 0.879 pr 11.3 | sent 1:0.41 10:0.54 100:0.55 1000:0.55 2000:0.53 | 11.7s
run39|sig4_1|0.3|kp1|0.9|1|50|leak: cycle period 4 shape decaying ratio 0.0512 silent 0.00 resting 0.05 active 0.00 move 0.088 lock 0.94 static 1.000 pr 1.8 | sent 1:0.35 10:0.12 100:0.018 1000:0.018 2000:0.018 | 26.3s
run39|sig4_1|1.0|none|0.5|0|51|code: alive shape flat ratio 1.29 silent 0.00 resting 0.00 active 0.43 move 0.104 lock 0.00 static 0.864 pr 11.4 | sent 1:0.41 10:0.51 100:0.53 1000:0.54 2000:0.53 | 12.1s
run39|sig4_1|0.3|kp1|0.9|1|51|leak: cycle period 4 shape decaying ratio 0.0525 silent 0.00 resting 0.06 active 0.00 move 0.0813 lock 0.94 static 1.000 pr 2.1 | sent 1:0.34 10:0.11 100:0.018 1000:0.018 2000:0.018 | 26.5s
run39|sig4_1|1.0|none|0.0|1|50|code: fixed shape decaying ratio 0.0468 silent 0.00 resting 0.02 active 0.00 move 8.69e-08 | sent 1:0.4 10:0.019 100:0.019 1000:0.019 2000:0.019 | 21.6s
run39|sig4_1|1.0|none|0.9|0|51|code: alive shape flat ratio 1.63 silent 0.03 resting 0.00 active 0.47 move 0.0232 lock 0.00 static 0.905 pr 5.6 | sent 1:0.41 10:0.64 100:0.67 1000:0.67 2000:0.67 | 12.0s
run39|sig4_1|1.0|none|0.5|1|50|code: alive shape flat ratio 0.855 silent 0.00 resting 0.00 active 0.36 move 0.0829 lock 0.00 static 0.813 pr 7.9 | sent 1:0.4 10:0.37 100:0.34 1000:0.35 2000:0.34 | 22.3s
run39|sig4_1|1.0|none|0.5|0|50|leak: fixed shape decaying ratio 0.0502 silent 0.00 resting 0.02 active 0.00 move 0 | sent 1:0.37 10:0.019 100:0.018 1000:0.018 2000:0.018 | 14.0s
run39|sig4_1|1.0|none|0.5|1|50|leak: fixed shape decaying ratio 0.0509 silent 0.00 resting 0.02 active 0.00 move 0 | sent 1:0.37 10:0.02 100:0.019 1000:0.019 2000:0.019 | 14.5s
run39|sig4_1|1.0|none|0.5|1|51|leak: fixed shape decaying ratio 0.0514 silent 0.00 resting 0.02 active 0.00 move 0 | sent 1:0.36 10:0.02 100:0.018 1000:0.018 2000:0.018 | 14.8s
run39|sig4_1|1.0|none|0.5|0|51|leak: fixed shape decaying ratio 0.0506 silent 0.00 resting 0.02 active 0.00 move 4.34e-09 | sent 1:0.36 10:0.019 100:0.018 1000:0.018 2000:0.018 | 14.1s
run39|sig4_1|1.0|none|0.9|1|50|code: alive shape flat ratio 0.892 silent 0.00 resting 0.00 active 0.37 move 0.0139 lock 0.29 static 0.923 pr 4.1 | sent 1:0.4 10:0.46 100:0.35 1000:0.36 2000:0.35 | 22.1s
run39|sig4_1|1.0|none|0.9|1|51|leak: fixed shape decaying ratio 0.0538 silent 0.00 resting 0.02 active 0.00 move 0 | sent 1:0.34 10:0.17 100:0.018 1000:0.018 2000:0.018 | 14.7s
run39|sig4_1|1.0|none|0.9|1|51|code: alive shape flat ratio 0.871 silent 0.00 resting 0.00 active 0.36 move 0.0176 lock 0.00 static 0.714 pr 3.2 | sent 1:0.4 10:0.44 100:0.34 1000:0.34 2000:0.35 | 22.3s
run39|sig4_1|1.0|none|0.9|0|50|leak: fixed shape decaying ratio 0.0526 silent 0.00 resting 0.02 active 0.00 move 0 | sent 1:0.35 10:0.14 100:0.018 1000:0.018 2000:0.018 | 14.0s
run39|sig4_1|1.0|none|0.9|0|50|code: alive shape flat ratio 1.68 silent 0.03 resting 0.00 active 0.49 move 0.0219 lock 0.00 static 0.897 pr 5.1 | sent 1:0.41 10:0.66 100:0.68 1000:0.68 2000:0.69 | 21.4s
run39|sig4_1|1.0|kp1|0.0|1|50|code: cycle period 4 shape decaying ratio 0.0507 silent 0.00 resting 0.01 active 0.00 move 1.06 lock 0.24 static 0.999 pr 2.2 | sent 1:0.4 10:0.02 100:0.02 1000:0.02 2000:0.02 | 12.7s
run39|sig4_1|1.0|kp1|0.0|0|51|code: cycle period 4 shape decaying ratio 0.0459 silent 0.00 resting 0.00 active 0.00 move 1 lock 0.02 static 0.997 pr 2.4 | sent 1:0.42 10:0.019 100:0.019 1000:0.019 2000:0.019 | 11.8s
run39|sig4_1|1.0|kp1|0.5|0|50|code: alive shape flat ratio 1.34 silent 0.00 resting 0.00 active 0.44 move 0.102 lock 0.00 static 0.867 pr 10.6 | sent 1:0.41 10:0.54 100:0.55 1000:0.53 2000:0.55 | 12.3s
run39|sig4_1|1.0|kp1|0.5|1|51|code: alive shape flat ratio 0.809 silent 0.00 resting 0.00 active 0.35 move 0.117 lock 0.00 static 0.781 pr 9.1 | sent 1:0.4 10:0.36 100:0.31 1000:0.33 2000:0.32 | 12.9s
run39|sig4_1|1.0|kp1|0.5|0|51|code: alive shape flat ratio 1.27 silent 0.00 resting 0.00 active 0.42 move 0.115 lock 0.00 static 0.860 pr 12.0 | sent 1:0.42 10:0.52 100:0.54 1000:0.53 2000:0.53 | 12.7s
run39|sig4_1|1.0|kp1|0.9|1|50|code: alive shape flat ratio 0.885 silent 0.00 resting 0.00 active 0.37 move 0.0157 lock 0.02 static 0.852 pr 3.6 | sent 1:0.4 10:0.46 100:0.35 1000:0.35 2000:0.35 | 12.8s
run39|sig4_1|1.0|none|0.9|1|50|leak: fixed shape decaying ratio 0.0527 silent 0.00 resting 0.02 active 0.00 move 0 | sent 1:0.35 10:0.18 100:0.019 1000:0.019 2000:0.019 | 26.2s
run39|sig4_1|1.0|kp1|0.0|0|50|code: cycle period 4 shape decaying ratio 0.0479 silent 0.00 resting 0.01 active 0.00 move 1.06 lock 0.31 static 0.999 pr 2.2 | sent 1:0.41 10:0.02 100:0.02 1000:0.02 2000:0.02 | 21.2s
run39|sig4_1|1.0|kp1|0.0|1|51|code: cycle period 4 shape decaying ratio 0.0488 silent 0.00 resting 0.00 active 0.00 move 0.998 lock 0.00 static 0.995 pr 2.4 | sent 1:0.4 10:0.02 100:0.02 1000:0.02 2000:0.02 | 22.6s
run39|sig4_1|1.0|kp1|0.9|0|50|code: alive shape flat ratio 1.65 silent 0.03 resting 0.00 active 0.49 move 0.0222 lock 0.00 static 0.915 pr 6.1 | sent 1:0.41 10:0.66 100:0.67 1000:0.68 2000:0.68 | 12.3s
run39|sig4_1|1.0|none|0.9|0|51|leak: fixed shape decaying ratio 0.0537 silent 0.00 resting 0.02 active 0.00 move 0 | sent 1:0.34 10:0.13 100:0.018 1000:0.018 2000:0.018 | 25.8s
run39|sig4_1|1.0|kp1|0.5|1|50|leak: cycle period 4 shape decaying ratio 0.0517 silent 0.00 resting 0.02 active 0.00 move 0.501 lock 0.76 static 1.000 pr 1.9 | sent 1:0.37 10:0.02 100:0.019 1000:0.019 2000:0.019 | 14.3s
run39|sig4_1|1.0|kp1|0.5|0|50|leak: cycle period 4 shape decaying ratio 0.0508 silent 0.00 resting 0.02 active 0.00 move 0.504 lock 0.76 static 1.000 pr 1.9 | sent 1:0.37 10:0.019 100:0.019 1000:0.019 2000:0.019 | 14.0s
run39|sig4_1|1.0|kp1|0.5|1|50|code: alive shape flat ratio 0.864 silent 0.00 resting 0.00 active 0.36 move 0.097 lock 0.00 static 0.806 pr 7.1 | sent 1:0.4 10:0.38 100:0.33 1000:0.35 2000:0.34 | 23.3s
run39|sig4_1|1.0|kp1|0.5|0|51|leak: cycle period 4 shape decaying ratio 0.0504 silent 0.00 resting 0.01 active 0.00 move 0.466 lock 0.59 static 1.000 pr 2.1 | sent 1:0.37 10:0.019 100:0.019 1000:0.019 2000:0.019 | 14.1s
run39|sig4_1|1.0|kp1|0.9|1|50|leak: cycle period 4 shape decaying ratio 0.0532 silent 0.00 resting 0.02 active 0.00 move 0.0856 lock 0.94 static 1.000 pr 1.9 | sent 1:0.35 10:0.18 100:0.019 1000:0.019 2000:0.019 | 14.4s
run39|sig4_1|1.0|kp1|0.9|0|50|leak: cycle period 4 shape decaying ratio 0.0529 silent 0.00 resting 0.02 active 0.00 move 0.0862 lock 0.94 static 1.000 pr 1.8 | sent 1:0.35 10:0.15 100:0.019 1000:0.019 2000:0.019 | 14.0s
run39|sig4_1|1.0|kp1|0.9|1|51|leak: cycle period 4 shape decaying ratio 0.0538 silent 0.00 resting 0.01 active 0.00 move 0.0787 lock 0.94 static 1.000 pr 2.0 | sent 1:0.35 10:0.18 100:0.019 1000:0.019 2000:0.019 | 14.6s
run39|sig4_1|1.0|kp1|0.9|0|51|leak: cycle period 4 shape decaying ratio 0.0532 silent 0.00 resting 0.02 active 0.00 move 0.0793 lock 0.94 static 1.000 pr 2.0 | sent 1:0.35 10:0.14 100:0.018 1000:0.018 2000:0.018 | 14.1s
run39|sig4_1|1.0|kp1|0.9|0|51|code: alive shape flat ratio 1.62 silent 0.04 resting 0.00 active 0.48 move 0.0199 lock 0.00 static 0.908 pr 5.7 | sent 1:0.42 10:0.65 100:0.68 1000:0.66 2000:0.67 | 22.6s
run39|sig4_1|1.0|kp1|0.9|1|51|code: alive shape flat ratio 0.836 silent 0.00 resting 0.00 active 0.36 move 0.0173 lock 0.00 static 0.847 pr 4.3 | sent 1:0.4 10:0.44 100:0.34 1000:0.34 2000:0.33 | 23.5s
run39|sig4_1|2.0|none|0.0|0|51|code: alive shape flat ratio 1.08 silent 0.00 resting 0.00 active 0.42 move 0.689 lock 0.00 static 0.762 pr 20.0 | sent 1:0.5 10:0.52 100:0.54 1000:0.53 2000:0.54 | 11.5s
run39|sig4_1|1.0|kp1|0.5|1|51|leak: cycle period 4 shape decaying ratio 0.0517 silent 0.00 resting 0.01 active 0.00 move 0.463 lock 0.59 static 1.000 pr 2.1 | sent 1:0.36 10:0.022 100:0.019 1000:0.019 2000:0.019 | 26.1s
run39|sig4_1|2.0|none|0.5|1|51|code: alive shape flat ratio 0.727 silent 0.00 resting 0.00 active 0.35 move 0.124 lock 0.00 static 0.775 pr 8.8 | sent 1:0.46 10:0.35 100:0.33 1000:0.33 2000:0.34 | 12.2s
run39|sig4_1|2.0|none|0.5|0|50|code: alive shape flat ratio 1.29 silent 0.00 resting 0.00 active 0.47 move 0.122 lock 0.00 static 0.870 pr 12.5 | sent 1:0.49 10:0.63 100:0.64 1000:0.63 2000:0.63 | 11.8s
run39|sig4_1|2.0|none|0.9|1|50|code: alive shape flat ratio 0.773 silent 0.00 resting 0.00 active 0.36 move 0.0112 lock 0.08 static 0.861 pr 3.2 | sent 1:0.46 10:0.46 100:0.35 1000:0.35 2000:0.36 | 12.1s
run39|sig4_1|2.0|none|0.0|1|50|code: alive shape flat ratio 0.77 silent 0.00 resting 0.00 active 0.36 move 0.821 lock 0.00 static 0.673 pr 18.1 | sent 1:0.46 10:0.33 100:0.34 1000:0.35 2000:0.36 | 21.3s
run39|sig4_1|2.0|none|0.0|1|51|code: alive shape flat ratio 0.744 silent 0.00 resting 0.00 active 0.35 move 0.874 lock 0.00 static 0.642 pr 19.5 | sent 1:0.46 10:0.33 100:0.33 1000:0.34 2000:0.34 | 21.8s
run39|sig4_1|2.0|none|0.0|0|50|code: alive shape flat ratio 1.11 silent 0.00 resting 0.00 active 0.44 move 0.626 lock 0.00 static 0.797 pr 19.0 | sent 1:0.49 10:0.54 100:0.55 1000:0.55 2000:0.55 | 20.7s
run39|sig4_1|2.0|none|0.9|0|50|code: alive shape flat ratio 1.41 silent 0.11 resting 0.00 active 0.50 move 0.0248 lock 0.00 static 0.899 pr 5.7 | sent 1:0.49 10:0.68 100:0.69 1000:0.69 2000:0.69 | 11.9s
run39|sig4_1|2.0|none|0.9|1|51|code: alive shape flat ratio 0.739 silent 0.00 resting 0.00 active 0.35 move 0.0103 lock 0.92 static 0.947 pr 3.4 | sent 1:0.46 10:0.43 100:0.35 1000:0.34 2000:0.34 | 12.3s
run39|sig4_1|2.0|none|0.9|0|51|code: alive shape flat ratio 1.37 silent 0.13 resting 0.00 active 0.48 move 0.0234 lock 0.00 static 0.902 pr 6.0 | sent 1:0.5 10:0.67 100:0.68 1000:0.67 2000:0.68 | 11.9s
run39|sig4_1|2.0|none|0.5|1|50|code: alive shape flat ratio 0.762 silent 0.00 resting 0.00 active 0.37 move 0.0831 lock 0.00 static 0.795 pr 7.4 | sent 1:0.46 10:0.38 100:0.37 1000:0.35 2000:0.35 | 21.9s
run39|sig4_1|2.0|none|0.5|1|51|leak: alive shape flat ratio 0.859 silent 0.00 resting 0.00 active 0.35 move 0.107 lock 0.00 static 0.784 pr 8.8 | sent 1:0.4 10:0.36 100:0.34 1000:0.35 2000:0.34 | 14.6s
run39|sig4_1|2.0|none|0.5|0|51|leak: alive shape flat ratio 1.29 silent 0.00 resting 0.00 active 0.43 move 0.104 lock 0.00 static 0.864 pr 11.4 | sent 1:0.41 10:0.51 100:0.53 1000:0.54 2000:0.53 | 14.2s
run39|sig4_1|2.0|none|0.5|0|51|code: alive shape flat ratio 1.25 silent 0.00 resting 0.00 active 0.45 move 0.13 lock 0.00 static 0.877 pr 13.2 | sent 1:0.5 10:0.62 100:0.63 1000:0.63 2000:0.62 | 21.6s
run39|sig4_1|2.0|none|0.9|1|51|leak: alive shape flat ratio 0.987 silent 0.00 resting 0.00 active 0.35 move 0.0125 lock 0.02 static 0.833 pr 3.3 | sent 1:0.34 10:0.32 100:0.33 1000:0.34 2000:0.34 | 14.6s
run39|sig4_1|2.0|none|0.9|0|50|leak: alive shape flat ratio 1.53 silent 0.00 resting 0.00 active 0.44 move 0.0119 lock 0.02 static 0.917 pr 4.3 | sent 1:0.35 10:0.3 100:0.54 1000:0.54 2000:0.54 | 14.1s
run39|sig4_1|2.0|none|0.9|0|51|leak: alive shape flat ratio 1.58 silent 0.00 resting 0.00 active 0.43 move 0.0156 lock 0.00 static 0.893 pr 4.7 | sent 1:0.34 10:0.28 100:0.52 1000:0.52 2000:0.54 | 14.3s
run39|sig4_1|2.0|kp1|0.0|0|51|code: alive shape flat ratio 1.06 silent 0.00 resting 0.00 active 0.42 move 0.71 lock 0.00 static 0.759 pr 20.1 | sent 1:0.5 10:0.54 100:0.54 1000:0.53 2000:0.53 | 12.2s
run39|sig4_1|2.0|kp1|0.5|1|50|code: alive shape flat ratio 0.742 silent 0.00 resting 0.00 active 0.37 move 0.104 lock 0.00 static 0.798 pr 8.0 | sent 1:0.46 10:0.38 100:0.36 1000:0.35 2000:0.34 | 13.0s
run39|sig4_1|2.0|kp1|0.5|1|51|code: alive shape flat ratio 0.748 silent 0.00 resting 0.00 active 0.35 move 0.108 lock 0.00 static 0.744 pr 8.9 | sent 1:0.46 10:0.35 100:0.34 1000:0.34 2000:0.35 | 13.1s
run39|sig4_1|2.0|none|0.5|1|50|leak: alive shape flat ratio 0.855 silent 0.00 resting 0.00 active 0.36 move 0.0829 lock 0.00 static 0.813 pr 7.9 | sent 1:0.4 10:0.37 100:0.34 1000:0.35 2000:0.34 | 25.5s
run39|sig4_1|2.0|none|0.5|0|50|leak: alive shape flat ratio 1.3 silent 0.00 resting 0.00 active 0.44 move 0.095 lock 0.00 static 0.879 pr 11.3 | sent 1:0.41 10:0.54 100:0.55 1000:0.55 2000:0.53 | 25.8s
run39|sig4_1|2.0|kp1|0.5|0|51|code: alive shape flat ratio 1.23 silent 0.00 resting 0.00 active 0.45 move 0.143 lock 0.00 static 0.871 pr 12.8 | sent 1:0.5 10:0.62 100:0.63 1000:0.62 2000:0.62 | 12.5s
run39|sig4_1|2.0|kp1|0.9|1|50|code: alive shape flat ratio 0.761 silent 0.00 resting 0.00 active 0.37 move 0.0141 lock 0.02 static 0.842 pr 3.6 | sent 1:0.46 10:0.46 100:0.36 1000:0.36 2000:0.35 | 13.0s
run39|sig4_1|2.0|kp1|0.0|1|50|code: alive shape flat ratio 0.782 silent 0.00 resting 0.00 active 0.36 move 0.812 lock 0.00 static 0.674 pr 18.1 | sent 1:0.46 10:0.33 100:0.35 1000:0.35 2000:0.36 | 22.2s
run39|sig4_1|2.0|none|0.9|1|50|leak: alive shape flat ratio 0.976 silent 0.00 resting 0.00 active 0.36 move 0.0138 lock 0.00 static 0.829 pr 3.5 | sent 1:0.35 10:0.33 100:0.35 1000:0.35 2000:0.35 | 26.4s
run39|sig4_1|2.0|kp1|0.0|0|50|code: alive shape flat ratio 1.13 silent 0.00 resting 0.00 active 0.44 move 0.635 lock 0.00 static 0.795 pr 19.2 | sent 1:0.49 10:0.54 100:0.54 1000:0.54 2000:0.56 | 21.2s
run39|sig4_1|2.0|kp1|0.9|0|50|code: alive shape flat ratio 1.38 silent 0.11 resting 0.00 active 0.49 move 0.0252 lock 0.00 static 0.901 pr 5.5 | sent 1:0.49 10:0.68 100:0.7 1000:0.69 2000:0.68 | 12.6s
run39|sig4_1|2.0|kp1|0.9|0|51|code: alive shape flat ratio 1.36 silent 0.14 resting 0.00 active 0.48 move 0.0226 lock 0.00 static 0.910 pr 5.7 | sent 1:0.5 10:0.67 100:0.68 1000:0.68 2000:0.68 | 12.8s
run39|sig4_1|2.0|kp1|0.0|1|51|code: alive shape flat ratio 0.714 silent 0.00 resting 0.00 active 0.35 move 0.881 lock 0.00 static 0.641 pr 19.3 | sent 1:0.46 10:0.31 100:0.34 1000:0.35 2000:0.33 | 22.8s
run39|sig4_1|2.0|kp1|0.5|0|50|code: alive shape flat ratio 1.29 silent 0.00 resting 0.00 active 0.47 move 0.13 lock 0.00 static 0.871 pr 12.2 | sent 1:0.49 10:0.64 100:0.63 1000:0.64 2000:0.64 | 22.5s
run39|sig4_1|2.0|kp1|0.5|1|50|leak: alive shape flat ratio 0.859 silent 0.00 resting 0.00 active 0.36 move 0.0989 lock 0.00 static 0.802 pr 7.7 | sent 1:0.4 10:0.38 100:0.34 1000:0.35 2000:0.34 | 14.6s
run39|sig4_1|2.0|kp1|0.5|0|50|leak: alive shape flat ratio 1.3 silent 0.00 resting 0.00 active 0.44 move 0.0986 lock 0.00 static 0.864 pr 11.1 | sent 1:0.41 10:0.54 100:0.54 1000:0.54 2000:0.54 | 14.3s
run39|sig4_1|2.0|kp1|0.5|0|51|leak: alive shape flat ratio 1.23 silent 0.00 resting 0.00 active 0.42 move 0.11 lock 0.00 static 0.849 pr 11.4 | sent 1:0.42 10:0.52 100:0.53 1000:0.53 2000:0.51 | 14.5s
run39|sig4_1|2.0|kp1|0.9|1|50|leak: alive shape flat ratio 0.959 silent 0.00 resting 0.00 active 0.36 move 0.0167 lock 0.00 static 0.846 pr 3.6 | sent 1:0.36 10:0.34 100:0.35 1000:0.35 2000:0.34 | 14.7s
run39|sig4_1|2.0|kp1|0.9|1|51|code: alive shape flat ratio 0.714 silent 0.00 resting 0.00 active 0.35 move 0.0175 lock 0.00 static 0.808 pr 3.0 | sent 1:0.46 10:0.43 100:0.34 1000:0.34 2000:0.33 | 23.8s
run39|sig4_1|2.0|kp1|0.9|0|50|leak: alive shape flat ratio 1.54 silent 0.00 resting 0.00 active 0.44 move 0.0155 lock 0.04 static 0.886 pr 3.7 | sent 1:0.36 10:0.32 100:0.54 1000:0.55 2000:0.55 | 14.3s
run39|sig4_1|2.0|kp1|0.9|0|51|leak: alive shape flat ratio 1.55 silent 0.00 resting 0.00 active 0.42 move 0.0186 lock 0.00 static 0.867 pr 4.1 | sent 1:0.35 10:0.32 100:0.54 1000:0.52 2000:0.55 | 14.4s
run39|sig4_1|4.0|none|0.0|0|51|code: alive shape flat ratio 1.05 silent 0.00 resting 0.00 active 0.46 move 0.671 lock 0.00 static 0.785 pr 20.5 | sent 1:0.58 10:0.62 100:0.62 1000:0.63 2000:0.62 | 11.8s
run39|sig4_1|4.0|none|0.5|1|50|code: alive shape flat ratio 0.655 silent 0.00 resting 0.00 active 0.37 move 0.0947 lock 0.00 static 0.805 pr 8.6 | sent 1:0.53 10:0.37 100:0.34 1000:0.36 2000:0.35 | 12.3s
run39|sig4_1|4.0|none|0.5|0|51|code: alive shape flat ratio 1.14 silent 0.00 resting 0.00 active 0.47 move 0.145 lock 0.00 static 0.889 pr 13.4 | sent 1:0.58 10:0.65 100:0.66 1000:0.66 2000:0.67 | 12.2s
run39|sig4_1|2.0|kp1|0.5|1|51|leak: alive shape flat ratio 0.817 silent 0.00 resting 0.00 active 0.35 move 0.107 lock 0.00 static 0.831 pr 9.9 | sent 1:0.4 10:0.36 100:0.35 1000:0.35 2000:0.33 | 27.4s
run39|sig4_1|4.0|none|0.9|1|50|code: alive shape flat ratio 0.671 silent 0.00 resting 0.00 active 0.37 move 0.0105 lock 0.20 static 0.881 pr 3.1 | sent 1:0.53 10:0.46 100:0.36 1000:0.35 2000:0.36 | 12.4s
run39|sig4_1|4.0|none|0.9|1|51|code: alive shape flat ratio 0.643 silent 0.00 resting 0.00 active 0.35 move 0.0184 lock 0.00 static 0.748 pr 3.7 | sent 1:0.53 10:0.43 100:0.34 1000:0.33 2000:0.34 | 12.4s
run39|sig4_1|4.0|none|0.0|1|50|code: alive shape flat ratio 0.675 silent 0.00 resting 0.00 active 0.37 move 0.822 lock 0.00 static 0.672 pr 18.2 | sent 1:0.53 10:0.34 100:0.34 1000:0.36 2000:0.36 | 22.1s
run39|sig4_1|4.0|none|0.9|0|50|code: alive shape flat ratio 1.2 silent 0.21 resting 0.00 active 0.49 move 0.0241 lock 0.00 static 0.911 pr 5.5 | sent 1:0.58 10:0.69 100:0.7 1000:0.7 2000:0.7 | 11.9s
run39|sig4_1|4.0|none|0.0|0|50|code: alive shape flat ratio 1.07 silent 0.00 resting 0.00 active 0.47 move 0.65 lock 0.00 static 0.784 pr 20.0 | sent 1:0.58 10:0.63 100:0.64 1000:0.65 2000:0.62 | 20.9s
run39|sig4_1|2.0|kp1|0.9|1|51|leak: alive shape flat ratio 0.954 silent 0.00 resting 0.00 active 0.35 move 0.0163 lock 0.00 static 0.844 pr 3.5 | sent 1:0.35 10:0.33 100:0.33 1000:0.34 2000:0.34 | 26.7s
run39|sig4_1|4.0|none|0.0|1|51|code: alive shape flat ratio 0.651 silent 0.00 resting 0.00 active 0.35 move 0.879 lock 0.00 static 0.627 pr 19.2 | sent 1:0.53 10:0.31 100:0.34 1000:0.34 2000:0.35 | 22.7s
run39|sig4_1|4.0|none|0.5|1|51|code: alive shape flat ratio 0.636 silent 0.00 resting 0.00 active 0.35 move 0.101 lock 0.00 static 0.775 pr 9.5 | sent 1:0.53 10:0.34 100:0.34 1000:0.34 2000:0.34 | 22.5s
run39|sig4_1|4.0|none|0.5|1|50|leak: alive shape flat ratio 0.762 silent 0.00 resting 0.00 active 0.37 move 0.0831 lock 0.00 static 0.795 pr 7.4 | sent 1:0.46 10:0.38 100:0.37 1000:0.35 2000:0.35 | 14.8s
run39|sig4_1|4.0|none|0.5|0|50|code: alive shape flat ratio 1.15 silent 0.01 resting 0.00 active 0.48 move 0.14 lock 0.00 static 0.884 pr 13.1 | sent 1:0.58 10:0.66 100:0.67 1000:0.67 2000:0.67 | 21.6s
run39|sig4_1|4.0|none|0.5|0|50|leak: alive shape flat ratio 1.29 silent 0.00 resting 0.00 active 0.47 move 0.122 lock 0.00 static 0.870 pr 12.5 | sent 1:0.49 10:0.63 100:0.64 1000:0.63 2000:0.63 | 14.5s
run39|sig4_1|4.0|none|0.5|1|51|leak: alive shape flat ratio 0.727 silent 0.00 resting 0.00 active 0.35 move 0.124 lock 0.00 static 0.775 pr 8.8 | sent 1:0.46 10:0.35 100:0.33 1000:0.33 2000:0.34 | 14.9s
run39|sig4_1|4.0|none|0.5|0|51|leak: alive shape flat ratio 1.25 silent 0.00 resting 0.00 active 0.45 move 0.13 lock 0.00 static 0.877 pr 13.2 | sent 1:0.5 10:0.62 100:0.63 1000:0.63 2000:0.62 | 14.6s
run39|sig4_1|4.0|none|0.9|0|51|code: alive shape flat ratio 1.18 silent 0.23 resting 0.00 active 0.48 move 0.0234 lock 0.00 static 0.914 pr 5.9 | sent 1:0.58 10:0.68 100:0.68 1000:0.69 2000:0.69 | 22.2s
run39|sig4_1|4.0|none|0.9|1|50|leak: alive shape flat ratio 0.975 silent 0.00 resting 0.00 active 0.36 move 0.0126 lock 0.10 static 0.883 pr 3.3 | sent 1:0.36 10:0.43 100:0.36 1000:0.35 2000:0.35 | 14.8s
run39|sig4_1|4.0|kp1|0.0|1|51|code: alive shape flat ratio 0.671 silent 0.00 resting 0.00 active 0.35 move 0.891 lock 0.00 static 0.617 pr 19.3 | sent 1:0.53 10:0.3 100:0.34 1000:0.35 2000:0.36 | 12.9s
run39|sig4_1|4.0|none|0.9|0|50|leak: alive shape flat ratio 1.76 silent 0.00 resting 0.00 active 0.48 move 0.02 lock 0.00 static 0.910 pr 5.7 | sent 1:0.36 10:0.53 100:0.63 1000:0.64 2000:0.64 | 14.4s
run39|sig4_1|4.0|none|0.9|0|51|leak: alive shape flat ratio 1.79 silent 0.00 resting 0.00 active 0.46 move 0.0194 lock 0.00 static 0.903 pr 5.7 | sent 1:0.35 10:0.52 100:0.63 1000:0.63 2000:0.63 | 14.5s
run39|sig4_1|4.0|kp1|0.5|0|50|code: alive shape flat ratio 1.16 silent 0.01 resting 0.00 active 0.49 move 0.143 lock 0.00 static 0.882 pr 13.0 | sent 1:0.58 10:0.66 100:0.67 1000:0.67 2000:0.68 | 12.5s
run39|sig4_1|4.0|kp1|0.5|1|50|code: alive shape flat ratio 0.649 silent 0.00 resting 0.00 active 0.36 move 0.0817 lock 0.00 static 0.816 pr 8.0 | sent 1:0.54 10:0.37 100:0.35 1000:0.36 2000:0.35 | 16.1s
run39|sig4_1|4.0|kp1|0.9|1|50|code: alive shape flat ratio 0.673 silent 0.00 resting 0.00 active 0.36 move 0.0147 lock 0.16 static 0.872 pr 3.3 | sent 1:0.54 10:0.46 100:0.35 1000:0.35 2000:0.36 | 13.1s
run39|sig4_1|4.0|kp1|0.9|1|51|code: alive shape flat ratio 0.651 silent 0.00 resting 0.00 active 0.35 move 0.0118 lock 0.14 static 0.866 pr 3.1 | sent 1:0.53 10:0.43 100:0.33 1000:0.35 2000:0.34 | 13.4s
run39|sig4_1|4.0|kp1|0.0|0|50|code: alive shape flat ratio 1.1 silent 0.00 resting 0.00 active 0.47 move 0.646 lock 0.00 static 0.787 pr 20.0 | sent 1:0.58 10:0.65 100:0.64 1000:0.64 2000:0.64 | 21.4s
run39|sig4_1|4.0|kp1|0.0|1|50|code: alive shape flat ratio 0.683 silent 0.00 resting 0.00 active 0.37 move 0.867 lock 0.00 static 0.658 pr 17.7 | sent 1:0.54 10:0.32 100:0.37 1000:0.34 2000:0.37 | 22.4s
run39|sig4_1|4.0|kp1|0.0|0|51|code: alive shape flat ratio 1.08 silent 0.00 resting 0.00 active 0.46 move 0.673 lock 0.00 static 0.775 pr 20.4 | sent 1:0.58 10:0.62 100:0.62 1000:0.63 2000:0.63 | 22.1s
run39|sig4_1|4.0|none|0.9|1|51|leak: alive shape flat ratio 0.946 silent 0.00 resting 0.00 active 0.35 move 0.0196 lock 0.00 static 0.733 pr 3.4 | sent 1:0.35 10:0.41 100:0.34 1000:0.34 2000:0.33 | 27.4s
run39|sig4_1|4.0|kp1|0.5|1|50|leak: alive shape flat ratio 0.755 silent 0.00 resting 0.00 active 0.36 move 0.0963 lock 0.00 static 0.795 pr 8.3 | sent 1:0.47 10:0.38 100:0.36 1000:0.36 2000:0.35 | 14.7s
run39|sig4_1|4.0|kp1|0.5|1|51|code: alive shape flat ratio 0.601 silent 0.00 resting 0.00 active 0.35 move 0.133 lock 0.00 static 0.734 pr 10.0 | sent 1:0.53 10:0.34 100:0.33 1000:0.34 2000:0.32 | 23.6s
run39|sig4_1|4.0|kp1|0.5|0|50|leak: alive shape flat ratio 1.29 silent 0.00 resting 0.00 active 0.47 move 0.124 lock 0.00 static 0.876 pr 12.7 | sent 1:0.5 10:0.64 100:0.64 1000:0.62 2000:0.64 | 14.1s
run39|sig4_1|4.0|kp1|0.5|1|51|leak: alive shape flat ratio 0.73 silent 0.00 resting 0.00 active 0.35 move 0.111 lock 0.00 static 0.741 pr 8.7 | sent 1:0.47 10:0.35 100:0.34 1000:0.36 2000:0.34 | 14.8s
run39|sig4_1|4.0|kp1|0.5|0|51|leak: alive shape flat ratio 1.25 silent 0.00 resting 0.00 active 0.45 move 0.132 lock 0.00 static 0.872 pr 13.0 | sent 1:0.5 10:0.62 100:0.62 1000:0.63 2000:0.63 | 14.3s
run39|sig4_1|4.0|kp1|0.5|0|51|code: alive shape flat ratio 1.14 silent 0.01 resting 0.00 active 0.47 move 0.144 lock 0.00 static 0.893 pr 13.3 | sent 1:0.58 10:0.67 100:0.66 1000:0.66 2000:0.66 | 23.1s
run39|sig4_1|4.0|kp1|0.9|0|50|code: alive shape flat ratio 1.19 silent 0.21 resting 0.00 active 0.49 move 0.0248 lock 0.00 static 0.901 pr 5.6 | sent 1:0.58 10:0.69 100:0.7 1000:0.7 2000:0.69 | 23.0s
run39|sig4_1|4.0|kp1|0.9|1|50|leak: alive shape flat ratio 0.965 silent 0.00 resting 0.00 active 0.36 move 0.0128 lock 0.12 static 0.881 pr 3.0 | sent 1:0.37 10:0.43 100:0.36 1000:0.35 2000:0.36 | 14.8s
run39|sig4_1|4.0|kp1|0.9|1|51|leak: alive shape flat ratio 0.943 silent 0.00 resting 0.00 active 0.36 move 0.0188 lock 0.00 static 0.861 pr 3.9 | sent 1:0.36 10:0.42 100:0.34 1000:0.34 2000:0.34 | 14.9s
run39|sig4_1|4.0|kp1|0.9|0|51|code: alive shape flat ratio 1.18 silent 0.23 resting 0.00 active 0.49 move 0.0228 lock 0.00 static 0.919 pr 6.0 | sent 1:0.58 10:0.68 100:0.7 1000:0.69 2000:0.69 | 23.0s
run39|sig4_1|4.0|kp1|0.9|0|50|leak: alive shape flat ratio 1.68 silent 0.00 resting 0.00 active 0.48 move 0.0189 lock 0.00 static 0.899 pr 4.9 | sent 1:0.38 10:0.54 100:0.63 1000:0.64 2000:0.64 | 14.3s
run39|sig4_1|4.0|kp1|0.9|0|51|leak: alive shape flat ratio 1.69 silent 0.00 resting 0.00 active 0.45 move 0.0201 lock 0.00 static 0.891 pr 4.9 | sent 1:0.37 10:0.54 100:0.62 1000:0.63 2000:0.63 | 14.4s
run39|sig4_1|16.0|none|0.5|0|50|code: alive shape flat ratio 1.05 silent 0.10 resting 0.00 active 0.49 move 0.164 lock 0.00 static 0.885 pr 13.6 | sent 1:0.67 10:0.7 100:0.7 1000:0.7 2000:0.71 | 11.9s
run39|sig4_1|16.0|none|0.5|0|51|code: alive shape flat ratio 1.03 silent 0.12 resting 0.00 active 0.48 move 0.159 lock 0.00 static 0.902 pr 13.9 | sent 1:0.67 10:0.68 100:0.68 1000:0.69 2000:0.69 | 12.2s
run39|sig4_1|16.0|none|0.9|1|50|code: alive shape flat ratio 0.588 silent 0.00 resting 0.00 active 0.37 move 0.00995 lock 0.02 static 0.837 pr 3.2 | sent 1:0.61 10:0.46 100:0.35 1000:0.35 2000:0.36 | 12.3s
run39|sig4_1|16.0|none|0.9|0|50|code: alive shape flat ratio 1.04 silent 0.31 resting 0.00 active 0.50 move 0.0231 lock 0.00 static 0.915 pr 5.9 | sent 1:0.67 10:0.7 100:0.7 1000:0.7 2000:0.7 | 12.7s
run39|sig4_1|16.0|none|0.0|1|50|code: alive shape flat ratio 0.577 silent 0.00 resting 0.00 active 0.37 move 0.819 lock 0.00 static 0.667 pr 18.2 | sent 1:0.61 10:0.32 100:0.35 1000:0.36 2000:0.35 | 21.9s
run39|sig4_1|16.0|none|0.9|0|51|code: alive shape flat ratio 1.04 silent 0.34 resting 0.00 active 0.48 move 0.0239 lock 0.00 static 0.914 pr 5.6 | sent 1:0.67 10:0.7 100:0.7 1000:0.69 2000:0.7 | 12.2s
run39|sig4_1|16.0|none|0.0|0|50|code: alive shape flat ratio 1.03 silent 0.01 resting 0.00 active 0.50 move 0.653 lock 0.00 static 0.788 pr 20.2 | sent 1:0.67 10:0.69 100:0.7 1000:0.7 2000:0.69 | 21.4s
run39|sig4_1|16.0|none|0.0|1|51|code: alive shape flat ratio 0.585 silent 0.00 resting 0.00 active 0.35 move 0.871 lock 0.00 static 0.636 pr 19.3 | sent 1:0.6 10:0.29 100:0.33 1000:0.33 2000:0.35 | 22.2s
run39|sig4_1|16.0|none|0.5|1|50|leak: alive shape flat ratio 0.582 silent 0.00 resting 0.00 active 0.37 move 0.0862 lock 0.00 static 0.819 pr 7.9 | sent 1:0.58 10:0.37 100:0.34 1000:0.36 2000:0.34 | 14.7s
run39|sig4_1|16.0|none|0.0|0|51|code: alive shape flat ratio 1.01 silent 0.02 resting 0.00 active 0.48 move 0.663 lock 0.00 static 0.780 pr 20.7 | sent 1:0.67 10:0.68 100:0.68 1000:0.67 2000:0.67 | 21.7s
run39|sig4_1|16.0|none|0.5|0|50|leak: alive shape flat ratio 1.08 silent 0.05 resting 0.00 active 0.49 move 0.153 lock 0.00 static 0.888 pr 13.0 | sent 1:0.64 10:0.69 100:0.68 1000:0.69 2000:0.69 | 14.4s
run39|sig4_1|16.0|none|0.5|0|51|leak: alive shape flat ratio 1.05 silent 0.06 resting 0.00 active 0.47 move 0.152 lock 0.00 static 0.888 pr 13.6 | sent 1:0.64 10:0.69 100:0.67 1000:0.67 2000:0.67 | 14.4s
run39|sig4_1|16.0|none|0.5|1|50|code: alive shape flat ratio 0.596 silent 0.00 resting 0.00 active 0.37 move 0.0783 lock 0.00 static 0.825 pr 8.7 | sent 1:0.61 10:0.37 100:0.35 1000:0.35 2000:0.36 | 22.5s
run39|sig4_1|16.0|none|0.5|1|51|code: alive shape flat ratio 0.592 silent 0.00 resting 0.00 active 0.35 move 0.11 lock 0.00 static 0.725 pr 9.2 | sent 1:0.6 10:0.34 100:0.34 1000:0.33 2000:0.35 | 22.6s
run39|sig4_1|16.0|none|0.9|1|51|code: alive shape flat ratio 0.572 silent 0.00 resting 0.00 active 0.35 move 0.0107 lock 0.49 static 0.904 pr 3.2 | sent 1:0.6 10:0.43 100:0.33 1000:0.34 2000:0.34 | 22.7s
run39|sig4_1|16.0|none|0.9|1|50|leak: alive shape flat ratio 0.803 silent 0.00 resting 0.00 active 0.37 move 0.0153 lock 0.00 static 0.803 pr 3.6 | sent 1:0.44 10:0.46 100:0.35 1000:0.35 2000:0.35 | 14.7s
run39|sig4_1|16.0|none|0.9|1|51|leak: alive shape flat ratio 0.787 silent 0.00 resting 0.00 active 0.35 move 0.00405 lock 0.92 static 0.899 pr 2.5 | sent 1:0.44 10:0.44 100:0.35 1000:0.35 2000:0.35 | 14.9s
run39|sig4_1|16.0|none|0.9|0|50|leak: alive shape flat ratio 1.49 silent 0.08 resting 0.00 active 0.49 move 0.0232 lock 0.00 static 0.910 pr 5.8 | sent 1:0.46 10:0.67 100:0.7 1000:0.7 2000:0.69 | 14.4s
run39|sig4_1|16.0|none|0.9|0|51|leak: alive shape flat ratio 1.45 silent 0.09 resting 0.00 active 0.47 move 0.0244 lock 0.00 static 0.902 pr 5.5 | sent 1:0.47 10:0.66 100:0.67 1000:0.68 2000:0.68 | 14.4s
run39|sig4_1|16.0|kp1|0.0|1|51|code: alive shape flat ratio 0.564 silent 0.00 resting 0.00 active 0.35 move 0.871 lock 0.00 static 0.633 pr 19.2 | sent 1:0.59 10:0.3 100:0.34 1000:0.33 2000:0.33 | 13.1s
run39|sig4_1|16.0|kp1|0.5|1|50|code: alive shape flat ratio 0.559 silent 0.00 resting 0.00 active 0.36 move 0.0887 lock 0.00 static 0.798 pr 8.2 | sent 1:0.61 10:0.37 100:0.35 1000:0.36 2000:0.34 | 13.0s
run39|sig4_1|16.0|none|0.5|1|51|leak: alive shape flat ratio 0.597 silent 0.00 resting 0.00 active 0.35 move 0.107 lock 0.00 static 0.781 pr 9.5 | sent 1:0.57 10:0.34 100:0.35 1000:0.35 2000:0.34 | 27.0s
run39|sig4_1|16.0|kp1|0.5|0|50|code: alive shape flat ratio 1.04 silent 0.11 resting 0.00 active 0.50 move 0.161 lock 0.00 static 0.886 pr 13.9 | sent 1:0.67 10:0.7 100:0.71 1000:0.7 2000:0.7 | 12.7s
run39|sig4_1|16.0|kp1|0.5|0|51|code: alive shape flat ratio 1.05 silent 0.12 resting 0.00 active 0.48 move 0.16 lock 0.00 static 0.892 pr 13.5 | sent 1:0.67 10:0.68 100:0.7 1000:0.69 2000:0.7 | 12.8s
run39|sig4_1|16.0|kp1|0.0|0|50|code: alive shape flat ratio 1.03 silent 0.01 resting 0.00 active 0.49 move 0.664 lock 0.00 static 0.787 pr 20.3 | sent 1:0.67 10:0.69 100:0.7 1000:0.69 2000:0.69 | 21.8s
run39|sig4_1|16.0|kp1|0.0|1|50|code: alive shape flat ratio 0.571 silent 0.00 resting 0.00 active 0.37 move 0.837 lock 0.00 static 0.671 pr 18.2 | sent 1:0.61 10:0.32 100:0.36 1000:0.35 2000:0.35 | 22.7s
run39|sig4_1|16.0|kp1|0.0|0|51|code: alive shape flat ratio 1.03 silent 0.02 resting 0.00 active 0.48 move 0.669 lock 0.00 static 0.775 pr 20.8 | sent 1:0.67 10:0.67 100:0.68 1000:0.69 2000:0.69 | 21.7s
run39|sig4_1|16.0|kp1|0.9|0|51|code: alive shape flat ratio 1.04 silent 0.32 resting 0.00 active 0.48 move 0.025 lock 0.00 static 0.909 pr 5.4 | sent 1:0.67 10:0.69 100:0.69 1000:0.68 2000:0.7 | 12.8s
run39|sig4_1|16.0|kp1|0.5|1|50|leak: alive shape flat ratio 0.599 silent 0.00 resting 0.00 active 0.37 move 0.0995 lock 0.00 static 0.799 pr 8.8 | sent 1:0.59 10:0.38 100:0.35 1000:0.35 2000:0.35 | 14.7s
run39|sig4_1|16.0|kp1|0.5|1|51|leak: alive shape flat ratio 0.61 silent 0.00 resting 0.00 active 0.36 move 0.125 lock 0.00 static 0.741 pr 8.8 | sent 1:0.57 10:0.34 100:0.35 1000:0.35 2000:0.35 | 14.7s
run39|sig4_1|16.0|kp1|0.5|1|51|code: alive shape flat ratio 0.572 silent 0.00 resting 0.00 active 0.35 move 0.123 lock 0.00 static 0.762 pr 9.0 | sent 1:0.59 10:0.34 100:0.34 1000:0.34 2000:0.34 | 23.3s
run39|sig4_1|16.0|kp1|0.5|0|50|leak: alive shape flat ratio 1.07 silent 0.04 resting 0.00 active 0.49 move 0.155 lock 0.00 static 0.886 pr 12.9 | sent 1:0.65 10:0.69 100:0.69 1000:0.69 2000:0.69 | 14.2s
run39|sig4_1|16.0|kp1|0.5|0|51|leak: alive shape flat ratio 1.07 silent 0.05 resting 0.00 active 0.48 move 0.156 lock 0.00 static 0.887 pr 13.8 | sent 1:0.64 10:0.68 100:0.68 1000:0.67 2000:0.68 | 14.4s
run39|sig4_1|16.0|kp1|0.9|1|50|code: alive shape flat ratio 0.586 silent 0.00 resting 0.00 active 0.36 move 0.00984 lock 0.61 static 0.924 pr 3.5 | sent 1:0.61 10:0.46 100:0.35 1000:0.35 2000:0.36 | 23.0s
run39|sig4_1|16.0|kp1|0.9|0|50|code: alive shape flat ratio 1.03 silent 0.30 resting 0.00 active 0.50 move 0.0258 lock 0.00 static 0.905 pr 5.8 | sent 1:0.67 10:0.71 100:0.71 1000:0.71 2000:0.69 | 21.3s
run39|sig4_1|16.0|kp1|0.9|1|51|code: alive shape flat ratio 0.567 silent 0.00 resting 0.00 active 0.34 move 0.018 lock 0.00 static 0.761 pr 3.6 | sent 1:0.59 10:0.42 100:0.33 1000:0.35 2000:0.34 | 23.2s
run39|sig4_1|16.0|kp1|0.9|1|50|leak: alive shape flat ratio 0.762 silent 0.00 resting 0.00 active 0.36 move 0.0169 lock 0.00 static 0.841 pr 3.9 | sent 1:0.45 10:0.45 100:0.35 1000:0.35 2000:0.34 | 14.6s
run39|sig4_1|16.0|kp1|0.9|0|50|leak: alive shape flat ratio 1.43 silent 0.10 resting 0.00 active 0.49 move 0.0225 lock 0.00 static 0.900 pr 5.8 | sent 1:0.48 10:0.68 100:0.69 1000:0.7 2000:0.68 | 14.2s
run39|sig4_1|16.0|kp1|0.9|0|51|leak: alive shape flat ratio 1.41 silent 0.10 resting 0.00 active 0.48 move 0.0227 lock 0.00 static 0.902 pr 5.6 | sent 1:0.48 10:0.67 100:0.68 1000:0.68 2000:0.68 | 14.3s
run39|sig4_1|16.0|kp1|0.9|1|51|leak: alive shape flat ratio 0.757 silent 0.00 resting 0.00 active 0.35 move 0.0146 lock 0.00 static 0.815 pr 3.6 | sent 1:0.45 10:0.42 100:0.34 1000:0.35 2000:0.34 | 18.0s
run39|step0|0.1|none|0.0|0|50|code: alive shape flat ratio 0.989 silent 0.10 resting 0.00 active 0.50 move 0.657 lock 0.00 static 0.784 pr 20.2 | sent 1:0.71 10:0.71 100:0.71 1000:0.71 2000:0.7 | 9.1s
run39|step0|0.1|none|0.0|0|51|code: alive shape flat ratio 0.976 silent 0.10 resting 0.00 active 0.52 move 0.668 lock 0.00 static 0.780 pr 20.8 | sent 1:0.72 10:0.69 100:0.69 1000:0.69 2000:0.71 | 9.2s
run39|step0|0.1|none|0.5|0|50|code: alive shape flat ratio 0.987 silent 0.23 resting 0.00 active 0.50 move 0.165 lock 0.00 static 0.905 pr 13.9 | sent 1:0.71 10:0.71 100:0.7 1000:0.71 2000:0.7 | 9.4s
run39|step0|0.1|none|0.0|1|50|code: alive shape flat ratio 0.989 silent 0.10 resting 0.00 active 0.50 move 0.657 lock 0.00 static 0.784 pr 20.2 | sent 1:0.71 10:0.71 100:0.71 1000:0.71 2000:0.7 | 9.6s
run39|step0|0.1|none|0.0|1|51|code: alive shape flat ratio 0.976 silent 0.10 resting 0.00 active 0.52 move 0.668 lock 0.00 static 0.780 pr 20.8 | sent 1:0.72 10:0.69 100:0.69 1000:0.69 2000:0.71 | 9.6s
run39|step0|0.1|none|0.5|1|50|code: alive shape flat ratio 0.987 silent 0.23 resting 0.00 active 0.50 move 0.165 lock 0.00 static 0.905 pr 13.9 | sent 1:0.71 10:0.71 100:0.7 1000:0.71 2000:0.7 | 9.9s
run39|step0|0.1|none|0.5|1|51|code: alive shape flat ratio 0.951 silent 0.24 resting 0.00 active 0.52 move 0.163 lock 0.00 static 0.897 pr 13.9 | sent 1:0.72 10:0.69 100:0.7 1000:0.69 2000:0.69 | 10.0s
run39|step0|0.1|none|0.9|1|51|code: alive shape flat ratio 0.966 silent 0.35 resting 0.00 active 0.52 move 0.0258 lock 0.00 static 0.911 pr 6.1 | sent 1:0.72 10:0.69 100:0.69 1000:0.69 2000:0.7 | 10.1s
run39|step0|0.1|none|0.5|0|51|leak: alive shape flat ratio 0.962 silent 0.24 resting 0.00 active 0.52 move 0.164 lock 0.00 static 0.895 pr 14.1 | sent 1:0.72 10:0.69 100:0.7 1000:0.7 2000:0.69 | 16.4s
run39|step0|0.1|none|0.5|1|50|leak: alive shape flat ratio 1 silent 0.24 resting 0.00 active 0.50 move 0.158 lock 0.00 static 0.896 pr 13.5 | sent 1:0.71 10:0.71 100:0.71 1000:0.71 2000:0.71 | 16.9s
run39|step0|0.1|none|0.9|0|51|code: alive shape flat ratio 0.966 silent 0.35 resting 0.00 active 0.52 move 0.0252 lock 0.00 static 0.910 pr 6.1 | sent 1:0.72 10:0.69 100:0.69 1000:0.69 2000:0.7 | 17.6s
run39|step0|0.1|none|0.9|0|50|code: alive shape flat ratio 1 silent 0.34 resting 0.00 active 0.50 move 0.0237 lock 0.00 static 0.909 pr 5.4 | sent 1:0.71 10:0.72 100:0.71 1000:0.71 2000:0.71 | 17.9s
run39|step0|0.1|none|0.5|0|51|code: alive shape flat ratio 0.951 silent 0.24 resting 0.00 active 0.52 move 0.163 lock 0.00 static 0.897 pr 13.9 | sent 1:0.72 10:0.69 100:0.7 1000:0.69 2000:0.69 | 18.0s
run39|step0|0.1|none|0.9|1|50|code: alive shape flat ratio 1 silent 0.34 resting 0.00 active 0.50 move 0.0245 lock 0.00 static 0.913 pr 5.4 | sent 1:0.71 10:0.72 100:0.71 1000:0.71 2000:0.71 | 18.6s
run39|step0|0.1|kp1|0.0|0|50|code: alive shape flat ratio 0.996 silent 0.09 resting 0.00 active 0.50 move 0.664 lock 0.00 static 0.782 pr 20.3 | sent 1:0.71 10:0.71 100:0.71 1000:0.71 2000:0.71 | 9.5s
run39|step0|0.1|kp1|0.0|1|50|code: alive shape flat ratio 0.996 silent 0.09 resting 0.00 active 0.50 move 0.664 lock 0.00 static 0.782 pr 20.3 | sent 1:0.71 10:0.71 100:0.71 1000:0.71 2000:0.71 | 10.2s
run39|step0|0.1|kp1|0.0|1|51|code: alive shape flat ratio 0.973 silent 0.11 resting 0.00 active 0.52 move 0.658 lock 0.00 static 0.778 pr 20.9 | sent 1:0.72 10:0.69 100:0.7 1000:0.7 2000:0.7 | 10.1s
run39|step0|0.1|none|0.9|1|51|leak: alive shape flat ratio 0.981 silent 0.36 resting 0.00 active 0.51 move 0.0244 lock 0.00 static 0.906 pr 5.1 | sent 1:0.72 10:0.72 100:0.69 1000:0.69 2000:0.71 | 12.5s
run39|step0|0.1|none|0.9|1|50|leak: alive shape flat ratio 1.01 silent 0.35 resting 0.00 active 0.50 move 0.0238 lock 0.00 static 0.912 pr 4.9 | sent 1:0.71 10:0.71 100:0.7 1000:0.7 2000:0.72 | 12.5s
run39|step0|0.1|none|0.9|0|51|leak: alive shape flat ratio 0.981 silent 0.36 resting 0.00 active 0.51 move 0.0244 lock 0.00 static 0.906 pr 5.1 | sent 1:0.72 10:0.72 100:0.69 1000:0.69 2000:0.71 | 12.2s
run39|step0|0.1|none|0.5|0|50|leak: alive shape flat ratio 1 silent 0.24 resting 0.00 active 0.50 move 0.158 lock 0.00 static 0.896 pr 13.5 | sent 1:0.71 10:0.71 100:0.71 1000:0.71 2000:0.71 | 22.2s
run39|step0|0.1|none|0.5|1|51|leak: alive shape flat ratio 0.962 silent 0.24 resting 0.00 active 0.52 move 0.164 lock 0.00 static 0.895 pr 14.1 | sent 1:0.72 10:0.69 100:0.7 1000:0.7 2000:0.69 | 23.2s
run39|step0|0.1|kp1|0.5|1|50|code: alive shape flat ratio 0.991 silent 0.22 resting 0.00 active 0.50 move 0.166 lock 0.00 static 0.895 pr 13.9 | sent 1:0.71 10:0.71 100:0.7 1000:0.7 2000:0.7 | 10.3s
run39|step0|0.1|kp1|0.5|0|50|code: alive shape flat ratio 0.991 silent 0.22 resting 0.00 active 0.50 move 0.166 lock 0.00 static 0.895 pr 13.9 | sent 1:0.71 10:0.71 100:0.7 1000:0.7 2000:0.7 | 9.8s
run39|step0|0.1|kp1|0.0|0|51|code: alive shape flat ratio 0.973 silent 0.11 resting 0.00 active 0.52 move 0.658 lock 0.00 static 0.778 pr 20.9 | sent 1:0.72 10:0.69 100:0.7 1000:0.7 2000:0.7 | 18.1s
run39|step0|0.1|kp1|0.9|0|50|code: alive shape flat ratio 0.982 silent 0.35 resting 0.00 active 0.50 move 0.0232 lock 0.00 static 0.906 pr 5.5 | sent 1:0.71 10:0.72 100:0.7 1000:0.71 2000:0.7 | 9.9s
run39|step0|0.1|kp1|0.9|0|51|code: alive shape flat ratio 0.964 silent 0.35 resting 0.00 active 0.52 move 0.0249 lock 0.00 static 0.914 pr 6.1 | sent 1:0.72 10:0.69 100:0.7 1000:0.7 2000:0.7 | 10.0s
run39|step0|0.1|none|0.9|0|50|leak: alive shape flat ratio 1.01 silent 0.35 resting 0.00 active 0.50 move 0.0238 lock 0.00 static 0.912 pr 4.9 | sent 1:0.71 10:0.71 100:0.7 1000:0.7 2000:0.72 | 22.7s
run39|step0|0.1|kp1|0.5|1|50|leak: alive shape flat ratio 0.999 silent 0.23 resting 0.00 active 0.50 move 0.16 lock 0.00 static 0.894 pr 13.7 | sent 1:0.71 10:0.71 100:0.69 1000:0.7 2000:0.71 | 12.8s
run39|step0|0.1|kp1|0.5|0|51|leak: alive shape flat ratio 0.967 silent 0.25 resting 0.00 active 0.51 move 0.161 lock 0.00 static 0.896 pr 13.5 | sent 1:0.72 10:0.69 100:0.69 1000:0.7 2000:0.7 | 12.1s
run39|step0|0.1|kp1|0.5|0|50|leak: alive shape flat ratio 0.999 silent 0.23 resting 0.00 active 0.50 move 0.16 lock 0.00 static 0.894 pr 13.7 | sent 1:0.71 10:0.71 100:0.69 1000:0.7 2000:0.71 | 12.2s
run39|step0|0.1|kp1|0.5|1|51|leak: alive shape flat ratio 0.967 silent 0.25 resting 0.00 active 0.51 move 0.161 lock 0.00 static 0.896 pr 13.5 | sent 1:0.72 10:0.69 100:0.69 1000:0.7 2000:0.7 | 12.7s
run39|step0|0.1|kp1|0.5|1|51|code: alive shape flat ratio 0.964 silent 0.24 resting 0.00 active 0.51 move 0.168 lock 0.00 static 0.899 pr 13.7 | sent 1:0.72 10:0.69 100:0.7 1000:0.7 2000:0.7 | 19.4s
run39|step0|0.1|kp1|0.5|0|51|code: alive shape flat ratio 0.964 silent 0.24 resting 0.00 active 0.51 move 0.168 lock 0.00 static 0.899 pr 13.7 | sent 1:0.72 10:0.69 100:0.7 1000:0.7 2000:0.7 | 18.4s
run39|step0|0.1|kp1|0.9|1|50|code: alive shape flat ratio 0.982 silent 0.35 resting 0.00 active 0.50 move 0.024 lock 0.00 static 0.909 pr 5.5 | sent 1:0.71 10:0.72 100:0.7 1000:0.71 2000:0.7 | 19.3s
run39|step0|0.1|kp1|0.9|1|51|code: alive shape flat ratio 0.964 silent 0.35 resting 0.00 active 0.52 move 0.0254 lock 0.00 static 0.916 pr 6.0 | sent 1:0.72 10:0.69 100:0.7 1000:0.7 2000:0.7 | 19.4s
run39|step0|0.1|kp1|0.9|0|50|leak: alive shape flat ratio 0.996 silent 0.34 resting 0.00 active 0.51 move 0.0262 lock 0.00 static 0.900 pr 5.9 | sent 1:0.71 10:0.71 100:0.71 1000:0.71 2000:0.71 | 12.2s
run39|step0|0.3|none|0.0|0|50|code: alive shape flat ratio 0.999 silent 0.10 resting 0.00 active 0.50 move 0.656 lock 0.00 static 0.788 pr 20.4 | sent 1:0.71 10:0.7 100:0.7 1000:0.7 2000:0.71 | 9.4s
run39|step0|0.3|none|0.0|1|51|code: alive shape flat ratio 0.967 silent 0.11 resting 0.00 active 0.52 move 0.657 lock 0.00 static 0.781 pr 20.8 | sent 1:0.72 10:0.69 100:0.7 1000:0.68 2000:0.69 | 9.9s
run39|step0|0.1|kp1|0.9|0|51|leak: alive shape flat ratio 0.957 silent 0.37 resting 0.00 active 0.51 move 0.0234 lock 0.00 static 0.908 pr 5.8 | sent 1:0.72 10:0.72 100:0.7 1000:0.7 2000:0.69 | 12.3s
run39|step0|0.3|none|0.5|1|50|code: alive shape flat ratio 0.995 silent 0.24 resting 0.00 active 0.50 move 0.165 lock 0.00 static 0.893 pr 13.6 | sent 1:0.71 10:0.7 100:0.7 1000:0.71 2000:0.7 | 10.2s
run39|step0|0.3|none|0.5|0|50|code: alive shape flat ratio 0.995 silent 0.24 resting 0.00 active 0.50 move 0.162 lock 0.00 static 0.893 pr 13.5 | sent 1:0.71 10:0.7 100:0.7 1000:0.71 2000:0.7 | 9.7s
run39|step0|0.3|none|0.5|1|51|code: alive shape flat ratio 0.97 silent 0.27 resting 0.00 active 0.51 move 0.159 lock 0.00 static 0.895 pr 14.2 | sent 1:0.72 10:0.69 100:0.7 1000:0.7 2000:0.7 | 10.2s
run39|step0|0.3|none|0.5|0|51|code: alive shape flat ratio 0.97 silent 0.27 resting 0.00 active 0.51 move 0.157 lock 0.00 static 0.894 pr 14.1 | sent 1:0.72 10:0.69 100:0.7 1000:0.7 2000:0.7 | 9.8s
run39|step0|0.1|kp1|0.9|1|50|leak: alive shape flat ratio 0.996 silent 0.34 resting 0.00 active 0.51 move 0.0262 lock 0.00 static 0.900 pr 5.9 | sent 1:0.71 10:0.71 100:0.71 1000:0.71 2000:0.71 | 23.4s
run39|step0|0.1|kp1|0.9|1|51|leak: alive shape flat ratio 0.957 silent 0.37 resting 0.00 active 0.51 move 0.0234 lock 0.00 static 0.908 pr 5.8 | sent 1:0.72 10:0.72 100:0.7 1000:0.7 2000:0.69 | 23.5s
run39|step0|0.3|none|0.0|1|50|code: alive shape flat ratio 0.999 silent 0.10 resting 0.00 active 0.50 move 0.656 lock 0.00 static 0.788 pr 20.4 | sent 1:0.71 10:0.7 100:0.7 1000:0.7 2000:0.71 | 18.5s
run39|step0|0.3|none|0.0|0|51|code: alive shape flat ratio 0.967 silent 0.11 resting 0.00 active 0.52 move 0.657 lock 0.00 static 0.781 pr 20.8 | sent 1:0.72 10:0.69 100:0.7 1000:0.68 2000:0.69 | 17.9s
run39|step0|0.3|none|0.5|1|50|leak: alive shape flat ratio 0.987 silent 0.25 resting 0.00 active 0.50 move 0.161 lock 0.00 static 0.900 pr 13.8 | sent 1:0.71 10:0.7 100:0.71 1000:0.7 2000:0.71 | 12.5s
run39|step0|0.3|none|0.5|0|50|leak: alive shape flat ratio 0.987 silent 0.25 resting 0.00 active 0.50 move 0.161 lock 0.00 static 0.900 pr 13.8 | sent 1:0.71 10:0.7 100:0.71 1000:0.7 2000:0.71 | 12.1s
run39|step0|0.3|none|0.5|0|51|leak: alive shape flat ratio 0.965 silent 0.24 resting 0.00 active 0.52 move 0.162 lock 0.00 static 0.892 pr 13.9 | sent 1:0.72 10:0.69 100:0.69 1000:0.7 2000:0.69 | 12.2s
run39|step0|0.3|none|0.5|1|51|leak: alive shape flat ratio 0.965 silent 0.24 resting 0.00 active 0.52 move 0.162 lock 0.00 static 0.892 pr 13.9 | sent 1:0.72 10:0.69 100:0.69 1000:0.7 2000:0.69 | 12.6s
run39|step0|0.3|none|0.9|1|50|code: alive shape flat ratio 1 silent 0.35 resting 0.00 active 0.50 move 0.0257 lock 0.00 static 0.917 pr 5.8 | sent 1:0.71 10:0.71 100:0.71 1000:0.71 2000:0.71 | 19.0s
run39|step0|0.3|none|0.9|1|51|code: alive shape flat ratio 0.961 silent 0.35 resting 0.00 active 0.51 move 0.0252 lock 0.00 static 0.916 pr 5.6 | sent 1:0.72 10:0.7 100:0.69 1000:0.69 2000:0.69 | 19.0s
run39|step0|0.3|none|0.9|0|50|code: alive shape flat ratio 1 silent 0.35 resting 0.00 active 0.50 move 0.0246 lock 0.00 static 0.916 pr 5.8 | sent 1:0.71 10:0.71 100:0.71 1000:0.71 2000:0.71 | 18.4s
run39|step0|0.3|none|0.9|1|50|leak: alive shape flat ratio 0.987 silent 0.33 resting 0.00 active 0.50 move 0.0255 lock 0.00 static 0.912 pr 6.0 | sent 1:0.71 10:0.72 100:0.7 1000:0.7 2000:0.7 | 12.6s
run39|step0|0.3|none|0.9|0|51|code: alive shape flat ratio 0.961 silent 0.35 resting 0.00 active 0.51 move 0.0244 lock 0.00 static 0.914 pr 5.5 | sent 1:0.72 10:0.7 100:0.69 1000:0.69 2000:0.69 | 18.5s
run39|step0|0.3|none|0.9|1|51|leak: alive shape flat ratio 0.977 silent 0.36 resting 0.00 active 0.51 move 0.0246 lock 0.00 static 0.910 pr 6.1 | sent 1:0.72 10:0.7 100:0.7 1000:0.69 2000:0.7 | 12.7s
run39|step0|0.3|none|0.9|0|50|leak: alive shape flat ratio 0.987 silent 0.33 resting 0.00 active 0.50 move 0.0255 lock 0.00 static 0.912 pr 6.0 | sent 1:0.71 10:0.72 100:0.7 1000:0.7 2000:0.7 | 12.2s
run39|step0|0.3|none|0.9|0|51|leak: alive shape flat ratio 0.977 silent 0.36 resting 0.00 active 0.51 move 0.0246 lock 0.00 static 0.910 pr 6.1 | sent 1:0.72 10:0.7 100:0.7 1000:0.69 2000:0.7 | 12.3s
run39|step0|0.3|kp1|0.5|0|50|code: alive shape flat ratio 0.993 silent 0.23 resting 0.00 active 0.50 move 0.163 lock 0.00 static 0.894 pr 13.5 | sent 1:0.71 10:0.71 100:0.71 1000:0.7 2000:0.7 | 9.9s
run39|step0|0.3|kp1|0.5|1|50|code: alive shape flat ratio 0.993 silent 0.23 resting 0.00 active 0.50 move 0.166 lock 0.00 static 0.895 pr 13.5 | sent 1:0.71 10:0.71 100:0.71 1000:0.7 2000:0.7 | 10.4s
run39|step0|0.3|kp1|0.5|0|51|code: alive shape flat ratio 0.967 silent 0.26 resting 0.00 active 0.52 move 0.163 lock 0.00 static 0.895 pr 14.3 | sent 1:0.72 10:0.69 100:0.69 1000:0.69 2000:0.69 | 10.1s
run39|step0|0.3|kp1|0.5|1|51|code: alive shape flat ratio 0.967 silent 0.26 resting 0.00 active 0.52 move 0.165 lock 0.00 static 0.896 pr 14.4 | sent 1:0.72 10:0.69 100:0.69 1000:0.69 2000:0.69 | 10.6s
run39|step0|0.3|kp1|0.0|1|50|code: alive shape flat ratio 0.997 silent 0.10 resting 0.00 active 0.50 move 0.656 lock 0.00 static 0.784 pr 20.4 | sent 1:0.71 10:0.7 100:0.72 1000:0.71 2000:0.71 | 19.0s
run39|step0|0.3|kp1|0.0|0|50|code: alive shape flat ratio 0.997 silent 0.10 resting 0.00 active 0.50 move 0.656 lock 0.00 static 0.784 pr 20.4 | sent 1:0.71 10:0.7 100:0.72 1000:0.71 2000:0.71 | 18.0s
run39|step0|0.3|kp1|0.0|1|51|code: alive shape flat ratio 0.955 silent 0.10 resting 0.00 active 0.52 move 0.66 lock 0.00 static 0.781 pr 20.8 | sent 1:0.72 10:0.69 100:0.69 1000:0.7 2000:0.68 | 19.0s
run39|step0|0.3|kp1|0.9|0|51|code: alive shape flat ratio 0.978 silent 0.36 resting 0.00 active 0.51 move 0.0238 lock 0.00 static 0.908 pr 5.5 | sent 1:0.72 10:0.69 100:0.7 1000:0.7 2000:0.7 | 10.1s
run39|step0|0.3|kp1|0.0|0|51|code: alive shape flat ratio 0.955 silent 0.10 resting 0.00 active 0.52 move 0.66 lock 0.00 static 0.781 pr 20.8 | sent 1:0.72 10:0.69 100:0.69 1000:0.7 2000:0.68 | 18.3s
run39|step0|0.3|kp1|0.5|0|50|leak: alive shape flat ratio 0.982 silent 0.23 resting 0.00 active 0.50 move 0.164 lock 0.00 static 0.899 pr 13.9 | sent 1:0.71 10:0.71 100:0.71 1000:0.71 2000:0.7 | 12.2s
run39|step0|0.3|kp1|0.5|0|51|leak: alive shape flat ratio 0.979 silent 0.25 resting 0.00 active 0.51 move 0.16 lock 0.00 static 0.901 pr 13.9 | sent 1:0.72 10:0.69 100:0.7 1000:0.69 2000:0.7 | 12.2s
run39|step0|0.3|kp1|0.5|1|51|leak: alive shape flat ratio 0.979 silent 0.25 resting 0.00 active 0.51 move 0.16 lock 0.00 static 0.901 pr 13.9 | sent 1:0.72 10:0.69 100:0.7 1000:0.69 2000:0.7 | 12.8s
run39|step0|0.3|kp1|0.9|0|50|code: alive shape flat ratio 1 silent 0.35 resting 0.00 active 0.50 move 0.0235 lock 0.00 static 0.917 pr 6.1 | sent 1:0.71 10:0.71 100:0.7 1000:0.7 2000:0.71 | 18.7s
run39|step0|0.3|kp1|0.9|0|50|leak: alive shape flat ratio 0.994 silent 0.34 resting 0.00 active 0.50 move 0.0244 lock 0.00 static 0.914 pr 5.8 | sent 1:0.71 10:0.72 100:0.7 1000:0.71 2000:0.71 | 12.2s
run39|step0|0.3|kp1|0.9|1|50|leak: alive shape flat ratio 0.994 silent 0.34 resting 0.00 active 0.50 move 0.0244 lock 0.00 static 0.914 pr 5.8 | sent 1:0.71 10:0.72 100:0.7 1000:0.71 2000:0.71 | 12.6s
run39|step0|0.3|kp1|0.9|1|50|code: alive shape flat ratio 1 silent 0.35 resting 0.00 active 0.50 move 0.0243 lock 0.00 static 0.919 pr 6.1 | sent 1:0.71 10:0.71 100:0.7 1000:0.7 2000:0.71 | 19.4s
run39|step0|0.3|kp1|0.9|1|51|leak: alive shape flat ratio 0.972 silent 0.38 resting 0.00 active 0.51 move 0.022 lock 0.00 static 0.911 pr 5.0 | sent 1:0.72 10:0.71 100:0.69 1000:0.69 2000:0.7 | 12.7s
run39|step0|0.3|kp1|0.9|0|51|leak: alive shape flat ratio 0.972 silent 0.38 resting 0.00 active 0.51 move 0.022 lock 0.00 static 0.911 pr 5.0 | sent 1:0.72 10:0.71 100:0.69 1000:0.69 2000:0.7 | 12.2s
run39|step0|0.3|kp1|0.9|1|51|code: alive shape flat ratio 0.978 silent 0.36 resting 0.00 active 0.51 move 0.0244 lock 0.00 static 0.909 pr 5.5 | sent 1:0.72 10:0.69 100:0.7 1000:0.7 2000:0.7 | 19.5s
run39|step0|1.0|none|0.0|0|51|code: alive shape flat ratio 0.989 silent 0.11 resting 0.00 active 0.52 move 0.669 lock 0.00 static 0.777 pr 20.9 | sent 1:0.7 10:0.7 100:0.7 1000:0.71 2000:0.69 | 9.6s
run39|step0|1.0|none|0.5|0|50|code: alive shape flat ratio 0.996 silent 0.22 resting 0.00 active 0.50 move 0.161 lock 0.00 static 0.886 pr 13.6 | sent 1:0.71 10:0.71 100:0.7 1000:0.7 2000:0.71 | 9.8s
run39|step0|1.0|none|0.5|1|51|code: alive shape flat ratio 0.984 silent 0.24 resting 0.00 active 0.52 move 0.166 lock 0.00 static 0.900 pr 14.1 | sent 1:0.7 10:0.69 100:0.69 1000:0.69 2000:0.69 | 10.3s
run39|step0|1.0|none|0.5|0|51|code: alive shape flat ratio 0.984 silent 0.24 resting 0.00 active 0.52 move 0.162 lock 0.00 static 0.899 pr 14.0 | sent 1:0.7 10:0.69 100:0.69 1000:0.69 2000:0.69 | 9.9s
run39|step0|0.3|kp1|0.5|1|50|leak: alive shape flat ratio 0.982 silent 0.23 resting 0.00 active 0.50 move 0.164 lock 0.00 static 0.899 pr 13.9 | sent 1:0.71 10:0.71 100:0.71 1000:0.71 2000:0.7 | 23.6s
run39|step0|1.0|none|0.0|1|50|code: alive shape flat ratio 0.987 silent 0.09 resting 0.00 active 0.50 move 0.669 lock 0.00 static 0.792 pr 20.4 | sent 1:0.71 10:0.71 100:0.7 1000:0.7 2000:0.7 | 18.5s
run39|step0|1.0|none|0.0|0|50|code: alive shape flat ratio 0.987 silent 0.09 resting 0.00 active 0.50 move 0.655 lock 0.00 static 0.791 pr 20.3 | sent 1:0.71 10:0.71 100:0.7 1000:0.7 2000:0.7 | 17.7s
run39|step0|1.0|none|0.0|1|51|code: alive shape flat ratio 0.989 silent 0.11 resting 0.00 active 0.52 move 0.68 lock 0.00 static 0.778 pr 20.9 | sent 1:0.7 10:0.7 100:0.7 1000:0.71 2000:0.69 | 18.6s
run39|step0|1.0|none|0.5|1|50|code: alive shape flat ratio 0.996 silent 0.22 resting 0.00 active 0.50 move 0.167 lock 0.00 static 0.888 pr 13.7 | sent 1:0.71 10:0.71 100:0.7 1000:0.7 2000:0.71 | 15.3s
run39|step0|1.0|none|0.9|0|50|code: alive shape flat ratio 0.98 silent 0.35 resting 0.00 active 0.50 move 0.0235 lock 0.00 static 0.913 pr 5.6 | sent 1:0.71 10:0.71 100:0.71 1000:0.7 2000:0.7 | 9.7s
run39|step0|1.0|none|0.9|1|51|code: alive shape flat ratio 0.992 silent 0.34 resting 0.00 active 0.51 move 0.0244 lock 0.00 static 0.908 pr 5.4 | sent 1:0.7 10:0.69 100:0.69 1000:0.69 2000:0.69 | 10.3s
run39|step0|1.0|none|0.5|1|50|leak: alive shape flat ratio 0.971 silent 0.24 resting 0.00 active 0.50 move 0.169 lock 0.00 static 0.899 pr 13.6 | sent 1:0.72 10:0.71 100:0.71 1000:0.7 2000:0.7 | 12.5s
run39|step0|1.0|none|0.5|1|51|leak: alive shape flat ratio 0.981 silent 0.24 resting 0.00 active 0.52 move 0.169 lock 0.00 static 0.897 pr 13.9 | sent 1:0.71 10:0.69 100:0.7 1000:0.69 2000:0.7 | 12.7s
run39|step0|1.0|none|0.5|0|51|leak: alive shape flat ratio 0.981 silent 0.24 resting 0.00 active 0.52 move 0.165 lock 0.00 static 0.896 pr 13.8 | sent 1:0.71 10:0.69 100:0.7 1000:0.69 2000:0.7 | 12.3s
run39|step0|1.0|none|0.9|1|50|leak: alive shape flat ratio 1 silent 0.34 resting 0.00 active 0.50 move 0.0245 lock 0.00 static 0.913 pr 5.4 | sent 1:0.71 10:0.72 100:0.71 1000:0.71 2000:0.71 | 12.5s
run39|step0|1.0|none|0.9|1|51|leak: alive shape flat ratio 0.966 silent 0.35 resting 0.00 active 0.52 move 0.0258 lock 0.00 static 0.911 pr 6.1 | sent 1:0.72 10:0.69 100:0.69 1000:0.69 2000:0.7 | 12.7s
run39|step0|1.0|none|0.9|0|51|code: alive shape flat ratio 0.992 silent 0.34 resting 0.00 active 0.51 move 0.0239 lock 0.00 static 0.906 pr 5.4 | sent 1:0.7 10:0.69 100:0.69 1000:0.69 2000:0.69 | 18.4s
run39|step0|1.0|none|0.9|1|50|code: alive shape flat ratio 0.98 silent 0.35 resting 0.00 active 0.50 move 0.0241 lock 0.00 static 0.916 pr 5.6 | sent 1:0.71 10:0.71 100:0.71 1000:0.7 2000:0.7 | 19.0s
run39|step0|1.0|kp1|0.0|0|51|code: alive shape flat ratio 0.974 silent 0.11 resting 0.00 active 0.52 move 0.659 lock 0.00 static 0.784 pr 20.9 | sent 1:0.7 10:0.69 100:0.69 1000:0.7 2000:0.68 | 9.8s
run39|step0|1.0|kp1|0.5|1|50|code: alive shape flat ratio 1 silent 0.23 resting 0.00 active 0.50 move 0.17 lock 0.00 static 0.900 pr 14.1 | sent 1:0.71 10:0.7 100:0.71 1000:0.7 2000:0.72 | 10.4s
run39|step0|1.0|kp1|0.5|1|51|code: alive shape flat ratio 1 silent 0.25 resting 0.00 active 0.51 move 0.164 lock 0.00 static 0.898 pr 13.9 | sent 1:0.7 10:0.7 100:0.7 1000:0.69 2000:0.7 | 10.6s
run39|step0|1.0|kp1|0.5|0|50|code: alive shape flat ratio 1 silent 0.23 resting 0.00 active 0.50 move 0.163 lock 0.00 static 0.898 pr 14.1 | sent 1:0.71 10:0.7 100:0.71 1000:0.7 2000:0.72 | 9.9s
run39|step0|1.0|none|0.5|0|50|leak: alive shape flat ratio 0.971 silent 0.24 resting 0.00 active 0.50 move 0.164 lock 0.00 static 0.897 pr 13.6 | sent 1:0.72 10:0.71 100:0.71 1000:0.7 2000:0.7 | 22.7s
run39|step0|1.0|kp1|0.5|0|51|code: alive shape flat ratio 1 silent 0.25 resting 0.00 active 0.51 move 0.161 lock 0.00 static 0.896 pr 13.8 | sent 1:0.7 10:0.7 100:0.7 1000:0.69 2000:0.7 | 10.0s
run39|step0|1.0|kp1|0.0|0|50|code: alive shape flat ratio 0.98 silent 0.10 resting 0.00 active 0.50 move 0.657 lock 0.00 static 0.787 pr 20.4 | sent 1:0.71 10:0.7 100:0.7 1000:0.71 2000:0.7 | 17.9s
run39|step0|1.0|kp1|0.9|0|50|code: alive shape flat ratio 1 silent 0.34 resting 0.00 active 0.51 move 0.0266 lock 0.00 static 0.900 pr 5.3 | sent 1:0.71 10:0.71 100:0.71 1000:0.72 2000:0.71 | 9.9s
run39|step0|1.0|kp1|0.0|1|50|code: alive shape flat ratio 0.98 silent 0.10 resting 0.00 active 0.50 move 0.67 lock 0.00 static 0.788 pr 20.4 | sent 1:0.71 10:0.7 100:0.7 1000:0.71 2000:0.7 | 18.8s
run39|step0|1.0|kp1|0.9|1|51|code: alive shape flat ratio 0.999 silent 0.36 resting 0.00 active 0.51 move 0.0245 lock 0.00 static 0.914 pr 5.6 | sent 1:0.7 10:0.7 100:0.7 1000:0.7 2000:0.7 | 10.5s
run39|step0|1.0|kp1|0.0|1|51|code: alive shape flat ratio 0.974 silent 0.11 resting 0.00 active 0.52 move 0.67 lock 0.00 static 0.784 pr 20.9 | sent 1:0.7 10:0.69 100:0.69 1000:0.7 2000:0.68 | 19.0s
run39|step0|1.0|none|0.9|0|50|leak: alive shape flat ratio 1 silent 0.34 resting 0.00 active 0.50 move 0.0237 lock 0.00 static 0.909 pr 5.4 | sent 1:0.71 10:0.72 100:0.71 1000:0.71 2000:0.71 | 22.8s
run39|step0|1.0|none|0.9|0|51|leak: alive shape flat ratio 0.966 silent 0.35 resting 0.00 active 0.52 move 0.0252 lock 0.00 static 0.910 pr 6.1 | sent 1:0.72 10:0.69 100:0.69 1000:0.69 2000:0.7 | 22.7s
run39|step0|1.0|kp1|0.9|0|51|code: alive shape flat ratio 0.999 silent 0.36 resting 0.00 active 0.51 move 0.024 lock 0.00 static 0.911 pr 5.6 | sent 1:0.7 10:0.7 100:0.7 1000:0.7 2000:0.7 | 10.0s
run39|step0|1.0|kp1|0.9|1|50|code: alive shape flat ratio 1 silent 0.34 resting 0.00 active 0.51 move 0.0272 lock 0.00 static 0.902 pr 5.4 | sent 1:0.71 10:0.71 100:0.71 1000:0.72 2000:0.71 | 15.2s
run39|step0|1.0|kp1|0.5|1|51|leak: alive shape flat ratio 0.978 silent 0.24 resting 0.00 active 0.52 move 0.168 lock 0.00 static 0.895 pr 14.0 | sent 1:0.71 10:0.7 100:0.7 1000:0.7 2000:0.69 | 12.8s
run39|step0|1.0|kp1|0.5|0|50|leak: alive shape flat ratio 0.967 silent 0.22 resting 0.00 active 0.50 move 0.168 lock 0.00 static 0.888 pr 13.7 | sent 1:0.72 10:0.71 100:0.71 1000:0.71 2000:0.7 | 12.1s
run39|step0|1.0|kp1|0.5|0|51|leak: alive shape flat ratio 0.978 silent 0.24 resting 0.00 active 0.52 move 0.164 lock 0.00 static 0.894 pr 13.9 | sent 1:0.71 10:0.7 100:0.7 1000:0.7 2000:0.69 | 12.2s
run39|step0|1.0|kp1|0.9|0|50|leak: alive shape flat ratio 0.999 silent 0.34 resting 0.00 active 0.50 move 0.0237 lock 0.00 static 0.914 pr 5.6 | sent 1:0.71 10:0.71 100:0.71 1000:0.71 2000:0.71 | 12.1s
run39|step0|1.0|kp1|0.9|1|50|leak: alive shape flat ratio 0.999 silent 0.34 resting 0.00 active 0.50 move 0.0244 lock 0.00 static 0.916 pr 5.6 | sent 1:0.71 10:0.71 100:0.71 1000:0.71 2000:0.71 | 12.6s
run39|step0|2.0|none|0.0|0|50|code: alive shape flat ratio 1 silent 0.10 resting 0.00 active 0.50 move 0.661 lock 0.00 static 0.786 pr 20.3 | sent 1:0.71 10:0.71 100:0.7 1000:0.71 2000:0.72 | 9.3s
run39|step0|2.0|none|0.0|1|50|code: alive shape flat ratio 1 silent 0.10 resting 0.00 active 0.50 move 0.677 lock 0.00 static 0.787 pr 20.4 | sent 1:0.71 10:0.71 100:0.7 1000:0.71 2000:0.72 | 9.8s
run39|step0|2.0|none|0.5|0|50|code: alive shape flat ratio 0.976 silent 0.23 resting 0.00 active 0.50 move 0.162 lock 0.00 static 0.892 pr 13.4 | sent 1:0.71 10:0.71 100:0.71 1000:0.7 2000:0.7 | 9.6s
run39|step0|1.0|kp1|0.5|1|50|leak: alive shape flat ratio 0.967 silent 0.22 resting 0.00 active 0.50 move 0.173 lock 0.00 static 0.889 pr 13.8 | sent 1:0.72 10:0.71 100:0.71 1000:0.71 2000:0.7 | 23.2s
run39|step0|2.0|none|0.9|1|50|code: alive shape flat ratio 0.986 silent 0.36 resting 0.00 active 0.50 move 0.023 lock 0.00 static 0.921 pr 5.8 | sent 1:0.71 10:0.72 100:0.71 1000:0.7 2000:0.7 | 10.1s
run39|step0|2.0|none|0.9|1|51|code: alive shape flat ratio 0.996 silent 0.36 resting 0.00 active 0.51 move 0.0242 lock 0.00 static 0.916 pr 5.4 | sent 1:0.69 10:0.68 100:0.7 1000:0.7 2000:0.69 | 10.2s
run39|step0|2.0|none|0.9|0|50|code: alive shape flat ratio 0.986 silent 0.36 resting 0.00 active 0.50 move 0.0221 lock 0.00 static 0.920 pr 5.8 | sent 1:0.71 10:0.72 100:0.71 1000:0.7 2000:0.7 | 9.8s
run39|step0|2.0|none|0.9|0|51|code: alive shape flat ratio 0.996 silent 0.36 resting 0.00 active 0.51 move 0.0237 lock 0.00 static 0.913 pr 5.4 | sent 1:0.69 10:0.68 100:0.7 1000:0.7 2000:0.69 | 9.8s
run39|step0|2.0|none|0.0|0|51|code: alive shape flat ratio 0.986 silent 0.11 resting 0.00 active 0.52 move 0.66 lock 0.00 static 0.783 pr 20.8 | sent 1:0.69 10:0.7 100:0.7 1000:0.69 2000:0.68 | 17.9s
run39|step0|2.0|none|0.0|1|51|code: alive shape flat ratio 0.986 silent 0.11 resting 0.00 active 0.52 move 0.67 lock 0.00 static 0.784 pr 20.9 | sent 1:0.69 10:0.7 100:0.7 1000:0.69 2000:0.68 | 18.5s
run39|step0|1.0|kp1|0.9|1|51|leak: alive shape flat ratio 0.969 silent 0.36 resting 0.00 active 0.51 move 0.0239 lock 0.00 static 0.917 pr 5.7 | sent 1:0.72 10:0.69 100:0.69 1000:0.7 2000:0.7 | 23.7s
run39|step0|2.0|none|0.5|1|50|code: alive shape flat ratio 0.976 silent 0.23 resting 0.00 active 0.50 move 0.168 lock 0.00 static 0.893 pr 13.5 | sent 1:0.71 10:0.71 100:0.71 1000:0.7 2000:0.7 | 19.0s
run39|step0|2.0|none|0.5|0|51|code: alive shape flat ratio 1.01 silent 0.25 resting 0.00 active 0.52 move 0.16 lock 0.00 static 0.897 pr 13.8 | sent 1:0.69 10:0.69 100:0.69 1000:0.69 2000:0.7 | 18.1s
run39|step0|2.0|none|0.5|1|51|code: alive shape flat ratio 1.01 silent 0.25 resting 0.00 active 0.52 move 0.163 lock 0.00 static 0.899 pr 13.9 | sent 1:0.69 10:0.69 100:0.69 1000:0.69 2000:0.7 | 19.0s
run39|step0|2.0|none|0.5|1|50|leak: alive shape flat ratio 0.996 silent 0.22 resting 0.00 active 0.50 move 0.167 lock 0.00 static 0.888 pr 13.7 | sent 1:0.71 10:0.71 100:0.7 1000:0.7 2000:0.71 | 12.5s
run39|step0|2.0|none|0.5|0|50|leak: alive shape flat ratio 0.996 silent 0.22 resting 0.00 active 0.50 move 0.161 lock 0.00 static 0.886 pr 13.6 | sent 1:0.71 10:0.71 100:0.7 1000:0.7 2000:0.71 | 12.1s
run39|step0|2.0|none|0.5|1|51|leak: alive shape flat ratio 0.984 silent 0.24 resting 0.00 active 0.52 move 0.166 lock 0.00 static 0.900 pr 14.1 | sent 1:0.7 10:0.69 100:0.69 1000:0.69 2000:0.69 | 12.5s
run39|step0|1.0|kp1|0.9|0|51|leak: alive shape flat ratio 0.969 silent 0.36 resting 0.00 active 0.51 move 0.0233 lock 0.00 static 0.915 pr 5.7 | sent 1:0.72 10:0.69 100:0.69 1000:0.7 2000:0.7 | 22.9s
run39|step0|2.0|none|0.5|0|51|leak: alive shape flat ratio 0.984 silent 0.24 resting 0.00 active 0.52 move 0.162 lock 0.00 static 0.899 pr 14.0 | sent 1:0.7 10:0.69 100:0.69 1000:0.69 2000:0.69 | 12.2s
run39|step0|2.0|none|0.9|1|51|leak: alive shape flat ratio 0.963 silent 0.37 resting 0.00 active 0.52 move 0.0243 lock 0.00 static 0.911 pr 5.5 | sent 1:0.72 10:0.69 100:0.69 1000:0.7 2000:0.69 | 12.7s
run39|step0|2.0|none|0.9|0|50|leak: alive shape flat ratio 0.996 silent 0.36 resting 0.00 active 0.50 move 0.0232 lock 0.00 static 0.908 pr 5.5 | sent 1:0.71 10:0.71 100:0.71 1000:0.7 2000:0.7 | 12.1s
run39|step0|2.0|kp1|0.0|1|50|code: alive shape flat ratio 0.997 silent 0.09 resting 0.00 active 0.50 move 0.67 lock 0.00 static 0.792 pr 20.3 | sent 1:0.71 10:0.7 100:0.7 1000:0.71 2000:0.71 | 10.2s
run39|step0|2.0|none|0.9|0|51|leak: alive shape flat ratio 0.963 silent 0.37 resting 0.00 active 0.52 move 0.0238 lock 0.00 static 0.907 pr 5.5 | sent 1:0.72 10:0.69 100:0.69 1000:0.7 2000:0.69 | 12.3s
run39|step0|2.0|kp1|0.5|0|51|code: alive shape flat ratio 1 silent 0.24 resting 0.00 active 0.52 move 0.162 lock 0.00 static 0.896 pr 13.8 | sent 1:0.69 10:0.69 100:0.71 1000:0.7 2000:0.69 | 10.0s
run39|step0|2.0|kp1|0.5|0|50|code: alive shape flat ratio 0.992 silent 0.22 resting 0.00 active 0.50 move 0.164 lock 0.00 static 0.898 pr 13.8 | sent 1:0.71 10:0.7 100:0.71 1000:0.7 2000:0.71 | 11.5s
run39|step0|2.0|kp1|0.9|1|50|code: alive shape flat ratio 0.991 silent 0.33 resting 0.00 active 0.51 move 0.027 lock 0.00 static 0.913 pr 6.0 | sent 1:0.71 10:0.71 100:0.7 1000:0.7 2000:0.71 | 10.5s
run39|step0|2.0|kp1|0.9|1|51|code: alive shape flat ratio 0.995 silent 0.37 resting 0.00 active 0.52 move 0.0249 lock 0.00 static 0.913 pr 6.0 | sent 1:0.69 10:0.69 100:0.7 1000:0.69 2000:0.69 | 10.5s
run39|step0|2.0|kp1|0.0|0|50|code: alive shape flat ratio 0.997 silent 0.09 resting 0.00 active 0.50 move 0.654 lock 0.00 static 0.791 pr 20.3 | sent 1:0.71 10:0.7 100:0.7 1000:0.71 2000:0.71 | 18.0s
run39|step0|2.0|kp1|0.0|1|51|code: alive shape flat ratio 1 silent 0.11 resting 0.00 active 0.52 move 0.673 lock 0.00 static 0.782 pr 20.9 | sent 1:0.69 10:0.69 100:0.7 1000:0.69 2000:0.69 | 19.0s
run39|step0|2.0|kp1|0.0|0|51|code: alive shape flat ratio 1 silent 0.11 resting 0.00 active 0.52 move 0.663 lock 0.00 static 0.781 pr 20.9 | sent 1:0.69 10:0.69 100:0.7 1000:0.69 2000:0.69 | 18.5s
run39|step0|2.0|none|0.9|1|50|leak: alive shape flat ratio 0.996 silent 0.36 resting 0.00 active 0.50 move 0.024 lock 0.00 static 0.910 pr 5.5 | sent 1:0.71 10:0.71 100:0.71 1000:0.7 2000:0.7 | 23.3s
run39|step0|2.0|kp1|0.5|1|51|code: alive shape flat ratio 1 silent 0.24 resting 0.00 active 0.52 move 0.166 lock 0.00 static 0.898 pr 13.9 | sent 1:0.69 10:0.69 100:0.71 1000:0.7 2000:0.69 | 19.3s
run39|step0|2.0|kp1|0.5|1|50|code: alive shape flat ratio 0.992 silent 0.22 resting 0.00 active 0.50 move 0.17 lock 0.00 static 0.899 pr 13.9 | sent 1:0.71 10:0.7 100:0.71 1000:0.7 2000:0.71 | 19.5s
run39|step0|2.0|kp1|0.5|1|50|leak: alive shape flat ratio 0.985 silent 0.22 resting 0.00 active 0.50 move 0.169 lock 0.00 static 0.897 pr 13.9 | sent 1:0.72 10:0.7 100:0.71 1000:0.71 2000:0.7 | 12.5s
run39|step0|2.0|kp1|0.5|0|50|leak: alive shape flat ratio 0.985 silent 0.22 resting 0.00 active 0.50 move 0.164 lock 0.00 static 0.896 pr 13.8 | sent 1:0.72 10:0.7 100:0.71 1000:0.71 2000:0.7 | 12.2s
run39|step0|2.0|kp1|0.5|1|51|leak: alive shape flat ratio 1 silent 0.25 resting 0.00 active 0.51 move 0.162 lock 0.00 static 0.903 pr 14.1 | sent 1:0.7 10:0.69 100:0.7 1000:0.7 2000:0.7 | 12.7s
run39|step0|2.0|kp1|0.5|0|51|leak: alive shape flat ratio 1 silent 0.25 resting 0.00 active 0.51 move 0.158 lock 0.00 static 0.901 pr 14.0 | sent 1:0.7 10:0.69 100:0.7 1000:0.7 2000:0.7 | 12.1s
run39|step0|2.0|kp1|0.9|0|50|code: alive shape flat ratio 0.991 silent 0.33 resting 0.00 active 0.51 move 0.0259 lock 0.00 static 0.912 pr 6.1 | sent 1:0.71 10:0.71 100:0.7 1000:0.7 2000:0.71 | 18.3s
run39|step0|2.0|kp1|0.9|0|51|code: alive shape flat ratio 0.995 silent 0.37 resting 0.00 active 0.52 move 0.0243 lock 0.00 static 0.910 pr 6.0 | sent 1:0.69 10:0.69 100:0.7 1000:0.69 2000:0.69 | 19.0s
run39|step0|2.0|kp1|0.9|1|50|leak: alive shape flat ratio 0.999 silent 0.34 resting 0.00 active 0.50 move 0.0247 lock 0.00 static 0.904 pr 5.5 | sent 1:0.71 10:0.71 100:0.71 1000:0.7 2000:0.71 | 12.5s
run39|step0|2.0|kp1|0.9|1|51|leak: alive shape flat ratio 0.959 silent 0.39 resting 0.00 active 0.53 move 0.0223 lock 0.00 static 0.913 pr 4.6 | sent 1:0.71 10:0.69 100:0.69 1000:0.7 2000:0.68 | 12.7s
run39|step0|2.0|kp1|0.9|0|50|leak: alive shape flat ratio 0.999 silent 0.34 resting 0.00 active 0.50 move 0.0239 lock 0.00 static 0.902 pr 5.4 | sent 1:0.71 10:0.71 100:0.71 1000:0.7 2000:0.71 | 12.1s
run39|step0|2.0|kp1|0.9|0|51|leak: alive shape flat ratio 0.959 silent 0.39 resting 0.00 active 0.53 move 0.022 lock 0.00 static 0.910 pr 4.6 | sent 1:0.71 10:0.69 100:0.69 1000:0.7 2000:0.68 | 12.2s
run39|step0|4.0|none|0.5|0|50|code: alive shape flat ratio 0.994 silent 0.23 resting 0.00 active 0.50 move 0.161 lock 0.00 static 0.895 pr 13.9 | sent 1:0.71 10:0.71 100:0.71 1000:0.71 2000:0.71 | 9.8s
run39|step0|4.0|none|0.5|0|51|code: alive shape flat ratio 1.01 silent 0.26 resting 0.00 active 0.51 move 0.158 lock 0.00 static 0.893 pr 13.6 | sent 1:0.69 10:0.7 100:0.69 1000:0.7 2000:0.7 | 9.8s
run39|step0|4.0|none|0.9|1|50|code: alive shape flat ratio 0.99 silent 0.32 resting 0.00 active 0.50 move 0.0262 lock 0.00 static 0.910 pr 5.8 | sent 1:0.71 10:0.72 100:0.7 1000:0.71 2000:0.7 | 10.0s
run39|step0|4.0|none|0.9|1|51|code: alive shape flat ratio 1.01 silent 0.38 resting 0.00 active 0.51 move 0.0223 lock 0.00 static 0.911 pr 5.0 | sent 1:0.69 10:0.7 100:0.69 1000:0.68 2000:0.7 | 10.3s
run39|step0|4.0|none|0.0|1|50|code: alive shape flat ratio 0.993 silent 0.11 resting 0.00 active 0.50 move 0.674 lock 0.00 static 0.791 pr 20.2 | sent 1:0.71 10:0.7 100:0.7 1000:0.71 2000:0.71 | 18.6s
run39|step0|4.0|none|0.0|0|50|code: alive shape flat ratio 0.993 silent 0.11 resting 0.00 active 0.50 move 0.66 lock 0.00 static 0.789 pr 20.2 | sent 1:0.71 10:0.7 100:0.7 1000:0.71 2000:0.71 | 17.7s
run39|step0|4.0|none|0.5|1|50|leak: alive shape flat ratio 0.976 silent 0.23 resting 0.00 active 0.50 move 0.168 lock 0.00 static 0.893 pr 13.5 | sent 1:0.71 10:0.71 100:0.71 1000:0.7 2000:0.7 | 12.5s
run39|step0|4.0|none|0.0|1|51|code: alive shape flat ratio 1.01 silent 0.11 resting 0.00 active 0.52 move 0.674 lock 0.00 static 0.782 pr 20.8 | sent 1:0.69 10:0.7 100:0.69 1000:0.7 2000:0.7 | 18.6s
run39|step0|4.0|none|0.0|0|51|code: alive shape flat ratio 1.01 silent 0.11 resting 0.00 active 0.52 move 0.663 lock 0.00 static 0.780 pr 20.8 | sent 1:0.69 10:0.7 100:0.69 1000:0.7 2000:0.7 | 18.0s
run39|step0|4.0|none|0.5|1|51|leak: alive shape flat ratio 1.01 silent 0.25 resting 0.00 active 0.52 move 0.163 lock 0.00 static 0.899 pr 13.9 | sent 1:0.69 10:0.69 100:0.69 1000:0.69 2000:0.7 | 12.6s
run39|step0|4.0|none|0.5|0|50|leak: alive shape flat ratio 0.976 silent 0.23 resting 0.00 active 0.50 move 0.162 lock 0.00 static 0.892 pr 13.4 | sent 1:0.71 10:0.71 100:0.71 1000:0.7 2000:0.7 | 12.1s
run39|step0|4.0|none|0.5|0|51|leak: alive shape flat ratio 1.01 silent 0.25 resting 0.00 active 0.52 move 0.16 lock 0.00 static 0.897 pr 13.8 | sent 1:0.69 10:0.69 100:0.69 1000:0.69 2000:0.7 | 12.2s
run39|step0|4.0|none|0.5|1|50|code: alive shape flat ratio 0.994 silent 0.23 resting 0.00 active 0.50 move 0.167 lock 0.00 static 0.896 pr 14.0 | sent 1:0.71 10:0.71 100:0.71 1000:0.71 2000:0.71 | 18.5s
run39|step0|4.0|none|0.5|1|51|code: alive shape flat ratio 1.01 silent 0.26 resting 0.00 active 0.51 move 0.162 lock 0.00 static 0.894 pr 13.7 | sent 1:0.69 10:0.7 100:0.69 1000:0.7 2000:0.7 | 19.3s
run39|step0|4.0|none|0.9|0|50|code: alive shape flat ratio 0.99 silent 0.32 resting 0.00 active 0.50 move 0.0257 lock 0.00 static 0.908 pr 5.8 | sent 1:0.71 10:0.72 100:0.7 1000:0.71 2000:0.7 | 17.9s
run39|step0|4.0|none|0.9|0|51|code: alive shape flat ratio 1.01 silent 0.38 resting 0.00 active 0.51 move 0.0218 lock 0.00 static 0.908 pr 5.0 | sent 1:0.69 10:0.7 100:0.69 1000:0.68 2000:0.7 | 18.6s
run39|step0|4.0|none|0.9|1|50|leak: alive shape flat ratio 1 silent 0.33 resting 0.00 active 0.50 move 0.0264 lock 0.00 static 0.922 pr 6.0 | sent 1:0.71 10:0.71 100:0.7 1000:0.71 2000:0.72 | 12.6s
run39|step0|4.0|none|0.9|0|50|leak: alive shape flat ratio 1 silent 0.33 resting 0.00 active 0.50 move 0.0255 lock 0.00 static 0.920 pr 6.0 | sent 1:0.71 10:0.71 100:0.7 1000:0.71 2000:0.72 | 12.1s
run39|step0|4.0|none|0.9|1|51|leak: alive shape flat ratio 0.97 silent 0.35 resting 0.00 active 0.52 move 0.0253 lock 0.00 static 0.914 pr 6.0 | sent 1:0.72 10:0.69 100:0.7 1000:0.69 2000:0.69 | 12.7s
run39|step0|4.0|none|0.9|0|51|leak: alive shape flat ratio 0.97 silent 0.35 resting 0.00 active 0.52 move 0.0248 lock 0.00 static 0.910 pr 6.0 | sent 1:0.72 10:0.69 100:0.7 1000:0.69 2000:0.69 | 12.2s
run39|step0|4.0|kp1|0.0|0|50|code: alive shape flat ratio 0.989 silent 0.10 resting 0.00 active 0.50 move 0.66 lock 0.00 static 0.785 pr 20.3 | sent 1:0.71 10:0.71 100:0.7 1000:0.71 2000:0.7 | 9.7s
run39|step0|4.0|kp1|0.5|0|50|code: alive shape flat ratio 0.988 silent 0.23 resting 0.00 active 0.50 move 0.165 lock 0.00 static 0.900 pr 13.9 | sent 1:0.71 10:0.71 100:0.7 1000:0.71 2000:0.7 | 10.0s
run39|step0|4.0|kp1|0.5|1|51|code: alive shape flat ratio 1.01 silent 0.24 resting 0.00 active 0.52 move 0.162 lock 0.00 static 0.895 pr 13.7 | sent 1:0.69 10:0.7 100:0.69 1000:0.7 2000:0.7 | 10.6s
run39|step0|4.0|kp1|0.5|0|51|code: alive shape flat ratio 1.01 silent 0.24 resting 0.00 active 0.52 move 0.158 lock 0.00 static 0.894 pr 13.6 | sent 1:0.69 10:0.7 100:0.69 1000:0.7 2000:0.7 | 10.1s
run39|step0|4.0|kp1|0.0|0|51|code: alive shape flat ratio 1.01 silent 0.11 resting 0.00 active 0.52 move 0.665 lock 0.00 static 0.778 pr 20.9 | sent 1:0.69 10:0.7 100:0.69 1000:0.68 2000:0.7 | 18.1s
run39|step0|4.0|kp1|0.0|1|50|code: alive shape flat ratio 0.989 silent 0.10 resting 0.00 active 0.50 move 0.673 lock 0.00 static 0.786 pr 20.4 | sent 1:0.71 10:0.71 100:0.7 1000:0.71 2000:0.7 | 18.9s
run39|step0|4.0|kp1|0.0|1|51|code: alive shape flat ratio 1.01 silent 0.11 resting 0.00 active 0.52 move 0.675 lock 0.00 static 0.780 pr 20.9 | sent 1:0.69 10:0.7 100:0.69 1000:0.68 2000:0.7 | 19.3s
run39|step0|4.0|kp1|0.5|0|50|leak: alive shape flat ratio 0.983 silent 0.22 resting 0.00 active 0.50 move 0.165 lock 0.00 static 0.896 pr 13.9 | sent 1:0.72 10:0.7 100:0.71 1000:0.71 2000:0.7 | 12.3s
run39|step0|4.0|kp1|0.5|1|51|leak: alive shape flat ratio 1 silent 0.25 resting 0.00 active 0.51 move 0.165 lock 0.00 static 0.904 pr 14.2 | sent 1:0.69 10:0.69 100:0.7 1000:0.69 2000:0.7 | 12.7s
run39|step0|4.0|kp1|0.5|0|51|leak: alive shape flat ratio 1 silent 0.25 resting 0.00 active 0.51 move 0.16 lock 0.00 static 0.902 pr 14.2 | sent 1:0.69 10:0.69 100:0.7 1000:0.69 2000:0.7 | 12.4s
run39|step0|4.0|kp1|0.5|1|50|leak: alive shape flat ratio 0.983 silent 0.22 resting 0.00 active 0.50 move 0.171 lock 0.00 static 0.898 pr 13.9 | sent 1:0.72 10:0.7 100:0.71 1000:0.71 2000:0.7 | 12.9s
run39|step0|4.0|kp1|0.5|1|50|code: alive shape flat ratio 0.988 silent 0.23 resting 0.00 active 0.50 move 0.171 lock 0.00 static 0.900 pr 14.0 | sent 1:0.71 10:0.71 100:0.7 1000:0.71 2000:0.7 | 19.6s
run39|step0|4.0|kp1|0.9|0|50|code: alive shape flat ratio 1 silent 0.33 resting 0.00 active 0.50 move 0.0251 lock 0.00 static 0.897 pr 5.5 | sent 1:0.71 10:0.71 100:0.71 1000:0.71 2000:0.72 | 18.4s
run39|step0|4.0|kp1|0.9|1|50|code: alive shape flat ratio 1 silent 0.33 resting 0.00 active 0.50 move 0.0263 lock 0.00 static 0.903 pr 5.5 | sent 1:0.71 10:0.71 100:0.71 1000:0.71 2000:0.72 | 20.0s
run39|step0|4.0|kp1|0.9|1|51|code: alive shape flat ratio 1.01 silent 0.37 resting 0.00 active 0.52 move 0.0243 lock 0.00 static 0.911 pr 5.6 | sent 1:0.69 10:0.69 100:0.7 1000:0.71 2000:0.7 | 20.0s
run39|step0|4.0|kp1|0.9|1|50|leak: alive shape flat ratio 0.986 silent 0.35 resting 0.00 active 0.51 move 0.0244 lock 0.00 static 0.924 pr 6.0 | sent 1:0.72 10:0.71 100:0.71 1000:0.7 2000:0.71 | 13.0s
run39|step0|4.0|kp1|0.9|0|50|leak: alive shape flat ratio 0.986 silent 0.35 resting 0.00 active 0.51 move 0.024 lock 0.00 static 0.921 pr 6.1 | sent 1:0.72 10:0.71 100:0.71 1000:0.7 2000:0.71 | 12.4s
run39|step0|4.0|kp1|0.9|0|51|code: alive shape flat ratio 1.01 silent 0.37 resting 0.00 active 0.52 move 0.0237 lock 0.00 static 0.910 pr 5.6 | sent 1:0.69 10:0.69 100:0.7 1000:0.71 2000:0.7 | 19.1s
run39|step0|4.0|kp1|0.9|0|51|leak: alive shape flat ratio 0.971 silent 0.36 resting 0.00 active 0.52 move 0.0241 lock 0.00 static 0.912 pr 5.6 | sent 1:0.71 10:0.7 100:0.68 1000:0.7 2000:0.69 | 12.5s
run39|step0|4.0|kp1|0.9|1|51|leak: alive shape flat ratio 0.971 silent 0.36 resting 0.00 active 0.52 move 0.0243 lock 0.00 static 0.914 pr 5.6 | sent 1:0.71 10:0.7 100:0.68 1000:0.7 2000:0.69 | 13.0s
run39|step0|16.0|none|0.0|0|51|code: alive shape flat ratio 1 silent 0.11 resting 0.00 active 0.52 move 0.672 lock 0.00 static 0.777 pr 20.9 | sent 1:0.69 10:0.7 100:0.69 1000:0.69 2000:0.69 | 9.8s
run39|step0|16.0|none|0.5|0|50|code: alive shape flat ratio 1 silent 0.23 resting 0.00 active 0.50 move 0.163 lock 0.00 static 0.897 pr 13.9 | sent 1:0.71 10:0.71 100:0.71 1000:0.71 2000:0.71 | 10.0s
run39|step0|16.0|none|0.5|1|50|code: alive shape flat ratio 1 silent 0.23 resting 0.00 active 0.50 move 0.168 lock 0.00 static 0.899 pr 13.9 | sent 1:0.71 10:0.71 100:0.71 1000:0.71 2000:0.71 | 10.3s
run39|step0|16.0|none|0.5|1|51|code: alive shape flat ratio 1.01 silent 0.25 resting 0.00 active 0.52 move 0.164 lock 0.00 static 0.896 pr 14.1 | sent 1:0.69 10:0.69 100:0.7 1000:0.7 2000:0.7 | 10.5s
run39|step0|16.0|none|0.9|0|51|code: alive shape flat ratio 1.01 silent 0.36 resting 0.00 active 0.52 move 0.023 lock 0.00 static 0.921 pr 5.8 | sent 1:0.69 10:0.71 100:0.69 1000:0.69 2000:0.7 | 10.1s
run39|step0|16.0|none|0.5|0|50|leak: alive shape flat ratio 0.988 silent 0.23 resting 0.00 active 0.50 move 0.165 lock 0.00 static 0.891 pr 13.7 | sent 1:0.71 10:0.7 100:0.7 1000:0.7 2000:0.7 | 12.3s
run39|step0|16.0|none|0.5|0|51|leak: alive shape flat ratio 1 silent 0.24 resting 0.00 active 0.52 move 0.162 lock 0.00 static 0.897 pr 14.1 | sent 1:0.69 10:0.69 100:0.69 1000:0.69 2000:0.69 | 12.4s
run39|step0|16.0|none|0.5|1|50|leak: alive shape flat ratio 0.988 silent 0.23 resting 0.00 active 0.50 move 0.171 lock 0.00 static 0.894 pr 13.7 | sent 1:0.71 10:0.7 100:0.7 1000:0.7 2000:0.7 | 12.7s
run39|step0|16.0|none|0.0|1|50|code: alive shape flat ratio 1.01 silent 0.10 resting 0.00 active 0.50 move 0.665 lock 0.00 static 0.788 pr 20.3 | sent 1:0.71 10:0.71 100:0.7 1000:0.72 2000:0.72 | 18.7s
run39|step0|16.0|none|0.0|0|50|code: alive shape flat ratio 1.01 silent 0.10 resting 0.00 active 0.50 move 0.652 lock 0.00 static 0.787 pr 20.3 | sent 1:0.71 10:0.71 100:0.7 1000:0.72 2000:0.72 | 17.8s
run39|step0|16.0|none|0.0|1|51|code: alive shape flat ratio 1 silent 0.11 resting 0.00 active 0.52 move 0.683 lock 0.00 static 0.778 pr 20.9 | sent 1:0.69 10:0.7 100:0.69 1000:0.69 2000:0.69 | 18.8s
run39|step0|16.0|none|0.5|0|51|code: alive shape flat ratio 1.01 silent 0.25 resting 0.00 active 0.52 move 0.161 lock 0.00 static 0.895 pr 14.0 | sent 1:0.69 10:0.69 100:0.7 1000:0.7 2000:0.7 | 18.7s
run39|step0|16.0|none|0.9|1|50|code: alive shape flat ratio 0.997 silent 0.34 resting 0.00 active 0.50 move 0.0265 lock 0.00 static 0.917 pr 6.3 | sent 1:0.71 10:0.71 100:0.71 1000:0.7 2000:0.7 | 18.7s
run39|step0|16.0|none|0.9|0|50|code: alive shape flat ratio 0.997 silent 0.34 resting 0.00 active 0.50 move 0.0254 lock 0.00 static 0.915 pr 6.3 | sent 1:0.71 10:0.71 100:0.71 1000:0.7 2000:0.7 | 18.6s
run39|step0|16.0|none|0.9|1|51|code: alive shape flat ratio 1.01 silent 0.36 resting 0.00 active 0.52 move 0.0234 lock 0.00 static 0.922 pr 5.8 | sent 1:0.69 10:0.71 100:0.69 1000:0.69 2000:0.7 | 20.2s
run39|step0|16.0|none|0.9|1|50|leak: alive shape flat ratio 0.99 silent 0.34 resting 0.00 active 0.51 move 0.0257 lock 0.00 static 0.902 pr 5.9 | sent 1:0.71 10:0.71 100:0.71 1000:0.7 2000:0.7 | 12.8s
run39|step0|16.0|none|0.9|0|50|leak: alive shape flat ratio 0.99 silent 0.34 resting 0.00 active 0.51 move 0.0253 lock 0.00 static 0.901 pr 5.9 | sent 1:0.71 10:0.71 100:0.71 1000:0.7 2000:0.7 | 12.5s
run39|step0|16.0|none|0.9|1|51|leak: alive shape flat ratio 1.01 silent 0.36 resting 0.00 active 0.52 move 0.0242 lock 0.00 static 0.924 pr 5.9 | sent 1:0.69 10:0.69 100:0.7 1000:0.69 2000:0.7 | 12.9s
run39|step0|16.0|none|0.9|0|51|leak: alive shape flat ratio 1.01 silent 0.36 resting 0.00 active 0.52 move 0.0236 lock 0.00 static 0.923 pr 5.9 | sent 1:0.69 10:0.69 100:0.7 1000:0.69 2000:0.7 | 12.6s
run39|step0|16.0|kp1|0.0|1|50|code: alive shape flat ratio 1.01 silent 0.10 resting 0.00 active 0.50 move 0.668 lock 0.00 static 0.788 pr 20.4 | sent 1:0.71 10:0.71 100:0.7 1000:0.71 2000:0.71 | 10.5s
run39|step0|16.0|kp1|0.0|0|50|code: alive shape flat ratio 1.01 silent 0.10 resting 0.00 active 0.50 move 0.654 lock 0.00 static 0.786 pr 20.3 | sent 1:0.71 10:0.71 100:0.7 1000:0.71 2000:0.71 | 10.0s
run39|step0|16.0|kp1|0.0|0|51|code: alive shape flat ratio 1.02 silent 0.11 resting 0.00 active 0.52 move 0.661 lock 0.00 static 0.780 pr 20.8 | sent 1:0.69 10:0.7 100:0.69 1000:0.69 2000:0.7 | 10.1s
run39|step0|16.0|kp1|0.0|1|51|code: alive shape flat ratio 1.02 silent 0.11 resting 0.00 active 0.52 move 0.672 lock 0.00 static 0.782 pr 20.9 | sent 1:0.69 10:0.7 100:0.69 1000:0.69 2000:0.7 | 10.5s
run39|step0|16.0|none|0.5|1|51|leak: alive shape flat ratio 1 silent 0.24 resting 0.00 active 0.52 move 0.165 lock 0.00 static 0.898 pr 14.2 | sent 1:0.69 10:0.69 100:0.69 1000:0.69 2000:0.69 | 23.7s
run39|step0|16.0|kp1|0.9|0|51|code: alive shape flat ratio 1.01 silent 0.37 resting 0.00 active 0.52 move 0.0226 lock 0.00 static 0.916 pr 5.4 | sent 1:0.69 10:0.7 100:0.69 1000:0.7 2000:0.69 | 10.4s
run39|step0|16.0|kp1|0.5|0|50|leak: alive shape flat ratio 0.997 silent 0.22 resting 0.00 active 0.50 move 0.167 lock 0.00 static 0.895 pr 14.0 | sent 1:0.71 10:0.7 100:0.71 1000:0.71 2000:0.71 | 12.4s
run39|step0|16.0|kp1|0.5|1|50|leak: alive shape flat ratio 0.997 silent 0.22 resting 0.00 active 0.50 move 0.173 lock 0.00 static 0.896 pr 14.1 | sent 1:0.71 10:0.7 100:0.71 1000:0.71 2000:0.71 | 12.8s
run39|step0|16.0|kp1|0.5|1|51|leak: alive shape flat ratio 1.02 silent 0.24 resting 0.00 active 0.51 move 0.171 lock 0.00 static 0.896 pr 13.8 | sent 1:0.69 10:0.7 100:0.69 1000:0.7 2000:0.7 | 13.0s
run39|step0|16.0|kp1|0.5|0|51|leak: alive shape flat ratio 1.02 silent 0.24 resting 0.00 active 0.51 move 0.167 lock 0.00 static 0.894 pr 13.7 | sent 1:0.69 10:0.7 100:0.69 1000:0.7 2000:0.7 | 12.6s
run39|step0|16.0|kp1|0.5|0|50|code: alive shape flat ratio 1 silent 0.23 resting 0.00 active 0.50 move 0.162 lock 0.00 static 0.889 pr 13.3 | sent 1:0.71 10:0.7 100:0.71 1000:0.7 2000:0.71 | 19.1s
run39|step0|16.0|kp1|0.5|1|50|code: alive shape flat ratio 1 silent 0.23 resting 0.00 active 0.50 move 0.168 lock 0.00 static 0.890 pr 13.4 | sent 1:0.71 10:0.7 100:0.71 1000:0.7 2000:0.71 | 19.6s
run39|step0|16.0|kp1|0.5|1|51|code: alive shape flat ratio 1.01 silent 0.24 resting 0.00 active 0.52 move 0.166 lock 0.00 static 0.901 pr 13.8 | sent 1:0.69 10:0.7 100:0.69 1000:0.7 2000:0.7 | 19.9s
run39|step0|16.0|kp1|0.5|0|51|code: alive shape flat ratio 1.01 silent 0.24 resting 0.00 active 0.52 move 0.162 lock 0.00 static 0.899 pr 13.7 | sent 1:0.69 10:0.7 100:0.69 1000:0.7 2000:0.7 | 19.1s
run39|step0|16.0|kp1|0.9|1|50|code: alive shape flat ratio 0.996 silent 0.35 resting 0.00 active 0.50 move 0.0247 lock 0.00 static 0.912 pr 5.8 | sent 1:0.71 10:0.71 100:0.71 1000:0.7 2000:0.71 | 19.4s
run39|step0|16.0|kp1|0.9|0|50|leak: alive shape flat ratio 0.976 silent 0.35 resting 0.00 active 0.50 move 0.024 lock 0.00 static 0.910 pr 5.7 | sent 1:0.71 10:0.71 100:0.72 1000:0.7 2000:0.7 | 12.5s
run39|step0|16.0|kp1|0.9|1|50|leak: alive shape flat ratio 0.976 silent 0.35 resting 0.00 active 0.50 move 0.0248 lock 0.00 static 0.911 pr 5.7 | sent 1:0.71 10:0.71 100:0.72 1000:0.7 2000:0.7 | 13.0s
run39|step0|16.0|kp1|0.9|1|51|leak: alive shape flat ratio 1 silent 0.36 resting 0.00 active 0.52 move 0.0259 lock 0.00 static 0.915 pr 6.1 | sent 1:0.69 10:0.7 100:0.69 1000:0.7 2000:0.69 | 13.0s
run39|step0|16.0|kp1|0.9|1|51|code: alive shape flat ratio 1.01 silent 0.37 resting 0.00 active 0.52 move 0.023 lock 0.00 static 0.918 pr 5.4 | sent 1:0.69 10:0.7 100:0.69 1000:0.7 2000:0.69 | 19.9s
run39|step0|16.0|kp1|0.9|0|50|code: alive shape flat ratio 0.996 silent 0.35 resting 0.00 active 0.50 move 0.0238 lock 0.00 static 0.910 pr 5.8 | sent 1:0.71 10:0.71 100:0.71 1000:0.7 2000:0.71 | 19.8s
run39|step0.5|0.1|none|0.0|1|50|code: dead at step 4 shape decaying ratio 0 silent 1.00 resting 1.00 active 0.00 move 0 | sent 1:0.57 10:0 100:0 1000:0 2000:0 | 10.1s
run39|step0.5|0.1|none|0.0|0|50|code: dead at step 3 shape decaying ratio 0 silent 1.00 resting 1.00 active 0.00 move 0 | sent 1:0.56 10:0 100:0 1000:0 2000:0 | 9.8s
run39|step0.5|0.1|none|0.0|1|51|code: dead at step 4 shape decaying ratio 0 silent 1.00 resting 1.00 active 0.00 move 0 | sent 1:0.57 10:0 100:0 1000:0 2000:0 | 10.3s
run39|step0.5|0.1|none|0.0|0|51|code: dead at step 4 shape decaying ratio 0 silent 1.00 resting 1.00 active 0.00 move 0 | sent 1:0.57 10:0 100:0 1000:0 2000:0 | 9.9s
run39|step0.5|0.1|none|0.5|1|50|code: dead at step 15 shape decaying ratio 0 silent 1.00 resting 1.00 active 0.00 move 0 | sent 1:0.57 10:0 100:0 1000:0 2000:0 | 10.4s
run39|step0.5|0.1|none|0.9|0|50|code: alive shape flat ratio 1.04 silent 0.47 resting 0.00 active 0.34 move 0.0315 lock 0.00 static 0.856 pr 5.9 | sent 1:0.56 10:0.5 100:0.58 1000:0.58 2000:0.59 | 10.0s
run39|step0.5|0.1|none|0.9|0|51|code: alive shape flat ratio 1.03 silent 0.46 resting 0.00 active 0.33 move 0.0328 lock 0.00 static 0.827 pr 5.7 | sent 1:0.57 10:0.49 100:0.57 1000:0.57 2000:0.59 | 10.1s
run39|step0|16.0|kp1|0.9|0|51|leak: alive shape flat ratio 1 silent 0.36 resting 0.00 active 0.52 move 0.0254 lock 0.00 static 0.913 pr 6.1 | sent 1:0.69 10:0.7 100:0.69 1000:0.7 2000:0.69 | 23.5s
run39|step0.5|0.1|none|0.5|1|50|leak: dead at step 15 shape decaying ratio 0 silent 1.00 resting 1.00 active 0.00 move 0 | sent 1:0.57 10:0 100:0 1000:0 2000:0 | 12.8s
run39|step0.5|0.1|none|0.5|0|51|leak: dead at step 15 shape decaying ratio 0 silent 1.00 resting 1.00 active 0.00 move 0 | sent 1:0.57 10:0 100:0 1000:0 2000:0 | 12.5s
run39|step0.5|0.1|none|0.5|0|50|code: dead at step 15 shape decaying ratio 0 silent 1.00 resting 1.00 active 0.00 move 0 | sent 1:0.56 10:0 100:0 1000:0 2000:0 | 18.8s
run39|step0.5|0.1|none|0.5|0|51|code: dead at step 15 shape decaying ratio 0 silent 1.00 resting 1.00 active 0.00 move 0 | sent 1:0.57 10:0 100:0 1000:0 2000:0 | 18.9s
run39|step0.5|0.1|none|0.5|1|51|code: dead at step 15 shape decaying ratio 0 silent 1.00 resting 1.00 active 0.00 move 0 | sent 1:0.57 10:0 100:0 1000:0 2000:0 | 19.8s
run39|step0.5|0.1|none|0.9|1|50|code: alive shape flat ratio 0.998 silent 0.48 resting 0.00 active 0.32 move 0.0333 lock 0.00 static 0.825 pr 5.8 | sent 1:0.57 10:0.52 100:0.55 1000:0.56 2000:0.57 | 19.6s
run39|step0.5|0.1|none|0.9|1|50|leak: dead at step 90 shape decaying ratio 0 silent 1.00 resting 1.00 active 0.00 move 0 | sent 1:0.57 10:0.35 100:0 1000:0 2000:0 | 12.8s
run39|step0.5|0.1|none|0.9|0|50|leak: dead at step 89 shape decaying ratio 0 silent 1.00 resting 1.00 active 0.00 move 0 | sent 1:0.57 10:0.31 100:0 1000:0 2000:0 | 12.5s
run39|step0.5|0.1|none|0.9|1|51|leak: dead at step 90 shape decaying ratio 0 silent 1.00 resting 1.00 active 0.00 move 0 | sent 1:0.57 10:0.33 100:0 1000:0 2000:0 | 12.9s
run39|step0.5|0.1|none|0.9|1|51|code: alive shape flat ratio 0.922 silent 0.49 resting 0.00 active 0.29 move 0.035 lock 0.00 static 0.792 pr 5.6 | sent 1:0.57 10:0.52 100:0.54 1000:0.54 2000:0.53 | 19.4s
run39|step0.5|0.1|none|0.9|0|51|leak: dead at step 89 shape decaying ratio 0 silent 1.00 resting 1.00 active 0.00 move 0 | sent 1:0.57 10:0.29 100:0 1000:0 2000:0 | 12.5s
run39|step0.5|0.1|kp1|0.0|1|50|code: cycle period 4 shape decaying ratio 0 silent 1.00 resting 0.94 active 0.00 move 1.46 lock 0.00 static 0.222 pr 2.6 | sent 1:0.57 10:0 100:0 1000:0 2000:0 | 10.5s
run39|step0.5|0.1|kp1|0.0|1|51|code: cycle period 4 shape decaying ratio 0 silent 1.00 resting 0.94 active 0.00 move 1.4 lock 0.00 static 0.268 pr 2.9 | sent 1:0.57 10:0 100:0 1000:0 2000:0 | 10.7s
run39|step0.5|0.1|kp1|0.0|0|51|code: cycle period 4 shape decaying ratio 0 silent 1.00 resting 0.94 active 0.00 move 1.4 lock 0.00 static 0.268 pr 2.9 | sent 1:0.57 10:0 100:0 1000:0 2000:0 | 10.1s
run39|step0.5|0.1|none|0.5|0|50|leak: dead at step 15 shape decaying ratio 0 silent 1.00 resting 1.00 active 0.00 move 0 | sent 1:0.57 10:0 100:0 1000:0 2000:0 | 22.9s
run39|step0.5|0.1|none|0.5|1|51|leak: dead at step 15 shape decaying ratio 0 silent 1.00 resting 1.00 active 0.00 move 0 | sent 1:0.57 10:0 100:0 1000:0 2000:0 | 24.0s
run39|step0.5|0.1|kp1|0.9|0|50|code: alive shape flat ratio 1.04 silent 0.46 resting 0.00 active 0.34 move 0.0315 lock 0.00 static 0.823 pr 5.3 | sent 1:0.56 10:0.5 100:0.59 1000:0.58 2000:0.58 | 10.3s
run39|step0.5|0.1|kp1|0.9|1|51|code: alive shape flat ratio 0.94 silent 0.50 resting 0.00 active 0.29 move 0.0325 lock 0.00 static 0.781 pr 5.9 | sent 1:0.57 10:0.52 100:0.53 1000:0.54 2000:0.54 | 10.9s
run39|step0.5|0.1|kp1|0.9|0|51|code: alive shape flat ratio 0.966 silent 0.46 resting 0.00 active 0.32 move 0.0337 lock 0.00 static 0.798 pr 5.7 | sent 1:0.57 10:0.49 100:0.58 1000:0.57 2000:0.55 | 10.4s
run39|step0.5|0.1|kp1|0.0|0|50|code: cycle period 4 shape decaying ratio 0 silent 1.00 resting 0.94 active 0.00 move 1.46 lock 0.00 static 0.222 pr 2.6 | sent 1:0.56 10:0 100:0 1000:0 2000:0 | 18.8s
run39|step0.5|0.1|kp1|0.5|1|51|leak: cycle period 4 shape decaying ratio 0 silent 1.00 resting 0.94 active 0.00 move 0.864 lock 0.00 static 0.680 pr 2.7 | sent 1:0.57 10:0 100:0 1000:0 2000:0 | 12.9s
run39|step0.5|0.1|kp1|0.5|0|50|leak: cycle period 4 shape decaying ratio 0 silent 1.00 resting 0.94 active 0.00 move 0.938 lock 0.00 static 0.636 pr 2.6 | sent 1:0.57 10:0 100:0 1000:0 2000:0 | 12.6s
run39|step0.5|0.1|kp1|0.5|0|51|leak: cycle period 4 shape decaying ratio 0 silent 1.00 resting 0.94 active 0.00 move 0.864 lock 0.00 static 0.680 pr 2.7 | sent 1:0.57 10:0 100:0 1000:0 2000:0 | 12.6s
run39|step0.5|0.1|kp1|0.5|0|50|code: cycle period 4 shape decaying ratio 0 silent 1.00 resting 0.94 active 0.00 move 0.938 lock 0.00 static 0.636 pr 2.6 | sent 1:0.56 10:0 100:0 1000:0 2000:0 | 19.0s
run39|step0.5|0.1|kp1|0.5|1|50|code: cycle period 4 shape decaying ratio 0 silent 1.00 resting 0.94 active 0.00 move 0.938 lock 0.00 static 0.636 pr 2.6 | sent 1:0.57 10:0 100:0 1000:0 2000:0 | 19.8s
run39|step0.5|0.1|kp1|0.5|0|51|code: cycle period 4 shape decaying ratio 0 silent 1.00 resting 0.94 active 0.00 move 0.864 lock 0.00 static 0.680 pr 2.7 | sent 1:0.57 10:0 100:0 1000:0 2000:0 | 19.3s
run39|step0.5|0.1|kp1|0.5|1|51|code: cycle period 4 shape decaying ratio 0 silent 1.00 resting 0.94 active 0.00 move 0.864 lock 0.00 static 0.680 pr 2.7 | sent 1:0.57 10:0 100:0 1000:0 2000:0 | 20.0s
run39|step0.5|0.1|kp1|0.5|1|50|leak: cycle period 4 shape decaying ratio 0 silent 1.00 resting 0.94 active 0.00 move 0.938 lock 0.00 static 0.636 pr 2.6 | sent 1:0.57 10:0 100:0 1000:0 2000:0 | 16.5s
run39|step0.5|0.1|kp1|0.9|1|50|leak: cycle period 4 shape decaying ratio 0 silent 1.00 resting 0.94 active 0.00 move 0.186 lock 0.00 static 0.985 pr 2.5 | sent 1:0.57 10:0.35 100:0 1000:0 2000:0 | 13.1s
run39|step0.5|0.1|kp1|0.9|1|50|code: alive shape flat ratio 0.976 silent 0.47 resting 0.00 active 0.31 move 0.0347 lock 0.00 static 0.803 pr 5.7 | sent 1:0.57 10:0.52 100:0.55 1000:0.56 2000:0.55 | 19.9s
run39|step0.5|0.3|none|0.0|1|50|code: dead at step 5 shape decaying ratio 0 silent 1.00 resting 1.00 active 0.00 move 0 | sent 1:0.57 10:0 100:0 1000:0 2000:0 | 10.1s
run39|step0.5|0.3|none|0.0|1|51|code: dead at step 5 shape decaying ratio 0 silent 1.00 resting 1.00 active 0.00 move 0 | sent 1:0.58 10:0 100:0 1000:0 2000:0 | 10.2s
run39|step0.5|0.1|kp1|0.9|0|51|leak: cycle period 4 shape decaying ratio 0 silent 1.00 resting 0.94 active 0.00 move 0.167 lock 0.00 static 0.987 pr 2.7 | sent 1:0.57 10:0.29 100:0 1000:0 2000:0 | 12.6s
run39|step0.5|0.3|none|0.0|0|51|code: dead at step 5 shape decaying ratio 0 silent 1.00 resting 1.00 active 0.00 move 0 | sent 1:0.58 10:0 100:0 1000:0 2000:0 | 9.8s
run39|step0.5|0.3|none|0.5|1|50|code: alive shape flat ratio 0.802 silent 0.32 resting 0.00 active 0.18 move 0.299 lock 0.00 static 0.627 pr 14.5 | sent 1:0.57 10:0.41 100:0.42 1000:0.45 2000:0.46 | 10.4s
run39|step0.5|0.3|none|0.5|1|51|code: dead at step 1774 shape decaying ratio 0 silent 1.00 resting 1.00 active 0.00 move 0 | sent 1:0.58 10:0.42 100:0.38 1000:0.38 2000:0 | 10.5s
run39|step0.5|0.3|none|0.9|0|50|code: alive shape flat ratio 1.16 silent 0.37 resting 0.00 active 0.44 move 0.0273 lock 0.00 static 0.889 pr 5.7 | sent 1:0.57 10:0.65 100:0.67 1000:0.67 2000:0.67 | 9.9s
run39|step0.5|0.3|none|0.9|0|51|code: alive shape flat ratio 1.13 silent 0.38 resting 0.00 active 0.43 move 0.0283 lock 0.00 static 0.889 pr 5.9 | sent 1:0.58 10:0.63 100:0.66 1000:0.67 2000:0.65 | 10.1s
run39|step0.5|0.1|kp1|0.9|0|50|leak: cycle period 4 shape decaying ratio 0 silent 1.00 resting 0.94 active 0.00 move 0.186 lock 0.00 static 0.985 pr 2.5 | sent 1:0.57 10:0.31 100:0 1000:0 2000:0 | 23.1s
run39|step0.5|0.3|none|0.0|0|50|code: dead at step 5 shape decaying ratio 0 silent 1.00 resting 1.00 active 0.00 move 0 | sent 1:0.57 10:0 100:0 1000:0 2000:0 | 18.2s
run39|step0.5|0.1|kp1|0.9|1|51|leak: cycle period 4 shape decaying ratio 0 silent 1.00 resting 0.94 active 0.00 move 0.167 lock 0.00 static 0.987 pr 2.7 | sent 1:0.57 10:0.33 100:0 1000:0 2000:0 | 24.3s
run39|step0.5|0.3|none|0.5|0|50|leak: dead at step 16 shape decaying ratio 0 silent 1.00 resting 1.00 active 0.00 move 0 | sent 1:0.56 10:0 100:0 1000:0 2000:0 | 12.5s
run39|step0.5|0.3|none|0.5|1|51|leak: dead at step 16 shape decaying ratio 0 silent 1.00 resting 1.00 active 0.00 move 0 | sent 1:0.57 10:0 100:0 1000:0 2000:0 | 12.8s
run39|step0.5|0.3|none|0.5|0|50|code: dead at step 33 shape decaying ratio 0 silent 1.00 resting 1.00 active 0.00 move 0 | sent 1:0.57 10:0.32 100:0 1000:0 2000:0 | 18.6s
run39|step0.5|0.3|none|0.5|0|51|leak: dead at step 16 shape decaying ratio 0 silent 1.00 resting 1.00 active 0.00 move 0 | sent 1:0.57 10:0 100:0 1000:0 2000:0 | 12.5s
run39|step0.5|0.3|none|0.5|0|51|code: dead at step 29 shape decaying ratio 0 silent 1.00 resting 1.00 active 0.00 move 0 | sent 1:0.58 10:0.31 100:0 1000:0 2000:0 | 19.0s
run39|step0.5|0.3|none|0.9|1|50|leak: dead at step 94 shape decaying ratio 0 silent 1.00 resting 1.00 active 0.00 move 0 | sent 1:0.57 10:0.4 100:0 1000:0 2000:0 | 12.8s
run39|step0.5|0.3|none|0.9|1|51|code: alive shape flat ratio 0.954 silent 0.45 resting 0.00 active 0.30 move 0.0381 lock 0.00 static 0.816 pr 6.3 | sent 1:0.58 10:0.57 100:0.55 1000:0.56 2000:0.55 | 19.3s
run39|step0.5|0.3|none|0.9|1|50|code: alive shape flat ratio 0.967 silent 0.45 resting 0.00 active 0.32 move 0.0367 lock 0.00 static 0.797 pr 5.8 | sent 1:0.57 10:0.59 100:0.56 1000:0.57 2000:0.56 | 19.5s
run39|step0.5|0.3|none|0.9|0|50|leak: dead at step 92 shape decaying ratio 0 silent 1.00 resting 1.00 active 0.00 move 0 | sent 1:0.57 10:0.35 100:0 1000:0 2000:0 | 12.6s
run39|step0.5|0.3|none|0.9|1|51|leak: dead at step 93 shape decaying ratio 0 silent 1.00 resting 1.00 active 0.00 move 0 | sent 1:0.57 10:0.36 100:0 1000:0 2000:0 | 13.0s
run39|step0.5|0.3|kp1|0.0|1|50|code: cycle period 4 shape decaying ratio 0 silent 1.00 resting 0.94 active 0.00 move 1.46 lock 0.00 static 0.222 pr 2.6 | sent 1:0.57 10:0 100:0 1000:0 2000:0 | 10.5s
run39|step0.5|0.3|none|0.9|0|51|leak: dead at step 91 shape decaying ratio 0 silent 1.00 resting 1.00 active 0.00 move 0 | sent 1:0.57 10:0.32 100:0 1000:0 2000:0 | 12.5s
run39|step0.5|0.3|none|0.5|1|50|leak: dead at step 16 shape decaying ratio 0 silent 1.00 resting 1.00 active 0.00 move 0 | sent 1:0.56 10:0 100:0 1000:0 2000:0 | 23.7s
run39|step0.5|0.3|kp1|0.5|1|50|code: alive shape flat ratio 0.756 silent 0.32 resting 0.00 active 0.18 move 0.319 lock 0.00 static 0.643 pr 14.6 | sent 1:0.57 10:0.43 100:0.43 1000:0.43 2000:0.43 | 10.7s
run39|step0.5|0.3|kp1|0.5|1|51|code: cycle period 4 shape decaying ratio 0 silent 1.00 resting 0.94 active 0.00 move 0.864 lock 0.00 static 0.680 pr 2.7 | sent 1:0.58 10:0.4 100:0.34 1000:0 2000:0 | 10.8s
run39|step0.5|0.3|kp1|0.5|0|51|code: cycle period 4 shape decaying ratio 0 silent 1.00 resting 0.94 active 0.00 move 0.864 lock 0.00 static 0.680 pr 2.7 | sent 1:0.58 10:0.33 100:0 1000:0 2000:0 | 10.4s
run39|step0.5|0.3|kp1|0.9|1|51|code: alive shape flat ratio 0.947 silent 0.50 resting 0.00 active 0.31 move 0.0319 lock 0.00 static 0.825 pr 6.0 | sent 1:0.58 10:0.58 100:0.54 1000:0.55 2000:0.55 | 10.8s
run39|step0.5|0.3|kp1|0.0|0|50|code: cycle period 4 shape decaying ratio 0 silent 1.00 resting 0.94 active 0.00 move 1.46 lock 0.00 static 0.222 pr 2.6 | sent 1:0.57 10:0 100:0 1000:0 2000:0 | 18.4s
run39|step0.5|0.3|kp1|0.0|1|51|code: cycle period 4 shape decaying ratio 0 silent 1.00 resting 0.94 active 0.00 move 1.4 lock 0.00 static 0.268 pr 2.9 | sent 1:0.58 10:0 100:0 1000:0 2000:0 | 19.6s
run39|step0.5|0.3|kp1|0.0|0|51|code: cycle period 4 shape decaying ratio 0 silent 1.00 resting 0.94 active 0.00 move 1.4 lock 0.00 static 0.268 pr 2.9 | sent 1:0.58 10:0 100:0 1000:0 2000:0 | 18.9s
run39|step0.5|0.3|kp1|0.5|1|50|leak: cycle period 4 shape decaying ratio 0 silent 1.00 resting 0.94 active 0.00 move 0.938 lock 0.00 static 0.636 pr 2.6 | sent 1:0.56 10:0 100:0 1000:0 2000:0 | 12.9s
run39|step0.5|0.3|kp1|0.5|0|50|leak: cycle period 4 shape decaying ratio 0 silent 1.00 resting 0.94 active 0.00 move 0.938 lock 0.00 static 0.636 pr 2.6 | sent 1:0.56 10:0 100:0 1000:0 2000:0 | 12.6s
run39|step0.5|0.3|kp1|0.5|1|51|leak: cycle period 4 shape decaying ratio 0 silent 1.00 resting 0.94 active 0.00 move 0.864 lock 0.00 static 0.680 pr 2.7 | sent 1:0.57 10:0 100:0 1000:0 2000:0 | 13.1s
run39|step0.5|0.3|kp1|0.5|0|51|leak: cycle period 4 shape decaying ratio 0 silent 1.00 resting 0.94 active 0.00 move 0.864 lock 0.00 static 0.680 pr 2.7 | sent 1:0.57 10:0 100:0 1000:0 2000:0 | 12.5s
run39|step0.5|0.3|kp1|0.5|0|50|code: cycle period 4 shape decaying ratio 0 silent 1.00 resting 0.94 active 0.00 move 0.938 lock 0.00 static 0.636 pr 2.6 | sent 1:0.57 10:0.36 100:0 1000:0 2000:0 | 19.3s
run39|step0.5|0.3|kp1|0.9|1|50|code: alive shape flat ratio 1.01 silent 0.48 resting 0.00 active 0.33 move 0.0324 lock 0.00 static 0.810 pr 5.6 | sent 1:0.57 10:0.59 100:0.56 1000:0.57 2000:0.58 | 19.8s
run39|step0.5|0.3|kp1|0.9|0|51|code: alive shape flat ratio 1.13 silent 0.38 resting 0.00 active 0.44 move 0.0262 lock 0.00 static 0.906 pr 5.8 | sent 1:0.58 10:0.63 100:0.66 1000:0.66 2000:0.66 | 19.3s
run39|step0.5|0.3|kp1|0.9|0|50|code: alive shape flat ratio 1.18 silent 0.38 resting 0.00 active 0.45 move 0.0265 lock 0.00 static 0.894 pr 6.0 | sent 1:0.57 10:0.65 100:0.67 1000:0.67 2000:0.67 | 19.4s
run39|step0.5|0.3|kp1|0.9|0|50|leak: cycle period 4 shape decaying ratio 0 silent 1.00 resting 0.94 active 0.00 move 0.186 lock 0.00 static 0.985 pr 2.5 | sent 1:0.57 10:0.36 100:0 1000:0 2000:0 | 12.5s
run39|step0.5|0.3|kp1|0.9|1|51|leak: cycle period 4 shape decaying ratio 0 silent 1.00 resting 0.94 active 0.00 move 0.167 lock 0.00 static 0.987 pr 2.7 | sent 1:0.57 10:0.36 100:0 1000:0 2000:0 | 13.1s
run39|step0.5|1.0|none|0.0|1|50|code: alive shape flat ratio 0.926 silent 0.09 resting 0.00 active 0.31 move 0.951 lock 0.00 static 0.567 pr 21.5 | sent 1:0.61 10:0.56 100:0.56 1000:0.56 2000:0.57 | 10.1s
run39|step0.5|1.0|none|0.5|0|50|code: alive shape flat ratio 1.04 silent 0.26 resting 0.00 active 0.43 move 0.181 lock 0.00 static 0.860 pr 14.2 | sent 1:0.62 10:0.65 100:0.65 1000:0.65 2000:0.65 | 10.1s
run39|step0.5|1.0|none|0.5|1|50|code: alive shape flat ratio 0.93 silent 0.27 resting 0.00 active 0.32 move 0.238 lock 0.00 static 0.779 pr 14.4 | sent 1:0.61 10:0.58 100:0.56 1000:0.57 2000:0.57 | 10.4s
run39|step0.5|1.0|none|0.5|1|51|code: alive shape flat ratio 0.935 silent 0.27 resting 0.00 active 0.30 move 0.249 lock 0.00 static 0.765 pr 15.2 | sent 1:0.59 10:0.55 100:0.56 1000:0.54 2000:0.56 | 10.6s
run39|step0.5|1.0|none|0.5|0|51|code: alive shape flat ratio 1.04 silent 0.28 resting 0.00 active 0.41 move 0.188 lock 0.00 static 0.862 pr 14.0 | sent 1:0.61 10:0.64 100:0.64 1000:0.64 2000:0.64 | 10.1s
run39|step0.5|0.3|kp1|0.9|1|50|leak: cycle period 4 shape decaying ratio 0 silent 1.00 resting 0.94 active 0.00 move 0.186 lock 0.00 static 0.985 pr 2.5 | sent 1:0.57 10:0.39 100:0 1000:0 2000:0 | 24.0s
run39|step0.5|1.0|none|0.0|0|51|code: alive shape flat ratio 0.944 silent 0.09 resting 0.00 active 0.33 move 0.88 lock 0.00 static 0.602 pr 21.8 | sent 1:0.61 10:0.57 100:0.56 1000:0.58 2000:0.58 | 17.9s
run39|step0.5|1.0|none|0.0|1|51|code: alive shape flat ratio 0.919 silent 0.08 resting 0.00 active 0.29 move 0.961 lock 0.00 static 0.545 pr 22.0 | sent 1:0.59 10:0.54 100:0.53 1000:0.53 2000:0.55 | 19.0s
run39|step0.5|1.0|none|0.0|0|50|code: alive shape flat ratio 0.927 silent 0.11 resting 0.00 active 0.34 move 0.861 lock 0.00 static 0.618 pr 21.3 | sent 1:0.62 10:0.59 100:0.59 1000:0.59 2000:0.57 | 18.3s
run39|step0.5|0.3|kp1|0.9|0|51|leak: cycle period 4 shape decaying ratio 0 silent 1.00 resting 0.94 active 0.00 move 0.167 lock 0.00 static 0.987 pr 2.7 | sent 1:0.57 10:0.32 100:0 1000:0 2000:0 | 23.5s
run39|step0.5|1.0|none|0.5|1|50|leak: alive shape flat ratio 0.951 silent 0.28 resting 0.00 active 0.31 move 0.239 lock 0.00 static 0.776 pr 14.5 | sent 1:0.58 10:0.57 100:0.55 1000:0.55 2000:0.55 | 12.8s
run39|step0.5|1.0|none|0.5|0|50|leak: alive shape flat ratio 0.999 silent 0.29 resting 0.00 active 0.33 move 0.216 lock 0.00 static 0.807 pr 13.8 | sent 1:0.58 10:0.58 100:0.59 1000:0.58 2000:0.58 | 12.5s
run39|step0.5|1.0|none|0.5|1|51|leak: alive shape flat ratio 0.94 silent 0.28 resting 0.00 active 0.29 move 0.248 lock 0.00 static 0.770 pr 14.9 | sent 1:0.58 10:0.55 100:0.52 1000:0.54 2000:0.54 | 13.0s
run39|step0.5|1.0|none|0.9|1|50|code: alive shape flat ratio 0.93 silent 0.47 resting 0.00 active 0.31 move 0.0357 lock 0.00 static 0.821 pr 6.3 | sent 1:0.61 10:0.61 100:0.57 1000:0.56 2000:0.57 | 19.7s
run39|step0.5|1.0|none|0.5|0|51|leak: alive shape flat ratio 0.986 silent 0.28 resting 0.00 active 0.32 move 0.23 lock 0.00 static 0.788 pr 14.3 | sent 1:0.58 10:0.56 100:0.56 1000:0.58 2000:0.57 | 12.6s
run39|step0.5|1.0|none|0.9|1|51|code: alive shape flat ratio 0.926 silent 0.48 resting 0.00 active 0.30 move 0.0373 lock 0.00 static 0.815 pr 6.0 | sent 1:0.59 10:0.59 100:0.55 1000:0.55 2000:0.55 | 19.2s
run39|step0.5|1.0|none|0.9|1|50|leak: alive shape flat ratio 0.949 silent 0.48 resting 0.00 active 0.30 move 0.0356 lock 0.00 static 0.843 pr 6.3 | sent 1:0.57 10:0.52 100:0.55 1000:0.56 2000:0.54 | 12.9s
run39|step0.5|1.0|none|0.9|0|50|leak: alive shape flat ratio 1.02 silent 0.47 resting 0.00 active 0.33 move 0.031 lock 0.00 static 0.823 pr 5.6 | sent 1:0.56 10:0.5 100:0.58 1000:0.58 2000:0.58 | 12.5s
run39|step0.5|1.0|none|0.9|0|50|code: alive shape flat ratio 1.13 silent 0.35 resting 0.00 active 0.48 move 0.0266 lock 0.00 static 0.901 pr 6.0 | sent 1:0.62 10:0.69 100:0.69 1000:0.69 2000:0.7 | 18.8s
run39|step0.5|1.0|none|0.9|1|51|leak: alive shape flat ratio 0.922 silent 0.49 resting 0.00 active 0.29 move 0.035 lock 0.00 static 0.792 pr 5.6 | sent 1:0.57 10:0.52 100:0.54 1000:0.54 2000:0.53 | 13.0s
run39|step0.5|1.0|none|0.9|0|51|code: alive shape flat ratio 1.13 silent 0.36 resting 0.00 active 0.47 move 0.0249 lock 0.00 static 0.901 pr 5.8 | sent 1:0.61 10:0.68 100:0.68 1000:0.69 2000:0.69 | 19.2s
run39|step0.5|1.0|kp1|0.5|1|50|code: alive shape flat ratio 0.936 silent 0.27 resting 0.00 active 0.32 move 0.239 lock 0.00 static 0.777 pr 14.5 | sent 1:0.61 10:0.58 100:0.57 1000:0.57 2000:0.57 | 10.8s
run39|step0.5|1.0|kp1|0.5|0|50|code: alive shape flat ratio 1.05 silent 0.25 resting 0.00 active 0.42 move 0.19 lock 0.00 static 0.860 pr 13.9 | sent 1:0.62 10:0.65 100:0.66 1000:0.65 2000:0.65 | 10.4s
run39|step0.5|1.0|kp1|0.5|1|51|code: alive shape flat ratio 0.932 silent 0.27 resting 0.00 active 0.30 move 0.248 lock 0.00 static 0.763 pr 14.9 | sent 1:0.6 10:0.56 100:0.54 1000:0.53 2000:0.56 | 10.9s
run39|step0.5|1.0|kp1|0.9|0|50|code: alive shape flat ratio 1.12 silent 0.36 resting 0.00 active 0.49 move 0.0241 lock 0.00 static 0.909 pr 5.8 | sent 1:0.62 10:0.69 100:0.69 1000:0.7 2000:0.7 | 10.3s
run39|step0.5|1.0|kp1|0.9|0|51|code: alive shape flat ratio 1.11 silent 0.36 resting 0.00 active 0.47 move 0.0256 lock 0.00 static 0.902 pr 5.8 | sent 1:0.61 10:0.68 100:0.68 1000:0.68 2000:0.68 | 10.4s
run39|step0.5|1.0|kp1|0.9|1|50|code: alive shape flat ratio 0.929 silent 0.48 resting 0.00 active 0.32 move 0.0332 lock 0.00 static 0.831 pr 6.1 | sent 1:0.61 10:0.62 100:0.55 1000:0.57 2000:0.57 | 10.8s
run39|step0.5|1.0|kp1|0.0|1|50|code: alive shape flat ratio 0.918 silent 0.08 resting 0.00 active 0.31 move 0.945 lock 0.00 static 0.559 pr 21.6 | sent 1:0.61 10:0.55 100:0.56 1000:0.57 2000:0.56 | 19.0s
run39|step0.5|1.0|kp1|0.0|0|50|code: alive shape flat ratio 0.921 silent 0.10 resting 0.00 active 0.34 move 0.866 lock 0.00 static 0.619 pr 21.2 | sent 1:0.62 10:0.59 100:0.58 1000:0.58 2000:0.57 | 18.9s
run39|step0.5|1.0|kp1|0.0|1|51|code: alive shape flat ratio 0.895 silent 0.07 resting 0.00 active 0.29 move 0.962 lock 0.00 static 0.551 pr 21.9 | sent 1:0.6 10:0.53 100:0.53 1000:0.56 2000:0.53 | 19.4s
run39|step0.5|1.0|kp1|0.0|0|51|code: alive shape flat ratio 0.949 silent 0.09 resting 0.00 active 0.33 move 0.891 lock 0.00 static 0.601 pr 21.8 | sent 1:0.61 10:0.56 100:0.58 1000:0.58 2000:0.58 | 18.9s
run39|step0.5|1.0|kp1|0.5|1|51|leak: alive shape flat ratio 0.932 silent 0.29 resting 0.00 active 0.29 move 0.252 lock 0.00 static 0.770 pr 15.0 | sent 1:0.58 10:0.55 100:0.55 1000:0.54 2000:0.54 | 13.0s
run39|step0.5|1.0|none|0.9|0|51|leak: alive shape flat ratio 1.03 silent 0.46 resting 0.00 active 0.33 move 0.0328 lock 0.00 static 0.827 pr 5.7 | sent 1:0.57 10:0.49 100:0.57 1000:0.57 2000:0.59 | 23.5s
run39|step0.5|1.0|kp1|0.5|0|51|leak: alive shape flat ratio 0.971 silent 0.29 resting 0.00 active 0.32 move 0.23 lock 0.00 static 0.788 pr 14.5 | sent 1:0.58 10:0.56 100:0.57 1000:0.57 2000:0.57 | 12.5s
run39|step0.5|1.0|kp1|0.9|1|50|leak: alive shape flat ratio 0.95 silent 0.48 resting 0.00 active 0.31 move 0.0352 lock 0.00 static 0.785 pr 5.3 | sent 1:0.57 10:0.53 100:0.56 1000:0.56 2000:0.54 | 13.0s
run39|step0.5|1.0|kp1|0.5|0|51|code: alive shape flat ratio 1.04 silent 0.26 resting 0.00 active 0.41 move 0.195 lock 0.00 static 0.856 pr 14.4 | sent 1:0.61 10:0.63 100:0.63 1000:0.63 2000:0.63 | 19.8s
run39|step0.5|1.0|kp1|0.9|1|51|leak: alive shape flat ratio 0.943 silent 0.49 resting 0.00 active 0.28 move 0.0379 lock 0.00 static 0.782 pr 5.9 | sent 1:0.57 10:0.51 100:0.53 1000:0.53 2000:0.54 | 13.1s
run39|step0.5|1.0|kp1|0.9|1|51|code: alive shape flat ratio 0.915 silent 0.48 resting 0.00 active 0.30 move 0.0357 lock 0.00 static 0.806 pr 6.2 | sent 1:0.6 10:0.59 100:0.54 1000:0.55 2000:0.55 | 19.8s
run39|step0.5|2.0|none|0.0|1|50|code: alive shape flat ratio 0.85 silent 0.08 resting 0.00 active 0.31 move 0.939 lock 0.00 static 0.561 pr 21.6 | sent 1:0.64 10:0.58 100:0.56 1000:0.56 2000:0.55 | 10.1s
run39|step0.5|1.0|kp1|0.9|0|50|leak: alive shape flat ratio 1.01 silent 0.48 resting 0.00 active 0.33 move 0.0292 lock 0.00 static 0.846 pr 5.3 | sent 1:0.57 10:0.5 100:0.59 1000:0.57 2000:0.57 | 12.5s
run39|step0.5|1.0|kp1|0.9|0|51|leak: alive shape flat ratio 0.98 silent 0.49 resting 0.00 active 0.31 move 0.0326 lock 0.00 static 0.827 pr 5.9 | sent 1:0.57 10:0.5 100:0.56 1000:0.55 2000:0.56 | 12.6s
run39|step0.5|2.0|none|0.5|1|51|code: alive shape flat ratio 0.882 silent 0.27 resting 0.00 active 0.30 move 0.251 lock 0.00 static 0.752 pr 15.2 | sent 1:0.63 10:0.56 100:0.55 1000:0.55 2000:0.55 | 10.5s
run39|step0.5|1.0|kp1|0.5|1|50|leak: alive shape flat ratio 0.957 silent 0.29 resting 0.00 active 0.31 move 0.239 lock 0.00 static 0.783 pr 14.7 | sent 1:0.58 10:0.56 100:0.57 1000:0.55 2000:0.56 | 24.2s
run39|step0.5|1.0|kp1|0.5|0|50|leak: alive shape flat ratio 1.02 silent 0.28 resting 0.00 active 0.34 move 0.219 lock 0.00 static 0.801 pr 14.4 | sent 1:0.58 10:0.57 100:0.58 1000:0.59 2000:0.59 | 23.7s
run39|step0.5|2.0|none|0.0|1|51|code: alive shape flat ratio 0.879 silent 0.08 resting 0.00 active 0.30 move 0.949 lock 0.00 static 0.557 pr 22.0 | sent 1:0.63 10:0.54 100:0.53 1000:0.55 2000:0.55 | 13.3s
run39|step0.5|2.0|none|0.5|0|51|code: alive shape flat ratio 1.02 silent 0.25 resting 0.00 active 0.44 move 0.176 lock 0.00 static 0.877 pr 14.1 | sent 1:0.65 10:0.67 100:0.67 1000:0.67 2000:0.67 | 10.0s
run39|step0.5|2.0|none|0.9|0|50|code: alive shape flat ratio 1.06 silent 0.36 resting 0.00 active 0.48 move 0.0237 lock 0.00 static 0.888 pr 5.2 | sent 1:0.66 10:0.7 100:0.7 1000:0.7 2000:0.7 | 9.9s
run39|step0.5|2.0|none|0.9|1|50|code: alive shape flat ratio 0.874 silent 0.50 resting 0.00 active 0.32 move 0.0321 lock 0.00 static 0.819 pr 5.7 | sent 1:0.64 10:0.61 100:0.57 1000:0.58 2000:0.56 | 10.4s
run39|step0.5|2.0|none|0.0|0|50|code: alive shape flat ratio 0.978 silent 0.11 resting 0.00 active 0.43 move 0.745 lock 0.00 static 0.728 pr 20.9 | sent 1:0.66 10:0.67 100:0.65 1000:0.66 2000:0.64 | 18.3s
run39|step0.5|2.0|none|0.0|0|51|code: alive shape flat ratio 1.02 silent 0.10 resting 0.00 active 0.41 move 0.757 lock 0.00 static 0.716 pr 21.5 | sent 1:0.65 10:0.65 100:0.64 1000:0.64 2000:0.66 | 18.2s
run39|step0.5|2.0|none|0.5|1|50|code: alive shape flat ratio 0.887 silent 0.27 resting 0.00 active 0.32 move 0.246 lock 0.00 static 0.783 pr 15.0 | sent 1:0.64 10:0.58 100:0.57 1000:0.56 2000:0.57 | 19.5s
run39|step0.5|2.0|none|0.5|1|50|leak: alive shape flat ratio 0.93 silent 0.27 resting 0.00 active 0.32 move 0.238 lock 0.00 static 0.779 pr 14.4 | sent 1:0.61 10:0.58 100:0.56 1000:0.57 2000:0.57 | 12.8s
run39|step0.5|2.0|none|0.5|0|50|code: alive shape flat ratio 1.03 silent 0.23 resting 0.00 active 0.46 move 0.178 lock 0.00 static 0.871 pr 13.8 | sent 1:0.66 10:0.68 100:0.67 1000:0.69 2000:0.68 | 18.9s
run39|step0.5|2.0|none|0.5|0|50|leak: alive shape flat ratio 1.04 silent 0.26 resting 0.00 active 0.43 move 0.181 lock 0.00 static 0.860 pr 14.2 | sent 1:0.62 10:0.65 100:0.65 1000:0.65 2000:0.65 | 12.5s
run39|step0.5|2.0|none|0.5|1|51|leak: alive shape flat ratio 0.935 silent 0.27 resting 0.00 active 0.30 move 0.249 lock 0.00 static 0.765 pr 15.2 | sent 1:0.59 10:0.55 100:0.56 1000:0.54 2000:0.56 | 12.9s
run39|step0.5|2.0|none|0.5|0|51|leak: alive shape flat ratio 1.04 silent 0.28 resting 0.00 active 0.41 move 0.188 lock 0.00 static 0.862 pr 14.0 | sent 1:0.61 10:0.64 100:0.64 1000:0.64 2000:0.64 | 12.5s
run39|step0.5|2.0|none|0.9|0|50|leak: alive shape flat ratio 1.15 silent 0.41 resting 0.00 active 0.42 move 0.027 lock 0.00 static 0.876 pr 5.6 | sent 1:0.57 10:0.59 100:0.66 1000:0.66 2000:0.66 | 12.4s
run39|step0.5|2.0|none|0.9|0|51|code: alive shape flat ratio 1.06 silent 0.37 resting 0.00 active 0.48 move 0.0236 lock 0.00 static 0.916 pr 5.9 | sent 1:0.65 10:0.69 100:0.69 1000:0.68 2000:0.69 | 18.3s
run39|step0.5|2.0|none|0.9|1|51|code: alive shape flat ratio 0.868 silent 0.49 resting 0.00 active 0.30 move 0.0358 lock 0.00 static 0.817 pr 5.4 | sent 1:0.63 10:0.6 100:0.55 1000:0.56 2000:0.55 | 19.8s
run39|step0.5|2.0|kp1|0.0|1|50|code: alive shape flat ratio 0.878 silent 0.09 resting 0.00 active 0.31 move 0.928 lock 0.00 static 0.561 pr 21.7 | sent 1:0.65 10:0.56 100:0.56 1000:0.55 2000:0.57 | 10.5s
run39|step0.5|2.0|kp1|0.0|1|51|code: alive shape flat ratio 0.851 silent 0.07 resting 0.00 active 0.30 move 0.96 lock 0.00 static 0.563 pr 22.0 | sent 1:0.63 10:0.55 100:0.54 1000:0.55 2000:0.53 | 10.6s
run39|step0.5|2.0|none|0.9|0|51|leak: alive shape flat ratio 1.12 silent 0.40 resting 0.00 active 0.40 move 0.0294 lock 0.00 static 0.871 pr 5.4 | sent 1:0.57 10:0.6 100:0.63 1000:0.64 2000:0.64 | 12.5s
run39|step0.5|2.0|kp1|0.5|1|51|code: alive shape flat ratio 0.861 silent 0.28 resting 0.00 active 0.30 move 0.25 lock 0.00 static 0.778 pr 15.3 | sent 1:0.63 10:0.57 100:0.54 1000:0.55 2000:0.54 | 10.9s
run39|step0.5|2.0|kp1|0.5|0|51|code: alive shape flat ratio 1.03 silent 0.25 resting 0.00 active 0.45 move 0.174 lock 0.00 static 0.877 pr 14.1 | sent 1:0.65 10:0.66 100:0.67 1000:0.67 2000:0.67 | 10.4s
run39|step0.5|2.0|kp1|0.9|1|50|code: alive shape flat ratio 0.869 silent 0.46 resting 0.00 active 0.33 move 0.0344 lock 0.00 static 0.838 pr 6.2 | sent 1:0.65 10:0.61 100:0.57 1000:0.56 2000:0.56 | 10.8s
run39|step0.5|2.0|kp1|0.9|0|50|code: alive shape flat ratio 1.08 silent 0.34 resting 0.00 active 0.49 move 0.0242 lock 0.00 static 0.912 pr 5.2 | sent 1:0.66 10:0.71 100:0.71 1000:0.7 2000:0.71 | 10.2s
run39|step0.5|2.0|kp1|0.9|1|51|code: alive shape flat ratio 0.889 silent 0.48 resting 0.00 active 0.30 move 0.0357 lock 0.00 static 0.816 pr 6.3 | sent 1:0.63 10:0.6 100:0.53 1000:0.54 2000:0.56 | 10.9s
run39|step0.5|2.0|none|0.9|1|50|leak: alive shape flat ratio 0.975 silent 0.45 resting 0.00 active 0.32 move 0.0359 lock 0.00 static 0.829 pr 6.2 | sent 1:0.57 10:0.58 100:0.56 1000:0.57 2000:0.56 | 23.8s
run39|step0.5|2.0|none|0.9|1|51|leak: alive shape flat ratio 0.966 silent 0.48 resting 0.00 active 0.30 move 0.0352 lock 0.00 static 0.846 pr 6.3 | sent 1:0.57 10:0.57 100:0.54 1000:0.55 2000:0.55 | 24.4s
run39|step0.5|2.0|kp1|0.0|0|51|code: alive shape flat ratio 0.987 silent 0.10 resting 0.00 active 0.41 move 0.757 lock 0.00 static 0.717 pr 21.4 | sent 1:0.65 10:0.64 100:0.63 1000:0.65 2000:0.64 | 18.6s
run39|step0.5|2.0|kp1|0.0|0|50|code: alive shape flat ratio 0.976 silent 0.11 resting 0.00 active 0.43 move 0.756 lock 0.00 static 0.721 pr 20.9 | sent 1:0.66 10:0.66 100:0.65 1000:0.65 2000:0.64 | 18.7s
run39|step0.5|2.0|kp1|0.5|0|50|leak: alive shape flat ratio 1.05 silent 0.25 resting 0.00 active 0.42 move 0.188 lock 0.00 static 0.855 pr 13.9 | sent 1:0.62 10:0.64 100:0.64 1000:0.66 2000:0.65 | 12.6s
run39|step0.5|2.0|kp1|0.5|1|51|leak: alive shape flat ratio 0.917 silent 0.28 resting 0.00 active 0.30 move 0.246 lock 0.00 static 0.762 pr 15.1 | sent 1:0.6 10:0.56 100:0.55 1000:0.55 2000:0.55 | 13.1s
run39|step0.5|2.0|kp1|0.5|1|50|code: alive shape flat ratio 0.883 silent 0.26 resting 0.00 active 0.32 move 0.243 lock 0.00 static 0.774 pr 14.6 | sent 1:0.65 10:0.58 100:0.57 1000:0.57 2000:0.57 | 20.1s
run39|step0.5|2.0|kp1|0.5|0|51|leak: alive shape flat ratio 1.04 silent 0.28 resting 0.00 active 0.41 move 0.189 lock 0.00 static 0.872 pr 14.5 | sent 1:0.61 10:0.64 100:0.63 1000:0.65 2000:0.63 | 12.5s
run39|step0.5|2.0|kp1|0.5|0|50|code: alive shape flat ratio 1.01 silent 0.23 resting 0.00 active 0.46 move 0.177 lock 0.00 static 0.876 pr 13.7 | sent 1:0.66 10:0.67 100:0.68 1000:0.69 2000:0.66 | 19.2s
run39|step0.5|2.0|kp1|0.9|0|51|code: alive shape flat ratio 1.06 silent 0.38 resting 0.00 active 0.48 move 0.0239 lock 0.00 static 0.907 pr 5.0 | sent 1:0.65 10:0.69 100:0.69 1000:0.69 2000:0.69 | 19.0s
run39|step0.5|4.0|none|0.0|1|50|code: alive shape flat ratio 0.85 silent 0.08 resting 0.00 active 0.31 move 0.943 lock 0.00 static 0.559 pr 21.7 | sent 1:0.67 10:0.57 100:0.55 1000:0.54 2000:0.57 | 10.1s
run39|step0.5|2.0|kp1|0.9|1|51|leak: alive shape flat ratio 0.962 silent 0.49 resting 0.00 active 0.30 move 0.0352 lock 0.00 static 0.789 pr 6.0 | sent 1:0.57 10:0.57 100:0.55 1000:0.54 2000:0.55 | 13.0s
run39|step0.5|2.0|kp1|0.9|0|50|leak: alive shape flat ratio 1.13 silent 0.38 resting 0.00 active 0.43 move 0.027 lock 0.00 static 0.872 pr 5.1 | sent 1:0.57 10:0.59 100:0.66 1000:0.65 2000:0.65 | 12.4s
run39|step0.5|2.0|kp1|0.9|0|51|leak: alive shape flat ratio 1.12 silent 0.43 resting 0.00 active 0.41 move 0.0273 lock 0.00 static 0.881 pr 6.2 | sent 1:0.57 10:0.6 100:0.64 1000:0.64 2000:0.64 | 12.5s
run39|step0.5|2.0|kp1|0.9|1|50|leak: alive shape flat ratio 0.98 silent 0.45 resting 0.00 active 0.32 move 0.0361 lock 0.00 static 0.821 pr 6.3 | sent 1:0.57 10:0.58 100:0.57 1000:0.57 2000:0.56 | 16.0s
run39|step0.5|4.0|none|0.5|0|50|code: alive shape flat ratio 1.01 silent 0.23 resting 0.00 active 0.48 move 0.171 lock 0.00 static 0.888 pr 14.1 | sent 1:0.68 10:0.7 100:0.69 1000:0.68 2000:0.69 | 10.0s
run39|step0.5|4.0|none|0.5|1|51|code: alive shape flat ratio 0.866 silent 0.28 resting 0.00 active 0.30 move 0.242 lock 0.00 static 0.778 pr 15.2 | sent 1:0.64 10:0.56 100:0.55 1000:0.54 2000:0.56 | 10.5s
run39|step0.5|2.0|kp1|0.5|1|50|leak: alive shape flat ratio 0.928 silent 0.29 resting 0.00 active 0.32 move 0.235 lock 0.00 static 0.778 pr 14.7 | sent 1:0.61 10:0.58 100:0.57 1000:0.56 2000:0.57 | 24.5s
run39|step0.5|4.0|none|0.9|1|50|code: alive shape flat ratio 0.858 silent 0.44 resting 0.00 active 0.32 move 0.037 lock 0.00 static 0.805 pr 6.0 | sent 1:0.67 10:0.61 100:0.57 1000:0.57 2000:0.57 | 10.3s
run39|step0.5|4.0|none|0.0|0|50|code: alive shape flat ratio 1.01 silent 0.10 resting 0.00 active 0.46 move 0.703 lock 0.00 static 0.758 pr 20.6 | sent 1:0.68 10:0.68 100:0.67 1000:0.68 2000:0.69 | 18.5s
run39|step0.5|4.0|none|0.0|1|51|code: alive shape flat ratio 0.852 silent 0.07 resting 0.00 active 0.30 move 0.951 lock 0.00 static 0.552 pr 21.9 | sent 1:0.64 10:0.56 100:0.55 1000:0.55 2000:0.55 | 19.1s
run39|step0.5|4.0|none|0.0|0|51|code: alive shape flat ratio 0.998 silent 0.10 resting 0.00 active 0.44 move 0.711 lock 0.00 static 0.754 pr 21.2 | sent 1:0.67 10:0.67 100:0.67 1000:0.67 2000:0.67 | 18.2s
run39|step0.5|4.0|none|0.9|0|51|code: alive shape flat ratio 1.02 silent 0.36 resting 0.00 active 0.48 move 0.024 lock 0.00 static 0.909 pr 5.8 | sent 1:0.67 10:0.69 100:0.7 1000:0.68 2000:0.69 | 10.0s
run39|step0.5|4.0|none|0.5|1|50|code: alive shape flat ratio 0.833 silent 0.29 resting 0.00 active 0.32 move 0.238 lock 0.00 static 0.792 pr 14.7 | sent 1:0.67 10:0.58 100:0.58 1000:0.56 2000:0.55 | 19.6s
run39|step0.5|4.0|none|0.5|1|50|leak: alive shape flat ratio 0.887 silent 0.27 resting 0.00 active 0.32 move 0.246 lock 0.00 static 0.783 pr 15.0 | sent 1:0.64 10:0.58 100:0.57 1000:0.56 2000:0.57 | 12.8s
run39|step0.5|4.0|none|0.5|0|51|code: alive shape flat ratio 1 silent 0.25 resting 0.00 active 0.47 move 0.163 lock 0.00 static 0.893 pr 14.1 | sent 1:0.67 10:0.68 100:0.69 1000:0.68 2000:0.67 | 19.0s
run39|step0.5|4.0|none|0.5|1|51|leak: alive shape flat ratio 0.882 silent 0.27 resting 0.00 active 0.30 move 0.251 lock 0.00 static 0.752 pr 15.2 | sent 1:0.63 10:0.56 100:0.55 1000:0.55 2000:0.55 | 12.9s
run39|step0.5|4.0|none|0.5|0|50|leak: alive shape flat ratio 1.03 silent 0.23 resting 0.00 active 0.46 move 0.178 lock 0.00 static 0.871 pr 13.8 | sent 1:0.66 10:0.68 100:0.67 1000:0.69 2000:0.68 | 12.5s
run39|step0.5|4.0|none|0.9|1|51|code: alive shape flat ratio 0.839 silent 0.48 resting 0.00 active 0.30 move 0.0352 lock 0.00 static 0.796 pr 6.0 | sent 1:0.64 10:0.6 100:0.56 1000:0.56 2000:0.54 | 19.6s
run39|step0.5|4.0|none|0.5|0|51|leak: alive shape flat ratio 1.02 silent 0.25 resting 0.00 active 0.44 move 0.176 lock 0.00 static 0.877 pr 14.1 | sent 1:0.65 10:0.67 100:0.67 1000:0.67 2000:0.67 | 12.5s
run39|step0.5|4.0|none|0.9|1|50|leak: alive shape flat ratio 0.966 silent 0.43 resting 0.00 active 0.31 move 0.0381 lock 0.00 static 0.814 pr 6.2 | sent 1:0.58 10:0.6 100:0.58 1000:0.56 2000:0.56 | 12.8s
run39|step0.5|4.0|none|0.9|0|50|code: alive shape flat ratio 1.04 silent 0.36 resting 0.00 active 0.50 move 0.0226 lock 0.00 static 0.919 pr 6.0 | sent 1:0.68 10:0.71 100:0.7 1000:0.7 2000:0.71 | 18.7s
run39|step0.5|4.0|none|0.9|1|51|leak: alive shape flat ratio 0.961 silent 0.47 resting 0.00 active 0.30 move 0.037 lock 0.00 static 0.761 pr 5.6 | sent 1:0.58 10:0.6 100:0.56 1000:0.55 2000:0.56 | 13.0s
run39|step0.5|4.0|none|0.9|0|51|leak: alive shape flat ratio 1.16 silent 0.37 resting 0.00 active 0.44 move 0.0265 lock 0.00 static 0.891 pr 5.4 | sent 1:0.58 10:0.65 100:0.67 1000:0.67 2000:0.68 | 12.6s
run39|step0.5|4.0|kp1|0.0|0|51|code: alive shape flat ratio 0.992 silent 0.11 resting 0.00 active 0.45 move 0.708 lock 0.00 static 0.753 pr 21.1 | sent 1:0.67 10:0.66 100:0.67 1000:0.67 2000:0.67 | 10.1s
run39|step0.5|4.0|kp1|0.5|0|51|code: alive shape flat ratio 1.02 silent 0.26 resting 0.00 active 0.46 move 0.167 lock 0.00 static 0.891 pr 13.7 | sent 1:0.67 10:0.68 100:0.68 1000:0.68 2000:0.68 | 10.4s
run39|step0.5|4.0|kp1|0.5|1|51|code: alive shape flat ratio 0.836 silent 0.27 resting 0.00 active 0.30 move 0.249 lock 0.00 static 0.769 pr 15.0 | sent 1:0.65 10:0.56 100:0.56 1000:0.55 2000:0.54 | 10.9s
run39|step0.5|4.0|kp1|0.9|0|50|code: alive shape flat ratio 1.03 silent 0.34 resting 0.00 active 0.49 move 0.0251 lock 0.00 static 0.906 pr 5.8 | sent 1:0.68 10:0.71 100:0.71 1000:0.71 2000:0.7 | 10.2s
run39|step0.5|4.0|kp1|0.9|1|50|code: alive shape flat ratio 0.837 silent 0.45 resting 0.00 active 0.31 move 0.038 lock 0.00 static 0.795 pr 5.7 | sent 1:0.67 10:0.61 100:0.56 1000:0.56 2000:0.56 | 10.8s
run39|step0.5|4.0|kp1|0.0|0|50|code: alive shape flat ratio 0.99 silent 0.11 resting 0.00 active 0.47 move 0.694 lock 0.00 static 0.763 pr 20.6 | sent 1:0.68 10:0.69 100:0.69 1000:0.69 2000:0.68 | 18.4s
run39|step0.5|4.0|kp1|0.9|0|51|code: alive shape flat ratio 1.04 silent 0.35 resting 0.00 active 0.48 move 0.0243 lock 0.00 static 0.907 pr 5.7 | sent 1:0.67 10:0.69 100:0.7 1000:0.69 2000:0.7 | 10.4s
run39|step0.5|4.0|kp1|0.0|1|51|code: alive shape flat ratio 0.811 silent 0.08 resting 0.00 active 0.30 move 0.953 lock 0.00 static 0.556 pr 22.0 | sent 1:0.65 10:0.55 100:0.56 1000:0.55 2000:0.52 | 19.6s
run39|step0.5|4.0|kp1|0.0|1|50|code: alive shape flat ratio 0.861 silent 0.09 resting 0.00 active 0.31 move 0.941 lock 0.00 static 0.557 pr 21.6 | sent 1:0.67 10:0.59 100:0.56 1000:0.58 2000:0.57 | 19.7s
run39|step0.5|4.0|none|0.9|0|50|leak: alive shape flat ratio 1.18 silent 0.38 resting 0.00 active 0.46 move 0.0247 lock 0.00 static 0.889 pr 5.5 | sent 1:0.58 10:0.66 100:0.68 1000:0.67 2000:0.68 | 23.7s
run39|step0.5|4.0|kp1|0.5|1|50|code: alive shape flat ratio 0.84 silent 0.31 resting 0.00 active 0.32 move 0.232 lock 0.00 static 0.782 pr 14.5 | sent 1:0.67 10:0.57 100:0.55 1000:0.56 2000:0.56 | 20.3s
run39|step0.5|4.0|kp1|0.5|0|50|leak: alive shape flat ratio 1.05 silent 0.24 resting 0.00 active 0.46 move 0.177 lock 0.00 static 0.883 pr 14.2 | sent 1:0.66 10:0.68 100:0.67 1000:0.68 2000:0.69 | 12.4s
run39|step0.5|4.0|kp1|0.5|1|51|leak: alive shape flat ratio 0.877 silent 0.26 resting 0.00 active 0.30 move 0.26 lock 0.00 static 0.754 pr 15.1 | sent 1:0.63 10:0.58 100:0.55 1000:0.55 2000:0.55 | 13.6s
run39|step0.5|4.0|kp1|0.5|0|50|code: alive shape flat ratio 1.01 silent 0.22 resting 0.00 active 0.48 move 0.173 lock 0.00 static 0.885 pr 13.9 | sent 1:0.68 10:0.7 100:0.7 1000:0.7 2000:0.69 | 18.2s
run39|step0.5|4.0|kp1|0.5|0|51|leak: alive shape flat ratio 1.02 silent 0.25 resting 0.00 active 0.45 move 0.178 lock 0.00 static 0.879 pr 13.5 | sent 1:0.65 10:0.67 100:0.66 1000:0.66 2000:0.66 | 14.7s
run39|step0.5|4.0|kp1|0.9|1|51|code: alive shape flat ratio 0.847 silent 0.46 resting 0.00 active 0.29 move 0.0393 lock 0.00 static 0.792 pr 6.0 | sent 1:0.65 10:0.6 100:0.56 1000:0.55 2000:0.55 | 20.4s
run39|step0.5|4.0|kp1|0.9|1|51|leak: alive shape flat ratio 0.938 silent 0.49 resting 0.00 active 0.31 move 0.0359 lock 0.00 static 0.803 pr 5.9 | sent 1:0.58 10:0.59 100:0.54 1000:0.54 2000:0.54 | 13.4s
run39|step0.5|4.0|kp1|0.5|1|50|leak: alive shape flat ratio 0.864 silent 0.26 resting 0.00 active 0.32 move 0.242 lock 0.00 static 0.786 pr 14.6 | sent 1:0.64 10:0.58 100:0.56 1000:0.57 2000:0.56 | 23.2s
run39|step0.5|16.0|none|0.0|1|50|code: alive shape flat ratio 0.843 silent 0.08 resting 0.00 active 0.31 move 0.944 lock 0.00 static 0.561 pr 21.6 | sent 1:0.68 10:0.57 100:0.57 1000:0.56 2000:0.57 | 15.7s
run39|step0.5|4.0|kp1|0.9|0|50|leak: alive shape flat ratio 1.15 silent 0.37 resting 0.00 active 0.46 move 0.0263 lock 0.00 static 0.904 pr 5.9 | sent 1:0.58 10:0.66 100:0.68 1000:0.67 2000:0.67 | 17.9s
run39|step0.5|16.0|none|0.0|1|51|code: alive shape flat ratio 0.845 silent 0.06 resting 0.00 active 0.29 move 0.96 lock 0.00 static 0.552 pr 22.0 | sent 1:0.66 10:0.56 100:0.55 1000:0.54 2000:0.56 | 15.7s
run39|step0.5|4.0|kp1|0.9|1|50|leak: alive shape flat ratio 0.978 silent 0.50 resting 0.00 active 0.31 move 0.0324 lock 0.00 static 0.813 pr 5.4 | sent 1:0.58 10:0.6 100:0.57 1000:0.57 2000:0.57 | 19.7s
run39|step0.5|16.0|none|0.9|1|50|code: alive shape flat ratio 0.84 silent 0.46 resting 0.00 active 0.32 move 0.036 lock 0.00 static 0.823 pr 6.0 | sent 1:0.68 10:0.61 100:0.56 1000:0.56 2000:0.57 | 12.5s
run39|step0.5|16.0|none|0.0|0|50|code: alive shape flat ratio 0.995 silent 0.10 resting 0.00 active 0.49 move 0.671 lock 0.00 static 0.783 pr 20.3 | sent 1:0.71 10:0.7 100:0.7 1000:0.71 2000:0.7 | 16.2s
run39|step0.5|16.0|none|0.5|1|50|code: alive shape flat ratio 0.831 silent 0.28 resting 0.00 active 0.32 move 0.236 lock 0.00 static 0.793 pr 14.7 | sent 1:0.68 10:0.58 100:0.57 1000:0.56 2000:0.56 | 16.3s
run39|step0.5|4.0|kp1|0.9|0|51|leak: alive shape flat ratio 1.15 silent 0.40 resting 0.00 active 0.45 move 0.0238 lock 0.00 static 0.915 pr 6.1 | sent 1:0.58 10:0.65 100:0.67 1000:0.66 2000:0.67 | 19.7s
run39|step0.5|16.0|none|0.5|1|51|code: alive shape flat ratio 0.835 silent 0.30 resting 0.00 active 0.30 move 0.243 lock 0.00 static 0.770 pr 15.3 | sent 1:0.66 10:0.58 100:0.56 1000:0.55 2000:0.55 | 14.3s
run39|step0.5|16.0|none|0.0|0|51|code: alive shape flat ratio 1.01 silent 0.11 resting 0.00 active 0.47 move 0.675 lock 0.00 static 0.767 pr 21.0 | sent 1:0.69 10:0.69 100:0.69 1000:0.68 2000:0.69 | 17.1s
run39|step0.5|16.0|none|0.9|0|51|code: alive shape flat ratio 1.01 silent 0.35 resting 0.00 active 0.48 move 0.0252 lock 0.00 static 0.909 pr 5.8 | sent 1:0.69 10:0.69 100:0.7 1000:0.69 2000:0.7 | 12.3s
run39|step0.5|16.0|none|0.5|0|50|code: alive shape flat ratio 0.988 silent 0.23 resting 0.00 active 0.49 move 0.162 lock 0.00 static 0.892 pr 13.8 | sent 1:0.71 10:0.7 100:0.7 1000:0.7 2000:0.7 | 19.8s
run39|step0.5|16.0|none|0.9|1|51|code: alive shape flat ratio 0.836 silent 0.47 resting 0.00 active 0.30 move 0.0377 lock 0.00 static 0.825 pr 6.4 | sent 1:0.66 10:0.59 100:0.55 1000:0.53 2000:0.55 | 15.8s
run39|step0.5|16.0|none|0.9|0|50|code: alive shape flat ratio 0.998 silent 0.35 resting 0.00 active 0.50 move 0.0231 lock 0.00 static 0.914 pr 5.4 | sent 1:0.71 10:0.71 100:0.7 1000:0.71 2000:0.71 | 16.1s
run39|step0.5|16.0|none|0.5|0|51|code: alive shape flat ratio 1.01 silent 0.25 resting 0.00 active 0.48 move 0.163 lock 0.00 static 0.893 pr 13.9 | sent 1:0.69 10:0.69 100:0.7 1000:0.68 2000:0.7 | 20.2s
run39|step0.5|16.0|kp1|0.0|0|50|code: alive shape flat ratio 0.985 silent 0.10 resting 0.00 active 0.49 move 0.667 lock 0.00 static 0.780 pr 20.4 | sent 1:0.71 10:0.69 100:0.69 1000:0.71 2000:0.7 | 10.9s
run39|step0.5|16.0|none|0.5|1|51|leak: alive shape flat ratio 0.848 silent 0.26 resting 0.00 active 0.30 move 0.257 lock 0.00 static 0.770 pr 15.4 | sent 1:0.65 10:0.57 100:0.54 1000:0.54 2000:0.55 | 14.1s
run39|step0.5|16.0|none|0.5|0|50|leak: alive shape flat ratio 1.01 silent 0.23 resting 0.00 active 0.49 move 0.168 lock 0.00 static 0.886 pr 13.6 | sent 1:0.7 10:0.7 100:0.7 1000:0.71 2000:0.71 | 19.1s
run39|step0.5|16.0|none|0.9|0|51|leak: alive shape flat ratio 1.09 silent 0.37 resting 0.00 active 0.47 move 0.0246 lock 0.00 static 0.902 pr 5.9 | sent 1:0.64 10:0.69 100:0.69 1000:0.69 2000:0.69 | 18.5s
run39|step0.5|16.0|none|0.5|1|50|leak: alive shape flat ratio 0.833 silent 0.28 resting 0.00 active 0.32 move 0.246 lock 0.00 static 0.789 pr 14.8 | sent 1:0.68 10:0.58 100:0.57 1000:0.57 2000:0.56 | 23.0s
run39|step0.5|16.0|none|0.5|0|51|leak: alive shape flat ratio 1 silent 0.26 resting 0.00 active 0.48 move 0.164 lock 0.00 static 0.892 pr 14.0 | sent 1:0.68 10:0.69 100:0.7 1000:0.69 2000:0.69 | 20.3s
run39|step0.5|16.0|kp1|0.5|0|50|code: alive shape flat ratio 0.981 silent 0.22 resting 0.00 active 0.49 move 0.17 lock 0.00 static 0.898 pr 13.9 | sent 1:0.71 10:0.7 100:0.7 1000:0.71 2000:0.7 | 13.9s
run39|step0.5|16.0|kp1|0.0|1|50|code: alive shape flat ratio 0.835 silent 0.09 resting 0.00 active 0.32 move 0.936 lock 0.00 static 0.563 pr 21.6 | sent 1:0.68 10:0.59 100:0.56 1000:0.55 2000:0.57 | 20.6s
run39|step0.5|16.0|kp1|0.0|0|51|code: alive shape flat ratio 1.01 silent 0.10 resting 0.00 active 0.47 move 0.682 lock 0.00 static 0.772 pr 20.9 | sent 1:0.69 10:0.69 100:0.69 1000:0.7 2000:0.69 | 15.4s
run39|step0.5|16.0|kp1|0.0|1|51|code: alive shape flat ratio 0.846 silent 0.08 resting 0.00 active 0.30 move 0.955 lock 0.00 static 0.556 pr 22.0 | sent 1:0.66 10:0.55 100:0.55 1000:0.55 2000:0.56 | 21.3s
run39|step0.5|16.0|none|0.9|0|50|leak: alive shape flat ratio 1.08 silent 0.36 resting 0.00 active 0.49 move 0.0248 lock 0.00 static 0.924 pr 6.5 | sent 1:0.64 10:0.7 100:0.71 1000:0.7 2000:0.7 | 21.8s
run39|step0.5|16.0|kp1|0.5|1|51|code: alive shape flat ratio 0.82 silent 0.27 resting 0.00 active 0.30 move 0.247 lock 0.00 static 0.761 pr 15.2 | sent 1:0.66 10:0.57 100:0.55 1000:0.55 2000:0.54 | 16.3s
run39|step0.5|16.0|none|0.9|1|51|leak: alive shape flat ratio 0.888 silent 0.48 resting 0.00 active 0.30 move 0.0349 lock 0.00 static 0.809 pr 5.3 | sent 1:0.62 10:0.6 100:0.55 1000:0.56 2000:0.55 | 24.1s
run39|step0.5|16.0|kp1|0.9|1|50|code: alive shape flat ratio 0.826 silent 0.46 resting 0.00 active 0.32 move 0.0351 lock 0.00 static 0.815 pr 5.7 | sent 1:0.68 10:0.61 100:0.55 1000:0.57 2000:0.56 | 12.6s
run39|step0.5|16.0|none|0.9|1|50|leak: alive shape flat ratio 0.902 silent 0.47 resting 0.00 active 0.32 move 0.0366 lock 0.00 static 0.826 pr 6.1 | sent 1:0.63 10:0.61 100:0.56 1000:0.57 2000:0.57 | 25.3s
run39|step0.5|16.0|kp1|0.9|1|51|code: alive shape flat ratio 0.852 silent 0.46 resting 0.00 active 0.31 move 0.0371 lock 0.00 static 0.821 pr 6.6 | sent 1:0.66 10:0.59 100:0.55 1000:0.55 2000:0.56 | 13.5s
run39|step0.5|16.0|kp1|0.5|1|50|code: alive shape flat ratio 0.835 silent 0.27 resting 0.00 active 0.31 move 0.249 lock 0.00 static 0.777 pr 14.9 | sent 1:0.68 10:0.59 100:0.56 1000:0.57 2000:0.57 | 21.5s
run39|step0.5|16.0|kp1|0.5|0|51|code: alive shape flat ratio 0.999 silent 0.25 resting 0.00 active 0.48 move 0.163 lock 0.00 static 0.893 pr 13.9 | sent 1:0.69 10:0.69 100:0.69 1000:0.7 2000:0.69 | 20.9s
run39|step0.5|16.0|kp1|0.9|0|50|code: alive shape flat ratio 0.997 silent 0.35 resting 0.00 active 0.50 move 0.0249 lock 0.00 static 0.913 pr 6.0 | sent 1:0.71 10:0.72 100:0.71 1000:0.71 2000:0.71 | 12.5s
run39|step0.5|16.0|kp1|0.9|0|51|code: alive shape flat ratio 1.01 silent 0.37 resting 0.00 active 0.48 move 0.0237 lock 0.00 static 0.920 pr 6.1 | sent 1:0.69 10:0.69 100:0.7 1000:0.7 2000:0.7 | 14.4s
run39|step0.5|16.0|kp1|0.5|0|50|leak: alive shape flat ratio 1.01 silent 0.23 resting 0.00 active 0.49 move 0.168 lock 0.00 static 0.889 pr 13.9 | sent 1:0.7 10:0.7 100:0.71 1000:0.7 2000:0.71 | 13.8s
run39|step0.5|16.0|kp1|0.5|1|50|leak: alive shape flat ratio 0.829 silent 0.27 resting 0.00 active 0.32 move 0.249 lock 0.00 static 0.782 pr 15.0 | sent 1:0.67 10:0.57 100:0.55 1000:0.55 2000:0.56 | 17.2s
run39|step0.5|16.0|kp1|0.9|0|50|leak: alive shape flat ratio 1.09 silent 0.34 resting 0.00 active 0.49 move 0.026 lock 0.00 static 0.905 pr 6.3 | sent 1:0.65 10:0.71 100:0.7 1000:0.7 2000:0.71 | 17.8s
run39|step0.5|16.0|kp1|0.9|1|51|leak: alive shape flat ratio 0.875 silent 0.48 resting 0.00 active 0.30 move 0.0377 lock 0.00 static 0.796 pr 6.4 | sent 1:0.62 10:0.6 100:0.55 1000:0.55 2000:0.54 | 18.4s
run39|step0.5|16.0|kp1|0.5|1|51|leak: alive shape flat ratio 0.845 silent 0.25 resting 0.00 active 0.30 move 0.256 lock 0.00 static 0.747 pr 15.1 | sent 1:0.65 10:0.57 100:0.56 1000:0.55 2000:0.55 | 20.6s
run39|step1|0.1|none|0.0|0|51|code: dead at step 3 shape decaying ratio 0 silent 1.00 resting 1.00 active 0.00 move 0 | sent 1:0.4 10:0 100:0 1000:0 2000:0 | 15.5s
run39|step1|0.1|none|0.0|1|51|code: dead at step 3 shape decaying ratio 0 silent 1.00 resting 1.00 active 0.00 move 0 | sent 1:0.4 10:0 100:0 1000:0 2000:0 | 17.0s
run39|step0.5|16.0|kp1|0.9|0|51|leak: alive shape flat ratio 1.07 silent 0.38 resting 0.00 active 0.47 move 0.0243 lock 0.00 static 0.912 pr 6.2 | sent 1:0.64 10:0.68 100:0.69 1000:0.69 2000:0.69 | 19.6s
run39|step0.5|16.0|kp1|0.9|1|50|leak: alive shape flat ratio 0.886 silent 0.43 resting 0.00 active 0.32 move 0.0377 lock 0.00 static 0.813 pr 6.0 | sent 1:0.64 10:0.61 100:0.56 1000:0.55 2000:0.56 | 21.4s
run39|step1|0.1|none|0.5|0|50|code: dead at step 15 shape decaying ratio 0 silent 1.00 resting 1.00 active 0.00 move 0 | sent 1:0.4 10:0 100:0 1000:0 2000:0 | 13.0s
run39|step1|0.1|none|0.0|0|50|code: dead at step 3 shape decaying ratio 0 silent 1.00 resting 1.00 active 0.00 move 0 | sent 1:0.4 10:0 100:0 1000:0 2000:0 | 19.4s
run39|step1|0.1|none|0.0|1|50|code: dead at step 3 shape decaying ratio 0 silent 1.00 resting 1.00 active 0.00 move 0 | sent 1:0.41 10:0 100:0 1000:0 2000:0 | 20.4s
run39|step1|0.1|none|0.5|1|50|code: dead at step 15 shape decaying ratio 0 silent 1.00 resting 1.00 active 0.00 move 0 | sent 1:0.41 10:0 100:0 1000:0 2000:0 | 18.9s
run39|step0.5|16.0|kp1|0.5|0|51|leak: alive shape flat ratio 1.01 silent 0.24 resting 0.00 active 0.47 move 0.166 lock 0.00 static 0.891 pr 14.0 | sent 1:0.68 10:0.7 100:0.68 1000:0.69 2000:0.69 | 25.1s
run39|step1|0.1|none|0.9|1|51|code: dead at step 96 shape decaying ratio 0 silent 1.00 resting 1.00 active 0.00 move 0 | sent 1:0.4 10:0.2 100:0 1000:0 2000:0 | 12.9s
run39|step1|0.1|none|0.5|1|51|code: dead at step 15 shape decaying ratio 0 silent 1.00 resting 1.00 active 0.00 move 0 | sent 1:0.4 10:0 100:0 1000:0 2000:0 | 21.0s
run39|step1|0.1|none|0.9|1|50|code: dead at step 96 shape decaying ratio 0 silent 1.00 resting 1.00 active 0.00 move 0 | sent 1:0.41 10:0.21 100:0 1000:0 2000:0 | 14.8s
run39|step1|0.1|none|0.5|0|51|code: dead at step 15 shape decaying ratio 0 silent 1.00 resting 1.00 active 0.00 move 0 | sent 1:0.4 10:0 100:0 1000:0 2000:0 | 16.6s
run39|step1|0.1|none|0.9|0|51|code: dead at step 92 shape decaying ratio 0 silent 1.00 resting 1.00 active 0.00 move 0 | sent 1:0.4 10:0.15 100:0 1000:0 2000:0 | 11.8s
run39|step1|0.1|none|0.5|0|50|leak: dead at step 15 shape decaying ratio 0 silent 1.00 resting 1.00 active 0.00 move 0 | sent 1:0.4 10:0 100:0 1000:0 2000:0 | 13.8s
run39|step1|0.1|none|0.9|0|50|code: dead at step 93 shape decaying ratio 0 silent 1.00 resting 1.00 active 0.00 move 0 | sent 1:0.4 10:0.14 100:0 1000:0 2000:0 | 16.6s
run39|step1|0.1|none|0.9|1|50|leak: dead at step 90 shape decaying ratio 0 silent 1.00 resting 1.00 active 0.00 move 0 | sent 1:0.4 10:0.1 100:0 1000:0 2000:0 | 15.8s
run39|step1|0.1|none|0.5|1|50|leak: dead at step 15 shape decaying ratio 0 silent 1.00 resting 1.00 active 0.00 move 0 | sent 1:0.4 10:0 100:0 1000:0 2000:0 | 18.9s
run39|step1|0.1|none|0.5|1|51|leak: dead at step 15 shape decaying ratio 0 silent 1.00 resting 1.00 active 0.00 move 0 | sent 1:0.4 10:0 100:0 1000:0 2000:0 | 17.9s
run39|step1|0.1|kp1|0.0|1|50|code: cycle period 4 shape decaying ratio 0 silent 1.00 resting 0.94 active 0.00 move 1.46 lock 0.00 static 0.222 pr 2.6 | sent 1:0.41 10:0 100:0 1000:0 2000:0 | 13.6s
run39|step1|0.1|none|0.9|1|51|leak: dead at step 90 shape decaying ratio 0 silent 1.00 resting 1.00 active 0.00 move 0 | sent 1:0.4 10:0.094 100:0 1000:0 2000:0 | 17.3s
run39|step1|0.1|kp1|0.0|0|51|code: cycle period 4 shape decaying ratio 0 silent 1.00 resting 0.94 active 0.00 move 1.4 lock 0.00 static 0.268 pr 2.9 | sent 1:0.4 10:0 100:0 1000:0 2000:0 | 11.5s
run39|step1|0.1|kp1|0.0|1|51|code: cycle period 4 shape decaying ratio 0 silent 1.00 resting 0.94 active 0.00 move 1.4 lock 0.00 static 0.268 pr 2.9 | sent 1:0.4 10:0 100:0 1000:0 2000:0 | 15.4s
run39|step1|0.1|none|0.9|0|51|leak: dead at step 89 shape decaying ratio 0 silent 1.00 resting 1.00 active 0.00 move 0 | sent 1:0.4 10:0.076 100:0 1000:0 2000:0 | 19.2s
run39|step1|0.1|none|0.5|0|51|leak: dead at step 15 shape decaying ratio 0 silent 1.00 resting 1.00 active 0.00 move 0 | sent 1:0.4 10:0 100:0 1000:0 2000:0 | 22.8s
run39|step1|0.1|kp1|0.0|0|50|code: cycle period 4 shape decaying ratio 0 silent 1.00 resting 0.94 active 0.00 move 1.46 lock 0.00 static 0.222 pr 2.6 | sent 1:0.4 10:0 100:0 1000:0 2000:0 | 16.2s
run39|step1|0.1|kp1|0.5|1|51|code: cycle period 4 shape decaying ratio 0 silent 1.00 resting 0.94 active 0.00 move 0.864 lock 0.00 static 0.680 pr 2.7 | sent 1:0.4 10:0 100:0 1000:0 2000:0 | 17.7s
run39|step1|0.1|kp1|0.5|1|50|code: cycle period 4 shape decaying ratio 0 silent 1.00 resting 0.94 active 0.00 move 0.938 lock 0.00 static 0.636 pr 2.6 | sent 1:0.41 10:0 100:0 1000:0 2000:0 | 18.2s
run39|step1|0.1|none|0.9|0|50|leak: dead at step 89 shape decaying ratio 0 silent 1.00 resting 1.00 active 0.00 move 0 | sent 1:0.4 10:0.062 100:0 1000:0 2000:0 | 24.5s
run39|step1|0.1|kp1|0.9|0|50|code: cycle period 4 shape decaying ratio 0 silent 1.00 resting 0.94 active 0.00 move 0.186 lock 0.00 static 0.985 pr 2.5 | sent 1:0.4 10:0.14 100:0 1000:0 2000:0 | 12.0s
run39|step1|0.1|kp1|0.9|1|51|code: cycle period 4 shape decaying ratio 0 silent 1.00 resting 0.94 active 0.00 move 0.167 lock 0.00 static 0.987 pr 2.7 | sent 1:0.4 10:0.2 100:0 1000:0 2000:0 | 12.9s
run39|step1|0.1|kp1|0.5|0|51|code: cycle period 4 shape decaying ratio 0 silent 1.00 resting 0.94 active 0.00 move 0.864 lock 0.00 static 0.680 pr 2.7 | sent 1:0.4 10:0 100:0 1000:0 2000:0 | 16.0s
run39|step1|0.1|kp1|0.5|0|50|code: cycle period 4 shape decaying ratio 0 silent 1.00 resting 0.94 active 0.00 move 0.938 lock 0.00 static 0.636 pr 2.6 | sent 1:0.4 10:0 100:0 1000:0 2000:0 | 19.6s
run39|step1|0.1|kp1|0.9|0|51|code: cycle period 4 shape decaying ratio 0 silent 1.00 resting 0.94 active 0.00 move 0.167 lock 0.00 static 0.987 pr 2.7 | sent 1:0.4 10:0.15 100:0 1000:0 2000:0 | 12.4s
run39|step1|0.1|kp1|0.5|1|50|leak: cycle period 4 shape decaying ratio 0 silent 1.00 resting 0.94 active 0.00 move 0.938 lock 0.00 static 0.636 pr 2.6 | sent 1:0.41 10:0 100:0 1000:0 2000:0 | 18.3s
run39|step1|0.1|kp1|0.5|1|51|leak: cycle period 4 shape decaying ratio 0 silent 1.00 resting 0.94 active 0.00 move 0.864 lock 0.00 static 0.680 pr 2.7 | sent 1:0.4 10:0 100:0 1000:0 2000:0 | 17.8s
run39|step1|0.1|kp1|0.9|1|50|code: cycle period 4 shape decaying ratio 0 silent 1.00 resting 0.94 active 0.00 move 0.186 lock 0.00 static 0.985 pr 2.5 | sent 1:0.41 10:0.21 100:0 1000:0 2000:0 | 21.9s
run39|step1|0.3|none|0.0|1|51|code: dead at step 4 shape decaying ratio 0 silent 1.00 resting 1.00 active 0.00 move 0 | sent 1:0.4 10:0 100:0 1000:0 2000:0 | 13.8s
run39|step1|0.1|kp1|0.5|0|50|leak: cycle period 4 shape decaying ratio 0 silent 1.00 resting 0.94 active 0.00 move 0.938 lock 0.00 static 0.636 pr 2.6 | sent 1:0.41 10:0 100:0 1000:0 2000:0 | 21.7s
run39|step1|0.1|kp1|0.9|0|50|leak: cycle period 4 shape decaying ratio 0 silent 1.00 resting 0.94 active 0.00 move 0.186 lock 0.00 static 0.985 pr 2.5 | sent 1:0.4 10:0.062 100:0 1000:0 2000:0 | 17.3s
run39|step1|0.3|none|0.0|1|50|code: dead at step 4 shape decaying ratio 0 silent 1.00 resting 1.00 active 0.00 move 0 | sent 1:0.41 10:0 100:0 1000:0 2000:0 | 18.2s
run39|step1|0.1|kp1|0.5|0|51|leak: cycle period 4 shape decaying ratio 0 silent 1.00 resting 0.94 active 0.00 move 0.864 lock 0.00 static 0.680 pr 2.7 | sent 1:0.4 10:0 100:0 1000:0 2000:0 | 23.6s
run39|step1|0.3|none|0.5|0|50|code: dead at step 15 shape decaying ratio 0 silent 1.00 resting 1.00 active 0.00 move 0 | sent 1:0.41 10:0 100:0 1000:0 2000:0 | 14.4s
run39|step1|0.1|kp1|0.9|1|50|leak: cycle period 4 shape decaying ratio 0 silent 1.00 resting 0.94 active 0.00 move 0.186 lock 0.00 static 0.985 pr 2.5 | sent 1:0.41 10:0.1 100:0 1000:0 2000:0 | 23.0s
run39|step1|0.3|none|0.0|0|51|code: dead at step 4 shape decaying ratio 0 silent 1.00 resting 1.00 active 0.00 move 0 | sent 1:0.4 10:0 100:0 1000:0 2000:0 | 15.1s
run39|step1|0.3|none|0.5|1|51|code: dead at step 16 shape decaying ratio 0 silent 1.00 resting 1.00 active 0.00 move 0 | sent 1:0.4 10:0 100:0 1000:0 2000:0 | 16.3s
run39|step1|0.1|kp1|0.9|0|51|leak: cycle period 4 shape decaying ratio 0 silent 1.00 resting 0.94 active 0.00 move 0.167 lock 0.00 static 0.987 pr 2.7 | sent 1:0.4 10:0.076 100:0 1000:0 2000:0 | 20.4s
run39|step1|0.1|kp1|0.9|1|51|leak: cycle period 4 shape decaying ratio 0 silent 1.00 resting 0.94 active 0.00 move 0.167 lock 0.00 static 0.987 pr 2.7 | sent 1:0.4 10:0.098 100:0 1000:0 2000:0 | 24.9s
run39|step1|0.3|none|0.0|0|50|code: dead at step 3 shape decaying ratio 0 silent 1.00 resting 1.00 active 0.00 move 0 | sent 1:0.41 10:0 100:0 1000:0 2000:0 | 18.7s
run39|step1|0.3|none|0.5|1|50|code: dead at step 16 shape decaying ratio 0 silent 1.00 resting 1.00 active 0.00 move 0 | sent 1:0.41 10:0 100:0 1000:0 2000:0 | 20.7s
run39|step1|0.3|none|0.5|0|51|code: dead at step 15 shape decaying ratio 0 silent 1.00 resting 1.00 active 0.00 move 0 | sent 1:0.4 10:0 100:0 1000:0 2000:0 | 14.9s
run39|step1|0.3|none|0.9|1|51|code: alive shape flat ratio 0.945 silent 0.56 resting 0.00 active 0.15 move 0.0563 lock 0.00 static 0.588 pr 6.5 | sent 1:0.4 10:0.44 100:0.4 1000:0.39 2000:0.38 | 15.5s
run39|step1|0.3|none|0.9|0|50|code: alive shape flat ratio 1.56 silent 0.41 resting 0.00 active 0.40 move 0.0287 lock 0.00 static 0.871 pr 5.6 | sent 1:0.41 10:0.51 100:0.62 1000:0.63 2000:0.63 | 12.4s
run39|step1|0.3|none|0.9|1|50|code: alive shape flat ratio 0.986 silent 0.55 resting 0.00 active 0.17 move 0.0555 lock 0.00 static 0.585 pr 6.5 | sent 1:0.41 10:0.46 100:0.42 1000:0.41 2000:0.4 | 18.4s
run39|step1|0.3|none|0.5|1|51|leak: dead at step 15 shape decaying ratio 0 silent 1.00 resting 1.00 active 0.00 move 0 | sent 1:0.4 10:0 100:0 1000:0 2000:0 | 16.6s
run39|step1|0.3|none|0.5|0|50|leak: dead at step 15 shape decaying ratio 0 silent 1.00 resting 1.00 active 0.00 move 0 | sent 1:0.4 10:0 100:0 1000:0 2000:0 | 16.5s
run39|step1|0.3|none|0.9|0|51|code: alive shape flat ratio 1.53 silent 0.42 resting 0.00 active 0.39 move 0.0299 lock 0.00 static 0.875 pr 5.8 | sent 1:0.4 10:0.5 100:0.62 1000:0.62 2000:0.62 | 20.7s
run39|step1|0.3|none|0.9|0|50|leak: dead at step 89 shape decaying ratio 0 silent 1.00 resting 1.00 active 0.00 move 0 | sent 1:0.4 10:0.067 100:0 1000:0 2000:0 | 16.4s
run39|step1|0.3|kp1|0.0|0|51|code: cycle period 4 shape decaying ratio 0 silent 1.00 resting 0.94 active 0.00 move 1.4 lock 0.00 static 0.268 pr 2.9 | sent 1:0.4 10:0 100:0 1000:0 2000:0 | 12.1s
run39|step1|0.3|none|0.9|1|51|leak: dead at step 90 shape decaying ratio 0 silent 1.00 resting 1.00 active 0.00 move 0 | sent 1:0.4 10:0.11 100:0 1000:0 2000:0 | 21.0s
run39|step1|0.3|none|0.9|0|51|leak: dead at step 89 shape decaying ratio 0 silent 1.00 resting 1.00 active 0.00 move 0 | sent 1:0.4 10:0.08 100:0 1000:0 2000:0 | 19.4s
run39|step1|0.3|none|0.5|0|51|leak: dead at step 15 shape decaying ratio 0 silent 1.00 resting 1.00 active 0.00 move 0 | sent 1:0.4 10:0 100:0 1000:0 2000:0 | 21.9s
run39|step1|0.3|none|0.5|1|50|leak: dead at step 15 shape decaying ratio 0 silent 1.00 resting 1.00 active 0.00 move 0 | sent 1:0.4 10:0 100:0 1000:0 2000:0 | 25.7s
run39|step1|0.3|none|0.9|1|50|leak: dead at step 90 shape decaying ratio 0 silent 1.00 resting 1.00 active 0.00 move 0 | sent 1:0.4 10:0.12 100:0 1000:0 2000:0 | 22.9s
run39|step1|0.3|kp1|0.0|1|51|code: cycle period 4 shape decaying ratio 0 silent 1.00 resting 0.94 active 0.00 move 1.4 lock 0.00 static 0.268 pr 2.9 | sent 1:0.4 10:0 100:0 1000:0 2000:0 | 19.2s
run39|step1|0.3|kp1|0.0|1|50|code: cycle period 4 shape decaying ratio 0 silent 1.00 resting 0.94 active 0.00 move 1.46 lock 0.00 static 0.222 pr 2.6 | sent 1:0.41 10:0 100:0 1000:0 2000:0 | 20.7s
run39|step1|0.3|kp1|0.5|1|51|code: cycle period 4 shape decaying ratio 0 silent 1.00 resting 0.94 active 0.00 move 0.864 lock 0.00 static 0.680 pr 2.7 | sent 1:0.4 10:0 100:0 1000:0 2000:0 | 17.5s
run39|step1|0.3|kp1|0.0|0|50|code: cycle period 4 shape decaying ratio 0 silent 1.00 resting 0.94 active 0.00 move 1.46 lock 0.00 static 0.222 pr 2.6 | sent 1:0.41 10:0 100:0 1000:0 2000:0 | 20.4s
run39|step1|0.3|kp1|0.5|1|50|code: cycle period 4 shape decaying ratio 0 silent 1.00 resting 0.94 active 0.00 move 0.938 lock 0.00 static 0.636 pr 2.6 | sent 1:0.41 10:0 100:0 1000:0 2000:0 | 18.9s
run39|step1|0.3|kp1|0.5|0|50|code: cycle period 4 shape decaying ratio 0 silent 1.00 resting 0.94 active 0.00 move 0.938 lock 0.00 static 0.636 pr 2.6 | sent 1:0.41 10:0 100:0 1000:0 2000:0 | 18.4s
run39|step1|0.3|kp1|0.9|1|50|code: alive shape flat ratio 1.01 silent 0.53 resting 0.00 active 0.17 move 0.0559 lock 0.00 static 0.597 pr 6.5 | sent 1:0.41 10:0.46 100:0.41 1000:0.4 2000:0.41 | 14.3s
run39|step1|0.3|kp1|0.9|1|51|code: alive shape flat ratio 0.962 silent 0.56 resting 0.00 active 0.15 move 0.0542 lock 0.00 static 0.612 pr 5.8 | sent 1:0.4 10:0.46 100:0.39 1000:0.42 2000:0.39 | 13.5s
run39|step1|0.3|kp1|0.5|0|51|code: cycle period 4 shape decaying ratio 0 silent 1.00 resting 0.94 active 0.00 move 0.864 lock 0.00 static 0.680 pr 2.7 | sent 1:0.4 10:0 100:0 1000:0 2000:0 | 16.4s
run39|step1|0.3|kp1|0.9|0|51|code: alive shape flat ratio 1.52 silent 0.44 resting 0.00 active 0.39 move 0.029 lock 0.00 static 0.880 pr 6.3 | sent 1:0.4 10:0.51 100:0.62 1000:0.61 2000:0.61 | 16.3s
run39|step1|1.0|none|0.0|1|50|code: dead at step 13 shape decaying ratio 0 silent 1.00 resting 1.00 active 0.00 move 0 | sent 1:0.46 10:0.062 100:0 1000:0 2000:0 | 13.4s
run39|step1|0.3|kp1|0.9|0|50|code: alive shape flat ratio 1.54 silent 0.42 resting 0.00 active 0.40 move 0.0276 lock 0.00 static 0.875 pr 5.9 | sent 1:0.41 10:0.52 100:0.63 1000:0.64 2000:0.63 | 21.6s
run39|step1|0.3|kp1|0.9|1|51|leak: cycle period 4 shape decaying ratio 0 silent 1.00 resting 0.94 active 0.00 move 0.167 lock 0.00 static 0.987 pr 2.7 | sent 1:0.4 10:0.098 100:0 1000:0 2000:0 | 20.2s
run39|step1|0.3|kp1|0.5|1|51|leak: cycle period 4 shape decaying ratio 0 silent 1.00 resting 0.94 active 0.00 move 0.864 lock 0.00 static 0.680 pr 2.7 | sent 1:0.4 10:0 100:0 1000:0 2000:0 | 22.6s
run39|step1|0.3|kp1|0.5|0|51|leak: cycle period 4 shape decaying ratio 0 silent 1.00 resting 0.94 active 0.00 move 0.864 lock 0.00 static 0.680 pr 2.7 | sent 1:0.4 10:0 100:0 1000:0 2000:0 | 21.6s
run39|step1|0.3|kp1|0.5|0|50|leak: cycle period 4 shape decaying ratio 0 silent 1.00 resting 0.94 active 0.00 move 0.938 lock 0.00 static 0.636 pr 2.6 | sent 1:0.41 10:0 100:0 1000:0 2000:0 | 23.2s
run39|step1|0.3|kp1|0.9|1|50|leak: cycle period 4 shape decaying ratio 0 silent 1.00 resting 0.94 active 0.00 move 0.186 lock 0.00 static 0.985 pr 2.5 | sent 1:0.41 10:0.12 100:0 1000:0 2000:0 | 22.3s
run39|step1|1.0|none|0.0|1|51|code: dead at step 14 shape decaying ratio 0 silent 1.00 resting 1.00 active 0.00 move 0 | sent 1:0.45 10:0.18 100:0 1000:0 2000:0 | 18.7s
run39|step1|0.3|kp1|0.5|1|50|leak: cycle period 4 shape decaying ratio 0 silent 1.00 resting 0.94 active 0.00 move 0.938 lock 0.00 static 0.636 pr 2.6 | sent 1:0.4 10:0 100:0 1000:0 2000:0 | 25.5s
run39|step1|1.0|none|0.0|0|50|code: dead at step 11 shape decaying ratio 0 silent 1.00 resting 1.00 active 0.00 move 0 | sent 1:0.47 10:0 100:0 1000:0 2000:0 | 19.3s
run39|step1|0.3|kp1|0.9|0|51|leak: cycle period 4 shape decaying ratio 0 silent 1.00 resting 0.94 active 0.00 move 0.167 lock 0.00 static 0.987 pr 2.7 | sent 1:0.4 10:0.08 100:0 1000:0 2000:0 | 23.8s
run39|step1|1.0|none|0.0|0|51|code: dead at step 11 shape decaying ratio 0 silent 1.00 resting 1.00 active 0.00 move 0 | sent 1:0.47 10:0 100:0 1000:0 2000:0 | 20.2s
run39|step1|0.3|kp1|0.9|0|50|leak: cycle period 4 shape decaying ratio 0 silent 1.00 resting 0.94 active 0.00 move 0.186 lock 0.00 static 0.985 pr 2.5 | sent 1:0.41 10:0.071 100:0 1000:0 2000:0 | 27.2s
run39|step1|1.0|none|0.5|1|50|code: alive shape flat ratio 0.877 silent 0.26 resting 0.00 active 0.16 move 0.362 lock 0.00 static 0.519 pr 15.4 | sent 1:0.46 10:0.45 100:0.39 1000:0.4 2000:0.4 | 21.0s
run39|step1|1.0|none|0.5|1|51|code: alive shape flat ratio 0.863 silent 0.25 resting 0.00 active 0.15 move 0.388 lock 0.00 static 0.486 pr 16.1 | sent 1:0.45 10:0.4 100:0.4 1000:0.4 2000:0.39 | 21.3s
run39|step1|1.0|none|0.5|0|50|code: alive shape flat ratio 1.25 silent 0.30 resting 0.00 active 0.34 move 0.213 lock 0.00 static 0.801 pr 14.1 | sent 1:0.47 10:0.58 100:0.56 1000:0.58 2000:0.59 | 19.1s
run39|step1|1.0|none|0.5|0|51|code: alive shape flat ratio 1.21 silent 0.26 resting 0.00 active 0.32 move 0.238 lock 0.00 static 0.774 pr 14.7 | sent 1:0.47 10:0.55 100:0.56 1000:0.58 2000:0.57 | 18.8s
run39|step1|1.0|none|0.9|1|51|code: alive shape flat ratio 0.828 silent 0.56 resting 0.00 active 0.16 move 0.0539 lock 0.00 static 0.602 pr 6.3 | sent 1:0.45 10:0.48 100:0.37 1000:0.4 2000:0.38 | 16.9s
run39|step1|1.0|none|0.9|1|50|code: alive shape flat ratio 0.904 silent 0.57 resting 0.00 active 0.16 move 0.0514 lock 0.00 static 0.554 pr 5.5 | sent 1:0.46 10:0.5 100:0.39 1000:0.37 2000:0.41 | 22.0s
run39|step1|1.0|none|0.9|0|50|code: alive shape flat ratio 1.46 silent 0.37 resting 0.00 active 0.48 move 0.0248 lock 0.00 static 0.897 pr 5.7 | sent 1:0.47 10:0.67 100:0.68 1000:0.69 2000:0.68 | 19.7s
run39|step1|1.0|none|0.9|0|51|code: alive shape flat ratio 1.43 silent 0.38 resting 0.00 active 0.46 move 0.0243 lock 0.00 static 0.911 pr 5.9 | sent 1:0.47 10:0.65 100:0.67 1000:0.67 2000:0.68 | 20.8s
run39|step1|1.0|none|0.5|1|50|leak: dead at step 18 shape decaying ratio 0 silent 1.00 resting 1.00 active 0.00 move 0 | sent 1:0.42 10:0 100:0 1000:0 2000:0 | 22.0s
run39|step1|1.0|none|0.5|0|50|leak: dead at step 17 shape decaying ratio 0 silent 1.00 resting 1.00 active 0.00 move 0 | sent 1:0.42 10:0 100:0 1000:0 2000:0 | 22.0s
run39|step1|1.0|none|0.5|0|51|leak: dead at step 17 shape decaying ratio 0 silent 1.00 resting 1.00 active 0.00 move 0 | sent 1:0.42 10:0 100:0 1000:0 2000:0 | 21.0s
run39|step1|1.0|kp1|0.0|1|50|code: cycle period 4 shape decaying ratio 0 silent 1.00 resting 0.94 active 0.00 move 1.46 lock 0.00 static 0.222 pr 2.6 | sent 1:0.46 10:0 100:0 1000:0 2000:0 | 16.4s
run39|step1|1.0|none|0.9|0|50|leak: dead at step 93 shape decaying ratio 0 silent 1.00 resting 1.00 active 0.00 move 0 | sent 1:0.4 10:0.14 100:0 1000:0 2000:0 | 18.7s
run39|step1|1.0|none|0.9|1|50|leak: dead at step 96 shape decaying ratio 0 silent 1.00 resting 1.00 active 0.00 move 0 | sent 1:0.41 10:0.21 100:0 1000:0 2000:0 | 21.9s
run39|step1|1.0|none|0.5|1|51|leak: dead at step 19 shape decaying ratio 0 silent 1.00 resting 1.00 active 0.00 move 0 | sent 1:0.42 10:0 100:0 1000:0 2000:0 | 26.9s
run39|step1|1.0|kp1|0.0|0|51|code: cycle period 4 shape decaying ratio 0 silent 1.00 resting 0.94 active 0.00 move 1.4 lock 0.00 static 0.268 pr 2.9 | sent 1:0.48 10:0 100:0 1000:0 2000:0 | 13.3s
run39|step1|1.0|kp1|0.0|1|51|code: cycle period 4 shape decaying ratio 0 silent 1.00 resting 0.94 active 0.00 move 1.4 lock 0.00 static 0.268 pr 2.9 | sent 1:0.46 10:0.13 100:0 1000:0 2000:0 | 19.9s
run39|step1|1.0|kp1|0.0|0|50|code: cycle period 4 shape decaying ratio 0 silent 1.00 resting 0.94 active 0.00 move 1.46 lock 0.00 static 0.222 pr 2.6 | sent 1:0.47 10:0 100:0 1000:0 2000:0 | 19.5s
run39|step1|1.0|none|0.9|1|51|leak: dead at step 96 shape decaying ratio 0 silent 1.00 resting 1.00 active 0.00 move 0 | sent 1:0.4 10:0.2 100:0 1000:0 2000:0 | 26.4s
run39|step1|1.0|kp1|0.5|1|51|code: alive shape flat ratio 0.819 silent 0.24 resting 0.00 active 0.15 move 0.382 lock 0.00 static 0.480 pr 15.7 | sent 1:0.46 10:0.4 100:0.38 1000:0.41 2000:0.37 | 14.4s
run39|step1|1.0|none|0.9|0|51|leak: dead at step 92 shape decaying ratio 0 silent 1.00 resting 1.00 active 0.00 move 0 | sent 1:0.4 10:0.15 100:0 1000:0 2000:0 | 25.8s
run39|step1|1.0|kp1|0.5|1|50|code: alive shape flat ratio 0.853 silent 0.28 resting 0.00 active 0.16 move 0.354 lock 0.00 static 0.520 pr 15.1 | sent 1:0.46 10:0.43 100:0.4 1000:0.38 2000:0.39 | 21.0s
run39|step1|1.0|kp1|0.9|0|51|code: alive shape flat ratio 1.42 silent 0.38 resting 0.00 active 0.45 move 0.0268 lock 0.00 static 0.908 pr 5.6 | sent 1:0.48 10:0.65 100:0.66 1000:0.67 2000:0.67 | 12.7s
run39|step1|1.0|kp1|0.5|0|51|code: alive shape flat ratio 1.17 silent 0.28 resting 0.00 active 0.32 move 0.233 lock 0.00 static 0.796 pr 14.4 | sent 1:0.48 10:0.56 100:0.56 1000:0.56 2000:0.56 | 16.7s
run39|step1|1.0|kp1|0.5|0|50|code: alive shape flat ratio 1.26 silent 0.28 resting 0.00 active 0.34 move 0.219 lock 0.00 static 0.794 pr 14.4 | sent 1:0.47 10:0.56 100:0.56 1000:0.57 2000:0.59 | 20.5s
run39|step1|1.0|kp1|0.9|1|51|code: alive shape flat ratio 0.858 silent 0.57 resting 0.00 active 0.15 move 0.0551 lock 0.00 static 0.590 pr 6.4 | sent 1:0.46 10:0.48 100:0.38 1000:0.39 2000:0.39 | 19.5s
run39|step1|1.0|kp1|0.9|0|50|code: alive shape flat ratio 1.48 silent 0.36 resting 0.00 active 0.47 move 0.0269 lock 0.00 static 0.893 pr 6.3 | sent 1:0.47 10:0.67 100:0.68 1000:0.68 2000:0.69 | 20.7s
run39|step1|1.0|kp1|0.9|1|50|code: alive shape flat ratio 0.92 silent 0.56 resting 0.00 active 0.17 move 0.0509 lock 0.00 static 0.564 pr 6.3 | sent 1:0.46 10:0.51 100:0.4 1000:0.4 2000:0.42 | 21.8s
run39|step1|1.0|kp1|0.5|1|50|leak: cycle period 4 shape decaying ratio 0 silent 1.00 resting 0.94 active 0.00 move 0.938 lock 0.00 static 0.636 pr 2.6 | sent 1:0.42 10:0 100:0 1000:0 2000:0 | 22.8s
run39|step1|1.0|kp1|0.5|0|51|leak: cycle period 4 shape decaying ratio 0 silent 1.00 resting 0.94 active 0.00 move 0.864 lock 0.00 static 0.680 pr 2.7 | sent 1:0.43 10:0 100:0 1000:0 2000:0 | 20.0s
run39|step1|1.0|kp1|0.5|0|50|leak: cycle period 4 shape decaying ratio 0 silent 1.00 resting 0.94 active 0.00 move 0.938 lock 0.00 static 0.636 pr 2.6 | sent 1:0.42 10:0 100:0 1000:0 2000:0 | 20.8s
run39|step1|1.0|kp1|0.5|1|51|leak: cycle period 4 shape decaying ratio 0 silent 1.00 resting 0.94 active 0.00 move 0.864 lock 0.00 static 0.680 pr 2.7 | sent 1:0.42 10:0 100:0 1000:0 2000:0 | 23.1s
run39|step1|2.0|none|0.0|0|51|code: alive shape flat ratio 1.05 silent 0.09 resting 0.00 active 0.33 move 0.888 lock 0.00 static 0.604 pr 21.7 | sent 1:0.55 10:0.59 100:0.57 1000:0.57 2000:0.57 | 12.9s
run39|step1|1.0|kp1|0.9|0|50|leak: cycle period 4 shape decaying ratio 0 silent 1.00 resting 0.94 active 0.00 move 0.186 lock 0.00 static 0.985 pr 2.5 | sent 1:0.4 10:0.15 100:0 1000:0 2000:0 | 18.8s
run39|step1|2.0|none|0.0|1|50|code: alive shape flat ratio 0.822 silent 0.04 resting 0.00 active 0.16 move 1.21 lock 0.00 static 0.265 pr 21.7 | sent 1:0.51 10:0.37 100:0.44 1000:0.4 2000:0.42 | 18.8s
run39|step1|2.0|none|0.0|0|50|code: alive shape flat ratio 1.09 silent 0.10 resting 0.00 active 0.34 move 0.851 lock 0.00 static 0.626 pr 21.2 | sent 1:0.54 10:0.58 100:0.58 1000:0.57 2000:0.59 | 14.5s
run39|step1|1.0|kp1|0.9|1|51|leak: cycle period 4 shape decaying ratio 0 silent 1.00 resting 0.94 active 0.00 move 0.167 lock 0.00 static 0.987 pr 2.7 | sent 1:0.4 10:0.21 100:0 1000:0 2000:0 | 23.7s
run39|step1|1.0|kp1|0.9|1|50|leak: cycle period 4 shape decaying ratio 0 silent 1.00 resting 0.94 active 0.00 move 0.186 lock 0.00 static 0.985 pr 2.5 | sent 1:0.4 10:0.22 100:0 1000:0 2000:0 | 24.4s
run39|step1|2.0|none|0.0|1|51|code: alive shape flat ratio 0.743 silent 0.03 resting 0.00 active 0.15 move 1.22 lock 0.00 static 0.261 pr 22.2 | sent 1:0.52 10:0.4 100:0.42 1000:0.39 2000:0.39 | 17.1s
run39|step1|1.0|kp1|0.9|0|51|leak: cycle period 4 shape decaying ratio 0 silent 1.00 resting 0.94 active 0.00 move 0.167 lock 0.00 static 0.987 pr 2.7 | sent 1:0.4 10:0.16 100:0 1000:0 2000:0 | 24.1s
run39|step1|2.0|none|0.5|0|50|code: alive shape flat ratio 1.19 silent 0.25 resting 0.00 active 0.42 move 0.191 lock 0.00 static 0.860 pr 14.4 | sent 1:0.54 10:0.65 100:0.65 1000:0.65 2000:0.65 | 12.7s
run39|step1|2.0|none|0.5|1|51|code: alive shape flat ratio 0.802 silent 0.23 resting 0.00 active 0.15 move 0.388 lock 0.00 static 0.486 pr 16.4 | sent 1:0.52 10:0.41 100:0.38 1000:0.41 2000:0.42 | 15.6s
run39|step1|2.0|none|0.5|0|51|code: alive shape flat ratio 1.14 silent 0.26 resting 0.00 active 0.41 move 0.19 lock 0.00 static 0.855 pr 14.2 | sent 1:0.55 10:0.64 100:0.63 1000:0.63 2000:0.62 | 13.7s
run39|step1|2.0|none|0.5|1|50|code: alive shape flat ratio 0.847 silent 0.23 resting 0.00 active 0.16 move 0.371 lock 0.00 static 0.475 pr 15.5 | sent 1:0.51 10:0.43 100:0.41 1000:0.38 2000:0.44 | 20.6s
run39|step1|2.0|none|0.9|1|50|code: alive shape flat ratio 0.783 silent 0.56 resting 0.00 active 0.17 move 0.053 lock 0.00 static 0.575 pr 5.9 | sent 1:0.51 10:0.52 100:0.41 1000:0.41 2000:0.4 | 15.4s
run39|step1|2.0|none|0.9|0|51|code: alive shape flat ratio 1.26 silent 0.37 resting 0.00 active 0.46 move 0.0249 lock 0.00 static 0.906 pr 5.3 | sent 1:0.55 10:0.67 100:0.7 1000:0.69 2000:0.69 | 16.2s
run39|step1|2.0|none|0.9|1|51|code: alive shape flat ratio 0.743 silent 0.57 resting 0.00 active 0.15 move 0.055 lock 0.00 static 0.547 pr 6.2 | sent 1:0.52 10:0.47 100:0.4 1000:0.41 2000:0.39 | 17.7s
run39|step1|2.0|none|0.9|0|50|code: alive shape flat ratio 1.29 silent 0.37 resting 0.00 active 0.48 move 0.023 lock 0.00 static 0.907 pr 5.2 | sent 1:0.54 10:0.69 100:0.7 1000:0.69 2000:0.7 | 17.4s
run39|step1|2.0|none|0.5|0|50|leak: alive shape flat ratio 1.25 silent 0.30 resting 0.00 active 0.34 move 0.213 lock 0.00 static 0.801 pr 14.1 | sent 1:0.47 10:0.58 100:0.56 1000:0.58 2000:0.59 | 18.7s
run39|step1|2.0|kp1|0.0|1|51|code: alive shape flat ratio 0.767 silent 0.03 resting 0.00 active 0.15 move 1.22 lock 0.00 static 0.257 pr 22.3 | sent 1:0.52 10:0.4 100:0.38 1000:0.36 2000:0.4 | 12.2s
run39|step1|2.0|kp1|0.0|0|50|code: alive shape flat ratio 1.05 silent 0.10 resting 0.00 active 0.34 move 0.862 lock 0.00 static 0.619 pr 21.4 | sent 1:0.55 10:0.59 100:0.59 1000:0.58 2000:0.58 | 12.5s
run39|step1|2.0|none|0.5|1|51|leak: alive shape flat ratio 0.863 silent 0.25 resting 0.00 active 0.15 move 0.388 lock 0.00 static 0.486 pr 16.1 | sent 1:0.45 10:0.4 100:0.4 1000:0.4 2000:0.39 | 22.2s
run39|step1|2.0|none|0.9|0|50|leak: alive shape flat ratio 1.43 silent 0.49 resting 0.00 active 0.33 move 0.0299 lock 0.00 static 0.863 pr 6.0 | sent 1:0.4 10:0.38 100:0.57 1000:0.57 2000:0.58 | 18.8s
run39|step1|2.0|none|0.9|1|50|leak: alive shape flat ratio 1.01 silent 0.55 resting 0.00 active 0.17 move 0.0545 lock 0.00 static 0.565 pr 6.1 | sent 1:0.41 10:0.39 100:0.39 1000:0.39 2000:0.41 | 20.5s
run39|step1|2.0|none|0.9|1|51|leak: alive shape flat ratio 0.962 silent 0.57 resting 0.00 active 0.16 move 0.0557 lock 0.00 static 0.603 pr 6.5 | sent 1:0.4 10:0.39 100:0.38 1000:0.4 2000:0.39 | 19.7s
run39|step1|2.0|none|0.5|1|50|leak: alive shape flat ratio 0.877 silent 0.26 resting 0.00 active 0.16 move 0.362 lock 0.00 static 0.519 pr 15.4 | sent 1:0.46 10:0.45 100:0.39 1000:0.4 2000:0.4 | 23.6s
run39|step1|2.0|kp1|0.0|1|50|code: alive shape flat ratio 0.826 silent 0.05 resting 0.00 active 0.16 move 1.21 lock 0.00 static 0.268 pr 21.8 | sent 1:0.52 10:0.39 100:0.41 1000:0.39 2000:0.43 | 19.0s
run39|step1|2.0|none|0.5|0|51|leak: alive shape flat ratio 1.21 silent 0.26 resting 0.00 active 0.32 move 0.238 lock 0.00 static 0.774 pr 14.7 | sent 1:0.47 10:0.55 100:0.56 1000:0.58 2000:0.57 | 24.2s
run39|step1|2.0|kp1|0.0|0|51|code: alive shape flat ratio 1.03 silent 0.08 resting 0.00 active 0.33 move 0.894 lock 0.00 static 0.600 pr 21.9 | sent 1:0.55 10:0.57 100:0.58 1000:0.58 2000:0.56 | 16.0s
run39|step1|2.0|none|0.9|0|51|leak: alive shape flat ratio 1.4 silent 0.47 resting 0.00 active 0.32 move 0.0328 lock 0.00 static 0.845 pr 6.2 | sent 1:0.4 10:0.36 100:0.57 1000:0.56 2000:0.56 | 24.6s
run39|step1|2.0|kp1|0.9|0|50|code: alive shape flat ratio 1.28 silent 0.35 resting 0.00 active 0.49 move 0.0249 lock 0.00 static 0.906 pr 5.8 | sent 1:0.55 10:0.69 100:0.69 1000:0.69 2000:0.7 | 10.6s
run39|step1|2.0|kp1|0.9|1|50|code: alive shape flat ratio 0.78 silent 0.57 resting 0.00 active 0.16 move 0.0546 lock 0.00 static 0.600 pr 5.9 | sent 1:0.52 10:0.51 100:0.39 1000:0.44 2000:0.4 | 11.1s
run39|step1|2.0|kp1|0.9|1|51|code: alive shape flat ratio 0.726 silent 0.55 resting 0.00 active 0.15 move 0.0577 lock 0.00 static 0.574 pr 6.5 | sent 1:0.52 10:0.48 100:0.4 1000:0.38 2000:0.38 | 11.2s
run39|step1|2.0|kp1|0.9|0|51|code: alive shape flat ratio 1.24 silent 0.36 resting 0.00 active 0.48 move 0.0242 lock 0.00 static 0.901 pr 5.7 | sent 1:0.55 10:0.67 100:0.68 1000:0.68 2000:0.68 | 10.8s
run39|step1|2.0|kp1|0.5|1|50|code: alive shape flat ratio 0.78 silent 0.22 resting 0.00 active 0.17 move 0.378 lock 0.00 static 0.496 pr 15.3 | sent 1:0.52 10:0.44 100:0.39 1000:0.41 2000:0.4 | 20.9s
run39|step1|2.0|kp1|0.5|0|50|code: alive shape flat ratio 1.17 silent 0.26 resting 0.00 active 0.42 move 0.188 lock 0.00 static 0.855 pr 14.0 | sent 1:0.55 10:0.65 100:0.64 1000:0.63 2000:0.64 | 18.5s
run39|step1|2.0|kp1|0.5|0|51|code: alive shape flat ratio 1.17 silent 0.27 resting 0.00 active 0.41 move 0.189 lock 0.00 static 0.867 pr 14.5 | sent 1:0.55 10:0.63 100:0.64 1000:0.65 2000:0.64 | 20.1s
run39|step1|2.0|kp1|0.5|1|51|code: alive shape flat ratio 0.653 silent 0.24 resting 0.00 active 0.15 move 0.379 lock 0.00 static 0.488 pr 15.9 | sent 1:0.52 10:0.4 100:0.39 1000:0.39 2000:0.34 | 21.1s
run39|step1|2.0|kp1|0.5|1|50|leak: alive shape flat ratio 0.829 silent 0.27 resting 0.00 active 0.16 move 0.369 lock 0.00 static 0.500 pr 15.1 | sent 1:0.46 10:0.45 100:0.41 1000:0.41 2000:0.38 | 13.2s
run39|step1|2.0|kp1|0.5|1|51|leak: alive shape flat ratio 0.814 silent 0.26 resting 0.00 active 0.15 move 0.377 lock 0.00 static 0.499 pr 16.0 | sent 1:0.46 10:0.4 100:0.39 1000:0.38 2000:0.37 | 13.5s
run39|step1|2.0|kp1|0.9|0|50|leak: alive shape flat ratio 1.43 silent 0.45 resting 0.00 active 0.33 move 0.0321 lock 0.00 static 0.819 pr 5.4 | sent 1:0.41 10:0.41 100:0.57 1000:0.58 2000:0.59 | 15.8s
run39|step1|2.0|kp1|0.5|0|50|leak: alive shape flat ratio 1.22 silent 0.31 resting 0.00 active 0.33 move 0.212 lock 0.00 static 0.803 pr 13.9 | sent 1:0.47 10:0.57 100:0.57 1000:0.58 2000:0.57 | 18.7s
run39|step1|2.0|kp1|0.9|1|51|leak: alive shape flat ratio 0.953 silent 0.54 resting 0.00 active 0.15 move 0.0583 lock 0.00 static 0.537 pr 6.3 | sent 1:0.41 10:0.41 100:0.39 1000:0.4 2000:0.39 | 18.2s
run39|step1|2.0|kp1|0.9|1|50|leak: alive shape flat ratio 0.983 silent 0.55 resting 0.00 active 0.17 move 0.0524 lock 0.00 static 0.557 pr 5.9 | sent 1:0.41 10:0.4 100:0.41 1000:0.41 2000:0.4 | 18.7s
run39|step1|2.0|kp1|0.5|0|51|leak: alive shape flat ratio 1.18 silent 0.31 resting 0.00 active 0.32 move 0.227 lock 0.00 static 0.784 pr 14.9 | sent 1:0.48 10:0.56 100:0.58 1000:0.56 2000:0.56 | 22.3s
run39|step1|2.0|kp1|0.9|0|51|leak: alive shape flat ratio 1.35 silent 0.46 resting 0.00 active 0.31 move 0.0339 lock 0.00 static 0.818 pr 6.3 | sent 1:0.41 10:0.4 100:0.57 1000:0.56 2000:0.55 | 16.0s
run39|step1|4.0|none|0.0|0|51|code: alive shape flat ratio 1.08 silent 0.09 resting 0.00 active 0.41 move 0.762 lock 0.00 static 0.715 pr 21.4 | sent 1:0.61 10:0.64 100:0.64 1000:0.64 2000:0.66 | 9.7s
run39|step1|4.0|none|0.0|1|50|code: alive shape flat ratio 0.693 silent 0.03 resting 0.00 active 0.17 move 1.21 lock 0.00 static 0.269 pr 21.7 | sent 1:0.57 10:0.4 100:0.41 1000:0.4 2000:0.4 | 10.1s
run39|step1|4.0|none|0.5|0|51|code: alive shape flat ratio 1.1 silent 0.26 resting 0.00 active 0.45 move 0.167 lock 0.00 static 0.875 pr 14.0 | sent 1:0.61 10:0.67 100:0.66 1000:0.67 2000:0.67 | 10.9s
run39|step1|4.0|none|0.0|1|51|code: alive shape flat ratio 0.693 silent 0.04 resting 0.00 active 0.15 move 1.21 lock 0.00 static 0.266 pr 22.2 | sent 1:0.56 10:0.39 100:0.38 1000:0.37 2000:0.39 | 12.4s
run39|step1|4.0|none|0.5|1|51|code: alive shape flat ratio 0.722 silent 0.24 resting 0.00 active 0.15 move 0.375 lock 0.00 static 0.473 pr 16.0 | sent 1:0.56 10:0.4 100:0.36 1000:0.39 2000:0.41 | 13.4s
run39|step1|4.0|none|0.5|1|51|leak: alive shape flat ratio 0.802 silent 0.23 resting 0.00 active 0.15 move 0.388 lock 0.00 static 0.486 pr 16.4 | sent 1:0.52 10:0.41 100:0.38 1000:0.41 2000:0.42 | 13.9s
run39|step1|4.0|none|0.5|1|50|code: alive shape flat ratio 0.726 silent 0.24 resting 0.00 active 0.16 move 0.361 lock 0.00 static 0.505 pr 15.5 | sent 1:0.57 10:0.44 100:0.42 1000:0.43 2000:0.41 | 16.5s
run39|step1|4.0|none|0.0|0|50|code: alive shape flat ratio 1.06 silent 0.10 resting 0.00 active 0.42 move 0.741 lock 0.00 static 0.722 pr 20.9 | sent 1:0.61 10:0.65 100:0.65 1000:0.66 2000:0.65 | 17.9s
run39|step1|4.0|none|0.5|0|50|code: alive shape flat ratio 1.11 silent 0.24 resting 0.00 active 0.46 move 0.174 lock 0.00 static 0.875 pr 13.4 | sent 1:0.61 10:0.69 100:0.68 1000:0.68 2000:0.68 | 18.7s
run39|step1|4.0|none|0.9|0|50|code: alive shape flat ratio 1.14 silent 0.35 resting 0.00 active 0.49 move 0.0248 lock 0.00 static 0.906 pr 5.8 | sent 1:0.61 10:0.7 100:0.7 1000:0.69 2000:0.7 | 18.7s
run39|step1|4.0|none|0.9|1|50|code: alive shape flat ratio 0.719 silent 0.54 resting 0.00 active 0.16 move 0.0579 lock 0.00 static 0.604 pr 6.7 | sent 1:0.57 10:0.5 100:0.41 1000:0.41 2000:0.41 | 19.4s
run39|step1|4.0|none|0.9|0|51|code: alive shape flat ratio 1.14 silent 0.37 resting 0.00 active 0.48 move 0.0245 lock 0.00 static 0.915 pr 6.2 | sent 1:0.61 10:0.68 100:0.69 1000:0.69 2000:0.69 | 19.4s
run39|step1|4.0|none|0.9|1|51|code: alive shape flat ratio 0.678 silent 0.59 resting 0.00 active 0.15 move 0.0518 lock 0.00 static 0.605 pr 6.4 | sent 1:0.56 10:0.47 100:0.39 1000:0.39 2000:0.38 | 19.6s
run39|step1|4.0|none|0.9|1|50|leak: alive shape flat ratio 0.993 silent 0.55 resting 0.00 active 0.16 move 0.0558 lock 0.00 static 0.543 pr 6.4 | sent 1:0.42 10:0.47 100:0.42 1000:0.41 2000:0.41 | 12.9s
run39|step1|4.0|none|0.5|0|50|leak: alive shape flat ratio 1.19 silent 0.25 resting 0.00 active 0.42 move 0.191 lock 0.00 static 0.860 pr 14.4 | sent 1:0.54 10:0.65 100:0.65 1000:0.65 2000:0.65 | 23.1s
run39|step1|4.0|none|0.9|1|51|leak: alive shape flat ratio 0.981 silent 0.55 resting 0.00 active 0.15 move 0.0562 lock 0.00 static 0.530 pr 5.8 | sent 1:0.41 10:0.47 100:0.38 1000:0.39 2000:0.4 | 13.0s
run39|step1|4.0|none|0.5|0|51|leak: alive shape flat ratio 1.14 silent 0.26 resting 0.00 active 0.41 move 0.19 lock 0.00 static 0.855 pr 14.2 | sent 1:0.55 10:0.64 100:0.63 1000:0.63 2000:0.62 | 23.4s
run39|step1|4.0|none|0.9|0|50|leak: alive shape flat ratio 1.58 silent 0.39 resting 0.00 active 0.42 move 0.028 lock 0.00 static 0.888 pr 6.2 | sent 1:0.41 10:0.57 100:0.65 1000:0.66 2000:0.65 | 12.5s
run39|step1|4.0|none|0.5|1|50|leak: alive shape flat ratio 0.847 silent 0.23 resting 0.00 active 0.16 move 0.371 lock 0.00 static 0.475 pr 15.5 | sent 1:0.51 10:0.43 100:0.41 1000:0.38 2000:0.44 | 24.0s
run39|step1|4.0|kp1|0.0|1|51|code: alive shape flat ratio 0.714 silent 0.03 resting 0.00 active 0.15 move 1.22 lock 0.00 static 0.269 pr 22.3 | sent 1:0.56 10:0.38 100:0.41 1000:0.42 2000:0.4 | 10.6s
run39|step1|4.0|none|0.9|0|51|leak: alive shape flat ratio 1.57 silent 0.39 resting 0.00 active 0.41 move 0.0298 lock 0.00 static 0.886 pr 6.4 | sent 1:0.41 10:0.57 100:0.63 1000:0.64 2000:0.65 | 12.6s
run39|step1|4.0|kp1|0.0|0|50|code: alive shape flat ratio 1.06 silent 0.11 resting 0.00 active 0.43 move 0.742 lock 0.00 static 0.721 pr 20.9 | sent 1:0.62 10:0.65 100:0.66 1000:0.66 2000:0.66 | 10.1s
run39|step1|4.0|kp1|0.0|1|50|code: alive shape flat ratio 0.726 silent 0.04 resting 0.00 active 0.16 move 1.22 lock 0.00 static 0.270 pr 21.7 | sent 1:0.57 10:0.37 100:0.38 1000:0.4 2000:0.42 | 17.4s
run39|step1|4.0|kp1|0.9|0|51|code: alive shape flat ratio 1.15 silent 0.36 resting 0.00 active 0.48 move 0.0257 lock 0.00 static 0.915 pr 6.1 | sent 1:0.61 10:0.68 100:0.69 1000:0.69 2000:0.7 | 10.9s
run39|step1|4.0|kp1|0.9|1|51|code: alive shape flat ratio 0.71 silent 0.56 resting 0.00 active 0.16 move 0.0551 lock 0.00 static 0.541 pr 6.3 | sent 1:0.56 10:0.48 100:0.37 1000:0.39 2000:0.4 | 12.3s
run39|step1|4.0|kp1|0.0|0|51|code: alive shape flat ratio 1.07 silent 0.10 resting 0.00 active 0.41 move 0.764 lock 0.00 static 0.713 pr 21.5 | sent 1:0.61 10:0.63 100:0.64 1000:0.63 2000:0.65 | 18.6s
run39|step1|4.0|kp1|0.5|0|50|code: alive shape flat ratio 1.09 silent 0.24 resting 0.00 active 0.46 move 0.171 lock 0.00 static 0.877 pr 13.8 | sent 1:0.62 10:0.68 100:0.67 1000:0.68 2000:0.68 | 17.8s
run39|step1|4.0|kp1|0.9|1|50|code: alive shape flat ratio 0.678 silent 0.56 resting 0.00 active 0.16 move 0.0556 lock 0.00 static 0.612 pr 6.7 | sent 1:0.57 10:0.51 100:0.4 1000:0.42 2000:0.39 | 17.7s
run39|step1|4.0|kp1|0.9|0|50|code: alive shape flat ratio 1.13 silent 0.35 resting 0.00 active 0.49 move 0.0263 lock 0.00 static 0.909 pr 6.0 | sent 1:0.62 10:0.69 100:0.7 1000:0.7 2000:0.7 | 14.8s
run39|step1|4.0|kp1|0.5|1|51|leak: alive shape flat ratio 0.742 silent 0.22 resting 0.00 active 0.15 move 0.387 lock 0.00 static 0.504 pr 16.1 | sent 1:0.52 10:0.41 100:0.38 1000:0.42 2000:0.39 | 15.1s
run39|step1|4.0|kp1|0.5|1|50|code: alive shape flat ratio 0.691 silent 0.26 resting 0.00 active 0.16 move 0.364 lock 0.00 static 0.487 pr 15.2 | sent 1:0.57 10:0.43 100:0.42 1000:0.4 2000:0.4 | 20.3s
run39|step1|4.0|kp1|0.5|1|50|leak: alive shape flat ratio 0.784 silent 0.22 resting 0.00 active 0.16 move 0.374 lock 0.00 static 0.487 pr 15.6 | sent 1:0.52 10:0.44 100:0.41 1000:0.37 2000:0.41 | 15.9s
run39|step1|4.0|kp1|0.5|1|51|code: alive shape flat ratio 0.685 silent 0.22 resting 0.00 active 0.15 move 0.395 lock 0.00 static 0.465 pr 16.2 | sent 1:0.56 10:0.4 100:0.39 1000:0.38 2000:0.39 | 21.2s
run39|step1|4.0|kp1|0.5|0|51|code: alive shape flat ratio 1.08 silent 0.25 resting 0.00 active 0.45 move 0.175 lock 0.00 static 0.880 pr 14.3 | sent 1:0.61 10:0.66 100:0.68 1000:0.66 2000:0.66 | 20.6s
run39|step1|4.0|kp1|0.5|0|51|leak: alive shape flat ratio 1.15 silent 0.26 resting 0.00 active 0.41 move 0.197 lock 0.00 static 0.867 pr 14.3 | sent 1:0.55 10:0.63 100:0.65 1000:0.63 2000:0.63 | 16.0s
run39|step1|4.0|kp1|0.9|1|50|leak: alive shape flat ratio 0.965 silent 0.54 resting 0.00 active 0.17 move 0.0539 lock 0.00 static 0.630 pr 6.3 | sent 1:0.43 10:0.48 100:0.4 1000:0.43 2000:0.41 | 18.3s
run39|step1|4.0|kp1|0.9|1|51|leak: alive shape flat ratio 0.907 silent 0.55 resting 0.00 active 0.14 move 0.0592 lock 0.00 static 0.571 pr 6.2 | sent 1:0.42 10:0.47 100:0.41 1000:0.39 2000:0.38 | 17.6s
run39|step1|4.0|kp1|0.5|0|50|leak: alive shape flat ratio 1.17 silent 0.25 resting 0.00 active 0.42 move 0.189 lock 0.00 static 0.860 pr 14.0 | sent 1:0.55 10:0.65 100:0.64 1000:0.64 2000:0.64 | 22.0s
run39|step1|4.0|kp1|0.9|0|50|leak: alive shape flat ratio 1.52 silent 0.38 resting 0.00 active 0.42 move 0.0296 lock 0.00 static 0.876 pr 5.9 | sent 1:0.43 10:0.57 100:0.66 1000:0.65 2000:0.65 | 16.3s
run39|step1|16.0|none|0.0|1|50|code: alive shape flat ratio 0.612 silent 0.04 resting 0.00 active 0.16 move 1.21 lock 0.00 static 0.272 pr 21.8 | sent 1:0.63 10:0.38 100:0.41 1000:0.41 2000:0.38 | 15.0s
run39|step1|16.0|none|0.0|0|50|code: alive shape flat ratio 1.02 silent 0.10 resting 0.00 active 0.48 move 0.679 lock 0.00 static 0.774 pr 20.6 | sent 1:0.68 10:0.69 100:0.69 1000:0.69 2000:0.7 | 17.2s
run39|step1|16.0|none|0.0|1|51|code: alive shape flat ratio 0.687 silent 0.04 resting 0.00 active 0.15 move 1.22 lock 0.00 static 0.267 pr 22.3 | sent 1:0.62 10:0.38 100:0.41 1000:0.41 2000:0.43 | 18.4s
run39|step1|16.0|none|0.5|1|50|code: alive shape flat ratio 0.657 silent 0.21 resting 0.00 active 0.16 move 0.385 lock 0.00 static 0.481 pr 15.4 | sent 1:0.63 10:0.44 100:0.42 1000:0.42 2000:0.41 | 17.0s
run39|step1|16.0|none|0.5|0|50|code: alive shape flat ratio 1.04 silent 0.24 resting 0.00 active 0.49 move 0.167 lock 0.00 static 0.886 pr 13.4 | sent 1:0.68 10:0.7 100:0.7 1000:0.71 2000:0.7 | 15.8s
run39|step1|16.0|none|0.0|0|51|code: alive shape flat ratio 1.03 silent 0.11 resting 0.00 active 0.46 move 0.682 lock 0.00 static 0.766 pr 21.0 | sent 1:0.67 10:0.69 100:0.69 1000:0.68 2000:0.69 | 19.4s
run39|step1|16.0|none|0.5|0|51|code: alive shape flat ratio 1.03 silent 0.26 resting 0.00 active 0.47 move 0.166 lock 0.00 static 0.896 pr 13.7 | sent 1:0.67 10:0.69 100:0.69 1000:0.68 2000:0.69 | 17.8s
run39|step1|16.0|none|0.5|1|51|code: alive shape flat ratio 0.648 silent 0.24 resting 0.00 active 0.15 move 0.377 lock 0.00 static 0.477 pr 15.9 | sent 1:0.62 10:0.41 100:0.38 1000:0.41 2000:0.4 | 18.4s
run39|step1|4.0|kp1|0.9|0|51|leak: alive shape flat ratio 1.52 silent 0.40 resting 0.00 active 0.41 move 0.0269 lock 0.00 static 0.875 pr 5.6 | sent 1:0.42 10:0.57 100:0.63 1000:0.64 2000:0.65 | 23.3s
run39|step1|16.0|none|0.9|1|50|code: alive shape flat ratio 0.648 silent 0.56 resting 0.00 active 0.16 move 0.053 lock 0.00 static 0.547 pr 6.0 | sent 1:0.63 10:0.51 100:0.38 1000:0.4 2000:0.41 | 17.3s
run39|step1|16.0|none|0.9|1|51|code: alive shape flat ratio 0.625 silent 0.56 resting 0.00 active 0.15 move 0.0559 lock 0.00 static 0.564 pr 5.6 | sent 1:0.62 10:0.48 100:0.38 1000:0.4 2000:0.39 | 17.8s
run39|step1|16.0|none|0.9|0|50|code: alive shape flat ratio 1.04 silent 0.33 resting 0.00 active 0.49 move 0.0267 lock 0.00 static 0.900 pr 5.4 | sent 1:0.68 10:0.7 100:0.71 1000:0.71 2000:0.71 | 17.8s
run39|step1|16.0|none|0.9|0|51|code: alive shape flat ratio 1.02 silent 0.36 resting 0.00 active 0.49 move 0.0245 lock 0.00 static 0.919 pr 5.6 | sent 1:0.67 10:0.69 100:0.69 1000:0.69 2000:0.69 | 18.5s
run39|step1|16.0|none|0.5|1|51|leak: alive shape flat ratio 0.65 silent 0.23 resting 0.00 active 0.15 move 0.38 lock 0.00 static 0.481 pr 15.7 | sent 1:0.6 10:0.38 100:0.38 1000:0.37 2000:0.39 | 17.0s
run39|step1|16.0|none|0.5|1|50|leak: alive shape flat ratio 0.654 silent 0.26 resting 0.00 active 0.16 move 0.362 lock 0.00 static 0.500 pr 15.1 | sent 1:0.6 10:0.45 100:0.42 1000:0.41 2000:0.39 | 25.0s
run39|step1|16.0|none|0.5|0|50|leak: alive shape flat ratio 1.07 silent 0.24 resting 0.00 active 0.48 move 0.17 lock 0.00 static 0.880 pr 13.2 | sent 1:0.66 10:0.69 100:0.7 1000:0.69 2000:0.7 | 24.4s
run39|step1|16.0|kp1|0.5|1|51|code: alive shape flat ratio 0.687 silent 0.24 resting 0.00 active 0.15 move 0.368 lock 0.00 static 0.457 pr 15.6 | sent 1:0.62 10:0.41 100:0.36 1000:0.38 2000:0.42 | 14.0s
run39|step1|16.0|kp1|0.0|1|51|code: alive shape flat ratio 0.581 silent 0.04 resting 0.00 active 0.15 move 1.21 lock 0.00 static 0.264 pr 22.2 | sent 1:0.62 10:0.39 100:0.42 1000:0.38 2000:0.36 | 14.7s
run39|step1|16.0|kp1|0.5|0|51|code: alive shape flat ratio 1.03 silent 0.26 resting 0.00 active 0.47 move 0.165 lock 0.00 static 0.895 pr 13.8 | sent 1:0.67 10:0.69 100:0.69 1000:0.69 2000:0.69 | 11.9s
run39|step1|16.0|none|0.5|0|51|leak: alive shape flat ratio 1.04 silent 0.26 resting 0.00 active 0.47 move 0.168 lock 0.00 static 0.890 pr 13.9 | sent 1:0.65 10:0.69 100:0.69 1000:0.68 2000:0.68 | 24.7s
run39|step1|16.0|kp1|0.0|0|51|code: alive shape flat ratio 1.02 silent 0.10 resting 0.00 active 0.46 move 0.693 lock 0.00 static 0.764 pr 21.0 | sent 1:0.67 10:0.68 100:0.68 1000:0.69 2000:0.69 | 18.1s
run39|step1|16.0|none|0.9|0|51|leak: alive shape flat ratio 1.3 silent 0.37 resting 0.00 active 0.46 move 0.0262 lock 0.00 static 0.895 pr 5.3 | sent 1:0.52 10:0.67 100:0.68 1000:0.69 2000:0.68 | 21.0s
run39|step1|16.0|kp1|0.0|0|50|code: alive shape flat ratio 1.02 silent 0.11 resting 0.00 active 0.48 move 0.669 lock 0.00 static 0.776 pr 20.4 | sent 1:0.68 10:0.69 100:0.7 1000:0.71 2000:0.69 | 18.3s
run39|step1|16.0|kp1|0.0|1|50|code: alive shape flat ratio 0.591 silent 0.04 resting 0.00 active 0.16 move 1.22 lock 0.00 static 0.273 pr 21.7 | sent 1:0.63 10:0.39 100:0.42 1000:0.39 2000:0.37 | 19.9s
run39|step1|16.0|kp1|0.5|1|50|code: alive shape flat ratio 0.667 silent 0.23 resting 0.00 active 0.16 move 0.374 lock 0.00 static 0.493 pr 15.4 | sent 1:0.63 10:0.43 100:0.41 1000:0.42 2000:0.42 | 19.4s
run39|step1|16.0|none|0.9|0|50|leak: alive shape flat ratio 1.35 silent 0.33 resting 0.00 active 0.48 move 0.0267 lock 0.00 static 0.888 pr 5.6 | sent 1:0.52 10:0.68 100:0.69 1000:0.69 2000:0.7 | 22.5s
run39|step1|16.0|none|0.9|1|50|leak: alive shape flat ratio 0.825 silent 0.56 resting 0.00 active 0.16 move 0.0551 lock 0.00 static 0.617 pr 6.1 | sent 1:0.5 10:0.52 100:0.42 1000:0.4 2000:0.41 | 23.8s
run39|step1|16.0|kp1|0.5|0|50|code: alive shape flat ratio 1.03 silent 0.23 resting 0.00 active 0.49 move 0.169 lock 0.00 static 0.888 pr 13.8 | sent 1:0.68 10:0.7 100:0.69 1000:0.71 2000:0.7 | 20.5s
run39|step1|16.0|none|0.9|1|51|leak: alive shape flat ratio 0.751 silent 0.55 resting 0.00 active 0.15 move 0.0576 lock 0.00 static 0.558 pr 6.6 | sent 1:0.5 10:0.48 100:0.4 1000:0.38 2000:0.37 | 25.3s
run39|step1|16.0|kp1|0.9|1|50|code: alive shape flat ratio 0.642 silent 0.52 resting 0.00 active 0.17 move 0.0552 lock 0.00 static 0.537 pr 6.0 | sent 1:0.63 10:0.51 100:0.42 1000:0.41 2000:0.4 | 20.2s
run39|step1|16.0|kp1|0.9|1|51|code: alive shape flat ratio 0.644 silent 0.58 resting 0.00 active 0.16 move 0.0539 lock 0.00 static 0.577 pr 6.3 | sent 1:0.62 10:0.49 100:0.39 1000:0.4 2000:0.4 | 17.2s
run39|step1|16.0|kp1|0.9|0|50|code: alive shape flat ratio 1.03 silent 0.33 resting 0.00 active 0.50 move 0.0246 lock 0.00 static 0.906 pr 5.8 | sent 1:0.68 10:0.7 100:0.71 1000:0.7 2000:0.7 | 17.2s
run39|step1|16.0|kp1|0.9|0|51|code: alive shape flat ratio 1.04 silent 0.36 resting 0.00 active 0.49 move 0.0246 lock 0.00 static 0.911 pr 6.0 | sent 1:0.67 10:0.69 100:0.69 1000:0.7 2000:0.7 | 17.6s
run39|step1|16.0|kp1|0.5|0|50|leak: alive shape flat ratio 1.05 silent 0.23 resting 0.00 active 0.48 move 0.171 lock 0.00 static 0.884 pr 13.4 | sent 1:0.66 10:0.7 100:0.7 1000:0.69 2000:0.7 | 17.4s
run39|step2|0.1|none|0.0|0|51|code: dead at step 3 shape decaying ratio 0 silent 1.00 resting 1.00 active 0.00 move 0 | sent 1:0.15 10:0 100:0 1000:0 2000:0 | 13.2s
run39|step2|0.1|none|0.0|1|50|code: dead at step 3 shape decaying ratio 0 silent 1.00 resting 1.00 active 0.00 move 0 | sent 1:0.16 10:0 100:0 1000:0 2000:0 | 16.9s
run39|step1|16.0|kp1|0.9|1|50|leak: alive shape flat ratio 0.821 silent 0.55 resting 0.00 active 0.16 move 0.0551 lock 0.00 static 0.582 pr 6.3 | sent 1:0.51 10:0.51 100:0.4 1000:0.41 2000:0.42 | 18.3s
run39|step2|0.1|none|0.0|1|51|code: dead at step 3 shape decaying ratio 0 silent 1.00 resting 1.00 active 0.00 move 0 | sent 1:0.15 10:0 100:0 1000:0 2000:0 | 18.9s
run39|step1|16.0|kp1|0.5|0|51|leak: alive shape flat ratio 1.04 silent 0.25 resting 0.00 active 0.47 move 0.17 lock 0.00 static 0.884 pr 13.6 | sent 1:0.65 10:0.68 100:0.68 1000:0.69 2000:0.68 | 21.4s
run39|step1|16.0|kp1|0.9|0|50|leak: alive shape flat ratio 1.3 silent 0.36 resting 0.00 active 0.48 move 0.0256 lock 0.00 static 0.918 pr 6.0 | sent 1:0.53 10:0.68 100:0.69 1000:0.69 2000:0.69 | 20.2s
run39|step1|16.0|kp1|0.9|1|51|leak: alive shape flat ratio 0.804 silent 0.56 resting 0.00 active 0.15 move 0.0584 lock 0.00 static 0.566 pr 6.2 | sent 1:0.5 10:0.47 100:0.38 1000:0.39 2000:0.4 | 21.3s
run39|step1|16.0|kp1|0.5|1|50|leak: alive shape flat ratio 0.691 silent 0.25 resting 0.00 active 0.16 move 0.365 lock 0.00 static 0.488 pr 15.2 | sent 1:0.61 10:0.43 100:0.43 1000:0.4 2000:0.42 | 25.2s
run39|step2|0.1|none|0.0|0|50|code: dead at step 3 shape decaying ratio 0 silent 1.00 resting 1.00 active 0.00 move 0 | sent 1:0.16 10:0 100:0 1000:0 2000:0 | 19.0s
run39|step1|16.0|kp1|0.5|1|51|leak: alive shape flat ratio 0.679 silent 0.23 resting 0.00 active 0.15 move 0.386 lock 0.00 static 0.494 pr 16.1 | sent 1:0.6 10:0.4 100:0.4 1000:0.43 2000:0.41 | 24.1s
run39|step1|16.0|kp1|0.9|0|51|leak: alive shape flat ratio 1.26 silent 0.38 resting 0.00 active 0.46 move 0.0254 lock 0.00 static 0.910 pr 6.1 | sent 1:0.53 10:0.67 100:0.69 1000:0.68 2000:0.67 | 23.0s
run39|step2|0.1|none|0.5|1|50|code: dead at step 15 shape decaying ratio 0 silent 1.00 resting 1.00 active 0.00 move 0 | sent 1:0.16 10:0 100:0 1000:0 2000:0 | 19.2s
run39|step2|0.1|none|0.5|0|50|code: dead at step 15 shape decaying ratio 0 silent 1.00 resting 1.00 active 0.00 move 0 | sent 1:0.16 10:0 100:0 1000:0 2000:0 | 15.4s
run39|step2|0.1|none|0.9|1|51|code: dead at step 90 shape decaying ratio 0 silent 1.00 resting 1.00 active 0.00 move 0 | sent 1:0.15 10:0 100:0 1000:0 2000:0 | 13.0s
run39|step2|0.1|none|0.5|1|51|code: dead at step 15 shape decaying ratio 0 silent 1.00 resting 1.00 active 0.00 move 0 | sent 1:0.15 10:0 100:0 1000:0 2000:0 | 21.2s
run39|step2|0.1|none|0.5|0|51|code: dead at step 15 shape decaying ratio 0 silent 1.00 resting 1.00 active 0.00 move 0 | sent 1:0.15 10:0 100:0 1000:0 2000:0 | 19.0s
run39|step2|0.1|none|0.9|1|50|code: dead at step 90 shape decaying ratio 0 silent 1.00 resting 1.00 active 0.00 move 0 | sent 1:0.16 10:0 100:0 1000:0 2000:0 | 19.8s
run39|step2|0.1|none|0.9|0|51|code: dead at step 89 shape decaying ratio 0 silent 1.00 resting 1.00 active 0.00 move 0 | sent 1:0.15 10:0 100:0 1000:0 2000:0 | 19.3s
run39|step2|0.1|none|0.9|0|50|code: dead at step 89 shape decaying ratio 0 silent 1.00 resting 1.00 active 0.00 move 0 | sent 1:0.16 10:0 100:0 1000:0 2000:0 | 20.9s
run39|step2|0.1|none|0.5|1|51|leak: dead at step 15 shape decaying ratio 0 silent 1.00 resting 1.00 active 0.00 move 0 | sent 1:0.15 10:0 100:0 1000:0 2000:0 | 18.9s
run39|step2|0.1|kp1|0.0|0|50|code: cycle period 4 shape decaying ratio 0 silent 1.00 resting 0.94 active 0.00 move 1.46 lock 0.00 static 0.222 pr 2.6 | sent 1:0.16 10:0 100:0 1000:0 2000:0 | 12.1s
run39|step2|0.1|none|0.5|0|51|leak: dead at step 15 shape decaying ratio 0 silent 1.00 resting 1.00 active 0.00 move 0 | sent 1:0.15 10:0 100:0 1000:0 2000:0 | 21.3s
run39|step2|0.1|none|0.9|1|51|leak: dead at step 90 shape decaying ratio 0 silent 1.00 resting 1.00 active 0.00 move 0 | sent 1:0.15 10:0 100:0 1000:0 2000:0 | 21.0s
run39|step2|0.1|none|0.5|1|50|leak: dead at step 15 shape decaying ratio 0 silent 1.00 resting 1.00 active 0.00 move 0 | sent 1:0.16 10:0 100:0 1000:0 2000:0 | 22.1s
run39|step2|0.1|kp1|0.0|1|51|code: cycle period 4 shape decaying ratio 0 silent 1.00 resting 0.94 active 0.00 move 1.4 lock 0.00 static 0.268 pr 2.9 | sent 1:0.15 10:0 100:0 1000:0 2000:0 | 15.1s
run39|step2|0.1|none|0.9|0|50|leak: dead at step 89 shape decaying ratio 0 silent 1.00 resting 1.00 active 0.00 move 0 | sent 1:0.16 10:0 100:0 1000:0 2000:0 | 21.7s
run39|step2|0.1|none|0.5|0|50|leak: dead at step 15 shape decaying ratio 0 silent 1.00 resting 1.00 active 0.00 move 0 | sent 1:0.16 10:0 100:0 1000:0 2000:0 | 23.9s
run39|step2|0.1|none|0.9|1|50|leak: dead at step 90 shape decaying ratio 0 silent 1.00 resting 1.00 active 0.00 move 0 | sent 1:0.16 10:0 100:0 1000:0 2000:0 | 23.8s
run39|step2|0.1|kp1|0.0|1|50|code: cycle period 4 shape decaying ratio 0 silent 1.00 resting 0.94 active 0.00 move 1.46 lock 0.00 static 0.222 pr 2.6 | sent 1:0.16 10:0 100:0 1000:0 2000:0 | 19.0s
run39|step2|0.1|none|0.9|0|51|leak: dead at step 89 shape decaying ratio 0 silent 1.00 resting 1.00 active 0.00 move 0 | sent 1:0.15 10:0 100:0 1000:0 2000:0 | 24.9s
run39|step2|0.1|kp1|0.0|0|51|code: cycle period 4 shape decaying ratio 0 silent 1.00 resting 0.94 active 0.00 move 1.4 lock 0.00 static 0.268 pr 2.9 | sent 1:0.15 10:0 100:0 1000:0 2000:0 | 20.1s
run39|step2|0.1|kp1|0.9|1|50|code: cycle period 4 shape decaying ratio 0 silent 1.00 resting 0.94 active 0.00 move 0.186 lock 0.00 static 0.985 pr 2.5 | sent 1:0.16 10:0 100:0 1000:0 2000:0 | 12.4s
run39|step2|0.1|kp1|0.5|1|50|code: cycle period 4 shape decaying ratio 0 silent 1.00 resting 0.94 active 0.00 move 0.938 lock 0.00 static 0.636 pr 2.6 | sent 1:0.16 10:0 100:0 1000:0 2000:0 | 21.2s
run39|step2|0.1|kp1|0.9|0|51|code: cycle period 4 shape decaying ratio 0 silent 1.00 resting 0.94 active 0.00 move 0.167 lock 0.00 static 0.987 pr 2.7 | sent 1:0.15 10:0 100:0 1000:0 2000:0 | 12.2s
run39|step2|0.1|kp1|0.5|0|50|code: cycle period 4 shape decaying ratio 0 silent 1.00 resting 0.94 active 0.00 move 0.938 lock 0.00 static 0.636 pr 2.6 | sent 1:0.16 10:0 100:0 1000:0 2000:0 | 17.7s
run39|step2|0.1|kp1|0.5|0|51|code: cycle period 4 shape decaying ratio 0 silent 1.00 resting 0.94 active 0.00 move 0.864 lock 0.00 static 0.680 pr 2.7 | sent 1:0.15 10:0 100:0 1000:0 2000:0 | 17.7s
run39|step2|0.1|kp1|0.9|0|50|code: cycle period 4 shape decaying ratio 0 silent 1.00 resting 0.94 active 0.00 move 0.186 lock 0.00 static 0.985 pr 2.5 | sent 1:0.16 10:0 100:0 1000:0 2000:0 | 15.0s
run39|step2|0.1|kp1|0.5|1|51|code: cycle period 4 shape decaying ratio 0 silent 1.00 resting 0.94 active 0.00 move 0.864 lock 0.00 static 0.680 pr 2.7 | sent 1:0.15 10:0 100:0 1000:0 2000:0 | 23.1s
run39|step2|0.1|kp1|0.9|1|51|code: cycle period 4 shape decaying ratio 0 silent 1.00 resting 0.94 active 0.00 move 0.167 lock 0.00 static 0.987 pr 2.7 | sent 1:0.15 10:0 100:0 1000:0 2000:0 | 17.2s
run39|step2|0.1|kp1|0.5|1|50|leak: cycle period 4 shape decaying ratio 0 silent 1.00 resting 0.94 active 0.00 move 0.938 lock 0.00 static 0.636 pr 2.6 | sent 1:0.16 10:0 100:0 1000:0 2000:0 | 19.4s
run39|step2|0.3|none|0.0|1|50|code: dead at step 3 shape decaying ratio 0 silent 1.00 resting 1.00 active 0.00 move 0 | sent 1:0.16 10:0 100:0 1000:0 2000:0 | 13.6s
run39|step2|0.1|kp1|0.5|0|50|leak: cycle period 4 shape decaying ratio 0 silent 1.00 resting 0.94 active 0.00 move 0.938 lock 0.00 static 0.636 pr 2.6 | sent 1:0.16 10:0 100:0 1000:0 2000:0 | 23.5s
run39|step2|0.1|kp1|0.5|0|51|leak: cycle period 4 shape decaying ratio 0 silent 1.00 resting 0.94 active 0.00 move 0.864 lock 0.00 static 0.680 pr 2.7 | sent 1:0.15 10:0 100:0 1000:0 2000:0 | 24.8s
run39|step2|0.1|kp1|0.9|1|50|leak: cycle period 4 shape decaying ratio 0 silent 1.00 resting 0.94 active 0.00 move 0.186 lock 0.00 static 0.985 pr 2.5 | sent 1:0.16 10:0 100:0 1000:0 2000:0 | 24.6s
run39|step2|0.3|none|0.0|0|50|code: dead at step 3 shape decaying ratio 0 silent 1.00 resting 1.00 active 0.00 move 0 | sent 1:0.16 10:0 100:0 1000:0 2000:0 | 14.9s
run39|step2|0.1|kp1|0.5|1|51|leak: cycle period 4 shape decaying ratio 0 silent 1.00 resting 0.94 active 0.00 move 0.864 lock 0.00 static 0.680 pr 2.7 | sent 1:0.15 10:0 100:0 1000:0 2000:0 | 26.9s
run39|step2|0.3|none|0.5|1|50|code: dead at step 15 shape decaying ratio 0 silent 1.00 resting 1.00 active 0.00 move 0 | sent 1:0.16 10:0 100:0 1000:0 2000:0 | 14.3s
run39|step2|0.1|kp1|0.9|0|50|leak: cycle period 4 shape decaying ratio 0 silent 1.00 resting 0.94 active 0.00 move 0.186 lock 0.00 static 0.985 pr 2.5 | sent 1:0.16 10:0 100:0 1000:0 2000:0 | 22.2s
run39|step2|0.1|kp1|0.9|1|51|leak: cycle period 4 shape decaying ratio 0 silent 1.00 resting 0.94 active 0.00 move 0.167 lock 0.00 static 0.987 pr 2.7 | sent 1:0.15 10:0 100:0 1000:0 2000:0 | 26.8s
run39|step2|0.3|none|0.0|0|51|code: dead at step 3 shape decaying ratio 0 silent 1.00 resting 1.00 active 0.00 move 0 | sent 1:0.15 10:0 100:0 1000:0 2000:0 | 17.9s
run39|step2|0.3|none|0.0|1|51|code: dead at step 3 shape decaying ratio 0 silent 1.00 resting 1.00 active 0.00 move 0 | sent 1:0.15 10:0 100:0 1000:0 2000:0 | 20.3s
run39|step2|0.3|none|0.5|0|51|code: dead at step 15 shape decaying ratio 0 silent 1.00 resting 1.00 active 0.00 move 0 | sent 1:0.15 10:0 100:0 1000:0 2000:0 | 17.0s
run39|step2|0.3|none|0.5|1|51|code: dead at step 15 shape decaying ratio 0 silent 1.00 resting 1.00 active 0.00 move 0 | sent 1:0.15 10:0 100:0 1000:0 2000:0 | 18.9s
run39|step2|0.1|kp1|0.9|0|51|leak: cycle period 4 shape decaying ratio 0 silent 1.00 resting 0.94 active 0.00 move 0.167 lock 0.00 static 0.987 pr 2.7 | sent 1:0.15 10:0 100:0 1000:0 2000:0 | 25.4s
run39|step2|0.3|none|0.9|1|50|code: dead at step 90 shape decaying ratio 0 silent 1.00 resting 1.00 active 0.00 move 0 | sent 1:0.16 10:0 100:0 1000:0 2000:0 | 15.2s
run39|step2|0.3|none|0.5|0|50|code: dead at step 15 shape decaying ratio 0 silent 1.00 resting 1.00 active 0.00 move 0 | sent 1:0.16 10:0 100:0 1000:0 2000:0 | 19.0s
run39|step2|0.3|none|0.9|0|50|code: dead at step 89 shape decaying ratio 0 silent 1.00 resting 1.00 active 0.00 move 0 | sent 1:0.16 10:0 100:0 1000:0 2000:0 | 14.0s
run39|step2|0.3|none|0.9|1|51|code: dead at step 90 shape decaying ratio 0 silent 1.00 resting 1.00 active 0.00 move 0 | sent 1:0.15 10:0 100:0 1000:0 2000:0 | 19.9s
run39|step2|0.3|none|0.9|0|51|code: dead at step 89 shape decaying ratio 0 silent 1.00 resting 1.00 active 0.00 move 0 | sent 1:0.15 10:0 100:0 1000:0 2000:0 | 16.2s
run39|step2|0.3|none|0.9|1|51|leak: dead at step 90 shape decaying ratio 0 silent 1.00 resting 1.00 active 0.00 move 0 | sent 1:0.15 10:0 100:0 1000:0 2000:0 | 17.7s
run39|step2|0.3|none|0.5|0|50|leak: dead at step 15 shape decaying ratio 0 silent 1.00 resting 1.00 active 0.00 move 0 | sent 1:0.16 10:0 100:0 1000:0 2000:0 | 19.5s
run39|step2|0.3|none|0.9|1|50|leak: dead at step 90 shape decaying ratio 0 silent 1.00 resting 1.00 active 0.00 move 0 | sent 1:0.16 10:0 100:0 1000:0 2000:0 | 19.2s
run39|step2|0.3|kp1|0.0|1|51|code: cycle period 4 shape decaying ratio 0 silent 1.00 resting 0.94 active 0.00 move 1.4 lock 0.00 static 0.268 pr 2.9 | sent 1:0.14 10:0 100:0 1000:0 2000:0 | 14.8s
run39|step2|0.3|kp1|0.0|0|51|code: cycle period 4 shape decaying ratio 0 silent 1.00 resting 0.94 active 0.00 move 1.4 lock 0.00 static 0.268 pr 2.9 | sent 1:0.15 10:0 100:0 1000:0 2000:0 | 15.0s
run39|step2|0.3|none|0.5|0|51|leak: dead at step 15 shape decaying ratio 0 silent 1.00 resting 1.00 active 0.00 move 0 | sent 1:0.15 10:0 100:0 1000:0 2000:0 | 22.2s
run39|step2|0.3|none|0.5|1|50|leak: dead at step 15 shape decaying ratio 0 silent 1.00 resting 1.00 active 0.00 move 0 | sent 1:0.16 10:0 100:0 1000:0 2000:0 | 23.1s
run39|step2|0.3|kp1|0.0|0|50|code: cycle period 4 shape decaying ratio 0 silent 1.00 resting 0.94 active 0.00 move 1.46 lock 0.00 static 0.222 pr 2.6 | sent 1:0.16 10:0 100:0 1000:0 2000:0 | 15.6s
run39|step2|0.3|kp1|0.0|1|50|code: cycle period 4 shape decaying ratio 0 silent 1.00 resting 0.94 active 0.00 move 1.46 lock 0.00 static 0.222 pr 2.6 | sent 1:0.16 10:0 100:0 1000:0 2000:0 | 18.2s
run39|step2|0.3|none|0.9|0|50|leak: dead at step 89 shape decaying ratio 0 silent 1.00 resting 1.00 active 0.00 move 0 | sent 1:0.16 10:0 100:0 1000:0 2000:0 | 21.7s
run39|step2|0.3|none|0.5|1|51|leak: dead at step 15 shape decaying ratio 0 silent 1.00 resting 1.00 active 0.00 move 0 | sent 1:0.15 10:0 100:0 1000:0 2000:0 | 25.3s
run39|step2|0.3|none|0.9|0|51|leak: dead at step 89 shape decaying ratio 0 silent 1.00 resting 1.00 active 0.00 move 0 | sent 1:0.15 10:0 100:0 1000:0 2000:0 | 24.9s
run39|step2|0.3|kp1|0.5|1|51|code: cycle period 4 shape decaying ratio 0 silent 1.00 resting 0.94 active 0.00 move 0.864 lock 0.00 static 0.680 pr 2.7 | sent 1:0.14 10:0 100:0 1000:0 2000:0 | 18.4s
run39|step2|0.3|kp1|0.5|1|50|code: cycle period 4 shape decaying ratio 0 silent 1.00 resting 0.94 active 0.00 move 0.938 lock 0.00 static 0.636 pr 2.6 | sent 1:0.16 10:0 100:0 1000:0 2000:0 | 21.4s
run39|step2|0.3|kp1|0.5|0|51|code: cycle period 4 shape decaying ratio 0 silent 1.00 resting 0.94 active 0.00 move 0.864 lock 0.00 static 0.680 pr 2.7 | sent 1:0.15 10:0 100:0 1000:0 2000:0 | 17.4s
run39|step2|0.3|kp1|0.9|1|51|code: cycle period 4 shape decaying ratio 0 silent 1.00 resting 0.94 active 0.00 move 0.167 lock 0.00 static 0.987 pr 2.7 | sent 1:0.14 10:0 100:0 1000:0 2000:0 | 15.8s
run39|step2|0.3|kp1|0.5|0|50|code: cycle period 4 shape decaying ratio 0 silent 1.00 resting 0.94 active 0.00 move 0.938 lock 0.00 static 0.636 pr 2.6 | sent 1:0.16 10:0 100:0 1000:0 2000:0 | 20.6s
run39|step2|0.3|kp1|0.9|0|50|code: cycle period 4 shape decaying ratio 0 silent 1.00 resting 0.94 active 0.00 move 0.186 lock 0.00 static 0.985 pr 2.5 | sent 1:0.16 10:0 100:0 1000:0 2000:0 | 19.0s
run39|step2|0.3|kp1|0.9|1|50|code: cycle period 4 shape decaying ratio 0 silent 1.00 resting 0.94 active 0.00 move 0.186 lock 0.00 static 0.985 pr 2.5 | sent 1:0.16 10:0 100:0 1000:0 2000:0 | 21.9s
run39|step2|0.3|kp1|0.5|0|51|leak: cycle period 4 shape decaying ratio 0 silent 1.00 resting 0.94 active 0.00 move 0.864 lock 0.00 static 0.680 pr 2.7 | sent 1:0.15 10:0 100:0 1000:0 2000:0 | 18.9s
run39|step2|0.3|kp1|0.9|0|51|code: cycle period 4 shape decaying ratio 0 silent 1.00 resting 0.94 active 0.00 move 0.167 lock 0.00 static 0.987 pr 2.7 | sent 1:0.15 10:0 100:0 1000:0 2000:0 | 21.0s
run39|step2|1.0|none|0.0|1|50|code: dead at step 3 shape decaying ratio 0 silent 1.00 resting 1.00 active 0.00 move 0 | sent 1:0.16 10:0 100:0 1000:0 2000:0 | 14.1s
run39|step2|0.3|kp1|0.9|0|50|leak: cycle period 4 shape decaying ratio 0 silent 1.00 resting 0.94 active 0.00 move 0.186 lock 0.00 static 0.985 pr 2.5 | sent 1:0.16 10:0 100:0 1000:0 2000:0 | 19.6s
run39|step2|0.3|kp1|0.5|1|51|leak: cycle period 4 shape decaying ratio 0 silent 1.00 resting 0.94 active 0.00 move 0.864 lock 0.00 static 0.680 pr 2.7 | sent 1:0.15 10:0 100:0 1000:0 2000:0 | 23.7s
run39|step2|0.3|kp1|0.5|1|50|leak: cycle period 4 shape decaying ratio 0 silent 1.00 resting 0.94 active 0.00 move 0.938 lock 0.00 static 0.636 pr 2.6 | sent 1:0.16 10:0 100:0 1000:0 2000:0 | 24.4s
run39|step2|0.3|kp1|0.9|1|51|leak: cycle period 4 shape decaying ratio 0 silent 1.00 resting 0.94 active 0.00 move 0.167 lock 0.00 static 0.987 pr 2.7 | sent 1:0.15 10:0 100:0 1000:0 2000:0 | 22.9s
run39|step2|0.3|kp1|0.5|0|50|leak: cycle period 4 shape decaying ratio 0 silent 1.00 resting 0.94 active 0.00 move 0.938 lock 0.00 static 0.636 pr 2.6 | sent 1:0.16 10:0 100:0 1000:0 2000:0 | 25.3s
run39|step2|0.3|kp1|0.9|1|50|leak: cycle period 4 shape decaying ratio 0 silent 1.00 resting 0.94 active 0.00 move 0.186 lock 0.00 static 0.985 pr 2.5 | sent 1:0.16 10:0 100:0 1000:0 2000:0 | 24.1s
run39|step2|1.0|none|0.0|1|51|code: dead at step 3 shape decaying ratio 0 silent 1.00 resting 1.00 active 0.00 move 0 | sent 1:0.17 10:0 100:0 1000:0 2000:0 | 20.4s
run39|step2|0.3|kp1|0.9|0|51|leak: cycle period 4 shape decaying ratio 0 silent 1.00 resting 0.94 active 0.00 move 0.167 lock 0.00 static 0.987 pr 2.7 | sent 1:0.15 10:0 100:0 1000:0 2000:0 | 23.1s
run39|step2|1.0|none|0.0|0|50|code: dead at step 3 shape decaying ratio 0 silent 1.00 resting 1.00 active 0.00 move 0 | sent 1:0.17 10:0 100:0 1000:0 2000:0 | 19.5s
run39|step2|1.0|none|0.0|0|51|code: dead at step 3 shape decaying ratio 0 silent 1.00 resting 1.00 active 0.00 move 0 | sent 1:0.18 10:0 100:0 1000:0 2000:0 | 19.9s
run39|step2|1.0|none|0.9|1|51|code: dead at step 451 shape decaying ratio 0 silent 1.00 resting 1.00 active 0.00 move 0 | sent 1:0.17 10:0.28 100:0.16 1000:0 2000:0 | 13.3s
run39|step2|1.0|none|0.5|1|50|code: dead at step 15 shape decaying ratio 0 silent 1.00 resting 1.00 active 0.00 move 0 | sent 1:0.16 10:0 100:0 1000:0 2000:0 | 21.0s
run39|step2|1.0|none|0.9|0|51|code: alive shape flat ratio 3.56 silent 0.42 resting 0.00 active 0.42 move 0.0254 lock 0.00 static 0.889 pr 5.9 | sent 1:0.18 10:0.5 100:0.65 1000:0.66 2000:0.65 | 13.1s
run39|step2|1.0|none|0.5|0|51|code: dead at step 15 shape decaying ratio 0 silent 1.00 resting 1.00 active 0.00 move 0 | sent 1:0.18 10:0 100:0 1000:0 2000:0 | 18.5s
run39|step2|1.0|none|0.5|0|50|code: dead at step 15 shape decaying ratio 0 silent 1.00 resting 1.00 active 0.00 move 0 | sent 1:0.17 10:0 100:0 1000:0 2000:0 | 20.4s
run39|step2|1.0|none|0.5|1|51|code: dead at step 15 shape decaying ratio 0 silent 1.00 resting 1.00 active 0.00 move 0 | sent 1:0.17 10:0 100:0 1000:0 2000:0 | 23.0s
run39|step2|1.0|none|0.9|0|50|code: alive shape flat ratio 3.98 silent 0.37 resting 0.00 active 0.44 move 0.0277 lock 0.00 static 0.879 pr 5.2 | sent 1:0.17 10:0.53 100:0.66 1000:0.65 2000:0.66 | 18.0s
run39|step2|1.0|none|0.9|1|50|code: dead at step 297 shape decaying ratio 0 silent 1.00 resting 1.00 active 0.00 move 0 | sent 1:0.16 10:0.26 100:0.22 1000:0 2000:0 | 20.9s
run39|step2|1.0|none|0.5|0|50|leak: dead at step 15 shape decaying ratio 0 silent 1.00 resting 1.00 active 0.00 move 0 | sent 1:0.16 10:0 100:0 1000:0 2000:0 | 20.2s
run39|step2|1.0|kp1|0.0|1|50|code: cycle period 4 shape decaying ratio 0 silent 1.00 resting 0.94 active 0.00 move 1.46 lock 0.00 static 0.222 pr 2.6 | sent 1:0.17 10:0 100:0 1000:0 2000:0 | 12.3s
run39|step2|1.0|none|0.9|1|50|leak: dead at step 90 shape decaying ratio 0 silent 1.00 resting 1.00 active 0.00 move 0 | sent 1:0.16 10:0 100:0 1000:0 2000:0 | 19.9s
run39|step2|1.0|none|0.9|0|50|leak: dead at step 89 shape decaying ratio 0 silent 1.00 resting 1.00 active 0.00 move 0 | sent 1:0.16 10:0 100:0 1000:0 2000:0 | 18.0s
run39|step2|1.0|none|0.5|1|50|leak: dead at step 15 shape decaying ratio 0 silent 1.00 resting 1.00 active 0.00 move 0 | sent 1:0.16 10:0 100:0 1000:0 2000:0 | 25.3s
run39|step2|1.0|none|0.9|0|51|leak: dead at step 89 shape decaying ratio 0 silent 1.00 resting 1.00 active 0.00 move 0 | sent 1:0.15 10:0 100:0 1000:0 2000:0 | 17.5s
run39|step2|1.0|none|0.5|1|51|leak: dead at step 15 shape decaying ratio 0 silent 1.00 resting 1.00 active 0.00 move 0 | sent 1:0.15 10:0 100:0 1000:0 2000:0 | 25.4s
run39|step2|1.0|none|0.5|0|51|leak: dead at step 15 shape decaying ratio 0 silent 1.00 resting 1.00 active 0.00 move 0 | sent 1:0.15 10:0 100:0 1000:0 2000:0 | 24.9s
run39|step2|1.0|kp1|0.0|0|51|code: cycle period 4 shape decaying ratio 0 silent 1.00 resting 0.94 active 0.00 move 1.4 lock 0.00 static 0.268 pr 2.9 | sent 1:0.19 10:0 100:0 1000:0 2000:0 | 15.8s
run39|step2|1.0|kp1|0.5|0|51|code: cycle period 4 shape decaying ratio 0 silent 1.00 resting 0.94 active 0.00 move 0.864 lock 0.00 static 0.680 pr 2.7 | sent 1:0.19 10:0 100:0 1000:0 2000:0 | 13.0s
run39|step2|1.0|kp1|0.5|1|50|code: cycle period 4 shape decaying ratio 0 silent 1.00 resting 0.94 active 0.00 move 0.938 lock 0.00 static 0.636 pr 2.6 | sent 1:0.17 10:0 100:0 1000:0 2000:0 | 14.8s
run39|step2|1.0|kp1|0.0|1|51|code: cycle period 4 shape decaying ratio 0 silent 1.00 resting 0.94 active 0.00 move 1.4 lock 0.00 static 0.268 pr 2.9 | sent 1:0.18 10:0 100:0 1000:0 2000:0 | 19.9s
run39|step2|1.0|none|0.9|1|51|leak: dead at step 90 shape decaying ratio 0 silent 1.00 resting 1.00 active 0.00 move 0 | sent 1:0.15 10:0 100:0 1000:0 2000:0 | 25.3s
run39|step2|1.0|kp1|0.9|1|50|code: alive shape flat ratio 0.516 silent 0.75 resting 0.00 active 0.02 move 0.126 lock 0.00 static 0.193 pr 8.0 | sent 1:0.17 10:0.25 100:0.24 1000:0.051 2000:0.087 | 11.0s
run39|step2|1.0|kp1|0.0|0|50|code: cycle period 4 shape decaying ratio 0 silent 1.00 resting 0.94 active 0.00 move 1.46 lock 0.00 static 0.222 pr 2.6 | sent 1:0.17 10:0 100:0 1000:0 2000:0 | 19.4s
run39|step2|1.0|kp1|0.9|0|50|code: alive shape flat ratio 3.82 silent 0.37 resting 0.00 active 0.44 move 0.0274 lock 0.00 static 0.882 pr 5.7 | sent 1:0.17 10:0.52 100:0.67 1000:0.66 2000:0.66 | 10.6s
run39|step2|1.0|kp1|0.9|0|51|code: alive shape flat ratio 3.43 silent 0.40 resting 0.00 active 0.42 move 0.0268 lock 0.00 static 0.900 pr 5.9 | sent 1:0.19 10:0.52 100:0.65 1000:0.65 2000:0.66 | 10.7s
run39|step2|1.0|kp1|0.5|1|51|code: cycle period 4 shape decaying ratio 0 silent 1.00 resting 0.94 active 0.00 move 0.864 lock 0.00 static 0.680 pr 2.7 | sent 1:0.18 10:0 100:0 1000:0 2000:0 | 20.0s
run39|step2|1.0|kp1|0.5|0|50|code: cycle period 4 shape decaying ratio 0 silent 1.00 resting 0.94 active 0.00 move 0.938 lock 0.00 static 0.636 pr 2.6 | sent 1:0.17 10:0 100:0 1000:0 2000:0 | 20.2s
run39|step2|1.0|kp1|0.9|1|51|code: alive shape flat ratio 0.874 silent 0.79 resting 0.00 active 0.02 move 0.112 lock 0.00 static 0.177 pr 8.5 | sent 1:0.18 10:0.3 100:0.26 1000:0.15 2000:0.16 | 14.4s
run39|step2|1.0|kp1|0.5|0|51|leak: cycle period 4 shape decaying ratio 0 silent 1.00 resting 0.94 active 0.00 move 0.864 lock 0.00 static 0.680 pr 2.7 | sent 1:0.17 10:0 100:0 1000:0 2000:0 | 19.3s
run39|step2|1.0|kp1|0.9|0|51|leak: cycle period 4 shape decaying ratio 0 silent 1.00 resting 0.94 active 0.00 move 0.167 lock 0.00 static 0.987 pr 2.7 | sent 1:0.16 10:0 100:0 1000:0 2000:0 | 15.7s
run39|step2|1.0|kp1|0.5|1|50|leak: cycle period 4 shape decaying ratio 0 silent 1.00 resting 0.94 active 0.00 move 0.938 lock 0.00 static 0.636 pr 2.6 | sent 1:0.16 10:0 100:0 1000:0 2000:0 | 21.3s
run39|step2|1.0|kp1|0.9|1|51|leak: cycle period 4 shape decaying ratio 0 silent 1.00 resting 0.94 active 0.00 move 0.167 lock 0.00 static 0.987 pr 2.7 | sent 1:0.16 10:0 100:0 1000:0 2000:0 | 17.2s
run39|step2|2.0|none|0.0|1|50|code: dead at step 5 shape decaying ratio 0 silent 1.00 resting 1.00 active 0.00 move 0 | sent 1:0.19 10:0 100:0 1000:0 2000:0 | 17.4s
run39|step2|2.0|none|0.0|0|51|code: dead at step 6 shape decaying ratio 0 silent 1.00 resting 1.00 active 0.00 move 0 | sent 1:0.25 10:0 100:0 1000:0 2000:0 | 14.6s
run39|step2|1.0|kp1|0.9|1|50|leak: cycle period 4 shape decaying ratio 0 silent 1.00 resting 0.94 active 0.00 move 0.186 lock 0.00 static 0.985 pr 2.5 | sent 1:0.17 10:0 100:0 1000:0 2000:0 | 19.2s
run39|step2|2.0|none|0.0|0|50|code: dead at step 5 shape decaying ratio 0 silent 1.00 resting 1.00 active 0.00 move 0 | sent 1:0.21 10:0 100:0 1000:0 2000:0 | 16.3s
run39|step2|1.0|kp1|0.5|1|51|leak: cycle period 4 shape decaying ratio 0 silent 1.00 resting 0.94 active 0.00 move 0.864 lock 0.00 static 0.680 pr 2.7 | sent 1:0.16 10:0 100:0 1000:0 2000:0 | 23.0s
run39|step2|2.0|none|0.5|1|50|code: dead at step 18 shape decaying ratio 0 silent 1.00 resting 1.00 active 0.00 move 0 | sent 1:0.19 10:0 100:0 1000:0 2000:0 | 15.2s
run39|step2|1.0|kp1|0.5|0|50|leak: cycle period 4 shape decaying ratio 0 silent 1.00 resting 0.94 active 0.00 move 0.938 lock 0.00 static 0.636 pr 2.6 | sent 1:0.16 10:0 100:0 1000:0 2000:0 | 23.9s
run39|step2|1.0|kp1|0.9|0|50|leak: cycle period 4 shape decaying ratio 0 silent 1.00 resting 0.94 active 0.00 move 0.186 lock 0.00 static 0.985 pr 2.5 | sent 1:0.17 10:0 100:0 1000:0 2000:0 | 20.1s
run39|step2|2.0|none|0.0|1|51|code: dead at step 5 shape decaying ratio 0 silent 1.00 resting 1.00 active 0.00 move 0 | sent 1:0.22 10:0 100:0 1000:0 2000:0 | 19.0s
run39|step2|2.0|none|0.5|0|51|code: alive shape flat ratio 2.3 silent 0.26 resting 0.00 active 0.32 move 0.234 lock 0.00 static 0.772 pr 15.1 | sent 1:0.25 10:0.51 100:0.55 1000:0.57 2000:0.57 | 15.9s
run39|step2|2.0|none|0.5|0|50|code: alive shape flat ratio 2.81 silent 0.29 resting 0.00 active 0.34 move 0.216 lock 0.00 static 0.799 pr 14.1 | sent 1:0.21 10:0.26 100:0.59 1000:0.58 2000:0.58 | 18.0s
run39|step2|2.0|none|0.5|1|51|code: dead at step 20 shape decaying ratio 0 silent 1.00 resting 1.00 active 0.00 move 0 | sent 1:0.22 10:0 100:0 1000:0 2000:0 | 21.0s
run39|step2|2.0|none|0.9|0|50|code: alive shape flat ratio 3.31 silent 0.36 resting 0.00 active 0.46 move 0.0262 lock 0.00 static 0.884 pr 5.7 | sent 1:0.21 10:0.66 100:0.69 1000:0.68 2000:0.68 | 17.2s
run39|step2|2.0|none|0.9|1|50|code: dead at step 123 shape decaying ratio 0 silent 1.00 resting 1.00 active 0.00 move 0 | sent 1:0.19 10:0.29 100:0 1000:0 2000:0 | 18.3s
run39|step2|2.0|none|0.9|0|51|code: alive shape flat ratio 2.68 silent 0.38 resting 0.00 active 0.45 move 0.0265 lock 0.00 static 0.892 pr 5.6 | sent 1:0.25 10:0.64 100:0.69 1000:0.68 2000:0.66 | 17.6s
run39|step2|2.0|none|0.9|1|51|code: dead at step 856 shape decaying ratio 0 silent 1.00 resting 1.00 active 0.00 move 0 | sent 1:0.22 10:0.28 100:0.18 1000:0 2000:0 | 20.8s
run39|step2|2.0|none|0.5|0|50|leak: dead at step 15 shape decaying ratio 0 silent 1.00 resting 1.00 active 0.00 move 0 | sent 1:0.17 10:0 100:0 1000:0 2000:0 | 22.1s
run39|step2|2.0|none|0.5|1|50|leak: dead at step 15 shape decaying ratio 0 silent 1.00 resting 1.00 active 0.00 move 0 | sent 1:0.16 10:0 100:0 1000:0 2000:0 | 24.0s
run39|step2|2.0|none|0.9|1|51|leak: dead at step 90 shape decaying ratio 0 silent 1.00 resting 1.00 active 0.00 move 0 | sent 1:0.15 10:0 100:0 1000:0 2000:0 | 22.0s
run39|step2|2.0|kp1|0.0|1|51|code: cycle period 4 shape decaying ratio 0 silent 1.00 resting 0.94 active 0.00 move 1.4 lock 0.00 static 0.268 pr 2.9 | sent 1:0.23 10:0 100:0 1000:0 2000:0 | 19.5s
run39|step2|2.0|kp1|0.0|1|50|code: cycle period 4 shape decaying ratio 0 silent 1.00 resting 0.94 active 0.00 move 1.46 lock 0.00 static 0.222 pr 2.6 | sent 1:0.2 10:0 100:0 1000:0 2000:0 | 21.1s
run39|step2|2.0|none|0.9|0|51|leak: dead at step 89 shape decaying ratio 0 silent 1.00 resting 1.00 active 0.00 move 0 | sent 1:0.15 10:0 100:0 1000:0 2000:0 | 22.9s
run39|step2|2.0|none|0.5|1|51|leak: dead at step 15 shape decaying ratio 0 silent 1.00 resting 1.00 active 0.00 move 0 | sent 1:0.17 10:0 100:0 1000:0 2000:0 | 26.0s
run39|step2|2.0|none|0.9|0|50|leak: dead at step 89 shape decaying ratio 0 silent 1.00 resting 1.00 active 0.00 move 0 | sent 1:0.16 10:0 100:0 1000:0 2000:0 | 24.2s
run39|step2|2.0|none|0.5|0|51|leak: dead at step 15 shape decaying ratio 0 silent 1.00 resting 1.00 active 0.00 move 0 | sent 1:0.18 10:0 100:0 1000:0 2000:0 | 26.2s
run39|step2|2.0|none|0.9|1|50|leak: dead at step 90 shape decaying ratio 0 silent 1.00 resting 1.00 active 0.00 move 0 | sent 1:0.16 10:0 100:0 1000:0 2000:0 | 26.8s
run39|step2|2.0|kp1|0.0|0|50|code: cycle period 4 shape decaying ratio 0 silent 1.00 resting 0.94 active 0.00 move 1.46 lock 0.00 static 0.222 pr 2.6 | sent 1:0.21 10:0 100:0 1000:0 2000:0 | 21.1s
run39|step2|2.0|kp1|0.0|0|51|code: cycle period 4 shape decaying ratio 0 silent 1.00 resting 0.94 active 0.00 move 1.4 lock 0.00 static 0.268 pr 2.9 | sent 1:0.27 10:0 100:0 1000:0 2000:0 | 21.1s
run39|step2|2.0|kp1|0.5|1|50|code: cycle period 4 shape decaying ratio 0 silent 1.00 resting 0.94 active 0.00 move 0.938 lock 0.00 static 0.636 pr 2.6 | sent 1:0.2 10:0 100:0 1000:0 2000:0 | 20.9s
run39|step2|2.0|kp1|0.5|0|50|code: alive shape flat ratio 2.77 silent 0.28 resting 0.00 active 0.34 move 0.221 lock 0.00 static 0.801 pr 14.5 | sent 1:0.21 10:0.51 100:0.57 1000:0.57 2000:0.59 | 22.0s
run39|step2|2.0|kp1|0.5|0|51|code: alive shape flat ratio 2.06 silent 0.28 resting 0.00 active 0.32 move 0.234 lock 0.00 static 0.797 pr 14.9 | sent 1:0.27 10:0.54 100:0.57 1000:0.57 2000:0.56 | 20.7s
run39|step2|2.0|kp1|0.5|1|51|code: cycle period 4 shape decaying ratio 0 silent 1.00 resting 0.94 active 0.00 move 0.864 lock 0.00 static 0.680 pr 2.7 | sent 1:0.23 10:0 100:0 1000:0 2000:0 | 24.1s
run39|step2|2.0|kp1|0.9|0|50|code: alive shape flat ratio 3.22 silent 0.35 resting 0.00 active 0.47 move 0.027 lock 0.00 static 0.891 pr 5.5 | sent 1:0.21 10:0.66 100:0.68 1000:0.69 2000:0.69 | 21.2s
run39|step2|2.0|kp1|0.9|0|51|code: alive shape flat ratio 2.47 silent 0.38 resting 0.00 active 0.45 move 0.0262 lock 0.00 static 0.909 pr 5.8 | sent 1:0.27 10:0.65 100:0.68 1000:0.68 2000:0.67 | 21.9s
run39|step2|2.0|kp1|0.9|1|50|code: alive shape flat ratio 0.701 silent 0.78 resting 0.00 active 0.02 move 0.116 lock 0.00 static 0.180 pr 8.5 | sent 1:0.2 10:0.29 100:0.16 1000:0.19 2000:0.14 | 24.0s
run39|step2|2.0|kp1|0.9|1|51|code: alive shape flat ratio 0.636 silent 0.83 resting 0.00 active 0.02 move 0.101 lock 0.00 static 0.234 pr 7.7 | sent 1:0.23 10:0.28 100:0.14 1000:0.1 2000:0.15 | 25.7s
run39|step2|2.0|kp1|0.5|1|51|leak: cycle period 4 shape decaying ratio 0 silent 1.00 resting 0.94 active 0.00 move 0.864 lock 0.00 static 0.680 pr 2.7 | sent 1:0.19 10:0 100:0 1000:0 2000:0 | 27.2s
run39|step2|2.0|kp1|0.5|0|51|leak: cycle period 4 shape decaying ratio 0 silent 1.00 resting 0.94 active 0.00 move 0.864 lock 0.00 static 0.680 pr 2.7 | sent 1:0.21 10:0 100:0 1000:0 2000:0 | 26.7s
run39|step2|2.0|kp1|0.5|0|50|leak: cycle period 4 shape decaying ratio 0 silent 1.00 resting 0.94 active 0.00 move 0.938 lock 0.00 static 0.636 pr 2.6 | sent 1:0.17 10:0 100:0 1000:0 2000:0 | 27.7s
run39|step2|2.0|kp1|0.5|1|50|leak: cycle period 4 shape decaying ratio 0 silent 1.00 resting 0.94 active 0.00 move 0.938 lock 0.00 static 0.636 pr 2.6 | sent 1:0.17 10:0 100:0 1000:0 2000:0 | 29.3s
run39|step2|2.0|kp1|0.9|1|50|leak: cycle period 4 shape decaying ratio 0 silent 1.00 resting 0.94 active 0.00 move 0.186 lock 0.00 static 0.985 pr 2.5 | sent 1:0.17 10:0 100:0 1000:0 2000:0 | 28.1s
run39|step2|2.0|kp1|0.9|0|50|leak: cycle period 4 shape decaying ratio 0 silent 1.00 resting 0.94 active 0.00 move 0.186 lock 0.00 static 0.985 pr 2.5 | sent 1:0.17 10:0 100:0 1000:0 2000:0 | 27.6s
run39|step2|4.0|none|0.0|1|50|code: dead at step 9 shape decaying ratio 0 silent 1.00 resting 1.00 active 0.00 move 0 | sent 1:0.29 10:0 100:0 1000:0 2000:0 | 19.9s
run39|step2|2.0|kp1|0.9|0|51|leak: cycle period 4 shape decaying ratio 0 silent 1.00 resting 0.94 active 0.00 move 0.167 lock 0.00 static 0.987 pr 2.7 | sent 1:0.18 10:0.044 100:0 1000:0 2000:0 | 27.6s
run39|step2|2.0|kp1|0.9|1|51|leak: cycle period 4 shape decaying ratio 0 silent 1.00 resting 0.94 active 0.00 move 0.167 lock 0.00 static 0.987 pr 2.7 | sent 1:0.17 10:0.025 100:0 1000:0 2000:0 | 29.9s
run39|step2|4.0|none|0.0|0|50|code: alive shape flat ratio 1.78 silent 0.10 resting 0.00 active 0.34 move 0.863 lock 0.00 static 0.624 pr 21.3 | sent 1:0.32 10:0.59 100:0.59 1000:0.58 2000:0.58 | 22.0s
run39|step2|4.0|none|0.0|1|51|code: dead at step 9 shape decaying ratio 0 silent 1.00 resting 1.00 active 0.00 move 0 | sent 1:0.3 10:0 100:0 1000:0 2000:0 | 23.5s
run39|step2|4.0|none|0.0|0|51|code: alive shape flat ratio 1.58 silent 0.09 resting 0.00 active 0.33 move 0.896 lock 0.00 static 0.606 pr 21.8 | sent 1:0.36 10:0.57 100:0.57 1000:0.57 2000:0.57 | 22.6s
run39|step2|4.0|none|0.5|1|50|code: dead at step 24 shape decaying ratio 0 silent 1.00 resting 1.00 active 0.00 move 0 | sent 1:0.29 10:0 100:0 1000:0 2000:0 | 23.2s
run39|step2|4.0|none|0.5|1|51|code: dead at step 24 shape decaying ratio 0 silent 1.00 resting 1.00 active 0.00 move 0 | sent 1:0.3 10:0.044 100:0 1000:0 2000:0 | 22.6s
run39|step2|4.0|none|0.5|0|50|code: alive shape flat ratio 2.03 silent 0.25 resting 0.00 active 0.42 move 0.184 lock 0.00 static 0.863 pr 13.6 | sent 1:0.32 10:0.65 100:0.66 1000:0.65 2000:0.66 | 25.0s
run39|step2|4.0|none|0.5|0|51|code: alive shape flat ratio 1.77 silent 0.27 resting 0.00 active 0.40 move 0.189 lock 0.00 static 0.861 pr 14.3 | sent 1:0.36 10:0.64 100:0.64 1000:0.63 2000:0.63 | 22.5s
run39|step2|4.0|none|0.9|0|50|code: alive shape flat ratio 2.16 silent 0.35 resting 0.00 active 0.48 move 0.0261 lock 0.00 static 0.912 pr 5.9 | sent 1:0.32 10:0.69 100:0.7 1000:0.7 2000:0.7 | 21.1s
run39|step2|4.0|none|0.9|1|51|code: dead at step 342 shape decaying ratio 0 silent 1.00 resting 1.00 active 0.00 move 0 | sent 1:0.3 10:0.24 100:0.1 1000:0 2000:0 | 23.2s
run39|step2|4.0|none|0.9|1|50|code: dead at step 131 shape decaying ratio 0 silent 1.00 resting 1.00 active 0.00 move 0 | sent 1:0.29 10:0.28 100:0 1000:0 2000:0 | 24.6s
run39|step2|4.0|none|0.9|0|51|code: alive shape flat ratio 1.93 silent 0.36 resting 0.00 active 0.47 move 0.0253 lock 0.00 static 0.912 pr 5.9 | sent 1:0.36 10:0.67 100:0.69 1000:0.68 2000:0.69 | 23.1s
run39|step2|4.0|none|0.5|1|51|leak: dead at step 20 shape decaying ratio 0 silent 1.00 resting 1.00 active 0.00 move 0 | sent 1:0.22 10:0 100:0 1000:0 2000:0 | 28.8s
run39|step2|4.0|none|0.5|0|51|leak: alive shape flat ratio 2.3 silent 0.26 resting 0.00 active 0.32 move 0.234 lock 0.00 static 0.772 pr 15.1 | sent 1:0.25 10:0.51 100:0.55 1000:0.57 2000:0.57 | 27.0s
run39|step2|4.0|none|0.9|1|50|leak: dead at step 91 shape decaying ratio 0 silent 1.00 resting 1.00 active 0.00 move 0 | sent 1:0.16 10:0 100:0 1000:0 2000:0 | 28.4s
run39|step2|4.0|none|0.5|0|50|leak: alive shape flat ratio 2.81 silent 0.29 resting 0.00 active 0.34 move 0.216 lock 0.00 static 0.799 pr 14.1 | sent 1:0.21 10:0.26 100:0.59 1000:0.58 2000:0.58 | 30.3s
run39|step2|4.0|none|0.5|1|50|leak: dead at step 18 shape decaying ratio 0 silent 1.00 resting 1.00 active 0.00 move 0 | sent 1:0.19 10:0 100:0 1000:0 2000:0 | 33.2s
run39|step2|4.0|kp1|0.0|1|50|code: cycle period 20 shape flat ratio 0.47 silent 0.55 resting 0.00 active 0.03 move 1.47 lock 0.00 static 0.081 pr 5.3 | sent 1:0.3 10:0 100:0.14 1000:0.14 2000:0.14 | 22.8s
run39|step2|4.0|none|0.9|0|50|leak: dead at step 90 shape decaying ratio 0 silent 1.00 resting 1.00 active 0.00 move 0 | sent 1:0.16 10:0 100:0 1000:0 2000:0 | 30.3s
run39|step2|4.0|none|0.9|0|51|leak: dead at step 90 shape decaying ratio 0 silent 1.00 resting 1.00 active 0.00 move 0 | sent 1:0.15 10:0 100:0 1000:0 2000:0 | 29.9s
run39|step2|4.0|kp1|0.0|1|51|code: cycle period 4 shape decaying ratio 0 silent 1.00 resting 0.94 active 0.00 move 1.4 lock 0.00 static 0.268 pr 2.9 | sent 1:0.32 10:0 100:0 1000:0 2000:0 | 24.7s
run39|step2|4.0|none|0.9|1|51|leak: dead at step 92 shape decaying ratio 0 silent 1.00 resting 1.00 active 0.00 move 0 | sent 1:0.14 10:0 100:0 1000:0 2000:0 | 32.4s
run39|step2|4.0|kp1|0.0|0|51|code: alive shape flat ratio 1.55 silent 0.09 resting 0.00 active 0.33 move 0.885 lock 0.00 static 0.603 pr 21.8 | sent 1:0.37 10:0.56 100:0.57 1000:0.58 2000:0.57 | 22.2s
run39|step2|4.0|kp1|0.5|1|50|code: alive shape flat ratio 1 silent 0.45 resting 0.00 active 0.03 move 0.88 lock 0.00 static 0.147 pr 5.1 | sent 1:0.3 10:0.025 100:0.062 1000:0 2000:0.31 | 21.0s
run39|step2|4.0|kp1|0.0|0|50|code: alive shape flat ratio 1.73 silent 0.10 resting 0.00 active 0.34 move 0.856 lock 0.00 static 0.613 pr 21.3 | sent 1:0.34 10:0.58 100:0.59 1000:0.58 2000:0.59 | 24.3s
run39|step2|4.0|kp1|0.5|0|50|code: alive shape flat ratio 1.89 silent 0.25 resting 0.00 active 0.42 move 0.188 lock 0.00 static 0.858 pr 14.2 | sent 1:0.34 10:0.66 100:0.65 1000:0.64 2000:0.65 | 23.7s
run39|step2|4.0|kp1|0.5|1|51|code: cycle period 28 shape decaying ratio 0 silent 0.62 resting 0.00 active 0.03 move 0.823 lock 0.00 static 0.190 pr 3.1 | sent 1:0.32 10:0.025 100:0 1000:0 2000:0 | 24.9s
run39|step2|4.0|kp1|0.5|0|51|code: alive shape flat ratio 1.71 silent 0.27 resting 0.00 active 0.41 move 0.191 lock 0.00 static 0.864 pr 14.5 | sent 1:0.37 10:0.63 100:0.64 1000:0.64 2000:0.64 | 23.8s
run39|step2|4.0|kp1|0.9|0|50|code: alive shape flat ratio 2.04 silent 0.37 resting 0.00 active 0.48 move 0.0259 lock 0.00 static 0.904 pr 5.8 | sent 1:0.34 10:0.69 100:0.69 1000:0.7 2000:0.7 | 22.4s
run39|step2|4.0|kp1|0.9|1|50|code: alive shape flat ratio 0.484 silent 0.77 resting 0.00 active 0.02 move 0.126 lock 0.00 static 0.198 pr 8.4 | sent 1:0.3 10:0.27 100:0 1000:0.18 2000:0.15 | 24.7s
run39|step2|4.0|kp1|0.9|1|51|code: alive shape flat ratio 0.566 silent 0.76 resting 0.00 active 0.02 move 0.128 lock 0.00 static 0.198 pr 8.2 | sent 1:0.32 10:0.27 100:0.2 1000:0.17 2000:0.18 | 25.7s
run39|step2|4.0|kp1|0.9|0|51|code: alive shape flat ratio 1.84 silent 0.36 resting 0.00 active 0.47 move 0.0256 lock 0.00 static 0.892 pr 5.3 | sent 1:0.37 10:0.67 100:0.68 1000:0.69 2000:0.68 | 23.4s
run39|step2|4.0|kp1|0.5|1|50|leak: cycle period 4 shape decaying ratio 0 silent 1.00 resting 0.94 active 0.00 move 0.938 lock 0.00 static 0.636 pr 2.6 | sent 1:0.21 10:0 100:0 1000:0 2000:0 | 29.4s
run39|step2|16.0|none|0.0|1|50|code: dead at step 9 shape decaying ratio 0 silent 1.00 resting 1.00 active 0.00 move 0 | sent 1:0.48 10:0 100:0 1000:0 2000:0 | 23.7s
run39|step2|4.0|kp1|0.9|0|51|leak: alive shape flat ratio 2.79 silent 0.46 resting 0.00 active 0.33 move 0.0333 lock 0.00 static 0.807 pr 5.7 | sent 1:0.2 10:0.18 100:0.58 1000:0.57 2000:0.57 | 24.4s
run39|step2|4.0|kp1|0.5|0|51|leak: alive shape flat ratio 2.05 silent 0.27 resting 0.00 active 0.32 move 0.236 lock 0.00 static 0.771 pr 14.9 | sent 1:0.28 10:0.54 100:0.57 1000:0.56 2000:0.57 | 28.7s
run39|step2|4.0|kp1|0.5|1|51|leak: cycle period 4 shape decaying ratio 0 silent 1.00 resting 0.94 active 0.00 move 0.864 lock 0.00 static 0.680 pr 2.7 | sent 1:0.24 10:0 100:0 1000:0 2000:0 | 31.3s
run39|step2|4.0|kp1|0.9|0|50|leak: cycle period 4 shape decaying ratio 0 silent 1.00 resting 0.94 active 0.00 move 0.186 lock 0.00 static 0.985 pr 2.5 | sent 1:0.2 10:0.098 100:0 1000:0 2000:0 | 28.3s
run39|step2|4.0|kp1|0.5|0|50|leak: alive shape flat ratio 2.43 silent 0.29 resting 0.00 active 0.33 move 0.221 lock 0.00 static 0.808 pr 14.1 | sent 1:0.24 10:0.53 100:0.58 1000:0.57 2000:0.57 | 31.3s
run39|step2|4.0|kp1|0.9|1|50|leak: cycle period 4 shape decaying ratio 0 silent 1.00 resting 0.94 active 0.00 move 0.186 lock 0.00 static 0.985 pr 2.5 | sent 1:0.18 10:0 100:0 1000:0 2000:0 | 30.2s
run39|step2|16.0|none|0.0|0|50|code: alive shape flat ratio 1.22 silent 0.10 resting 0.00 active 0.47 move 0.706 lock 0.00 static 0.753 pr 20.6 | sent 1:0.55 10:0.68 100:0.68 1000:0.68 2000:0.67 | 22.9s
run39|step2|16.0|none|0.0|1|51|code: dead at step 8 shape decaying ratio 0 silent 1.00 resting 1.00 active 0.00 move 0 | sent 1:0.49 10:0 100:0 1000:0 2000:0 | 23.9s
run39|step2|4.0|kp1|0.9|1|51|leak: cycle period 4 shape decaying ratio 0 silent 1.00 resting 0.94 active 0.00 move 0.167 lock 0.00 static 0.987 pr 2.7 | sent 1:0.18 10:0.062 100:0 1000:0 2000:0 | 30.5s
run39|step2|16.0|none|0.0|0|51|code: alive shape flat ratio 1.15 silent 0.11 resting 0.00 active 0.45 move 0.708 lock 0.00 static 0.747 pr 21.1 | sent 1:0.58 10:0.66 100:0.67 1000:0.67 2000:0.66 | 23.2s
run39|step2|16.0|none|0.5|1|50|code: dead at step 25 shape decaying ratio 0 silent 1.00 resting 1.00 active 0.00 move 0 | sent 1:0.48 10:0.036 100:0 1000:0 2000:0 | 25.1s
run39|step2|16.0|none|0.5|1|51|code: dead at step 25 shape decaying ratio 0 silent 1.00 resting 1.00 active 0.00 move 0 | sent 1:0.49 10:0 100:0 1000:0 2000:0 | 24.7s
run39|step2|16.0|none|0.5|0|50|code: alive shape flat ratio 1.28 silent 0.24 resting 0.00 active 0.48 move 0.169 lock 0.00 static 0.891 pr 13.8 | sent 1:0.55 10:0.69 100:0.7 1000:0.69 2000:0.71 | 23.9s
run39|step2|16.0|none|0.5|0|51|code: alive shape flat ratio 1.17 silent 0.25 resting 0.00 active 0.46 move 0.167 lock 0.00 static 0.887 pr 13.5 | sent 1:0.58 10:0.68 100:0.69 1000:0.69 2000:0.68 | 24.2s
run39|step2|16.0|none|0.9|0|50|code: alive shape flat ratio 1.28 silent 0.34 resting 0.00 active 0.49 move 0.0251 lock 0.00 static 0.918 pr 6.3 | sent 1:0.55 10:0.71 100:0.71 1000:0.71 2000:0.71 | 19.4s
run39|step2|16.0|none|0.9|1|50|code: dead at step 395 shape decaying ratio 0 silent 1.00 resting 1.00 active 0.00 move 0 | sent 1:0.48 10:0.28 100:0.18 1000:0 2000:0 | 23.8s
run39|step2|16.0|none|0.9|1|51|code: dead at step 176 shape decaying ratio 0 silent 1.00 resting 1.00 active 0.00 move 0 | sent 1:0.49 10:0.24 100:0 1000:0 2000:0 | 23.2s
run39|step2|16.0|none|0.9|0|51|code: alive shape flat ratio 1.19 silent 0.36 resting 0.00 active 0.48 move 0.0241 lock 0.00 static 0.910 pr 5.6 | sent 1:0.58 10:0.68 100:0.68 1000:0.69 2000:0.69 | 22.7s
run39|step2|16.0|none|0.5|0|50|leak: alive shape flat ratio 1.47 silent 0.25 resting 0.00 active 0.46 move 0.174 lock 0.00 static 0.878 pr 13.5 | sent 1:0.46 10:0.68 100:0.68 1000:0.68 2000:0.67 | 26.5s
run39|step2|16.0|none|0.5|1|50|leak: dead at step 24 shape decaying ratio 0 silent 1.00 resting 1.00 active 0.00 move 0 | sent 1:0.39 10:0 100:0 1000:0 2000:0 | 29.3s
run39|step2|16.0|none|0.9|1|50|leak: dead at step 611 shape decaying ratio 0 silent 1.00 resting 1.00 active 0.00 move 0 | sent 1:0.18 10:0.28 100:0.26 1000:0 2000:0 | 28.1s
run39|step2|16.0|none|0.5|1|51|leak: dead at step 24 shape decaying ratio 0 silent 1.00 resting 1.00 active 0.00 move 0 | sent 1:0.42 10:0 100:0 1000:0 2000:0 | 29.8s
run39|step2|16.0|none|0.5|0|51|leak: alive shape flat ratio 1.36 silent 0.25 resting 0.00 active 0.44 move 0.173 lock 0.00 static 0.878 pr 13.9 | sent 1:0.5 10:0.66 100:0.66 1000:0.66 2000:0.67 | 28.2s
run39|step2|16.0|none|0.9|0|51|leak: alive shape flat ratio 3.05 silent 0.40 resting 0.00 active 0.45 move 0.0257 lock 0.00 static 0.906 pr 5.8 | sent 1:0.22 10:0.62 100:0.66 1000:0.66 2000:0.68 | 27.9s
run39|step2|16.0|none|0.9|1|51|leak: dead at step 466 shape decaying ratio 0 silent 1.00 resting 1.00 active 0.00 move 0 | sent 1:0.21 10:0.3 100:0.14 1000:0 2000:0 | 30.3s
run39|step2|16.0|none|0.9|0|50|leak: alive shape flat ratio 3.53 silent 0.38 resting 0.00 active 0.46 move 0.0263 lock 0.00 static 0.887 pr 5.6 | sent 1:0.19 10:0.64 100:0.68 1000:0.68 2000:0.68 | 29.6s
run39|step2|16.0|kp1|0.0|1|50|code: alive shape flat ratio 0.382 silent 0.18 resting 0.00 active 0.05 move 1.57 lock 0.00 static 0.088 pr 4.8 | sent 1:0.48 10:0 100:0.38 1000:0.044 2000:0.18 | 21.2s
run39|step2|16.0|kp1|0.0|0|50|code: alive shape flat ratio 1.2 silent 0.10 resting 0.00 active 0.46 move 0.707 lock 0.00 static 0.755 pr 20.6 | sent 1:0.56 10:0.67 100:0.69 1000:0.69 2000:0.67 | 21.1s
run39|step2|16.0|kp1|0.0|0|51|code: alive shape flat ratio 1.16 silent 0.11 resting 0.00 active 0.45 move 0.711 lock 0.00 static 0.747 pr 21.2 | sent 1:0.58 10:0.66 100:0.68 1000:0.67 2000:0.67 | 21.7s
run39|step2|16.0|kp1|0.0|1|51|code: cycle period 20 shape decaying ratio 0.0518 silent 0.42 resting 0.00 active 0.04 move 1.57 lock 0.00 static 0.083 pr 3.2 | sent 1:0.49 10:0 100:0.025 1000:0.025 2000:0.025 | 24.0s
run39|step2|16.0|kp1|0.5|1|51|code: cycle period 48 shape decaying ratio 0 silent 0.43 resting 0.00 active 0.05 move 0.896 lock 0.00 static 0.175 pr 3.2 | sent 1:0.49 10:0 100:0.1 1000:0 2000:0 | 18.8s
run39|step2|16.0|kp1|0.5|1|50|code: alive shape flat ratio 0.273 silent 0.37 resting 0.00 active 0.05 move 0.923 lock 0.00 static 0.161 pr 3.2 | sent 1:0.48 10:0.036 100:0.42 1000:0 2000:0.13 | 21.1s
run39|step2|16.0|kp1|0.5|0|51|code: alive shape flat ratio 1.18 silent 0.25 resting 0.00 active 0.47 move 0.166 lock 0.00 static 0.889 pr 13.7 | sent 1:0.58 10:0.68 100:0.68 1000:0.68 2000:0.69 | 16.7s
run39|step2|16.0|kp1|0.5|0|50|code: alive shape flat ratio 1.24 silent 0.23 resting 0.00 active 0.48 move 0.17 lock 0.00 static 0.883 pr 14.0 | sent 1:0.56 10:0.7 100:0.69 1000:0.69 2000:0.69 | 19.5s
run39|step2|16.0|kp1|0.9|0|50|code: alive shape flat ratio 1.26 silent 0.35 resting 0.00 active 0.50 move 0.0229 lock 0.00 static 0.914 pr 5.3 | sent 1:0.56 10:0.7 100:0.71 1000:0.7 2000:0.7 | 13.7s
run39|step2|16.0|kp1|0.5|1|51|leak: cycle period 24 shape flat ratio 0.265 silent 0.56 resting 0.00 active 0.04 move 0.859 lock 0.00 static 0.194 pr 3.0 | sent 1:0.43 10:0 100:0.39 1000:0 2000:0.11 | 14.6s
run39|step2|16.0|kp1|0.9|0|50|leak: alive shape flat ratio 2.74 silent 0.38 resting 0.00 active 0.46 move 0.0249 lock 0.00 static 0.898 pr 5.5 | sent 1:0.25 10:0.65 100:0.68 1000:0.68 2000:0.68 | 12.7s
run39|step2|16.0|kp1|0.9|1|50|code: alive shape flat ratio 0.157 silent 0.73 resting 0.00 active 0.02 move 0.133 lock 0.00 static 0.203 pr 8.3 | sent 1:0.48 10:0.27 100:0.16 1000:0.24 2000:0.076 | 20.9s
run39|step2|16.0|kp1|0.9|0|51|code: alive shape flat ratio 1.19 silent 0.38 resting 0.00 active 0.48 move 0.0231 lock 0.00 static 0.921 pr 5.9 | sent 1:0.58 10:0.69 100:0.69 1000:0.7 2000:0.69 | 19.4s
run39|step2|16.0|kp1|0.9|1|51|code: alive shape flat ratio 0.22 silent 0.60 resting 0.00 active 0.03 move 0.154 lock 0.00 static 0.241 pr 7.8 | sent 1:0.49 10:0.25 100:0.17 1000:0.28 2000:0.11 | 20.5s
run39|cstep|0.1|none|0.0|1|50|code: alive shape flat ratio 1.01 silent 0.11 resting 0.00 active 0.50 move 0.639 lock 0.00 static 0.787 pr 20.2 | sent 1:0.7 10:0.7 100:0.7 1000:0.71 2000:0.71 | 11.9s
run39|cstep|0.1|none|0.0|0|50|code: alive shape flat ratio 1.01 silent 0.11 resting 0.00 active 0.50 move 0.639 lock 0.00 static 0.787 pr 20.2 | sent 1:0.7 10:0.7 100:0.7 1000:0.71 2000:0.71 | 11.5s
run39|step2|16.0|kp1|0.5|0|50|leak: alive shape flat ratio 1.41 silent 0.24 resting 0.00 active 0.46 move 0.179 lock 0.00 static 0.876 pr 13.6 | sent 1:0.48 10:0.69 100:0.67 1000:0.68 2000:0.67 | 20.0s
run39|step2|16.0|kp1|0.5|0|51|leak: alive shape flat ratio 1.35 silent 0.25 resting 0.00 active 0.45 move 0.177 lock 0.00 static 0.879 pr 14.2 | sent 1:0.5 10:0.67 100:0.67 1000:0.67 2000:0.68 | 20.0s
run39|step2|16.0|kp1|0.9|0|51|leak: alive shape flat ratio 2.54 silent 0.38 resting 0.00 active 0.44 move 0.0273 lock 0.00 static 0.902 pr 6.3 | sent 1:0.26 10:0.63 100:0.67 1000:0.66 2000:0.67 | 17.3s
run39|step2|16.0|kp1|0.5|1|50|leak: alive shape flat ratio 0.428 silent 0.45 resting 0.00 active 0.05 move 0.901 lock 0.00 static 0.182 pr 3.2 | sent 1:0.4 10:0.025 100:0.42 1000:0 2000:0.17 | 23.9s
run39|cstep|0.1|none|0.5|1|50|code: alive shape flat ratio 0.99 silent 0.24 resting 0.00 active 0.50 move 0.16 lock 0.00 static 0.889 pr 13.2 | sent 1:0.7 10:0.71 100:0.7 1000:0.71 2000:0.7 | 12.1s
run39|step2|16.0|kp1|0.9|1|50|leak: alive shape flat ratio 0.236 silent 0.74 resting 0.00 active 0.02 move 0.151 lock 0.00 static 0.209 pr 7.1 | sent 1:0.21 10:0.3 100:0.22 1000:0.2 2000:0.051 | 24.2s
run39|cstep|0.1|none|0.5|1|51|code: alive shape flat ratio 0.986 silent 0.24 resting 0.00 active 0.50 move 0.157 lock 0.00 static 0.895 pr 13.4 | sent 1:0.71 10:0.7 100:0.71 1000:0.71 2000:0.7 | 12.3s
run39|step2|16.0|kp1|0.9|1|51|leak: alive shape flat ratio 0.5 silent 0.77 resting 0.00 active 0.02 move 0.12 lock 0.00 static 0.187 pr 8.8 | sent 1:0.24 10:0.28 100:0.19 1000:0.2 2000:0.12 | 24.5s
run39|cstep|0.1|none|0.0|1|51|code: alive shape flat ratio 0.996 silent 0.11 resting 0.00 active 0.50 move 0.642 lock 0.00 static 0.800 pr 20.6 | sent 1:0.71 10:0.71 100:0.71 1000:0.7 2000:0.71 | 19.7s
run39|cstep|0.1|none|0.5|0|50|code: alive shape flat ratio 0.99 silent 0.24 resting 0.00 active 0.50 move 0.16 lock 0.00 static 0.889 pr 13.2 | sent 1:0.7 10:0.71 100:0.7 1000:0.71 2000:0.7 | 11.7s
run39|cstep|0.1|none|0.9|0|50|code: alive shape flat ratio 1.01 silent 0.35 resting 0.00 active 0.50 move 0.0237 lock 0.00 static 0.911 pr 5.6 | sent 1:0.7 10:0.7 100:0.71 1000:0.71 2000:0.71 | 11.7s
run39|cstep|0.1|none|0.0|0|51|code: alive shape flat ratio 0.996 silent 0.11 resting 0.00 active 0.50 move 0.642 lock 0.00 static 0.800 pr 20.6 | sent 1:0.71 10:0.71 100:0.71 1000:0.7 2000:0.71 | 21.5s
run39|cstep|0.1|none|0.9|0|51|code: alive shape flat ratio 0.987 silent 0.35 resting 0.00 active 0.49 move 0.0231 lock 0.00 static 0.908 pr 5.7 | sent 1:0.71 10:0.7 100:0.7 1000:0.7 2000:0.7 | 11.8s
run39|cstep|0.1|none|0.5|1|50|leak: alive shape flat ratio 1.01 silent 0.24 resting 0.00 active 0.50 move 0.162 lock 0.00 static 0.894 pr 13.4 | sent 1:0.7 10:0.7 100:0.7 1000:0.71 2000:0.71 | 14.7s
run39|cstep|0.1|none|0.5|1|51|leak: alive shape flat ratio 0.992 silent 0.24 resting 0.00 active 0.50 move 0.16 lock 0.00 static 0.899 pr 13.6 | sent 1:0.71 10:0.7 100:0.7 1000:0.7 2000:0.71 | 14.8s
run39|cstep|0.1|none|0.9|1|50|leak: alive shape flat ratio 1.01 silent 0.35 resting 0.00 active 0.50 move 0.0236 lock 0.00 static 0.917 pr 5.9 | sent 1:0.7 10:0.7 100:0.71 1000:0.7 2000:0.71 | 14.6s
run39|cstep|0.1|none|0.5|0|51|code: alive shape flat ratio 0.986 silent 0.24 resting 0.00 active 0.50 move 0.157 lock 0.00 static 0.895 pr 13.4 | sent 1:0.71 10:0.7 100:0.71 1000:0.71 2000:0.7 | 22.0s
run39|cstep|0.1|none|0.9|0|50|leak: alive shape flat ratio 1.01 silent 0.35 resting 0.00 active 0.50 move 0.0236 lock 0.00 static 0.917 pr 5.9 | sent 1:0.7 10:0.7 100:0.71 1000:0.7 2000:0.71 | 14.1s
run39|cstep|0.1|kp1|0.0|1|51|code: alive shape flat ratio 0.992 silent 0.11 resting 0.00 active 0.50 move 0.642 lock 0.00 static 0.799 pr 20.7 | sent 1:0.71 10:0.71 100:0.71 1000:0.7 2000:0.71 | 12.3s
run39|cstep|0.1|none|0.9|1|50|code: alive shape flat ratio 1.01 silent 0.35 resting 0.00 active 0.50 move 0.0242 lock 0.00 static 0.914 pr 5.6 | sent 1:0.7 10:0.7 100:0.71 1000:0.71 2000:0.71 | 22.6s
run39|cstep|0.1|none|0.9|1|51|code: alive shape flat ratio 0.987 silent 0.35 resting 0.00 active 0.49 move 0.0235 lock 0.00 static 0.910 pr 5.7 | sent 1:0.71 10:0.7 100:0.7 1000:0.7 2000:0.7 | 22.9s
run39|cstep|0.1|kp1|0.0|0|50|code: alive shape flat ratio 1.01 silent 0.10 resting 0.00 active 0.50 move 0.655 lock 0.00 static 0.788 pr 20.3 | sent 1:0.7 10:0.7 100:0.7 1000:0.71 2000:0.71 | 11.8s
run39|cstep|0.1|kp1|0.5|1|50|code: alive shape flat ratio 0.999 silent 0.23 resting 0.00 active 0.50 move 0.164 lock 0.00 static 0.892 pr 13.0 | sent 1:0.7 10:0.7 100:0.7 1000:0.7 2000:0.7 | 12.3s
run39|cstep|0.1|kp1|0.5|0|50|code: alive shape flat ratio 0.999 silent 0.23 resting 0.00 active 0.50 move 0.164 lock 0.00 static 0.892 pr 13.0 | sent 1:0.7 10:0.7 100:0.7 1000:0.7 2000:0.7 | 11.9s
run39|cstep|0.1|none|0.5|0|50|leak: alive shape flat ratio 1.01 silent 0.24 resting 0.00 active 0.50 move 0.162 lock 0.00 static 0.894 pr 13.4 | sent 1:0.7 10:0.7 100:0.7 1000:0.71 2000:0.71 | 26.5s
run39|cstep|0.1|kp1|0.5|1|51|code: alive shape flat ratio 0.989 silent 0.25 resting 0.00 active 0.49 move 0.16 lock 0.00 static 0.901 pr 13.5 | sent 1:0.71 10:0.71 100:0.7 1000:0.7 2000:0.71 | 12.5s
run39|cstep|0.1|none|0.5|0|51|leak: alive shape flat ratio 0.992 silent 0.24 resting 0.00 active 0.50 move 0.16 lock 0.00 static 0.899 pr 13.6 | sent 1:0.71 10:0.7 100:0.7 1000:0.7 2000:0.71 | 26.7s
run39|cstep|0.1|kp1|0.0|1|50|code: alive shape flat ratio 1.01 silent 0.10 resting 0.00 active 0.50 move 0.655 lock 0.00 static 0.788 pr 20.3 | sent 1:0.7 10:0.7 100:0.7 1000:0.71 2000:0.71 | 22.6s
run39|cstep|0.1|kp1|0.5|0|51|code: alive shape flat ratio 0.989 silent 0.25 resting 0.00 active 0.49 move 0.16 lock 0.00 static 0.901 pr 13.5 | sent 1:0.71 10:0.71 100:0.7 1000:0.7 2000:0.71 | 12.1s
run39|cstep|0.1|kp1|0.9|0|50|code: alive shape flat ratio 0.995 silent 0.34 resting 0.00 active 0.50 move 0.0239 lock 0.00 static 0.905 pr 5.4 | sent 1:0.7 10:0.71 100:0.71 1000:0.71 2000:0.7 | 11.9s
run39|cstep|0.1|kp1|0.9|1|50|code: alive shape flat ratio 0.995 silent 0.34 resting 0.00 active 0.50 move 0.0245 lock 0.00 static 0.906 pr 5.4 | sent 1:0.7 10:0.71 100:0.71 1000:0.71 2000:0.7 | 13.1s
run39|cstep|0.1|kp1|0.9|1|51|code: alive shape flat ratio 0.989 silent 0.35 resting 0.00 active 0.50 move 0.0247 lock 0.00 static 0.917 pr 5.8 | sent 1:0.71 10:0.69 100:0.7 1000:0.71 2000:0.71 | 12.4s
run39|cstep|0.1|kp1|0.0|0|51|code: alive shape flat ratio 0.992 silent 0.11 resting 0.00 active 0.50 move 0.642 lock 0.00 static 0.799 pr 20.7 | sent 1:0.71 10:0.71 100:0.71 1000:0.7 2000:0.71 | 22.0s
run39|cstep|0.1|none|0.9|1|51|leak: alive shape flat ratio 0.991 silent 0.36 resting 0.00 active 0.50 move 0.024 lock 0.00 static 0.914 pr 5.8 | sent 1:0.72 10:0.71 100:0.71 1000:0.7 2000:0.71 | 27.4s
run39|cstep|0.1|none|0.9|0|51|leak: alive shape flat ratio 0.991 silent 0.36 resting 0.00 active 0.50 move 0.024 lock 0.00 static 0.914 pr 5.8 | sent 1:0.72 10:0.71 100:0.71 1000:0.7 2000:0.71 | 26.7s
run39|cstep|0.1|kp1|0.5|1|51|leak: alive shape flat ratio 0.984 silent 0.24 resting 0.00 active 0.50 move 0.16 lock 0.00 static 0.903 pr 13.8 | sent 1:0.71 10:0.7 100:0.7 1000:0.71 2000:0.7 | 15.0s
run39|cstep|0.1|kp1|0.5|0|50|leak: alive shape flat ratio 1.02 silent 0.24 resting 0.00 active 0.50 move 0.163 lock 0.00 static 0.895 pr 13.5 | sent 1:0.7 10:0.7 100:0.71 1000:0.71 2000:0.72 | 14.3s
run39|cstep|0.1|kp1|0.5|0|51|leak: alive shape flat ratio 0.984 silent 0.24 resting 0.00 active 0.50 move 0.16 lock 0.00 static 0.903 pr 13.8 | sent 1:0.71 10:0.7 100:0.7 1000:0.71 2000:0.7 | 14.5s
run39|cstep|0.1|kp1|0.9|1|51|leak: alive shape flat ratio 0.984 silent 0.34 resting 0.00 active 0.50 move 0.0239 lock 0.00 static 0.914 pr 5.8 | sent 1:0.72 10:0.71 100:0.71 1000:0.71 2000:0.7 | 14.9s
run39|cstep|0.1|kp1|0.9|0|51|code: alive shape flat ratio 0.989 silent 0.35 resting 0.00 active 0.50 move 0.024 lock 0.00 static 0.916 pr 5.8 | sent 1:0.71 10:0.69 100:0.7 1000:0.71 2000:0.71 | 22.4s
run39|cstep|0.3|none|0.0|1|50|code: alive shape flat ratio 1.01 silent 0.10 resting 0.00 active 0.50 move 0.643 lock 0.00 static 0.788 pr 20.2 | sent 1:0.7 10:0.7 100:0.7 1000:0.71 2000:0.71 | 11.9s
run39|cstep|0.3|none|0.0|0|50|code: alive shape flat ratio 1.01 silent 0.10 resting 0.00 active 0.50 move 0.643 lock 0.00 static 0.788 pr 20.2 | sent 1:0.7 10:0.7 100:0.7 1000:0.71 2000:0.71 | 11.5s
run39|cstep|0.3|none|0.0|0|51|code: alive shape flat ratio 1.01 silent 0.11 resting 0.00 active 0.50 move 0.647 lock 0.00 static 0.799 pr 20.6 | sent 1:0.71 10:0.71 100:0.71 1000:0.7 2000:0.72 | 11.6s
run39|cstep|0.3|none|0.0|1|51|code: alive shape flat ratio 1.01 silent 0.11 resting 0.00 active 0.50 move 0.647 lock 0.00 static 0.799 pr 20.6 | sent 1:0.71 10:0.71 100:0.71 1000:0.7 2000:0.72 | 12.1s
run39|cstep|0.1|kp1|0.5|1|50|leak: alive shape flat ratio 1.02 silent 0.24 resting 0.00 active 0.50 move 0.163 lock 0.00 static 0.895 pr 13.5 | sent 1:0.7 10:0.7 100:0.71 1000:0.71 2000:0.72 | 27.3s
run39|cstep|0.3|none|0.5|0|51|code: alive shape flat ratio 0.994 silent 0.24 resting 0.00 active 0.50 move 0.157 lock 0.00 static 0.899 pr 13.5 | sent 1:0.71 10:0.71 100:0.7 1000:0.7 2000:0.7 | 11.8s
run39|cstep|0.3|none|0.9|1|50|code: alive shape flat ratio 1 silent 0.35 resting 0.00 active 0.50 move 0.0241 lock 0.00 static 0.910 pr 5.5 | sent 1:0.7 10:0.7 100:0.71 1000:0.7 2000:0.7 | 12.1s
run39|cstep|0.3|none|0.9|1|51|code: alive shape flat ratio 0.998 silent 0.34 resting 0.00 active 0.50 move 0.0247 lock 0.00 static 0.920 pr 5.8 | sent 1:0.71 10:0.7 100:0.7 1000:0.7 2000:0.71 | 12.3s
run39|cstep|0.3|none|0.9|0|50|code: alive shape flat ratio 1 silent 0.35 resting 0.00 active 0.50 move 0.0235 lock 0.00 static 0.905 pr 5.5 | sent 1:0.7 10:0.7 100:0.71 1000:0.7 2000:0.7 | 11.7s
run39|cstep|0.1|kp1|0.9|1|50|leak: alive shape flat ratio 1.02 silent 0.34 resting 0.00 active 0.50 move 0.0243 lock 0.00 static 0.912 pr 6.0 | sent 1:0.7 10:0.7 100:0.71 1000:0.71 2000:0.71 | 27.2s
run39|cstep|0.3|none|0.5|0|50|code: alive shape flat ratio 0.998 silent 0.23 resting 0.00 active 0.50 move 0.161 lock 0.00 static 0.890 pr 13.1 | sent 1:0.7 10:0.69 100:0.71 1000:0.71 2000:0.7 | 21.9s
run39|cstep|0.3|none|0.5|1|50|code: alive shape flat ratio 0.998 silent 0.23 resting 0.00 active 0.50 move 0.163 lock 0.00 static 0.892 pr 13.1 | sent 1:0.7 10:0.69 100:0.71 1000:0.71 2000:0.7 | 22.7s
run39|cstep|0.1|kp1|0.9|0|50|leak: alive shape flat ratio 1.02 silent 0.34 resting 0.00 active 0.50 move 0.0243 lock 0.00 static 0.912 pr 6.0 | sent 1:0.7 10:0.7 100:0.71 1000:0.71 2000:0.71 | 26.4s
run39|cstep|0.3|none|0.5|1|51|code: alive shape flat ratio 0.994 silent 0.24 resting 0.00 active 0.50 move 0.158 lock 0.00 static 0.900 pr 13.5 | sent 1:0.71 10:0.71 100:0.7 1000:0.7 2000:0.7 | 22.9s
run39|cstep|0.1|kp1|0.9|0|51|leak: alive shape flat ratio 0.984 silent 0.34 resting 0.00 active 0.50 move 0.0239 lock 0.00 static 0.914 pr 5.8 | sent 1:0.72 10:0.71 100:0.71 1000:0.71 2000:0.7 | 27.0s
run39|cstep|0.3|none|0.5|1|50|leak: alive shape flat ratio 1.01 silent 0.23 resting 0.00 active 0.50 move 0.166 lock 0.00 static 0.893 pr 13.6 | sent 1:0.7 10:0.71 100:0.71 1000:0.72 2000:0.71 | 14.6s
run39|cstep|0.3|none|0.5|0|50|leak: alive shape flat ratio 1.01 silent 0.23 resting 0.00 active 0.50 move 0.166 lock 0.00 static 0.893 pr 13.6 | sent 1:0.7 10:0.71 100:0.71 1000:0.72 2000:0.71 | 14.1s
run39|cstep|0.3|none|0.5|1|51|leak: alive shape flat ratio 0.995 silent 0.24 resting 0.00 active 0.50 move 0.156 lock 0.00 static 0.900 pr 13.7 | sent 1:0.71 10:0.7 100:0.7 1000:0.7 2000:0.71 | 14.7s
run39|cstep|0.3|none|0.5|0|51|leak: alive shape flat ratio 0.995 silent 0.24 resting 0.00 active 0.50 move 0.156 lock 0.00 static 0.900 pr 13.7 | sent 1:0.71 10:0.7 100:0.7 1000:0.7 2000:0.71 | 14.3s
run39|cstep|0.3|none|0.9|1|51|leak: alive shape flat ratio 0.98 silent 0.36 resting 0.00 active 0.49 move 0.0231 lock 0.00 static 0.927 pr 6.1 | sent 1:0.71 10:0.71 100:0.7 1000:0.7 2000:0.7 | 14.8s
run39|cstep|0.3|none|0.9|0|50|leak: alive shape flat ratio 1.01 silent 0.35 resting 0.00 active 0.50 move 0.0239 lock 0.00 static 0.918 pr 6.0 | sent 1:0.7 10:0.7 100:0.71 1000:0.71 2000:0.71 | 14.1s
run39|cstep|0.3|none|0.9|0|51|code: alive shape flat ratio 0.998 silent 0.34 resting 0.00 active 0.50 move 0.0242 lock 0.00 static 0.918 pr 5.8 | sent 1:0.71 10:0.7 100:0.7 1000:0.7 2000:0.71 | 22.2s
run39|cstep|0.3|kp1|0.0|1|50|code: alive shape flat ratio 1.01 silent 0.10 resting 0.00 active 0.50 move 0.657 lock 0.00 static 0.787 pr 20.2 | sent 1:0.7 10:0.71 100:0.71 1000:0.71 2000:0.71 | 12.3s
run39|cstep|0.3|none|0.9|0|51|leak: alive shape flat ratio 0.98 silent 0.36 resting 0.00 active 0.49 move 0.0231 lock 0.00 static 0.927 pr 6.1 | sent 1:0.71 10:0.71 100:0.7 1000:0.7 2000:0.7 | 14.3s
run39|cstep|0.3|kp1|0.5|0|51|code: alive shape flat ratio 0.997 silent 0.24 resting 0.00 active 0.50 move 0.16 lock 0.00 static 0.904 pr 13.7 | sent 1:0.71 10:0.72 100:0.71 1000:0.71 2000:0.71 | 12.0s
run39|cstep|0.3|kp1|0.9|1|50|code: alive shape flat ratio 1.01 silent 0.35 resting 0.00 active 0.50 move 0.0243 lock 0.00 static 0.915 pr 6.0 | sent 1:0.7 10:0.7 100:0.71 1000:0.72 2000:0.71 | 12.3s
run39|cstep|0.3|kp1|0.9|0|50|code: alive shape flat ratio 1.01 silent 0.35 resting 0.00 active 0.50 move 0.0238 lock 0.00 static 0.914 pr 6.0 | sent 1:0.7 10:0.7 100:0.71 1000:0.72 2000:0.71 | 11.9s
run39|cstep|0.3|kp1|0.9|1|51|code: alive shape flat ratio 0.987 silent 0.33 resting 0.00 active 0.50 move 0.0256 lock 0.00 static 0.914 pr 6.0 | sent 1:0.71 10:0.69 100:0.7 1000:0.71 2000:0.7 | 12.4s
run39|cstep|0.3|none|0.9|1|50|leak: alive shape flat ratio 1.01 silent 0.35 resting 0.00 active 0.50 move 0.0239 lock 0.00 static 0.918 pr 6.0 | sent 1:0.7 10:0.7 100:0.71 1000:0.71 2000:0.71 | 27.2s
run39|cstep|0.3|kp1|0.9|0|51|code: alive shape flat ratio 0.987 silent 0.33 resting 0.00 active 0.50 move 0.025 lock 0.00 static 0.912 pr 6.0 | sent 1:0.71 10:0.69 100:0.7 1000:0.71 2000:0.7 | 12.0s
run39|cstep|0.3|kp1|0.0|0|50|code: alive shape flat ratio 1.01 silent 0.10 resting 0.00 active 0.50 move 0.657 lock 0.00 static 0.787 pr 20.2 | sent 1:0.7 10:0.71 100:0.71 1000:0.71 2000:0.71 | 22.0s
run39|cstep|0.3|kp1|0.0|0|51|code: alive shape flat ratio 0.988 silent 0.11 resting 0.00 active 0.50 move 0.645 lock 0.00 static 0.798 pr 20.6 | sent 1:0.71 10:0.71 100:0.71 1000:0.71 2000:0.7 | 21.9s
run39|cstep|0.3|kp1|0.0|1|51|code: alive shape flat ratio 0.988 silent 0.11 resting 0.00 active 0.50 move 0.645 lock 0.00 static 0.798 pr 20.6 | sent 1:0.71 10:0.71 100:0.71 1000:0.71 2000:0.7 | 23.0s
run39|cstep|0.3|kp1|0.5|1|50|code: alive shape flat ratio 1.02 silent 0.24 resting 0.00 active 0.50 move 0.166 lock 0.00 static 0.896 pr 13.5 | sent 1:0.7 10:0.7 100:0.71 1000:0.7 2000:0.72 | 22.9s
run39|cstep|0.3|kp1|0.5|1|51|code: alive shape flat ratio 0.997 silent 0.24 resting 0.00 active 0.50 move 0.161 lock 0.00 static 0.904 pr 13.7 | sent 1:0.71 10:0.72 100:0.71 1000:0.71 2000:0.71 | 23.1s
run39|cstep|0.3|kp1|0.5|0|50|code: alive shape flat ratio 1.02 silent 0.24 resting 0.00 active 0.50 move 0.164 lock 0.00 static 0.895 pr 13.5 | sent 1:0.7 10:0.7 100:0.71 1000:0.7 2000:0.72 | 22.2s
run39|cstep|0.3|kp1|0.5|1|50|leak: alive shape flat ratio 1.01 silent 0.25 resting 0.00 active 0.50 move 0.162 lock 0.00 static 0.895 pr 13.1 | sent 1:0.7 10:0.7 100:0.71 1000:0.71 2000:0.71 | 14.9s
run39|cstep|0.3|kp1|0.5|0|50|leak: alive shape flat ratio 1.01 silent 0.25 resting 0.00 active 0.50 move 0.162 lock 0.00 static 0.895 pr 13.1 | sent 1:0.7 10:0.7 100:0.71 1000:0.71 2000:0.71 | 14.4s
run39|cstep|0.3|kp1|0.5|0|51|leak: alive shape flat ratio 0.99 silent 0.25 resting 0.00 active 0.50 move 0.156 lock 0.00 static 0.901 pr 13.9 | sent 1:0.71 10:0.7 100:0.71 1000:0.7 2000:0.7 | 14.5s
run39|cstep|0.3|kp1|0.9|1|50|leak: alive shape flat ratio 1 silent 0.34 resting 0.00 active 0.50 move 0.0241 lock 0.00 static 0.920 pr 6.3 | sent 1:0.7 10:0.7 100:0.71 1000:0.71 2000:0.7 | 14.9s
run39|cstep|0.3|kp1|0.9|0|50|leak: alive shape flat ratio 1 silent 0.34 resting 0.00 active 0.50 move 0.0241 lock 0.00 static 0.920 pr 6.3 | sent 1:0.7 10:0.7 100:0.71 1000:0.71 2000:0.7 | 14.6s
run39|cstep|0.3|kp1|0.9|0|51|leak: alive shape flat ratio 0.983 silent 0.35 resting 0.00 active 0.50 move 0.0236 lock 0.00 static 0.913 pr 5.3 | sent 1:0.72 10:0.71 100:0.71 1000:0.7 2000:0.7 | 14.6s
run39|cstep|0.3|kp1|0.9|1|51|leak: alive shape flat ratio 0.983 silent 0.35 resting 0.00 active 0.50 move 0.0236 lock 0.00 static 0.913 pr 5.3 | sent 1:0.72 10:0.71 100:0.71 1000:0.7 2000:0.7 | 15.2s
run39|cstep|1.0|none|0.0|1|51|code: alive shape flat ratio 0.996 silent 0.11 resting 0.00 active 0.50 move 0.648 lock 0.00 static 0.802 pr 20.7 | sent 1:0.71 10:0.71 100:0.7 1000:0.71 2000:0.7 | 13.5s
run39|cstep|0.3|kp1|0.5|1|51|leak: alive shape flat ratio 0.99 silent 0.25 resting 0.00 active 0.50 move 0.156 lock 0.00 static 0.901 pr 13.9 | sent 1:0.71 10:0.7 100:0.71 1000:0.7 2000:0.7 | 28.1s
run39|cstep|1.0|none|0.9|1|50|code: alive shape flat ratio 1 silent 0.36 resting 0.00 active 0.50 move 0.0243 lock 0.00 static 0.914 pr 5.6 | sent 1:0.71 10:0.7 100:0.7 1000:0.71 2000:0.71 | 14.4s
run39|cstep|1.0|none|0.0|0|51|code: alive shape flat ratio 0.996 silent 0.11 resting 0.00 active 0.50 move 0.637 lock 0.00 static 0.801 pr 20.6 | sent 1:0.71 10:0.71 100:0.7 1000:0.71 2000:0.7 | 18.3s
run39|cstep|1.0|none|0.9|1|51|code: alive shape flat ratio 0.999 silent 0.36 resting 0.00 active 0.50 move 0.0225 lock 0.00 static 0.916 pr 4.9 | sent 1:0.71 10:0.71 100:0.7 1000:0.71 2000:0.71 | 14.8s
run39|cstep|1.0|none|0.0|0|50|code: alive shape flat ratio 0.989 silent 0.11 resting 0.00 active 0.50 move 0.646 lock 0.00 static 0.789 pr 20.2 | sent 1:0.71 10:0.7 100:0.71 1000:0.7 2000:0.7 | 19.5s
run39|cstep|1.0|none|0.5|1|51|code: alive shape flat ratio 0.996 silent 0.23 resting 0.00 active 0.49 move 0.159 lock 0.00 static 0.896 pr 13.8 | sent 1:0.71 10:0.7 100:0.71 1000:0.71 2000:0.7 | 18.5s
run39|cstep|1.0|none|0.0|1|50|code: alive shape flat ratio 0.989 silent 0.11 resting 0.00 active 0.50 move 0.658 lock 0.00 static 0.790 pr 20.2 | sent 1:0.71 10:0.7 100:0.71 1000:0.7 2000:0.7 | 23.4s
run39|cstep|1.0|none|0.5|0|51|code: alive shape flat ratio 0.996 silent 0.23 resting 0.00 active 0.49 move 0.157 lock 0.00 static 0.895 pr 13.8 | sent 1:0.71 10:0.7 100:0.71 1000:0.71 2000:0.7 | 20.3s
run39|cstep|1.0|none|0.9|0|50|code: alive shape flat ratio 1 silent 0.36 resting 0.00 active 0.50 move 0.0237 lock 0.00 static 0.913 pr 5.6 | sent 1:0.71 10:0.7 100:0.7 1000:0.71 2000:0.71 | 16.5s
run39|cstep|1.0|none|0.5|1|50|code: alive shape flat ratio 1 silent 0.23 resting 0.00 active 0.50 move 0.164 lock 0.00 static 0.895 pr 13.5 | sent 1:0.71 10:0.7 100:0.71 1000:0.7 2000:0.71 | 23.1s
run39|cstep|1.0|none|0.5|0|50|code: alive shape flat ratio 1 silent 0.23 resting 0.00 active 0.50 move 0.159 lock 0.00 static 0.893 pr 13.4 | sent 1:0.71 10:0.7 100:0.71 1000:0.7 2000:0.71 | 22.6s
run39|cstep|1.0|none|0.9|0|51|code: alive shape flat ratio 0.999 silent 0.36 resting 0.00 active 0.50 move 0.0221 lock 0.00 static 0.915 pr 4.8 | sent 1:0.71 10:0.71 100:0.7 1000:0.71 2000:0.71 | 17.6s
run39|cstep|1.0|none|0.5|0|50|leak: alive shape flat ratio 0.989 silent 0.25 resting 0.00 active 0.50 move 0.16 lock 0.00 static 0.892 pr 13.3 | sent 1:0.71 10:0.7 100:0.71 1000:0.71 2000:0.7 | 18.1s
run39|cstep|1.0|none|0.5|0|51|leak: alive shape flat ratio 0.981 silent 0.24 resting 0.00 active 0.50 move 0.155 lock 0.00 static 0.900 pr 13.5 | sent 1:0.72 10:0.7 100:0.71 1000:0.71 2000:0.7 | 15.7s
run39|cstep|1.0|none|0.5|1|51|leak: alive shape flat ratio 0.981 silent 0.24 resting 0.00 active 0.50 move 0.158 lock 0.00 static 0.901 pr 13.6 | sent 1:0.72 10:0.7 100:0.71 1000:0.71 2000:0.7 | 21.8s
run39|cstep|1.0|kp1|0.0|1|51|code: alive shape flat ratio 1 silent 0.10 resting 0.00 active 0.50 move 0.665 lock 0.00 static 0.796 pr 20.7 | sent 1:0.7 10:0.71 100:0.7 1000:0.71 2000:0.71 | 15.1s
run39|cstep|1.0|none|0.5|1|50|leak: alive shape flat ratio 0.989 silent 0.25 resting 0.00 active 0.50 move 0.165 lock 0.00 static 0.894 pr 13.4 | sent 1:0.71 10:0.7 100:0.71 1000:0.71 2000:0.7 | 27.4s
run39|cstep|1.0|none|0.9|0|51|leak: alive shape flat ratio 0.989 silent 0.35 resting 0.00 active 0.49 move 0.024 lock 0.00 static 0.920 pr 5.7 | sent 1:0.71 10:0.7 100:0.7 1000:0.7 2000:0.71 | 17.4s
run39|cstep|1.0|none|0.9|1|50|leak: alive shape flat ratio 1.01 silent 0.35 resting 0.00 active 0.50 move 0.0242 lock 0.00 static 0.914 pr 5.6 | sent 1:0.7 10:0.7 100:0.71 1000:0.71 2000:0.71 | 22.2s
run39|cstep|1.0|kp1|0.0|1|50|code: alive shape flat ratio 1 silent 0.10 resting 0.00 active 0.50 move 0.666 lock 0.00 static 0.786 pr 20.2 | sent 1:0.71 10:0.7 100:0.71 1000:0.71 2000:0.71 | 22.1s
run39|cstep|1.0|kp1|0.0|0|51|code: alive shape flat ratio 1 silent 0.10 resting 0.00 active 0.50 move 0.654 lock 0.00 static 0.796 pr 20.7 | sent 1:0.7 10:0.71 100:0.7 1000:0.71 2000:0.71 | 20.5s
run39|cstep|1.0|kp1|0.0|0|50|code: alive shape flat ratio 1 silent 0.10 resting 0.00 active 0.50 move 0.653 lock 0.00 static 0.785 pr 20.2 | sent 1:0.71 10:0.7 100:0.71 1000:0.71 2000:0.71 | 22.0s
run39|cstep|1.0|kp1|0.5|1|50|code: alive shape flat ratio 0.994 silent 0.23 resting 0.00 active 0.50 move 0.167 lock 0.00 static 0.899 pr 13.1 | sent 1:0.71 10:0.7 100:0.71 1000:0.71 2000:0.71 | 21.2s
run39|cstep|1.0|none|0.9|0|50|leak: alive shape flat ratio 1.01 silent 0.35 resting 0.00 active 0.50 move 0.0237 lock 0.00 static 0.911 pr 5.6 | sent 1:0.7 10:0.7 100:0.71 1000:0.71 2000:0.71 | 26.0s
run39|cstep|1.0|none|0.9|1|51|leak: alive shape flat ratio 0.989 silent 0.35 resting 0.00 active 0.49 move 0.0245 lock 0.00 static 0.922 pr 5.7 | sent 1:0.71 10:0.7 100:0.7 1000:0.7 2000:0.71 | 28.5s
run39|cstep|1.0|kp1|0.9|1|51|code: alive shape flat ratio 1.01 silent 0.35 resting 0.00 active 0.50 move 0.0237 lock 0.00 static 0.928 pr 5.9 | sent 1:0.7 10:0.71 100:0.7 1000:0.7 2000:0.71 | 16.8s
run39|cstep|1.0|kp1|0.5|0|51|code: alive shape flat ratio 0.995 silent 0.24 resting 0.00 active 0.50 move 0.159 lock 0.00 static 0.902 pr 13.6 | sent 1:0.7 10:0.7 100:0.7 1000:0.71 2000:0.7 | 19.3s
run39|cstep|1.0|kp1|0.5|1|51|code: alive shape flat ratio 0.995 silent 0.24 resting 0.00 active 0.50 move 0.162 lock 0.00 static 0.903 pr 13.7 | sent 1:0.7 10:0.7 100:0.7 1000:0.71 2000:0.7 | 23.8s
run39|cstep|1.0|kp1|0.5|0|50|code: alive shape flat ratio 0.994 silent 0.23 resting 0.00 active 0.50 move 0.161 lock 0.00 static 0.896 pr 13.1 | sent 1:0.71 10:0.7 100:0.71 1000:0.71 2000:0.71 | 24.9s
run39|cstep|1.0|kp1|0.9|1|50|code: alive shape flat ratio 1 silent 0.34 resting 0.00 active 0.50 move 0.0252 lock 0.00 static 0.916 pr 6.2 | sent 1:0.71 10:0.7 100:0.7 1000:0.72 2000:0.71 | 23.2s
run39|cstep|1.0|kp1|0.9|0|50|code: alive shape flat ratio 1 silent 0.34 resting 0.00 active 0.50 move 0.0248 lock 0.00 static 0.914 pr 6.2 | sent 1:0.71 10:0.7 100:0.7 1000:0.72 2000:0.71 | 22.6s
run39|cstep|1.0|kp1|0.5|1|51|leak: alive shape flat ratio 0.98 silent 0.23 resting 0.00 active 0.50 move 0.162 lock 0.00 static 0.902 pr 13.6 | sent 1:0.72 10:0.71 100:0.71 1000:0.7 2000:0.7 | 20.8s
run39|cstep|1.0|kp1|0.9|0|51|code: alive shape flat ratio 1.01 silent 0.35 resting 0.00 active 0.50 move 0.0234 lock 0.00 static 0.925 pr 5.9 | sent 1:0.7 10:0.71 100:0.7 1000:0.7 2000:0.71 | 22.5s
run39|cstep|2.0|none|0.0|0|51|code: alive shape flat ratio 0.987 silent 0.11 resting 0.00 active 0.50 move 0.64 lock 0.00 static 0.799 pr 20.6 | sent 1:0.71 10:0.7 100:0.7 1000:0.71 2000:0.7 | 13.6s
run39|cstep|1.0|kp1|0.9|1|50|leak: alive shape flat ratio 1 silent 0.33 resting 0.00 active 0.50 move 0.0257 lock 0.00 static 0.909 pr 5.9 | sent 1:0.71 10:0.7 100:0.71 1000:0.72 2000:0.71 | 18.6s
run39|cstep|2.0|none|0.0|1|50|code: alive shape flat ratio 1 silent 0.11 resting 0.00 active 0.50 move 0.658 lock 0.00 static 0.791 pr 20.1 | sent 1:0.7 10:0.7 100:0.71 1000:0.71 2000:0.71 | 18.8s
run39|cstep|1.0|kp1|0.5|1|50|leak: alive shape flat ratio 1 silent 0.22 resting 0.00 active 0.50 move 0.166 lock 0.00 static 0.898 pr 13.7 | sent 1:0.71 10:0.71 100:0.71 1000:0.71 2000:0.71 | 28.0s
run39|cstep|1.0|kp1|0.5|0|50|leak: alive shape flat ratio 1 silent 0.22 resting 0.00 active 0.50 move 0.162 lock 0.00 static 0.896 pr 13.6 | sent 1:0.71 10:0.71 100:0.71 1000:0.71 2000:0.71 | 27.0s
run39|cstep|1.0|kp1|0.9|0|51|leak: alive shape flat ratio 0.991 silent 0.34 resting 0.00 active 0.50 move 0.0236 lock 0.00 static 0.909 pr 5.6 | sent 1:0.71 10:0.7 100:0.7 1000:0.7 2000:0.71 | 21.0s
run39|cstep|2.0|none|0.0|0|50|code: alive shape flat ratio 1 silent 0.11 resting 0.00 active 0.50 move 0.644 lock 0.00 static 0.790 pr 20.0 | sent 1:0.7 10:0.7 100:0.71 1000:0.71 2000:0.71 | 21.1s
run39|cstep|2.0|none|0.5|1|50|code: alive shape flat ratio 1 silent 0.24 resting 0.00 active 0.50 move 0.169 lock 0.00 static 0.898 pr 13.4 | sent 1:0.7 10:0.71 100:0.71 1000:0.72 2000:0.71 | 18.7s
run39|cstep|1.0|kp1|0.9|0|50|leak: alive shape flat ratio 1 silent 0.33 resting 0.00 active 0.50 move 0.025 lock 0.00 static 0.907 pr 5.9 | sent 1:0.71 10:0.7 100:0.71 1000:0.72 2000:0.71 | 24.0s
run39|cstep|2.0|none|0.0|1|51|code: alive shape flat ratio 0.987 silent 0.11 resting 0.00 active 0.50 move 0.65 lock 0.00 static 0.800 pr 20.6 | sent 1:0.71 10:0.7 100:0.7 1000:0.71 2000:0.7 | 23.7s
run39|cstep|1.0|kp1|0.5|0|51|leak: alive shape flat ratio 0.98 silent 0.23 resting 0.00 active 0.50 move 0.159 lock 0.00 static 0.901 pr 13.5 | sent 1:0.72 10:0.71 100:0.71 1000:0.7 2000:0.7 | 27.6s
run39|cstep|2.0|none|0.5|1|51|code: alive shape flat ratio 1 silent 0.23 resting 0.00 active 0.50 move 0.168 lock 0.00 static 0.900 pr 13.8 | sent 1:0.71 10:0.71 100:0.71 1000:0.7 2000:0.71 | 19.9s
run39|cstep|1.0|kp1|0.9|1|51|leak: alive shape flat ratio 0.991 silent 0.34 resting 0.00 active 0.50 move 0.0242 lock 0.00 static 0.912 pr 5.6 | sent 1:0.71 10:0.7 100:0.7 1000:0.7 2000:0.71 | 27.6s
run39|cstep|2.0|none|0.5|0|50|code: alive shape flat ratio 1 silent 0.24 resting 0.00 active 0.50 move 0.163 lock 0.00 static 0.897 pr 13.4 | sent 1:0.7 10:0.71 100:0.71 1000:0.72 2000:0.71 | 19.7s
run39|cstep|2.0|none|0.5|0|51|code: alive shape flat ratio 1 silent 0.23 resting 0.00 active 0.50 move 0.164 lock 0.00 static 0.899 pr 13.8 | sent 1:0.71 10:0.71 100:0.71 1000:0.7 2000:0.71 | 17.9s
run39|cstep|2.0|none|0.9|1|51|code: alive shape flat ratio 1 silent 0.36 resting 0.00 active 0.49 move 0.0234 lock 0.00 static 0.930 pr 6.2 | sent 1:0.71 10:0.71 100:0.71 1000:0.7 2000:0.71 | 15.8s
run39|cstep|2.0|none|0.9|1|50|code: alive shape flat ratio 1 silent 0.35 resting 0.00 active 0.51 move 0.0245 lock 0.00 static 0.917 pr 5.8 | sent 1:0.7 10:0.71 100:0.71 1000:0.71 2000:0.71 | 19.8s
run39|cstep|2.0|none|0.9|0|51|code: alive shape flat ratio 1 silent 0.36 resting 0.00 active 0.49 move 0.0229 lock 0.00 static 0.928 pr 6.2 | sent 1:0.71 10:0.71 100:0.71 1000:0.7 2000:0.71 | 17.7s
run39|cstep|2.0|none|0.9|0|50|code: alive shape flat ratio 1 silent 0.35 resting 0.00 active 0.51 move 0.0238 lock 0.00 static 0.915 pr 5.7 | sent 1:0.7 10:0.71 100:0.71 1000:0.71 2000:0.71 | 20.8s
run39|cstep|2.0|none|0.5|1|50|leak: alive shape flat ratio 1 silent 0.23 resting 0.00 active 0.50 move 0.164 lock 0.00 static 0.895 pr 13.5 | sent 1:0.71 10:0.7 100:0.71 1000:0.7 2000:0.71 | 19.4s
run39|cstep|2.0|none|0.5|0|50|leak: alive shape flat ratio 1 silent 0.23 resting 0.00 active 0.50 move 0.159 lock 0.00 static 0.893 pr 13.4 | sent 1:0.71 10:0.7 100:0.71 1000:0.7 2000:0.71 | 19.2s
run39|cstep|2.0|none|0.9|1|51|leak: alive shape flat ratio 0.994 silent 0.33 resting 0.00 active 0.50 move 0.0245 lock 0.00 static 0.915 pr 5.8 | sent 1:0.71 10:0.7 100:0.71 1000:0.71 2000:0.71 | 19.2s
run39|cstep|2.0|none|0.9|0|50|leak: alive shape flat ratio 1.01 silent 0.36 resting 0.00 active 0.50 move 0.0232 lock 0.00 static 0.917 pr 5.4 | sent 1:0.7 10:0.7 100:0.71 1000:0.71 2000:0.71 | 18.9s
run39|cstep|2.0|none|0.9|0|51|leak: alive shape flat ratio 0.994 silent 0.33 resting 0.00 active 0.50 move 0.0241 lock 0.00 static 0.910 pr 5.8 | sent 1:0.71 10:0.7 100:0.71 1000:0.71 2000:0.71 | 19.9s
run39|cstep|2.0|none|0.5|0|51|leak: alive shape flat ratio 0.996 silent 0.23 resting 0.00 active 0.49 move 0.157 lock 0.00 static 0.895 pr 13.8 | sent 1:0.71 10:0.7 100:0.71 1000:0.71 2000:0.7 | 23.4s
run39|cstep|2.0|kp1|0.0|0|50|code: alive shape flat ratio 0.999 silent 0.10 resting 0.00 active 0.50 move 0.653 lock 0.00 static 0.789 pr 20.3 | sent 1:0.71 10:0.71 100:0.71 1000:0.71 2000:0.7 | 17.2s
run39|cstep|2.0|kp1|0.0|0|51|code: alive shape flat ratio 1.01 silent 0.11 resting 0.00 active 0.50 move 0.654 lock 0.00 static 0.797 pr 20.7 | sent 1:0.71 10:0.7 100:0.71 1000:0.7 2000:0.71 | 16.7s
run39|cstep|2.0|none|0.5|1|51|leak: alive shape flat ratio 0.996 silent 0.23 resting 0.00 active 0.49 move 0.159 lock 0.00 static 0.896 pr 13.8 | sent 1:0.71 10:0.7 100:0.71 1000:0.71 2000:0.7 | 28.2s
run39|cstep|2.0|none|0.9|1|50|leak: alive shape flat ratio 1.01 silent 0.36 resting 0.00 active 0.50 move 0.0239 lock 0.00 static 0.920 pr 5.5 | sent 1:0.7 10:0.7 100:0.71 1000:0.71 2000:0.71 | 25.8s
run39|cstep|2.0|kp1|0.0|1|50|code: alive shape flat ratio 0.999 silent 0.10 resting 0.00 active 0.50 move 0.668 lock 0.00 static 0.790 pr 20.4 | sent 1:0.71 10:0.71 100:0.71 1000:0.71 2000:0.7 | 22.9s
run39|cstep|2.0|kp1|0.0|1|51|code: alive shape flat ratio 1.01 silent 0.11 resting 0.00 active 0.50 move 0.665 lock 0.00 static 0.798 pr 20.7 | sent 1:0.71 10:0.7 100:0.71 1000:0.7 2000:0.71 | 23.1s
run39|cstep|2.0|kp1|0.5|0|50|code: alive shape flat ratio 1.01 silent 0.24 resting 0.00 active 0.50 move 0.161 lock 0.00 static 0.898 pr 13.4 | sent 1:0.71 10:0.71 100:0.71 1000:0.7 2000:0.71 | 14.1s
run39|cstep|2.0|kp1|0.5|1|50|code: alive shape flat ratio 1.01 silent 0.24 resting 0.00 active 0.50 move 0.167 lock 0.00 static 0.899 pr 13.4 | sent 1:0.71 10:0.71 100:0.71 1000:0.7 2000:0.71 | 21.1s
run39|cstep|2.0|kp1|0.5|1|51|code: alive shape flat ratio 1.01 silent 0.24 resting 0.00 active 0.50 move 0.164 lock 0.00 static 0.900 pr 13.7 | sent 1:0.71 10:0.7 100:0.7 1000:0.7 2000:0.71 | 22.9s
run39|cstep|2.0|kp1|0.9|1|50|code: alive shape flat ratio 1.01 silent 0.35 resting 0.00 active 0.50 move 0.0248 lock 0.00 static 0.919 pr 5.6 | sent 1:0.71 10:0.71 100:0.7 1000:0.71 2000:0.71 | 17.0s
run39|cstep|2.0|kp1|0.5|0|51|code: alive shape flat ratio 1.01 silent 0.24 resting 0.00 active 0.50 move 0.162 lock 0.00 static 0.898 pr 13.6 | sent 1:0.71 10:0.7 100:0.7 1000:0.7 2000:0.71 | 18.0s
run39|cstep|2.0|kp1|0.9|1|51|code: alive shape flat ratio 0.989 silent 0.34 resting 0.00 active 0.49 move 0.0256 lock 0.00 static 0.918 pr 5.7 | sent 1:0.71 10:0.71 100:0.71 1000:0.7 2000:0.7 | 18.0s
run39|cstep|2.0|kp1|0.9|0|51|code: alive shape flat ratio 0.989 silent 0.34 resting 0.00 active 0.49 move 0.0251 lock 0.00 static 0.915 pr 5.7 | sent 1:0.71 10:0.71 100:0.71 1000:0.7 2000:0.7 | 18.1s
run39|cstep|2.0|kp1|0.9|0|50|code: alive shape flat ratio 1.01 silent 0.35 resting 0.00 active 0.50 move 0.0243 lock 0.00 static 0.915 pr 5.5 | sent 1:0.71 10:0.71 100:0.7 1000:0.71 2000:0.71 | 19.4s
run39|cstep|2.0|kp1|0.5|1|51|leak: alive shape flat ratio 1.01 silent 0.24 resting 0.00 active 0.50 move 0.162 lock 0.00 static 0.902 pr 14.1 | sent 1:0.7 10:0.71 100:0.7 1000:0.71 2000:0.71 | 17.3s
run39|cstep|2.0|kp1|0.9|0|50|leak: alive shape flat ratio 1 silent 0.35 resting 0.00 active 0.50 move 0.0236 lock 0.00 static 0.922 pr 6.1 | sent 1:0.7 10:0.7 100:0.71 1000:0.71 2000:0.7 | 21.2s
run39|cstep|2.0|kp1|0.5|0|51|leak: alive shape flat ratio 1.01 silent 0.24 resting 0.00 active 0.50 move 0.159 lock 0.00 static 0.900 pr 14.0 | sent 1:0.7 10:0.71 100:0.7 1000:0.71 2000:0.71 | 23.7s
run39|cstep|2.0|kp1|0.9|0|51|leak: alive shape flat ratio 0.984 silent 0.35 resting 0.00 active 0.50 move 0.024 lock 0.00 static 0.915 pr 5.8 | sent 1:0.71 10:0.7 100:0.71 1000:0.7 2000:0.7 | 21.5s
run39|cstep|2.0|kp1|0.5|1|50|leak: alive shape flat ratio 0.994 silent 0.23 resting 0.00 active 0.50 move 0.17 lock 0.00 static 0.895 pr 13.4 | sent 1:0.71 10:0.71 100:0.71 1000:0.71 2000:0.71 | 27.6s
run39|cstep|2.0|kp1|0.5|0|50|leak: alive shape flat ratio 0.994 silent 0.23 resting 0.00 active 0.50 move 0.164 lock 0.00 static 0.893 pr 13.3 | sent 1:0.71 10:0.71 100:0.71 1000:0.71 2000:0.71 | 26.5s
run39|cstep|4.0|none|0.0|1|51|code: alive shape flat ratio 0.999 silent 0.11 resting 0.00 active 0.50 move 0.657 lock 0.00 static 0.798 pr 20.7 | sent 1:0.71 10:0.71 100:0.71 1000:0.7 2000:0.71 | 19.2s
run39|cstep|4.0|none|0.0|0|51|code: alive shape flat ratio 0.999 silent 0.11 resting 0.00 active 0.50 move 0.648 lock 0.00 static 0.797 pr 20.7 | sent 1:0.71 10:0.71 100:0.71 1000:0.7 2000:0.71 | 17.5s
run39|cstep|4.0|none|0.0|1|50|code: alive shape flat ratio 1.01 silent 0.10 resting 0.00 active 0.50 move 0.666 lock 0.00 static 0.790 pr 20.2 | sent 1:0.71 10:0.71 100:0.7 1000:0.71 2000:0.71 | 23.1s
run39|cstep|4.0|none|0.5|1|51|code: alive shape flat ratio 0.992 silent 0.24 resting 0.00 active 0.49 move 0.164 lock 0.00 static 0.902 pr 13.7 | sent 1:0.71 10:0.7 100:0.7 1000:0.71 2000:0.7 | 17.0s
run39|cstep|4.0|none|0.9|1|50|code: alive shape flat ratio 1 silent 0.33 resting 0.00 active 0.50 move 0.0265 lock 0.00 static 0.911 pr 6.2 | sent 1:0.71 10:0.71 100:0.7 1000:0.71 2000:0.71 | 13.8s
run39|cstep|4.0|none|0.5|1|50|code: alive shape flat ratio 1.01 silent 0.23 resting 0.00 active 0.50 move 0.165 lock 0.00 static 0.900 pr 13.6 | sent 1:0.71 10:0.71 100:0.71 1000:0.7 2000:0.71 | 20.5s
run39|cstep|4.0|none|0.5|0|50|code: alive shape flat ratio 1.01 silent 0.23 resting 0.00 active 0.50 move 0.16 lock 0.00 static 0.898 pr 13.6 | sent 1:0.71 10:0.71 100:0.71 1000:0.7 2000:0.71 | 15.2s
run39|cstep|2.0|kp1|0.9|1|51|leak: alive shape flat ratio 0.984 silent 0.35 resting 0.00 active 0.50 move 0.0245 lock 0.00 static 0.918 pr 5.8 | sent 1:0.71 10:0.7 100:0.71 1000:0.7 2000:0.7 | 28.0s
run39|cstep|2.0|kp1|0.9|1|50|leak: alive shape flat ratio 1 silent 0.35 resting 0.00 active 0.50 move 0.0242 lock 0.00 static 0.925 pr 6.0 | sent 1:0.7 10:0.7 100:0.71 1000:0.71 2000:0.7 | 28.4s
run39|cstep|4.0|none|0.0|0|50|code: alive shape flat ratio 1.01 silent 0.10 resting 0.00 active 0.50 move 0.652 lock 0.00 static 0.789 pr 20.2 | sent 1:0.71 10:0.71 100:0.7 1000:0.71 2000:0.71 | 22.5s
run39|cstep|4.0|none|0.5|0|51|code: alive shape flat ratio 0.992 silent 0.24 resting 0.00 active 0.49 move 0.161 lock 0.00 static 0.900 pr 13.6 | sent 1:0.71 10:0.7 100:0.7 1000:0.71 2000:0.7 | 18.0s
run39|cstep|4.0|none|0.9|0|50|code: alive shape flat ratio 1 silent 0.33 resting 0.00 active 0.50 move 0.0253 lock 0.00 static 0.907 pr 6.2 | sent 1:0.71 10:0.71 100:0.7 1000:0.71 2000:0.71 | 18.5s
run39|cstep|4.0|none|0.9|1|51|code: alive shape flat ratio 0.988 silent 0.35 resting 0.00 active 0.49 move 0.0248 lock 0.00 static 0.921 pr 6.5 | sent 1:0.71 10:0.71 100:0.7 1000:0.71 2000:0.7 | 20.6s
run39|cstep|4.0|kp1|0.0|1|51|code: alive shape flat ratio 0.984 silent 0.10 resting 0.00 active 0.50 move 0.667 lock 0.00 static 0.797 pr 20.8 | sent 1:0.71 10:0.7 100:0.71 1000:0.7 2000:0.7 | 14.4s
run39|cstep|4.0|none|0.5|1|50|leak: alive shape flat ratio 1 silent 0.24 resting 0.00 active 0.50 move 0.169 lock 0.00 static 0.898 pr 13.4 | sent 1:0.7 10:0.71 100:0.71 1000:0.72 2000:0.71 | 22.6s
run39|cstep|4.0|none|0.9|0|51|code: alive shape flat ratio 0.988 silent 0.35 resting 0.00 active 0.49 move 0.0246 lock 0.00 static 0.920 pr 6.5 | sent 1:0.71 10:0.71 100:0.7 1000:0.71 2000:0.7 | 23.6s
run39|cstep|4.0|none|0.5|1|51|leak: alive shape flat ratio 1 silent 0.23 resting 0.00 active 0.50 move 0.168 lock 0.00 static 0.900 pr 13.8 | sent 1:0.71 10:0.71 100:0.71 1000:0.7 2000:0.71 | 23.4s
run39|cstep|4.0|none|0.9|0|50|leak: alive shape flat ratio 1.01 silent 0.34 resting 0.00 active 0.50 move 0.0235 lock 0.00 static 0.920 pr 6.1 | sent 1:0.71 10:0.7 100:0.71 1000:0.71 2000:0.71 | 20.6s
run39|cstep|4.0|kp1|0.0|1|50|code: alive shape flat ratio 0.996 silent 0.10 resting 0.00 active 0.50 move 0.664 lock 0.00 static 0.790 pr 20.1 | sent 1:0.71 10:0.7 100:0.7 1000:0.71 2000:0.71 | 20.6s
run39|cstep|4.0|none|0.5|0|51|leak: alive shape flat ratio 1 silent 0.23 resting 0.00 active 0.50 move 0.164 lock 0.00 static 0.899 pr 13.8 | sent 1:0.71 10:0.71 100:0.71 1000:0.7 2000:0.71 | 24.4s
run39|cstep|4.0|kp1|0.0|0|50|code: alive shape flat ratio 0.996 silent 0.10 resting 0.00 active 0.50 move 0.65 lock 0.00 static 0.789 pr 20.1 | sent 1:0.71 10:0.7 100:0.7 1000:0.71 2000:0.71 | 21.3s
run39|cstep|4.0|kp1|0.0|0|51|code: alive shape flat ratio 0.984 silent 0.10 resting 0.00 active 0.50 move 0.657 lock 0.00 static 0.796 pr 20.8 | sent 1:0.71 10:0.7 100:0.71 1000:0.7 2000:0.7 | 21.4s
run39|cstep|4.0|none|0.5|0|50|leak: alive shape flat ratio 1 silent 0.24 resting 0.00 active 0.50 move 0.163 lock 0.00 static 0.897 pr 13.4 | sent 1:0.7 10:0.71 100:0.71 1000:0.72 2000:0.71 | 28.4s
run39|cstep|4.0|none|0.9|1|50|leak: alive shape flat ratio 1.01 silent 0.34 resting 0.00 active 0.50 move 0.0241 lock 0.00 static 0.922 pr 6.1 | sent 1:0.71 10:0.7 100:0.71 1000:0.71 2000:0.71 | 27.4s
run39|cstep|4.0|none|0.9|1|51|leak: alive shape flat ratio 0.985 silent 0.36 resting 0.00 active 0.49 move 0.0222 lock 0.00 static 0.920 pr 5.3 | sent 1:0.72 10:0.69 100:0.71 1000:0.71 2000:0.7 | 27.1s
run39|cstep|4.0|kp1|0.5|1|50|code: alive shape flat ratio 0.992 silent 0.24 resting 0.00 active 0.50 move 0.165 lock 0.00 static 0.895 pr 13.4 | sent 1:0.71 10:0.7 100:0.71 1000:0.71 2000:0.7 | 24.9s
run39|cstep|4.0|none|0.9|0|51|leak: alive shape flat ratio 0.985 silent 0.36 resting 0.00 active 0.49 move 0.0221 lock 0.00 static 0.917 pr 5.3 | sent 1:0.72 10:0.69 100:0.71 1000:0.71 2000:0.7 | 29.0s
run39|cstep|4.0|kp1|0.9|1|50|code: alive shape flat ratio 0.999 silent 0.34 resting 0.00 active 0.50 move 0.0236 lock 0.00 static 0.909 pr 5.3 | sent 1:0.71 10:0.71 100:0.72 1000:0.7 2000:0.71 | 15.9s
run39|cstep|4.0|kp1|0.5|0|50|code: alive shape flat ratio 0.992 silent 0.24 resting 0.00 active 0.50 move 0.16 lock 0.00 static 0.893 pr 13.4 | sent 1:0.71 10:0.7 100:0.71 1000:0.71 2000:0.7 | 20.5s
run39|cstep|4.0|kp1|0.5|0|51|code: alive shape flat ratio 0.997 silent 0.24 resting 0.00 active 0.50 move 0.163 lock 0.00 static 0.906 pr 13.9 | sent 1:0.71 10:0.7 100:0.71 1000:0.7 2000:0.71 | 22.6s
run39|cstep|4.0|kp1|0.5|1|51|code: alive shape flat ratio 0.997 silent 0.24 resting 0.00 active 0.50 move 0.166 lock 0.00 static 0.907 pr 14.0 | sent 1:0.71 10:0.7 100:0.71 1000:0.7 2000:0.71 | 25.3s
run39|cstep|4.0|kp1|0.9|1|51|code: alive shape flat ratio 0.987 silent 0.35 resting 0.00 active 0.49 move 0.0243 lock 0.00 static 0.912 pr 5.7 | sent 1:0.71 10:0.71 100:0.71 1000:0.7 2000:0.7 | 21.3s
run39|cstep|4.0|kp1|0.5|0|50|leak: alive shape flat ratio 1.01 silent 0.22 resting 0.00 active 0.50 move 0.158 lock 0.00 static 0.891 pr 13.2 | sent 1:0.71 10:0.7 100:0.71 1000:0.71 2000:0.71 | 18.0s
run39|cstep|4.0|kp1|0.9|0|50|code: alive shape flat ratio 0.999 silent 0.34 resting 0.00 active 0.50 move 0.0232 lock 0.00 static 0.906 pr 5.3 | sent 1:0.71 10:0.71 100:0.72 1000:0.7 2000:0.71 | 20.8s
run39|cstep|4.0|kp1|0.5|1|50|leak: alive shape flat ratio 1.01 silent 0.22 resting 0.00 active 0.50 move 0.164 lock 0.00 static 0.893 pr 13.2 | sent 1:0.71 10:0.7 100:0.71 1000:0.71 2000:0.71 | 21.1s
run39|cstep|4.0|kp1|0.9|0|50|leak: alive shape flat ratio 1 silent 0.36 resting 0.00 active 0.50 move 0.0227 lock 0.00 static 0.917 pr 5.4 | sent 1:0.71 10:0.7 100:0.71 1000:0.71 2000:0.71 | 16.6s
run39|cstep|4.0|kp1|0.5|1|51|leak: alive shape flat ratio 1 silent 0.24 resting 0.00 active 0.50 move 0.165 lock 0.00 static 0.902 pr 14.2 | sent 1:0.7 10:0.71 100:0.7 1000:0.71 2000:0.7 | 22.1s
run39|cstep|4.0|kp1|0.9|0|51|code: alive shape flat ratio 0.987 silent 0.35 resting 0.00 active 0.49 move 0.0239 lock 0.00 static 0.910 pr 5.6 | sent 1:0.71 10:0.71 100:0.71 1000:0.7 2000:0.7 | 23.6s
run39|cstep|16.0|none|0.0|1|50|code: alive shape flat ratio 1.01 silent 0.10 resting 0.00 active 0.50 move 0.661 lock 0.00 static 0.785 pr 20.3 | sent 1:0.71 10:0.7 100:0.71 1000:0.71 2000:0.71 | 17.8s
run39|cstep|4.0|kp1|0.9|1|51|leak: alive shape flat ratio 0.98 silent 0.35 resting 0.00 active 0.50 move 0.0243 lock 0.00 static 0.923 pr 5.9 | sent 1:0.71 10:0.71 100:0.71 1000:0.71 2000:0.7 | 21.4s
run39|cstep|4.0|kp1|0.5|0|51|leak: alive shape flat ratio 1 silent 0.24 resting 0.00 active 0.50 move 0.161 lock 0.00 static 0.901 pr 14.1 | sent 1:0.7 10:0.71 100:0.7 1000:0.71 2000:0.7 | 28.0s
run39|cstep|16.0|none|0.0|0|50|code: alive shape flat ratio 1.01 silent 0.10 resting 0.00 active 0.50 move 0.648 lock 0.00 static 0.783 pr 20.2 | sent 1:0.71 10:0.7 100:0.71 1000:0.71 2000:0.71 | 18.6s
run39|cstep|16.0|none|0.0|1|51|code: alive shape flat ratio 0.986 silent 0.10 resting 0.00 active 0.50 move 0.657 lock 0.00 static 0.801 pr 20.7 | sent 1:0.71 10:0.7 100:0.71 1000:0.71 2000:0.7 | 20.1s
run39|cstep|4.0|kp1|0.9|1|50|leak: alive shape flat ratio 1 silent 0.36 resting 0.00 active 0.50 move 0.0235 lock 0.00 static 0.918 pr 5.4 | sent 1:0.71 10:0.7 100:0.71 1000:0.71 2000:0.71 | 29.1s
run39|cstep|4.0|kp1|0.9|0|51|leak: alive shape flat ratio 0.98 silent 0.35 resting 0.00 active 0.50 move 0.0238 lock 0.00 static 0.921 pr 5.9 | sent 1:0.71 10:0.71 100:0.71 1000:0.71 2000:0.7 | 26.4s
run39|cstep|16.0|none|0.5|0|51|code: alive shape flat ratio 0.985 silent 0.24 resting 0.00 active 0.49 move 0.156 lock 0.00 static 0.902 pr 13.8 | sent 1:0.71 10:0.7 100:0.71 1000:0.71 2000:0.7 | 16.4s
run39|cstep|16.0|none|0.9|0|50|code: alive shape flat ratio 1 silent 0.34 resting 0.00 active 0.51 move 0.0247 lock 0.00 static 0.913 pr 6.0 | sent 1:0.71 10:0.71 100:0.71 1000:0.7 2000:0.71 | 13.6s
run39|cstep|16.0|none|0.5|1|50|code: alive shape flat ratio 0.995 silent 0.23 resting 0.00 active 0.50 move 0.165 lock 0.00 static 0.896 pr 13.6 | sent 1:0.71 10:0.7 100:0.7 1000:0.7 2000:0.7 | 18.5s
run39|cstep|16.0|none|0.0|0|51|code: alive shape flat ratio 0.986 silent 0.10 resting 0.00 active 0.50 move 0.645 lock 0.00 static 0.800 pr 20.7 | sent 1:0.71 10:0.7 100:0.71 1000:0.71 2000:0.7 | 22.0s
run39|cstep|16.0|none|0.5|1|51|code: alive shape flat ratio 0.985 silent 0.24 resting 0.00 active 0.49 move 0.16 lock 0.00 static 0.903 pr 13.9 | sent 1:0.71 10:0.7 100:0.71 1000:0.71 2000:0.7 | 21.2s
run39|cstep|16.0|none|0.5|0|50|code: alive shape flat ratio 0.995 silent 0.23 resting 0.00 active 0.50 move 0.16 lock 0.00 static 0.894 pr 13.5 | sent 1:0.71 10:0.7 100:0.7 1000:0.7 2000:0.7 | 21.5s
run39|cstep|16.0|none|0.9|1|50|code: alive shape flat ratio 1 silent 0.34 resting 0.00 active 0.51 move 0.0253 lock 0.00 static 0.915 pr 6.0 | sent 1:0.71 10:0.71 100:0.71 1000:0.7 2000:0.71 | 22.0s
run39|cstep|16.0|none|0.9|1|51|code: alive shape flat ratio 0.989 silent 0.34 resting 0.00 active 0.50 move 0.0257 lock 0.00 static 0.908 pr 6.1 | sent 1:0.71 10:0.71 100:0.7 1000:0.7 2000:0.7 | 21.8s
run39|cstep|16.0|none|0.9|0|51|code: alive shape flat ratio 0.989 silent 0.34 resting 0.00 active 0.50 move 0.0251 lock 0.00 static 0.906 pr 6.1 | sent 1:0.71 10:0.71 100:0.7 1000:0.7 2000:0.7 | 21.5s
run39|cstep|16.0|none|0.5|1|50|leak: alive shape flat ratio 1 silent 0.25 resting 0.00 active 0.50 move 0.161 lock 0.00 static 0.899 pr 13.1 | sent 1:0.71 10:0.71 100:0.7 1000:0.71 2000:0.71 | 22.7s
run39|cstep|16.0|none|0.5|1|51|leak: alive shape flat ratio 0.991 silent 0.24 resting 0.00 active 0.50 move 0.163 lock 0.00 static 0.902 pr 14.0 | sent 1:0.71 10:0.7 100:0.71 1000:0.71 2000:0.7 | 26.0s
run39|cstep|16.0|none|0.5|0|50|leak: alive shape flat ratio 1 silent 0.25 resting 0.00 active 0.50 move 0.156 lock 0.00 static 0.897 pr 13.0 | sent 1:0.71 10:0.71 100:0.7 1000:0.71 2000:0.71 | 23.5s
run39|cstep|16.0|kp1|0.0|0|50|code: alive shape flat ratio 0.986 silent 0.10 resting 0.00 active 0.50 move 0.651 lock 0.00 static 0.786 pr 20.2 | sent 1:0.71 10:0.7 100:0.71 1000:0.71 2000:0.7 | 15.4s
run39|cstep|16.0|kp1|0.0|1|51|code: alive shape flat ratio 0.983 silent 0.11 resting 0.00 active 0.50 move 0.659 lock 0.00 static 0.799 pr 20.8 | sent 1:0.71 10:0.7 100:0.7 1000:0.7 2000:0.7 | 18.1s
run39|cstep|16.0|kp1|0.0|1|50|code: alive shape flat ratio 0.986 silent 0.10 resting 0.00 active 0.50 move 0.666 lock 0.00 static 0.787 pr 20.3 | sent 1:0.71 10:0.7 100:0.71 1000:0.71 2000:0.7 | 19.1s
run39|cstep|16.0|none|0.5|0|51|leak: alive shape flat ratio 0.991 silent 0.24 resting 0.00 active 0.50 move 0.159 lock 0.00 static 0.901 pr 14.0 | sent 1:0.71 10:0.7 100:0.71 1000:0.71 2000:0.7 | 24.0s
run39|cstep|16.0|none|0.9|0|51|leak: alive shape flat ratio 1 silent 0.35 resting 0.00 active 0.50 move 0.0225 lock 0.00 static 0.921 pr 6.1 | sent 1:0.71 10:0.71 100:0.7 1000:0.71 2000:0.71 | 21.1s
run39|cstep|16.0|kp1|0.5|1|50|code: alive shape flat ratio 0.997 silent 0.24 resting 0.00 active 0.50 move 0.166 lock 0.00 static 0.899 pr 13.2 | sent 1:0.71 10:0.71 100:0.71 1000:0.71 2000:0.71 | 16.3s
run39|cstep|16.0|kp1|0.0|0|51|code: alive shape flat ratio 0.983 silent 0.11 resting 0.00 active 0.50 move 0.646 lock 0.00 static 0.798 pr 20.7 | sent 1:0.71 10:0.7 100:0.7 1000:0.7 2000:0.7 | 17.0s
run39|cstep|16.0|none|0.9|0|50|leak: alive shape flat ratio 1.01 silent 0.33 resting 0.00 active 0.50 move 0.0244 lock 0.00 static 0.914 pr 6.1 | sent 1:0.7 10:0.7 100:0.7 1000:0.71 2000:0.71 | 25.9s
run39|cstep|16.0|kp1|0.5|0|50|code: alive shape flat ratio 0.997 silent 0.24 resting 0.00 active 0.50 move 0.16 lock 0.00 static 0.898 pr 13.1 | sent 1:0.71 10:0.71 100:0.71 1000:0.71 2000:0.71 | 16.0s
run39|cstep|16.0|none|0.9|1|51|leak: alive shape flat ratio 1 silent 0.35 resting 0.00 active 0.50 move 0.0229 lock 0.00 static 0.923 pr 6.1 | sent 1:0.71 10:0.71 100:0.7 1000:0.71 2000:0.71 | 27.1s
run39|cstep|16.0|none|0.9|1|50|leak: alive shape flat ratio 1.01 silent 0.33 resting 0.00 active 0.50 move 0.0252 lock 0.00 static 0.916 pr 6.1 | sent 1:0.7 10:0.7 100:0.7 1000:0.71 2000:0.71 | 27.3s
run39|cstep|16.0|kp1|0.5|0|51|code: alive shape flat ratio 0.987 silent 0.24 resting 0.00 active 0.50 move 0.159 lock 0.00 static 0.902 pr 13.6 | sent 1:0.71 10:0.7 100:0.71 1000:0.7 2000:0.7 | 21.9s
run39|cstep|16.0|kp1|0.5|1|51|code: alive shape flat ratio 0.987 silent 0.24 resting 0.00 active 0.50 move 0.163 lock 0.00 static 0.904 pr 13.6 | sent 1:0.71 10:0.7 100:0.71 1000:0.7 2000:0.7 | 26.4s
run39|cstep|16.0|kp1|0.9|1|50|code: alive shape flat ratio 0.999 silent 0.35 resting 0.00 active 0.50 move 0.024 lock 0.00 static 0.916 pr 5.7 | sent 1:0.71 10:0.71 100:0.71 1000:0.72 2000:0.71 | 23.5s
run39|cstep|16.0|kp1|0.9|1|51|code: alive shape flat ratio 0.989 silent 0.35 resting 0.00 active 0.49 move 0.0247 lock 0.00 static 0.923 pr 6.0 | sent 1:0.71 10:0.7 100:0.7 1000:0.7 2000:0.7 | 21.0s
run39|cstep|16.0|kp1|0.9|0|50|code: alive shape flat ratio 0.999 silent 0.35 resting 0.00 active 0.50 move 0.0234 lock 0.00 static 0.914 pr 5.7 | sent 1:0.71 10:0.71 100:0.71 1000:0.72 2000:0.71 | 19.1s
run39|cstep|16.0|kp1|0.9|0|51|code: alive shape flat ratio 0.989 silent 0.35 resting 0.00 active 0.49 move 0.0244 lock 0.00 static 0.919 pr 6.0 | sent 1:0.71 10:0.7 100:0.7 1000:0.7 2000:0.7 | 19.4s
run39|sign|0.1|none|0.0|1|50|code: alive shape flat ratio 1 silent 0.00 resting 0.00 active 1.00 move 1.41 lock 0.00 static 0.004 pr 22.9 | sent 1:1 10:1 100:1 1000:1 2000:1 | 13.6s
run39|sign|0.1|none|0.0|1|51|code: alive shape flat ratio 1 silent 0.00 resting 0.00 active 1.00 move 1.41 lock 0.00 static 0.003 pr 23.2 | sent 1:1 10:1 100:1 1000:1 2000:1 | 13.6s
run39|sign|0.1|none|0.0|0|50|code: alive shape flat ratio 1 silent 0.00 resting 0.00 active 1.00 move 1.41 lock 0.00 static 0.004 pr 22.9 | sent 1:1 10:1 100:1 1000:1 2000:1 | 8.1s
run39|cstep|16.0|kp1|0.9|0|50|leak: alive shape flat ratio 1 silent 0.33 resting 0.00 active 0.50 move 0.0245 lock 0.00 static 0.908 pr 5.5 | sent 1:0.71 10:0.71 100:0.71 1000:0.71 2000:0.71 | 18.5s
run39|cstep|16.0|kp1|0.9|0|51|leak: alive shape flat ratio 1 silent 0.36 resting 0.00 active 0.50 move 0.0232 lock 0.00 static 0.928 pr 6.2 | sent 1:0.7 10:0.7 100:0.71 1000:0.7 2000:0.71 | 18.0s
run39|cstep|16.0|kp1|0.5|1|50|leak: alive shape flat ratio 0.991 silent 0.23 resting 0.00 active 0.50 move 0.165 lock 0.00 static 0.892 pr 13.3 | sent 1:0.71 10:0.71 100:0.71 1000:0.71 2000:0.7 | 25.1s
run39|cstep|16.0|kp1|0.5|1|51|leak: alive shape flat ratio 1 silent 0.24 resting 0.00 active 0.50 move 0.165 lock 0.00 static 0.905 pr 13.5 | sent 1:0.71 10:0.71 100:0.71 1000:0.71 2000:0.71 | 24.8s
run39|sign|0.1|none|0.5|1|51|code: alive shape flat ratio 1 silent 0.00 resting 0.00 active 1.00 move 0.43 lock 0.00 static 0.040 pr 15.1 | sent 1:1 10:1 100:1 1000:1 2000:1 | 7.6s
run39|sign|0.1|none|0.0|0|51|code: alive shape flat ratio 1 silent 0.00 resting 0.00 active 1.00 move 1.41 lock 0.00 static 0.003 pr 23.2 | sent 1:1 10:1 100:1 1000:1 2000:1 | 11.2s
run39|sign|0.1|none|0.5|0|51|code: alive shape flat ratio 1 silent 0.00 resting 0.00 active 1.00 move 0.43 lock 0.00 static 0.040 pr 15.1 | sent 1:1 10:1 100:1 1000:1 2000:1 | 7.5s
run39|sign|0.1|none|0.9|0|50|code: alive shape flat ratio 1 silent 0.00 resting 0.00 active 1.00 move 0.0654 lock 0.00 static 0.268 pr 5.7 | sent 1:1 10:1 100:1 1000:1 2000:1 | 6.9s
run39|sign|0.1|none|0.5|0|50|code: alive shape flat ratio 1 silent 0.00 resting 0.00 active 1.00 move 0.448 lock 0.00 static 0.052 pr 15.7 | sent 1:1 10:1 100:1 1000:1 2000:1 | 8.8s
run39|cstep|16.0|kp1|0.5|0|51|leak: alive shape flat ratio 1 silent 0.24 resting 0.00 active 0.50 move 0.162 lock 0.00 static 0.904 pr 13.4 | sent 1:0.71 10:0.71 100:0.71 1000:0.71 2000:0.71 | 26.6s
run39|sign|0.1|none|0.9|1|51|code: alive shape flat ratio 1 silent 0.00 resting 0.00 active 1.00 move 0.0666 lock 0.00 static 0.167 pr 5.5 | sent 1:1 10:1 100:1 1000:1 2000:1 | 9.0s
run39|cstep|16.0|kp1|0.9|1|50|leak: alive shape flat ratio 1 silent 0.33 resting 0.00 active 0.50 move 0.0255 lock 0.00 static 0.911 pr 5.5 | sent 1:0.71 10:0.71 100:0.71 1000:0.71 2000:0.71 | 27.1s
run39|cstep|16.0|kp1|0.5|0|50|leak: alive shape flat ratio 0.991 silent 0.23 resting 0.00 active 0.50 move 0.159 lock 0.00 static 0.891 pr 13.2 | sent 1:0.71 10:0.71 100:0.71 1000:0.71 2000:0.7 | 29.0s
run39|cstep|16.0|kp1|0.9|1|51|leak: alive shape flat ratio 1 silent 0.36 resting 0.00 active 0.50 move 0.0235 lock 0.00 static 0.930 pr 6.2 | sent 1:0.7 10:0.7 100:0.71 1000:0.7 2000:0.71 | 28.4s
run39|sign|0.1|none|0.5|1|50|code: alive shape flat ratio 1 silent 0.00 resting 0.00 active 1.00 move 0.448 lock 0.00 static 0.052 pr 15.7 | sent 1:1 10:1 100:1 1000:1 2000:1 | 13.9s
run39|sign|0.1|none|0.9|1|50|code: alive shape flat ratio 1 silent 0.00 resting 0.00 active 1.00 move 0.0663 lock 0.00 static 0.266 pr 5.9 | sent 1:1 10:1 100:1 1000:1 2000:1 | 13.4s
run39|sign|0.1|none|0.5|1|50|leak: alive shape flat ratio 1 silent 0.00 resting 0.00 active 1.00 move 0.432 lock 0.00 static 0.047 pr 15.2 | sent 1:1 10:1 100:1 1000:1 2000:1 | 9.6s
run39|sign|0.1|none|0.5|1|51|leak: alive shape flat ratio 1 silent 0.00 resting 0.00 active 1.00 move 0.434 lock 0.00 static 0.029 pr 15.9 | sent 1:1 10:1 100:1 1000:1 2000:1 | 9.8s
run39|sign|0.1|none|0.5|0|50|leak: alive shape flat ratio 1 silent 0.00 resting 0.00 active 1.00 move 0.432 lock 0.00 static 0.047 pr 15.2 | sent 1:1 10:1 100:1 1000:1 2000:1 | 9.3s
run39|sign|0.1|none|0.5|0|51|leak: alive shape flat ratio 1 silent 0.00 resting 0.00 active 1.00 move 0.434 lock 0.00 static 0.029 pr 15.9 | sent 1:1 10:1 100:1 1000:1 2000:1 | 9.4s
run39|sign|0.1|kp1|0.0|1|51|code: alive shape flat ratio 1 silent 0.00 resting 0.00 active 1.00 move 1.41 lock 0.00 static 0.003 pr 23.3 | sent 1:1 10:1 100:1 1000:1 2000:1 | 7.3s
run39|sign|0.1|none|0.9|0|50|leak: alive shape flat ratio 1 silent 0.00 resting 0.00 active 1.00 move 0.0639 lock 0.00 static 0.188 pr 5.8 | sent 1:1 10:1 100:1 1000:1 2000:1 | 9.3s
run39|sign|0.1|none|0.9|1|51|leak: alive shape flat ratio 1 silent 0.00 resting 0.00 active 1.00 move 0.0656 lock 0.00 static 0.194 pr 5.9 | sent 1:1 10:1 100:1 1000:1 2000:1 | 9.8s
run39|sign|0.1|none|0.9|0|51|code: alive shape flat ratio 1 silent 0.00 resting 0.00 active 1.00 move 0.0658 lock 0.00 static 0.168 pr 5.2 | sent 1:1 10:1 100:1 1000:1 2000:1 | 13.3s
run39|sign|0.1|none|0.9|0|51|leak: alive shape flat ratio 1 silent 0.00 resting 0.00 active 1.00 move 0.0656 lock 0.00 static 0.194 pr 5.9 | sent 1:1 10:1 100:1 1000:1 2000:1 | 12.7s
run39|sign|0.1|kp1|0.5|0|51|code: alive shape flat ratio 1 silent 0.00 resting 0.00 active 1.00 move 0.436 lock 0.00 static 0.025 pr 15.3 | sent 1:1 10:1 100:1 1000:1 2000:1 | 7.2s
run39|sign|0.1|kp1|0.0|1|50|code: alive shape flat ratio 1 silent 0.00 resting 0.00 active 1.00 move 1.41 lock 0.00 static 0.004 pr 22.9 | sent 1:1 10:1 100:1 1000:1 2000:1 | 13.4s
run39|sign|0.1|kp1|0.9|1|50|code: alive shape flat ratio 1 silent 0.00 resting 0.00 active 1.00 move 0.0639 lock 0.00 static 0.223 pr 5.4 | sent 1:1 10:1 100:1 1000:1 2000:1 | 7.5s
run39|sign|0.1|kp1|0.0|0|50|code: alive shape flat ratio 1 silent 0.00 resting 0.00 active 1.00 move 1.41 lock 0.00 static 0.004 pr 22.9 | sent 1:1 10:1 100:1 1000:1 2000:1 | 12.7s
run39|sign|0.1|kp1|0.9|1|51|code: alive shape flat ratio 1 silent 0.00 resting 0.00 active 1.00 move 0.0591 lock 0.00 static 0.227 pr 5.6 | sent 1:1 10:1 100:1 1000:1 2000:1 | 7.7s
run39|sign|0.1|kp1|0.9|0|50|code: alive shape flat ratio 1 silent 0.00 resting 0.00 active 1.00 move 0.0628 lock 0.00 static 0.224 pr 5.2 | sent 1:1 10:1 100:1 1000:1 2000:1 | 7.1s
run39|sign|0.1|kp1|0.9|0|51|code: alive shape flat ratio 1 silent 0.00 resting 0.00 active 1.00 move 0.0576 lock 0.00 static 0.230 pr 5.4 | sent 1:1 10:1 100:1 1000:1 2000:1 | 7.2s
run39|sign|0.1|none|0.9|1|50|leak: alive shape flat ratio 1 silent 0.00 resting 0.00 active 1.00 move 0.0639 lock 0.00 static 0.188 pr 5.8 | sent 1:1 10:1 100:1 1000:1 2000:1 | 17.9s
run39|sign|0.1|kp1|0.0|0|51|code: alive shape flat ratio 1 silent 0.00 resting 0.00 active 1.00 move 1.41 lock 0.00 static 0.003 pr 23.3 | sent 1:1 10:1 100:1 1000:1 2000:1 | 13.1s
run39|sign|0.1|kp1|0.5|1|50|code: alive shape flat ratio 1 silent 0.00 resting 0.00 active 1.00 move 0.434 lock 0.00 static 0.050 pr 15.5 | sent 1:1 10:1 100:1 1000:1 2000:1 | 13.9s
run39|sign|0.1|kp1|0.5|1|51|code: alive shape flat ratio 1 silent 0.00 resting 0.00 active 1.00 move 0.436 lock 0.00 static 0.025 pr 15.3 | sent 1:1 10:1 100:1 1000:1 2000:1 | 13.9s
run39|sign|0.1|kp1|0.5|1|50|leak: alive shape flat ratio 1 silent 0.00 resting 0.00 active 1.00 move 0.441 lock 0.00 static 0.039 pr 15.3 | sent 1:1 10:1 100:1 1000:1 2000:1 | 9.7s
run39|sign|0.1|kp1|0.5|1|51|leak: alive shape flat ratio 1 silent 0.00 resting 0.00 active 1.00 move 0.436 lock 0.00 static 0.069 pr 16.0 | sent 1:1 10:1 100:1 1000:1 2000:1 | 9.8s
run39|sign|0.1|kp1|0.5|0|50|code: alive shape flat ratio 1 silent 0.00 resting 0.00 active 1.00 move 0.434 lock 0.00 static 0.050 pr 15.5 | sent 1:1 10:1 100:1 1000:1 2000:1 | 13.0s
run39|sign|0.1|kp1|0.5|0|51|leak: alive shape flat ratio 1 silent 0.00 resting 0.00 active 1.00 move 0.436 lock 0.00 static 0.069 pr 16.0 | sent 1:1 10:1 100:1 1000:1 2000:1 | 9.3s
run39|sign|0.3|none|0.0|1|50|code: alive shape flat ratio 1 silent 0.00 resting 0.00 active 1.00 move 1.42 lock 0.00 static 0.003 pr 22.9 | sent 1:1 10:1 100:1 1000:1 2000:1 | 7.0s
run39|sign|0.3|none|0.0|1|51|code: alive shape flat ratio 1 silent 0.00 resting 0.00 active 1.00 move 1.42 lock 0.00 static 0.003 pr 23.3 | sent 1:1 10:1 100:1 1000:1 2000:1 | 7.1s
run39|sign|0.3|none|0.0|0|50|code: alive shape flat ratio 1 silent 0.00 resting 0.00 active 1.00 move 1.42 lock 0.00 static 0.003 pr 22.8 | sent 1:1 10:1 100:1 1000:1 2000:1 | 6.5s
run39|sign|0.1|kp1|0.9|1|50|leak: alive shape flat ratio 1 silent 0.00 resting 0.00 active 1.00 move 0.0653 lock 0.00 static 0.190 pr 5.8 | sent 1:1 10:1 100:1 1000:1 2000:1 | 9.6s
run39|sign|0.1|kp1|0.9|0|50|leak: alive shape flat ratio 1 silent 0.00 resting 0.00 active 1.00 move 0.0653 lock 0.00 static 0.190 pr 5.8 | sent 1:1 10:1 100:1 1000:1 2000:1 | 9.3s
run39|sign|0.3|none|0.5|0|51|code: alive shape flat ratio 1 silent 0.00 resting 0.00 active 1.00 move 0.432 lock 0.00 static 0.052 pr 15.7 | sent 1:1 10:1 100:1 1000:1 2000:1 | 6.8s
run39|sign|0.3|none|0.9|1|50|code: alive shape flat ratio 1 silent 0.00 resting 0.00 active 1.00 move 0.0624 lock 0.00 static 0.257 pr 5.5 | sent 1:1 10:1 100:1 1000:1 2000:1 | 7.2s
run39|sign|0.1|kp1|0.5|0|50|leak: alive shape flat ratio 1 silent 0.00 resting 0.00 active 1.00 move 0.441 lock 0.00 static 0.039 pr 15.3 | sent 1:1 10:1 100:1 1000:1 2000:1 | 17.3s
run39|sign|0.3|none|0.9|0|50|code: alive shape flat ratio 1 silent 0.00 resting 0.00 active 1.00 move 0.0615 lock 0.00 static 0.259 pr 5.3 | sent 1:1 10:1 100:1 1000:1 2000:1 | 6.8s
run39|sign|0.3|none|0.0|0|51|code: alive shape flat ratio 1 silent 0.00 resting 0.00 active 1.00 move 1.42 lock 0.00 static 0.003 pr 23.3 | sent 1:1 10:1 100:1 1000:1 2000:1 | 12.2s
run39|sign|0.3|none|0.9|0|51|code: alive shape flat ratio 1 silent 0.00 resting 0.00 active 1.00 move 0.0659 lock 0.00 static 0.179 pr 5.9 | sent 1:1 10:1 100:1 1000:1 2000:1 | 6.9s
run39|sign|0.3|none|0.5|1|50|code: alive shape flat ratio 1 silent 0.00 resting 0.00 active 1.00 move 0.437 lock 0.00 static 0.041 pr 15.6 | sent 1:1 10:1 100:1 1000:1 2000:1 | 13.5s
run39|sign|0.3|none|0.5|0|50|code: alive shape flat ratio 1 silent 0.00 resting 0.00 active 1.00 move 0.434 lock 0.00 static 0.042 pr 15.2 | sent 1:1 10:1 100:1 1000:1 2000:1 | 12.6s
run39|sign|0.3|none|0.5|1|51|code: alive shape flat ratio 1 silent 0.00 resting 0.00 active 1.00 move 0.435 lock 0.00 static 0.051 pr 16.1 | sent 1:1 10:1 100:1 1000:1 2000:1 | 13.5s
run39|sign|0.3|none|0.5|1|50|leak: alive shape flat ratio 1 silent 0.00 resting 0.00 active 1.00 move 0.445 lock 0.00 static 0.035 pr 15.6 | sent 1:1 10:1 100:1 1000:1 2000:1 | 9.7s
run39|sign|0.3|none|0.9|1|51|code: alive shape flat ratio 1 silent 0.00 resting 0.00 active 1.00 move 0.0669 lock 0.00 static 0.174 pr 6.2 | sent 1:1 10:1 100:1 1000:1 2000:1 | 13.5s
run39|sign|0.3|none|0.5|0|50|leak: alive shape flat ratio 1 silent 0.00 resting 0.00 active 1.00 move 0.445 lock 0.00 static 0.035 pr 15.6 | sent 1:1 10:1 100:1 1000:1 2000:1 | 9.3s
run39|sign|0.1|kp1|0.9|0|51|leak: alive shape flat ratio 1 silent 0.00 resting 0.00 active 1.00 move 0.0657 lock 0.00 static 0.247 pr 5.8 | sent 1:1 10:1 100:1 1000:1 2000:1 | 17.6s
run39|sign|0.3|none|0.5|1|51|leak: alive shape flat ratio 1 silent 0.00 resting 0.00 active 1.00 move 0.428 lock 0.00 static 0.037 pr 15.2 | sent 1:1 10:1 100:1 1000:1 2000:1 | 9.8s
run39|sign|0.1|kp1|0.9|1|51|leak: alive shape flat ratio 1 silent 0.00 resting 0.00 active 1.00 move 0.0657 lock 0.00 static 0.247 pr 5.8 | sent 1:1 10:1 100:1 1000:1 2000:1 | 18.3s
run39|sign|0.3|none|0.5|0|51|leak: alive shape flat ratio 1 silent 0.00 resting 0.00 active 1.00 move 0.428 lock 0.00 static 0.037 pr 15.2 | sent 1:1 10:1 100:1 1000:1 2000:1 | 9.3s
run39|sign|0.3|none|0.9|1|50|leak: alive shape flat ratio 1 silent 0.00 resting 0.00 active 1.00 move 0.06 lock 0.00 static 0.170 pr 4.6 | sent 1:1 10:1 100:1 1000:1 2000:1 | 9.6s
run39|sign|0.3|none|0.9|1|51|leak: alive shape flat ratio 1 silent 0.00 resting 0.00 active 1.00 move 0.0648 lock 0.00 static 0.197 pr 5.5 | sent 1:1 10:1 100:1 1000:1 2000:1 | 9.8s
run39|sign|0.3|kp1|0.0|1|51|code: alive shape flat ratio 1 silent 0.00 resting 0.00 active 1.00 move 1.42 lock 0.00 static 0.006 pr 23.3 | sent 1:1 10:1 100:1 1000:1 2000:1 | 7.2s
run39|sign|0.3|none|0.9|0|51|leak: alive shape flat ratio 1 silent 0.00 resting 0.00 active 1.00 move 0.0648 lock 0.00 static 0.197 pr 5.5 | sent 1:1 10:1 100:1 1000:1 2000:1 | 9.3s
run39|sign|0.3|kp1|0.5|0|51|code: alive shape flat ratio 1 silent 0.00 resting 0.00 active 1.00 move 0.426 lock 0.00 static 0.028 pr 14.9 | sent 1:1 10:1 100:1 1000:1 2000:1 | 7.0s
run39|sign|0.3|kp1|0.9|1|51|code: alive shape flat ratio 1 silent 0.00 resting 0.00 active 1.00 move 0.0706 lock 0.00 static 0.205 pr 5.7 | sent 1:1 10:1 100:1 1000:1 2000:1 | 7.4s
run39|sign|0.3|kp1|0.5|1|51|code: alive shape flat ratio 1 silent 0.00 resting 0.00 active 1.00 move 0.43 lock 0.00 static 0.027 pr 15.4 | sent 1:1 10:1 100:1 1000:1 2000:1 | 8.1s
run39|sign|0.3|kp1|0.9|0|51|code: alive shape flat ratio 1 silent 0.00 resting 0.00 active 1.00 move 0.0697 lock 0.00 static 0.205 pr 5.5 | sent 1:1 10:1 100:1 1000:1 2000:1 | 7.1s
run39|sign|0.3|kp1|0.0|1|50|code: alive shape flat ratio 1 silent 0.00 resting 0.00 active 1.00 move 1.4 lock 0.00 static 0.003 pr 22.9 | sent 1:1 10:1 100:1 1000:1 2000:1 | 13.2s
run39|sign|0.3|kp1|0.0|0|50|code: alive shape flat ratio 1 silent 0.00 resting 0.00 active 1.00 move 1.4 lock 0.00 static 0.003 pr 22.9 | sent 1:1 10:1 100:1 1000:1 2000:1 | 12.4s
run39|sign|0.3|kp1|0.0|0|51|code: alive shape flat ratio 1 silent 0.00 resting 0.00 active 1.00 move 1.42 lock 0.00 static 0.006 pr 23.3 | sent 1:1 10:1 100:1 1000:1 2000:1 | 12.4s
run39|sign|0.3|none|0.9|0|50|leak: alive shape flat ratio 1 silent 0.00 resting 0.00 active 1.00 move 0.06 lock 0.00 static 0.170 pr 4.6 | sent 1:1 10:1 100:1 1000:1 2000:1 | 16.3s
run39|sign|0.3|kp1|0.5|1|50|leak: alive shape flat ratio 1 silent 0.00 resting 0.00 active 1.00 move 0.434 lock 0.00 static 0.030 pr 15.5 | sent 1:1 10:1 100:1 1000:1 2000:1 | 9.7s
run39|sign|0.3|kp1|0.5|1|50|code: alive shape flat ratio 1 silent 0.00 resting 0.00 active 1.00 move 0.451 lock 0.00 static 0.021 pr 15.6 | sent 1:1 10:1 100:1 1000:1 2000:1 | 13.6s
run39|sign|0.3|kp1|0.5|0|50|code: alive shape flat ratio 1 silent 0.00 resting 0.00 active 1.00 move 0.448 lock 0.00 static 0.021 pr 15.3 | sent 1:1 10:1 100:1 1000:1 2000:1 | 12.9s
run39|sign|0.3|kp1|0.5|1|51|leak: alive shape flat ratio 1 silent 0.00 resting 0.00 active 1.00 move 0.426 lock 0.00 static 0.044 pr 15.5 | sent 1:1 10:1 100:1 1000:1 2000:1 | 9.8s
run39|sign|0.3|kp1|0.5|0|50|leak: alive shape flat ratio 1 silent 0.00 resting 0.00 active 1.00 move 0.434 lock 0.00 static 0.030 pr 15.5 | sent 1:1 10:1 100:1 1000:1 2000:1 | 9.3s
run39|sign|0.3|kp1|0.9|0|50|code: alive shape flat ratio 1 silent 0.00 resting 0.00 active 1.00 move 0.0707 lock 0.00 static 0.243 pr 6.0 | sent 1:1 10:1 100:1 1000:1 2000:1 | 12.8s
run39|sign|0.3|kp1|0.9|1|50|code: alive shape flat ratio 1 silent 0.00 resting 0.00 active 1.00 move 0.0722 lock 0.00 static 0.243 pr 6.3 | sent 1:1 10:1 100:1 1000:1 2000:1 | 13.6s
run39|sign|0.3|kp1|0.5|0|51|leak: alive shape flat ratio 1 silent 0.00 resting 0.00 active 1.00 move 0.426 lock 0.00 static 0.044 pr 15.5 | sent 1:1 10:1 100:1 1000:1 2000:1 | 9.3s
run39|sign|0.3|kp1|0.9|1|50|leak: alive shape flat ratio 1 silent 0.00 resting 0.00 active 1.00 move 0.0637 lock 0.00 static 0.197 pr 5.4 | sent 1:1 10:1 100:1 1000:1 2000:1 | 9.8s
run39|sign|0.3|kp1|0.9|1|51|leak: alive shape flat ratio 1 silent 0.00 resting 0.00 active 1.00 move 0.0592 lock 0.00 static 0.265 pr 5.0 | sent 1:1 10:1 100:1 1000:1 2000:1 | 9.8s
run39|sign|0.3|kp1|0.9|0|51|leak: alive shape flat ratio 1 silent 0.00 resting 0.00 active 1.00 move 0.0592 lock 0.00 static 0.265 pr 5.0 | sent 1:1 10:1 100:1 1000:1 2000:1 | 9.5s
run39|sign|0.3|kp1|0.9|0|50|leak: alive shape flat ratio 1 silent 0.00 resting 0.00 active 1.00 move 0.0637 lock 0.00 static 0.197 pr 5.4 | sent 1:1 10:1 100:1 1000:1 2000:1 | 12.9s
run39|sign|1.0|none|0.0|0|51|code: alive shape flat ratio 1 silent 0.00 resting 0.00 active 1.00 move 1.42 lock 0.00 static 0.003 pr 23.3 | sent 1:1 10:1 100:1 1000:1 2000:1 | 6.5s
run39|sign|1.0|none|0.0|1|50|code: alive shape flat ratio 1 silent 0.00 resting 0.00 active 1.00 move 1.41 lock 0.00 static 0.003 pr 23.0 | sent 1:1 10:1 100:1 1000:1 2000:1 | 6.9s
run39|sign|1.0|none|0.0|1|51|code: alive shape flat ratio 1 silent 0.00 resting 0.00 active 1.00 move 1.42 lock 0.00 static 0.003 pr 23.4 | sent 1:1 10:1 100:1 1000:1 2000:1 | 7.0s
run39|sign|1.0|none|0.5|1|50|code: alive shape flat ratio 1 silent 0.00 resting 0.00 active 1.00 move 0.456 lock 0.00 static 0.038 pr 16.0 | sent 1:1 10:1 100:1 1000:1 2000:1 | 7.2s
run39|sign|1.0|none|0.9|0|51|code: alive shape flat ratio 1 silent 0.00 resting 0.00 active 1.00 move 0.062 lock 0.00 static 0.250 pr 4.9 | sent 1:1 10:1 100:1 1000:1 2000:1 | 9.3s
run39|sign|1.0|none|0.9|1|51|code: alive shape flat ratio 1 silent 0.00 resting 0.00 active 1.00 move 0.0637 lock 0.00 static 0.252 pr 5.1 | sent 1:1 10:1 100:1 1000:1 2000:1 | 9.7s
run39|sign|1.0|none|0.0|0|50|code: alive shape flat ratio 1 silent 0.00 resting 0.00 active 1.00 move 1.41 lock 0.00 static 0.004 pr 22.9 | sent 1:1 10:1 100:1 1000:1 2000:1 | 11.6s
run39|sign|1.0|none|0.5|0|50|code: alive shape flat ratio 1 silent 0.00 resting 0.00 active 1.00 move 0.452 lock 0.00 static 0.038 pr 15.5 | sent 1:1 10:1 100:1 1000:1 2000:1 | 12.1s
run39|sign|1.0|none|0.5|1|50|leak: alive shape flat ratio 1 silent 0.00 resting 0.00 active 1.00 move 0.45 lock 0.00 static 0.038 pr 16.1 | sent 1:1 10:1 100:1 1000:1 2000:1 | 12.3s
run39|sign|1.0|none|0.9|0|50|code: alive shape flat ratio 1 silent 0.00 resting 0.00 active 1.00 move 0.0651 lock 0.00 static 0.214 pr 5.8 | sent 1:1 10:1 100:1 1000:1 2000:1 | 12.3s
run39|sign|1.0|none|0.5|0|51|code: alive shape flat ratio 1 silent 0.00 resting 0.00 active 1.00 move 0.441 lock 0.00 static 0.074 pr 15.8 | sent 1:1 10:1 100:1 1000:1 2000:1 | 12.4s
run39|sign|1.0|none|0.9|1|50|code: alive shape flat ratio 1 silent 0.00 resting 0.00 active 1.00 move 0.066 lock 0.00 static 0.214 pr 6.1 | sent 1:1 10:1 100:1 1000:1 2000:1 | 12.9s
run39|sign|1.0|none|0.5|1|51|code: alive shape flat ratio 1 silent 0.00 resting 0.00 active 1.00 move 0.446 lock 0.00 static 0.072 pr 16.3 | sent 1:1 10:1 100:1 1000:1 2000:1 | 13.0s
run39|sign|1.0|none|0.9|0|51|leak: alive shape flat ratio 1 silent 0.00 resting 0.00 active 1.00 move 0.0658 lock 0.00 static 0.168 pr 5.2 | sent 1:1 10:1 100:1 1000:1 2000:1 | 9.6s
run39|sign|1.0|kp1|0.0|1|50|code: alive shape flat ratio 1 silent 0.00 resting 0.00 active 1.00 move 1.42 lock 0.00 static 0.003 pr 23.1 | sent 1:1 10:1 100:1 1000:1 2000:1 | 7.4s
run39|sign|1.0|none|0.5|0|50|leak: alive shape flat ratio 1 silent 0.00 resting 0.00 active 1.00 move 0.446 lock 0.00 static 0.038 pr 15.6 | sent 1:1 10:1 100:1 1000:1 2000:1 | 17.0s
run39|sign|1.0|none|0.5|0|51|leak: alive shape flat ratio 1 silent 0.00 resting 0.00 active 1.00 move 0.431 lock 0.00 static 0.095 pr 15.6 | sent 1:1 10:1 100:1 1000:1 2000:1 | 17.6s
run39|sign|1.0|none|0.9|1|50|leak: alive shape flat ratio 1 silent 0.00 resting 0.00 active 1.00 move 0.0668 lock 0.00 static 0.225 pr 5.7 | sent 1:1 10:1 100:1 1000:1 2000:1 | 11.2s
run39|sign|1.0|none|0.5|1|51|leak: alive shape flat ratio 1 silent 0.00 resting 0.00 active 1.00 move 0.436 lock 0.00 static 0.092 pr 16.0 | sent 1:1 10:1 100:1 1000:1 2000:1 | 17.9s
run39|sign|1.0|none|0.9|0|50|leak: alive shape flat ratio 1 silent 0.00 resting 0.00 active 1.00 move 0.066 lock 0.00 static 0.225 pr 5.5 | sent 1:1 10:1 100:1 1000:1 2000:1 | 11.3s
run39|sign|1.0|none|0.9|1|51|leak: alive shape flat ratio 1 silent 0.00 resting 0.00 active 1.00 move 0.0666 lock 0.00 static 0.167 pr 5.5 | sent 1:1 10:1 100:1 1000:1 2000:1 | 11.9s
run39|sign|1.0|kp1|0.0|1|51|code: alive shape flat ratio 1 silent 0.00 resting 0.00 active 1.00 move 1.42 lock 0.00 static 0.004 pr 23.4 | sent 1:1 10:1 100:1 1000:1 2000:1 | 10.1s
run39|sign|1.0|kp1|0.5|0|51|code: alive shape flat ratio 1 silent 0.00 resting 0.00 active 1.00 move 0.428 lock 0.00 static 0.024 pr 15.4 | sent 1:1 10:1 100:1 1000:1 2000:1 | 9.7s
run39|sign|1.0|kp1|0.5|0|50|code: alive shape flat ratio 1 silent 0.00 resting 0.00 active 1.00 move 0.441 lock 0.00 static 0.024 pr 15.1 | sent 1:1 10:1 100:1 1000:1 2000:1 | 10.7s
run39|sign|1.0|kp1|0.0|0|50|code: alive shape flat ratio 1 silent 0.00 resting 0.00 active 1.00 move 1.42 lock 0.00 static 0.003 pr 22.9 | sent 1:1 10:1 100:1 1000:1 2000:1 | 12.3s
run39|sign|1.0|kp1|0.9|1|50|code: alive shape flat ratio 1 silent 0.00 resting 0.00 active 1.00 move 0.0656 lock 0.00 static 0.182 pr 5.7 | sent 1:1 10:1 100:1 1000:1 2000:1 | 11.9s
run39|sign|1.0|kp1|0.0|0|51|code: alive shape flat ratio 1 silent 0.00 resting 0.00 active 1.00 move 1.42 lock 0.00 static 0.004 pr 23.3 | sent 1:1 10:1 100:1 1000:1 2000:1 | 12.7s
run39|sign|1.0|kp1|0.5|1|51|code: alive shape flat ratio 1 silent 0.00 resting 0.00 active 1.00 move 0.432 lock 0.00 static 0.024 pr 15.9 | sent 1:1 10:1 100:1 1000:1 2000:1 | 13.1s
run39|sign|1.0|kp1|0.5|1|50|code: alive shape flat ratio 1 silent 0.00 resting 0.00 active 1.00 move 0.445 lock 0.00 static 0.023 pr 15.5 | sent 1:1 10:1 100:1 1000:1 2000:1 | 14.0s
run39|sign|1.0|kp1|0.9|1|51|code: alive shape flat ratio 1 silent 0.00 resting 0.00 active 1.00 move 0.0683 lock 0.00 static 0.226 pr 5.9 | sent 1:1 10:1 100:1 1000:1 2000:1 | 11.5s
run39|sign|1.0|kp1|0.9|0|50|code: alive shape flat ratio 1 silent 0.00 resting 0.00 active 1.00 move 0.0646 lock 0.00 static 0.180 pr 5.5 | sent 1:1 10:1 100:1 1000:1 2000:1 | 11.2s
run39|sign|1.0|kp1|0.9|0|51|code: alive shape flat ratio 1 silent 0.00 resting 0.00 active 1.00 move 0.067 lock 0.00 static 0.228 pr 5.6 | sent 1:1 10:1 100:1 1000:1 2000:1 | 12.0s
run39|sign|1.0|kp1|0.5|0|50|leak: alive shape flat ratio 1 silent 0.00 resting 0.00 active 1.00 move 0.435 lock 0.00 static 0.045 pr 15.1 | sent 1:1 10:1 100:1 1000:1 2000:1 | 12.2s
run39|sign|1.0|kp1|0.5|1|50|leak: alive shape flat ratio 1 silent 0.00 resting 0.00 active 1.00 move 0.438 lock 0.00 static 0.044 pr 15.6 | sent 1:1 10:1 100:1 1000:1 2000:1 | 15.9s
run39|sign|2.0|none|0.0|1|51|code: alive shape flat ratio 1 silent 0.00 resting 0.00 active 1.00 move 1.42 lock 0.00 static 0.003 pr 23.4 | sent 1:1 10:1 100:1 1000:1 2000:1 | 8.8s
run39|sign|1.0|kp1|0.5|0|51|leak: alive shape flat ratio 1 silent 0.00 resting 0.00 active 1.00 move 0.432 lock 0.00 static 0.019 pr 14.9 | sent 1:1 10:1 100:1 1000:1 2000:1 | 16.9s
run39|sign|1.0|kp1|0.5|1|51|leak: alive shape flat ratio 1 silent 0.00 resting 0.00 active 1.00 move 0.435 lock 0.00 static 0.018 pr 15.3 | sent 1:1 10:1 100:1 1000:1 2000:1 | 18.2s
run39|sign|1.0|kp1|0.9|0|50|leak: alive shape flat ratio 1 silent 0.00 resting 0.00 active 1.00 move 0.0673 lock 0.00 static 0.145 pr 5.3 | sent 1:1 10:1 100:1 1000:1 2000:1 | 13.7s
run39|sign|2.0|none|0.0|1|50|code: alive shape flat ratio 1 silent 0.00 resting 0.00 active 1.00 move 1.41 lock 0.00 static 0.003 pr 23.0 | sent 1:1 10:1 100:1 1000:1 2000:1 | 13.9s
run39|sign|1.0|kp1|0.9|1|50|leak: alive shape flat ratio 1 silent 0.00 resting 0.00 active 1.00 move 0.0679 lock 0.00 static 0.147 pr 5.6 | sent 1:1 10:1 100:1 1000:1 2000:1 | 19.0s
run39|sign|2.0|none|0.0|0|50|code: alive shape flat ratio 1 silent 0.00 resting 0.00 active 1.00 move 1.41 lock 0.00 static 0.003 pr 22.8 | sent 1:1 10:1 100:1 1000:1 2000:1 | 13.6s
run39|sign|1.0|kp1|0.9|1|51|leak: alive shape flat ratio 1 silent 0.00 resting 0.00 active 1.00 move 0.067 lock 0.00 static 0.257 pr 5.6 | sent 1:1 10:1 100:1 1000:1 2000:1 | 19.2s
run39|sign|2.0|none|0.0|0|51|code: alive shape flat ratio 1 silent 0.00 resting 0.00 active 1.00 move 1.42 lock 0.00 static 0.003 pr 23.3 | sent 1:1 10:1 100:1 1000:1 2000:1 | 13.8s
run39|sign|2.0|none|0.5|1|51|code: alive shape flat ratio 1 silent 0.00 resting 0.00 active 1.00 move 0.433 lock 0.00 static 0.023 pr 15.6 | sent 1:1 10:1 100:1 1000:1 2000:1 | 11.1s
run39|sign|2.0|none|0.9|1|50|code: alive shape flat ratio 1 silent 0.00 resting 0.00 active 1.00 move 0.0684 lock 0.00 static 0.156 pr 5.7 | sent 1:1 10:1 100:1 1000:1 2000:1 | 9.8s
run39|sign|2.0|none|0.5|1|50|code: alive shape flat ratio 1 silent 0.00 resting 0.00 active 1.00 move 0.441 lock 0.00 static 0.036 pr 15.4 | sent 1:1 10:1 100:1 1000:1 2000:1 | 13.9s
run39|sign|2.0|none|0.5|0|51|code: alive shape flat ratio 1 silent 0.00 resting 0.00 active 1.00 move 0.428 lock 0.00 static 0.023 pr 15.1 | sent 1:1 10:1 100:1 1000:1 2000:1 | 10.8s
run39|sign|1.0|kp1|0.9|0|51|leak: alive shape flat ratio 1 silent 0.00 resting 0.00 active 1.00 move 0.0656 lock 0.00 static 0.258 pr 5.4 | sent 1:1 10:1 100:1 1000:1 2000:1 | 17.3s
run39|sign|2.0|none|0.5|0|50|code: alive shape flat ratio 1 silent 0.00 resting 0.00 active 1.00 move 0.439 lock 0.00 static 0.037 pr 15.0 | sent 1:1 10:1 100:1 1000:1 2000:1 | 12.2s
run39|sign|2.0|none|0.9|0|51|code: alive shape flat ratio 1 silent 0.00 resting 0.00 active 1.00 move 0.0629 lock 0.00 static 0.221 pr 5.8 | sent 1:1 10:1 100:1 1000:1 2000:1 | 9.4s
run39|sign|2.0|none|0.9|1|51|code: alive shape flat ratio 1 silent 0.00 resting 0.00 active 1.00 move 0.0637 lock 0.00 static 0.220 pr 6.0 | sent 1:1 10:1 100:1 1000:1 2000:1 | 12.4s
run39|sign|2.0|none|0.9|0|50|code: alive shape flat ratio 1 silent 0.00 resting 0.00 active 1.00 move 0.0676 lock 0.00 static 0.155 pr 5.5 | sent 1:1 10:1 100:1 1000:1 2000:1 | 13.0s
run39|sign|2.0|kp1|0.0|0|51|code: alive shape flat ratio 1 silent 0.00 resting 0.00 active 1.00 move 1.41 lock 0.00 static 0.004 pr 23.2 | sent 1:1 10:1 100:1 1000:1 2000:1 | 8.3s
run39|sign|2.0|none|0.9|1|50|leak: alive shape flat ratio 1 silent 0.00 resting 0.00 active 1.00 move 0.0679 lock 0.00 static 0.224 pr 5.8 | sent 1:1 10:1 100:1 1000:1 2000:1 | 12.5s
run39|sign|2.0|kp1|0.0|1|51|code: alive shape flat ratio 1 silent 0.00 resting 0.00 active 1.00 move 1.41 lock 0.00 static 0.004 pr 23.4 | sent 1:1 10:1 100:1 1000:1 2000:1 | 11.6s
run39|sign|2.0|none|0.5|1|50|leak: alive shape flat ratio 1 silent 0.00 resting 0.00 active 1.00 move 0.456 lock 0.00 static 0.038 pr 16.0 | sent 1:1 10:1 100:1 1000:1 2000:1 | 16.0s
run39|sign|2.0|kp1|0.0|0|50|code: alive shape flat ratio 1 silent 0.00 resting 0.00 active 1.00 move 1.41 lock 0.00 static 0.003 pr 22.9 | sent 1:1 10:1 100:1 1000:1 2000:1 | 12.4s
run39|sign|2.0|none|0.5|1|51|leak: alive shape flat ratio 1 silent 0.00 resting 0.00 active 1.00 move 0.446 lock 0.00 static 0.072 pr 16.3 | sent 1:1 10:1 100:1 1000:1 2000:1 | 17.3s
run39|sign|2.0|kp1|0.0|1|50|code: alive shape flat ratio 1 silent 0.00 resting 0.00 active 1.00 move 1.41 lock 0.00 static 0.003 pr 23.0 | sent 1:1 10:1 100:1 1000:1 2000:1 | 13.7s
run39|sign|2.0|none|0.9|0|50|leak: alive shape flat ratio 1 silent 0.00 resting 0.00 active 1.00 move 0.0659 lock 0.00 static 0.223 pr 5.6 | sent 1:1 10:1 100:1 1000:1 2000:1 | 14.6s
run39|sign|2.0|none|0.9|1|51|leak: alive shape flat ratio 1 silent 0.00 resting 0.00 active 1.00 move 0.0656 lock 0.00 static 0.274 pr 6.2 | sent 1:1 10:1 100:1 1000:1 2000:1 | 15.3s
run39|sign|2.0|kp1|0.5|1|50|code: alive shape flat ratio 1 silent 0.00 resting 0.00 active 1.00 move 0.424 lock 0.00 static 0.022 pr 15.2 | sent 1:1 10:1 100:1 1000:1 2000:1 | 14.2s
run39|sign|2.0|none|0.5|0|50|leak: alive shape flat ratio 1 silent 0.00 resting 0.00 active 1.00 move 0.452 lock 0.00 static 0.038 pr 15.5 | sent 1:1 10:1 100:1 1000:1 2000:1 | 17.5s
run39|sign|2.0|kp1|0.5|0|51|code: alive shape flat ratio 1 silent 0.00 resting 0.00 active 1.00 move 0.434 lock 0.00 static 0.034 pr 15.7 | sent 1:1 10:1 100:1 1000:1 2000:1 | 9.3s
run39|sign|2.0|kp1|0.5|1|51|code: alive shape flat ratio 1 silent 0.00 resting 0.00 active 1.00 move 0.439 lock 0.00 static 0.033 pr 16.1 | sent 1:1 10:1 100:1 1000:1 2000:1 | 11.6s
run39|sign|2.0|none|0.5|0|51|leak: alive shape flat ratio 1 silent 0.00 resting 0.00 active 1.00 move 0.441 lock 0.00 static 0.074 pr 15.8 | sent 1:1 10:1 100:1 1000:1 2000:1 | 19.6s
run39|sign|2.0|none|0.9|0|51|leak: alive shape flat ratio 1 silent 0.00 resting 0.00 active 1.00 move 0.0644 lock 0.00 static 0.274 pr 6.0 | sent 1:1 10:1 100:1 1000:1 2000:1 | 18.1s
run39|sign|2.0|kp1|0.5|0|50|code: alive shape flat ratio 1 silent 0.00 resting 0.00 active 1.00 move 0.421 lock 0.00 static 0.022 pr 14.8 | sent 1:1 10:1 100:1 1000:1 2000:1 | 12.1s
run39|sign|2.0|kp1|0.9|0|51|code: alive shape flat ratio 1 silent 0.00 resting 0.00 active 1.00 move 0.0722 lock 0.00 static 0.159 pr 6.1 | sent 1:1 10:1 100:1 1000:1 2000:1 | 8.6s
run39|sign|2.0|kp1|0.9|1|50|code: alive shape flat ratio 1 silent 0.00 resting 0.00 active 1.00 move 0.0641 lock 0.00 static 0.185 pr 5.4 | sent 1:1 10:1 100:1 1000:1 2000:1 | 12.0s
run39|sign|2.0|kp1|0.5|1|50|leak: alive shape flat ratio 1 silent 0.00 resting 0.00 active 1.00 move 0.449 lock 0.00 static 0.030 pr 16.3 | sent 1:1 10:1 100:1 1000:1 2000:1 | 11.6s
run39|sign|4.0|none|0.0|0|51|code: alive shape flat ratio 1 silent 0.00 resting 0.00 active 1.00 move 1.41 lock 0.00 static 0.003 pr 23.3 | sent 1:1 10:1 100:1 1000:1 2000:1 | 7.0s
run39|sign|2.0|kp1|0.9|0|50|code: alive shape flat ratio 1 silent 0.00 resting 0.00 active 1.00 move 0.0629 lock 0.00 static 0.183 pr 5.2 | sent 1:1 10:1 100:1 1000:1 2000:1 | 13.3s
run39|sign|2.0|kp1|0.9|1|51|code: alive shape flat ratio 1 silent 0.00 resting 0.00 active 1.00 move 0.0737 lock 0.00 static 0.156 pr 6.4 | sent 1:1 10:1 100:1 1000:1 2000:1 | 14.6s
run39|sign|4.0|none|0.0|1|50|code: alive shape flat ratio 1 silent 0.00 resting 0.00 active 1.00 move 1.41 lock 0.00 static 0.003 pr 23.1 | sent 1:1 10:1 100:1 1000:1 2000:1 | 9.4s
run39|sign|2.0|kp1|0.5|0|50|leak: alive shape flat ratio 1 silent 0.00 resting 0.00 active 1.00 move 0.445 lock 0.00 static 0.030 pr 15.8 | sent 1:1 10:1 100:1 1000:1 2000:1 | 13.9s
run39|sign|2.0|kp1|0.5|0|51|leak: alive shape flat ratio 1 silent 0.00 resting 0.00 active 1.00 move 0.433 lock 0.00 static 0.068 pr 15.7 | sent 1:1 10:1 100:1 1000:1 2000:1 | 14.0s
run39|sign|4.0|none|0.0|0|50|code: alive shape flat ratio 1 silent 0.00 resting 0.00 active 1.00 move 1.41 lock 0.00 static 0.003 pr 22.9 | sent 1:1 10:1 100:1 1000:1 2000:1 | 10.9s
run39|sign|4.0|none|0.0|1|51|code: alive shape flat ratio 1 silent 0.00 resting 0.00 active 1.00 move 1.41 lock 0.00 static 0.003 pr 23.4 | sent 1:1 10:1 100:1 1000:1 2000:1 | 12.0s
run39|sign|2.0|kp1|0.5|1|51|leak: alive shape flat ratio 1 silent 0.00 resting 0.00 active 1.00 move 0.437 lock 0.00 static 0.068 pr 16.1 | sent 1:1 10:1 100:1 1000:1 2000:1 | 16.8s
run39|sign|4.0|none|0.5|1|50|code: alive shape flat ratio 1 silent 0.00 resting 0.00 active 1.00 move 0.44 lock 0.00 static 0.030 pr 15.5 | sent 1:1 10:1 100:1 1000:1 2000:1 | 9.8s
run39|sign|4.0|none|0.5|0|51|code: alive shape flat ratio 1 silent 0.00 resting 0.00 active 1.00 move 0.417 lock 0.00 static 0.035 pr 15.2 | sent 1:1 10:1 100:1 1000:1 2000:1 | 7.5s
run39|sign|2.0|kp1|0.9|1|50|leak: alive shape flat ratio 1 silent 0.00 resting 0.00 active 1.00 move 0.0687 lock 0.00 static 0.251 pr 5.8 | sent 1:1 10:1 100:1 1000:1 2000:1 | 18.6s
run39|sign|2.0|kp1|0.9|0|50|leak: alive shape flat ratio 1 silent 0.00 resting 0.00 active 1.00 move 0.0667 lock 0.00 static 0.250 pr 5.5 | sent 1:1 10:1 100:1 1000:1 2000:1 | 17.5s
run39|sign|4.0|none|0.5|1|51|code: alive shape flat ratio 1 silent 0.00 resting 0.00 active 1.00 move 0.422 lock 0.00 static 0.034 pr 15.6 | sent 1:1 10:1 100:1 1000:1 2000:1 | 12.4s
run39|sign|4.0|none|0.5|0|50|code: alive shape flat ratio 1 silent 0.00 resting 0.00 active 1.00 move 0.435 lock 0.00 static 0.029 pr 15.1 | sent 1:1 10:1 100:1 1000:1 2000:1 | 9.3s
run39|sign|4.0|none|0.9|0|50|code: alive shape flat ratio 1 silent 0.00 resting 0.00 active 1.00 move 0.065 lock 0.00 static 0.179 pr 5.3 | sent 1:1 10:1 100:1 1000:1 2000:1 | 7.7s
run39|sign|2.0|kp1|0.9|1|51|leak: alive shape flat ratio 1 silent 0.00 resting 0.00 active 1.00 move 0.0603 lock 0.00 static 0.187 pr 4.8 | sent 1:1 10:1 100:1 1000:1 2000:1 | 19.1s
run39|sign|2.0|kp1|0.9|0|51|leak: alive shape flat ratio 1 silent 0.00 resting 0.00 active 1.00 move 0.0592 lock 0.00 static 0.187 pr 4.6 | sent 1:1 10:1 100:1 1000:1 2000:1 | 19.4s
run39|sign|4.0|none|0.9|1|50|code: alive shape flat ratio 1 silent 0.00 resting 0.00 active 1.00 move 0.0661 lock 0.00 static 0.178 pr 5.6 | sent 1:1 10:1 100:1 1000:1 2000:1 | 14.0s
run39|sign|4.0|none|0.9|1|51|code: alive shape flat ratio 1 silent 0.00 resting 0.00 active 1.00 move 0.0615 lock 0.00 static 0.213 pr 5.7 | sent 1:1 10:1 100:1 1000:1 2000:1 | 14.2s
run39|sign|4.0|none|0.9|0|51|code: alive shape flat ratio 1 silent 0.00 resting 0.00 active 1.00 move 0.0603 lock 0.00 static 0.219 pr 5.5 | sent 1:1 10:1 100:1 1000:1 2000:1 | 12.7s
run39|sign|4.0|none|0.5|1|50|leak: alive shape flat ratio 1 silent 0.00 resting 0.00 active 1.00 move 0.441 lock 0.00 static 0.036 pr 15.4 | sent 1:1 10:1 100:1 1000:1 2000:1 | 12.5s
run39|sign|4.0|kp1|0.0|1|50|code: alive shape flat ratio 1 silent 0.00 resting 0.00 active 1.00 move 1.41 lock 0.00 static 0.003 pr 23.0 | sent 1:1 10:1 100:1 1000:1 2000:1 | 8.2s
run39|sign|4.0|none|0.5|1|51|leak: alive shape flat ratio 1 silent 0.00 resting 0.00 active 1.00 move 0.433 lock 0.00 static 0.023 pr 15.6 | sent 1:1 10:1 100:1 1000:1 2000:1 | 13.4s
run39|sign|4.0|kp1|0.0|0|50|code: alive shape flat ratio 1 silent 0.00 resting 0.00 active 1.00 move 1.41 lock 0.00 static 0.003 pr 22.9 | sent 1:1 10:1 100:1 1000:1 2000:1 | 9.6s
run39|sign|4.0|kp1|0.0|0|51|code: alive shape flat ratio 1 silent 0.00 resting 0.00 active 1.00 move 1.41 lock 0.00 static 0.003 pr 23.3 | sent 1:1 10:1 100:1 1000:1 2000:1 | 9.6s
run39|sign|4.0|kp1|0.0|1|51|code: alive shape flat ratio 1 silent 0.00 resting 0.00 active 1.00 move 1.41 lock 0.00 static 0.003 pr 23.4 | sent 1:1 10:1 100:1 1000:1 2000:1 | 11.4s
run39|sign|4.0|none|0.9|0|50|leak: alive shape flat ratio 1 silent 0.00 resting 0.00 active 1.00 move 0.0681 lock 0.00 static 0.208 pr 5.8 | sent 1:1 10:1 100:1 1000:1 2000:1 | 13.6s
run39|sign|4.0|none|0.5|0|50|leak: alive shape flat ratio 1 silent 0.00 resting 0.00 active 1.00 move 0.439 lock 0.00 static 0.037 pr 15.0 | sent 1:1 10:1 100:1 1000:1 2000:1 | 16.8s
run39|sign|4.0|none|0.5|0|51|leak: alive shape flat ratio 1 silent 0.00 resting 0.00 active 1.00 move 0.428 lock 0.00 static 0.023 pr 15.1 | sent 1:1 10:1 100:1 1000:1 2000:1 | 16.0s
run39|sign|4.0|none|0.9|1|51|leak: alive shape flat ratio 1 silent 0.00 resting 0.00 active 1.00 move 0.0618 lock 0.00 static 0.268 pr 5.1 | sent 1:1 10:1 100:1 1000:1 2000:1 | 15.7s
run39|sign|4.0|none|0.9|1|50|leak: alive shape flat ratio 1 silent 0.00 resting 0.00 active 1.00 move 0.0691 lock 0.00 static 0.208 pr 6.1 | sent 1:1 10:1 100:1 1000:1 2000:1 | 19.1s
run39|sign|4.0|kp1|0.5|1|50|code: alive shape flat ratio 1 silent 0.00 resting 0.00 active 1.00 move 0.438 lock 0.00 static 0.026 pr 15.2 | sent 1:1 10:1 100:1 1000:1 2000:1 | 14.7s
run39|sign|4.0|none|0.9|0|51|leak: alive shape flat ratio 1 silent 0.00 resting 0.00 active 1.00 move 0.0607 lock 0.00 static 0.267 pr 4.9 | sent 1:1 10:1 100:1 1000:1 2000:1 | 18.1s
run39|sign|4.0|kp1|0.5|0|51|code: alive shape flat ratio 1 silent 0.00 resting 0.00 active 1.00 move 0.445 lock 0.00 static 0.022 pr 14.7 | sent 1:1 10:1 100:1 1000:1 2000:1 | 11.2s
run39|sign|4.0|kp1|0.5|1|51|code: alive shape flat ratio 1 silent 0.00 resting 0.00 active 1.00 move 0.448 lock 0.00 static 0.022 pr 15.2 | sent 1:1 10:1 100:1 1000:1 2000:1 | 13.6s
run39|sign|4.0|kp1|0.9|0|50|code: alive shape flat ratio 1 silent 0.00 resting 0.00 active 1.00 move 0.0638 lock 0.00 static 0.218 pr 6.0 | sent 1:1 10:1 100:1 1000:1 2000:1 | 11.1s
run39|sign|4.0|kp1|0.9|1|51|code: alive shape flat ratio 1 silent 0.00 resting 0.00 active 1.00 move 0.0657 lock 0.00 static 0.196 pr 5.3 | sent 1:1 10:1 100:1 1000:1 2000:1 | 11.7s
run39|sign|4.0|kp1|0.9|1|50|code: alive shape flat ratio 1 silent 0.00 resting 0.00 active 1.00 move 0.0653 lock 0.00 static 0.220 pr 6.2 | sent 1:1 10:1 100:1 1000:1 2000:1 | 13.1s
run39|sign|4.0|kp1|0.5|0|50|code: alive shape flat ratio 1 silent 0.00 resting 0.00 active 1.00 move 0.435 lock 0.00 static 0.026 pr 14.8 | sent 1:1 10:1 100:1 1000:1 2000:1 | 13.6s
run39|sign|4.0|kp1|0.9|0|51|code: alive shape flat ratio 1 silent 0.00 resting 0.00 active 1.00 move 0.0647 lock 0.00 static 0.198 pr 5.1 | sent 1:1 10:1 100:1 1000:1 2000:1 | 12.0s
run39|sign|4.0|kp1|0.5|1|50|leak: alive shape flat ratio 1 silent 0.00 resting 0.00 active 1.00 move 0.432 lock 0.00 static 0.037 pr 15.1 | sent 1:1 10:1 100:1 1000:1 2000:1 | 11.3s
run39|sign|4.0|kp1|0.9|1|50|leak: alive shape flat ratio 1 silent 0.00 resting 0.00 active 1.00 move 0.0632 lock 0.00 static 0.267 pr 5.5 | sent 1:1 10:1 100:1 1000:1 2000:1 | 11.8s
run39|sign|4.0|kp1|0.5|0|51|leak: alive shape flat ratio 1 silent 0.00 resting 0.00 active 1.00 move 0.428 lock 0.00 static 0.027 pr 15.7 | sent 1:1 10:1 100:1 1000:1 2000:1 | 13.7s
run39|sign|4.0|kp1|0.5|0|50|leak: alive shape flat ratio 1 silent 0.00 resting 0.00 active 1.00 move 0.43 lock 0.00 static 0.037 pr 14.7 | sent 1:1 10:1 100:1 1000:1 2000:1 | 14.5s
run39|sign|4.0|kp1|0.5|1|51|leak: alive shape flat ratio 1 silent 0.00 resting 0.00 active 1.00 move 0.433 lock 0.00 static 0.025 pr 16.2 | sent 1:1 10:1 100:1 1000:1 2000:1 | 17.1s
run39|sign|16.0|none|0.5|0|50|code: alive shape flat ratio 1 silent 0.00 resting 0.00 active 1.00 move 0.437 lock 0.00 static 0.048 pr 15.4 | sent 1:1 10:1 100:1 1000:1 2000:1 | 9.2s
run39|sign|16.0|none|0.5|1|50|code: alive shape flat ratio 1 silent 0.00 resting 0.00 active 1.00 move 0.44 lock 0.00 static 0.049 pr 15.8 | sent 1:1 10:1 100:1 1000:1 2000:1 | 10.4s
run39|sign|16.0|none|0.0|0|51|code: alive shape flat ratio 1 silent 0.00 resting 0.00 active 1.00 move 1.42 lock 0.00 static 0.003 pr 23.3 | sent 1:1 10:1 100:1 1000:1 2000:1 | 11.1s
run39|sign|16.0|none|0.0|1|50|code: alive shape flat ratio 1 silent 0.00 resting 0.00 active 1.00 move 1.41 lock 0.00 static 0.002 pr 23.1 | sent 1:1 10:1 100:1 1000:1 2000:1 | 13.5s
run39|sign|16.0|none|0.0|1|51|code: alive shape flat ratio 1 silent 0.00 resting 0.00 active 1.00 move 1.42 lock 0.00 static 0.003 pr 23.4 | sent 1:1 10:1 100:1 1000:1 2000:1 | 13.0s
run39|sign|4.0|kp1|0.9|0|50|leak: alive shape flat ratio 1 silent 0.00 resting 0.00 active 1.00 move 0.0624 lock 0.00 static 0.266 pr 5.3 | sent 1:1 10:1 100:1 1000:1 2000:1 | 15.7s
run39|sign|16.0|none|0.0|0|50|code: alive shape flat ratio 1 silent 0.00 resting 0.00 active 1.00 move 1.41 lock 0.00 static 0.002 pr 23.0 | sent 1:1 10:1 100:1 1000:1 2000:1 | 12.2s
run39|sign|4.0|kp1|0.9|1|51|leak: alive shape flat ratio 1 silent 0.00 resting 0.00 active 1.00 move 0.0655 lock 0.00 static 0.269 pr 6.1 | sent 1:1 10:1 100:1 1000:1 2000:1 | 17.2s
run39|sign|4.0|kp1|0.9|0|51|leak: alive shape flat ratio 1 silent 0.00 resting 0.00 active 1.00 move 0.0642 lock 0.00 static 0.265 pr 5.9 | sent 1:1 10:1 100:1 1000:1 2000:1 | 15.5s
run39|sign|16.0|none|0.5|0|51|code: alive shape flat ratio 1 silent 0.00 resting 0.00 active 1.00 move 0.434 lock 0.00 static 0.022 pr 15.4 | sent 1:1 10:1 100:1 1000:1 2000:1 | 11.5s
run39|sign|16.0|none|0.5|1|51|code: alive shape flat ratio 1 silent 0.00 resting 0.00 active 1.00 move 0.437 lock 0.00 static 0.022 pr 15.8 | sent 1:1 10:1 100:1 1000:1 2000:1 | 14.0s
run39|sign|16.0|none|0.9|1|50|code: alive shape flat ratio 1 silent 0.00 resting 0.00 active 1.00 move 0.0659 lock 0.00 static 0.231 pr 5.8 | sent 1:1 10:1 100:1 1000:1 2000:1 | 12.8s
run39|sign|16.0|none|0.9|1|51|code: alive shape flat ratio 1 silent 0.00 resting 0.00 active 1.00 move 0.0667 lock 0.00 static 0.267 pr 5.8 | sent 1:1 10:1 100:1 1000:1 2000:1 | 11.6s
run39|sign|16.0|none|0.9|0|50|code: alive shape flat ratio 1 silent 0.00 resting 0.00 active 1.00 move 0.0653 lock 0.00 static 0.236 pr 5.6 | sent 1:1 10:1 100:1 1000:1 2000:1 | 9.7s
run39|sign|16.0|none|0.9|0|51|code: alive shape flat ratio 1 silent 0.00 resting 0.00 active 1.00 move 0.0652 lock 0.00 static 0.265 pr 5.6 | sent 1:1 10:1 100:1 1000:1 2000:1 | 12.3s
run39|sign|16.0|none|0.5|0|51|leak: alive shape flat ratio 1 silent 0.00 resting 0.00 active 1.00 move 0.44 lock 0.00 static 0.038 pr 15.6 | sent 1:1 10:1 100:1 1000:1 2000:1 | 11.2s
run39|sign|16.0|kp1|0.0|1|50|code: alive shape flat ratio 1 silent 0.00 resting 0.00 active 1.00 move 1.4 lock 0.00 static 0.003 pr 23.1 | sent 1:1 10:1 100:1 1000:1 2000:1 | 11.3s
run39|sign|16.0|kp1|0.0|0|50|code: alive shape flat ratio 1 silent 0.00 resting 0.00 active 1.00 move 1.4 lock 0.00 static 0.003 pr 22.9 | sent 1:1 10:1 100:1 1000:1 2000:1 | 10.1s
run39|sign|16.0|none|0.9|1|50|leak: alive shape flat ratio 1 silent 0.00 resting 0.00 active 1.00 move 0.0682 lock 0.00 static 0.133 pr 5.2 | sent 1:1 10:1 100:1 1000:1 2000:1 | 13.6s
run39|sign|16.0|none|0.5|1|51|leak: alive shape flat ratio 1 silent 0.00 resting 0.00 active 1.00 move 0.444 lock 0.00 static 0.037 pr 16.0 | sent 1:1 10:1 100:1 1000:1 2000:1 | 16.1s
run39|sign|16.0|kp1|0.0|1|51|code: alive shape flat ratio 1 silent 0.00 resting 0.00 active 1.00 move 1.42 lock 0.00 static 0.003 pr 23.4 | sent 1:1 10:1 100:1 1000:1 2000:1 | 13.4s
run39|sign|16.0|kp1|0.0|0|51|code: alive shape flat ratio 1 silent 0.00 resting 0.00 active 1.00 move 1.42 lock 0.00 static 0.003 pr 23.2 | sent 1:1 10:1 100:1 1000:1 2000:1 | 12.8s
run39|sign|16.0|none|0.5|1|50|leak: alive shape flat ratio 1 silent 0.00 resting 0.00 active 1.00 move 0.431 lock 0.00 static 0.046 pr 16.1 | sent 1:1 10:1 100:1 1000:1 2000:1 | 18.9s
run39|sign|16.0|none|0.9|0|51|leak: alive shape flat ratio 1 silent 0.00 resting 0.00 active 1.00 move 0.0609 lock 0.00 static 0.189 pr 5.7 | sent 1:1 10:1 100:1 1000:1 2000:1 | 16.5s
run39|sign|16.0|none|0.9|1|51|leak: alive shape flat ratio 1 silent 0.00 resting 0.00 active 1.00 move 0.0621 lock 0.00 static 0.187 pr 6.0 | sent 1:1 10:1 100:1 1000:1 2000:1 | 17.4s
run39|sign|16.0|none|0.5|0|50|leak: alive shape flat ratio 1 silent 0.00 resting 0.00 active 1.00 move 0.428 lock 0.00 static 0.047 pr 15.6 | sent 1:1 10:1 100:1 1000:1 2000:1 | 18.1s
run39|sign|16.0|none|0.9|0|50|leak: alive shape flat ratio 1 silent 0.00 resting 0.00 active 1.00 move 0.0671 lock 0.00 static 0.135 pr 5.0 | sent 1:1 10:1 100:1 1000:1 2000:1 | 17.2s
run39|sign|16.0|kp1|0.5|0|50|code: alive shape flat ratio 1 silent 0.00 resting 0.00 active 1.00 move 0.44 lock 0.00 static 0.023 pr 14.9 | sent 1:1 10:1 100:1 1000:1 2000:1 | 12.6s
run39|sign|16.0|kp1|0.5|1|50|code: alive shape flat ratio 1 silent 0.00 resting 0.00 active 1.00 move 0.443 lock 0.00 static 0.024 pr 15.4 | sent 1:1 10:1 100:1 1000:1 2000:1 | 15.2s
run39|sign|16.0|kp1|0.5|1|51|code: alive shape flat ratio 1 silent 0.00 resting 0.00 active 1.00 move 0.43 lock 0.00 static 0.042 pr 15.5 | sent 1:1 10:1 100:1 1000:1 2000:1 | 14.4s
run39|sign|16.0|kp1|0.9|1|50|code: alive shape flat ratio 1 silent 0.00 resting 0.00 active 1.00 move 0.0679 lock 0.00 static 0.150 pr 6.0 | sent 1:1 10:1 100:1 1000:1 2000:1 | 9.5s
run39|sign|16.0|kp1|0.5|0|51|code: alive shape flat ratio 1 silent 0.00 resting 0.00 active 1.00 move 0.425 lock 0.00 static 0.043 pr 15.1 | sent 1:1 10:1 100:1 1000:1 2000:1 | 12.0s
run39|sign|16.0|kp1|0.9|0|50|code: alive shape flat ratio 1 silent 0.00 resting 0.00 active 1.00 move 0.0672 lock 0.00 static 0.152 pr 5.8 | sent 1:1 10:1 100:1 1000:1 2000:1 | 12.9s
run39|sign|16.0|kp1|0.9|0|51|code: alive shape flat ratio 1 silent 0.00 resting 0.00 active 1.00 move 0.063 lock 0.00 static 0.229 pr 5.7 | sent 1:1 10:1 100:1 1000:1 2000:1 | 12.1s
run39|sign|16.0|kp1|0.9|1|51|code: alive shape flat ratio 1 silent 0.00 resting 0.00 active 1.00 move 0.0645 lock 0.00 static 0.227 pr 5.9 | sent 1:1 10:1 100:1 1000:1 2000:1 | 14.6s
run39|sign|16.0|kp1|0.5|0|50|leak: alive shape flat ratio 1 silent 0.00 resting 0.00 active 1.00 move 0.444 lock 0.00 static 0.047 pr 15.5 | sent 1:1 10:1 100:1 1000:1 2000:1 | 12.2s
run39|sign|16.0|kp1|0.5|1|51|leak: alive shape flat ratio 1 silent 0.00 resting 0.00 active 1.00 move 0.43 lock 0.00 static 0.028 pr 15.8 | sent 1:1 10:1 100:1 1000:1 2000:1 | 15.5s
run39|sign|16.0|kp1|0.5|1|50|leak: alive shape flat ratio 1 silent 0.00 resting 0.00 active 1.00 move 0.448 lock 0.00 static 0.047 pr 16.0 | sent 1:1 10:1 100:1 1000:1 2000:1 | 17.7s
run39|sign|16.0|kp1|0.9|1|50|leak: alive shape flat ratio 1 silent 0.00 resting 0.00 active 1.00 move 0.065 lock 0.00 static 0.219 pr 5.8 | sent 1:1 10:1 100:1 1000:1 2000:1 | 16.5s
run39|sign|16.0|kp1|0.5|0|51|leak: alive shape flat ratio 1 silent 0.00 resting 0.00 active 1.00 move 0.426 lock 0.00 static 0.028 pr 15.3 | sent 1:1 10:1 100:1 1000:1 2000:1 | 17.8s
run39|wta|0.1|none|0.0|0|50|code: alive shape flat ratio 1 silent 0.10 resting 0.00 active 0.06 move 1.38 lock 0.00 static 0.041 pr 22.3 | sent 1:0.18 10:0.18 100:0.18 1000:0.18 2000:0.18 | 15.1s
run39|sign|16.0|kp1|0.9|0|50|leak: alive shape flat ratio 1 silent 0.00 resting 0.00 active 1.00 move 0.0633 lock 0.00 static 0.219 pr 5.6 | sent 1:1 10:1 100:1 1000:1 2000:1 | 17.6s
run39|wta|0.1|none|0.0|0|51|code: alive shape flat ratio 1 silent 0.11 resting 0.00 active 0.06 move 1.39 lock 0.00 static 0.043 pr 22.7 | sent 1:0.18 10:0.18 100:0.18 1000:0.18 2000:0.18 | 14.9s
run39|sign|16.0|kp1|0.9|1|51|leak: alive shape flat ratio 1 silent 0.00 resting 0.00 active 1.00 move 0.0682 lock 0.00 static 0.240 pr 6.0 | sent 1:1 10:1 100:1 1000:1 2000:1 | 19.0s
run39|sign|16.0|kp1|0.9|0|51|leak: alive shape flat ratio 1 silent 0.00 resting 0.00 active 1.00 move 0.0673 lock 0.00 static 0.243 pr 5.7 | sent 1:1 10:1 100:1 1000:1 2000:1 | 18.8s
run39|wta|0.1|none|0.5|1|51|code: alive shape flat ratio 1 silent 0.24 resting 0.00 active 0.06 move 0.698 lock 0.00 static 0.117 pr 18.4 | sent 1:0.18 10:0.18 100:0.18 1000:0.18 2000:0.18 | 13.5s
run39|wta|0.1|none|0.0|1|51|code: alive shape flat ratio 1 silent 0.11 resting 0.00 active 0.06 move 1.39 lock 0.00 static 0.043 pr 22.7 | sent 1:0.18 10:0.18 100:0.18 1000:0.18 2000:0.18 | 20.1s
run39|wta|0.1|none|0.0|1|50|code: alive shape flat ratio 1 silent 0.10 resting 0.00 active 0.06 move 1.38 lock 0.00 static 0.041 pr 22.3 | sent 1:0.18 10:0.18 100:0.18 1000:0.18 2000:0.18 | 22.5s
run39|wta|0.1|none|0.5|1|50|code: alive shape flat ratio 1 silent 0.27 resting 0.00 active 0.06 move 0.699 lock 0.00 static 0.110 pr 18.2 | sent 1:0.18 10:0.18 100:0.18 1000:0.18 2000:0.18 | 20.0s
run39|wta|0.1|none|0.9|1|50|code: alive shape flat ratio 1 silent 0.75 resting 0.00 active 0.06 move 0.0986 lock 0.00 static 0.242 pr 7.6 | sent 1:0.18 10:0.18 100:0.18 1000:0.18 2000:0.18 | 16.3s
run39|wta|0.1|none|0.5|0|50|code: alive shape flat ratio 1 silent 0.27 resting 0.00 active 0.06 move 0.699 lock 0.00 static 0.110 pr 18.2 | sent 1:0.18 10:0.18 100:0.18 1000:0.18 2000:0.18 | 20.0s
run39|wta|0.1|none|0.5|0|51|code: alive shape flat ratio 1 silent 0.24 resting 0.00 active 0.06 move 0.698 lock 0.00 static 0.117 pr 18.4 | sent 1:0.18 10:0.18 100:0.18 1000:0.18 2000:0.18 | 23.1s
run39|wta|0.1|none|0.9|1|51|code: alive shape flat ratio 1 silent 0.73 resting 0.00 active 0.06 move 0.103 lock 0.00 static 0.186 pr 7.5 | sent 1:0.18 10:0.18 100:0.18 1000:0.18 2000:0.18 | 20.3s
run39|wta|0.1|none|0.9|0|51|code: alive shape flat ratio 1 silent 0.73 resting 0.00 active 0.06 move 0.103 lock 0.00 static 0.186 pr 7.5 | sent 1:0.18 10:0.18 100:0.18 1000:0.18 2000:0.18 | 18.1s
run39|wta|0.1|none|0.9|0|50|code: alive shape flat ratio 1 silent 0.75 resting 0.00 active 0.06 move 0.0986 lock 0.00 static 0.242 pr 7.6 | sent 1:0.18 10:0.18 100:0.18 1000:0.18 2000:0.18 | 20.0s
run39|wta|0.1|none|0.5|1|51|leak: alive shape flat ratio 1 silent 0.23 resting 0.00 active 0.06 move 0.713 lock 0.00 static 0.110 pr 18.8 | sent 1:0.18 10:0.18 100:0.18 1000:0.18 2000:0.18 | 18.3s
run39|wta|0.1|none|0.9|0|51|leak: alive shape flat ratio 1 silent 0.71 resting 0.00 active 0.06 move 0.112 lock 0.00 static 0.212 pr 8.3 | sent 1:0.18 10:0.18 100:0.18 1000:0.18 2000:0.18 | 15.5s
run39|wta|0.1|none|0.5|0|50|leak: alive shape flat ratio 1 silent 0.27 resting 0.00 active 0.06 move 0.7 lock 0.00 static 0.118 pr 17.9 | sent 1:0.18 10:0.18 100:0.18 1000:0.18 2000:0.18 | 21.4s
run39|wta|0.1|none|0.9|1|51|leak: alive shape flat ratio 1 silent 0.71 resting 0.00 active 0.06 move 0.112 lock 0.00 static 0.212 pr 8.3 | sent 1:0.18 10:0.18 100:0.18 1000:0.18 2000:0.18 | 23.7s
run39|wta|0.1|none|0.5|1|50|leak: alive shape flat ratio 1 silent 0.27 resting 0.00 active 0.06 move 0.7 lock 0.00 static 0.118 pr 17.9 | sent 1:0.18 10:0.18 100:0.18 1000:0.18 2000:0.18 | 26.4s
run39|wta|0.1|kp1|0.0|0|51|code: alive shape flat ratio 1 silent 0.11 resting 0.00 active 0.06 move 1.39 lock 0.00 static 0.042 pr 22.6 | sent 1:0.18 10:0.18 100:0.18 1000:0.18 2000:0.18 | 15.2s
run39|wta|0.1|none|0.9|0|50|leak: alive shape flat ratio 1 silent 0.72 resting 0.00 active 0.06 move 0.106 lock 0.00 static 0.199 pr 7.3 | sent 1:0.18 10:0.18 100:0.18 1000:0.18 2000:0.18 | 22.1s
run39|wta|0.1|none|0.5|0|51|leak: alive shape flat ratio 1 silent 0.23 resting 0.00 active 0.06 move 0.713 lock 0.00 static 0.110 pr 18.8 | sent 1:0.18 10:0.18 100:0.18 1000:0.18 2000:0.18 | 25.9s
run39|wta|0.1|kp1|0.0|1|50|code: alive shape flat ratio 1 silent 0.12 resting 0.00 active 0.06 move 1.39 lock 0.00 static 0.040 pr 22.1 | sent 1:0.18 10:0.18 100:0.18 1000:0.18 2000:0.18 | 20.9s
run39|wta|0.1|kp1|0.0|1|51|code: alive shape flat ratio 1 silent 0.11 resting 0.00 active 0.06 move 1.39 lock 0.00 static 0.042 pr 22.6 | sent 1:0.18 10:0.18 100:0.18 1000:0.18 2000:0.18 | 21.1s
run39|wta|0.1|none|0.9|1|50|leak: alive shape flat ratio 1 silent 0.72 resting 0.00 active 0.06 move 0.106 lock 0.00 static 0.199 pr 7.3 | sent 1:0.18 10:0.18 100:0.18 1000:0.18 2000:0.18 | 25.6s
run39|wta|0.1|kp1|0.0|0|50|code: alive shape flat ratio 1 silent 0.12 resting 0.00 active 0.06 move 1.39 lock 0.00 static 0.040 pr 22.1 | sent 1:0.18 10:0.18 100:0.18 1000:0.18 2000:0.18 | 20.5s
run39|wta|0.1|kp1|0.5|0|51|code: alive shape flat ratio 1 silent 0.26 resting 0.00 active 0.06 move 0.723 lock 0.00 static 0.109 pr 18.6 | sent 1:0.18 10:0.18 100:0.18 1000:0.18 2000:0.18 | 13.5s
run39|wta|0.1|kp1|0.9|1|50|code: alive shape flat ratio 1 silent 0.72 resting 0.00 active 0.06 move 0.108 lock 0.00 static 0.188 pr 8.1 | sent 1:0.18 10:0.18 100:0.18 1000:0.18 2000:0.18 | 15.8s
run39|wta|0.1|kp1|0.5|1|51|code: alive shape flat ratio 1 silent 0.26 resting 0.00 active 0.06 move 0.723 lock 0.00 static 0.109 pr 18.6 | sent 1:0.18 10:0.18 100:0.18 1000:0.18 2000:0.18 | 19.3s
run39|wta|0.1|kp1|0.5|1|50|code: alive shape flat ratio 1 silent 0.28 resting 0.00 active 0.06 move 0.709 lock 0.00 static 0.116 pr 18.2 | sent 1:0.18 10:0.18 100:0.18 1000:0.18 2000:0.18 | 20.6s
run39|wta|0.1|kp1|0.9|1|51|code: alive shape flat ratio 1 silent 0.73 resting 0.00 active 0.06 move 0.11 lock 0.00 static 0.198 pr 7.6 | sent 1:0.18 10:0.18 100:0.18 1000:0.18 2000:0.18 | 18.0s
run39|wta|0.1|kp1|0.9|0|50|code: alive shape flat ratio 1 silent 0.72 resting 0.00 active 0.06 move 0.108 lock 0.00 static 0.188 pr 8.1 | sent 1:0.18 10:0.18 100:0.18 1000:0.18 2000:0.18 | 16.5s
run39|wta|0.1|kp1|0.5|0|50|code: alive shape flat ratio 1 silent 0.28 resting 0.00 active 0.06 move 0.709 lock 0.00 static 0.116 pr 18.2 | sent 1:0.18 10:0.18 100:0.18 1000:0.18 2000:0.18 | 21.2s
run39|wta|0.1|kp1|0.9|0|51|code: alive shape flat ratio 1 silent 0.73 resting 0.00 active 0.06 move 0.11 lock 0.00 static 0.198 pr 7.6 | sent 1:0.18 10:0.18 100:0.18 1000:0.18 2000:0.18 | 18.2s
run39|wta|0.1|kp1|0.5|1|51|leak: alive shape flat ratio 1 silent 0.24 resting 0.00 active 0.06 move 0.715 lock 0.00 static 0.119 pr 18.3 | sent 1:0.18 10:0.18 100:0.18 1000:0.18 2000:0.18 | 19.8s
run39|wta|0.1|kp1|0.9|0|50|leak: alive shape flat ratio 1 silent 0.74 resting 0.00 active 0.06 move 0.0996 lock 0.00 static 0.187 pr 7.9 | sent 1:0.18 10:0.18 100:0.18 1000:0.18 2000:0.18 | 19.9s
run39|wta|0.3|none|0.0|1|51|code: alive shape flat ratio 1 silent 0.10 resting 0.00 active 0.06 move 1.37 lock 0.00 static 0.042 pr 22.8 | sent 1:0.18 10:0.18 100:0.18 1000:0.18 2000:0.18 | 13.3s
run39|wta|0.1|kp1|0.5|1|50|leak: alive shape flat ratio 1 silent 0.28 resting 0.00 active 0.06 move 0.689 lock 0.00 static 0.123 pr 17.8 | sent 1:0.18 10:0.18 100:0.18 1000:0.18 2000:0.18 | 22.4s
run39|wta|0.1|kp1|0.9|1|51|leak: alive shape flat ratio 1 silent 0.69 resting 0.00 active 0.06 move 0.117 lock 0.00 static 0.176 pr 8.0 | sent 1:0.18 10:0.18 100:0.18 1000:0.18 2000:0.18 | 22.3s
run39|wta|0.3|none|0.0|1|50|code: alive shape flat ratio 1 silent 0.11 resting 0.00 active 0.06 move 1.38 lock 0.00 static 0.041 pr 22.2 | sent 1:0.18 10:0.18 100:0.18 1000:0.18 2000:0.18 | 18.6s
run39|wta|0.1|kp1|0.9|1|50|leak: alive shape flat ratio 1 silent 0.74 resting 0.00 active 0.06 move 0.0996 lock 0.00 static 0.187 pr 7.9 | sent 1:0.18 10:0.18 100:0.18 1000:0.18 2000:0.18 | 23.6s
run39|wta|0.3|none|0.0|0|51|code: alive shape flat ratio 1 silent 0.10 resting 0.00 active 0.06 move 1.37 lock 0.00 static 0.042 pr 22.8 | sent 1:0.18 10:0.18 100:0.18 1000:0.18 2000:0.18 | 15.5s
run39|wta|0.1|kp1|0.5|0|51|leak: alive shape flat ratio 1 silent 0.24 resting 0.00 active 0.06 move 0.715 lock 0.00 static 0.119 pr 18.3 | sent 1:0.18 10:0.18 100:0.18 1000:0.18 2000:0.18 | 25.3s
run39|wta|0.1|kp1|0.5|0|50|leak: alive shape flat ratio 1 silent 0.28 resting 0.00 active 0.06 move 0.689 lock 0.00 static 0.123 pr 17.8 | sent 1:0.18 10:0.18 100:0.18 1000:0.18 2000:0.18 | 25.5s
run39|wta|0.1|kp1|0.9|0|51|leak: alive shape flat ratio 1 silent 0.69 resting 0.00 active 0.06 move 0.117 lock 0.00 static 0.176 pr 8.0 | sent 1:0.18 10:0.18 100:0.18 1000:0.18 2000:0.18 | 22.4s
run39|wta|0.3|none|0.0|0|50|code: alive shape flat ratio 1 silent 0.11 resting 0.00 active 0.06 move 1.38 lock 0.00 static 0.041 pr 22.2 | sent 1:0.18 10:0.18 100:0.18 1000:0.18 2000:0.18 | 18.1s
run39|wta|0.3|none|0.5|1|51|code: alive shape flat ratio 1 silent 0.25 resting 0.00 active 0.06 move 0.707 lock 0.00 static 0.107 pr 18.6 | sent 1:0.18 10:0.18 100:0.18 1000:0.18 2000:0.18 | 16.4s
run39|wta|0.3|none|0.5|0|50|code: alive shape flat ratio 1 silent 0.25 resting 0.00 active 0.06 move 0.712 lock 0.00 static 0.115 pr 18.0 | sent 1:0.18 10:0.18 100:0.18 1000:0.18 2000:0.18 | 18.5s
run39|wta|0.3|none|0.5|1|50|code: alive shape flat ratio 1 silent 0.25 resting 0.00 active 0.06 move 0.712 lock 0.00 static 0.115 pr 18.0 | sent 1:0.18 10:0.18 100:0.18 1000:0.18 2000:0.18 | 20.6s
run39|wta|0.3|none|0.5|0|51|code: alive shape flat ratio 1 silent 0.25 resting 0.00 active 0.06 move 0.707 lock 0.00 static 0.107 pr 18.6 | sent 1:0.18 10:0.18 100:0.18 1000:0.18 2000:0.18 | 16.7s
run39|wta|0.3|none|0.9|1|50|code: alive shape flat ratio 1 silent 0.76 resting 0.00 active 0.06 move 0.0956 lock 0.00 static 0.229 pr 7.6 | sent 1:0.18 10:0.18 100:0.18 1000:0.18 2000:0.18 | 17.8s
run39|wta|0.3|none|0.9|1|51|code: alive shape flat ratio 1 silent 0.71 resting 0.00 active 0.06 move 0.112 lock 0.00 static 0.219 pr 7.9 | sent 1:0.18 10:0.18 100:0.18 1000:0.18 2000:0.18 | 17.4s
run39|wta|0.3|none|0.9|0|50|code: alive shape flat ratio 1 silent 0.76 resting 0.00 active 0.06 move 0.0946 lock 0.00 static 0.229 pr 7.5 | sent 1:0.18 10:0.18 100:0.18 1000:0.18 2000:0.18 | 18.8s
run39|wta|0.3|kp1|0.0|1|50|code: alive shape flat ratio 1 silent 0.11 resting 0.00 active 0.06 move 1.38 lock 0.00 static 0.044 pr 22.0 | sent 1:0.18 10:0.18 100:0.18 1000:0.18 2000:0.18 | 13.3s
run39|wta|0.3|none|0.9|1|50|leak: alive shape flat ratio 1 silent 0.71 resting 0.00 active 0.06 move 0.111 lock 0.00 static 0.208 pr 7.9 | sent 1:0.18 10:0.18 100:0.18 1000:0.18 2000:0.18 | 17.3s
run39|wta|0.3|none|0.9|0|51|code: alive shape flat ratio 1 silent 0.71 resting 0.00 active 0.06 move 0.111 lock 0.00 static 0.220 pr 7.6 | sent 1:0.18 10:0.18 100:0.18 1000:0.18 2000:0.18 | 21.4s
run39|wta|0.3|none|0.5|1|50|leak: alive shape flat ratio 1 silent 0.25 resting 0.00 active 0.06 move 0.708 lock 0.00 static 0.118 pr 18.0 | sent 1:0.18 10:0.18 100:0.18 1000:0.18 2000:0.18 | 20.5s
run39|wta|0.3|none|0.5|0|50|leak: alive shape flat ratio 1 silent 0.25 resting 0.00 active 0.06 move 0.708 lock 0.00 static 0.118 pr 18.0 | sent 1:0.18 10:0.18 100:0.18 1000:0.18 2000:0.18 | 21.0s
run39|wta|0.3|kp1|0.0|1|51|code: alive shape flat ratio 1 silent 0.10 resting 0.00 active 0.06 move 1.39 lock 0.00 static 0.040 pr 22.8 | sent 1:0.18 10:0.18 100:0.18 1000:0.18 2000:0.18 | 14.7s
run39|wta|0.3|none|0.5|0|51|leak: alive shape flat ratio 1 silent 0.27 resting 0.00 active 0.06 move 0.697 lock 0.00 static 0.111 pr 18.2 | sent 1:0.18 10:0.18 100:0.18 1000:0.18 2000:0.18 | 20.3s
run39|wta|0.3|none|0.9|0|51|leak: alive shape flat ratio 1 silent 0.72 resting 0.00 active 0.06 move 0.107 lock 0.00 static 0.229 pr 7.7 | sent 1:0.18 10:0.18 100:0.18 1000:0.18 2000:0.18 | 18.7s
run39|wta|0.3|kp1|0.0|0|50|code: alive shape flat ratio 1 silent 0.11 resting 0.00 active 0.06 move 1.38 lock 0.00 static 0.044 pr 22.0 | sent 1:0.18 10:0.18 100:0.18 1000:0.18 2000:0.18 | 15.0s
run39|wta|0.3|kp1|0.5|1|50|code: alive shape flat ratio 1 silent 0.26 resting 0.00 active 0.06 move 0.698 lock 0.00 static 0.128 pr 17.6 | sent 1:0.18 10:0.18 100:0.18 1000:0.18 2000:0.18 | 12.0s
run39|wta|0.3|none|0.5|1|51|leak: alive shape flat ratio 1 silent 0.27 resting 0.00 active 0.06 move 0.697 lock 0.00 static 0.111 pr 18.2 | sent 1:0.18 10:0.18 100:0.18 1000:0.18 2000:0.18 | 26.4s
run39|wta|0.3|none|0.9|1|51|leak: alive shape flat ratio 1 silent 0.72 resting 0.00 active 0.06 move 0.107 lock 0.00 static 0.229 pr 7.7 | sent 1:0.18 10:0.18 100:0.18 1000:0.18 2000:0.18 | 24.7s
run39|wta|0.3|kp1|0.0|0|51|code: alive shape flat ratio 1 silent 0.10 resting 0.00 active 0.06 move 1.39 lock 0.00 static 0.040 pr 22.8 | sent 1:0.18 10:0.18 100:0.18 1000:0.18 2000:0.18 | 16.9s
run39|wta|0.3|none|0.9|0|50|leak: alive shape flat ratio 1 silent 0.71 resting 0.00 active 0.06 move 0.111 lock 0.00 static 0.208 pr 7.9 | sent 1:0.18 10:0.18 100:0.18 1000:0.18 2000:0.18 | 25.6s
run39|wta|0.3|kp1|0.9|1|50|code: alive shape flat ratio 1 silent 0.74 resting 0.00 active 0.06 move 0.0991 lock 0.00 static 0.216 pr 8.1 | sent 1:0.18 10:0.18 100:0.18 1000:0.18 2000:0.18 | 11.5s
run39|wta|0.3|kp1|0.5|0|51|code: alive shape flat ratio 1 silent 0.27 resting 0.00 active 0.06 move 0.717 lock 0.00 static 0.102 pr 18.5 | sent 1:0.18 10:0.18 100:0.18 1000:0.18 2000:0.18 | 12.2s
run39|wta|0.3|kp1|0.9|1|51|code: alive shape flat ratio 1 silent 0.73 resting 0.00 active 0.06 move 0.107 lock 0.00 static 0.202 pr 7.8 | sent 1:0.18 10:0.18 100:0.18 1000:0.18 2000:0.18 | 11.5s
run39|wta|0.3|kp1|0.5|1|51|code: alive shape flat ratio 1 silent 0.27 resting 0.00 active 0.06 move 0.717 lock 0.00 static 0.102 pr 18.5 | sent 1:0.18 10:0.18 100:0.18 1000:0.18 2000:0.18 | 20.7s
run39|wta|0.3|kp1|0.5|1|50|leak: alive shape flat ratio 1 silent 0.27 resting 0.00 active 0.06 move 0.724 lock 0.00 static 0.119 pr 18.0 | sent 1:0.18 10:0.18 100:0.18 1000:0.18 2000:0.18 | 13.7s
run39|wta|0.3|kp1|0.5|1|51|leak: alive shape flat ratio 1 silent 0.24 resting 0.00 active 0.06 move 0.726 lock 0.00 static 0.116 pr 18.7 | sent 1:0.18 10:0.18 100:0.18 1000:0.18 2000:0.18 | 13.8s
run39|wta|0.3|kp1|0.5|0|51|leak: alive shape flat ratio 1 silent 0.24 resting 0.00 active 0.06 move 0.726 lock 0.00 static 0.116 pr 18.7 | sent 1:0.18 10:0.18 100:0.18 1000:0.18 2000:0.18 | 13.6s
run39|wta|0.3|kp1|0.5|0|50|code: alive shape flat ratio 1 silent 0.26 resting 0.00 active 0.06 move 0.698 lock 0.00 static 0.128 pr 17.6 | sent 1:0.18 10:0.18 100:0.18 1000:0.18 2000:0.18 | 20.5s
run39|wta|0.3|kp1|0.9|1|50|leak: alive shape flat ratio 1 silent 0.75 resting 0.00 active 0.06 move 0.1 lock 0.00 static 0.233 pr 7.6 | sent 1:0.18 10:0.18 100:0.18 1000:0.18 2000:0.18 | 13.8s
run39|wta|0.3|kp1|0.9|0|50|code: alive shape flat ratio 1 silent 0.74 resting 0.00 active 0.06 move 0.0982 lock 0.00 static 0.220 pr 7.9 | sent 1:0.18 10:0.18 100:0.18 1000:0.18 2000:0.18 | 20.2s
run39|wta|0.3|kp1|0.9|0|51|leak: alive shape flat ratio 1 silent 0.71 resting 0.00 active 0.06 move 0.11 lock 0.00 static 0.198 pr 8.1 | sent 1:0.18 10:0.18 100:0.18 1000:0.18 2000:0.18 | 13.4s
run39|wta|1.0|none|0.0|0|50|code: alive shape flat ratio 1 silent 0.11 resting 0.00 active 0.06 move 1.38 lock 0.00 static 0.041 pr 22.4 | sent 1:0.18 10:0.18 100:0.18 1000:0.18 2000:0.18 | 10.5s
run39|wta|1.0|none|0.0|1|51|code: alive shape flat ratio 1 silent 0.10 resting 0.00 active 0.06 move 1.38 lock 0.00 static 0.043 pr 22.7 | sent 1:0.18 10:0.18 100:0.18 1000:0.18 2000:0.18 | 11.1s
run39|wta|1.0|none|0.0|0|51|code: alive shape flat ratio 1 silent 0.10 resting 0.00 active 0.06 move 1.38 lock 0.00 static 0.043 pr 22.7 | sent 1:0.18 10:0.18 100:0.18 1000:0.18 2000:0.18 | 10.6s
run39|wta|0.3|kp1|0.9|0|51|code: alive shape flat ratio 1 silent 0.73 resting 0.00 active 0.06 move 0.106 lock 0.00 static 0.203 pr 7.6 | sent 1:0.18 10:0.18 100:0.18 1000:0.18 2000:0.18 | 20.6s
run39|wta|1.0|none|0.5|0|50|code: alive shape flat ratio 1 silent 0.25 resting 0.00 active 0.06 move 0.692 lock 0.00 static 0.110 pr 18.0 | sent 1:0.18 10:0.18 100:0.18 1000:0.18 2000:0.18 | 10.7s
run39|wta|1.0|none|0.5|1|51|code: alive shape flat ratio 1 silent 0.25 resting 0.00 active 0.06 move 0.704 lock 0.00 static 0.105 pr 18.7 | sent 1:0.18 10:0.18 100:0.18 1000:0.18 2000:0.18 | 11.3s
run39|wta|0.3|kp1|0.5|0|50|leak: alive shape flat ratio 1 silent 0.27 resting 0.00 active 0.06 move 0.724 lock 0.00 static 0.119 pr 18.0 | sent 1:0.18 10:0.18 100:0.18 1000:0.18 2000:0.18 | 24.8s
run39|wta|1.0|none|0.5|0|51|code: alive shape flat ratio 1 silent 0.25 resting 0.00 active 0.06 move 0.704 lock 0.00 static 0.105 pr 18.7 | sent 1:0.18 10:0.18 100:0.18 1000:0.18 2000:0.18 | 10.9s
run39|wta|1.0|none|0.0|1|50|code: alive shape flat ratio 1 silent 0.11 resting 0.00 active 0.06 move 1.38 lock 0.00 static 0.041 pr 22.4 | sent 1:0.18 10:0.18 100:0.18 1000:0.18 2000:0.18 | 20.2s
run39|wta|1.0|none|0.9|1|51|code: alive shape flat ratio 1 silent 0.73 resting 0.00 active 0.06 move 0.105 lock 0.00 static 0.229 pr 8.0 | sent 1:0.18 10:0.18 100:0.18 1000:0.18 2000:0.18 | 11.2s
run39|wta|0.3|kp1|0.9|0|50|leak: alive shape flat ratio 1 silent 0.75 resting 0.00 active 0.06 move 0.1 lock 0.00 static 0.233 pr 7.6 | sent 1:0.18 10:0.18 100:0.18 1000:0.18 2000:0.18 | 24.6s
run39|wta|0.3|kp1|0.9|1|51|leak: alive shape flat ratio 1 silent 0.71 resting 0.00 active 0.06 move 0.11 lock 0.00 static 0.198 pr 8.1 | sent 1:0.18 10:0.18 100:0.18 1000:0.18 2000:0.18 | 25.6s
run39|wta|1.0|none|0.9|0|51|code: alive shape flat ratio 1 silent 0.73 resting 0.00 active 0.06 move 0.103 lock 0.00 static 0.229 pr 7.5 | sent 1:0.18 10:0.18 100:0.18 1000:0.18 2000:0.18 | 10.7s
run39|wta|1.0|none|0.5|1|50|leak: alive shape flat ratio 1 silent 0.27 resting 0.00 active 0.06 move 0.684 lock 0.00 static 0.107 pr 18.0 | sent 1:0.18 10:0.18 100:0.18 1000:0.18 2000:0.18 | 13.4s
run39|wta|1.0|none|0.5|0|50|leak: alive shape flat ratio 1 silent 0.27 resting 0.00 active 0.06 move 0.684 lock 0.00 static 0.107 pr 18.0 | sent 1:0.18 10:0.18 100:0.18 1000:0.18 2000:0.18 | 13.0s
run39|wta|1.0|none|0.5|1|51|leak: alive shape flat ratio 1 silent 0.24 resting 0.00 active 0.06 move 0.713 lock 0.00 static 0.116 pr 18.2 | sent 1:0.18 10:0.18 100:0.18 1000:0.18 2000:0.18 | 13.5s
run39|wta|1.0|none|0.5|1|50|code: alive shape flat ratio 1 silent 0.25 resting 0.00 active 0.06 move 0.692 lock 0.00 static 0.110 pr 18.0 | sent 1:0.18 10:0.18 100:0.18 1000:0.18 2000:0.18 | 20.6s
run39|wta|1.0|none|0.9|1|50|code: alive shape flat ratio 1 silent 0.74 resting 0.00 active 0.06 move 0.106 lock 0.00 static 0.204 pr 8.4 | sent 1:0.18 10:0.18 100:0.18 1000:0.18 2000:0.18 | 20.6s
run39|wta|1.0|none|0.9|0|50|code: alive shape flat ratio 1 silent 0.74 resting 0.00 active 0.06 move 0.103 lock 0.00 static 0.203 pr 7.7 | sent 1:0.18 10:0.18 100:0.18 1000:0.18 2000:0.18 | 19.8s
run39|wta|1.0|none|0.9|1|50|leak: alive shape flat ratio 1 silent 0.75 resting 0.00 active 0.06 move 0.0986 lock 0.00 static 0.242 pr 7.6 | sent 1:0.18 10:0.18 100:0.18 1000:0.18 2000:0.18 | 13.4s
run39|wta|1.0|none|0.9|1|51|leak: alive shape flat ratio 1 silent 0.73 resting 0.00 active 0.06 move 0.103 lock 0.00 static 0.186 pr 7.5 | sent 1:0.18 10:0.18 100:0.18 1000:0.18 2000:0.18 | 13.5s
run39|wta|1.0|none|0.9|0|51|leak: alive shape flat ratio 1 silent 0.73 resting 0.00 active 0.06 move 0.103 lock 0.00 static 0.186 pr 7.5 | sent 1:0.18 10:0.18 100:0.18 1000:0.18 2000:0.18 | 13.0s
run39|wta|1.0|kp1|0.0|1|51|code: alive shape flat ratio 1 silent 0.10 resting 0.00 active 0.06 move 1.39 lock 0.00 static 0.040 pr 22.8 | sent 1:0.18 10:0.18 100:0.18 1000:0.18 2000:0.18 | 11.4s
run39|wta|1.0|kp1|0.5|1|50|code: alive shape flat ratio 1 silent 0.28 resting 0.00 active 0.06 move 0.701 lock 0.00 static 0.116 pr 17.8 | sent 1:0.18 10:0.18 100:0.18 1000:0.18 2000:0.18 | 11.1s
run39|wta|1.0|none|0.5|0|51|leak: alive shape flat ratio 1 silent 0.24 resting 0.00 active 0.06 move 0.713 lock 0.00 static 0.116 pr 18.2 | sent 1:0.18 10:0.18 100:0.18 1000:0.18 2000:0.18 | 22.0s
run39|wta|1.0|kp1|0.0|0|51|code: alive shape flat ratio 1 silent 0.10 resting 0.00 active 0.06 move 1.39 lock 0.00 static 0.040 pr 22.8 | sent 1:0.18 10:0.18 100:0.18 1000:0.18 2000:0.18 | 12.7s
run39|wta|1.0|kp1|0.5|0|50|code: alive shape flat ratio 1 silent 0.28 resting 0.00 active 0.06 move 0.701 lock 0.00 static 0.116 pr 17.8 | sent 1:0.18 10:0.18 100:0.18 1000:0.18 2000:0.18 | 10.7s
run39|wta|1.0|kp1|0.5|0|51|code: alive shape flat ratio 1 silent 0.25 resting 0.00 active 0.06 move 0.733 lock 0.00 static 0.112 pr 18.8 | sent 1:0.18 10:0.18 100:0.18 1000:0.18 2000:0.18 | 10.7s
run39|wta|1.0|kp1|0.0|1|50|code: alive shape flat ratio 1 silent 0.12 resting 0.00 active 0.06 move 1.38 lock 0.00 static 0.042 pr 22.1 | sent 1:0.18 10:0.18 100:0.18 1000:0.18 2000:0.18 | 20.5s
run39|wta|1.0|kp1|0.9|0|51|code: alive shape flat ratio 1 silent 0.73 resting 0.00 active 0.06 move 0.111 lock 0.00 static 0.243 pr 7.3 | sent 1:0.18 10:0.18 100:0.18 1000:0.18 2000:0.18 | 10.8s
run39|wta|1.0|none|0.9|0|50|leak: alive shape flat ratio 1 silent 0.75 resting 0.00 active 0.06 move 0.0986 lock 0.00 static 0.242 pr 7.6 | sent 1:0.18 10:0.18 100:0.18 1000:0.18 2000:0.18 | 24.4s
run39|wta|1.0|kp1|0.0|0|50|code: alive shape flat ratio 1 silent 0.12 resting 0.00 active 0.06 move 1.38 lock 0.00 static 0.042 pr 22.1 | sent 1:0.18 10:0.18 100:0.18 1000:0.18 2000:0.18 | 20.9s
run39|wta|1.0|kp1|0.5|1|50|leak: alive shape flat ratio 1 silent 0.27 resting 0.00 active 0.06 move 0.705 lock 0.00 static 0.117 pr 17.7 | sent 1:0.18 10:0.18 100:0.18 1000:0.18 2000:0.18 | 13.8s
run39|wta|1.0|kp1|0.5|0|50|leak: alive shape flat ratio 1 silent 0.27 resting 0.00 active 0.06 move 0.705 lock 0.00 static 0.117 pr 17.7 | sent 1:0.18 10:0.18 100:0.18 1000:0.18 2000:0.18 | 13.4s
run39|wta|1.0|kp1|0.5|1|51|code: alive shape flat ratio 1 silent 0.25 resting 0.00 active 0.06 move 0.733 lock 0.00 static 0.112 pr 18.9 | sent 1:0.18 10:0.18 100:0.18 1000:0.18 2000:0.18 | 21.3s
run39|wta|1.0|kp1|0.5|0|51|leak: alive shape flat ratio 1 silent 0.27 resting 0.00 active 0.06 move 0.687 lock 0.00 static 0.115 pr 18.6 | sent 1:0.18 10:0.18 100:0.18 1000:0.18 2000:0.18 | 13.4s
run39|wta|1.0|kp1|0.9|1|50|code: alive shape flat ratio 1 silent 0.75 resting 0.00 active 0.06 move 0.102 lock 0.00 static 0.209 pr 8.3 | sent 1:0.18 10:0.18 100:0.18 1000:0.18 2000:0.18 | 21.1s
run39|wta|1.0|kp1|0.9|1|50|leak: alive shape flat ratio 1 silent 0.71 resting 0.00 active 0.06 move 0.114 lock 0.00 static 0.220 pr 7.6 | sent 1:0.18 10:0.18 100:0.18 1000:0.18 2000:0.18 | 13.8s
run39|wta|1.0|kp1|0.9|1|51|leak: alive shape flat ratio 1 silent 0.74 resting 0.00 active 0.06 move 0.101 lock 0.00 static 0.209 pr 7.6 | sent 1:0.18 10:0.18 100:0.18 1000:0.18 2000:0.18 | 13.9s
run39|wta|1.0|kp1|0.9|1|51|code: alive shape flat ratio 1 silent 0.73 resting 0.00 active 0.06 move 0.112 lock 0.00 static 0.240 pr 7.8 | sent 1:0.18 10:0.18 100:0.18 1000:0.18 2000:0.18 | 21.3s
run39|wta|1.0|kp1|0.9|0|50|leak: alive shape flat ratio 1 silent 0.71 resting 0.00 active 0.06 move 0.114 lock 0.00 static 0.220 pr 7.6 | sent 1:0.18 10:0.18 100:0.18 1000:0.18 2000:0.18 | 13.3s
run39|wta|1.0|kp1|0.9|0|51|leak: alive shape flat ratio 1 silent 0.74 resting 0.00 active 0.06 move 0.101 lock 0.00 static 0.209 pr 7.6 | sent 1:0.18 10:0.18 100:0.18 1000:0.18 2000:0.18 | 13.3s
run39|wta|1.0|kp1|0.9|0|50|code: alive shape flat ratio 1 silent 0.75 resting 0.00 active 0.06 move 0.0998 lock 0.00 static 0.205 pr 7.8 | sent 1:0.18 10:0.18 100:0.18 1000:0.18 2000:0.18 | 20.2s
run39|wta|2.0|none|0.0|1|51|code: alive shape flat ratio 1 silent 0.10 resting 0.00 active 0.06 move 1.39 lock 0.00 static 0.040 pr 22.6 | sent 1:0.18 10:0.18 100:0.18 1000:0.18 2000:0.18 | 11.2s
run39|wta|2.0|none|0.5|1|50|code: alive shape flat ratio 1 silent 0.28 resting 0.00 active 0.06 move 0.683 lock 0.00 static 0.126 pr 18.1 | sent 1:0.18 10:0.18 100:0.18 1000:0.18 2000:0.18 | 11.2s
run39|wta|1.0|kp1|0.5|1|51|leak: alive shape flat ratio 1 silent 0.27 resting 0.00 active 0.06 move 0.687 lock 0.00 static 0.115 pr 18.6 | sent 1:0.18 10:0.18 100:0.18 1000:0.18 2000:0.18 | 25.7s
run39|wta|2.0|none|0.5|1|51|code: alive shape flat ratio 1 silent 0.25 resting 0.00 active 0.06 move 0.699 lock 0.00 static 0.114 pr 18.8 | sent 1:0.18 10:0.18 100:0.18 1000:0.18 2000:0.18 | 11.4s
run39|wta|2.0|none|0.5|0|51|code: alive shape flat ratio 1 silent 0.25 resting 0.00 active 0.06 move 0.695 lock 0.00 static 0.113 pr 18.5 | sent 1:0.18 10:0.18 100:0.18 1000:0.18 2000:0.18 | 10.9s
run39|wta|2.0|none|0.9|1|51|code: alive shape flat ratio 1 silent 0.74 resting 0.00 active 0.06 move 0.109 lock 0.00 static 0.207 pr 7.6 | sent 1:0.18 10:0.18 100:0.18 1000:0.18 2000:0.18 | 11.4s
run39|wta|2.0|none|0.9|0|50|code: alive shape flat ratio 1 silent 0.69 resting 0.00 active 0.06 move 0.114 lock 0.00 static 0.193 pr 8.5 | sent 1:0.18 10:0.18 100:0.18 1000:0.18 2000:0.18 | 10.8s
run39|wta|2.0|none|0.0|1|50|code: alive shape flat ratio 1 silent 0.12 resting 0.00 active 0.06 move 1.39 lock 0.00 static 0.042 pr 22.2 | sent 1:0.18 10:0.18 100:0.18 1000:0.18 2000:0.18 | 20.5s
run39|wta|2.0|none|0.0|0|50|code: alive shape flat ratio 1 silent 0.12 resting 0.00 active 0.06 move 1.39 lock 0.00 static 0.041 pr 22.1 | sent 1:0.18 10:0.18 100:0.18 1000:0.18 2000:0.18 | 20.0s
run39|wta|2.0|none|0.0|0|51|code: alive shape flat ratio 1 silent 0.10 resting 0.00 active 0.06 move 1.39 lock 0.00 static 0.040 pr 22.6 | sent 1:0.18 10:0.18 100:0.18 1000:0.18 2000:0.18 | 19.9s
run39|wta|2.0|none|0.5|1|50|leak: alive shape flat ratio 1 silent 0.25 resting 0.00 active 0.06 move 0.692 lock 0.00 static 0.110 pr 18.0 | sent 1:0.18 10:0.18 100:0.18 1000:0.18 2000:0.18 | 13.8s
run39|wta|2.0|none|0.5|1|51|leak: alive shape flat ratio 1 silent 0.25 resting 0.00 active 0.06 move 0.704 lock 0.00 static 0.105 pr 18.7 | sent 1:0.18 10:0.18 100:0.18 1000:0.18 2000:0.18 | 13.7s
run39|wta|2.0|none|0.5|0|51|leak: alive shape flat ratio 1 silent 0.25 resting 0.00 active 0.06 move 0.704 lock 0.00 static 0.105 pr 18.7 | sent 1:0.18 10:0.18 100:0.18 1000:0.18 2000:0.18 | 13.3s
run39|wta|2.0|none|0.5|0|50|code: alive shape flat ratio 1 silent 0.28 resting 0.00 active 0.06 move 0.679 lock 0.00 static 0.126 pr 17.8 | sent 1:0.18 10:0.18 100:0.18 1000:0.18 2000:0.18 | 20.1s
run39|wta|2.0|none|0.9|1|50|code: alive shape flat ratio 1 silent 0.69 resting 0.00 active 0.06 move 0.118 lock 0.00 static 0.195 pr 9.0 | sent 1:0.18 10:0.18 100:0.18 1000:0.18 2000:0.18 | 20.8s
run39|wta|2.0|none|0.9|1|50|leak: alive shape flat ratio 1 silent 0.73 resting 0.00 active 0.06 move 0.109 lock 0.00 static 0.226 pr 7.6 | sent 1:0.18 10:0.18 100:0.18 1000:0.18 2000:0.18 | 13.7s
run39|wta|2.0|none|0.9|0|51|code: alive shape flat ratio 1 silent 0.74 resting 0.00 active 0.06 move 0.105 lock 0.00 static 0.211 pr 7.0 | sent 1:0.18 10:0.18 100:0.18 1000:0.18 2000:0.18 | 20.3s
run39|wta|2.0|none|0.9|0|50|leak: alive shape flat ratio 1 silent 0.73 resting 0.00 active 0.06 move 0.109 lock 0.00 static 0.226 pr 7.6 | sent 1:0.18 10:0.18 100:0.18 1000:0.18 2000:0.18 | 13.2s
run39|wta|2.0|none|0.9|0|51|leak: alive shape flat ratio 1 silent 0.73 resting 0.00 active 0.06 move 0.104 lock 0.00 static 0.205 pr 7.7 | sent 1:0.18 10:0.18 100:0.18 1000:0.18 2000:0.18 | 13.4s
run39|wta|2.0|kp1|0.0|1|50|code: alive shape flat ratio 1 silent 0.11 resting 0.00 active 0.06 move 1.39 lock 0.00 static 0.043 pr 22.0 | sent 1:0.18 10:0.18 100:0.18 1000:0.18 2000:0.18 | 11.7s
run39|wta|2.0|kp1|0.0|1|51|code: alive shape flat ratio 1 silent 0.12 resting 0.00 active 0.06 move 1.39 lock 0.00 static 0.042 pr 22.8 | sent 1:0.18 10:0.18 100:0.18 1000:0.18 2000:0.18 | 11.9s
run39|wta|2.0|kp1|0.5|0|50|code: alive shape flat ratio 1 silent 0.30 resting 0.00 active 0.06 move 0.69 lock 0.00 static 0.128 pr 17.4 | sent 1:0.18 10:0.18 100:0.18 1000:0.18 2000:0.18 | 10.9s
run39|wta|2.0|kp1|0.5|1|51|code: alive shape flat ratio 1 silent 0.27 resting 0.00 active 0.06 move 0.701 lock 0.00 static 0.115 pr 18.8 | sent 1:0.18 10:0.18 100:0.18 1000:0.18 2000:0.18 | 11.4s
run39|wta|2.0|none|0.5|0|50|leak: alive shape flat ratio 1 silent 0.25 resting 0.00 active 0.06 move 0.692 lock 0.00 static 0.110 pr 18.0 | sent 1:0.18 10:0.18 100:0.18 1000:0.18 2000:0.18 | 24.5s
run39|wta|2.0|kp1|0.5|0|51|code: alive shape flat ratio 1 silent 0.27 resting 0.00 active 0.06 move 0.694 lock 0.00 static 0.116 pr 18.4 | sent 1:0.18 10:0.18 100:0.18 1000:0.18 2000:0.18 | 11.0s
run39|wta|2.0|kp1|0.0|0|50|code: alive shape flat ratio 1 silent 0.11 resting 0.00 active 0.06 move 1.39 lock 0.00 static 0.043 pr 22.0 | sent 1:0.18 10:0.18 100:0.18 1000:0.18 2000:0.18 | 19.9s
run39|wta|2.0|kp1|0.9|0|50|code: alive shape flat ratio 1 silent 0.71 resting 0.00 active 0.06 move 0.109 lock 0.00 static 0.210 pr 7.7 | sent 1:0.18 10:0.18 100:0.18 1000:0.18 2000:0.18 | 10.9s
run39|wta|2.0|kp1|0.0|0|51|code: alive shape flat ratio 1 silent 0.12 resting 0.00 active 0.06 move 1.39 lock 0.00 static 0.042 pr 22.7 | sent 1:0.18 10:0.18 100:0.18 1000:0.18 2000:0.18 | 20.6s
run39|wta|2.0|none|0.9|1|51|leak: alive shape flat ratio 1 silent 0.73 resting 0.00 active 0.06 move 0.104 lock 0.00 static 0.205 pr 7.7 | sent 1:0.18 10:0.18 100:0.18 1000:0.18 2000:0.18 | 25.6s
run39|wta|2.0|kp1|0.5|1|50|code: alive shape flat ratio 1 silent 0.30 resting 0.00 active 0.06 move 0.695 lock 0.00 static 0.127 pr 17.8 | sent 1:0.18 10:0.18 100:0.18 1000:0.18 2000:0.18 | 21.2s
run39|wta|2.0|kp1|0.5|0|50|leak: alive shape flat ratio 1 silent 0.27 resting 0.00 active 0.06 move 0.702 lock 0.00 static 0.119 pr 18.1 | sent 1:0.18 10:0.18 100:0.18 1000:0.18 2000:0.18 | 13.3s
run39|wta|2.0|kp1|0.5|1|50|leak: alive shape flat ratio 1 silent 0.27 resting 0.00 active 0.06 move 0.702 lock 0.00 static 0.119 pr 18.1 | sent 1:0.18 10:0.18 100:0.18 1000:0.18 2000:0.18 | 13.7s
run39|wta|2.0|kp1|0.5|1|51|leak: alive shape flat ratio 1 silent 0.25 resting 0.00 active 0.06 move 0.709 lock 0.00 static 0.111 pr 18.4 | sent 1:0.18 10:0.18 100:0.18 1000:0.18 2000:0.18 | 14.0s
run39|wta|2.0|kp1|0.5|0|51|leak: alive shape flat ratio 1 silent 0.25 resting 0.00 active 0.06 move 0.709 lock 0.00 static 0.111 pr 18.4 | sent 1:0.18 10:0.18 100:0.18 1000:0.18 2000:0.18 | 13.5s
run39|wta|2.0|kp1|0.9|1|50|code: alive shape flat ratio 1 silent 0.71 resting 0.00 active 0.06 move 0.112 lock 0.00 static 0.211 pr 8.2 | sent 1:0.18 10:0.18 100:0.18 1000:0.18 2000:0.18 | 21.0s
run39|wta|2.0|kp1|0.9|1|50|leak: alive shape flat ratio 1 silent 0.71 resting 0.00 active 0.06 move 0.112 lock 0.00 static 0.202 pr 7.7 | sent 1:0.18 10:0.18 100:0.18 1000:0.18 2000:0.18 | 13.7s
run39|wta|2.0|kp1|0.9|1|51|leak: alive shape flat ratio 1 silent 0.74 resting 0.00 active 0.06 move 0.0964 lock 0.00 static 0.215 pr 7.1 | sent 1:0.18 10:0.18 100:0.18 1000:0.18 2000:0.18 | 13.8s
run39|wta|2.0|kp1|0.9|1|51|code: alive shape flat ratio 1 silent 0.76 resting 0.00 active 0.06 move 0.0983 lock 0.00 static 0.206 pr 8.1 | sent 1:0.18 10:0.18 100:0.18 1000:0.18 2000:0.18 | 21.3s
run39|wta|2.0|kp1|0.9|0|51|code: alive shape flat ratio 1 silent 0.76 resting 0.00 active 0.06 move 0.0961 lock 0.00 static 0.204 pr 7.5 | sent 1:0.18 10:0.18 100:0.18 1000:0.18 2000:0.18 | 20.4s
run39|wta|2.0|kp1|0.9|0|51|leak: alive shape flat ratio 1 silent 0.74 resting 0.00 active 0.06 move 0.0964 lock 0.00 static 0.215 pr 7.1 | sent 1:0.18 10:0.18 100:0.18 1000:0.18 2000:0.18 | 13.3s
run39|wta|4.0|none|0.0|1|51|code: alive shape flat ratio 1 silent 0.10 resting 0.00 active 0.06 move 1.39 lock 0.00 static 0.041 pr 23.0 | sent 1:0.18 10:0.18 100:0.18 1000:0.18 2000:0.18 | 11.0s
run39|wta|4.0|none|0.5|0|50|code: alive shape flat ratio 1 silent 0.25 resting 0.00 active 0.06 move 0.713 lock 0.00 static 0.105 pr 18.1 | sent 1:0.18 10:0.18 100:0.18 1000:0.18 2000:0.18 | 10.7s
run39|wta|4.0|none|0.5|1|51|code: alive shape flat ratio 1 silent 0.26 resting 0.00 active 0.06 move 0.71 lock 0.00 static 0.114 pr 18.9 | sent 1:0.18 10:0.18 100:0.18 1000:0.18 2000:0.18 | 11.2s
run39|wta|4.0|none|0.5|0|51|code: alive shape flat ratio 1 silent 0.26 resting 0.00 active 0.06 move 0.704 lock 0.00 static 0.114 pr 18.5 | sent 1:0.18 10:0.18 100:0.18 1000:0.18 2000:0.18 | 10.7s
run39|wta|4.0|none|0.9|1|50|code: alive shape flat ratio 1 silent 0.72 resting 0.00 active 0.06 move 0.111 lock 0.00 static 0.196 pr 8.4 | sent 1:0.18 10:0.18 100:0.18 1000:0.18 2000:0.18 | 11.0s
run39|wta|4.0|none|0.9|0|50|code: alive shape flat ratio 1 silent 0.72 resting 0.00 active 0.06 move 0.108 lock 0.00 static 0.200 pr 7.9 | sent 1:0.18 10:0.18 100:0.18 1000:0.18 2000:0.18 | 10.5s
run39|wta|4.0|none|0.9|0|51|code: alive shape flat ratio 1 silent 0.72 resting 0.00 active 0.06 move 0.108 lock 0.00 static 0.195 pr 7.7 | sent 1:0.18 10:0.18 100:0.18 1000:0.18 2000:0.18 | 10.6s
run39|wta|2.0|kp1|0.9|0|50|leak: alive shape flat ratio 1 silent 0.71 resting 0.00 active 0.06 move 0.112 lock 0.00 static 0.202 pr 7.7 | sent 1:0.18 10:0.18 100:0.18 1000:0.18 2000:0.18 | 24.7s
run39|wta|4.0|none|0.0|1|50|code: alive shape flat ratio 1 silent 0.11 resting 0.00 active 0.06 move 1.39 lock 0.00 static 0.039 pr 22.5 | sent 1:0.18 10:0.18 100:0.18 1000:0.18 2000:0.18 | 20.4s
run39|wta|4.0|none|0.0|0|50|code: alive shape flat ratio 1 silent 0.11 resting 0.00 active 0.06 move 1.39 lock 0.00 static 0.039 pr 22.3 | sent 1:0.18 10:0.18 100:0.18 1000:0.18 2000:0.18 | 19.5s
run39|wta|4.0|none|0.0|0|51|code: alive shape flat ratio 1 silent 0.10 resting 0.00 active 0.06 move 1.39 lock 0.00 static 0.041 pr 22.9 | sent 1:0.18 10:0.18 100:0.18 1000:0.18 2000:0.18 | 19.7s
run39|wta|4.0|none|0.5|0|50|leak: alive shape flat ratio 1 silent 0.28 resting 0.00 active 0.06 move 0.679 lock 0.00 static 0.126 pr 17.8 | sent 1:0.18 10:0.18 100:0.18 1000:0.18 2000:0.18 | 13.0s
run39|wta|4.0|none|0.5|1|50|code: alive shape flat ratio 1 silent 0.25 resting 0.00 active 0.06 move 0.718 lock 0.00 static 0.105 pr 18.5 | sent 1:0.18 10:0.18 100:0.18 1000:0.18 2000:0.18 | 20.7s
run39|wta|4.0|none|0.5|0|51|leak: alive shape flat ratio 1 silent 0.25 resting 0.00 active 0.06 move 0.695 lock 0.00 static 0.113 pr 18.5 | sent 1:0.18 10:0.18 100:0.18 1000:0.18 2000:0.18 | 13.1s
run39|wta|4.0|none|0.9|1|51|code: alive shape flat ratio 1 silent 0.72 resting 0.00 active 0.06 move 0.109 lock 0.00 static 0.196 pr 8.2 | sent 1:0.18 10:0.18 100:0.18 1000:0.18 2000:0.18 | 20.9s
run39|wta|4.0|none|0.9|1|50|leak: alive shape flat ratio 1 silent 0.70 resting 0.00 active 0.06 move 0.113 lock 0.00 static 0.241 pr 8.6 | sent 1:0.18 10:0.18 100:0.18 1000:0.18 2000:0.18 | 13.7s
run39|wta|4.0|none|0.9|0|50|leak: alive shape flat ratio 1 silent 0.70 resting 0.00 active 0.06 move 0.111 lock 0.00 static 0.241 pr 8.2 | sent 1:0.18 10:0.18 100:0.18 1000:0.18 2000:0.18 | 13.2s
run39|wta|4.0|none|0.9|1|51|leak: alive shape flat ratio 1 silent 0.73 resting 0.00 active 0.06 move 0.11 lock 0.00 static 0.183 pr 8.3 | sent 1:0.18 10:0.18 100:0.18 1000:0.18 2000:0.18 | 13.7s
run39|wta|4.0|none|0.9|0|51|leak: alive shape flat ratio 1 silent 0.73 resting 0.00 active 0.06 move 0.108 lock 0.00 static 0.184 pr 7.8 | sent 1:0.18 10:0.18 100:0.18 1000:0.18 2000:0.18 | 13.2s
run39|wta|4.0|kp1|0.0|1|50|code: alive shape flat ratio 1 silent 0.12 resting 0.00 active 0.06 move 1.38 lock 0.00 static 0.043 pr 22.2 | sent 1:0.18 10:0.18 100:0.18 1000:0.18 2000:0.18 | 12.0s
run39|wta|4.0|kp1|0.0|1|51|code: alive shape flat ratio 1 silent 0.11 resting 0.00 active 0.06 move 1.38 lock 0.00 static 0.045 pr 22.7 | sent 1:0.18 10:0.18 100:0.18 1000:0.18 2000:0.18 | 12.1s
run39|wta|4.0|kp1|0.5|0|50|code: alive shape flat ratio 1 silent 0.28 resting 0.00 active 0.06 move 0.695 lock 0.00 static 0.113 pr 18.0 | sent 1:0.18 10:0.18 100:0.18 1000:0.18 2000:0.18 | 10.8s
run39|wta|4.0|none|0.5|1|50|leak: alive shape flat ratio 1 silent 0.28 resting 0.00 active 0.06 move 0.683 lock 0.00 static 0.126 pr 18.1 | sent 1:0.18 10:0.18 100:0.18 1000:0.18 2000:0.18 | 25.1s
run39|wta|4.0|none|0.5|1|51|leak: alive shape flat ratio 1 silent 0.25 resting 0.00 active 0.06 move 0.699 lock 0.00 static 0.114 pr 18.8 | sent 1:0.18 10:0.18 100:0.18 1000:0.18 2000:0.18 | 25.3s
run39|wta|4.0|kp1|0.9|1|50|code: alive shape flat ratio 1 silent 0.75 resting 0.00 active 0.06 move 0.099 lock 0.00 static 0.223 pr 8.0 | sent 1:0.18 10:0.18 100:0.18 1000:0.18 2000:0.18 | 11.3s
run39|wta|4.0|kp1|0.9|0|50|code: alive shape flat ratio 1 silent 0.75 resting 0.00 active 0.06 move 0.0969 lock 0.00 static 0.228 pr 7.4 | sent 1:0.18 10:0.18 100:0.18 1000:0.18 2000:0.18 | 10.8s
run39|wta|4.0|kp1|0.9|0|51|code: alive shape flat ratio 1 silent 0.70 resting 0.00 active 0.06 move 0.11 lock 0.00 static 0.209 pr 7.9 | sent 1:0.18 10:0.18 100:0.18 1000:0.18 2000:0.18 | 11.0s
run39|wta|4.0|kp1|0.0|0|50|code: alive shape flat ratio 1 silent 0.12 resting 0.00 active 0.06 move 1.38 lock 0.00 static 0.043 pr 22.1 | sent 1:0.18 10:0.18 100:0.18 1000:0.18 2000:0.18 | 21.1s
run39|wta|4.0|kp1|0.0|0|51|code: alive shape flat ratio 1 silent 0.11 resting 0.00 active 0.06 move 1.38 lock 0.00 static 0.045 pr 22.6 | sent 1:0.18 10:0.18 100:0.18 1000:0.18 2000:0.18 | 20.1s
run39|wta|4.0|kp1|0.5|1|50|code: alive shape flat ratio 1 silent 0.28 resting 0.00 active 0.06 move 0.702 lock 0.00 static 0.112 pr 18.5 | sent 1:0.18 10:0.18 100:0.18 1000:0.18 2000:0.18 | 21.3s
run39|wta|4.0|kp1|0.5|1|50|leak: alive shape flat ratio 1 silent 0.29 resting 0.00 active 0.06 move 0.696 lock 0.00 static 0.122 pr 18.1 | sent 1:0.18 10:0.18 100:0.18 1000:0.18 2000:0.18 | 13.8s
run39|wta|4.0|kp1|0.5|1|51|leak: alive shape flat ratio 1 silent 0.26 resting 0.00 active 0.06 move 0.703 lock 0.00 static 0.107 pr 19.0 | sent 1:0.18 10:0.18 100:0.18 1000:0.18 2000:0.18 | 13.9s
run39|wta|4.0|kp1|0.5|1|51|code: alive shape flat ratio 1 silent 0.22 resting 0.00 active 0.06 move 0.733 lock 0.00 static 0.110 pr 19.1 | sent 1:0.18 10:0.18 100:0.18 1000:0.18 2000:0.18 | 21.4s
run39|wta|4.0|kp1|0.5|0|50|leak: alive shape flat ratio 1 silent 0.29 resting 0.00 active 0.06 move 0.691 lock 0.00 static 0.122 pr 17.7 | sent 1:0.18 10:0.18 100:0.18 1000:0.18 2000:0.18 | 13.3s
run39|wta|4.0|kp1|0.5|0|51|leak: alive shape flat ratio 1 silent 0.26 resting 0.00 active 0.06 move 0.697 lock 0.00 static 0.108 pr 18.6 | sent 1:0.18 10:0.18 100:0.18 1000:0.18 2000:0.18 | 13.4s
run39|wta|4.0|kp1|0.5|0|51|code: alive shape flat ratio 1 silent 0.22 resting 0.00 active 0.06 move 0.727 lock 0.00 static 0.111 pr 18.7 | sent 1:0.18 10:0.18 100:0.18 1000:0.18 2000:0.18 | 20.7s
run39|wta|4.0|kp1|0.9|1|50|leak: alive shape flat ratio 1 silent 0.70 resting 0.00 active 0.06 move 0.117 lock 0.00 static 0.209 pr 7.9 | sent 1:0.18 10:0.18 100:0.18 1000:0.18 2000:0.18 | 13.7s
run39|wta|4.0|kp1|0.9|0|51|leak: alive shape flat ratio 1 silent 0.72 resting 0.00 active 0.06 move 0.109 lock 0.00 static 0.220 pr 7.9 | sent 1:0.18 10:0.18 100:0.18 1000:0.18 2000:0.18 | 13.5s
run39|wta|4.0|kp1|0.9|1|51|code: alive shape flat ratio 1 silent 0.70 resting 0.00 active 0.06 move 0.113 lock 0.00 static 0.209 pr 8.4 | sent 1:0.18 10:0.18 100:0.18 1000:0.18 2000:0.18 | 21.3s
run39|wta|16.0|none|0.0|1|50|code: alive shape flat ratio 1 silent 0.11 resting 0.00 active 0.06 move 1.38 lock 0.00 static 0.038 pr 22.4 | sent 1:0.18 10:0.18 100:0.18 1000:0.18 2000:0.18 | 11.2s
run39|wta|16.0|none|0.0|1|51|code: alive shape flat ratio 1 silent 0.11 resting 0.00 active 0.06 move 1.39 lock 0.00 static 0.046 pr 22.8 | sent 1:0.18 10:0.18 100:0.18 1000:0.18 2000:0.18 | 11.2s
run39|wta|16.0|none|0.5|0|50|code: alive shape flat ratio 1 silent 0.27 resting 0.00 active 0.06 move 0.679 lock 0.00 static 0.116 pr 17.6 | sent 1:0.18 10:0.18 100:0.18 1000:0.18 2000:0.18 | 10.8s
run39|wta|16.0|none|0.5|1|51|code: alive shape flat ratio 1 silent 0.26 resting 0.00 active 0.06 move 0.697 lock 0.00 static 0.110 pr 19.0 | sent 1:0.18 10:0.18 100:0.18 1000:0.18 2000:0.18 | 11.4s
run39|wta|16.0|none|0.9|1|50|code: alive shape flat ratio 1 silent 0.72 resting 0.00 active 0.06 move 0.111 lock 0.00 static 0.189 pr 8.2 | sent 1:0.18 10:0.18 100:0.18 1000:0.18 2000:0.18 | 11.2s
run39|wta|16.0|none|0.9|1|51|code: alive shape flat ratio 1 silent 0.72 resting 0.00 active 0.06 move 0.11 lock 0.00 static 0.211 pr 8.6 | sent 1:0.18 10:0.18 100:0.18 1000:0.18 2000:0.18 | 11.3s
run39|wta|16.0|none|0.9|0|51|code: alive shape flat ratio 1 silent 0.72 resting 0.00 active 0.06 move 0.106 lock 0.00 static 0.212 pr 8.0 | sent 1:0.18 10:0.18 100:0.18 1000:0.18 2000:0.18 | 10.9s
run39|wta|4.0|kp1|0.9|0|50|leak: alive shape flat ratio 1 silent 0.70 resting 0.00 active 0.06 move 0.115 lock 0.00 static 0.213 pr 7.5 | sent 1:0.18 10:0.18 100:0.18 1000:0.18 2000:0.18 | 24.8s
run39|wta|4.0|kp1|0.9|1|51|leak: alive shape flat ratio 1 silent 0.72 resting 0.00 active 0.06 move 0.111 lock 0.00 static 0.221 pr 8.3 | sent 1:0.18 10:0.18 100:0.18 1000:0.18 2000:0.18 | 25.8s
run39|wta|16.0|none|0.0|0|50|code: alive shape flat ratio 1 silent 0.11 resting 0.00 active 0.06 move 1.38 lock 0.00 static 0.038 pr 22.3 | sent 1:0.18 10:0.18 100:0.18 1000:0.18 2000:0.18 | 19.7s
run39|wta|16.0|none|0.0|0|51|code: alive shape flat ratio 1 silent 0.11 resting 0.00 active 0.06 move 1.38 lock 0.00 static 0.046 pr 22.7 | sent 1:0.18 10:0.18 100:0.18 1000:0.18 2000:0.18 | 19.8s
run39|wta|16.0|none|0.5|1|50|leak: alive shape flat ratio 1 silent 0.27 resting 0.00 active 0.06 move 0.712 lock 0.00 static 0.117 pr 18.2 | sent 1:0.18 10:0.18 100:0.18 1000:0.18 2000:0.18 | 13.7s
run39|wta|16.0|none|0.5|0|51|code: alive shape flat ratio 1 silent 0.26 resting 0.00 active 0.06 move 0.69 lock 0.00 static 0.108 pr 18.6 | sent 1:0.18 10:0.18 100:0.18 1000:0.18 2000:0.18 | 20.3s
run39|wta|16.0|none|0.5|1|50|code: alive shape flat ratio 1 silent 0.27 resting 0.00 active 0.06 move 0.686 lock 0.00 static 0.117 pr 18.1 | sent 1:0.18 10:0.18 100:0.18 1000:0.18 2000:0.18 | 20.9s
run39|wta|16.0|none|0.5|0|50|leak: alive shape flat ratio 1 silent 0.27 resting 0.00 active 0.06 move 0.704 lock 0.00 static 0.116 pr 17.8 | sent 1:0.18 10:0.18 100:0.18 1000:0.18 2000:0.18 | 13.2s
run39|wta|16.0|none|0.5|0|51|leak: alive shape flat ratio 1 silent 0.24 resting 0.00 active 0.06 move 0.726 lock 0.00 static 0.112 pr 18.3 | sent 1:0.18 10:0.18 100:0.18 1000:0.18 2000:0.18 | 13.3s
run39|wta|16.0|none|0.9|0|50|code: alive shape flat ratio 1 silent 0.72 resting 0.00 active 0.06 move 0.108 lock 0.00 static 0.189 pr 7.7 | sent 1:0.18 10:0.18 100:0.18 1000:0.18 2000:0.18 | 20.1s
run39|wta|16.0|none|0.9|1|50|leak: alive shape flat ratio 1 silent 0.70 resting 0.00 active 0.06 move 0.118 lock 0.00 static 0.213 pr 8.3 | sent 1:0.18 10:0.18 100:0.18 1000:0.18 2000:0.18 | 13.8s
run39|wta|16.0|none|0.9|1|51|leak: alive shape flat ratio 1 silent 0.72 resting 0.00 active 0.06 move 0.111 lock 0.00 static 0.193 pr 8.4 | sent 1:0.18 10:0.18 100:0.18 1000:0.18 2000:0.18 | 13.8s
run39|wta|16.0|none|0.9|0|50|leak: alive shape flat ratio 1 silent 0.70 resting 0.00 active 0.06 move 0.113 lock 0.00 static 0.213 pr 7.7 | sent 1:0.18 10:0.18 100:0.18 1000:0.18 2000:0.18 | 13.3s
run39|wta|16.0|none|0.9|0|51|leak: alive shape flat ratio 1 silent 0.72 resting 0.00 active 0.06 move 0.108 lock 0.00 static 0.196 pr 7.9 | sent 1:0.18 10:0.18 100:0.18 1000:0.18 2000:0.18 | 13.3s
run39|wta|16.0|kp1|0.0|1|50|code: alive shape flat ratio 1 silent 0.12 resting 0.00 active 0.06 move 1.39 lock 0.00 static 0.042 pr 22.3 | sent 1:0.18 10:0.18 100:0.18 1000:0.18 2000:0.18 | 11.9s
run39|wta|16.0|kp1|0.5|1|51|code: alive shape flat ratio 1 silent 0.28 resting 0.00 active 0.06 move 0.688 lock 0.00 static 0.105 pr 19.1 | sent 1:0.18 10:0.18 100:0.18 1000:0.18 2000:0.18 | 11.6s
run39|wta|16.0|none|0.5|1|51|leak: alive shape flat ratio 1 silent 0.24 resting 0.00 active 0.06 move 0.732 lock 0.00 static 0.113 pr 18.8 | sent 1:0.18 10:0.18 100:0.18 1000:0.18 2000:0.18 | 25.6s
run39|wta|16.0|kp1|0.9|1|50|code: alive shape flat ratio 1 silent 0.74 resting 0.00 active 0.06 move 0.107 lock 0.00 static 0.201 pr 8.0 | sent 1:0.18 10:0.18 100:0.18 1000:0.18 2000:0.18 | 11.5s
run39|wta|16.0|kp1|0.9|1|51|code: alive shape flat ratio 1 silent 0.75 resting 0.00 active 0.06 move 0.0972 lock 0.00 static 0.208 pr 7.9 | sent 1:0.18 10:0.18 100:0.18 1000:0.18 2000:0.18 | 11.5s
run39|wta|16.0|kp1|0.9|0|51|code: alive shape flat ratio 1 silent 0.75 resting 0.00 active 0.06 move 0.0957 lock 0.00 static 0.204 pr 7.5 | sent 1:0.18 10:0.18 100:0.18 1000:0.18 2000:0.18 | 11.0s
run39|wta|16.0|kp1|0.0|0|51|code: alive shape flat ratio 1 silent 0.10 resting 0.00 active 0.06 move 1.39 lock 0.00 static 0.045 pr 22.6 | sent 1:0.18 10:0.18 100:0.18 1000:0.18 2000:0.18 | 20.4s
run39|wta|16.0|kp1|0.0|0|50|code: alive shape flat ratio 1 silent 0.12 resting 0.00 active 0.06 move 1.39 lock 0.00 static 0.042 pr 22.2 | sent 1:0.18 10:0.18 100:0.18 1000:0.18 2000:0.18 | 21.1s
run39|wta|16.0|kp1|0.5|1|50|code: alive shape flat ratio 1 silent 0.29 resting 0.00 active 0.06 move 0.686 lock 0.00 static 0.118 pr 18.3 | sent 1:0.18 10:0.18 100:0.18 1000:0.18 2000:0.18 | 21.3s
run39|wta|16.0|kp1|0.0|1|51|code: alive shape flat ratio 1 silent 0.10 resting 0.00 active 0.06 move 1.39 lock 0.00 static 0.045 pr 22.7 | sent 1:0.18 10:0.18 100:0.18 1000:0.18 2000:0.18 | 21.9s
run39|wta|16.0|kp1|0.5|1|50|leak: alive shape flat ratio 1 silent 0.25 resting 0.00 active 0.06 move 0.72 lock 0.00 static 0.118 pr 18.2 | sent 1:0.18 10:0.18 100:0.18 1000:0.18 2000:0.18 | 13.8s
run39|wta|16.0|kp1|0.5|1|51|leak: alive shape flat ratio 1 silent 0.25 resting 0.00 active 0.06 move 0.703 lock 0.00 static 0.106 pr 19.1 | sent 1:0.18 10:0.18 100:0.18 1000:0.18 2000:0.18 | 13.9s
run39|wta|16.0|kp1|0.5|0|50|leak: alive shape flat ratio 1 silent 0.25 resting 0.00 active 0.06 move 0.711 lock 0.00 static 0.118 pr 17.8 | sent 1:0.18 10:0.18 100:0.18 1000:0.18 2000:0.18 | 13.4s
run39|wta|16.0|kp1|0.5|0|50|code: alive shape flat ratio 1 silent 0.29 resting 0.00 active 0.06 move 0.677 lock 0.00 static 0.119 pr 17.8 | sent 1:0.18 10:0.18 100:0.18 1000:0.18 2000:0.18 | 20.4s
run39|wta|16.0|kp1|0.5|0|51|leak: alive shape flat ratio 1 silent 0.25 resting 0.00 active 0.06 move 0.698 lock 0.00 static 0.106 pr 18.7 | sent 1:0.18 10:0.18 100:0.18 1000:0.18 2000:0.18 | 13.4s
run39|wta|16.0|kp1|0.5|0|51|code: alive shape flat ratio 1 silent 0.28 resting 0.00 active 0.06 move 0.682 lock 0.00 static 0.105 pr 18.8 | sent 1:0.18 10:0.18 100:0.18 1000:0.18 2000:0.18 | 20.7s
run39|wta|16.0|kp1|0.9|0|50|code: alive shape flat ratio 1 silent 0.74 resting 0.00 active 0.06 move 0.105 lock 0.00 static 0.207 pr 7.5 | sent 1:0.18 10:0.18 100:0.18 1000:0.18 2000:0.18 | 20.3s
run39|wta|16.0|kp1|0.9|1|50|leak: alive shape flat ratio 1 silent 0.72 resting 0.00 active 0.06 move 0.112 lock 0.00 static 0.235 pr 8.1 | sent 1:0.18 10:0.18 100:0.18 1000:0.18 2000:0.18 | 13.8s
run39|wta|16.0|kp1|0.9|0|50|leak: alive shape flat ratio 1 silent 0.72 resting 0.00 active 0.06 move 0.109 lock 0.00 static 0.246 pr 7.6 | sent 1:0.18 10:0.18 100:0.18 1000:0.18 2000:0.18 | 13.3s
run39|wta|16.0|kp1|0.9|0|51|leak: alive shape flat ratio 1 silent 0.73 resting 0.00 active 0.06 move 0.104 lock 0.00 static 0.227 pr 7.5 | sent 1:0.18 10:0.18 100:0.18 1000:0.18 2000:0.18 | 13.5s
run39|kwta4|0.1|none|0.0|1|50|code: dead at step 11 shape decaying ratio 0 silent 1.00 resting 1.00 active 0.00 move 0 | sent 1:0.59 10:1.9e-08 100:0 1000:0 2000:0 | 12.9s
run39|kwta4|0.1|none|0.5|0|50|code: dead at step 19 shape decaying ratio 0 silent 1.00 resting 1.00 active 0.00 move 0 | sent 1:0.59 10:0.0042 100:4.9e-22 1000:0 2000:0 | 12.7s
run39|kwta4|0.1|none|0.5|1|51|code: dead at step 20 shape decaying ratio 0 silent 1.00 resting 1.00 active 0.00 move 0 | sent 1:0.58 10:0.0051 100:7.2e-21 1000:0 2000:0 | 13.2s
run39|kwta4|0.1|none|0.5|0|51|code: dead at step 19 shape decaying ratio 0 silent 1.00 resting 1.00 active 0.00 move 0 | sent 1:0.59 10:0.0039 100:8.1e-22 1000:0 2000:0 | 12.8s
run39|kwta4|0.1|none|0.9|1|51|code: alive shape flat ratio 0.957 silent 0.60 resting 0.00 active 0.12 move 0.0531 lock 0.00 static 0.473 pr 5.9 | sent 1:0.58 10:0.45 100:0.55 1000:0.59 2000:0.56 | 13.2s
run39|wta|16.0|kp1|0.9|1|51|leak: alive shape flat ratio 1 silent 0.73 resting 0.00 active 0.06 move 0.107 lock 0.00 static 0.227 pr 8.1 | sent 1:0.18 10:0.18 100:0.18 1000:0.18 2000:0.18 | 25.8s
run39|kwta4|0.1|none|0.5|1|50|leak: dead at step 17 shape decaying ratio 0 silent 1.00 resting 1.00 active 0.00 move 0 | sent 1:0.59 10:0.0023 100:0 1000:0 2000:0 | 15.5s
run39|kwta4|0.1|none|0.0|0|50|code: dead at step 11 shape decaying ratio 0 silent 1.00 resting 1.00 active 0.00 move 0 | sent 1:0.59 10:6.3e-09 100:0 1000:0 2000:0 | 23.9s
run39|kwta4|0.1|none|0.0|1|51|code: dead at step 11 shape decaying ratio 0 silent 1.00 resting 1.00 active 0.00 move 0 | sent 1:0.58 10:2e-08 100:0 1000:0 2000:0 | 24.9s
run39|kwta4|0.1|none|0.0|0|51|code: dead at step 11 shape decaying ratio 0 silent 1.00 resting 1.00 active 0.00 move 0 | sent 1:0.59 10:7.2e-09 100:0 1000:0 2000:0 | 24.1s
run39|kwta4|0.1|none|0.5|1|51|leak: dead at step 17 shape decaying ratio 0 silent 1.00 resting 1.00 active 0.00 move 0 | sent 1:0.58 10:0.0021 100:0 1000:0 2000:0 | 16.5s
run39|kwta4|0.1|none|0.5|0|50|leak: dead at step 16 shape decaying ratio 0 silent 1.00 resting 1.00 active 0.00 move 0 | sent 1:0.59 10:0.0019 100:0 1000:0 2000:0 | 16.2s
run39|kwta4|0.1|none|0.5|1|50|code: dead at step 20 shape decaying ratio 0 silent 1.00 resting 1.00 active 0.00 move 0 | sent 1:0.59 10:0.0055 100:7.4e-21 1000:0 2000:0 | 25.1s
run39|kwta4|0.1|none|0.5|0|51|leak: dead at step 16 shape decaying ratio 0 silent 1.00 resting 1.00 active 0.00 move 0 | sent 1:0.58 10:0.0018 100:0 1000:0 2000:0 | 15.9s
run39|kwta4|0.1|none|0.9|0|50|code: cycle period 1 shape growing ratio inf silent 0.60 resting 0.00 active 0.12 move nan lock 0.00 static nan pr nan | sent 1:0.59 10:0.42 100:1.2 1000:2.1e+09 2000:inf | 24.3s
run39|kwta4|0.1|none|0.9|1|50|code: alive shape flat ratio 0.935 silent 0.58 resting 0.00 active 0.12 move 0.0518 lock 0.00 static 0.455 pr 5.8 | sent 1:0.59 10:0.48 100:0.57 1000:0.59 2000:0.55 | 25.1s
run39|kwta4|0.1|none|0.9|0|51|code: alive shape growing ratio inf silent 0.57 resting 0.00 active 0.12 move 0.0434 lock 0.00 static 0.000 pr 1.7 | sent 1:0.59 10:0.39 100:2 1000:7.4e+08 2000:inf | 24.6s
run39|kwta4|0.1|none|0.9|1|50|leak: dead at step 97 shape decaying ratio 0 silent 0.88 resting 1.00 active 0.00 move 0 | sent 1:0.59 10:0.26 100:4.2e-05 1000:0 2000:0 | 16.6s
run39|kwta4|0.1|none|0.9|0|50|leak: dead at step 95 shape decaying ratio 0 silent 0.88 resting 1.00 active 0.00 move 0 | sent 1:0.59 10:0.23 100:3.4e-05 1000:0 2000:0 | 16.4s
run39|kwta4|0.1|none|0.9|1|51|leak: dead at step 96 shape decaying ratio 0 silent 0.88 resting 1.00 active 0.00 move 0 | sent 1:0.58 10:0.25 100:4.1e-05 1000:0 2000:0 | 16.9s
run39|kwta4|0.1|none|0.9|0|51|leak: dead at step 94 shape decaying ratio 0 silent 0.88 resting 1.00 active 0.00 move 0 | sent 1:0.58 10:0.22 100:3.3e-05 1000:0 2000:0 | 16.6s
run39|kwta4|0.1|kp1|0.0|1|51|code: cycle period 8 shape decaying ratio 0.00463 silent 0.62 resting 0.63 active 0.00 move 1.4 lock 0.00 static 0.348 pr 2.5 | sent 1:0.58 10:0.0032 100:0.0027 1000:0.0027 2000:0.0027 | 13.0s
run39|kwta4|0.1|kp1|0.5|0|50|code: cycle period 4 shape decaying ratio 0.00542 silent 0.81 resting 0.78 active 0.00 move 0.932 lock 0.00 static 0.950 pr 2.0 | sent 1:0.59 10:0.0054 100:0.0032 1000:0.0032 2000:0.0032 | 12.7s
run39|kwta4|0.1|kp1|0.5|1|51|code: cycle period 8 shape decaying ratio 0.00602 silent 0.79 resting 0.57 active 0.00 move 0.842 lock 0.00 static 0.918 pr 2.1 | sent 1:0.58 10:0.0066 100:0.0035 1000:0.0035 2000:0.0035 | 13.3s
run39|kwta4|0.1|kp1|0.9|1|50|code: alive shape flat ratio 0.975 silent 0.62 resting 0.00 active 0.12 move 0.048 lock 0.00 static 0.482 pr 5.5 | sent 1:0.59 10:0.48 100:0.57 1000:0.56 2000:0.58 | 13.2s
run39|kwta4|0.1|kp1|0.9|0|50|code: fixed shape growing ratio inf silent 0.57 resting 0.00 active 0.12 move 0 | sent 1:0.59 10:0.42 100:1.2 1000:2.8e+08 2000:inf | 14.9s
run39|kwta4|0.1|kp1|0.0|1|50|code: cycle period 4 shape decaying ratio 0.0053 silent 0.62 resting 0.79 active 0.00 move 1.46 lock 0.00 static 0.376 pr 2.4 | sent 1:0.59 10:0.0033 100:0.0031 1000:0.0031 2000:0.0031 | 25.3s
run39|kwta4|0.1|kp1|0.5|1|50|leak: cycle period 4 shape decaying ratio 0.00299 silent 0.81 resting 0.91 active 0.00 move 0.937 lock 0.00 static 0.936 pr 1.9 | sent 1:0.59 10:0.0029 100:0.0018 1000:0.0018 2000:0.0018 | 15.3s
run39|kwta4|0.1|kp1|0.5|0|50|leak: cycle period 4 shape decaying ratio 0.0027 silent 0.80 resting 0.92 active 0.00 move 0.938 lock 0.00 static 0.937 pr 1.9 | sent 1:0.59 10:0.0025 100:0.0016 1000:0.0016 2000:0.0016 | 14.9s
run39|kwta4|0.1|kp1|0.5|1|51|leak: cycle period 4 shape decaying ratio 0.00293 silent 0.80 resting 0.85 active 0.00 move 0.859 lock 0.00 static 0.917 pr 2.1 | sent 1:0.58 10:0.0029 100:0.0017 1000:0.0017 2000:0.0017 | 16.6s
run39|kwta4|0.1|kp1|0.0|0|50|code: cycle period 4 shape decaying ratio 0.00476 silent 0.62 resting 0.80 active 0.00 move 1.46 lock 0.00 static 0.377 pr 2.4 | sent 1:0.59 10:0.003 100:0.0028 1000:0.0028 2000:0.0028 | 24.1s
run39|kwta4|0.1|kp1|0.0|0|51|code: cycle period 4 shape decaying ratio 0.00414 silent 0.62 resting 0.67 active 0.00 move 1.4 lock 0.00 static 0.343 pr 2.5 | sent 1:0.59 10:0.0029 100:0.0024 1000:0.0024 2000:0.0024 | 24.3s
run39|kwta4|0.1|kp1|0.5|1|50|code: cycle period 4 shape decaying ratio 0.00604 silent 0.81 resting 0.76 active 0.00 move 0.929 lock 0.00 static 0.949 pr 2.0 | sent 1:0.59 10:0.0066 100:0.0036 1000:0.0036 2000:0.0036 | 25.2s
run39|kwta4|0.1|kp1|0.5|0|51|code: cycle period 12 shape decaying ratio 0.00534 silent 0.80 resting 0.62 active 0.00 move 0.847 lock 0.00 static 0.918 pr 2.1 | sent 1:0.59 10:0.0054 100:0.0031 1000:0.0031 2000:0.0031 | 24.8s
run39|kwta4|0.1|kp1|0.9|1|50|leak: cycle period 4 shape decaying ratio 0.00221 silent 0.87 resting 0.92 active 0.00 move 0.186 lock 0.69 static 1.000 pr 1.2 | sent 1:0.59 10:0.26 100:0.0013 1000:0.0013 2000:0.0013 | 15.3s
run39|kwta4|0.1|kp1|0.9|1|51|code: alive shape flat ratio 0.963 silent 0.59 resting 0.00 active 0.12 move 0.0524 lock 0.00 static 0.466 pr 5.9 | sent 1:0.58 10:0.45 100:0.58 1000:0.56 2000:0.56 | 25.5s
run39|kwta4|0.1|kp1|0.9|0|51|code: alive shape growing ratio 8.86e+16 silent 0.55 resting 0.00 active 0.12 move 0.0653 lock 0.00 static 0.194 pr 2.0 | sent 1:0.59 10:0.39 100:1.9 1000:3.3e+08 2000:5.2e+16 | 24.6s
run39|kwta4|0.1|kp1|0.9|0|50|leak: cycle period 4 shape decaying ratio 0.00199 silent 0.87 resting 0.93 active 0.00 move 0.186 lock 0.57 static 1.000 pr 1.3 | sent 1:0.59 10:0.23 100:0.0012 1000:0.0012 2000:0.0012 | 16.0s
run39|kwta4|0.1|kp1|0.9|1|51|leak: cycle period 4 shape decaying ratio 0.00252 silent 0.87 resting 0.90 active 0.00 move 0.165 lock 0.35 static 1.000 pr 1.6 | sent 1:0.58 10:0.25 100:0.0014 1000:0.0015 2000:0.0015 | 16.6s
run39|kwta4|0.3|none|0.0|1|50|code: dead at step 13 shape decaying ratio 0 silent 1.00 resting 1.00 active 0.00 move 0 | sent 1:0.62 10:0.00038 100:0 1000:0 2000:0 | 12.6s
run39|kwta4|0.1|kp1|0.9|0|51|leak: cycle period 44 shape decaying ratio 0.00227 silent 0.87 resting 0.92 active 0.00 move 0.166 lock 0.31 static 1.000 pr 1.5 | sent 1:0.58 10:0.22 100:0.0013 1000:0.0013 2000:0.0013 | 16.3s
run39|kwta4|0.3|none|0.9|0|50|code: blowup at step 291 | sent 1:0.63 10:2.8 100:6.1e+09 | 3.5s
run39|kwta4|0.3|none|0.9|0|51|code: blowup at step 294 | sent 1:0.65 10:2.6 100:4.9e+09 | 3.6s
run39|kwta4|0.3|none|0.0|0|50|code: dead at step 11 shape decaying ratio 0 silent 1.00 resting 1.00 active 0.00 move 0 | sent 1:0.63 10:0.00015 100:0 1000:0 2000:0 | 12.1s
run39|kwta4|0.3|none|0.0|0|51|code: dead at step 12 shape decaying ratio 0 silent 1.00 resting 1.00 active 0.00 move 0 | sent 1:0.65 10:0.00019 100:0 1000:0 2000:0 | 12.3s
run39|kwta4|0.3|none|0.5|1|50|code: dead at step 103 shape decaying ratio 0 silent 1.00 resting 1.00 active 0.00 move 0 | sent 1:0.62 10:0.15 100:8.2e-05 1000:0 2000:0 | 12.8s
run39|kwta4|0.1|kp1|0.5|0|51|leak: cycle period 4 shape decaying ratio 0.00262 silent 0.80 resting 0.89 active 0.00 move 0.86 lock 0.00 static 0.921 pr 2.1 | sent 1:0.58 10:0.0025 100:0.0015 1000:0.0015 2000:0.0015 | 30.0s
run39|kwta4|0.3|none|0.9|1|51|code: alive shape flat ratio 0.897 silent 0.58 resting 0.00 active 0.12 move 0.053 lock 0.00 static 0.422 pr 6.0 | sent 1:0.63 10:0.78 100:0.58 1000:0.6 2000:0.57 | 12.9s
run39|kwta4|0.3|none|0.5|0|51|code: dead at step 64 shape decaying ratio 0 silent 1.00 resting 1.00 active 0.00 move 0 | sent 1:0.65 10:0.09 100:5.4e-07 1000:0 2000:0 | 16.6s
run39|kwta4|0.3|none|0.5|1|50|leak: dead at step 25 shape decaying ratio 0 silent 1.00 resting 1.00 active 0.00 move 0 | sent 1:0.6 10:0.013 100:1.5e-16 1000:0 2000:0 | 15.2s
run39|kwta4|0.3|none|0.5|1|51|leak: dead at step 25 shape decaying ratio 0 silent 1.00 resting 1.00 active 0.00 move 0 | sent 1:0.59 10:0.013 100:2.3e-16 1000:0 2000:0 | 15.4s
run39|kwta4|0.3|none|0.0|1|51|code: dead at step 13 shape decaying ratio 0 silent 1.00 resting 1.00 active 0.00 move 0 | sent 1:0.63 10:0.00046 100:0 1000:0 2000:0 | 24.7s
run39|kwta4|0.3|none|0.5|0|50|leak: dead at step 23 shape decaying ratio 0 silent 1.00 resting 1.00 active 0.00 move 0 | sent 1:0.6 10:0.0096 100:1.9e-17 1000:0 2000:0 | 14.7s
run39|kwta4|0.3|none|0.5|0|51|leak: dead at step 23 shape decaying ratio 0 silent 1.00 resting 1.00 active 0.00 move 0 | sent 1:0.6 10:0.0092 100:9.3e-18 1000:0 2000:0 | 15.0s
run39|kwta4|0.3|none|0.5|0|50|code: dead at step 71 shape decaying ratio 0 silent 1.00 resting 1.00 active 0.00 move 0 | sent 1:0.63 10:0.095 100:6.3e-07 1000:0 2000:0 | 23.9s
run39|kwta4|0.3|none|0.9|0|50|leak: dead at step 127 shape decaying ratio 0 silent 0.88 resting 1.00 active 0.00 move 0 | sent 1:0.59 10:0.25 100:0.00034 1000:0 2000:0 | 15.1s
run39|kwta4|0.3|none|0.5|1|51|code: dead at step 85 shape decaying ratio 0 silent 1.00 resting 1.00 active 0.00 move 0 | sent 1:0.63 10:0.14 100:1.3e-05 1000:0 2000:0 | 25.1s
run39|kwta4|0.3|kp1|0.0|1|50|code: alive shape decaying ratio 0.0156 silent 0.49 resting 0.12 active 0.01 move 1.44 lock 0.00 static 0.379 pr 2.7 | sent 1:0.62 10:0.01 100:0.0097 1000:0.0097 2000:0.0097 | 12.8s
run39|kwta4|0.3|kp1|0.9|0|50|code: blowup at step 289 | sent 1:0.63 10:2.8 100:5e+09 | 1.8s
run39|kwta4|0.3|none|0.9|1|50|code: alive shape flat ratio 0.972 silent 0.58 resting 0.00 active 0.12 move 0.0521 lock 0.00 static 0.443 pr 5.4 | sent 1:0.62 10:0.81 100:0.62 1000:0.58 2000:0.6 | 24.8s
run39|kwta4|0.3|kp1|0.9|0|51|code: blowup at step 297 | sent 1:0.65 10:2.6 100:2.8e+09 | 3.7s
run39|kwta4|0.3|kp1|0.0|0|50|code: cycle period 28 shape decaying ratio 0.0137 silent 0.55 resting 0.27 active 0.01 move 1.45 lock 0.00 static 0.359 pr 2.5 | sent 1:0.63 10:0.009 100:0.0087 1000:0.0087 2000:0.0087 | 12.4s
run39|kwta4|0.3|kp1|0.0|0|51|code: alive shape decaying ratio 0.0124 silent 0.48 resting 0.01 active 0.01 move 1.39 lock 0.00 static 0.323 pr 2.7 | sent 1:0.65 10:0.0091 100:0.008 1000:0.008 2000:0.008 | 12.6s
run39|kwta4|0.3|kp1|0.5|1|50|code: alive shape decaying ratio 0.0234 silent 0.49 resting 0.00 active 0.01 move 0.734 lock 0.00 static 0.750 pr 8.4 | sent 1:0.62 10:0.15 100:0.015 1000:0.015 2000:0.015 | 13.1s
run39|kwta4|0.3|kp1|0.5|1|51|code: alive shape decaying ratio 0.0278 silent 0.54 resting 0.00 active 0.03 move 0.585 lock 0.00 static 0.812 pr 8.5 | sent 1:0.63 10:0.15 100:0.018 1000:0.018 2000:0.018 | 13.2s
run39|kwta4|0.3|kp1|0.5|0|51|code: alive shape decaying ratio 0.0215 silent 0.65 resting 0.00 active 0.02 move 0.645 lock 0.00 static 0.883 pr 6.8 | sent 1:0.65 10:0.097 100:0.014 1000:0.014 2000:0.014 | 12.7s
run39|kwta4|0.3|kp1|0.9|1|50|code: alive shape flat ratio 0.922 silent 0.59 resting 0.00 active 0.12 move 0.0533 lock 0.00 static 0.446 pr 5.7 | sent 1:0.62 10:0.81 100:0.58 1000:0.61 2000:0.57 | 13.1s
run39|kwta4|0.3|none|0.9|1|50|leak: dead at step 137 shape decaying ratio 0 silent 0.88 resting 1.00 active 0.00 move 0 | sent 1:0.59 10:0.28 100:0.00057 1000:0 2000:0 | 29.7s
run39|kwta4|0.3|none|0.9|1|51|leak: dead at step 140 shape decaying ratio 0 silent 0.88 resting 1.00 active 0.00 move 0 | sent 1:0.58 10:0.27 100:0.00066 1000:0 2000:0 | 30.1s
run39|kwta4|0.3|none|0.9|0|51|leak: dead at step 130 shape decaying ratio 0 silent 0.88 resting 1.00 active 0.00 move 0 | sent 1:0.58 10:0.24 100:0.0004 1000:0 2000:0 | 28.9s
run39|kwta4|0.3|kp1|0.0|1|51|code: alive shape decaying ratio 0.0145 silent 0.40 resting 0.00 active 0.01 move 1.38 lock 0.00 static 0.321 pr 3.0 | sent 1:0.63 10:0.01 100:0.0091 1000:0.0091 2000:0.0091 | 24.7s
run39|kwta4|0.3|kp1|0.5|1|50|leak: alive shape decaying ratio 0.00923 silent 0.77 resting 0.51 active 0.00 move 0.913 lock 0.00 static 0.934 pr 2.7 | sent 1:0.6 10:0.014 100:0.0055 1000:0.0055 2000:0.0055 | 15.4s
run39|kwta4|1.0|none|0.0|0|50|code: blowup at step 234 | sent 1:0.96 10:12 100:2.2e+12 | 2.8s
run39|kwta4|1.0|none|0.5|0|50|code: blowup at step 127 | sent 1:0.96 10:73 100:inf | 0.8s
run39|kwta4|1.0|none|0.0|0|51|code: blowup at step 238 | sent 1:1 10:13 100:3.2e+12 | 2.9s
run39|kwta4|0.3|kp1|0.5|1|51|leak: cycle period 16 shape decaying ratio 0.00939 silent 0.80 resting 0.23 active 0.00 move 0.814 lock 0.00 static 0.933 pr 2.2 | sent 1:0.59 10:0.014 100:0.0056 1000:0.0056 2000:0.0056 | 15.6s
run39|kwta4|1.0|none|0.5|0|51|code: blowup at step 128 | sent 1:1 10:87 100:inf | 1.6s
run39|kwta4|1.0|none|0.9|0|50|code: blowup at step 92 | sent 1:0.96 10:4.6e+02 | 0.6s
run39|kwta4|1.0|none|0.9|0|51|code: blowup at step 92 | sent 1:1 10:5.4e+02 | 1.1s
run39|kwta4|0.3|kp1|0.9|1|50|leak: cycle period 12 shape decaying ratio 0.00705 silent 0.87 resting 0.60 active 0.00 move 0.177 lock 0.71 static 1.000 pr 1.5 | sent 1:0.59 10:0.28 100:0.0042 1000:0.0042 2000:0.0042 | 16.5s
run39|kwta4|0.3|kp1|0.5|0|50|code: alive shape decaying ratio 0.0182 silent 0.59 resting 0.00 active 0.01 move 0.81 lock 0.00 static 0.835 pr 7.3 | sent 1:0.63 10:0.096 100:0.011 1000:0.012 2000:0.012 | 24.6s
run39|kwta4|1.0|none|0.0|1|50|code: alive shape flat ratio 0.697 silent 0.04 resting 0.00 active 0.12 move 1.27 lock 0.00 static 0.196 pr 20.9 | sent 1:0.84 10:0.53 100:0.57 1000:0.56 2000:0.59 | 12.9s
run39|kwta4|0.3|kp1|0.9|1|51|leak: alive shape decaying ratio 0.00843 silent 0.86 resting 0.30 active 0.00 move 0.149 lock 0.37 static 0.999 pr 1.5 | sent 1:0.58 10:0.27 100:0.0049 1000:0.0049 2000:0.0049 | 17.0s
run39|kwta4|1.0|none|0.0|1|51|code: alive shape flat ratio 0.719 silent 0.03 resting 0.00 active 0.12 move 1.25 lock 0.00 static 0.202 pr 21.3 | sent 1:0.88 10:0.48 100:0.6 1000:0.61 2000:0.63 | 13.0s
run39|kwta4|0.3|kp1|0.9|1|51|code: alive shape flat ratio 0.901 silent 0.58 resting 0.00 active 0.12 move 0.0492 lock 0.00 static 0.490 pr 5.9 | sent 1:0.63 10:0.78 100:0.56 1000:0.57 2000:0.57 | 25.5s
run39|kwta4|1.0|none|0.5|0|50|leak: blowup at step 595 | sent 1:0.7 10:0.98 100:1.3e+04 | 4.5s
run39|kwta4|0.3|kp1|0.9|0|50|leak: alive shape decaying ratio 0.00626 silent 0.83 resting 0.64 active 0.00 move 0.179 lock 0.18 static 0.985 pr 2.1 | sent 1:0.59 10:0.25 100:0.0037 1000:0.0037 2000:0.0037 | 15.5s
run39|kwta4|0.3|kp1|0.9|0|51|leak: cycle period 4 shape decaying ratio 0.00739 silent 0.87 resting 0.43 active 0.00 move 0.153 lock 0.45 static 1.000 pr 1.4 | sent 1:0.58 10:0.24 100:0.0043 1000:0.0043 2000:0.0043 | 16.6s
run39|kwta4|1.0|kp1|0.0|0|50|code: blowup at step 235 | sent 1:0.96 10:12 100:2e+12 | 1.5s
run39|kwta4|1.0|kp1|0.0|0|51|code: blowup at step 235 | sent 1:1 10:13 100:2.8e+12 | 1.5s
run39|kwta4|1.0|none|0.9|1|50|code: alive shape flat ratio 0.72 silent 0.60 resting 0.00 active 0.12 move 0.0503 lock 0.00 static 0.400 pr 5.5 | sent 1:0.84 10:0.85 100:0.61 1000:0.58 2000:0.61 | 13.2s
run39|kwta4|1.0|none|0.5|0|51|leak: blowup at step 712 | sent 1:0.74 10:1.2 100:6e+03 | 10.9s
run39|kwta4|0.3|kp1|0.5|0|50|leak: alive shape decaying ratio 0.00822 silent 0.77 resting 0.61 active 0.00 move 0.919 lock 0.00 static 0.932 pr 2.4 | sent 1:0.6 10:0.011 100:0.0049 1000:0.0049 2000:0.0049 | 30.7s
run39|kwta4|1.0|none|0.5|1|50|leak: alive shape flat ratio 0.831 silent 0.19 resting 0.00 active 0.12 move 0.373 lock 0.00 static 0.367 pr 14.5 | sent 1:0.67 10:0.61 100:0.61 1000:0.57 2000:0.56 | 15.5s
run39|kwta4|1.0|kp1|0.5|0|50|code: blowup at step 123 | sent 1:0.96 10:86 100:inf | 1.5s
run39|kwta4|1.0|kp1|0.5|0|51|code: blowup at step 123 | sent 1:1 10:92 100:inf | 1.5s
run39|kwta4|0.3|kp1|0.5|0|51|leak: alive shape decaying ratio 0.00828 silent 0.77 resting 0.28 active 0.00 move 0.823 lock 0.00 static 0.917 pr 2.6 | sent 1:0.6 10:0.011 100:0.0049 1000:0.0049 2000:0.0049 | 31.1s
run39|kwta4|1.0|kp1|0.9|0|51|code: blowup at step 92 | sent 1:1 10:5.7e+02 | 1.1s
run39|kwta4|1.0|kp1|0.9|0|50|code: blowup at step 91 | sent 1:0.96 10:5.2e+02 | 1.1s
run39|kwta4|1.0|kp1|0.0|1|50|code: alive shape flat ratio 0.724 silent 0.03 resting 0.00 active 0.12 move 1.26 lock 0.00 static 0.196 pr 20.9 | sent 1:0.84 10:0.54 100:0.57 1000:0.6 2000:0.61 | 13.1s
run39|kwta4|1.0|kp1|0.0|1|51|code: alive shape flat ratio 0.656 silent 0.02 resting 0.00 active 0.12 move 1.26 lock 0.00 static 0.199 pr 21.5 | sent 1:0.88 10:0.48 100:0.59 1000:0.57 2000:0.58 | 13.1s
run39|kwta4|1.0|none|0.9|1|50|leak: alive shape flat ratio 0.935 silent 0.58 resting 0.00 active 0.12 move 0.0518 lock 0.00 static 0.455 pr 5.8 | sent 1:0.59 10:0.48 100:0.57 1000:0.59 2000:0.55 | 15.5s
run39|kwta4|1.0|none|0.9|1|51|leak: alive shape flat ratio 0.957 silent 0.60 resting 0.00 active 0.12 move 0.0531 lock 0.00 static 0.473 pr 5.9 | sent 1:0.58 10:0.45 100:0.55 1000:0.59 2000:0.56 | 15.7s
run39|kwta4|1.0|none|0.5|1|50|code: alive shape flat ratio 0.65 silent 0.19 resting 0.00 active 0.12 move 0.345 lock 0.00 static 0.360 pr 14.3 | sent 1:0.84 10:0.58 100:0.58 1000:0.6 2000:0.55 | 24.8s
run39|kwta4|1.0|none|0.9|0|50|leak: cycle period 1 shape growing ratio inf silent 0.60 resting 0.00 active 0.12 move nan lock 0.00 static nan pr nan | sent 1:0.59 10:0.42 100:1.2 1000:2.1e+09 2000:inf | 15.2s
run39|kwta4|1.0|none|0.5|1|51|code: alive shape flat ratio 0.683 silent 0.16 resting 0.00 active 0.12 move 0.388 lock 0.00 static 0.338 pr 15.0 | sent 1:0.88 10:0.54 100:0.53 1000:0.6 2000:0.6 | 25.0s
run39|kwta4|1.0|none|0.9|1|51|code: alive shape flat ratio 0.646 silent 0.58 resting 0.00 active 0.12 move 0.0538 lock 0.00 static 0.440 pr 5.3 | sent 1:0.88 10:0.79 100:0.57 1000:0.55 2000:0.57 | 25.6s
run39|kwta4|1.0|kp1|0.5|0|50|leak: blowup at step 601 | sent 1:0.7 10:0.95 100:3e+04 | 4.7s
run39|kwta4|1.0|kp1|0.5|1|50|code: alive shape flat ratio 0.732 silent 0.20 resting 0.00 active 0.12 move 0.364 lock 0.00 static 0.356 pr 14.4 | sent 1:0.84 10:0.56 100:0.6 1000:0.65 2000:0.62 | 13.3s
run39|kwta4|1.0|kp1|0.5|1|51|code: alive shape flat ratio 0.672 silent 0.20 resting 0.00 active 0.12 move 0.359 lock 0.00 static 0.343 pr 15.0 | sent 1:0.88 10:0.55 100:0.53 1000:0.5 2000:0.59 | 13.6s
run39|kwta4|2.0|none|0.0|0|50|code: blowup at step 69 | sent 1:1.6 10:9.3e+03 | 0.4s
run39|kwta4|2.0|none|0.0|0|51|code: blowup at step 69 | sent 1:1.7 10:1.1e+04 | 0.4s
run39|kwta4|2.0|none|0.5|0|50|code: blowup at step 63 | sent 1:1.6 10:2.1e+04 | 0.4s
run39|kwta4|1.0|kp1|0.5|0|51|leak: blowup at step 692 | sent 1:0.75 10:1.3 100:8.2e+03 | 5.9s
run39|kwta4|2.0|none|0.5|0|51|code: blowup at step 63 | sent 1:1.7 10:2.7e+04 | 0.4s
run39|kwta4|1.0|kp1|0.9|1|50|code: alive shape flat ratio 0.705 silent 0.61 resting 0.00 active 0.12 move 0.0488 lock 0.00 static 0.456 pr 5.9 | sent 1:0.84 10:0.84 100:0.62 1000:0.61 2000:0.59 | 13.4s
run39|kwta4|2.0|none|0.9|0|50|code: blowup at step 56 | sent 1:1.6 10:4.8e+04 | 0.7s
run39|kwta4|2.0|none|0.9|0|51|code: blowup at step 57 | sent 1:1.7 10:7.6e+04 | 0.7s
run39|kwta4|1.0|none|0.5|1|51|leak: alive shape flat ratio 0.848 silent 0.17 resting 0.00 active 0.12 move 0.364 lock 0.00 static 0.348 pr 15.0 | sent 1:0.7 10:0.62 100:0.57 1000:0.57 2000:0.59 | 30.3s
run39|kwta4|1.0|kp1|0.9|1|50|leak: alive shape flat ratio 0.893 silent 0.55 resting 0.00 active 0.12 move 0.0561 lock 0.00 static 0.442 pr 6.0 | sent 1:0.6 10:0.49 100:0.57 1000:0.57 2000:0.53 | 15.7s
run39|kwta4|1.0|kp1|0.9|0|51|leak: alive shape growing ratio 4.35e+17 silent 0.57 resting 0.00 active 0.12 move 0.0631 lock 0.00 static 0.215 pr 2.0 | sent 1:0.61 10:0.42 100:2.7 1000:4.4e+08 2000:2.7e+17 | 15.4s
run39|kwta4|2.0|none|0.5|0|50|leak: blowup at step 127 | sent 1:0.96 10:73 100:inf | 1.0s
run39|kwta4|1.0|none|0.9|0|51|leak: alive shape growing ratio inf silent 0.57 resting 0.00 active 0.12 move 0.0434 lock 0.00 static 0.000 pr 1.7 | sent 1:0.59 10:0.39 100:2 1000:7.4e+08 2000:inf | 30.6s
run39|kwta4|2.0|none|0.5|0|51|leak: blowup at step 128 | sent 1:1 10:87 100:inf | 1.0s
run39|kwta4|2.0|none|0.5|1|50|code: alive shape flat ratio 0.517 silent 0.24 resting 0.00 active 0.12 move 0.33 lock 0.00 static 0.355 pr 14.3 | sent 1:1.2 10:0.52 100:0.61 1000:0.57 2000:0.61 | 13.2s
run39|kwta4|2.0|none|0.5|1|51|code: alive shape flat ratio 0.523 silent 0.20 resting 0.00 active 0.12 move 0.356 lock 0.00 static 0.364 pr 14.7 | sent 1:1.2 10:0.48 100:0.56 1000:0.54 2000:0.63 | 13.4s
run39|kwta4|2.0|none|0.9|1|50|code: alive shape flat ratio 0.509 silent 0.57 resting 0.00 active 0.12 move 0.0533 lock 0.00 static 0.457 pr 5.3 | sent 1:1.2 10:0.8 100:0.58 1000:0.6 2000:0.6 | 13.3s
run39|kwta4|2.0|none|0.9|1|51|code: alive shape flat ratio 0.479 silent 0.56 resting 0.00 active 0.12 move 0.0547 lock 0.00 static 0.436 pr 6.0 | sent 1:1.2 10:0.79 100:0.59 1000:0.57 2000:0.58 | 13.4s
run39|kwta4|2.0|kp1|0.0|0|50|code: blowup at step 69 | sent 1:1.6 10:1.1e+04 | 0.4s
run39|kwta4|2.0|kp1|0.0|0|51|code: blowup at step 69 | sent 1:1.8 10:1.2e+04 | 0.4s
run39|kwta4|1.0|kp1|0.9|1|51|code: alive shape flat ratio 0.686 silent 0.54 resting 0.00 active 0.12 move 0.0583 lock 0.00 static 0.429 pr 6.1 | sent 1:0.88 10:0.79 100:0.57 1000:0.57 2000:0.61 | 25.6s
run39|kwta4|2.0|none|0.9|0|50|leak: blowup at step 503 | sent 1:0.61 10:1.1 100:2.3e+05 | 3.8s
run39|kwta4|2.0|kp1|0.5|0|50|code: blowup at step 62 | sent 1:1.6 10:2.2e+04 | 0.4s
run39|kwta4|2.0|kp1|0.5|0|51|code: blowup at step 63 | sent 1:1.8 10:2.9e+04 | 0.4s
run39|kwta4|2.0|none|0.9|0|51|leak: blowup at step 508 | sent 1:0.61 10:1 100:2e+05 | 4.2s
run39|kwta4|2.0|none|0.0|1|50|code: alive shape flat ratio 0.507 silent 0.03 resting 0.00 active 0.12 move 1.26 lock 0.00 static 0.197 pr 20.8 | sent 1:1.2 10:0.39 100:0.62 1000:0.59 2000:0.59 | 24.3s
run39|kwta4|2.0|kp1|0.9|0|50|code: blowup at step 57 | sent 1:1.6 10:5.2e+04 | 0.4s
run39|kwta4|2.0|kp1|0.9|0|51|code: blowup at step 57 | sent 1:1.8 10:7.2e+04 | 0.4s
run39|kwta4|1.0|kp1|0.9|0|50|leak: fixed shape growing ratio inf silent 0.56 resting 0.00 active 0.12 move nan | sent 1:0.6 10:0.43 100:1.4 1000:7.1e+08 2000:inf | 27.3s
run39|kwta4|1.0|kp1|0.5|1|50|leak: alive shape flat ratio 0.826 silent 0.22 resting 0.00 active 0.12 move 0.35 lock 0.00 static 0.387 pr 14.0 | sent 1:0.67 10:0.6 100:0.55 1000:0.55 2000:0.56 | 31.4s
run39|kwta4|2.0|none|0.0|1|51|code: alive shape flat ratio 0.478 silent 0.02 resting 0.00 active 0.12 move 1.26 lock 0.00 static 0.196 pr 21.4 | sent 1:1.2 10:0.36 100:0.54 1000:0.55 2000:0.57 | 24.8s
run39|kwta4|1.0|kp1|0.5|1|51|leak: alive shape flat ratio 0.789 silent 0.21 resting 0.00 active 0.12 move 0.342 lock 0.00 static 0.355 pr 14.7 | sent 1:0.71 10:0.63 100:0.57 1000:0.53 2000:0.56 | 31.6s
run39|kwta4|1.0|kp1|0.9|1|51|leak: alive shape flat ratio 0.92 silent 0.61 resting 0.00 active 0.12 move 0.0496 lock 0.00 static 0.436 pr 5.6 | sent 1:0.6 10:0.47 100:0.56 1000:0.55 2000:0.56 | 30.0s
run39|kwta4|2.0|kp1|0.5|0|50|leak: blowup at step 125 | sent 1:0.98 10:92 100:inf | 1.9s
run39|kwta4|2.0|kp1|0.5|0|51|leak: blowup at step 126 | sent 1:1.1 10:98 100:inf | 1.9s
run39|kwta4|2.0|kp1|0.0|1|50|code: alive shape flat ratio 0.471 silent 0.04 resting 0.00 active 0.12 move 1.26 lock 0.00 static 0.197 pr 20.8 | sent 1:1.2 10:0.43 100:0.6 1000:0.59 2000:0.55 | 13.2s
run39|kwta4|2.0|none|0.9|1|50|leak: alive shape flat ratio 0.936 silent 0.59 resting 0.00 active 0.12 move 0.0497 lock 0.00 static 0.437 pr 6.0 | sent 1:0.6 10:0.72 100:0.59 1000:0.58 2000:0.56 | 15.6s
run39|kwta4|2.0|kp1|0.0|1|51|code: alive shape flat ratio 0.489 silent 0.03 resting 0.00 active 0.12 move 1.26 lock 0.00 static 0.192 pr 21.5 | sent 1:1.2 10:0.33 100:0.59 1000:0.56 2000:0.59 | 13.4s
run39|kwta4|4.0|none|0.0|0|50|code: blowup at step 41 | sent 1:3 10:8.7e+06 | 0.3s
run39|kwta4|4.0|none|0.0|0|51|code: blowup at step 41 | sent 1:3.3 10:1.1e+07 | 0.3s
run39|kwta4|2.0|kp1|0.5|1|50|code: alive shape flat ratio 0.509 silent 0.23 resting 0.00 active 0.12 move 0.35 lock 0.00 static 0.380 pr 14.5 | sent 1:1.2 10:0.52 100:0.62 1000:0.55 2000:0.6 | 13.3s
run39|kwta4|2.0|kp1|0.9|1|50|code: alive shape flat ratio 0.5 silent 0.60 resting 0.00 active 0.12 move 0.0487 lock 0.00 static 0.401 pr 5.1 | sent 1:1.2 10:0.81 100:0.59 1000:0.6 2000:0.59 | 13.3s
run39|kwta4|2.0|kp1|0.9|1|51|code: alive shape flat ratio 0.453 silent 0.62 resting 0.00 active 0.12 move 0.0474 lock 0.00 static 0.488 pr 5.3 | sent 1:1.2 10:0.79 100:0.56 1000:0.61 2000:0.55 | 13.5s
run39|kwta4|4.0|none|0.5|0|50|code: blowup at step 40 | sent 1:3 10:1.2e+07 | 0.3s
run39|kwta4|4.0|none|0.5|0|51|code: blowup at step 40 | sent 1:3.3 10:1.4e+07 | 0.3s
run39|kwta4|2.0|kp1|0.9|0|50|leak: blowup at step 498 | sent 1:0.64 10:1.2 100:1.8e+05 | 7.7s
run39|kwta4|2.0|kp1|0.9|0|51|leak: blowup at step 517 | sent 1:0.72 10:1.3 100:1.3e+05 | 7.6s
run39|kwta4|4.0|none|0.9|0|50|code: blowup at step 39 | sent 1:3 10:1.8e+07 | 0.5s
run39|kwta4|4.0|none|0.9|0|51|code: blowup at step 39 | sent 1:3.3 10:2.5e+07 | 0.5s
run39|kwta4|2.0|none|0.5|1|50|leak: alive shape flat ratio 0.65 silent 0.19 resting 0.00 active 0.12 move 0.345 lock 0.00 static 0.360 pr 14.3 | sent 1:0.84 10:0.58 100:0.58 1000:0.6 2000:0.55 | 29.7s
run39|kwta4|4.0|none|0.5|0|50|leak: blowup at step 63 | sent 1:1.6 10:2.1e+04 | 0.9s
run39|kwta4|2.0|none|0.5|1|51|leak: alive shape flat ratio 0.683 silent 0.16 resting 0.00 active 0.12 move 0.388 lock 0.00 static 0.338 pr 15.0 | sent 1:0.88 10:0.54 100:0.53 1000:0.6 2000:0.6 | 30.3s
run39|kwta4|4.0|none|0.5|0|51|leak: blowup at step 63 | sent 1:1.7 10:2.7e+04 | 0.9s
run39|kwta4|2.0|kp1|0.5|1|50|leak: alive shape flat ratio 0.718 silent 0.20 resting 0.00 active 0.12 move 0.362 lock 0.00 static 0.341 pr 14.3 | sent 1:0.85 10:0.57 100:0.59 1000:0.6 2000:0.61 | 16.4s
run39|kwta4|2.0|kp1|0.5|1|51|leak: alive shape flat ratio 0.618 silent 0.18 resting 0.00 active 0.12 move 0.368 lock 0.00 static 0.338 pr 14.7 | sent 1:0.9 10:0.53 100:0.62 1000:0.54 2000:0.56 | 15.7s
run39|kwta4|4.0|none|0.9|0|50|leak: blowup at step 206 | sent 1:0.66 10:6.5 100:1.4e+14 | 1.6s
run39|kwta4|4.0|none|0.9|0|51|leak: blowup at step 217 | sent 1:0.69 10:6.7 100:1.1e+13 | 1.7s
run39|kwta4|4.0|none|0.0|1|50|code: alive shape flat ratio 0.364 silent 0.03 resting 0.00 active 0.12 move 1.28 lock 0.00 static 0.193 pr 20.9 | sent 1:1.6 10:0.32 100:0.58 1000:0.59 2000:0.59 | 12.9s
run39|kwta4|4.0|kp1|0.0|0|50|code: blowup at step 41 | sent 1:3.1 10:9.9e+06 | 0.3s
run39|kwta4|4.0|kp1|0.0|0|51|code: blowup at step 41 | sent 1:3.4 10:1.1e+07 | 0.3s
run39|kwta4|4.0|none|0.0|1|51|code: alive shape flat ratio 0.341 silent 0.04 resting 0.00 active 0.12 move 1.28 lock 0.00 static 0.204 pr 21.4 | sent 1:1.6 10:0.29 100:0.59 1000:0.56 2000:0.55 | 13.1s
run39|kwta4|4.0|none|0.5|1|50|code: alive shape flat ratio 0.354 silent 0.21 resting 0.00 active 0.12 move 0.341 lock 0.00 static 0.357 pr 14.2 | sent 1:1.6 10:0.41 100:0.64 1000:0.61 2000:0.57 | 13.2s
run39|kwta4|4.0|kp1|0.5|0|50|code: blowup at step 40 | sent 1:3.1 10:1.3e+07 | 0.3s
run39|kwta4|2.0|kp1|0.5|1|51|code: alive shape flat ratio 0.485 silent 0.19 resting 0.00 active 0.12 move 0.369 lock 0.00 static 0.350 pr 15.1 | sent 1:1.2 10:0.5 100:0.51 1000:0.6 2000:0.59 | 25.5s
run39|kwta4|4.0|none|0.5|1|51|code: alive shape flat ratio 0.345 silent 0.19 resting 0.00 active 0.12 move 0.363 lock 0.00 static 0.357 pr 15.3 | sent 1:1.6 10:0.43 100:0.54 1000:0.65 2000:0.56 | 13.2s
run39|kwta4|4.0|kp1|0.5|0|51|code: blowup at step 40 | sent 1:3.4 10:1.9e+07 | 0.3s
run39|kwta4|2.0|none|0.9|1|51|leak: alive shape flat ratio 0.978 silent 0.61 resting 0.00 active 0.12 move 0.0492 lock 0.00 static 0.481 pr 5.7 | sent 1:0.61 10:0.69 100:0.56 1000:0.56 2000:0.59 | 30.1s
run39|kwta4|4.0|kp1|0.9|0|50|code: blowup at step 39 | sent 1:3.1 10:1.8e+07 | 0.3s
run39|kwta4|4.0|kp1|0.9|0|51|code: blowup at step 39 | sent 1:3.4 10:2.9e+07 | 0.5s
run39|kwta4|4.0|none|0.9|1|50|code: alive shape flat ratio 0.361 silent 0.55 resting 0.00 active 0.12 move 0.0565 lock 0.00 static 0.423 pr 5.6 | sent 1:1.6 10:0.77 100:0.58 1000:0.6 2000:0.58 | 13.1s
run39|kwta4|4.0|none|0.9|1|51|code: alive shape flat ratio 0.366 silent 0.61 resting 0.00 active 0.12 move 0.0476 lock 0.00 static 0.521 pr 5.9 | sent 1:1.6 10:0.76 100:0.58 1000:0.6 2000:0.59 | 13.3s
run39|kwta4|4.0|kp1|0.5|0|50|leak: blowup at step 63 | sent 1:1.7 10:2e+04 | 0.5s
run39|kwta4|4.0|kp1|0.5|0|51|leak: blowup at step 63 | sent 1:1.9 10:3e+04 | 0.5s
run39|kwta4|4.0|kp1|0.0|1|50|code: alive shape flat ratio 0.376 silent 0.03 resting 0.00 active 0.12 move 1.26 lock 0.00 static 0.195 pr 20.9 | sent 1:1.6 10:0.32 100:0.58 1000:0.59 2000:0.61 | 13.0s
run39|kwta4|4.0|kp1|0.0|1|51|code: alive shape flat ratio 0.369 silent 0.02 resting 0.00 active 0.12 move 1.28 lock 0.00 static 0.196 pr 21.4 | sent 1:1.6 10:0.31 100:0.6 1000:0.6 2000:0.6 | 13.2s
run39|kwta4|4.0|kp1|0.5|1|50|code: alive shape flat ratio 0.369 silent 0.22 resting 0.00 active 0.12 move 0.341 lock 0.00 static 0.341 pr 13.8 | sent 1:1.6 10:0.43 100:0.62 1000:0.59 2000:0.6 | 13.3s
run39|kwta4|2.0|kp1|0.9|1|50|leak: alive shape flat ratio 0.92 silent 0.56 resting 0.00 active 0.12 move 0.0546 lock 0.00 static 0.468 pr 5.6 | sent 1:0.62 10:0.73 100:0.58 1000:0.56 2000:0.57 | 30.1s
run39|kwta4|4.0|kp1|0.5|1|51|code: alive shape flat ratio 0.348 silent 0.22 resting 0.00 active 0.12 move 0.341 lock 0.00 static 0.369 pr 14.9 | sent 1:1.6 10:0.45 100:0.54 1000:0.55 2000:0.57 | 13.6s
run39|kwta4|4.0|kp1|0.9|0|50|leak: blowup at step 209 | sent 1:0.78 10:7.9 100:3e+13 | 1.7s
run39|kwta4|16.0|none|0.0|0|50|code: blowup at step 22 | sent 1:12 10:1.1e+13 | 0.1s
run39|kwta4|16.0|none|0.0|0|51|code: blowup at step 23 | sent 1:13 10:1.2e+13 | 0.1s
run39|kwta4|4.0|kp1|0.9|0|51|leak: blowup at step 209 | sent 1:1 10:11 100:7.2e+13 | 1.7s
run39|kwta4|16.0|none|0.5|0|50|code: blowup at step 23 | sent 1:12 10:1.2e+13 | 0.1s
run39|kwta4|16.0|none|0.5|0|51|code: blowup at step 23 | sent 1:13 10:1.2e+13 | 0.1s
run39|kwta4|4.0|kp1|0.9|1|51|code: alive shape flat ratio 0.359 silent 0.56 resting 0.00 active 0.12 move 0.0566 lock 0.00 static 0.499 pr 5.9 | sent 1:1.6 10:0.77 100:0.59 1000:0.59 2000:0.59 | 13.4s
run39|kwta4|2.0|kp1|0.9|1|51|leak: alive shape flat ratio 0.854 silent 0.55 resting 0.00 active 0.12 move 0.0571 lock 0.00 static 0.501 pr 6.1 | sent 1:0.66 10:0.7 100:0.54 1000:0.58 2000:0.56 | 30.6s
run39|kwta4|16.0|none|0.9|0|50|code: blowup at step 22 | sent 1:12 10:1.1e+13 | 0.3s
run39|kwta4|16.0|none|0.9|0|51|code: blowup at step 23 | sent 1:13 10:1.2e+13 | 0.3s
run39|kwta4|4.0|kp1|0.5|1|50|leak: alive shape flat ratio 0.531 silent 0.21 resting 0.00 active 0.12 move 0.355 lock 0.00 static 0.381 pr 14.6 | sent 1:1.2 10:0.53 100:0.6 1000:0.58 2000:0.63 | 16.2s
run39|kwta4|4.0|kp1|0.9|1|50|leak: alive shape flat ratio 0.857 silent 0.60 resting 0.00 active 0.12 move 0.0507 lock 0.00 static 0.433 pr 5.7 | sent 1:0.69 10:0.84 100:0.6 1000:0.59 2000:0.59 | 15.7s
run39|kwta4|16.0|none|0.5|0|50|leak: blowup at step 29 | sent 1:5.9 10:1e+10 | 0.2s
run39|kwta4|16.0|none|0.5|0|51|leak: blowup at step 29 | sent 1:6.4 10:1.4e+10 | 0.2s
run39|kwta4|4.0|kp1|0.9|1|51|leak: alive shape flat ratio 0.751 silent 0.55 resting 0.00 active 0.12 move 0.0572 lock 0.00 static 0.432 pr 5.8 | sent 1:0.78 10:0.8 100:0.57 1000:0.58 2000:0.58 | 17.1s
run39|kwta4|4.0|none|0.5|1|50|leak: alive shape flat ratio 0.517 silent 0.24 resting 0.00 active 0.12 move 0.33 lock 0.00 static 0.355 pr 14.3 | sent 1:1.2 10:0.52 100:0.61 1000:0.57 2000:0.61 | 29.9s
run39|kwta4|4.0|none|0.5|1|51|leak: alive shape flat ratio 0.523 silent 0.20 resting 0.00 active 0.12 move 0.356 lock 0.00 static 0.364 pr 14.7 | sent 1:1.2 10:0.48 100:0.56 1000:0.54 2000:0.63 | 30.4s
run39|kwta4|16.0|none|0.9|0|50|leak: blowup at step 66 | sent 1:1.3 10:8.6e+03 | 1.0s
run39|kwta4|16.0|none|0.9|0|51|leak: blowup at step 66 | sent 1:1.4 10:1.2e+04 | 1.0s
run39|kwta4|4.0|none|0.9|1|50|leak: alive shape flat ratio 0.876 silent 0.60 resting 0.00 active 0.12 move 0.0489 lock 0.00 static 0.513 pr 5.7 | sent 1:0.64 10:0.82 100:0.59 1000:0.6 2000:0.56 | 30.0s
run39|kwta4|16.0|kp1|0.0|0|50|code: blowup at step 23 | sent 1:12 10:1.1e+13 | 0.3s
run39|kwta4|16.0|kp1|0.0|0|51|code: blowup at step 23 | sent 1:13 10:1.3e+13 | 0.3s
run39|kwta4|16.0|none|0.0|1|50|code: alive shape flat ratio 0.258 silent 0.04 resting 0.00 active 0.12 move 1.26 lock 0.00 static 0.198 pr 20.8 | sent 1:2.4 10:0.23 100:0.6 1000:0.56 2000:0.62 | 12.8s
run39|kwta4|4.0|none|0.9|1|51|leak: alive shape flat ratio 0.878 silent 0.54 resting 0.00 active 0.12 move 0.0581 lock 0.00 static 0.421 pr 6.1 | sent 1:0.66 10:0.82 100:0.58 1000:0.58 2000:0.58 | 30.4s
run39|kwta4|4.0|kp1|0.9|1|50|code: alive shape flat ratio 0.36 silent 0.59 resting 0.00 active 0.12 move 0.0485 lock 0.00 static 0.515 pr 5.5 | sent 1:1.6 10:0.77 100:0.57 1000:0.61 2000:0.58 | 25.2s
run39|kwta4|16.0|kp1|0.5|0|50|code: blowup at step 23 | sent 1:12 10:1.1e+13 | 0.3s
run39|kwta4|16.0|kp1|0.5|0|51|code: blowup at step 23 | sent 1:13 10:1.4e+13 | 0.3s
run39|kwta4|16.0|none|0.5|1|50|code: alive shape flat ratio 0.281 silent 0.20 resting 0.00 active 0.12 move 0.349 lock 0.00 static 0.349 pr 14.3 | sent 1:2.4 10:0.4 100:0.55 1000:0.58 2000:0.67 | 13.2s
run39|kwta4|16.0|none|0.5|1|51|code: alive shape flat ratio 0.239 silent 0.23 resting 0.00 active 0.12 move 0.328 lock 0.00 static 0.385 pr 14.4 | sent 1:2.3 10:0.39 100:0.57 1000:0.63 2000:0.55 | 13.3s
run39|kwta4|16.0|kp1|0.9|0|50|code: blowup at step 22 | sent 1:12 10:1e+13 | 0.1s
run39|kwta4|16.0|kp1|0.9|0|51|code: blowup at step 22 | sent 1:13 10:1.4e+13 | 0.1s
run39|kwta4|16.0|none|0.9|1|50|code: alive shape flat ratio 0.248 silent 0.57 resting 0.00 active 0.12 move 0.0535 lock 0.00 static 0.494 pr 5.8 | sent 1:2.4 10:0.77 100:0.58 1000:0.59 2000:0.6 | 13.1s
run39|kwta4|16.0|kp1|0.5|0|50|leak: blowup at step 29 | sent 1:6.1 10:1.3e+10 | 0.2s
run39|kwta4|16.0|none|0.9|1|51|code: alive shape flat ratio 0.248 silent 0.53 resting 0.00 active 0.12 move 0.0605 lock 0.00 static 0.394 pr 6.1 | sent 1:2.3 10:0.73 100:0.58 1000:0.57 2000:0.58 | 13.3s
run39|kwta4|16.0|kp1|0.5|0|51|leak: blowup at step 29 | sent 1:7 10:1.5e+10 | 0.2s
run39|kwta4|4.0|kp1|0.5|1|51|leak: alive shape flat ratio 0.494 silent 0.23 resting 0.00 active 0.12 move 0.33 lock 0.00 static 0.376 pr 14.6 | sent 1:1.2 10:0.5 100:0.52 1000:0.57 2000:0.61 | 31.0s
run39|kwta4|16.0|none|0.5|1|51|leak: alive shape flat ratio 0.278 silent 0.19 resting 0.00 active 0.12 move 0.364 lock 0.00 static 0.371 pr 14.7 | sent 1:2 10:0.41 100:0.55 1000:0.65 2000:0.56 | 15.7s
run39|kwta4|16.0|kp1|0.9|0|50|leak: blowup at step 66 | sent 1:2.2 10:1.2e+04 | 1.0s
run39|kwta4|16.0|kp1|0.9|0|51|leak: blowup at step 65 | sent 1:3.3 10:3.2e+04 | 0.5s
run39|kwta4|16.0|none|0.9|1|50|leak: alive shape flat ratio 0.53 silent 0.57 resting 0.00 active 0.12 move 0.0506 lock 0.00 static 0.440 pr 5.1 | sent 1:1 10:0.83 100:0.56 1000:0.58 2000:0.56 | 15.5s
run39|kwta4|16.0|none|0.9|1|51|leak: alive shape flat ratio 0.538 silent 0.59 resting 0.00 active 0.12 move 0.0523 lock 0.00 static 0.453 pr 6.2 | sent 1:1.1 10:0.8 100:0.59 1000:0.57 2000:0.58 | 15.7s
run39|kwta4|16.0|none|0.0|1|51|code: alive shape flat ratio 0.277 silent 0.03 resting 0.00 active 0.12 move 1.26 lock 0.00 static 0.199 pr 21.5 | sent 1:2.3 10:0.22 100:0.56 1000:0.58 2000:0.64 | 25.0s
run39|kwta4|16.0|kp1|0.5|1|51|code: alive shape flat ratio 0.249 silent 0.22 resting 0.00 active 0.12 move 0.355 lock 0.00 static 0.370 pr 14.7 | sent 1:2.3 10:0.41 100:0.57 1000:0.54 2000:0.58 | 13.4s
run39|kwta4|16.0|none|0.5|1|50|leak: alive shape flat ratio 0.278 silent 0.20 resting 0.00 active 0.12 move 0.362 lock 0.00 static 0.362 pr 14.3 | sent 1:2.1 10:0.44 100:0.61 1000:0.63 2000:0.57 | 25.1s
run39|kwta4|16.0|kp1|0.9|1|50|leak: alive shape flat ratio 0.521 silent 0.58 resting 0.00 active 0.12 move 0.0512 lock 0.00 static 0.446 pr 5.3 | sent 1:1.1 10:0.81 100:0.61 1000:0.57 2000:0.6 | 15.8s
run39|kwta4|16.0|kp1|0.9|1|51|leak: alive shape flat ratio 0.47 silent 0.60 resting 0.00 active 0.12 move 0.0499 lock 0.00 static 0.438 pr 5.3 | sent 1:1.2 10:0.8 100:0.58 1000:0.57 2000:0.58 | 15.7s
run39|kwta4|16.0|kp1|0.5|1|50|leak: alive shape flat ratio 0.299 silent 0.22 resting 0.00 active 0.12 move 0.342 lock 0.00 static 0.373 pr 14.0 | sent 1:2.1 10:0.44 100:0.62 1000:0.65 2000:0.62 | 16.7s
run39|kwta4|16.0|kp1|0.5|1|51|leak: alive shape flat ratio 0.283 silent 0.18 resting 0.00 active 0.12 move 0.357 lock 0.00 static 0.348 pr 14.8 | sent 1:2 10:0.43 100:0.56 1000:0.57 2000:0.58 | 17.2s
run39|kwta4|16.0|kp1|0.0|1|51|code: alive shape flat ratio 0.257 silent 0.03 resting 0.00 active 0.12 move 1.27 lock 0.00 static 0.198 pr 21.5 | sent 1:2.3 10:0.22 100:0.59 1000:0.59 2000:0.6 | 21.1s
run39|kwta4|16.0|kp1|0.0|1|50|code: alive shape flat ratio 0.248 silent 0.04 resting 0.00 active 0.12 move 1.27 lock 0.00 static 0.195 pr 21.0 | sent 1:2.4 10:0.24 100:0.64 1000:0.52 2000:0.6 | 22.8s
run39|kwta4|16.0|kp1|0.9|1|50|code: alive shape flat ratio 0.24 silent 0.59 resting 0.00 active 0.12 move 0.0512 lock 0.00 static 0.414 pr 4.9 | sent 1:2.4 10:0.77 100:0.58 1000:0.59 2000:0.58 | 20.3s
run39|kwta4|16.0|kp1|0.5|1|50|code: alive shape flat ratio 0.259 silent 0.21 resting 0.00 active 0.12 move 0.35 lock 0.00 static 0.366 pr 14.4 | sent 1:2.4 10:0.41 100:0.6 1000:0.61 2000:0.62 | 22.1s
run39|kwta4|16.0|kp1|0.9|1|51|code: alive shape flat ratio 0.252 silent 0.56 resting 0.00 active 0.12 move 0.0533 lock 0.00 static 0.403 pr 6.0 | sent 1:2.3 10:0.76 100:0.57 1000:0.58 2000:0.59 | 22.1s
ex16|raw|0.3|none|0.0|1|50|code: dead at step 25 shape decaying ratio 0 silent 1.00 resting 1.00 active 0.00 move 0 | sent 1:1.1 10:0.03 100:4e-17 1000:0 2000:0 | 20.5s
ex16|raw|0.1|none|0.0|1|50|code: dead at step 11 shape decaying ratio 0 silent 1.00 resting 1.00 active 0.00 move 0 | sent 1:1 10:1.5e-06 100:0 1000:0 2000:0 | 26.3s
ex16|raw|1.0|none|0.0|1|50|code: alive shape flat ratio 0.57 silent 0.04 resting 0.04 active 0.93 move 1.45 lock 0.00 static 0.000 pr 2.8 | sent 1:1.7 10:0.71 100:0.98 1000:0.99 2000:0.99 | 20.0s
ex16|raw|0.3|mnist|0.0|1|50|code: alive shape decaying ratio 0.0288 silent 0.04 resting 0.04 active 0.06 move 1.12 lock 0.00 static 0.391 pr 12.5 | sent 1:1.1 10:0.042 100:0.028 1000:0.03 2000:0.032 | 20.3s
ex16|raw|0.1|none|0.9|1|50|code: alive shape flat ratio 0.974 silent 0.00 resting 0.04 active 0.93 move 0.0123 lock 0.14 static 0.698 pr 2.4 | sent 1:1 10:1.1 100:0.98 1000:0.98 2000:0.98 | 21.0s
ex16|raw|1.0|none|0.9|1|50|code: alive shape flat ratio 0.566 silent 0.00 resting 0.04 active 0.93 move 0.0165 lock 0.00 static 0.452 pr 2.3 | sent 1:1.7 10:1.4 100:0.98 1000:0.98 2000:0.98 | 21.1s
ex16|raw|0.3|none|0.9|1|50|code: alive shape flat ratio 0.883 silent 0.00 resting 0.04 active 0.93 move 0.0137 lock 0.03 static 0.641 pr 2.5 | sent 1:1.1 10:1.4 100:0.98 1000:0.98 2000:0.98 | 27.3s
ex16|raw|0.1|none|0.9|1|50|leak: dead at step 106 shape decaying ratio 0 silent 0.01 resting 1.00 active 0.00 move 0 | sent 1:0.99 10:0.44 100:0.00016 1000:0 2000:0 | 37.9s
ex16|raw|0.3|none|0.9|1|50|leak: dead at step 241 shape decaying ratio 0 silent 0.00 resting 1.00 active 0.00 move 0 | sent 1:1 10:0.52 100:0.014 1000:5.6e-16 2000:0 | 47.3s
ex16|raw|0.1|mnist|0.0|1|50|code: alive shape decaying ratio 0.00654 silent 0.04 resting 0.57 active 0.01 move 1.14 lock 0.00 static 0.420 pr 9.1 | sent 1:1 10:0.0069 100:0.007 1000:0.0074 2000:0.0065 | 36.4s
ex16|raw|1.0|mnist|0.0|1|50|code: alive shape flat ratio 0.565 silent 0.04 resting 0.04 active 0.93 move 1.44 lock 0.00 static 0.017 pr 3.2 | sent 1:1.8 10:0.7 100:0.99 1000:0.99 2000:0.99 | 36.4s
ex16|raw|0.3|mnist|0.9|1|50|code: alive shape flat ratio 0.884 silent 0.00 resting 0.04 active 0.93 move 0.00896 lock 0.73 static 0.712 pr 1.8 | sent 1:1.1 10:1.4 100:0.98 1000:0.98 2000:0.98 | 37.2s
ex16|raw|1.0|mnist|0.9|1|50|code: alive shape flat ratio 0.561 silent 0.00 resting 0.04 active 0.93 move 0.0117 lock 0.03 static 0.682 pr 2.5 | sent 1:1.8 10:1.4 100:0.99 1000:0.98 2000:0.98 | 22.5s
ex16|raw|0.1|mnist|0.9|1|50|code: alive shape flat ratio 0.984 silent 0.00 resting 0.04 active 0.93 move 0.00849 lock 0.92 static 0.809 pr 1.9 | sent 1:1 10:1.1 100:0.98 1000:0.98 2000:0.98 | 38.3s
ex16|raw|2.0|none|0.0|1|50|code: alive shape flat ratio 0.405 silent 0.04 resting 0.04 active 0.93 move 1.46 lock 0.00 static 0.000 pr 2.8 | sent 1:2.4 10:0.56 100:0.98 1000:0.98 2000:0.99 | 20.7s
ex16|raw|2.0|mnist|0.0|1|50|code: alive shape flat ratio 0.406 silent 0.04 resting 0.04 active 0.93 move 1.44 lock 0.00 static 0.017 pr 3.2 | sent 1:2.5 10:0.55 100:0.98 1000:0.99 2000:1 | 21.2s
ex16|raw|2.0|none|0.9|1|50|code: alive shape flat ratio 0.403 silent 0.00 resting 0.04 active 0.93 move 0.011 lock 0.04 static 0.505 pr 1.8 | sent 1:2.4 10:1.3 100:0.98 1000:0.98 2000:0.98 | 22.3s
ex16|raw|2.0|mnist|0.9|1|50|code: alive shape flat ratio 0.4 silent 0.00 resting 0.04 active 0.93 move 0.0117 lock 0.22 static 0.738 pr 2.4 | sent 1:2.5 10:1.3 100:0.99 1000:0.98 2000:0.98 | 22.4s
ex16|raw|1.0|mnist|0.9|1|50|leak: alive shape flat ratio 0.97 silent 0.00 resting 0.04 active 0.93 move 0.0163 lock 0.00 static 0.404 pr 2.2 | sent 1:1 10:1.1 100:0.98 1000:0.98 2000:0.98 | 31.0s
ex16|raw|2.0|none|0.9|1|50|leak: alive shape flat ratio 0.936 silent 0.00 resting 0.04 active 0.93 move 0.013 lock 0.02 static 0.550 pr 2.0 | sent 1:1 10:1.3 100:0.98 1000:0.98 2000:0.98 | 30.9s
ex16|raw|0.3|mnist|0.9|1|50|leak: alive shape decaying ratio 0.0217 silent 0.00 resting 0.10 active 0.03 move 0.0912 lock 0.72 static 0.980 pr 4.8 | sent 1:0.98 10:0.5 100:0.025 1000:0.02 2000:0.021 | 54.8s
ex16|raw|1.0|none|0.9|1|50|leak: alive shape flat ratio 0.974 silent 0.00 resting 0.04 active 0.93 move 0.0123 lock 0.14 static 0.698 pr 2.4 | sent 1:1 10:1.1 100:0.98 1000:0.98 2000:0.98 | 54.6s
ex16|raw|0.1|mnist|0.9|1|50|leak: alive shape decaying ratio 0.00584 silent 0.00 resting 0.83 active 0.00 move 0.116 lock 0.69 static 0.980 pr 4.6 | sent 1:0.98 10:0.43 100:0.0054 1000:0.0052 2000:0.0057 | 55.2s
ex16|raw|4.0|none|0.0|1|50|code: alive shape flat ratio 0.306 silent 0.04 resting 0.04 active 0.93 move 1.46 lock 0.00 static 0.000 pr 2.8 | sent 1:3.2 10:0.48 100:0.98 1000:0.98 2000:0.98 | 21.4s
ex16|raw|4.0|mnist|0.9|1|50|code: alive shape flat ratio 0.305 silent 0.00 resting 0.04 active 0.93 move 0.0144 lock 0.00 static 0.333 pr 2.0 | sent 1:3.2 10:1.3 100:0.99 1000:0.98 2000:0.98 | 22.7s
ex16|raw|16.0|none|0.0|1|50|code: alive shape flat ratio 0.228 silent 0.04 resting 0.04 active 0.93 move 1.45 lock 0.00 static 0.000 pr 2.8 | sent 1:4.3 10:0.4 100:0.99 1000:0.98 2000:0.98 | 21.2s
ex16|raw|16.0|none|0.9|1|50|code: alive shape flat ratio 0.227 silent 0.00 resting 0.04 active 0.93 move 0.0105 lock 0.67 static 0.716 pr 1.9 | sent 1:4.3 10:1.3 100:0.98 1000:0.98 2000:0.98 | 22.5s
ex16|raw|16.0|mnist|0.0|1|50|code: alive shape flat ratio 0.231 silent 0.04 resting 0.04 active 0.93 move 1.44 lock 0.00 static 0.018 pr 3.1 | sent 1:4.3 10:0.4 100:0.98 1000:0.99 2000:1 | 20.8s
ex16|raw|16.0|mnist|0.9|1|50|code: alive shape flat ratio 0.227 silent 0.00 resting 0.04 active 0.93 move 0.00917 lock 0.46 static 0.692 pr 1.9 | sent 1:4.3 10:1.3 100:0.99 1000:0.98 2000:0.98 | 22.0s
ex16|raw|16.0|none|0.9|1|50|leak: alive shape flat ratio 0.448 silent 0.00 resting 0.04 active 0.93 move 0.0151 lock 0.00 static 0.464 pr 2.2 | sent 1:2.2 10:1.3 100:0.98 1000:0.98 2000:0.98 | 31.9s
ex16|raw|4.0|mnist|0.0|1|50|code: alive shape flat ratio 0.31 silent 0.04 resting 0.04 active 0.93 move 1.44 lock 0.00 static 0.017 pr 3.1 | sent 1:3.2 10:0.47 100:0.98 1000:0.99 2000:1 | 37.9s
ex16|raw|4.0|none|0.9|1|50|code: alive shape flat ratio 0.306 silent 0.00 resting 0.04 active 0.93 move 0.00832 lock 0.97 static 0.722 pr 1.6 | sent 1:3.2 10:1.3 100:0.98 1000:0.98 2000:0.98 | 40.2s
ex16|raw|16.0|mnist|0.9|1|50|leak: alive shape flat ratio 0.426 silent 0.00 resting 0.04 active 0.93 move 0.0101 lock 0.49 static 0.715 pr 1.9 | sent 1:2.3 10:1.3 100:0.98 1000:0.98 2000:0.98 | 30.3s
ex16|raw|2.0|mnist|0.9|1|50|leak: alive shape flat ratio 0.909 silent 0.00 resting 0.04 active 0.93 move 0.0122 lock 0.04 static 0.636 pr 2.1 | sent 1:1.1 10:1.3 100:0.98 1000:0.98 2000:0.98 | 55.3s
ex16|relu|0.1|mnist|0.0|1|50|code: alive shape decaying ratio 0.00684 silent 0.09 resting 0.79 active 0.00 move 1.14 lock 0.00 static 0.628 pr 8.2 | sent 1:0.7 10:0.005 100:0.0054 1000:0.0058 2000:0.0048 | 25.2s
ex16|relu|0.1|none|0.0|1|50|code: dead at step 11 shape decaying ratio 0 silent 1.00 resting 1.00 active 0.00 move 0 | sent 1:0.71 10:5.5e-08 100:0 1000:0 2000:0 | 43.4s
ex16|relu|0.3|none|0.0|1|50|code: dead at step 14 shape decaying ratio 0 silent 1.00 resting 1.00 active 0.00 move 0 | sent 1:0.75 10:0.0011 100:0 1000:0 2000:0 | 25.0s
ex16|relu|0.1|mnist|0.9|1|50|code: alive shape flat ratio 0.964 silent 0.46 resting 0.04 active 0.48 move 0.0052 lock 0.96 static 0.990 pr 2.1 | sent 1:0.7 10:0.63 100:0.68 1000:0.68 2000:0.68 | 26.5s
ex16|raw|4.0|none|0.9|1|50|leak: alive shape flat ratio 0.826 silent 0.00 resting 0.04 active 0.93 move 0.0129 lock 0.00 static 0.497 pr 2.1 | sent 1:1.2 10:1.4 100:0.98 1000:0.98 2000:0.98 | 56.7s
ex16|raw|4.0|mnist|0.9|1|50|leak: alive shape flat ratio 0.774 silent 0.00 resting 0.04 active 0.93 move 0.00931 lock 0.70 static 0.764 pr 2.1 | sent 1:1.3 10:1.4 100:0.98 1000:0.98 2000:0.98 | 57.5s
ex16|relu|0.1|mnist|0.9|1|50|leak: alive shape decaying ratio 0.00629 silent 0.42 resting 0.85 active 0.00 move 0.117 lock 0.62 static 0.979 pr 4.0 | sent 1:0.7 10:0.3 100:0.0041 1000:0.004 2000:0.0044 | 33.1s
ex16|relu|0.3|none|0.9|1|50|code: alive shape flat ratio 0.925 silent 0.48 resting 0.04 active 0.47 move 0.000485 lock 1.00 static 1.000 pr 2.0 | sent 1:0.75 10:0.97 100:0.7 1000:0.7 2000:0.7 | 26.0s
ex16|relu|0.1|none|0.9|1|50|code: alive shape flat ratio 0.949 silent 0.49 resting 0.04 active 0.47 move 0.000298 lock 1.00 static 1.000 pr 1.5 | sent 1:0.71 10:0.64 100:0.68 1000:0.68 2000:0.68 | 46.5s
ex16|relu|0.3|mnist|0.0|1|50|code: alive shape decaying ratio 0.0242 silent 0.09 resting 0.09 active 0.02 move 1.09 lock 0.00 static 0.638 pr 9.4 | sent 1:0.75 10:0.017 100:0.018 1000:0.019 2000:0.018 | 24.3s
ex16|relu|0.1|none|0.9|1|50|leak: dead at step 99 shape decaying ratio 0 silent 0.49 resting 1.00 active 0.00 move 0 | sent 1:0.71 10:0.31 100:6.3e-05 1000:0 2000:0 | 60.5s
ex16|relu|0.3|none|0.9|1|50|leak: dead at step 160 shape decaying ratio 0 silent 0.46 resting 1.00 active 0.00 move 0 | sent 1:0.71 10:0.34 100:0.0016 1000:0 2000:0 | 35.0s
ex16|relu|1.0|none|0.0|1|50|code: alive shape flat ratio 0.654 silent 0.33 resting 0.04 active 0.47 move 0.404 lock 0.00 static 0.949 pr 4.7 | sent 1:1 10:0.56 100:0.68 1000:0.68 2000:0.68 | 24.3s
ex16|relu|1.0|mnist|0.9|1|50|code: alive shape flat ratio 0.663 silent 0.47 resting 0.04 active 0.48 move 0.00489 lock 0.96 static 0.997 pr 1.9 | sent 1:1.1 10:0.99 100:0.7 1000:0.7 2000:0.7 | 25.6s
ex16|relu|1.0|none|0.9|1|50|leak: alive shape flat ratio 0.949 silent 0.49 resting 0.04 active 0.47 move 0.000298 lock 1.00 static 1.000 pr 1.5 | sent 1:0.71 10:0.64 100:0.68 1000:0.68 2000:0.68 | 33.0s
ex16|relu|1.0|mnist|0.9|1|50|leak: alive shape flat ratio 0.957 silent 0.46 resting 0.04 active 0.48 move 0.00521 lock 0.96 static 0.991 pr 2.1 | sent 1:0.71 10:0.63 100:0.68 1000:0.68 2000:0.68 | 33.7s
ex16|relu|0.3|mnist|0.9|1|50|code: alive shape flat ratio 0.937 silent 0.47 resting 0.04 active 0.48 move 0.00492 lock 0.96 static 0.997 pr 2.2 | sent 1:0.75 10:0.99 100:0.69 1000:0.7 2000:0.7 | 46.1s
ex16|relu|2.0|mnist|0.0|1|50|code: alive shape flat ratio 0.476 silent 0.26 resting 0.04 active 0.47 move 0.444 lock 0.00 static 0.919 pr 14.9 | sent 1:1.5 10:0.42 100:0.68 1000:0.7 2000:0.71 | 23.9s
ex16|relu|1.0|none|0.9|1|50|code: alive shape flat ratio 0.67 silent 0.48 resting 0.04 active 0.47 move 0.000457 lock 1.00 static 1.000 pr 2.1 | sent 1:1 10:0.97 100:0.69 1000:0.7 2000:0.7 | 44.8s
ex16|relu|4.0|none|0.9|1|50|code: alive shape flat ratio 0.348 silent 0.48 resting 0.04 active 0.47 move 0.000554 lock 1.00 static 0.999 pr 1.9 | sent 1:2 10:0.91 100:0.7 1000:0.7 2000:0.7 | 25.6s
ex16|relu|2.0|none|0.9|1|50|leak: alive shape flat ratio 0.955 silent 0.48 resting 0.04 active 0.48 move 0.000547 lock 1.00 static 0.999 pr 1.4 | sent 1:0.73 10:0.89 100:0.69 1000:0.7 2000:0.7 | 33.5s
ex16|relu|1.0|mnist|0.0|1|50|code: alive shape flat ratio 0.646 silent 0.26 resting 0.04 active 0.47 move 0.434 lock 0.00 static 0.923 pr 15.4 | sent 1:1.1 10:0.54 100:0.68 1000:0.68 2000:0.68 | 43.9s
ex16|relu|2.0|mnist|0.9|1|50|leak: alive shape flat ratio 0.94 silent 0.47 resting 0.04 active 0.48 move 0.00499 lock 0.96 static 0.996 pr 2.5 | sent 1:0.74 10:0.9 100:0.7 1000:0.7 2000:0.7 | 34.0s
ex16|relu|2.0|none|0.0|1|50|code: alive shape flat ratio 0.479 silent 0.34 resting 0.04 active 0.47 move 0.35 lock 0.00 static 0.961 pr 6.8 | sent 1:1.5 10:0.43 100:0.7 1000:0.69 2000:0.7 | 43.8s
ex16|relu|0.3|mnist|0.9|1|50|leak: alive shape decaying ratio 0.0203 silent 0.42 resting 0.32 active 0.01 move 0.105 lock 0.66 static 0.980 pr 4.2 | sent 1:0.7 10:0.33 100:0.014 1000:0.013 2000:0.014 | 61.2s
ex16|relu|4.0|none|0.9|1|50|leak: alive shape flat ratio 0.889 silent 0.48 resting 0.04 active 0.47 move 0.000289 lock 1.00 static 1.000 pr 1.7 | sent 1:0.78 10:0.99 100:0.69 1000:0.7 2000:0.7 | 33.4s
ex16|relu|4.0|mnist|0.0|1|50|code: alive shape flat ratio 0.349 silent 0.26 resting 0.04 active 0.47 move 0.438 lock 0.00 static 0.919 pr 15.0 | sent 1:2 10:0.35 100:0.69 1000:0.7 2000:0.71 | 24.8s
ex16|relu|2.0|none|0.9|1|50|code: alive shape flat ratio 0.479 silent 0.49 resting 0.04 active 0.47 move 0.00014 lock 1.00 static 1.000 pr 1.4 | sent 1:1.5 10:0.94 100:0.7 1000:0.7 2000:0.7 | 46.3s
ex16|relu|2.0|mnist|0.9|1|50|code: alive shape flat ratio 0.471 silent 0.47 resting 0.04 active 0.48 move 0.00488 lock 0.96 static 0.999 pr 2.8 | sent 1:1.5 10:0.95 100:0.7 1000:0.7 2000:0.7 | 45.7s
ex16|relu|4.0|none|0.0|1|50|code: alive shape flat ratio 0.35 silent 0.34 resting 0.04 active 0.47 move 0.326 lock 0.00 static 0.962 pr 7.5 | sent 1:2 10:0.35 100:0.7 1000:0.7 2000:0.7 | 43.7s
ex16|relu|16.0|none|0.9|1|50|code: alive shape flat ratio 0.237 silent 0.48 resting 0.04 active 0.47 move 0.000436 lock 1.00 static 0.999 pr 2.0 | sent 1:2.9 10:0.88 100:0.7 1000:0.7 2000:0.7 | 26.1s
ex16|relu|16.0|mnist|0.0|1|50|code: alive shape flat ratio 0.238 silent 0.25 resting 0.04 active 0.47 move 0.442 lock 0.00 static 0.918 pr 15.3 | sent 1:3 10:0.29 100:0.69 1000:0.7 2000:0.7 | 24.4s
ex16|relu|4.0|mnist|0.9|1|50|leak: alive shape flat ratio 0.84 silent 0.47 resting 0.04 active 0.47 move 0.00494 lock 0.96 static 0.997 pr 2.3 | sent 1:0.83 10:1 100:0.69 1000:0.7 2000:0.7 | 34.0s
ex16|relu|16.0|mnist|0.9|1|50|code: alive shape flat ratio 0.236 silent 0.47 resting 0.04 active 0.48 move 0.00487 lock 0.96 static 0.998 pr 2.6 | sent 1:3 10:0.89 100:0.7 1000:0.7 2000:0.7 | 26.3s
ex16|relu|16.0|none|0.9|1|50|leak: alive shape flat ratio 0.535 silent 0.49 resting 0.04 active 0.47 move 0.000122 lock 1.00 static 1.000 pr 1.8 | sent 1:1.3 10:0.95 100:0.7 1000:0.7 2000:0.7 | 33.3s
ex16|rrelu1|0.1|none|0.0|1|50|code: dead at step 3 shape decaying ratio 0 silent 1.00 resting 1.00 active 0.00 move 0 | sent 1:0.27 10:0 100:0 1000:0 2000:0 | 32.6s
ex16|relu|4.0|mnist|0.9|1|50|code: alive shape flat ratio 0.344 silent 0.47 resting 0.04 active 0.48 move 0.00489 lock 0.96 static 0.998 pr 2.5 | sent 1:2 10:0.92 100:0.7 1000:0.7 2000:0.7 | 45.5s
ex16|relu|16.0|none|0.0|1|50|code: alive shape flat ratio 0.238 silent 0.34 resting 0.04 active 0.47 move 0.321 lock 0.00 static 0.964 pr 8.1 | sent 1:2.9 10:0.28 100:0.7 1000:0.7 2000:0.7 | 43.7s
ex16|rrelu1|0.1|mnist|0.0|1|50|code: alive shape decaying ratio 0 silent 1.00 resting 0.96 active 0.00 move 1.15 lock 0.00 static 0.434 pr 15.0 | sent 1:0.26 10:0 100:0 1000:0 2000:0 | 32.3s
ex16|rrelu1|0.1|mnist|0.9|1|50|code: alive shape decaying ratio 0 silent 1.00 resting 0.96 active 0.00 move 0.118 lock 0.00 static 0.936 pr 8.1 | sent 1:0.26 10:0.024 100:0 1000:0 2000:0 | 34.5s
ex16|rrelu1|0.3|none|0.9|1|50|leak: dead at step 90 shape decaying ratio 0 silent 1.00 resting 1.00 active 0.00 move 0 | sent 1:0.27 10:0.017 100:0 1000:0 2000:0 | 42.1s
ex16|rrelu1|0.3|mnist|0.0|1|50|code: alive shape decaying ratio 0 silent 1.00 resting 0.96 active 0.00 move 1.15 lock 0.00 static 0.434 pr 15.0 | sent 1:0.27 10:0 100:0 1000:0 2000:0 | 32.0s
ex16|rrelu1|0.1|none|0.9|1|50|leak: dead at step 90 shape decaying ratio 0 silent 1.00 resting 1.00 active 0.00 move 0 | sent 1:0.27 10:0.017 100:0 1000:0 2000:0 | 59.3s
ex16|rrelu1|0.1|none|0.9|1|50|code: dead at step 91 shape decaying ratio 0 silent 1.00 resting 1.00 active 0.00 move 0 | sent 1:0.27 10:0.023 100:0 1000:0 2000:0 | 62.7s
ex16|rrelu1|0.3|mnist|0.9|1|50|code: alive shape flat ratio 0.879 silent 0.58 resting 0.04 active 0.12 move 0.0493 lock 0.00 static 0.388 pr 5.3 | sent 1:0.27 10:0.2 100:0.23 1000:0.24 2000:0.24 | 33.2s
ex16|relu|16.0|mnist|0.9|1|50|leak: alive shape flat ratio 0.499 silent 0.48 resting 0.04 active 0.48 move 0.00487 lock 0.96 static 0.999 pr 2.4 | sent 1:1.4 10:0.95 100:0.7 1000:0.7 2000:0.7 | 61.3s
ex16|rrelu1|1.0|none|0.9|1|50|code: alive shape flat ratio 0.822 silent 0.53 resting 0.04 active 0.15 move 0.0502 lock 0.00 static 0.420 pr 5.4 | sent 1:0.32 10:0.59 100:0.26 1000:0.26 2000:0.27 | 32.9s
ex16|rrelu1|0.3|none|0.0|1|50|code: dead at step 3 shape decaying ratio 0 silent 1.00 resting 1.00 active 0.00 move 0 | sent 1:0.27 10:0 100:0 1000:0 2000:0 | 59.5s
ex16|rrelu1|0.3|mnist|0.9|1|50|leak: alive shape decaying ratio 0 silent 1.00 resting 0.96 active 0.00 move 0.118 lock 0.00 static 0.940 pr 10.7 | sent 1:0.26 10:0.017 100:0 1000:0 2000:0 | 42.1s
ex16|rrelu1|1.0|none|0.0|1|50|code: dead at step 5 shape decaying ratio 0 silent 1.00 resting 1.00 active 0.00 move 0 | sent 1:0.32 10:0 100:0 1000:0 2000:0 | 48.4s
ex16|rrelu1|1.0|mnist|0.9|1|50|code: alive shape flat ratio 0.766 silent 0.54 resting 0.04 active 0.15 move 0.0492 lock 0.00 static 0.390 pr 5.7 | sent 1:0.33 10:0.62 100:0.27 1000:0.27 2000:0.25 | 33.1s
ex16|rrelu1|0.3|none|0.9|1|50|code: alive shape flat ratio 0.877 silent 0.57 resting 0.04 active 0.12 move 0.0499 lock 0.00 static 0.389 pr 5.5 | sent 1:0.27 10:0.18 100:0.25 1000:0.23 2000:0.24 | 62.4s
ex16|rrelu1|2.0|none|0.0|1|50|code: dead at step 11 shape decaying ratio 0 silent 1.00 resting 1.00 active 0.00 move 0 | sent 1:0.46 10:0 100:0 1000:0 2000:0 | 31.8s
ex16|rrelu1|0.1|mnist|0.9|1|50|leak: alive shape decaying ratio 0 silent 1.00 resting 0.96 active 0.00 move 0.118 lock 0.00 static 0.940 pr 10.7 | sent 1:0.26 10:0.016 100:0 1000:0 2000:0 | 76.2s
ex16|rrelu1|1.0|mnist|0.9|1|50|leak: alive shape decaying ratio 0 silent 1.00 resting 0.96 active 0.00 move 0.118 lock 0.00 static 0.936 pr 8.1 | sent 1:0.27 10:0.033 100:0 1000:0 2000:0 | 41.8s
ex16|rrelu1|2.0|none|0.9|1|50|code: alive shape flat ratio 0.577 silent 0.53 resting 0.04 active 0.15 move 0.0497 lock 0.00 static 0.367 pr 5.4 | sent 1:0.46 10:0.51 100:0.27 1000:0.28 2000:0.27 | 33.0s
ex16|rrelu1|4.0|none|0.0|1|50|code: dead at step 9 shape decaying ratio 0 silent 1.00 resting 1.00 active 0.00 move 0 | sent 1:0.77 10:0 100:0 1000:0 2000:0 | 31.7s
ex16|rrelu1|2.0|none|0.9|1|50|leak: dead at step 93 shape decaying ratio 0 silent 1.00 resting 1.00 active 0.00 move 0 | sent 1:0.27 10:0.064 100:0 1000:0 2000:0 | 41.6s
ex16|rrelu1|2.0|mnist|0.9|1|50|code: alive shape flat ratio 0.564 silent 0.53 resting 0.04 active 0.15 move 0.0504 lock 0.00 static 0.372 pr 5.8 | sent 1:0.48 10:0.52 100:0.27 1000:0.28 2000:0.27 | 33.5s
ex16|rrelu1|1.0|none|0.9|1|50|leak: dead at step 91 shape decaying ratio 0 silent 1.00 resting 1.00 active 0.00 move 0 | sent 1:0.27 10:0.023 100:0 1000:0 2000:0 | 75.3s
ex16|rrelu1|1.0|mnist|0.0|1|50|code: alive shape decaying ratio 0 silent 0.99 resting 0.82 active 0.00 move 1.15 lock 0.00 static 0.018 pr 6.0 | sent 1:0.33 10:0 100:0.0006 1000:0 2000:0 | 58.4s
ex16|rrelu1|16.0|none|0.0|1|50|code: dead at step 8 shape decaying ratio 0 silent 1.00 resting 1.00 active 0.00 move 0 | sent 1:1.8 10:0 100:0 1000:0 2000:0 | 31.2s
ex16|rrelu1|4.0|none|0.9|1|50|leak: alive shape flat ratio 0.922 silent 0.53 resting 0.04 active 0.14 move 0.0505 lock 0.00 static 0.369 pr 5.5 | sent 1:0.27 10:0.32 100:0.26 1000:0.24 2000:0.25 | 40.7s
ex16|rrelu1|4.0|mnist|0.9|1|50|code: alive shape flat ratio 0.328 silent 0.53 resting 0.04 active 0.15 move 0.0512 lock 0.00 static 0.429 pr 5.8 | sent 1:0.8 10:0.44 100:0.28 1000:0.27 2000:0.26 | 32.9s
ex16|rrelu1|2.0|mnist|0.0|1|50|code: alive shape flat ratio 1.18 silent 0.17 resting 0.04 active 0.03 move 1.29 lock 0.00 static 0.036 pr 10.6 | sent 1:0.48 10:0.0052 100:0.044 1000:0.036 2000:0.57 | 57.9s
ex16|rrelu1|16.0|mnist|0.0|1|50|code: alive shape decaying ratio 0.0206 silent 0.05 resting 0.04 active 0.09 move 1.41 lock 0.00 static 0.070 pr 10.3 | sent 1:1.8 10:0.00077 100:1 1000:0.26 2000:0.037 | 31.1s
ex16|rrelu1|16.0|mnist|0.9|1|50|code: alive shape flat ratio 0.154 silent 0.54 resting 0.04 active 0.15 move 0.0499 lock 0.00 static 0.408 pr 5.5 | sent 1:1.8 10:0.37 100:0.27 1000:0.27 2000:0.28 | 32.5s
ex16|rrelu1|4.0|none|0.9|1|50|code: alive shape flat ratio 0.325 silent 0.52 resting 0.04 active 0.15 move 0.0493 lock 0.00 static 0.406 pr 5.5 | sent 1:0.77 10:0.44 100:0.27 1000:0.25 2000:0.25 | 59.9s
ex16|rrelu1|16.0|none|0.9|1|50|leak: alive shape flat ratio 0.643 silent 0.53 resting 0.04 active 0.15 move 0.0489 lock 0.00 static 0.380 pr 5.6 | sent 1:0.4 10:0.54 100:0.27 1000:0.26 2000:0.26 | 41.0s
ex16|rrelu1|4.0|mnist|0.0|1|50|code: alive shape decaying ratio 0.00924 silent 0.05 resting 0.04 active 0.09 move 1.37 lock 0.00 static 0.079 pr 10.5 | sent 1:0.8 10:0.0011 100:1.1 1000:0.04 2000:0.0074 | 57.6s
ex16|rrelu1|16.0|mnist|0.9|1|50|leak: alive shape flat ratio 0.439 silent 0.52 resting 0.04 active 0.15 move 0.0516 lock 0.00 static 0.357 pr 5.6 | sent 1:0.58 10:0.52 100:0.28 1000:0.26 2000:0.25 | 40.9s
ex16|rrelu1|2.0|mnist|0.9|1|50|leak: alive shape decaying ratio 0.0351 silent 1.00 resting 0.83 active 0.00 move 0.116 lock 0.00 static 0.327 pr 3.3 | sent 1:0.29 10:0.083 100:0.0084 1000:0.0078 2000:0.01 | 74.0s
ex16|tri0.3|0.1|none|0.0|1|50|code: alive shape flat ratio 0.412 silent 0.27 resting 0.04 active 0.48 move 0.382 lock 0.00 static 0.925 pr 15.5 | sent 1:0.63 10:0.26 100:0.26 1000:0.26 2000:0.26 | 44.3s
ex16|rrelu1|16.0|none|0.9|1|50|code: alive shape flat ratio 0.15 silent 0.52 resting 0.04 active 0.14 move 0.0508 lock 0.00 static 0.398 pr 5.5 | sent 1:1.8 10:0.37 100:0.28 1000:0.27 2000:0.27 | 61.7s
ex16|rrelu1|4.0|mnist|0.9|1|50|leak: alive shape flat ratio 0.756 silent 0.52 resting 0.04 active 0.14 move 0.0527 lock 0.00 static 0.389 pr 5.6 | sent 1:0.35 10:0.36 100:0.25 1000:0.25 2000:0.27 | 75.5s
ex16|tri0.3|0.1|mnist|0.0|1|50|code: alive shape flat ratio 0.418 silent 0.24 resting 0.04 active 0.48 move 0.449 lock 0.00 static 0.910 pr 16.3 | sent 1:0.63 10:0.26 100:0.26 1000:0.26 2000:0.26 | 44.8s
ex16|tri0.3|0.1|mnist|0.9|1|50|code: alive shape flat ratio 0.981 silent 0.43 resting 0.04 active 0.48 move 0.00991 lock 0.83 static 0.971 pr 3.7 | sent 1:0.63 10:0.6 100:0.62 1000:0.62 2000:0.62 | 45.2s
ex16|tri0.3|0.1|mnist|0.9|1|50|leak: alive shape flat ratio 0.418 silent 0.44 resting 0.04 active 0.48 move 0.0127 lock 0.83 static 0.975 pr 3.9 | sent 1:0.63 10:0.49 100:0.26 1000:0.26 2000:0.26 | 54.6s
ex16|tri0.3|0.3|none|0.9|1|50|code: alive shape flat ratio 0.972 silent 0.43 resting 0.04 active 0.48 move 0.0084 lock 0.91 static 0.973 pr 4.0 | sent 1:0.64 10:0.68 100:0.62 1000:0.62 2000:0.62 | 45.7s
ex16|tri0.3|0.3|mnist|0.9|1|50|code: alive shape flat ratio 0.975 silent 0.43 resting 0.04 active 0.48 move 0.0101 lock 0.87 static 0.972 pr 3.7 | sent 1:0.64 10:0.68 100:0.63 1000:0.62 2000:0.62 | 45.6s
ex16|tri0.3|1.0|none|0.0|1|50|code: alive shape flat ratio 0.882 silent 0.27 resting 0.04 active 0.48 move 0.398 lock 0.00 static 0.924 pr 15.5 | sent 1:0.7 10:0.62 100:0.62 1000:0.62 2000:0.62 | 44.7s
ex16|tri0.3|0.3|none|0.9|1|50|leak: alive shape flat ratio 0.663 silent 0.43 resting 0.04 active 0.48 move 0.00753 lock 0.95 static 0.975 pr 3.9 | sent 1:0.63 10:0.51 100:0.42 1000:0.42 2000:0.42 | 53.8s
ex16|tri0.3|0.1|none|0.9|1|50|code: alive shape flat ratio 0.975 silent 0.42 resting 0.04 active 0.48 move 0.00852 lock 0.91 static 0.969 pr 3.7 | sent 1:0.63 10:0.61 100:0.62 1000:0.62 2000:0.62 | 84.7s
ex16|tri0.3|1.0|none|0.9|1|50|leak: alive shape flat ratio 0.972 silent 0.44 resting 0.04 active 0.48 move 0.00778 lock 0.92 static 0.975 pr 3.8 | sent 1:0.63 10:0.61 100:0.62 1000:0.62 2000:0.62 | 53.2s
ex16|tri0.3|0.1|none|0.9|1|50|leak: alive shape flat ratio 0.414 silent 0.43 resting 0.04 active 0.48 move 0.00794 lock 0.87 static 0.972 pr 4.0 | sent 1:0.63 10:0.49 100:0.26 1000:0.26 2000:0.26 | 101.4s
ex16|tri0.3|0.3|none|0.0|1|50|code: alive shape flat ratio 0.651 silent 0.27 resting 0.04 active 0.48 move 0.383 lock 0.00 static 0.925 pr 15.5 | sent 1:0.64 10:0.42 100:0.42 1000:0.42 2000:0.42 | 83.9s
ex16|tri0.3|2.0|none|0.0|1|50|code: alive shape flat ratio 0.808 silent 0.27 resting 0.04 active 0.48 move 0.397 lock 0.00 static 0.924 pr 15.4 | sent 1:0.77 10:0.63 100:0.62 1000:0.62 2000:0.62 | 44.4s
ex16|tri0.3|1.0|mnist|0.9|1|50|leak: alive shape flat ratio 0.978 silent 0.43 resting 0.04 active 0.48 move 0.00982 lock 0.80 static 0.973 pr 3.9 | sent 1:0.63 10:0.6 100:0.62 1000:0.62 2000:0.62 | 53.5s
ex16|tri0.3|2.0|none|0.9|1|50|code: alive shape flat ratio 0.808 silent 0.44 resting 0.04 active 0.48 move 0.00747 lock 0.96 static 0.976 pr 3.7 | sent 1:0.77 10:0.7 100:0.63 1000:0.62 2000:0.62 | 45.3s
ex16|tri0.3|0.3|mnist|0.0|1|50|code: alive shape flat ratio 0.656 silent 0.26 resting 0.04 active 0.48 move 0.414 lock 0.00 static 0.917 pr 16.1 | sent 1:0.64 10:0.42 100:0.42 1000:0.42 2000:0.42 | 84.8s
ex16|tri0.3|1.0|none|0.9|1|50|code: alive shape flat ratio 0.89 silent 0.43 resting 0.04 active 0.48 move 0.00829 lock 0.92 static 0.974 pr 3.7 | sent 1:0.7 10:0.7 100:0.63 1000:0.62 2000:0.62 | 84.7s
ex16|tri0.3|2.0|mnist|0.0|1|50|code: alive shape flat ratio 0.806 silent 0.25 resting 0.04 active 0.48 move 0.424 lock 0.00 static 0.916 pr 16.0 | sent 1:0.77 10:0.63 100:0.62 1000:0.62 2000:0.62 | 44.5s
ex16|tri0.3|2.0|none|0.9|1|50|leak: alive shape flat ratio 0.977 silent 0.43 resting 0.04 active 0.48 move 0.00818 lock 0.97 static 0.976 pr 3.6 | sent 1:0.64 10:0.66 100:0.62 1000:0.62 2000:0.62 | 52.7s
ex16|tri0.3|2.0|mnist|0.9|1|50|code: alive shape flat ratio 0.807 silent 0.43 resting 0.04 active 0.48 move 0.0102 lock 0.84 static 0.973 pr 3.9 | sent 1:0.77 10:0.7 100:0.63 1000:0.62 2000:0.62 | 45.2s
ex16|tri0.3|0.3|mnist|0.9|1|50|leak: alive shape flat ratio 0.668 silent 0.42 resting 0.04 active 0.48 move 0.0109 lock 0.73 static 0.967 pr 3.7 | sent 1:0.63 10:0.51 100:0.42 1000:0.42 2000:0.42 | 102.6s
ex16|tri0.3|1.0|mnist|0.0|1|50|code: alive shape flat ratio 0.881 silent 0.25 resting 0.04 active 0.48 move 0.423 lock 0.00 static 0.918 pr 16.1 | sent 1:0.7 10:0.62 100:0.62 1000:0.62 2000:0.62 | 84.8s
ex16|tri0.3|2.0|mnist|0.9|1|50|leak: alive shape flat ratio 0.977 silent 0.43 resting 0.04 active 0.48 move 0.0099 lock 0.86 static 0.979 pr 4.2 | sent 1:0.64 10:0.66 100:0.63 1000:0.62 2000:0.62 | 54.4s
ex16|tri0.3|4.0|none|0.9|1|50|code: alive shape flat ratio 0.732 silent 0.43 resting 0.04 active 0.48 move 0.00869 lock 0.83 static 0.968 pr 3.8 | sent 1:0.85 10:0.7 100:0.63 1000:0.62 2000:0.62 | 45.3s
ex16|tri0.3|1.0|mnist|0.9|1|50|code: alive shape flat ratio 0.889 silent 0.44 resting 0.04 active 0.48 move 0.00918 lock 0.89 static 0.978 pr 4.0 | sent 1:0.7 10:0.7 100:0.63 1000:0.62 2000:0.62 | 86.0s
ex16|tri0.3|4.0|mnist|0.9|1|50|code: alive shape flat ratio 0.734 silent 0.43 resting 0.04 active 0.48 move 0.0102 lock 0.76 static 0.970 pr 3.9 | sent 1:0.85 10:0.7 100:0.63 1000:0.62 2000:0.62 | 45.5s
ex16|tri0.3|16.0|none|0.0|1|50|code: alive shape flat ratio 0.647 silent 0.27 resting 0.04 active 0.48 move 0.398 lock 0.00 static 0.923 pr 15.4 | sent 1:0.96 10:0.63 100:0.62 1000:0.63 2000:0.62 | 44.6s
ex16|tri0.3|4.0|mnist|0.9|1|50|leak: alive shape flat ratio 0.952 silent 0.44 resting 0.04 active 0.48 move 0.0096 lock 0.87 static 0.974 pr 3.9 | sent 1:0.66 10:0.68 100:0.62 1000:0.62 2000:0.62 | 54.3s
ex16|tri0.3|4.0|none|0.0|1|50|code: alive shape flat ratio 0.734 silent 0.27 resting 0.04 active 0.48 move 0.396 lock 0.00 static 0.925 pr 15.4 | sent 1:0.85 10:0.63 100:0.62 1000:0.62 2000:0.63 | 83.6s
ex16|tri0.3|16.0|mnist|0.0|1|50|code: alive shape flat ratio 0.649 silent 0.25 resting 0.04 active 0.48 move 0.422 lock 0.00 static 0.916 pr 16.1 | sent 1:0.96 10:0.63 100:0.62 1000:0.62 2000:0.62 | 44.5s
ex16|tri0.3|16.0|mnist|0.9|1|50|code: alive shape flat ratio 0.65 silent 0.42 resting 0.04 active 0.48 move 0.0106 lock 0.80 static 0.976 pr 4.3 | sent 1:0.96 10:0.7 100:0.62 1000:0.62 2000:0.62 | 45.1s
ex16|tri0.3|16.0|mnist|0.9|1|50|leak: alive shape flat ratio 0.824 silent 0.43 resting 0.04 active 0.48 move 0.00969 lock 0.87 static 0.976 pr 3.9 | sent 1:0.76 10:0.7 100:0.63 1000:0.62 2000:0.62 | 53.1s
ex16|tri1.0|0.1|mnist|0.0|1|50|code: alive shape decaying ratio 0.0063 silent 0.08 resting 0.80 active 0.00 move 1.15 lock 0.00 static 0.623 pr 8.6 | sent 1:0.69 10:0.0046 100:0.005 1000:0.005 2000:0.0043 | 44.6s
ex16|tri0.3|4.0|mnist|0.0|1|50|code: alive shape flat ratio 0.735 silent 0.26 resting 0.04 active 0.48 move 0.418 lock 0.00 static 0.917 pr 16.0 | sent 1:0.85 10:0.63 100:0.63 1000:0.62 2000:0.63 | 84.1s
ex16|tri1.0|0.1|none|0.9|1|50|leak: dead at step 99 shape decaying ratio 0 silent 0.49 resting 1.00 active 0.00 move 0 | sent 1:0.69 10:0.3 100:5.9e-05 1000:0 2000:0 | 58.7s
ex16|tri0.3|4.0|none|0.9|1|50|leak: alive shape flat ratio 0.961 silent 0.42 resting 0.04 active 0.48 move 0.00905 lock 0.89 static 0.967 pr 3.7 | sent 1:0.65 10:0.68 100:0.62 1000:0.62 2000:0.62 | 100.4s
ex16|tri1.0|0.3|none|0.0|1|50|code: dead at step 14 shape decaying ratio 0 silent 1.00 resting 1.00 active 0.00 move 0 | sent 1:0.73 10:0.00078 100:0 1000:0 2000:0 | 45.4s
ex16|tri0.3|16.0|none|0.9|1|50|code: alive shape flat ratio 0.649 silent 0.43 resting 0.04 active 0.48 move 0.00822 lock 0.92 static 0.978 pr 4.1 | sent 1:0.96 10:0.7 100:0.63 1000:0.62 2000:0.63 | 86.0s
ex16|tri1.0|0.1|mnist|0.9|1|50|leak: alive shape decaying ratio 0.00555 silent 0.42 resting 0.85 active 0.00 move 0.117 lock 0.62 static 0.977 pr 4.1 | sent 1:0.68 10:0.3 100:0.0035 1000:0.0034 2000:0.0038 | 53.3s
ex16|tri1.0|0.1|none|0.0|1|50|code: dead at step 11 shape decaying ratio 0 silent 1.00 resting 1.00 active 0.00 move 0 | sent 1:0.69 10:3.9e-08 100:0 1000:0 2000:0 | 84.7s
ex16|tri1.0|0.3|none|0.9|1|50|code: alive shape flat ratio 0.931 silent 0.48 resting 0.04 active 0.47 move 0.00123 lock 1.00 static 0.997 pr 2.1 | sent 1:0.73 10:0.95 100:0.68 1000:0.68 2000:0.68 | 46.1s
ex16|tri1.0|0.3|mnist|0.0|1|50|code: alive shape decaying ratio 0.0226 silent 0.08 resting 0.10 active 0.02 move 1.1 lock 0.00 static 0.629 pr 9.8 | sent 1:0.73 10:0.016 100:0.016 1000:0.017 2000:0.016 | 45.0s
ex16|tri1.0|0.3|mnist|0.9|1|50|code: alive shape flat ratio 0.935 silent 0.48 resting 0.04 active 0.47 move 0.00504 lock 0.96 static 0.996 pr 2.1 | sent 1:0.73 10:0.95 100:0.68 1000:0.68 2000:0.68 | 46.0s
ex16|tri0.3|16.0|none|0.9|1|50|leak: alive shape flat ratio 0.837 silent 0.43 resting 0.04 active 0.48 move 0.00818 lock 0.86 static 0.973 pr 4.1 | sent 1:0.75 10:0.7 100:0.63 1000:0.62 2000:0.63 | 99.4s
ex16|tri1.0|0.1|none|0.9|1|50|code: alive shape flat ratio 0.952 silent 0.46 resting 0.04 active 0.46 move 0.00247 lock 1.00 static 0.988 pr 1.8 | sent 1:0.69 10:0.61 100:0.66 1000:0.66 2000:0.66 | 86.1s
ex16|tri1.0|0.1|mnist|0.9|1|50|code: alive shape flat ratio 0.96 silent 0.47 resting 0.04 active 0.46 move 0.00534 lock 0.96 static 0.992 pr 2.0 | sent 1:0.69 10:0.6 100:0.66 1000:0.66 2000:0.66 | 86.5s
ex16|tri1.0|1.0|none|0.0|1|50|code: alive shape flat ratio 0.661 silent 0.27 resting 0.04 active 0.47 move 0.404 lock 0.00 static 0.921 pr 12.4 | sent 1:1 10:0.54 100:0.67 1000:0.66 2000:0.66 | 45.2s
ex16|tri1.0|0.3|mnist|0.9|1|50|leak: alive shape decaying ratio 0.0179 silent 0.42 resting 0.34 active 0.01 move 0.108 lock 0.66 static 0.979 pr 4.3 | sent 1:0.69 10:0.32 100:0.012 1000:0.011 2000:0.012 | 55.1s
ex16|tri1.0|1.0|none|0.9|1|50|leak: alive shape flat ratio 0.952 silent 0.46 resting 0.04 active 0.46 move 0.00247 lock 1.00 static 0.988 pr 1.8 | sent 1:0.69 10:0.61 100:0.66 1000:0.66 2000:0.66 | 54.0s
ex16|tri1.0|1.0|mnist|0.9|1|50|code: alive shape flat ratio 0.669 silent 0.48 resting 0.04 active 0.47 move 0.00505 lock 0.96 static 0.996 pr 1.9 | sent 1:1 10:0.95 100:0.68 1000:0.68 2000:0.68 | 46.1s
ex16|tri1.0|2.0|none|0.0|1|50|code: alive shape flat ratio 0.486 silent 0.28 resting 0.04 active 0.47 move 0.412 lock 0.00 static 0.924 pr 9.5 | sent 1:1.4 10:0.42 100:0.68 1000:0.68 2000:0.68 | 45.2s
ex16|tri1.0|0.3|none|0.9|1|50|leak: dead at step 156 shape decaying ratio 0 silent 0.50 resting 1.00 active 0.00 move 0 | sent 1:0.69 10:0.33 100:0.0014 1000:0 2000:0 | 100.7s
ex16|tri1.0|2.0|mnist|0.0|1|50|code: alive shape flat ratio 0.479 silent 0.25 resting 0.04 active 0.47 move 0.454 lock 0.00 static 0.909 pr 15.2 | sent 1:1.4 10:0.43 100:0.68 1000:0.67 2000:0.69 | 45.2s
ex16|tri1.0|2.0|mnist|0.9|1|50|code: alive shape flat ratio 0.475 silent 0.48 resting 0.04 active 0.47 move 0.00506 lock 0.96 static 0.997 pr 2.3 | sent 1:1.4 10:0.91 100:0.68 1000:0.68 2000:0.68 | 46.0s
ex16|tri1.0|2.0|none|0.9|1|50|leak: alive shape flat ratio 0.961 silent 0.48 resting 0.04 active 0.47 move 0.00115 lock 1.00 static 0.998 pr 2.1 | sent 1:0.71 10:0.87 100:0.68 1000:0.68 2000:0.68 | 54.0s
ex16|tri1.0|1.0|none|0.9|1|50|code: alive shape flat ratio 0.677 silent 0.48 resting 0.04 active 0.47 move 0.000757 lock 1.00 static 0.999 pr 2.1 | sent 1:1 10:0.96 100:0.68 1000:0.68 2000:0.68 | 87.4s
ex16|tri1.0|1.0|mnist|0.0|1|50|code: alive shape flat ratio 0.653 silent 0.24 resting 0.04 active 0.46 move 0.469 lock 0.00 static 0.900 pr 15.5 | sent 1:1 10:0.55 100:0.66 1000:0.65 2000:0.66 | 82.6s
ex16|tri1.0|2.0|none|0.9|1|50|code: alive shape flat ratio 0.484 silent 0.48 resting 0.04 active 0.47 move 0.00158 lock 1.00 static 0.995 pr 2.0 | sent 1:1.4 10:0.92 100:0.68 1000:0.68 2000:0.68 | 77.4s
ex16|tri1.0|4.0|mnist|0.0|1|50|code: alive shape flat ratio 0.352 silent 0.25 resting 0.04 active 0.47 move 0.44 lock 0.00 static 0.907 pr 15.3 | sent 1:2 10:0.35 100:0.67 1000:0.67 2000:0.69 | 55.6s
ex16|tri1.0|1.0|mnist|0.9|1|50|leak: alive shape flat ratio 0.946 silent 0.47 resting 0.04 active 0.46 move 0.00535 lock 0.96 static 0.991 pr 2.1 | sent 1:0.7 10:0.6 100:0.66 1000:0.66 2000:0.66 | 95.8s
ex16|tri1.0|4.0|none|0.9|1|50|leak: alive shape flat ratio 0.895 silent 0.49 resting 0.04 active 0.47 move 0.000275 lock 1.00 static 1.000 pr 1.8 | sent 1:0.76 10:0.97 100:0.68 1000:0.68 2000:0.68 | 65.4s
ex16|tri1.0|4.0|none|0.9|1|50|code: alive shape flat ratio 0.352 silent 0.47 resting 0.04 active 0.47 move 0.00198 lock 1.00 static 0.993 pr 2.1 | sent 1:1.9 10:0.89 100:0.68 1000:0.68 2000:0.68 | 73.4s
ex16|tri1.0|4.0|none|0.0|1|50|code: alive shape flat ratio 0.351 silent 0.28 resting 0.04 active 0.47 move 0.422 lock 0.00 static 0.925 pr 7.5 | sent 1:1.9 10:0.34 100:0.68 1000:0.67 2000:0.68 | 81.7s
ex16|tri1.0|4.0|mnist|0.9|1|50|code: alive shape flat ratio 0.346 silent 0.48 resting 0.04 active 0.47 move 0.00499 lock 0.96 static 0.998 pr 2.4 | sent 1:2 10:0.88 100:0.68 1000:0.68 2000:0.68 | 64.4s
ex16|tanh|0.1|none|0.0|1|50|code: dead at step 11 shape decaying ratio 0 silent 1.00 resting 1.00 active 0.00 move 0 | sent 1:0.63 10:9.5e-07 100:0 1000:0 2000:0 | 37.2s
ex16|tri1.0|16.0|none|0.0|1|50|code: alive shape flat ratio 0.24 silent 0.27 resting 0.04 active 0.47 move 0.445 lock 0.00 static 0.922 pr 7.6 | sent 1:2.8 10:0.27 100:0.68 1000:0.68 2000:0.68 | 58.9s
ex16|tri1.0|4.0|mnist|0.9|1|50|leak: alive shape flat ratio 0.829 silent 0.48 resting 0.04 active 0.47 move 0.00494 lock 0.96 static 0.998 pr 2.5 | sent 1:0.82 10:0.96 100:0.68 1000:0.68 2000:0.68 | 70.3s
ex16|tri1.0|2.0|mnist|0.9|1|50|leak: alive shape flat ratio 0.929 silent 0.48 resting 0.04 active 0.47 move 0.00505 lock 0.96 static 0.997 pr 2.3 | sent 1:0.73 10:0.86 100:0.68 1000:0.68 2000:0.68 | 96.4s
ex16|tri1.0|16.0|none|0.9|1|50|code: alive shape flat ratio 0.24 silent 0.47 resting 0.04 active 0.46 move 0.00202 lock 1.00 static 0.993 pr 2.1 | sent 1:2.8 10:0.86 100:0.68 1000:0.68 2000:0.68 | 69.4s
ex16|tanh|0.1|none|0.9|1|50|code: alive shape flat ratio 0.958 silent 0.00 resting 0.04 active 0.93 move 0.0184 lock 0.00 static 0.446 pr 3.0 | sent 1:0.63 10:0.57 100:0.6 1000:0.6 2000:0.61 | 40.6s
ex16|tanh|0.1|mnist|0.0|1|50|code: alive shape decaying ratio 0.0104 silent 0.04 resting 0.58 active 0.01 move 1.14 lock 0.00 static 0.420 pr 9.1 | sent 1:0.62 10:0.0069 100:0.007 1000:0.0074 2000:0.0065 | 35.4s
ex16|tanh|0.1|mnist|0.9|1|50|code: alive shape flat ratio 0.974 silent 0.00 resting 0.04 active 0.93 move 0.0213 lock 0.00 static 0.476 pr 3.1 | sent 1:0.62 10:0.56 100:0.61 1000:0.6 2000:0.61 | 36.8s
ex16|tanh|0.3|none|0.0|1|50|code: dead at step 23 shape decaying ratio 0 silent 1.00 resting 1.00 active 0.00 move 0 | sent 1:0.64 10:0.014 100:2.2e-17 1000:0 2000:0 | 40.3s
ex16|tri1.0|16.0|mnist|0.0|1|50|code: alive shape flat ratio 0.239 silent 0.25 resting 0.04 active 0.47 move 0.438 lock 0.00 static 0.909 pr 15.2 | sent 1:2.9 10:0.28 100:0.68 1000:0.67 2000:0.69 | 71.6s
ex16|tanh|0.1|none|0.9|1|50|leak: dead at step 105 shape decaying ratio 0 silent 0.01 resting 1.00 active 0.00 move 0 | sent 1:0.63 10:0.38 100:0.00015 1000:0 2000:0 | 65.7s
ex16|tri1.0|16.0|mnist|0.9|1|50|code: alive shape flat ratio 0.237 silent 0.48 resting 0.04 active 0.47 move 0.00495 lock 0.96 static 0.998 pr 2.6 | sent 1:2.9 10:0.85 100:0.68 1000:0.68 2000:0.68 | 81.1s
ex16|tanh|0.3|none|0.9|1|50|code: alive shape flat ratio 0.963 silent 0.00 resting 0.04 active 0.93 move 0.0247 lock 0.00 static 0.385 pr 2.8 | sent 1:0.64 10:0.7 100:0.62 1000:0.62 2000:0.62 | 41.3s
ex16|tanh|0.3|none|0.9|1|50|leak: dead at step 233 shape decaying ratio 0 silent 0.00 resting 1.00 active 0.00 move 0 | sent 1:0.63 10:0.4 100:0.01 1000:4.2e-16 2000:0 | 54.1s
ex16|tri1.0|16.0|none|0.9|1|50|leak: alive shape flat ratio 0.541 silent 0.48 resting 0.04 active 0.47 move 0.0016 lock 1.00 static 0.996 pr 2.0 | sent 1:1.3 10:0.93 100:0.68 1000:0.68 2000:0.68 | 94.7s
ex16|tanh|0.3|mnist|0.0|1|50|code: alive shape decaying ratio 0.0491 silent 0.04 resting 0.04 active 0.06 move 1.12 lock 0.00 static 0.393 pr 12.5 | sent 1:0.64 10:0.032 100:0.028 1000:0.029 2000:0.031 | 43.4s
ex16|tanh|0.1|mnist|0.9|1|50|leak: alive shape decaying ratio 0.00922 silent 0.00 resting 0.83 active 0.00 move 0.116 lock 0.69 static 0.980 pr 4.6 | sent 1:0.62 10:0.37 100:0.0054 1000:0.0052 2000:0.0057 | 55.1s
ex16|tanh|0.3|mnist|0.9|1|50|code: alive shape flat ratio 0.972 silent 0.00 resting 0.04 active 0.93 move 0.0234 lock 0.00 static 0.411 pr 3.3 | sent 1:0.64 10:0.69 100:0.62 1000:0.62 2000:0.62 | 43.2s
ex16|tri1.0|16.0|mnist|0.9|1|50|leak: alive shape flat ratio 0.497 silent 0.47 resting 0.04 active 0.46 move 0.00514 lock 0.96 static 0.995 pr 2.1 | sent 1:1.4 10:0.92 100:0.68 1000:0.68 2000:0.68 | 90.8s
ex16|tanh|0.3|mnist|0.9|1|50|leak: alive shape decaying ratio 0.0341 silent 0.00 resting 0.10 active 0.03 move 0.0914 lock 0.72 static 0.980 pr 4.8 | sent 1:0.62 10:0.4 100:0.023 1000:0.02 2000:0.021 | 57.7s
ex16|tanh|1.0|none|0.0|1|50|code: alive shape flat ratio 0.847 silent 0.04 resting 0.04 active 0.92 move 1.41 lock 0.00 static 0.003 pr 19.8 | sent 1:0.72 10:0.61 100:0.62 1000:0.61 2000:0.61 | 43.7s
ex16|tanh|1.0|none|0.9|1|50|code: alive shape flat ratio 0.868 silent 0.00 resting 0.04 active 0.93 move 0.0224 lock 0.00 static 0.370 pr 3.3 | sent 1:0.72 10:0.72 100:0.62 1000:0.62 2000:0.62 | 48.4s
ex16|tanh|1.0|mnist|0.0|1|50|code: alive shape flat ratio 0.841 silent 0.04 resting 0.04 active 0.93 move 1.38 lock 0.00 static 0.020 pr 19.9 | sent 1:0.72 10:0.61 100:0.61 1000:0.61 2000:0.6 | 42.9s
ex16|tanh|1.0|mnist|0.9|1|50|code: alive shape flat ratio 0.865 silent 0.00 resting 0.04 active 0.93 move 0.0223 lock 0.00 static 0.433 pr 2.8 | sent 1:0.72 10:0.72 100:0.62 1000:0.62 2000:0.62 | 40.3s
ex16|tanh|1.0|none|0.9|1|50|leak: alive shape flat ratio 0.958 silent 0.00 resting 0.04 active 0.92 move 0.0183 lock 0.00 static 0.451 pr 3.0 | sent 1:0.63 10:0.57 100:0.6 1000:0.6 2000:0.61 | 56.6s
ex16|tanh|2.0|none|0.0|1|50|code: alive shape flat ratio 0.784 silent 0.04 resting 0.04 active 0.93 move 1.39 lock 0.00 static 0.003 pr 19.9 | sent 1:0.79 10:0.62 100:0.62 1000:0.62 2000:0.62 | 42.1s
ex16|tanh|2.0|none|0.9|1|50|code: alive shape flat ratio 0.793 silent 0.00 resting 0.04 active 0.93 move 0.0268 lock 0.00 static 0.248 pr 3.1 | sent 1:0.79 10:0.72 100:0.62 1000:0.62 2000:0.62 | 44.5s
ex16|tanh|1.0|mnist|0.9|1|50|leak: alive shape flat ratio 0.968 silent 0.00 resting 0.04 active 0.92 move 0.0192 lock 0.00 static 0.581 pr 3.1 | sent 1:0.63 10:0.56 100:0.61 1000:0.61 2000:0.61 | 59.7s
ex16|tanh|4.0|none|0.0|1|50|code: alive shape flat ratio 0.732 silent 0.04 resting 0.04 active 0.93 move 1.4 lock 0.00 static 0.002 pr 19.8 | sent 1:0.84 10:0.63 100:0.62 1000:0.62 2000:0.62 | 43.1s
ex16|tanh|2.0|mnist|0.0|1|50|code: alive shape flat ratio 0.784 silent 0.04 resting 0.04 active 0.93 move 1.39 lock 0.00 static 0.018 pr 20.0 | sent 1:0.79 10:0.61 100:0.62 1000:0.62 2000:0.62 | 44.6s
ex16|tanh|2.0|none|0.9|1|50|leak: alive shape flat ratio 0.976 silent 0.00 resting 0.04 active 0.93 move 0.0241 lock 0.00 static 0.419 pr 3.3 | sent 1:0.64 10:0.67 100:0.62 1000:0.62 2000:0.62 | 55.3s
ex16|tanh|2.0|mnist|0.9|1|50|code: alive shape flat ratio 0.789 silent 0.00 resting 0.04 active 0.93 move 0.0175 lock 0.00 static 0.585 pr 3.3 | sent 1:0.79 10:0.72 100:0.62 1000:0.62 2000:0.62 | 46.0s
ex16|tanh|4.0|none|0.9|1|50|code: alive shape flat ratio 0.736 silent 0.00 resting 0.04 active 0.93 move 0.0228 lock 0.00 static 0.395 pr 3.0 | sent 1:0.84 10:0.72 100:0.62 1000:0.62 2000:0.62 | 45.2s
ex16|tanh|2.0|mnist|0.9|1|50|leak: alive shape flat ratio 0.976 silent 0.00 resting 0.04 active 0.93 move 0.02 lock 0.00 static 0.612 pr 3.3 | sent 1:0.64 10:0.67 100:0.62 1000:0.62 2000:0.62 | 50.1s
ex16|tanh|4.0|mnist|0.0|1|50|code: alive shape flat ratio 0.734 silent 0.04 resting 0.04 active 0.93 move 1.43 lock 0.00 static 0.017 pr 19.9 | sent 1:0.85 10:0.62 100:0.62 1000:0.62 2000:0.62 | 38.5s
ex16|tanh|4.0|mnist|0.9|1|50|code: alive shape flat ratio 0.736 silent 0.00 resting 0.04 active 0.93 move 0.0227 lock 0.00 static 0.420 pr 2.7 | sent 1:0.85 10:0.72 100:0.62 1000:0.62 2000:0.62 | 42.5s
ex16|tanh|4.0|none|0.9|1|50|leak: alive shape flat ratio 0.953 silent 0.00 resting 0.04 active 0.93 move 0.0185 lock 0.00 static 0.577 pr 3.2 | sent 1:0.65 10:0.71 100:0.62 1000:0.62 2000:0.62 | 62.1s
ex16|tanh|16.0|none|0.0|1|50|code: alive shape flat ratio 0.695 silent 0.04 resting 0.04 active 0.93 move 1.39 lock 0.00 static 0.004 pr 19.7 | sent 1:0.89 10:0.63 100:0.62 1000:0.62 2000:0.62 | 44.9s
ex16|tanh|16.0|none|0.9|1|50|code: alive shape flat ratio 0.695 silent 0.00 resting 0.04 active 0.93 move 0.0283 lock 0.00 static 0.273 pr 3.5 | sent 1:0.89 10:0.72 100:0.62 1000:0.62 2000:0.62 | 45.1s
ex16|tanh|16.0|mnist|0.9|1|50|code: alive shape flat ratio 0.692 silent 0.00 resting 0.04 active 0.93 move 0.0233 lock 0.00 static 0.337 pr 3.2 | sent 1:0.9 10:0.72 100:0.62 1000:0.63 2000:0.62 | 35.6s
ex16|tanh|4.0|mnist|0.9|1|50|leak: alive shape flat ratio 0.942 silent 0.00 resting 0.04 active 0.93 move 0.0258 lock 0.00 static 0.381 pr 3.4 | sent 1:0.66 10:0.7 100:0.62 1000:0.62 2000:0.62 | 60.5s
ex16|tanh|16.0|mnist|0.0|1|50|code: alive shape flat ratio 0.687 silent 0.04 resting 0.04 active 0.93 move 1.41 lock 0.00 static 0.020 pr 19.9 | sent 1:0.9 10:0.62 100:0.62 1000:0.62 2000:0.62 | 46.0s
ex16|tanh|16.0|none|0.9|1|50|leak: alive shape flat ratio 0.813 silent 0.00 resting 0.04 active 0.93 move 0.0297 lock 0.00 static 0.317 pr 3.5 | sent 1:0.76 10:0.72 100:0.62 1000:0.62 2000:0.62 | 51.1s
ex16|sig4_0|0.1|none|0.0|1|50|code: fixed shape flat ratio 0.794 silent 0.00 resting 0.04 active 0.61 move 7.56e-08 | sent 1:0.65 10:0.51 100:0.51 1000:0.51 2000:0.51 | 52.3s
ex16|sig4_0|0.1|none|0.9|1|50|code: fixed shape flat ratio 0.988 silent 0.00 resting 0.03 active 0.93 move 5.22e-09 | sent 1:0.65 10:0.64 100:0.64 1000:0.64 2000:0.64 | 57.9s
ex16|tanh|16.0|mnist|0.9|1|50|leak: alive shape flat ratio 0.805 silent 0.00 resting 0.04 active 0.93 move 0.0229 lock 0.00 static 0.524 pr 3.2 | sent 1:0.77 10:0.72 100:0.62 1000:0.62 2000:0.62 | 53.7s
ex16|sig4_0|0.3|none|0.0|1|50|code: fixed shape flat ratio 0.875 silent 0.00 resting 0.03 active 0.85 move 1.24e-07 | sent 1:0.65 10:0.57 100:0.57 1000:0.57 2000:0.57 | 68.7s
ex16|sig4_0|0.1|none|0.9|1|50|leak: fixed shape flat ratio 0.796 silent 0.00 resting 0.04 active 0.61 move 0 | sent 1:0.64 10:0.58 100:0.51 1000:0.51 2000:0.51 | 75.2s
ex16|sig4_0|0.3|none|0.9|1|50|code: fixed shape flat ratio 0.986 silent 0.00 resting 0.03 active 0.93 move 7.78e-09 | sent 1:0.65 10:0.66 100:0.64 1000:0.64 2000:0.64 | 75.2s
ex16|sig4_0|0.1|mnist|0.0|1|50|code: alive shape flat ratio 0.799 silent 0.00 resting 0.03 active 0.61 move 0.0744 lock 0.81 static 1.000 pr 8.9 | sent 1:0.64 10:0.51 100:0.51 1000:0.51 2000:0.51 | 76.4s
ex16|sig4_0|0.1|mnist|0.9|1|50|code: alive shape flat ratio 0.995 silent 0.00 resting 0.03 active 0.93 move 0.00494 lock 0.96 static 1.000 pr 4.3 | sent 1:0.64 10:0.64 100:0.64 1000:0.64 2000:0.64 | 81.2s
ex16|sig4_0|0.1|mnist|0.9|1|50|leak: alive shape flat ratio 0.8 silent 0.00 resting 0.04 active 0.61 move 0.00518 lock 0.96 static 1.000 pr 4.6 | sent 1:0.64 10:0.58 100:0.51 1000:0.51 2000:0.51 | 82.7s
ex16|sig4_0|0.3|none|0.9|1|50|leak: fixed shape flat ratio 0.881 silent 0.00 resting 0.03 active 0.85 move 0 | sent 1:0.64 10:0.6 100:0.57 1000:0.57 2000:0.57 | 83.7s
ex16|sig4_0|0.3|mnist|0.0|1|50|code: alive shape flat ratio 0.88 silent 0.00 resting 0.03 active 0.85 move 0.0761 lock 0.36 static 1.000 pr 9.5 | sent 1:0.65 10:0.57 100:0.57 1000:0.57 2000:0.57 | 71.4s
ex16|sig4_0|1.0|none|0.0|1|50|code: fixed shape flat ratio 0.96 silent 0.00 resting 0.03 active 0.93 move 1.79e-07 | sent 1:0.66 10:0.64 100:0.64 1000:0.64 2000:0.64 | 70.4s
ex16|sig4_0|0.3|mnist|0.9|1|50|code: alive shape flat ratio 0.991 silent 0.00 resting 0.03 active 0.93 move 0.00515 lock 0.96 static 1.000 pr 4.1 | sent 1:0.65 10:0.66 100:0.64 1000:0.64 2000:0.64 | 73.1s
ex16|sig4_0|1.0|none|0.9|1|50|code: fixed shape flat ratio 0.963 silent 0.00 resting 0.03 active 0.93 move 0 | sent 1:0.66 10:0.66 100:0.64 1000:0.64 2000:0.64 | 76.0s
ex16|sig4_0|1.0|none|0.9|1|50|leak: fixed shape flat ratio 0.988 silent 0.00 resting 0.03 active 0.93 move 0 | sent 1:0.65 10:0.64 100:0.64 1000:0.64 2000:0.64 | 80.3s
ex16|sig4_0|1.0|mnist|0.0|1|50|code: alive shape flat ratio 0.963 silent 0.00 resting 0.03 active 0.93 move 0.108 lock 0.01 static 0.998 pr 10.4 | sent 1:0.66 10:0.64 100:0.64 1000:0.64 2000:0.64 | 63.3s
ex16|sig4_0|0.3|mnist|0.9|1|50|leak: alive shape flat ratio 0.887 silent 0.00 resting 0.03 active 0.85 move 0.00469 lock 0.96 static 1.000 pr 4.4 | sent 1:0.64 10:0.59 100:0.57 1000:0.57 2000:0.57 | 86.2s
ex16|sig4_0|1.0|mnist|0.9|1|50|code: alive shape flat ratio 0.965 silent 0.00 resting 0.03 active 0.93 move 0.00515 lock 0.96 static 1.000 pr 4.1 | sent 1:0.66 10:0.66 100:0.64 1000:0.64 2000:0.64 | 66.4s
ex16|sig4_0|2.0|none|0.0|1|50|code: fixed shape flat ratio 0.945 silent 0.00 resting 0.03 active 0.93 move 1.91e-07 | sent 1:0.68 10:0.64 100:0.64 1000:0.64 2000:0.64 | 64.9s
ex16|sig4_0|2.0|none|0.9|1|50|code: fixed shape flat ratio 0.945 silent 0.00 resting 0.03 active 0.93 move 5.09e-09 | sent 1:0.68 10:0.66 100:0.64 1000:0.64 2000:0.64 | 71.0s
ex16|sig4_0|1.0|mnist|0.9|1|50|leak: alive shape flat ratio 0.995 silent 0.00 resting 0.03 active 0.93 move 0.00494 lock 0.96 static 1.000 pr 4.3 | sent 1:0.64 10:0.64 100:0.64 1000:0.64 2000:0.64 | 85.9s
ex16|sig4_0|2.0|mnist|0.0|1|50|code: alive shape flat ratio 0.947 silent 0.00 resting 0.03 active 0.93 move 0.111 lock 0.01 static 0.998 pr 10.5 | sent 1:0.68 10:0.64 100:0.64 1000:0.64 2000:0.64 | 60.6s
ex16|sig4_0|4.0|none|0.0|1|50|code: fixed shape flat ratio 0.932 silent 0.00 resting 0.03 active 0.93 move 1.93e-07 | sent 1:0.69 10:0.64 100:0.64 1000:0.64 2000:0.64 | 60.4s
ex16|sig4_0|4.0|none|0.9|1|50|code: fixed shape flat ratio 0.932 silent 0.00 resting 0.03 active 0.93 move 0 | sent 1:0.69 10:0.66 100:0.64 1000:0.64 2000:0.64 | 59.7s
ex16|sig4_0|2.0|none|0.9|1|50|leak: fixed shape flat ratio 0.989 silent 0.00 resting 0.03 active 0.93 move 8.14e-09 | sent 1:0.65 10:0.65 100:0.64 1000:0.64 2000:0.64 | 78.0s
ex16|sig4_0|2.0|mnist|0.9|1|50|code: alive shape flat ratio 0.947 silent 0.00 resting 0.03 active 0.93 move 0.00515 lock 0.96 static 1.000 pr 4.1 | sent 1:0.68 10:0.66 100:0.64 1000:0.64 2000:0.64 | 61.2s
ex16|sig4_0|2.0|mnist|0.9|1|50|leak: alive shape flat ratio 0.994 silent 0.00 resting 0.03 active 0.93 move 0.00515 lock 0.96 static 1.000 pr 4.1 | sent 1:0.64 10:0.65 100:0.64 1000:0.64 2000:0.64 | 71.0s
ex16|sig4_0|16.0|none|0.0|1|50|code: fixed shape flat ratio 0.921 silent 0.00 resting 0.03 active 0.93 move 1.92e-07 | sent 1:0.69 10:0.64 100:0.64 1000:0.64 2000:0.64 | 64.0s
ex16|sig4_0|4.0|mnist|0.0|1|50|code: alive shape flat ratio 0.937 silent 0.00 resting 0.03 active 0.93 move 0.111 lock 0.01 static 0.998 pr 10.5 | sent 1:0.68 10:0.65 100:0.64 1000:0.64 2000:0.64 | 67.9s
ex16|sig4_0|4.0|mnist|0.9|1|50|code: alive shape flat ratio 0.936 silent 0.00 resting 0.03 active 0.93 move 0.00515 lock 0.96 static 1.000 pr 4.1 | sent 1:0.68 10:0.66 100:0.64 1000:0.64 2000:0.64 | 63.5s
ex16|sig4_0|4.0|none|0.9|1|50|leak: fixed shape flat ratio 0.983 silent 0.00 resting 0.03 active 0.93 move 1.54e-09 | sent 1:0.65 10:0.66 100:0.64 1000:0.64 2000:0.64 | 88.0s
ex16|sig4_0|16.0|none|0.9|1|50|code: fixed shape flat ratio 0.921 silent 0.00 resting 0.03 active 0.93 move 0 | sent 1:0.69 10:0.66 100:0.64 1000:0.64 2000:0.64 | 71.9s
ex16|sig4_0|16.0|none|0.9|1|50|leak: fixed shape flat ratio 0.95 silent 0.00 resting 0.03 active 0.93 move 8.01e-09 | sent 1:0.67 10:0.66 100:0.64 1000:0.64 2000:0.64 | 69.9s
ex16|sig4_0|4.0|mnist|0.9|1|50|leak: alive shape flat ratio 0.985 silent 0.00 resting 0.03 active 0.93 move 0.00515 lock 0.96 static 1.000 pr 4.1 | sent 1:0.65 10:0.66 100:0.64 1000:0.64 2000:0.64 | 74.7s
ex16|sig4_1|0.1|none|0.0|1|50|code: fixed shape decaying ratio 0.0513 silent 0.00 resting 0.24 active 0.00 move 0 | sent 1:0.35 10:0.018 100:0.018 1000:0.018 2000:0.018 | 51.4s
ex16|sig4_0|16.0|mnist|0.0|1|50|code: alive shape flat ratio 0.927 silent 0.00 resting 0.03 active 0.93 move 0.111 lock 0.01 static 0.998 pr 10.5 | sent 1:0.69 10:0.65 100:0.64 1000:0.64 2000:0.64 | 67.0s
ex16|sig4_0|16.0|mnist|0.9|1|50|code: alive shape flat ratio 0.926 silent 0.00 resting 0.03 active 0.93 move 0.00515 lock 0.96 static 1.000 pr 4.1 | sent 1:0.69 10:0.66 100:0.64 1000:0.64 2000:0.64 | 66.1s
ex16|sig4_1|0.1|mnist|0.0|1|50|code: alive shape decaying ratio 0.0521 silent 0.00 resting 0.22 active 0.00 move 0.993 lock 0.81 static 1.000 pr 7.9 | sent 1:0.35 10:0.018 100:0.018 1000:0.018 2000:0.018 | 47.0s
ex16|sig4_1|0.1|mnist|0.9|1|50|code: alive shape decaying ratio 0.0613 silent 0.00 resting 0.04 active 0.00 move 0.0887 lock 0.82 static 1.000 pr 3.1 | sent 1:0.35 10:0.16 100:0.021 1000:0.021 2000:0.021 | 49.1s
ex16|sig4_0|16.0|mnist|0.9|1|50|leak: alive shape flat ratio 0.95 silent 0.00 resting 0.03 active 0.93 move 0.00515 lock 0.96 static 1.000 pr 4.1 | sent 1:0.67 10:0.66 100:0.64 1000:0.64 2000:0.64 | 61.6s
ex16|sig4_1|0.1|none|0.9|1|50|code: fixed shape decaying ratio 0.0527 silent 0.00 resting 0.05 active 0.00 move 0 | sent 1:0.35 10:0.17 100:0.018 1000:0.018 2000:0.018 | 70.3s
ex16|sig4_1|0.1|mnist|0.9|1|50|leak: alive shape decaying ratio 0.0522 silent 0.00 resting 0.23 active 0.00 move 0.0925 lock 0.96 static 1.000 pr 4.3 | sent 1:0.34 10:0.11 100:0.018 1000:0.018 2000:0.018 | 52.1s
ex16|sig4_1|0.3|none|0.9|1|50|leak: fixed shape decaying ratio 0.0515 silent 0.00 resting 0.10 active 0.00 move 0 | sent 1:0.35 10:0.11 100:0.018 1000:0.018 2000:0.018 | 49.9s
ex16|sig4_1|0.1|none|0.9|1|50|leak: fixed shape decaying ratio 0.0514 silent 0.00 resting 0.24 active 0.00 move 0 | sent 1:0.35 10:0.11 100:0.018 1000:0.018 2000:0.018 | 90.0s
ex16|sig4_1|0.3|none|0.0|1|50|code: fixed shape decaying ratio 0.0507 silent 0.00 resting 0.10 active 0.00 move 0 | sent 1:0.36 10:0.018 100:0.018 1000:0.018 2000:0.018 | 70.5s
ex16|sig4_1|0.3|mnist|0.9|1|50|leak: alive shape decaying ratio 0.0526 silent 0.00 resting 0.09 active 0.00 move 0.0922 lock 0.96 static 1.000 pr 4.4 | sent 1:0.35 10:0.11 100:0.018 1000:0.018 2000:0.018 | 49.2s
ex16|sig4_1|1.0|none|0.9|1|50|code: alive shape flat ratio 0.883 silent 0.00 resting 0.03 active 0.36 move 0.0125 lock 0.21 static 0.876 pr 3.2 | sent 1:0.39 10:0.44 100:0.35 1000:0.35 2000:0.35 | 42.2s
ex16|sig4_1|1.0|mnist|0.0|1|50|code: alive shape decaying ratio 0.0644 silent 0.00 resting 0.03 active 0.01 move 0.999 lock 0.16 static 0.988 pr 6.4 | sent 1:0.39 10:0.024 100:0.026 1000:0.026 2000:0.025 | 39.1s
ex16|sig4_1|1.0|mnist|0.9|1|50|code: alive shape flat ratio 0.891 silent 0.00 resting 0.03 active 0.36 move 0.018 lock 0.02 static 0.846 pr 3.8 | sent 1:0.39 10:0.45 100:0.34 1000:0.35 2000:0.35 | 42.6s
ex16|sig4_1|2.0|none|0.0|1|50|code: alive shape flat ratio 0.748 silent 0.00 resting 0.03 active 0.35 move 0.838 lock 0.01 static 0.675 pr 16.7 | sent 1:0.45 10:0.32 100:0.33 1000:0.33 2000:0.34 | 38.9s
ex16|sig4_1|0.3|none|0.9|1|50|code: alive shape flat ratio 0.989 silent 0.00 resting 0.03 active 0.36 move 0.0151 lock 0.04 static 0.869 pr 3.6 | sent 1:0.36 10:0.38 100:0.34 1000:0.35 2000:0.35 | 76.5s
ex16|sig4_1|0.3|mnist|0.0|1|50|code: alive shape decaying ratio 0.0518 silent 0.00 resting 0.09 active 0.00 move 0.991 lock 0.75 static 1.000 pr 8.3 | sent 1:0.35 10:0.018 100:0.018 1000:0.018 2000:0.018 | 72.0s
ex16|sig4_1|1.0|mnist|0.9|1|50|leak: alive shape decaying ratio 0.0609 silent 0.00 resting 0.04 active 0.00 move 0.0887 lock 0.82 static 1.000 pr 3.1 | sent 1:0.35 10:0.16 100:0.021 1000:0.021 2000:0.021 | 49.0s
ex16|sig4_1|1.0|none|0.0|1|50|code: fixed shape decaying ratio 0.047 silent 0.00 resting 0.05 active 0.00 move 7.03e-08 | sent 1:0.39 10:0.018 100:0.018 1000:0.018 2000:0.018 | 71.3s
ex16|sig4_1|2.0|mnist|0.0|1|50|code: alive shape flat ratio 0.748 silent 0.00 resting 0.03 active 0.35 move 0.865 lock 0.01 static 0.634 pr 17.3 | sent 1:0.45 10:0.31 100:0.33 1000:0.33 2000:0.34 | 39.1s
ex16|sig4_1|0.3|mnist|0.9|1|50|code: alive shape flat ratio 0.986 silent 0.00 resting 0.03 active 0.36 move 0.0159 lock 0.02 static 0.822 pr 3.3 | sent 1:0.35 10:0.38 100:0.34 1000:0.34 2000:0.35 | 76.7s
ex16|sig4_1|2.0|none|0.9|1|50|leak: alive shape flat ratio 0.959 silent 0.00 resting 0.03 active 0.36 move 0.0144 lock 0.06 static 0.863 pr 3.6 | sent 1:0.35 10:0.3 100:0.33 1000:0.33 2000:0.34 | 48.1s
ex16|sig4_1|1.0|none|0.9|1|50|leak: fixed shape decaying ratio 0.0527 silent 0.00 resting 0.05 active 0.00 move 0 | sent 1:0.35 10:0.17 100:0.018 1000:0.018 2000:0.018 | 86.2s
ex16|sig4_1|4.0|none|0.0|1|50|code: alive shape flat ratio 0.658 silent 0.00 resting 0.03 active 0.36 move 0.813 lock 0.01 static 0.682 pr 16.7 | sent 1:0.52 10:0.31 100:0.35 1000:0.34 2000:0.34 | 39.0s
ex16|sig4_1|4.0|none|0.9|1|50|code: alive shape flat ratio 0.666 silent 0.00 resting 0.03 active 0.36 move 0.0119 lock 0.21 static 0.896 pr 3.2 | sent 1:0.52 10:0.45 100:0.35 1000:0.35 2000:0.35 | 42.5s
ex16|sig4_1|4.0|mnist|0.0|1|50|code: alive shape flat ratio 0.677 silent 0.00 resting 0.03 active 0.36 move 0.867 lock 0.01 static 0.648 pr 17.4 | sent 1:0.52 10:0.31 100:0.35 1000:0.35 2000:0.35 | 38.9s
ex16|sig4_1|2.0|none|0.9|1|50|code: alive shape flat ratio 0.763 silent 0.00 resting 0.03 active 0.36 move 0.0145 lock 0.09 static 0.869 pr 3.4 | sent 1:0.45 10:0.45 100:0.34 1000:0.35 2000:0.35 | 74.7s
ex16|sig4_1|4.0|none|0.9|1|50|leak: alive shape flat ratio 0.975 silent 0.00 resting 0.03 active 0.36 move 0.0135 lock 0.06 static 0.872 pr 3.6 | sent 1:0.36 10:0.41 100:0.35 1000:0.35 2000:0.35 | 48.7s
ex16|sig4_1|4.0|mnist|0.9|1|50|code: alive shape flat ratio 0.667 silent 0.00 resting 0.03 active 0.37 move 0.0171 lock 0.02 static 0.836 pr 3.6 | sent 1:0.52 10:0.45 100:0.35 1000:0.35 2000:0.35 | 42.1s
ex16|sig4_1|16.0|none|0.9|1|50|code: alive shape flat ratio 0.579 silent 0.00 resting 0.03 active 0.36 move 0.0109 lock 0.71 static 0.899 pr 2.8 | sent 1:0.6 10:0.44 100:0.35 1000:0.35 2000:0.35 | 42.0s
ex16|sig4_1|16.0|mnist|0.0|1|50|code: alive shape flat ratio 0.591 silent 0.00 resting 0.03 active 0.36 move 0.865 lock 0.01 static 0.645 pr 17.4 | sent 1:0.6 10:0.31 100:0.34 1000:0.35 2000:0.35 | 39.3s
ex16|sig4_1|2.0|mnist|0.9|1|50|code: alive shape flat ratio 0.768 silent 0.00 resting 0.03 active 0.36 move 0.0167 lock 0.02 static 0.828 pr 3.4 | sent 1:0.45 10:0.45 100:0.34 1000:0.35 2000:0.35 | 76.7s
ex16|step0|0.1|none|0.9|1|50|code: alive shape flat ratio 1 silent 0.34 resting 0.03 active 0.49 move 0.0238 lock 0.01 static 0.923 pr 5.4 | sent 1:0.71 10:0.71 100:0.72 1000:0.71 2000:0.71 | 34.3s
ex16|sig4_1|16.0|mnist|0.9|1|50|leak: alive shape flat ratio 0.794 silent 0.00 resting 0.03 active 0.36 move 0.0191 lock 0.01 static 0.808 pr 3.5 | sent 1:0.44 10:0.45 100:0.34 1000:0.35 2000:0.35 | 48.9s
ex16|step0|0.1|mnist|0.0|1|50|code: alive shape flat ratio 1.02 silent 0.11 resting 0.03 active 0.48 move 0.623 lock 0.01 static 0.803 pr 18.4 | sent 1:0.71 10:0.73 100:0.72 1000:0.72 2000:0.72 | 33.2s
ex16|sig4_1|2.0|mnist|0.9|1|50|leak: alive shape flat ratio 0.95 silent 0.00 resting 0.03 active 0.36 move 0.0168 lock 0.03 static 0.833 pr 3.6 | sent 1:0.35 10:0.3 100:0.33 1000:0.33 2000:0.34 | 88.7s
ex16|sig4_1|16.0|none|0.0|1|50|code: alive shape flat ratio 0.573 silent 0.00 resting 0.03 active 0.36 move 0.807 lock 0.01 static 0.682 pr 16.8 | sent 1:0.6 10:0.32 100:0.35 1000:0.34 2000:0.35 | 70.9s
ex16|step0|0.1|none|0.9|1|50|leak: alive shape flat ratio 0.995 silent 0.34 resting 0.03 active 0.49 move 0.0234 lock 0.01 static 0.916 pr 5.5 | sent 1:0.71 10:0.71 100:0.71 1000:0.71 2000:0.71 | 42.6s
ex16|step0|0.3|none|0.0|1|50|code: alive shape flat ratio 1.01 silent 0.11 resting 0.03 active 0.48 move 0.623 lock 0.01 static 0.805 pr 18.3 | sent 1:0.71 10:0.72 100:0.72 1000:0.72 2000:0.72 | 33.2s
ex16|step0|0.3|none|0.9|1|50|code: alive shape flat ratio 1 silent 0.35 resting 0.03 active 0.49 move 0.0234 lock 0.01 static 0.918 pr 5.4 | sent 1:0.71 10:0.71 100:0.71 1000:0.71 2000:0.71 | 35.1s
ex16|step0|0.1|mnist|0.9|1|50|leak: alive shape flat ratio 1 silent 0.35 resting 0.03 active 0.49 move 0.023 lock 0.01 static 0.922 pr 5.3 | sent 1:0.71 10:0.71 100:0.71 1000:0.71 2000:0.71 | 43.1s
ex16|step0|0.1|none|0.0|1|50|code: alive shape flat ratio 1.01 silent 0.11 resting 0.03 active 0.48 move 0.626 lock 0.01 static 0.805 pr 18.3 | sent 1:0.71 10:0.72 100:0.72 1000:0.72 2000:0.72 | 61.3s
ex16|sig4_1|4.0|mnist|0.9|1|50|leak: alive shape flat ratio 0.953 silent 0.00 resting 0.03 active 0.36 move 0.0175 lock 0.05 static 0.850 pr 3.7 | sent 1:0.36 10:0.41 100:0.34 1000:0.35 2000:0.35 | 88.6s
ex16|sig4_1|16.0|mnist|0.9|1|50|code: alive shape flat ratio 0.583 silent 0.00 resting 0.03 active 0.36 move 0.0157 lock 0.16 static 0.852 pr 2.9 | sent 1:0.6 10:0.45 100:0.35 1000:0.35 2000:0.35 | 77.6s
ex16|sig4_1|16.0|none|0.9|1|50|leak: alive shape flat ratio 0.794 silent 0.00 resting 0.03 active 0.36 move 0.0131 lock 0.07 static 0.861 pr 3.3 | sent 1:0.43 10:0.45 100:0.35 1000:0.34 2000:0.34 | 88.1s
ex16|step0|0.3|none|0.9|1|50|leak: alive shape flat ratio 0.999 silent 0.34 resting 0.03 active 0.49 move 0.0238 lock 0.01 static 0.919 pr 5.4 | sent 1:0.71 10:0.71 100:0.71 1000:0.71 2000:0.71 | 43.2s
ex16|step0|0.3|mnist|0.9|1|50|code: alive shape flat ratio 1 silent 0.35 resting 0.03 active 0.49 move 0.0242 lock 0.01 static 0.926 pr 5.4 | sent 1:0.71 10:0.72 100:0.71 1000:0.71 2000:0.71 | 36.1s
ex16|step0|0.1|mnist|0.9|1|50|code: alive shape flat ratio 1 silent 0.35 resting 0.03 active 0.49 move 0.0241 lock 0.01 static 0.924 pr 5.6 | sent 1:0.71 10:0.71 100:0.71 1000:0.71 2000:0.71 | 65.8s
ex16|step0|1.0|none|0.0|1|50|code: alive shape flat ratio 1.01 silent 0.11 resting 0.03 active 0.48 move 0.633 lock 0.01 static 0.806 pr 18.3 | sent 1:0.72 10:0.72 100:0.72 1000:0.72 2000:0.72 | 34.1s
ex16|step0|0.3|mnist|0.9|1|50|leak: alive shape flat ratio 1 silent 0.36 resting 0.03 active 0.49 move 0.0228 lock 0.02 static 0.925 pr 5.5 | sent 1:0.71 10:0.71 100:0.71 1000:0.71 2000:0.71 | 43.3s
ex16|step0|1.0|mnist|0.0|1|50|code: alive shape flat ratio 1.01 silent 0.11 resting 0.03 active 0.48 move 0.636 lock 0.01 static 0.807 pr 18.4 | sent 1:0.72 10:0.72 100:0.72 1000:0.72 2000:0.72 | 33.9s
ex16|step0|1.0|mnist|0.9|1|50|code: alive shape flat ratio 0.992 silent 0.35 resting 0.03 active 0.50 move 0.0245 lock 0.02 static 0.923 pr 5.4 | sent 1:0.72 10:0.71 100:0.71 1000:0.71 2000:0.71 | 35.6s
ex16|step0|2.0|none|0.0|1|50|code: alive shape flat ratio 0.998 silent 0.11 resting 0.03 active 0.48 move 0.637 lock 0.01 static 0.807 pr 18.3 | sent 1:0.72 10:0.72 100:0.72 1000:0.72 2000:0.72 | 33.8s
ex16|step0|0.3|mnist|0.0|1|50|code: alive shape flat ratio 1.01 silent 0.11 resting 0.03 active 0.48 move 0.622 lock 0.01 static 0.804 pr 18.4 | sent 1:0.71 10:0.72 100:0.72 1000:0.72 2000:0.72 | 64.9s
ex16|step0|1.0|mnist|0.9|1|50|leak: alive shape flat ratio 1 silent 0.34 resting 0.03 active 0.49 move 0.0247 lock 0.01 static 0.923 pr 5.5 | sent 1:0.71 10:0.71 100:0.71 1000:0.71 2000:0.71 | 43.8s
ex16|step0|4.0|none|0.0|1|50|code: alive shape flat ratio 1.02 silent 0.11 resting 0.03 active 0.48 move 0.638 lock 0.01 static 0.807 pr 18.3 | sent 1:0.71 10:0.72 100:0.72 1000:0.72 2000:0.73 | 33.8s
ex16|step0|1.0|none|0.9|1|50|code: alive shape flat ratio 0.995 silent 0.34 resting 0.03 active 0.49 move 0.0241 lock 0.01 static 0.920 pr 5.3 | sent 1:0.72 10:0.71 100:0.71 1000:0.71 2000:0.71 | 66.3s
ex16|step0|2.0|mnist|0.9|1|50|leak: alive shape flat ratio 1 silent 0.35 resting 0.03 active 0.50 move 0.0241 lock 0.01 static 0.921 pr 5.4 | sent 1:0.71 10:0.71 100:0.71 1000:0.71 2000:0.71 | 44.1s
ex16|step0|4.0|mnist|0.0|1|50|code: alive shape flat ratio 1.02 silent 0.11 resting 0.03 active 0.48 move 0.637 lock 0.01 static 0.804 pr 18.5 | sent 1:0.71 10:0.72 100:0.72 1000:0.72 2000:0.72 | 33.9s
ex16|step0|4.0|mnist|0.9|1|50|code: alive shape flat ratio 1.01 silent 0.35 resting 0.03 active 0.49 move 0.0241 lock 0.01 static 0.924 pr 5.4 | sent 1:0.71 10:0.71 100:0.71 1000:0.71 2000:0.71 | 35.5s
ex16|step0|4.0|none|0.9|1|50|leak: alive shape flat ratio 0.995 silent 0.34 resting 0.03 active 0.50 move 0.0245 lock 0.01 static 0.915 pr 5.4 | sent 1:0.71 10:0.71 100:0.71 1000:0.71 2000:0.71 | 42.7s
ex16|step0|1.0|none|0.9|1|50|leak: alive shape flat ratio 1 silent 0.34 resting 0.03 active 0.49 move 0.0246 lock 0.01 static 0.921 pr 5.5 | sent 1:0.71 10:0.71 100:0.72 1000:0.71 2000:0.72 | 80.8s
ex16|step0|2.0|none|0.9|1|50|code: alive shape flat ratio 0.989 silent 0.34 resting 0.03 active 0.49 move 0.0242 lock 0.01 static 0.921 pr 5.2 | sent 1:0.72 10:0.71 100:0.71 1000:0.71 2000:0.71 | 66.6s
ex16|step0|16.0|none|0.0|1|50|code: alive shape flat ratio 1.01 silent 0.11 resting 0.03 active 0.48 move 0.634 lock 0.01 static 0.806 pr 18.3 | sent 1:0.71 10:0.72 100:0.72 1000:0.72 2000:0.72 | 33.5s
ex16|step0|2.0|mnist|0.0|1|50|code: alive shape flat ratio 1.01 silent 0.11 resting 0.03 active 0.48 move 0.639 lock 0.01 static 0.805 pr 18.5 | sent 1:0.71 10:0.73 100:0.72 1000:0.72 2000:0.72 | 64.1s
ex16|step0|4.0|mnist|0.9|1|50|leak: alive shape flat ratio 0.996 silent 0.35 resting 0.03 active 0.50 move 0.0237 lock 0.01 static 0.926 pr 5.6 | sent 1:0.71 10:0.71 100:0.71 1000:0.71 2000:0.71 | 43.9s
ex16|step0|2.0|mnist|0.9|1|50|code: alive shape flat ratio 0.999 silent 0.35 resting 0.03 active 0.49 move 0.0237 lock 0.01 static 0.922 pr 5.4 | sent 1:0.71 10:0.71 100:0.71 1000:0.71 2000:0.71 | 66.0s
ex16|step0|2.0|none|0.9|1|50|leak: alive shape flat ratio 0.994 silent 0.34 resting 0.03 active 0.50 move 0.0243 lock 0.01 static 0.915 pr 5.5 | sent 1:0.71 10:0.71 100:0.71 1000:0.71 2000:0.71 | 78.9s
ex16|step0|16.0|none|0.9|1|50|leak: alive shape flat ratio 0.997 silent 0.35 resting 0.03 active 0.49 move 0.0236 lock 0.01 static 0.918 pr 5.2 | sent 1:0.72 10:0.71 100:0.71 1000:0.71 2000:0.71 | 43.1s
ex16|step0|16.0|mnist|0.0|1|50|code: alive shape flat ratio 1.02 silent 0.10 resting 0.03 active 0.48 move 0.644 lock 0.01 static 0.803 pr 18.4 | sent 1:0.71 10:0.72 100:0.72 1000:0.73 2000:0.72 | 33.7s
ex16|step0|4.0|none|0.9|1|50|code: alive shape flat ratio 1 silent 0.34 resting 0.03 active 0.49 move 0.0242 lock 0.01 static 0.920 pr 5.5 | sent 1:0.71 10:0.71 100:0.71 1000:0.71 2000:0.71 | 66.8s
ex16|step0.5|0.1|none|0.0|1|50|code: dead at step 3 shape decaying ratio 0 silent 1.00 resting 1.00 active 0.00 move 0 | sent 1:0.57 10:0 100:0 1000:0 2000:0 | 33.7s
ex16|step0|16.0|mnist|0.9|1|50|leak: alive shape flat ratio 0.991 silent 0.35 resting 0.03 active 0.49 move 0.0241 lock 0.01 static 0.924 pr 5.6 | sent 1:0.72 10:0.71 100:0.71 1000:0.71 2000:0.71 | 43.9s
ex16|step0.5|0.1|none|0.9|1|50|code: alive shape flat ratio 0.938 silent 0.49 resting 0.04 active 0.29 move 0.0366 lock 0.00 static 0.784 pr 5.5 | sent 1:0.57 10:0.51 100:0.53 1000:0.53 2000:0.53 | 35.2s
ex16|step0.5|0.1|none|0.9|1|50|leak: dead at step 90 shape decaying ratio 0 silent 1.00 resting 1.00 active 0.00 move 0 | sent 1:0.57 10:0.35 100:0 1000:0 2000:0 | 43.1s
ex16|step0|16.0|none|0.9|1|50|code: alive shape flat ratio 1 silent 0.35 resting 0.03 active 0.49 move 0.0228 lock 0.01 static 0.920 pr 5.4 | sent 1:0.71 10:0.71 100:0.71 1000:0.71 2000:0.72 | 65.8s
ex16|step0.5|0.3|none|0.9|1|50|code: alive shape flat ratio 0.963 silent 0.48 resting 0.04 active 0.30 move 0.0368 lock 0.00 static 0.803 pr 5.5 | sent 1:0.57 10:0.59 100:0.55 1000:0.56 2000:0.55 | 35.2s
ex16|step0.5|0.1|mnist|0.9|1|50|leak: alive shape decaying ratio 0 silent 1.00 resting 0.96 active 0.00 move 0.118 lock 0.00 static 0.940 pr 10.7 | sent 1:0.55 10:0.35 100:0 1000:0 2000:0 | 43.4s
ex16|step0.5|0.3|mnist|0.9|1|50|code: alive shape flat ratio 0.979 silent 0.48 resting 0.04 active 0.31 move 0.0354 lock 0.00 static 0.813 pr 5.8 | sent 1:0.57 10:0.58 100:0.55 1000:0.55 2000:0.56 | 35.5s
ex16|step0|16.0|mnist|0.9|1|50|code: alive shape flat ratio 1 silent 0.35 resting 0.03 active 0.49 move 0.024 lock 0.01 static 0.928 pr 5.4 | sent 1:0.71 10:0.72 100:0.72 1000:0.71 2000:0.71 | 66.3s
ex16|step0.5|0.3|none|0.0|1|50|code: dead at step 6 shape decaying ratio 0 silent 1.00 resting 1.00 active 0.00 move 0 | sent 1:0.57 10:0 100:0 1000:0 2000:0 | 62.6s
ex16|step0.5|1.0|none|0.9|1|50|code: alive shape flat ratio 0.914 silent 0.47 resting 0.04 active 0.31 move 0.0372 lock 0.00 static 0.816 pr 6.0 | sent 1:0.6 10:0.6 100:0.56 1000:0.55 2000:0.55 | 34.9s
ex16|step0.5|0.3|mnist|0.9|1|50|leak: alive shape decaying ratio 0 silent 1.00 resting 0.96 active 0.00 move 0.118 lock 0.00 static 0.940 pr 10.7 | sent 1:0.55 10:0.37 100:0 1000:0 2000:0 | 43.4s
ex16|step0.5|0.1|mnist|0.0|1|50|code: alive shape decaying ratio 0 silent 1.00 resting 0.96 active 0.00 move 1.15 lock 0.00 static 0.434 pr 15.0 | sent 1:0.55 10:0 100:0 1000:0 2000:0 | 62.9s
ex16|step0.5|1.0|mnist|0.0|1|50|code: alive shape flat ratio 0.907 silent 0.10 resting 0.04 active 0.29 move 0.96 lock 0.00 static 0.544 pr 20.2 | sent 1:0.6 10:0.53 100:0.54 1000:0.54 2000:0.54 | 33.8s
ex16|step0.5|0.1|mnist|0.9|1|50|code: alive shape flat ratio 0.975 silent 0.49 resting 0.04 active 0.29 move 0.0379 lock 0.00 static 0.798 pr 5.9 | sent 1:0.55 10:0.51 100:0.54 1000:0.53 2000:0.54 | 65.8s
ex16|step0.5|1.0|mnist|0.9|1|50|code: alive shape flat ratio 0.924 silent 0.48 resting 0.04 active 0.30 move 0.0367 lock 0.00 static 0.805 pr 5.6 | sent 1:0.6 10:0.6 100:0.55 1000:0.55 2000:0.55 | 35.8s
ex16|step0.5|0.3|none|0.9|1|50|leak: dead at step 93 shape decaying ratio 0 silent 1.00 resting 1.00 active 0.00 move 0 | sent 1:0.56 10:0.38 100:0 1000:0 2000:0 | 80.2s
ex16|step0.5|1.0|none|0.9|1|50|leak: alive shape flat ratio 0.938 silent 0.49 resting 0.04 active 0.29 move 0.0366 lock 0.00 static 0.784 pr 5.5 | sent 1:0.57 10:0.51 100:0.53 1000:0.53 2000:0.53 | 43.4s
ex16|step0.5|2.0|none|0.0|1|50|code: alive shape flat ratio 0.873 silent 0.11 resting 0.04 active 0.30 move 0.935 lock 0.00 static 0.565 pr 20.1 | sent 1:0.63 10:0.55 100:0.55 1000:0.54 2000:0.55 | 33.7s
ex16|step0.5|0.3|mnist|0.0|1|50|code: alive shape decaying ratio 0 silent 1.00 resting 0.96 active 0.00 move 1.15 lock 0.00 static 0.410 pr 10.3 | sent 1:0.57 10:0 100:0 1000:0 2000:0 | 63.7s
ex16|step0.5|2.0|none|0.9|1|50|code: alive shape flat ratio 0.872 silent 0.48 resting 0.04 active 0.30 move 0.0361 lock 0.00 static 0.817 pr 5.7 | sent 1:0.63 10:0.6 100:0.55 1000:0.55 2000:0.55 | 36.1s
ex16|step0.5|1.0|none|0.0|1|50|code: alive shape flat ratio 0.879 silent 0.11 resting 0.04 active 0.29 move 0.955 lock 0.00 static 0.550 pr 20.1 | sent 1:0.6 10:0.53 100:0.54 1000:0.53 2000:0.53 | 63.3s
ex16|step0.5|4.0|none|0.0|1|50|code: alive shape flat ratio 0.836 silent 0.11 resting 0.04 active 0.30 move 0.94 lock 0.00 static 0.563 pr 20.1 | sent 1:0.65 10:0.55 100:0.55 1000:0.55 2000:0.55 | 33.8s
ex16|step0.5|2.0|none|0.9|1|50|leak: alive shape flat ratio 0.973 silent 0.47 resting 0.04 active 0.31 move 0.037 lock 0.00 static 0.802 pr 5.7 | sent 1:0.57 10:0.58 100:0.56 1000:0.55 2000:0.55 | 43.4s
ex16|step0.5|2.0|mnist|0.9|1|50|leak: alive shape flat ratio 0.983 silent 0.48 resting 0.04 active 0.31 move 0.0368 lock 0.00 static 0.815 pr 5.7 | sent 1:0.56 10:0.57 100:0.55 1000:0.55 2000:0.55 | 43.7s
ex16|step0.5|4.0|mnist|0.9|1|50|code: alive shape flat ratio 0.853 silent 0.49 resting 0.04 active 0.31 move 0.0352 lock 0.00 static 0.805 pr 5.5 | sent 1:0.65 10:0.61 100:0.55 1000:0.56 2000:0.55 | 35.8s
ex16|step0.5|16.0|none|0.0|1|50|code: alive shape flat ratio 0.811 silent 0.10 resting 0.04 active 0.30 move 0.941 lock 0.00 static 0.566 pr 20.1 | sent 1:0.68 10:0.56 100:0.54 1000:0.55 2000:0.55 | 33.5s
ex16|step0.5|4.0|none|0.9|1|50|leak: alive shape flat ratio 0.962 silent 0.48 resting 0.04 active 0.30 move 0.0363 lock 0.00 static 0.827 pr 5.9 | sent 1:0.58 10:0.59 100:0.56 1000:0.55 2000:0.55 | 43.3s
ex16|step0.5|16.0|none|0.9|1|50|code: alive shape flat ratio 0.823 silent 0.49 resting 0.04 active 0.31 move 0.0354 lock 0.00 static 0.814 pr 5.6 | sent 1:0.68 10:0.6 100:0.55 1000:0.55 2000:0.56 | 35.2s
ex16|step0.5|16.0|mnist|0.0|1|50|code: alive shape flat ratio 0.832 silent 0.10 resting 0.04 active 0.30 move 0.946 lock 0.00 static 0.560 pr 20.2 | sent 1:0.67 10:0.56 100:0.55 1000:0.55 2000:0.56 | 33.9s
ex16|step0.5|2.0|mnist|0.0|1|50|code: alive shape flat ratio 0.88 silent 0.11 resting 0.04 active 0.30 move 0.946 lock 0.00 static 0.566 pr 20.2 | sent 1:0.63 10:0.55 100:0.55 1000:0.55 2000:0.55 | 62.7s
ex16|step0.5|1.0|mnist|0.9|1|50|leak: alive shape flat ratio 0.962 silent 0.49 resting 0.04 active 0.29 move 0.037 lock 0.00 static 0.788 pr 5.8 | sent 1:0.56 10:0.51 100:0.54 1000:0.54 2000:0.53 | 82.8s
ex16|step0.5|2.0|mnist|0.9|1|50|code: alive shape flat ratio 0.891 silent 0.46 resting 0.04 active 0.31 move 0.0381 lock 0.00 static 0.807 pr 5.8 | sent 1:0.63 10:0.6 100:0.55 1000:0.55 2000:0.56 | 67.2s
ex16|step1|0.1|none|0.0|1|50|code: dead at step 3 shape decaying ratio 0 silent 1.00 resting 1.00 active 0.00 move 0 | sent 1:0.4 10:0 100:0 1000:0 2000:0 | 34.0s
ex16|step0.5|4.0|none|0.9|1|50|code: alive shape flat ratio 0.839 silent 0.47 resting 0.04 active 0.30 move 0.0376 lock 0.00 static 0.805 pr 5.6 | sent 1:0.65 10:0.61 100:0.55 1000:0.55 2000:0.55 | 67.9s
ex16|step1|0.1|none|0.9|1|50|code: dead at step 94 shape decaying ratio 0 silent 1.00 resting 1.00 active 0.00 move 0 | sent 1:0.4 10:0.19 100:0 1000:0 2000:0 | 36.0s
ex16|step0.5|4.0|mnist|0.0|1|50|code: alive shape flat ratio 0.844 silent 0.11 resting 0.04 active 0.30 move 0.944 lock 0.00 static 0.561 pr 20.1 | sent 1:0.65 10:0.56 100:0.55 1000:0.56 2000:0.55 | 64.3s
ex16|step0.5|16.0|mnist|0.9|1|50|leak: alive shape flat ratio 0.884 silent 0.48 resting 0.04 active 0.31 move 0.0366 lock 0.00 static 0.813 pr 5.8 | sent 1:0.62 10:0.6 100:0.55 1000:0.55 2000:0.55 | 43.6s
ex16|step1|0.1|mnist|0.0|1|50|code: alive shape decaying ratio 0 silent 1.00 resting 0.96 active 0.00 move 1.15 lock 0.00 static 0.434 pr 15.0 | sent 1:0.4 10:0 100:0 1000:0 2000:0 | 33.8s
ex16|step1|0.1|none|0.9|1|50|leak: dead at step 90 shape decaying ratio 0 silent 1.00 resting 1.00 active 0.00 move 0 | sent 1:0.4 10:0.1 100:0 1000:0 2000:0 | 43.6s
ex16|step1|0.3|none|0.0|1|50|code: dead at step 4 shape decaying ratio 0 silent 1.00 resting 1.00 active 0.00 move 0 | sent 1:0.41 10:0 100:0 1000:0 2000:0 | 33.6s
ex16|step1|0.1|mnist|0.9|1|50|code: alive shape decaying ratio 0 silent 1.00 resting 0.96 active 0.00 move 0.118 lock 0.00 static 0.936 pr 8.1 | sent 1:0.4 10:0.19 100:0 1000:0 2000:0 | 35.9s
ex16|step0.5|16.0|mnist|0.9|1|50|code: alive shape flat ratio 0.831 silent 0.48 resting 0.04 active 0.31 move 0.0371 lock 0.00 static 0.820 pr 5.8 | sent 1:0.67 10:0.61 100:0.55 1000:0.55 2000:0.56 | 67.7s
ex16|step0.5|4.0|mnist|0.9|1|50|leak: alive shape flat ratio 0.956 silent 0.47 resting 0.04 active 0.31 move 0.037 lock 0.00 static 0.810 pr 5.8 | sent 1:0.57 10:0.59 100:0.55 1000:0.55 2000:0.55 | 82.9s
ex16|step1|0.1|mnist|0.9|1|50|leak: alive shape decaying ratio 0 silent 1.00 resting 0.96 active 0.00 move 0.118 lock 0.00 static 0.940 pr 10.7 | sent 1:0.4 10:0.098 100:0 1000:0 2000:0 | 44.3s
ex16|step0.5|16.0|none|0.9|1|50|leak: alive shape flat ratio 0.882 silent 0.49 resting 0.04 active 0.30 move 0.0359 lock 0.00 static 0.808 pr 5.6 | sent 1:0.62 10:0.6 100:0.55 1000:0.55 2000:0.55 | 81.5s
ex16|step1|1.0|none|0.0|1|50|code: dead at step 9 shape decaying ratio 0 silent 1.00 resting 1.00 active 0.00 move 0 | sent 1:0.45 10:0 100:0 1000:0 2000:0 | 33.8s
ex16|step1|0.3|mnist|0.9|1|50|code: alive shape flat ratio 0.979 silent 0.56 resting 0.04 active 0.16 move 0.0577 lock 0.00 static 0.595 pr 6.1 | sent 1:0.4 10:0.43 100:0.39 1000:0.4 2000:0.39 | 35.6s
ex16|step1|1.0|none|0.9|1|50|leak: dead at step 94 shape decaying ratio 0 silent 1.00 resting 1.00 active 0.00 move 0 | sent 1:0.4 10:0.19 100:0 1000:0 2000:0 | 43.3s
ex16|step1|1.0|mnist|0.0|1|50|code: alive shape decaying ratio 0 silent 0.99 resting 0.78 active 0.00 move 1.18 lock 0.00 static 0.018 pr 6.0 | sent 1:0.46 10:0 100:0.013 1000:0 2000:0 | 33.7s
ex16|step1|1.0|mnist|0.9|1|50|code: alive shape flat ratio 0.892 silent 0.56 resting 0.04 active 0.16 move 0.0558 lock 0.00 static 0.575 pr 6.0 | sent 1:0.46 10:0.49 100:0.4 1000:0.4 2000:0.41 | 35.5s
ex16|step1|0.3|none|0.9|1|50|code: alive shape flat ratio 0.969 silent 0.56 resting 0.04 active 0.16 move 0.0571 lock 0.00 static 0.605 pr 6.4 | sent 1:0.41 10:0.43 100:0.4 1000:0.39 2000:0.4 | 63.8s
ex16|step1|2.0|none|0.0|1|50|code: alive shape flat ratio 0.788 silent 0.07 resting 0.04 active 0.15 move 1.21 lock 0.00 static 0.276 pr 20.2 | sent 1:0.51 10:0.38 100:0.38 1000:0.39 2000:0.4 | 33.4s
ex16|step1|0.3|none|0.9|1|50|leak: dead at step 90 shape decaying ratio 0 silent 1.00 resting 1.00 active 0.00 move 0 | sent 1:0.4 10:0.11 100:0 1000:0 2000:0 | 81.5s
ex16|step1|0.3|mnist|0.0|1|50|code: alive shape decaying ratio 0 silent 1.00 resting 0.96 active 0.00 move 1.15 lock 0.00 static 0.434 pr 15.0 | sent 1:0.4 10:0 100:0 1000:0 2000:0 | 63.7s
ex16|step1|1.0|mnist|0.9|1|50|leak: alive shape decaying ratio 0 silent 1.00 resting 0.96 active 0.00 move 0.118 lock 0.00 static 0.936 pr 8.1 | sent 1:0.4 10:0.19 100:0 1000:0 2000:0 | 43.6s
ex16|step1|2.0|mnist|0.0|1|50|code: alive shape flat ratio 0.751 silent 0.07 resting 0.04 active 0.15 move 1.22 lock 0.00 static 0.274 pr 20.3 | sent 1:0.51 10:0.39 100:0.39 1000:0.4 2000:0.38 | 33.7s
ex16|step1|4.0|none|0.0|1|50|code: alive shape flat ratio 0.701 silent 0.07 resting 0.04 active 0.16 move 1.21 lock 0.00 static 0.280 pr 20.3 | sent 1:0.57 10:0.39 100:0.39 1000:0.38 2000:0.4 | 33.7s
ex16|step1|1.0|none|0.9|1|50|code: alive shape flat ratio 0.869 silent 0.55 resting 0.04 active 0.16 move 0.0574 lock 0.00 static 0.558 pr 6.1 | sent 1:0.45 10:0.49 100:0.39 1000:0.39 2000:0.39 | 67.2s
ex16|step1|2.0|mnist|0.9|1|50|leak: alive shape flat ratio 0.947 silent 0.58 resting 0.04 active 0.15 move 0.0564 lock 0.00 static 0.566 pr 6.1 | sent 1:0.4 10:0.36 100:0.38 1000:0.39 2000:0.38 | 43.4s
ex16|step1|0.3|mnist|0.9|1|50|leak: alive shape decaying ratio 0 silent 1.00 resting 0.96 active 0.00 move 0.118 lock 0.00 static 0.940 pr 10.7 | sent 1:0.39 10:0.1 100:0 1000:0 2000:0 | 83.0s
ex16|step1|4.0|none|0.9|1|50|code: alive shape flat ratio 0.7 silent 0.56 resting 0.04 active 0.15 move 0.0588 lock 0.00 static 0.580 pr 6.1 | sent 1:0.57 10:0.48 100:0.4 1000:0.39 2000:0.4 | 35.9s
ex16|step1|4.0|mnist|0.0|1|50|code: alive shape flat ratio 0.686 silent 0.07 resting 0.04 active 0.16 move 1.21 lock 0.00 static 0.281 pr 20.4 | sent 1:0.57 10:0.38 100:0.41 1000:0.4 2000:0.39 | 33.8s
ex16|step1|2.0|none|0.9|1|50|code: alive shape flat ratio 0.78 silent 0.57 resting 0.04 active 0.16 move 0.0557 lock 0.00 static 0.606 pr 6.3 | sent 1:0.51 10:0.49 100:0.4 1000:0.4 2000:0.4 | 68.2s
ex16|step1|4.0|none|0.9|1|50|leak: alive shape flat ratio 0.945 silent 0.57 resting 0.04 active 0.16 move 0.0532 lock 0.00 static 0.574 pr 6.1 | sent 1:0.42 10:0.45 100:0.39 1000:0.39 2000:0.39 | 42.6s
ex16|step1|2.0|mnist|0.9|1|50|code: alive shape flat ratio 0.784 silent 0.58 resting 0.04 active 0.15 move 0.0543 lock 0.00 static 0.558 pr 5.8 | sent 1:0.51 10:0.5 100:0.4 1000:0.39 2000:0.4 | 67.0s
ex16|step1|4.0|mnist|0.9|1|50|leak: alive shape flat ratio 0.946 silent 0.56 resting 0.04 active 0.15 move 0.0576 lock 0.00 static 0.565 pr 6.0 | sent 1:0.41 10:0.45 100:0.4 1000:0.41 2000:0.39 | 43.8s
ex16|step1|16.0|mnist|0.0|1|50|code: alive shape flat ratio 0.648 silent 0.07 resting 0.04 active 0.16 move 1.2 lock 0.00 static 0.279 pr 20.5 | sent 1:0.62 10:0.38 100:0.39 1000:0.4 2000:0.4 | 33.9s
ex16|step2|0.1|none|0.0|1|50|code: dead at step 3 shape decaying ratio 0 silent 1.00 resting 1.00 active 0.00 move 0 | sent 1:0.15 10:0 100:0 1000:0 2000:0 | 33.9s
ex16|step1|2.0|none|0.9|1|50|leak: alive shape flat ratio 0.943 silent 0.59 resting 0.04 active 0.14 move 0.0563 lock 0.00 static 0.548 pr 6.0 | sent 1:0.4 10:0.36 100:0.38 1000:0.39 2000:0.38 | 81.3s
ex16|step1|16.0|none|0.9|1|50|leak: alive shape flat ratio 0.811 silent 0.56 resting 0.04 active 0.16 move 0.056 lock 0.00 static 0.565 pr 6.1 | sent 1:0.48 10:0.49 100:0.4 1000:0.4 2000:0.39 | 44.0s
ex16|step1|16.0|mnist|0.9|1|50|code: alive shape flat ratio 0.644 silent 0.56 resting 0.04 active 0.16 move 0.0549 lock 0.00 static 0.580 pr 5.9 | sent 1:0.62 10:0.49 100:0.39 1000:0.4 2000:0.4 | 35.8s
ex16|step1|4.0|mnist|0.9|1|50|code: alive shape flat ratio 0.703 silent 0.56 resting 0.04 active 0.16 move 0.0553 lock 0.00 static 0.555 pr 5.8 | sent 1:0.57 10:0.49 100:0.39 1000:0.39 2000:0.4 | 64.9s
ex16|step2|0.1|none|0.9|1|50|leak: dead at step 90 shape decaying ratio 0 silent 1.00 resting 1.00 active 0.00 move 0 | sent 1:0.15 10:0 100:0 1000:0 2000:0 | 43.2s
ex16|step1|16.0|none|0.0|1|50|code: alive shape flat ratio 0.612 silent 0.08 resting 0.04 active 0.16 move 1.21 lock 0.00 static 0.284 pr 20.3 | sent 1:0.63 10:0.38 100:0.4 1000:0.41 2000:0.39 | 63.1s
ex16|step1|16.0|mnist|0.9|1|50|leak: alive shape flat ratio 0.822 silent 0.55 resting 0.04 active 0.16 move 0.0582 lock 0.00 static 0.588 pr 6.3 | sent 1:0.49 10:0.49 100:0.4 1000:0.41 2000:0.41 | 56.9s
ex16|step1|16.0|none|0.9|1|50|code: alive shape flat ratio 0.622 silent 0.56 resting 0.04 active 0.16 move 0.0558 lock 0.00 static 0.596 pr 6.1 | sent 1:0.63 10:0.48 100:0.4 1000:0.4 2000:0.39 | 66.4s
ex16|step2|0.3|none|0.9|1|50|code: dead at step 91 shape decaying ratio 0 silent 1.00 resting 1.00 active 0.00 move 0 | sent 1:0.15 10:0 100:0 1000:0 2000:0 | 34.9s
ex16|step2|0.3|none|0.9|1|50|leak: dead at step 90 shape decaying ratio 0 silent 1.00 resting 1.00 active 0.00 move 0 | sent 1:0.15 10:0 100:0 1000:0 2000:0 | 41.6s
ex16|step2|1.0|none|0.0|1|50|code: dead at step 3 shape decaying ratio 0 silent 1.00 resting 1.00 active 0.00 move 0 | sent 1:0.16 10:0 100:0 1000:0 2000:0 | 32.8s
ex16|step2|0.1|mnist|0.9|1|50|leak: alive shape decaying ratio 0 silent 1.00 resting 0.96 active 0.00 move 0.118 lock 0.00 static 0.940 pr 10.7 | sent 1:0.14 10:0 100:0 1000:0 2000:0 | 42.9s
ex16|step2|0.1|none|0.9|1|50|code: dead at step 90 shape decaying ratio 0 silent 1.00 resting 1.00 active 0.00 move 0 | sent 1:0.15 10:0 100:0 1000:0 2000:0 | 65.5s
ex16|step2|0.3|mnist|0.0|1|50|code: alive shape decaying ratio 0 silent 1.00 resting 0.96 active 0.00 move 1.15 lock 0.00 static 0.434 pr 15.0 | sent 1:0.15 10:0 100:0 1000:0 2000:0 | 32.8s
ex16|step2|0.1|mnist|0.0|1|50|code: alive shape decaying ratio 0 silent 1.00 resting 0.96 active 0.00 move 1.15 lock 0.00 static 0.434 pr 15.0 | sent 1:0.15 10:0 100:0 1000:0 2000:0 | 54.5s
ex16|step2|0.3|mnist|0.9|1|50|leak: alive shape decaying ratio 0 silent 1.00 resting 0.96 active 0.00 move 0.118 lock 0.00 static 0.940 pr 10.7 | sent 1:0.15 10:0 100:0 1000:0 2000:0 | 43.1s
ex16|step2|0.3|none|0.0|1|50|code: dead at step 3 shape decaying ratio 0 silent 1.00 resting 1.00 active 0.00 move 0 | sent 1:0.15 10:0 100:0 1000:0 2000:0 | 61.7s
ex16|step2|0.1|mnist|0.9|1|50|code: alive shape decaying ratio 0 silent 1.00 resting 0.96 active 0.00 move 0.118 lock 0.00 static 0.940 pr 10.7 | sent 1:0.15 10:0 100:0 1000:0 2000:0 | 65.4s
ex16|step2|2.0|none|0.0|1|50|code: dead at step 5 shape decaying ratio 0 silent 1.00 resting 1.00 active 0.00 move 0 | sent 1:0.19 10:0 100:0 1000:0 2000:0 | 33.5s
ex16|step2|1.0|none|0.9|1|50|leak: dead at step 90 shape decaying ratio 0 silent 1.00 resting 1.00 active 0.00 move 0 | sent 1:0.15 10:0 100:0 1000:0 2000:0 | 42.8s
ex16|step2|1.0|mnist|0.9|1|50|code: alive shape flat ratio 0.919 silent 0.80 resting 0.04 active 0.02 move 0.12 lock 0.00 static 0.205 pr 7.5 | sent 1:0.16 10:0.24 100:0.12 1000:0.15 2000:0.15 | 35.1s
ex16|step2|2.0|none|0.9|1|50|code: alive shape flat ratio 1.05 silent 0.74 resting 0.04 active 0.03 move 0.131 lock 0.00 static 0.211 pr 8.0 | sent 1:0.19 10:0.29 100:0.19 1000:0.12 2000:0.2 | 35.3s
ex16|step2|2.0|none|0.9|1|50|leak: dead at step 90 shape decaying ratio 0 silent 1.00 resting 1.00 active 0.00 move 0 | sent 1:0.15 10:0 100:0 1000:0 2000:0 | 42.9s
ex16|step2|0.3|mnist|0.9|1|50|code: alive shape decaying ratio 0.0828 silent 1.00 resting 0.93 active 0.00 move 0.115 lock 0.00 static 0.114 pr 3.5 | sent 1:0.15 10:0 100:0.013 1000:0.013 2000:0.013 | 65.8s
ex16|step2|2.0|mnist|0.0|1|50|code: alive shape decaying ratio 0 silent 0.99 resting 0.79 active 0.00 move 1.18 lock 0.00 static 0.020 pr 6.3 | sent 1:0.2 10:0 100:0.013 1000:0 2000:0 | 33.7s
ex16|step2|2.0|mnist|0.9|1|50|leak: alive shape decaying ratio 0 silent 1.00 resting 0.96 active 0.00 move 0.118 lock 0.00 static 0.936 pr 8.1 | sent 1:0.16 10:0.013 100:0 1000:0 2000:0 | 43.3s
ex16|step2|4.0|none|0.9|1|50|code: alive shape flat ratio 0.535 silent 0.75 resting 0.04 active 0.02 move 0.135 lock 0.00 static 0.194 pr 8.2 | sent 1:0.26 10:0.29 100:0.18 1000:0.1 2000:0.14 | 35.4s
ex16|step2|1.0|mnist|0.0|1|50|code: alive shape decaying ratio 0 silent 1.00 resting 0.96 active 0.00 move 1.15 lock 0.00 static 0.434 pr 15.0 | sent 1:0.16 10:0 100:0 1000:0 2000:0 | 61.8s
ex16|step2|1.0|none|0.9|1|50|code: alive shape flat ratio 0.829 silent 0.80 resting 0.04 active 0.02 move 0.122 lock 0.00 static 0.181 pr 7.9 | sent 1:0.16 10:0.21 100:0.19 1000:0.12 2000:0.13 | 67.2s
ex16|step2|4.0|mnist|0.9|1|50|code: alive shape flat ratio 0.569 silent 0.75 resting 0.04 active 0.02 move 0.14 lock 0.00 static 0.206 pr 8.2 | sent 1:0.28 10:0.28 100:0.17 1000:0.15 2000:0.16 | 35.7s
ex16|step2|16.0|none|0.0|1|50|code: dead at step 9 shape decaying ratio 0 silent 1.00 resting 1.00 active 0.00 move 0 | sent 1:0.44 10:0 100:0 1000:0 2000:0 | 39.6s
ex16|step2|4.0|none|0.0|1|50|code: dead at step 10 shape decaying ratio 0 silent 1.00 resting 1.00 active 0.00 move 0 | sent 1:0.26 10:0 100:0 1000:0 2000:0 | 64.7s
ex16|step2|4.0|mnist|0.9|1|50|leak: alive shape flat ratio 0.262 silent 1.00 resting 0.76 active 0.00 move 0.102 lock 0.04 static 0.117 pr 2.1 | sent 1:0.17 10:0.028 100:0.022 1000:0.038 2000:0.045 | 44.3s
ex16|step2|2.0|mnist|0.9|1|50|code: alive shape flat ratio 0.765 silent 0.75 resting 0.04 active 0.02 move 0.128 lock 0.00 static 0.195 pr 7.9 | sent 1:0.2 10:0.31 100:0.2 1000:0.19 2000:0.15 | 65.5s
ex16|step2|1.0|mnist|0.9|1|50|leak: alive shape decaying ratio 0 silent 1.00 resting 0.96 active 0.00 move 0.118 lock 0.00 static 0.940 pr 10.7 | sent 1:0.15 10:0.013 100:0 1000:0 2000:0 | 79.8s
ex16|step2|16.0|none|0.9|1|50|code: alive shape flat ratio 0.424 silent 0.66 resting 0.04 active 0.03 move 0.161 lock 0.00 static 0.196 pr 8.4 | sent 1:0.44 10:0.27 100:0.22 1000:0.19 2000:0.19 | 35.8s
ex16|step2|16.0|mnist|0.9|1|50|code: alive shape flat ratio 0.407 silent 0.75 resting 0.04 active 0.02 move 0.142 lock 0.00 static 0.205 pr 8.0 | sent 1:0.47 10:0.26 100:0.16 1000:0.18 2000:0.19 | 35.7s
ex16|step2|16.0|none|0.9|1|50|leak: alive shape flat ratio 1.06 silent 0.76 resting 0.04 active 0.02 move 0.134 lock 0.00 static 0.191 pr 8.2 | sent 1:0.17 10:0.29 100:0.24 1000:0.16 2000:0.18 | 43.5s
ex16|step2|4.0|none|0.9|1|50|leak: dead at step 91 shape decaying ratio 0 silent 1.00 resting 1.00 active 0.00 move 0 | sent 1:0.15 10:0 100:0 1000:0 2000:0 | 81.8s
ex16|step2|4.0|mnist|0.0|1|50|code: alive shape flat ratio 0.194 silent 0.20 resting 0.04 active 0.03 move 1.38 lock 0.00 static 0.046 pr 17.5 | sent 1:0.28 10:0 100:0.05 1000:0.043 2000:0.054 | 62.5s
ex16|cstep|0.1|none|0.0|1|50|code: alive shape flat ratio 0.983 silent 0.13 resting 0.04 active 0.48 move 0.652 lock 0.00 static 0.793 pr 18.5 | sent 1:0.71 10:0.69 100:0.69 1000:0.69 2000:0.7 | 40.0s
ex16|step2|16.0|mnist|0.9|1|50|leak: alive shape flat ratio 0.928 silent 0.73 resting 0.04 active 0.02 move 0.14 lock 0.00 static 0.207 pr 7.8 | sent 1:0.2 10:0.28 100:0.22 1000:0.14 2000:0.19 | 43.9s
ex16|step2|16.0|mnist|0.0|1|50|code: alive shape flat ratio 0.163 silent 0.10 resting 0.04 active 0.05 move 1.4 lock 0.00 static 0.072 pr 14.5 | sent 1:0.47 10:0 100:0.057 1000:0.013 2000:0.076 | 64.8s
ex16|cstep|0.3|none|0.0|1|50|code: alive shape flat ratio 0.98 silent 0.13 resting 0.04 active 0.48 move 0.65 lock 0.00 static 0.795 pr 18.5 | sent 1:0.71 10:0.69 100:0.69 1000:0.7 2000:0.69 | 40.0s
ex16|cstep|0.3|mnist|0.0|1|50|code: alive shape flat ratio 0.986 silent 0.13 resting 0.04 active 0.48 move 0.649 lock 0.00 static 0.790 pr 18.6 | sent 1:0.71 10:0.69 100:0.69 1000:0.69 2000:0.7 | 39.9s
ex16|cstep|0.3|mnist|0.9|1|50|code: alive shape flat ratio 1 silent 0.36 resting 0.03 active 0.50 move 0.0239 lock 0.01 static 0.930 pr 5.5 | sent 1:0.71 10:0.7 100:0.7 1000:0.71 2000:0.71 | 40.7s
ex16|cstep|0.1|none|0.9|1|50|code: alive shape flat ratio 1 silent 0.36 resting 0.03 active 0.50 move 0.0232 lock 0.01 static 0.929 pr 5.7 | sent 1:0.71 10:0.71 100:0.71 1000:0.71 2000:0.71 | 75.6s
ex16|cstep|0.3|mnist|0.9|1|50|leak: alive shape flat ratio 1 silent 0.36 resting 0.03 active 0.50 move 0.0229 lock 0.01 static 0.923 pr 5.4 | sent 1:0.7 10:0.7 100:0.7 1000:0.71 2000:0.71 | 49.8s
ex16|cstep|0.1|mnist|0.0|1|50|code: alive shape flat ratio 0.989 silent 0.13 resting 0.04 active 0.48 move 0.65 lock 0.00 static 0.790 pr 18.7 | sent 1:0.7 10:0.69 100:0.7 1000:0.69 2000:0.7 | 73.1s
ex16|cstep|1.0|mnist|0.0|1|50|code: alive shape flat ratio 0.975 silent 0.13 resting 0.04 active 0.48 move 0.664 lock 0.00 static 0.789 pr 18.7 | sent 1:0.71 10:0.69 100:0.7 1000:0.69 2000:0.69 | 39.6s
ex16|cstep|0.1|mnist|0.9|1|50|code: alive shape flat ratio 1.01 silent 0.36 resting 0.03 active 0.50 move 0.0228 lock 0.01 static 0.931 pr 5.3 | sent 1:0.7 10:0.71 100:0.7 1000:0.71 2000:0.71 | 77.6s
ex16|cstep|0.1|none|0.9|1|50|leak: alive shape flat ratio 0.997 silent 0.36 resting 0.03 active 0.50 move 0.0231 lock 0.01 static 0.920 pr 5.4 | sent 1:0.71 10:0.71 100:0.7 1000:0.71 2000:0.71 | 90.6s
ex16|cstep|1.0|none|0.9|1|50|leak: alive shape flat ratio 1 silent 0.36 resting 0.03 active 0.50 move 0.0232 lock 0.01 static 0.929 pr 5.7 | sent 1:0.71 10:0.71 100:0.71 1000:0.71 2000:0.71 | 49.1s
ex16|cstep|1.0|none|0.9|1|50|code: alive shape flat ratio 1 silent 0.36 resting 0.03 active 0.50 move 0.0229 lock 0.02 static 0.923 pr 5.3 | sent 1:0.71 10:0.7 100:0.7 1000:0.71 2000:0.71 | 61.6s
ex16|cstep|0.3|none|0.9|1|50|code: alive shape flat ratio 0.998 silent 0.35 resting 0.03 active 0.50 move 0.0241 lock 0.01 static 0.922 pr 5.3 | sent 1:0.71 10:0.7 100:0.7 1000:0.71 2000:0.71 | 75.1s
ex16|cstep|2.0|none|0.0|1|50|code: alive shape flat ratio 0.988 silent 0.14 resting 0.04 active 0.48 move 0.665 lock 0.00 static 0.796 pr 18.6 | sent 1:0.71 10:0.69 100:0.7 1000:0.69 2000:0.7 | 39.8s
ex16|cstep|0.1|mnist|0.9|1|50|leak: alive shape flat ratio 0.999 silent 0.36 resting 0.03 active 0.50 move 0.0221 lock 0.01 static 0.925 pr 5.1 | sent 1:0.71 10:0.71 100:0.71 1000:0.71 2000:0.71 | 91.4s
ex16|cstep|0.3|none|0.9|1|50|leak: alive shape flat ratio 1 silent 0.35 resting 0.03 active 0.50 move 0.0237 lock 0.01 static 0.915 pr 5.5 | sent 1:0.71 10:0.7 100:0.71 1000:0.71 2000:0.71 | 90.5s
ex16|cstep|2.0|none|0.9|1|50|code: alive shape flat ratio 0.996 silent 0.36 resting 0.03 active 0.50 move 0.0232 lock 0.01 static 0.922 pr 5.4 | sent 1:0.71 10:0.7 100:0.71 1000:0.71 2000:0.7 | 40.5s
ex16|cstep|1.0|mnist|0.9|1|50|leak: alive shape flat ratio 1 silent 0.36 resting 0.03 active 0.50 move 0.0229 lock 0.01 static 0.925 pr 5.3 | sent 1:0.7 10:0.71 100:0.71 1000:0.71 2000:0.71 | 50.0s
ex16|cstep|1.0|none|0.0|1|50|code: alive shape flat ratio 0.982 silent 0.13 resting 0.04 active 0.48 move 0.66 lock 0.00 static 0.796 pr 18.6 | sent 1:0.71 10:0.69 100:0.69 1000:0.69 2000:0.69 | 75.1s
ex16|cstep|2.0|mnist|0.0|1|50|code: alive shape flat ratio 0.989 silent 0.13 resting 0.04 active 0.48 move 0.665 lock 0.00 static 0.790 pr 18.7 | sent 1:0.7 10:0.7 100:0.7 1000:0.69 2000:0.69 | 40.1s
ex16|cstep|2.0|none|0.9|1|50|leak: alive shape flat ratio 1.01 silent 0.36 resting 0.03 active 0.50 move 0.0234 lock 0.01 static 0.922 pr 5.4 | sent 1:0.7 10:0.71 100:0.71 1000:0.71 2000:0.71 | 49.1s
ex16|cstep|1.0|mnist|0.9|1|50|code: alive shape flat ratio 0.997 silent 0.36 resting 0.03 active 0.50 move 0.0236 lock 0.01 static 0.928 pr 5.5 | sent 1:0.71 10:0.71 100:0.71 1000:0.7 2000:0.71 | 76.6s
ex16|cstep|2.0|mnist|0.9|1|50|leak: alive shape flat ratio 1 silent 0.36 resting 0.03 active 0.50 move 0.0232 lock 0.01 static 0.929 pr 5.3 | sent 1:0.7 10:0.71 100:0.7 1000:0.71 2000:0.71 | 49.7s
ex16|cstep|4.0|mnist|0.0|1|50|code: alive shape flat ratio 0.993 silent 0.13 resting 0.04 active 0.48 move 0.66 lock 0.00 static 0.789 pr 18.7 | sent 1:0.7 10:0.69 100:0.7 1000:0.69 2000:0.7 | 39.9s
ex16|cstep|4.0|none|0.9|1|50|leak: alive shape flat ratio 1 silent 0.36 resting 0.03 active 0.50 move 0.0238 lock 0.01 static 0.922 pr 5.4 | sent 1:0.71 10:0.7 100:0.71 1000:0.71 2000:0.71 | 48.9s
ex16|cstep|16.0|mnist|0.0|1|50|code: alive shape flat ratio 0.987 silent 0.13 resting 0.04 active 0.48 move 0.662 lock 0.00 static 0.791 pr 18.8 | sent 1:0.7 10:0.7 100:0.69 1000:0.69 2000:0.69 | 39.7s
ex16|sign|0.1|none|0.0|1|50|code: alive shape flat ratio 0.982 silent 0.04 resting 0.04 active 0.96 move 1.41 lock 0.00 static 0.003 pr 21.5 | sent 1:1 10:0.98 100:0.98 1000:0.98 2000:0.98 | 23.4s
ex16|cstep|4.0|mnist|0.9|1|50|leak: alive shape flat ratio 1 silent 0.36 resting 0.03 active 0.50 move 0.0231 lock 0.01 static 0.924 pr 5.6 | sent 1:0.71 10:0.71 100:0.71 1000:0.71 2000:0.71 | 49.5s
ex16|cstep|16.0|none|0.9|1|50|leak: alive shape flat ratio 1 silent 0.36 resting 0.03 active 0.50 move 0.024 lock 0.01 static 0.922 pr 5.4 | sent 1:0.71 10:0.7 100:0.7 1000:0.71 2000:0.71 | 48.6s
ex16|cstep|2.0|mnist|0.9|1|50|code: alive shape flat ratio 1.01 silent 0.36 resting 0.03 active 0.50 move 0.0236 lock 0.01 static 0.927 pr 5.4 | sent 1:0.7 10:0.71 100:0.71 1000:0.71 2000:0.71 | 76.8s
ex16|sign|0.1|mnist|0.0|1|50|code: alive shape flat ratio 0.982 silent 0.04 resting 0.04 active 0.96 move 1.41 lock 0.00 static 0.004 pr 21.5 | sent 1:1 10:0.98 100:0.98 1000:0.98 2000:0.98 | 23.7s
ex16|cstep|4.0|none|0.0|1|50|code: alive shape flat ratio 0.986 silent 0.13 resting 0.04 active 0.48 move 0.669 lock 0.00 static 0.790 pr 18.6 | sent 1:0.71 10:0.69 100:0.69 1000:0.69 2000:0.7 | 74.1s
ex16|cstep|4.0|none|0.9|1|50|code: alive shape flat ratio 1 silent 0.35 resting 0.03 active 0.50 move 0.0247 lock 0.01 static 0.928 pr 5.6 | sent 1:0.71 10:0.7 100:0.71 1000:0.71 2000:0.71 | 74.5s
ex16|sign|0.1|none|0.9|1|50|leak: alive shape flat ratio 1 silent 0.00 resting 0.03 active 1.00 move 0.0607 lock 0.01 static 0.312 pr 5.7 | sent 1:1 10:1 100:1 1000:1 2000:1 | 32.8s
ex16|sign|0.1|mnist|0.9|1|50|code: alive shape flat ratio 1 silent 0.00 resting 0.03 active 1.00 move 0.0617 lock 0.01 static 0.318 pr 5.7 | sent 1:1 10:1 100:1 1000:1 2000:1 | 26.8s
ex16|cstep|16.0|mnist|0.9|1|50|leak: alive shape flat ratio 1 silent 0.37 resting 0.03 active 0.50 move 0.0224 lock 0.01 static 0.926 pr 5.1 | sent 1:0.7 10:0.71 100:0.71 1000:0.71 2000:0.71 | 49.8s
ex16|cstep|4.0|mnist|0.9|1|50|code: alive shape flat ratio 1.01 silent 0.36 resting 0.03 active 0.50 move 0.0236 lock 0.01 static 0.930 pr 5.5 | sent 1:0.7 10:0.71 100:0.71 1000:0.7 2000:0.71 | 77.5s
ex16|sign|0.3|none|0.0|1|50|code: alive shape flat ratio 0.982 silent 0.04 resting 0.04 active 0.96 move 1.41 lock 0.00 static 0.003 pr 21.5 | sent 1:1 10:0.98 100:0.98 1000:0.98 2000:0.98 | 24.3s
ex16|sign|0.1|none|0.9|1|50|code: alive shape flat ratio 1 silent 0.00 resting 0.03 active 1.00 move 0.0632 lock 0.01 static 0.235 pr 5.4 | sent 1:1 10:1 100:1 1000:1 2000:1 | 46.5s
ex16|cstep|16.0|none|0.0|1|50|code: alive shape flat ratio 0.979 silent 0.13 resting 0.04 active 0.48 move 0.668 lock 0.00 static 0.792 pr 18.6 | sent 1:0.71 10:0.7 100:0.69 1000:0.69 2000:0.69 | 75.6s
ex16|cstep|16.0|none|0.9|1|50|code: alive shape flat ratio 1 silent 0.35 resting 0.03 active 0.50 move 0.0239 lock 0.01 static 0.924 pr 5.5 | sent 1:0.71 10:0.71 100:0.71 1000:0.71 2000:0.71 | 74.5s
ex16|sign|0.3|none|0.9|1|50|code: alive shape flat ratio 1 silent 0.00 resting 0.03 active 1.00 move 0.0618 lock 0.01 static 0.288 pr 5.6 | sent 1:1 10:1 100:1 1000:1 2000:1 | 26.9s
ex16|sign|0.1|mnist|0.9|1|50|leak: alive shape flat ratio 1 silent 0.00 resting 0.03 active 1.00 move 0.0597 lock 0.01 static 0.337 pr 5.3 | sent 1:1 10:1 100:1 1000:1 2000:1 | 34.0s
ex16|cstep|16.0|mnist|0.9|1|50|code: alive shape flat ratio 1 silent 0.36 resting 0.03 active 0.50 move 0.0233 lock 0.01 static 0.927 pr 5.4 | sent 1:0.7 10:0.71 100:0.7 1000:0.71 2000:0.7 | 76.3s
ex16|sign|0.3|none|0.9|1|50|leak: alive shape flat ratio 1 silent 0.00 resting 0.03 active 1.00 move 0.0619 lock 0.01 static 0.344 pr 5.7 | sent 1:1 10:1 100:1 1000:1 2000:1 | 33.2s
ex16|sign|0.3|mnist|0.9|1|50|code: alive shape flat ratio 1 silent 0.00 resting 0.03 active 1.00 move 0.0639 lock 0.01 static 0.326 pr 6.0 | sent 1:1 10:1 100:1 1000:1 2000:1 | 26.9s
ex16|sign|1.0|mnist|0.0|1|50|code: alive shape flat ratio 0.982 silent 0.04 resting 0.04 active 0.96 move 1.41 lock 0.00 static 0.004 pr 21.6 | sent 1:1 10:0.98 100:0.98 1000:0.98 2000:0.98 | 24.2s
ex16|sign|1.0|none|0.9|1|50|code: alive shape flat ratio 1 silent 0.00 resting 0.03 active 1.00 move 0.0603 lock 0.01 static 0.310 pr 5.5 | sent 1:1 10:1 100:1 1000:1 2000:1 | 26.8s
ex16|sign|1.0|none|0.9|1|50|leak: alive shape flat ratio 1 silent 0.00 resting 0.03 active 1.00 move 0.0662 lock 0.01 static 0.277 pr 6.0 | sent 1:1 10:1 100:1 1000:1 2000:1 | 32.8s
ex16|sign|0.3|mnist|0.0|1|50|code: alive shape flat ratio 0.982 silent 0.04 resting 0.04 active 0.96 move 1.41 lock 0.00 static 0.004 pr 21.5 | sent 1:1 10:0.98 100:0.98 1000:0.98 2000:0.98 | 44.8s
ex16|sign|2.0|mnist|0.0|1|50|code: alive shape flat ratio 0.982 silent 0.04 resting 0.04 active 0.96 move 1.42 lock 0.00 static 0.004 pr 21.6 | sent 1:1 10:0.98 100:0.98 1000:0.98 2000:0.98 | 24.0s
ex16|sign|1.0|none|0.0|1|50|code: alive shape flat ratio 0.982 silent 0.04 resting 0.04 active 0.96 move 1.42 lock 0.00 static 0.003 pr 21.6 | sent 1:1 10:0.98 100:0.98 1000:0.98 2000:0.98 | 42.9s
ex16|sign|1.0|mnist|0.9|1|50|leak: alive shape flat ratio 1 silent 0.00 resting 0.03 active 1.00 move 0.0613 lock 0.01 static 0.318 pr 5.7 | sent 1:1 10:1 100:1 1000:1 2000:1 | 34.1s
ex16|sign|2.0|mnist|0.9|1|50|code: alive shape flat ratio 1 silent 0.00 resting 0.03 active 1.00 move 0.0618 lock 0.01 static 0.313 pr 5.7 | sent 1:1 10:1 100:1 1000:1 2000:1 | 26.2s
ex16|sign|4.0|none|0.0|1|50|code: alive shape flat ratio 0.982 silent 0.04 resting 0.04 active 0.96 move 1.41 lock 0.00 static 0.003 pr 21.7 | sent 1:1 10:0.98 100:0.98 1000:0.98 2000:0.98 | 23.8s
ex16|sign|4.0|none|0.9|1|50|code: alive shape flat ratio 1 silent 0.00 resting 0.03 active 1.00 move 0.0616 lock 0.01 static 0.263 pr 5.6 | sent 1:1 10:1 100:1 1000:1 2000:1 | 26.1s
ex16|sign|4.0|mnist|0.0|1|50|code: alive shape flat ratio 0.982 silent 0.04 resting 0.04 active 0.96 move 1.41 lock 0.00 static 0.004 pr 21.6 | sent 1:1 10:0.98 100:0.98 1000:0.98 2000:0.98 | 24.2s
ex16|sign|1.0|mnist|0.9|1|50|code: alive shape flat ratio 1 silent 0.00 resting 0.03 active 1.00 move 0.061 lock 0.01 static 0.307 pr 5.5 | sent 1:1 10:1 100:1 1000:1 2000:1 | 49.0s
ex16|sign|2.0|none|0.0|1|50|code: alive shape flat ratio 0.982 silent 0.04 resting 0.04 active 0.96 move 1.41 lock 0.00 static 0.003 pr 21.7 | sent 1:1 10:0.98 100:0.98 1000:0.98 2000:0.98 | 43.8s
ex16|sign|0.3|mnist|0.9|1|50|leak: alive shape flat ratio 1 silent 0.00 resting 0.03 active 1.00 move 0.062 lock 0.01 static 0.342 pr 5.5 | sent 1:1 10:1 100:1 1000:1 2000:1 | 62.8s
ex16|sign|4.0|none|0.9|1|50|leak: alive shape flat ratio 1 silent 0.00 resting 0.03 active 1.00 move 0.0597 lock 0.01 static 0.299 pr 5.6 | sent 1:1 10:1 100:1 1000:1 2000:1 | 33.2s
ex16|sign|2.0|none|0.9|1|50|code: alive shape flat ratio 1 silent 0.00 resting 0.03 active 1.00 move 0.0625 lock 0.01 static 0.342 pr 5.7 | sent 1:1 10:1 100:1 1000:1 2000:1 | 47.3s
ex16|sign|4.0|mnist|0.9|1|50|code: alive shape flat ratio 1 silent 0.00 resting 0.03 active 1.00 move 0.0649 lock 0.01 static 0.297 pr 6.0 | sent 1:1 10:1 100:1 1000:1 2000:1 | 26.6s
ex16|sign|16.0|none|0.0|1|50|code: alive shape flat ratio 0.982 silent 0.04 resting 0.04 active 0.96 move 1.41 lock 0.00 static 0.003 pr 21.7 | sent 1:1 10:0.98 100:0.98 1000:0.98 2000:0.98 | 24.4s
ex16|sign|16.0|mnist|0.0|1|50|code: alive shape flat ratio 0.982 silent 0.04 resting 0.04 active 0.96 move 1.42 lock 0.00 static 0.004 pr 21.6 | sent 1:1 10:0.98 100:0.98 1000:0.98 2000:0.98 | 24.2s
ex16|sign|2.0|none|0.9|1|50|leak: alive shape flat ratio 1 silent 0.00 resting 0.03 active 1.00 move 0.0612 lock 0.01 static 0.292 pr 5.7 | sent 1:1 10:1 100:1 1000:1 2000:1 | 60.0s
ex16|sign|16.0|mnist|0.9|1|50|code: alive shape flat ratio 1 silent 0.00 resting 0.03 active 1.00 move 0.0631 lock 0.01 static 0.311 pr 5.9 | sent 1:1 10:1 100:1 1000:1 2000:1 | 25.9s
ex16|sign|16.0|none|0.9|1|50|leak: alive shape flat ratio 1 silent 0.00 resting 0.03 active 1.00 move 0.0619 lock 0.01 static 0.296 pr 5.6 | sent 1:1 10:1 100:1 1000:1 2000:1 | 32.8s
ex16|sign|2.0|mnist|0.9|1|50|leak: alive shape flat ratio 1 silent 0.00 resting 0.03 active 1.00 move 0.0619 lock 0.01 static 0.351 pr 5.7 | sent 1:1 10:1 100:1 1000:1 2000:1 | 62.9s
ex16|sign|16.0|mnist|0.9|1|50|leak: alive shape flat ratio 1 silent 0.00 resting 0.03 active 1.00 move 0.0647 lock 0.01 static 0.312 pr 6.0 | sent 1:1 10:1 100:1 1000:1 2000:1 | 33.8s
ex16|sign|16.0|none|0.9|1|50|code: alive shape flat ratio 1 silent 0.00 resting 0.03 active 1.00 move 0.0625 lock 0.01 static 0.282 pr 5.7 | sent 1:1 10:1 100:1 1000:1 2000:1 | 46.1s
ex16|wta|0.1|none|0.0|1|50|code: alive shape flat ratio 1 silent 0.21 resting 0.03 active 0.06 move 1.36 lock 0.01 static 0.053 pr 19.8 | sent 1:0.18 10:0.18 100:0.18 1000:0.18 2000:0.18 | 37.1s
ex16|sign|4.0|mnist|0.9|1|50|leak: alive shape flat ratio 1 silent 0.00 resting 0.03 active 1.00 move 0.0628 lock 0.01 static 0.306 pr 5.8 | sent 1:1 10:1 100:1 1000:1 2000:1 | 61.0s
ex16|wta|0.3|none|0.0|1|50|code: alive shape flat ratio 1 silent 0.20 resting 0.03 active 0.06 move 1.36 lock 0.01 static 0.055 pr 19.8 | sent 1:0.18 10:0.18 100:0.18 1000:0.18 2000:0.18 | 36.8s
ex16|wta|0.1|mnist|0.9|1|50|code: alive shape flat ratio 1 silent 0.78 resting 0.03 active 0.06 move 0.0944 lock 0.01 static 0.275 pr 6.5 | sent 1:0.18 10:0.18 100:0.18 1000:0.18 2000:0.18 | 37.9s
ex16|wta|0.3|none|0.9|1|50|code: alive shape flat ratio 1 silent 0.76 resting 0.03 active 0.06 move 0.0968 lock 0.01 static 0.248 pr 6.9 | sent 1:0.18 10:0.18 100:0.18 1000:0.18 2000:0.18 | 38.3s
ex16|wta|0.3|mnist|0.9|1|50|code: alive shape flat ratio 1 silent 0.76 resting 0.03 active 0.06 move 0.0989 lock 0.01 static 0.240 pr 7.0 | sent 1:0.18 10:0.18 100:0.18 1000:0.18 2000:0.18 | 40.8s
ex16|wta|0.3|none|0.9|1|50|leak: alive shape flat ratio 1 silent 0.76 resting 0.03 active 0.06 move 0.0949 lock 0.01 static 0.252 pr 6.8 | sent 1:0.18 10:0.18 100:0.18 1000:0.18 2000:0.18 | 53.4s
ex16|wta|0.1|none|0.9|1|50|code: alive shape flat ratio 1 silent 0.73 resting 0.03 active 0.06 move 0.103 lock 0.01 static 0.238 pr 6.8 | sent 1:0.18 10:0.18 100:0.18 1000:0.18 2000:0.18 | 73.6s
ex16|wta|0.1|mnist|0.0|1|50|code: alive shape flat ratio 1 silent 0.19 resting 0.03 active 0.06 move 1.35 lock 0.01 static 0.056 pr 19.8 | sent 1:0.18 10:0.18 100:0.18 1000:0.18 2000:0.18 | 71.7s
ex16|wta|0.3|mnist|0.0|1|50|code: alive shape flat ratio 1 silent 0.19 resting 0.03 active 0.06 move 1.35 lock 0.01 static 0.053 pr 19.9 | sent 1:0.18 10:0.18 100:0.18 1000:0.18 2000:0.18 | 64.2s
ex16|wta|0.3|mnist|0.9|1|50|leak: alive shape flat ratio 1 silent 0.76 resting 0.03 active 0.06 move 0.1 lock 0.01 static 0.272 pr 7.0 | sent 1:0.18 10:0.18 100:0.18 1000:0.18 2000:0.18 | 59.2s
ex16|wta|0.1|mnist|0.9|1|50|leak: alive shape flat ratio 1 silent 0.75 resting 0.03 active 0.06 move 0.1 lock 0.01 static 0.249 pr 6.8 | sent 1:0.18 10:0.18 100:0.18 1000:0.18 2000:0.18 | 77.5s
ex16|wta|1.0|none|0.0|1|50|code: alive shape flat ratio 1 silent 0.20 resting 0.03 active 0.06 move 1.36 lock 0.01 static 0.054 pr 19.8 | sent 1:0.18 10:0.18 100:0.18 1000:0.18 2000:0.18 | 59.3s
ex16|wta|1.0|none|0.9|1|50|code: alive shape flat ratio 1 silent 0.74 resting 0.03 active 0.06 move 0.107 lock 0.01 static 0.223 pr 7.6 | sent 1:0.18 10:0.18 100:0.18 1000:0.18 2000:0.18 | 51.6s
ex16|wta|0.1|none|0.9|1|50|leak: alive shape flat ratio 1 silent 0.74 resting 0.03 active 0.06 move 0.103 lock 0.01 static 0.223 pr 7.1 | sent 1:0.18 10:0.18 100:0.18 1000:0.18 2000:0.18 | 89.8s
ex16|wta|2.0|none|0.0|1|50|code: alive shape flat ratio 1 silent 0.19 resting 0.03 active 0.06 move 1.35 lock 0.01 static 0.054 pr 19.9 | sent 1:0.18 10:0.18 100:0.18 1000:0.18 2000:0.18 | 47.8s
ex16|wta|1.0|mnist|0.0|1|50|code: alive shape flat ratio 1 silent 0.20 resting 0.03 active 0.06 move 1.35 lock 0.01 static 0.055 pr 19.9 | sent 1:0.18 10:0.18 100:0.18 1000:0.18 2000:0.18 | 62.9s
ex16|wta|2.0|none|0.9|1|50|code: alive shape flat ratio 1 silent 0.74 resting 0.03 active 0.06 move 0.104 lock 0.01 static 0.220 pr 7.8 | sent 1:0.18 10:0.18 100:0.18 1000:0.18 2000:0.18 | 55.0s
ex16|wta|1.0|none|0.9|1|50|leak: alive shape flat ratio 1 silent 0.73 resting 0.03 active 0.06 move 0.103 lock 0.01 static 0.238 pr 6.8 | sent 1:0.18 10:0.18 100:0.18 1000:0.18 2000:0.18 | 77.4s
ex16|wta|1.0|mnist|0.9|1|50|leak: alive shape flat ratio 1 silent 0.77 resting 0.03 active 0.06 move 0.0962 lock 0.01 static 0.265 pr 6.9 | sent 1:0.18 10:0.18 100:0.18 1000:0.18 2000:0.18 | 63.6s
ex16|wta|1.0|mnist|0.9|1|50|code: alive shape flat ratio 1 silent 0.76 resting 0.03 active 0.06 move 0.105 lock 0.01 static 0.260 pr 7.3 | sent 1:0.18 10:0.18 100:0.18 1000:0.18 2000:0.18 | 71.6s
ex16|wta|2.0|mnist|0.9|1|50|code: alive shape flat ratio 1 silent 0.76 resting 0.03 active 0.06 move 0.102 lock 0.01 static 0.264 pr 7.2 | sent 1:0.18 10:0.18 100:0.18 1000:0.18 2000:0.18 | 55.7s
ex16|wta|2.0|none|0.9|1|50|leak: alive shape flat ratio 1 silent 0.75 resting 0.03 active 0.06 move 0.1 lock 0.01 static 0.239 pr 7.1 | sent 1:0.18 10:0.18 100:0.18 1000:0.18 2000:0.18 | 74.1s
ex16|wta|2.0|mnist|0.0|1|50|code: alive shape flat ratio 1 silent 0.20 resting 0.03 active 0.06 move 1.35 lock 0.01 static 0.056 pr 19.8 | sent 1:0.18 10:0.18 100:0.18 1000:0.18 2000:0.18 | 63.4s
ex16|wta|4.0|none|0.9|1|50|code: alive shape flat ratio 1 silent 0.75 resting 0.03 active 0.06 move 0.103 lock 0.01 static 0.231 pr 7.2 | sent 1:0.18 10:0.18 100:0.18 1000:0.18 2000:0.18 | 53.7s
ex16|wta|4.0|none|0.0|1|50|code: alive shape flat ratio 1 silent 0.19 resting 0.03 active 0.06 move 1.36 lock 0.01 static 0.053 pr 19.9 | sent 1:0.18 10:0.18 100:0.18 1000:0.18 2000:0.18 | 55.9s
ex16|wta|4.0|mnist|0.9|1|50|code: alive shape flat ratio 1 silent 0.75 resting 0.03 active 0.06 move 0.105 lock 0.01 static 0.250 pr 7.4 | sent 1:0.18 10:0.18 100:0.18 1000:0.18 2000:0.18 | 56.7s
ex16|wta|2.0|mnist|0.9|1|50|leak: alive shape flat ratio 1 silent 0.76 resting 0.03 active 0.06 move 0.096 lock 0.01 static 0.263 pr 6.6 | sent 1:0.18 10:0.18 100:0.18 1000:0.18 2000:0.18 | 73.4s
ex16|wta|16.0|none|0.9|1|50|code: alive shape flat ratio 1 silent 0.74 resting 0.03 active 0.06 move 0.103 lock 0.01 static 0.233 pr 7.5 | sent 1:0.18 10:0.18 100:0.18 1000:0.18 2000:0.18 | 52.8s
ex16|wta|4.0|mnist|0.0|1|50|code: alive shape flat ratio 1 silent 0.20 resting 0.03 active 0.06 move 1.35 lock 0.01 static 0.056 pr 19.9 | sent 1:0.18 10:0.18 100:0.18 1000:0.18 2000:0.18 | 72.8s
ex16|wta|4.0|mnist|0.9|1|50|leak: alive shape flat ratio 1 silent 0.76 resting 0.03 active 0.06 move 0.101 lock 0.01 static 0.234 pr 7.4 | sent 1:0.18 10:0.18 100:0.18 1000:0.18 2000:0.18 | 73.6s
ex16|wta|4.0|none|0.9|1|50|leak: alive shape flat ratio 1 silent 0.75 resting 0.03 active 0.06 move 0.102 lock 0.01 static 0.230 pr 7.4 | sent 1:0.18 10:0.18 100:0.18 1000:0.18 2000:0.18 | 77.3s
ex16|wta|16.0|none|0.0|1|50|code: alive shape flat ratio 1 silent 0.19 resting 0.03 active 0.06 move 1.36 lock 0.01 static 0.053 pr 20.0 | sent 1:0.18 10:0.18 100:0.18 1000:0.18 2000:0.18 | 73.6s
ex16|wta|16.0|mnist|0.9|1|50|code: alive shape flat ratio 1 silent 0.75 resting 0.03 active 0.06 move 0.104 lock 0.01 static 0.269 pr 7.3 | sent 1:0.18 10:0.18 100:0.18 1000:0.18 2000:0.18 | 65.6s
ex16|wta|16.0|mnist|0.0|1|50|code: alive shape flat ratio 1 silent 0.19 resting 0.03 active 0.06 move 1.36 lock 0.01 static 0.053 pr 20.0 | sent 1:0.18 10:0.18 100:0.18 1000:0.18 2000:0.18 | 70.5s
ex16|wta|16.0|mnist|0.9|1|50|leak: alive shape flat ratio 1 silent 0.76 resting 0.03 active 0.06 move 0.101 lock 0.01 static 0.254 pr 7.2 | sent 1:0.18 10:0.18 100:0.18 1000:0.18 2000:0.18 | 72.7s
ex16|wta|16.0|none|0.9|1|50|leak: alive shape flat ratio 1 silent 0.74 resting 0.03 active 0.06 move 0.107 lock 0.01 static 0.221 pr 7.5 | sent 1:0.18 10:0.18 100:0.18 1000:0.18 2000:0.18 | 81.7s
ex16|kwta4|0.1|none|0.0|1|50|code: dead at step 11 shape decaying ratio 0 silent 1.00 resting 1.00 active 0.00 move 0 | sent 1:0.58 10:7.5e-09 100:0 1000:0 2000:0 | 77.5s
ex16|kwta4|0.1|mnist|0.9|1|50|code: alive shape flat ratio 0.875 silent 0.59 resting 0.04 active 0.12 move 0.0525 lock 0.00 static 0.466 pr 5.3 | sent 1:0.58 10:0.42 100:0.51 1000:0.51 2000:0.51 | 69.5s
ex16|kwta4|0.1|none|0.9|1|50|code: alive shape flat ratio 0.855 silent 0.57 resting 0.04 active 0.12 move 0.0563 lock 0.00 static 0.457 pr 5.6 | sent 1:0.58 10:0.43 100:0.51 1000:0.52 2000:0.5 | 78.1s
ex16|kwta4|0.3|none|0.0|1|50|code: dead at step 11 shape decaying ratio 0 silent 1.00 resting 1.00 active 0.00 move 0 | sent 1:0.61 10:0.00015 100:0 1000:0 2000:0 | 76.1s
ex16|kwta4|0.1|mnist|0.0|1|50|code: alive shape decaying ratio 0.00659 silent 0.10 resting 0.81 active 0.00 move 1.15 lock 0.00 static 0.223 pr 10.6 | sent 1:0.58 10:0.0039 100:0.0045 1000:0.0046 2000:0.0038 | 76.2s
ex16|kwta4|0.1|none|0.9|1|50|leak: dead at step 96 shape decaying ratio 0 silent 0.88 resting 1.00 active 0.00 move 0 | sent 1:0.58 10:0.25 100:3.7e-05 1000:0 2000:0 | 92.7s
ex16|kwta4|0.3|none|0.9|1|50|code: alive shape flat ratio 0.954 silent 0.57 resting 0.04 active 0.12 move 0.0571 lock 0.00 static 0.450 pr 5.8 | sent 1:0.61 10:0.76 100:0.58 1000:0.58 2000:0.58 | 79.1s
ex16|kwta4|0.3|mnist|0.0|1|50|code: alive shape decaying ratio 0.0228 silent 0.08 resting 0.13 active 0.01 move 1.15 lock 0.00 static 0.213 pr 11.5 | sent 1:0.6 10:0.013 100:0.014 1000:0.015 2000:0.014 | 78.4s
ex16|kwta4|0.3|none|0.9|1|50|leak: dead at step 127 shape decaying ratio 0 silent 0.88 resting 1.00 active 0.00 move 0 | sent 1:0.58 10:0.27 100:0.00036 1000:0 2000:0 | 94.7s
ex16|kwta4|0.1|mnist|0.9|1|50|leak: alive shape decaying ratio 0.00581 silent 0.70 resting 0.85 active 0.00 move 0.118 lock 0.01 static 0.807 pr 3.5 | sent 1:0.58 10:0.25 100:0.0031 1000:0.0031 2000:0.0034 | 97.8s
ex16|kwta4|1.0|none|0.0|1|50|code: alive shape flat ratio 0.681 silent 0.06 resting 0.04 active 0.12 move 1.28 lock 0.00 static 0.199 pr 19.1 | sent 1:0.8 10:0.48 100:0.53 1000:0.54 2000:0.54 | 62.8s
ex16|kwta4|0.3|mnist|0.9|1|50|code: alive shape flat ratio 0.961 silent 0.58 resting 0.04 active 0.12 move 0.0549 lock 0.00 static 0.451 pr 5.7 | sent 1:0.6 10:0.76 100:0.57 1000:0.57 2000:0.58 | 80.5s
ex16|kwta4|1.0|mnist|0.0|1|50|code: alive shape flat ratio 0.677 silent 0.06 resting 0.04 active 0.12 move 1.28 lock 0.00 static 0.195 pr 19.2 | sent 1:0.79 10:0.49 100:0.55 1000:0.55 2000:0.54 | 77.3s
ex16|kwta4|1.0|none|0.9|1|50|code: alive shape flat ratio 0.733 silent 0.56 resting 0.04 active 0.12 move 0.058 lock 0.00 static 0.447 pr 6.1 | sent 1:0.8 10:0.82 100:0.58 1000:0.59 2000:0.59 | 86.5s
ex16|kwta4|1.0|none|0.9|1|50|leak: alive shape flat ratio 0.855 silent 0.57 resting 0.04 active 0.12 move 0.0563 lock 0.00 static 0.457 pr 5.6 | sent 1:0.58 10:0.43 100:0.51 1000:0.52 2000:0.5 | 95.5s
ex16|kwta4|1.0|mnist|0.9|1|50|code: alive shape flat ratio 0.74 silent 0.58 resting 0.04 active 0.12 move 0.0555 lock 0.00 static 0.455 pr 5.7 | sent 1:0.79 10:0.81 100:0.57 1000:0.58 2000:0.58 | 76.2s
ex16|kwta4|0.3|mnist|0.9|1|50|leak: alive shape decaying ratio 0.0181 silent 0.70 resting 0.41 active 0.00 move 0.113 lock 0.00 static 0.804 pr 3.7 | sent 1:0.58 10:0.27 100:0.0098 1000:0.0099 2000:0.011 | 115.2s
ex16|kwta4|2.0|mnist|0.0|1|50|code: alive shape flat ratio 0.525 silent 0.06 resting 0.04 active 0.12 move 1.27 lock 0.00 static 0.199 pr 19.4 | sent 1:1.1 10:0.41 100:0.6 1000:0.59 2000:0.58 | 64.0s
ex16|kwta4|2.0|mnist|0.9|1|50|code: alive shape flat ratio 0.536 silent 0.58 resting 0.04 active 0.12 move 0.0559 lock 0.00 static 0.421 pr 5.7 | sent 1:1.1 10:0.77 100:0.57 1000:0.58 2000:0.59 | 64.0s
ex16|kwta4|1.0|mnist|0.9|1|50|leak: alive shape flat ratio 0.812 silent 0.58 resting 0.04 active 0.12 move 0.0534 lock 0.00 static 0.441 pr 5.4 | sent 1:0.59 10:0.43 100:0.51 1000:0.51 2000:0.48 | 80.9s
ex16|kwta4|2.0|none|0.0|1|50|code: alive shape flat ratio 0.519 silent 0.06 resting 0.04 active 0.12 move 1.28 lock 0.00 static 0.198 pr 19.4 | sent 1:1.1 10:0.4 100:0.56 1000:0.59 2000:0.57 | 77.5s
ex16|kwta4|2.0|none|0.9|1|50|leak: alive shape flat ratio 0.957 silent 0.59 resting 0.04 active 0.12 move 0.0527 lock 0.00 static 0.430 pr 5.7 | sent 1:0.59 10:0.66 100:0.57 1000:0.58 2000:0.57 | 86.5s
ex16|kwta4|2.0|none|0.9|1|50|code: alive shape flat ratio 0.523 silent 0.56 resting 0.04 active 0.12 move 0.0565 lock 0.00 static 0.430 pr 6.0 | sent 1:1.1 10:0.79 100:0.57 1000:0.57 2000:0.58 | 86.8s
ex16|kwta4|4.0|mnist|0.0|1|50|code: alive shape flat ratio 0.394 silent 0.06 resting 0.04 active 0.12 move 1.27 lock 0.00 static 0.198 pr 19.4 | sent 1:1.5 10:0.33 100:0.59 1000:0.59 2000:0.6 | 63.7s
ex16|kwta4|4.0|none|0.0|1|50|code: alive shape flat ratio 0.349 silent 0.06 resting 0.04 active 0.12 move 1.27 lock 0.00 static 0.198 pr 19.4 | sent 1:1.5 10:0.31 100:0.54 1000:0.56 2000:0.54 | 73.4s
ex16|kwta4|4.0|none|0.9|1|50|code: alive shape flat ratio 0.369 silent 0.58 resting 0.04 active 0.12 move 0.0534 lock 0.00 static 0.444 pr 5.4 | sent 1:1.5 10:0.76 100:0.57 1000:0.58 2000:0.57 | 76.3s
ex16|kwta4|2.0|mnist|0.9|1|50|leak: alive shape flat ratio 0.944 silent 0.58 resting 0.04 active 0.12 move 0.0546 lock 0.00 static 0.454 pr 5.9 | sent 1:0.61 10:0.68 100:0.57 1000:0.58 2000:0.58 | 90.9s
ex16|kwta4|4.0|mnist|0.9|1|50|code: alive shape flat ratio 0.379 silent 0.58 resting 0.04 active 0.12 move 0.056 lock 0.00 static 0.427 pr 5.7 | sent 1:1.5 10:0.75 100:0.58 1000:0.56 2000:0.58 | 62.6s
ex16|kwta4|4.0|none|0.9|1|50|leak: alive shape flat ratio 0.913 silent 0.58 resting 0.04 active 0.12 move 0.0548 lock 0.00 static 0.451 pr 5.7 | sent 1:0.63 10:0.79 100:0.59 1000:0.57 2000:0.57 | 97.8s
ex16|kwta4|16.0|none|0.0|1|50|code: alive shape flat ratio 0.247 silent 0.06 resting 0.04 active 0.12 move 1.27 lock 0.00 static 0.199 pr 19.4 | sent 1:2.4 10:0.25 100:0.57 1000:0.58 2000:0.58 | 65.7s
ex16|kwta4|4.0|mnist|0.9|1|50|leak: alive shape flat ratio 0.863 silent 0.56 resting 0.04 active 0.12 move 0.0589 lock 0.00 static 0.418 pr 5.9 | sent 1:0.67 10:0.79 100:0.58 1000:0.58 2000:0.58 | 79.9s
ex16|kwta4|16.0|none|0.9|1|50|code: alive shape flat ratio 0.24 silent 0.59 resting 0.04 active 0.12 move 0.0532 lock 0.00 static 0.463 pr 5.6 | sent 1:2.4 10:0.73 100:0.59 1000:0.58 2000:0.57 | 68.7s
ex16|kwta4|16.0|mnist|0.9|1|50|code: alive shape flat ratio 0.248 silent 0.58 resting 0.04 active 0.12 move 0.0549 lock 0.00 static 0.419 pr 5.6 | sent 1:2.3 10:0.72 100:0.58 1000:0.58 2000:0.58 | 62.1s
ex16|kwta4|16.0|mnist|0.9|1|50|leak: alive shape flat ratio 0.539 silent 0.55 resting 0.04 active 0.12 move 0.0603 lock 0.00 static 0.448 pr 6.1 | sent 1:1.1 10:0.77 100:0.58 1000:0.57 2000:0.57 | 64.7s
ex16|kwta4|16.0|mnist|0.0|1|50|code: alive shape flat ratio 0.251 silent 0.06 resting 0.04 active 0.12 move 1.27 lock 0.00 static 0.198 pr 19.4 | sent 1:2.3 10:0.27 100:0.57 1000:0.58 2000:0.58 | 81.3s
ex16|kwta4|16.0|none|0.9|1|50|leak: alive shape flat ratio 0.578 silent 0.56 resting 0.04 active 0.12 move 0.0572 lock 0.00 static 0.429 pr 5.8 | sent 1:0.99 10:0.8 100:0.57 1000:0.57 2000:0.57 | 87.0s
