ex16|raw|0|0.5|none|0|0.0|51|leak: DIVERGED at step 80
ex16|raw|0|0.5|sub|30|1.0|50|leak: DIVERGED at step 80
ex16|raw|0|0.5|none|0|0.0|50|leak: DIVERGED at step 80
ex16|raw|0|0.5|sub|30|0.5|51|leak: DIVERGED at step 80
ex16|raw|0|0.5|sub|100|0.5|50|leak: DIVERGED at step 80
ex16|raw|0|0.5|sub|30|0.5|50|leak: DIVERGED at step 80
ex16|raw|0|0.5|sub|30|1.0|51|leak: DIVERGED at step 80
ex16|raw|0|0.5|sub|10|0.5|50|leak: DIVERGED at step 80
ex16|raw|0|0.5|sub|10|1.0|51|leak: DIVERGED at step 90
ex16|raw|0|0.5|sub|100|0.5|51|leak: DIVERGED at step 80
ex16|raw|0|0.5|sub|10|0.5|51|leak: DIVERGED at step 80
ex16|raw|0|0.5|sub|100|1.0|50|leak: DIVERGED at step 80
ex16|raw|0|0.5|sub|10|1.0|50|leak: DIVERGED at step 90
ex16|raw|0|0.5|sub|100|1.0|51|leak: DIVERGED at step 80
ex16|raw|0|0.5|sub|3|0.5|50|leak: DIVERGED at step 100
ex16|raw|0|0.5|sub|3|0.5|51|leak: DIVERGED at step 100
ex16|raw|0|0.5|sub|300|1.0|50|leak: DIVERGED at step 80
ex16|raw|0|0.5|sub|3|1.0|50|leak: DIVERGED at step 150
ex16|raw|0|0.5|sub|300|0.5|50|leak: DIVERGED at step 80
ex16|raw|0|0.5|sub|3|1.0|51|leak: DIVERGED at step 160
ex16|raw|0|0.5|sub|300|0.5|51|leak: DIVERGED at step 80
ex16|raw|0|0.5|sub|300|1.0|51|leak: DIVERGED at step 80
ex16|raw|0|0.5|div|30|0.5|50|leak: static 0.039 sstatic 0.039 c1 0.984 c50 0.023 fac1 0.980 fac50 -0.011 lock 0.00 move 0.178 period None osc -0.080@15 pr 11.2 sens10 -0.33 sens50 -0.02 sat None dead 0.04 frozen 0.04 nbin 300 fat 2.455 | 45.3s
ex16|raw|0|0.5|div|30|2.0|50|leak: static 0.060 sstatic 0.060 c1 0.983 c50 -0.020 fac1 0.979 fac50 -0.069 lock 0.00 move 0.188 period None osc -0.086@15 pr 11.7 sens10 -0.40 sens50 -0.17 sat None dead 0.04 frozen 0.04 nbin 300 fat 2.377 | 45.3s
ex16|raw|0|0.5|div|10|0.5|51|leak: static 0.030 sstatic 0.030 c1 0.969 c50 0.072 fac1 0.965 fac50 0.031 lock 0.00 move 0.246 period None osc -0.042@32 pr 13.1 sens10 -0.25 sens50 0.42 sat None dead 0.03 frozen 0.03 nbin 300 fat 2.110 | 47.5s
ex16|raw|0|0.5|div|3|0.5|50|leak: static 0.018 sstatic 0.018 c1 0.948 c50 -0.023 fac1 0.945 fac50 -0.036 lock 0.00 move 0.322 period None osc -0.044@12 pr 14.8 sens10 -0.03 sens50 1.05 sat None dead 0.04 frozen 0.04 nbin 300 fat 1.770 | 47.7s
ex16|raw|0|0.5|div|3|2.0|51|leak: static 0.049 sstatic 0.049 c1 0.949 c50 0.021 fac1 0.945 fac50 -0.026 lock 0.00 move 0.318 period None osc -0.042@41 pr 14.7 sens10 0.04 sens50 1.09 sat None dead 0.03 frozen 0.18 nbin 300 fat 1.839 | 47.8s
ex16|raw|0|0.5|div|10|2.0|50|leak: static 0.066 sstatic 0.066 c1 0.968 c50 0.054 fac1 0.963 fac50 -0.015 lock 0.00 move 0.257 period None osc -0.081@12 pr 13.6 sens10 -0.23 sens50 0.33 sat None dead 0.04 frozen 0.05 nbin 300 fat 2.135 | 47.7s
ex16|raw|0|0.5|div|30|2.0|51|leak: static 0.043 sstatic 0.043 c1 0.984 c50 0.050 fac1 0.980 fac50 0.004 lock 0.00 move 0.178 period None osc -0.053@27 pr 10.8 sens10 -0.38 sens50 -0.20 sat None dead 0.03 frozen 0.04 nbin 300 fat 2.371 | 46.7s
ex16|raw|0|0.5|div|100|2.0|50|leak: static 0.067 sstatic 0.067 c1 0.991 c50 0.138 fac1 0.987 fac50 0.064 lock 0.00 move 0.142 period None osc -0.083@20 pr 9.8 sens10 -0.42 sens50 -0.30 sat None dead 0.04 frozen 0.05 nbin 300 fat 2.520 | 46.3s
ex16|raw|0|0.5|div|10|2.0|51|leak: static 0.021 sstatic 0.021 c1 0.969 c50 0.061 fac1 0.965 fac50 0.030 lock 0.00 move 0.248 period None osc -0.040@12 pr 12.8 sens10 -0.23 sens50 0.40 sat None dead 0.03 frozen 0.04 nbin 300 fat 2.164 | 49.2s
ex16|raw|0|0.5|div|3|2.0|50|leak: static 0.076 sstatic 0.076 c1 0.946 c50 0.105 fac1 0.940 fac50 0.030 lock 0.00 move 0.332 period None osc -0.070@13 pr 14.9 sens10 0.03 sens50 1.16 sat None dead 0.04 frozen 0.17 nbin 300 fat 1.764 | 50.0s
ex16|raw|0|0.5|div|100|0.5|51|leak: static 0.063 sstatic 0.063 c1 0.993 c50 0.045 fac1 0.989 fac50 -0.017 lock 0.00 move 0.12 period None osc -0.061@23 pr 9.1 sens10 -0.43 sens50 -0.42 sat None dead 0.03 frozen 0.03 nbin 300 fat 2.534 | 48.2s
ex16|raw|0|0.5|div|10|0.5|50|leak: static 0.033 sstatic 0.033 c1 0.967 c50 -0.022 fac1 0.964 fac50 -0.050 lock 0.00 move 0.253 period None osc -0.060@41 pr 13.5 sens10 -0.20 sens50 0.43 sat None dead 0.04 frozen 0.04 nbin 300 fat 2.093 | 50.4s
ex16|raw|0|0.5|dep|3|0.1|50|leak: DIVERGED at step 100
ex16|raw|0|0.5|div|3|0.5|51|leak: static 0.043 sstatic 0.043 c1 0.950 c50 0.079 fac1 0.945 fac50 0.031 lock 0.00 move 0.315 period None osc -0.069@26 pr 14.5 sens10 0.01 sens50 1.24 sat None dead 0.03 frozen 0.03 nbin 300 fat 1.759 | 52.1s
ex16|raw|0|0.5|dep|3|0.1|51|leak: DIVERGED at step 100
ex16|raw|0|0.5|div|30|0.5|51|leak: static 0.034 sstatic 0.034 c1 0.984 c50 0.048 fac1 0.980 fac50 0.013 lock 0.00 move 0.178 period None osc -0.092@27 pr 11.1 sens10 -0.40 sens50 -0.15 sat None dead 0.03 frozen 0.03 nbin 300 fat 2.416 | 51.8s
ex16|raw|0|0.5|div|100|0.5|50|leak: static 0.054 sstatic 0.054 c1 0.991 c50 0.093 fac1 0.988 fac50 0.040 lock 0.00 move 0.133 period None osc -0.129@21 pr 9.8 sens10 -0.38 sens50 -0.31 sat None dead 0.04 frozen 0.04 nbin 300 fat 2.487 | 51.2s
ex16|raw|0|0.5|dep|3|0.5|51|leak: DIVERGED at step 250
ex16|raw|0|0.5|div|100|2.0|51|leak: static 0.077 sstatic 0.077 c1 0.992 c50 0.070 fac1 0.989 fac50 -0.008 lock 0.00 move 0.121 period None osc -0.083@40 pr 9.2 sens10 -0.44 sens50 -0.47 sat None dead 0.03 frozen 0.06 nbin 300 fat 2.554 | 51.9s
ex16|raw|0|0.5|dep|10|0.1|51|leak: DIVERGED at step 160
ex16|raw|0|0.5|dep|3|0.5|50|leak: DIVERGED at step 260
ex16|raw|0|0.5|dep|10|0.1|50|leak: DIVERGED at step 160
ex16|raw|0|0.5|div|300|2.0|50|leak: static 0.117 sstatic 0.117 c1 0.993 c50 0.199 fac1 0.988 fac50 0.056 lock 0.00 move 0.121 period None osc -0.118@24 pr 8.2 sens10 -0.45 sens50 -0.48 sat None dead 0.04 frozen 0.08 nbin 300 fat 2.546 | 36.9s
ex16|raw|0|0.5|dep|30|0.1|51|leak: static 0.443 sstatic 0.443 c1 1.000 c50 0.999 fac1 0.983 fac50 0.362 lock 0.00 move 0.0149 period None osc 0.362@50 pr 1.0 sens10 -0.37 sens50 -0.79 sat None dead 0.03 frozen 0.96 nbin 243 fat 0.273 | 35.0s
ex16|raw|0|0.5|dep|30|0.1|50|leak: static 0.041 sstatic 0.041 c1 0.999 c50 -0.130 fac1 0.989 fac50 -0.104 lock 0.00 move 0.0389 period None osc -0.104@50 pr 1.9 sens10 -0.27 sens50 0.74 sat None dead 0.04 frozen 0.04 nbin 300 fat 0.276 | 36.4s
ex16|raw|0|0.9|none|0|0.0|50|leak: DIVERGED at step 260
ex16|raw|0|0.5|div|300|2.0|51|leak: static 0.080 sstatic 0.080 c1 0.996 c50 -0.015 fac1 0.992 fac50 -0.099 lock 0.00 move 0.0941 period None osc -0.408@32 pr 6.4 sens10 -0.43 sens50 -0.44 sat None dead 0.03 frozen 0.09 nbin 300 fat 2.518 | 45.7s
ex16|raw|0|0.5|dep|10|0.5|50|leak: static 0.184 sstatic 0.184 c1 0.965 c50 0.161 fac1 0.956 fac50 -0.042 lock 0.00 move 0.283 period None osc -0.042@50 pr 13.2 sens10 0.22 sens50 1.28 sat None dead 0.04 frozen 0.09 nbin 300 fat 0.415 | 43.0s
ex16|raw|0|0.5|dep|30|0.5|51|leak: static 0.028 sstatic 0.028 c1 0.969 c50 0.021 fac1 0.966 fac50 -0.006 lock 0.00 move 0.28 period None osc -0.035@24 pr 12.6 sens10 0.10 sens50 0.61 sat None dead 0.03 frozen 0.71 nbin 300 fat 0.366 | 41.5s
ex16|raw|0|0.5|dep|100|0.5|50|leak: static 0.184 sstatic 0.184 c1 0.979 c50 0.180 fac1 0.972 fac50 -0.010 lock 0.00 move 0.489 period None osc -0.178@15 pr 11.7 sens10 -0.13 sens50 0.07 sat None dead 0.04 frozen 0.97 nbin 300 fat 0.326 | 39.3s
ex16|raw|0|0.5|dep|30|0.5|50|leak: static 0.207 sstatic 0.207 c1 0.966 c50 0.207 fac1 0.957 fac50 -0.005 lock 0.00 move 0.36 period None osc -0.154@12 pr 13.4 sens10 0.03 sens50 0.53 sat None dead 0.04 frozen 0.75 nbin 300 fat 0.364 | 42.0s
ex16|raw|0|0.9|none|0|0.0|51|leak: DIVERGED at step 260
ex16|raw|0|0.5|div|300|0.5|51|leak: static 0.055 sstatic 0.055 c1 0.996 c50 0.040 fac1 0.992 fac50 -0.021 lock 0.00 move 0.0906 period None osc -0.182@30 pr 7.5 sens10 -0.50 sens50 -0.61 sat None dead 0.03 frozen 0.03 nbin 300 fat 2.606 | 51.1s
ex16|raw|0|0.5|div|300|0.5|50|leak: static 0.089 sstatic 0.089 c1 0.994 c50 0.056 fac1 0.991 fac50 -0.031 lock 0.00 move 0.104 period None osc -0.118@24 pr 8.0 sens10 -0.40 sens50 -0.46 sat None dead 0.04 frozen 0.04 nbin 300 fat 2.576 | 52.0s
ex16|raw|0|0.5|dep|10|0.5|51|leak: static 0.051 sstatic 0.051 c1 0.966 c50 0.067 fac1 0.963 fac50 0.020 lock 0.00 move 0.26 period None osc -0.025@42 pr 12.1 sens10 0.20 sens50 1.22 sat None dead 0.03 frozen 0.07 nbin 300 fat 0.417 | 47.7s
ex16|raw|0|0.9|sub|10|0.5|50|leak: DIVERGED at step 340
ex16|raw|0|0.9|sub|3|0.5|51|leak: DIVERGED at step 510
ex16|raw|0|0.9|sub|3|0.5|50|leak: DIVERGED at step 520
ex16|raw|0|0.9|sub|10|0.5|51|leak: DIVERGED at step 330
ex16|raw|0|0.5|dep|100|0.1|50|leak: static 0.169 sstatic 0.169 c1 0.980 c50 0.158 fac1 0.974 fac50 -0.010 lock 0.00 move 0.266 period None osc -0.159@15 pr 11.6 sens10 -0.06 sens50 0.13 sat None dead 0.04 frozen 0.30 nbin 300 fat 0.331 | 49.6s
ex16|raw|0|0.5|dep|100|0.1|51|leak: static 0.056 sstatic 0.056 c1 0.984 c50 0.060 fac1 0.981 fac50 0.002 lock 0.00 move 0.195 period None osc -0.047@27 pr 10.5 sens10 -0.12 sens50 0.16 sat None dead 0.03 frozen 0.28 nbin 300 fat 0.341 | 49.1s
ex16|raw|0|0.9|sub|30|0.5|51|leak: DIVERGED at step 280
ex16|raw|0|0.5|dep|300|0.1|50|leak: static 0.181 sstatic 0.181 c1 0.986 c50 0.103 fac1 0.980 fac50 -0.078 lock 0.00 move 0.41 period None osc -0.148@18 pr 10.7 sens10 -0.15 sens50 -0.06 sat None dead 0.04 frozen 0.96 nbin 300 fat 0.314 | 51.3s
ex16|raw|0|0.5|dep|300|0.1|51|leak: static 0.079 sstatic 0.079 c1 0.991 c50 0.001 fac1 0.987 fac50 -0.067 lock 0.00 move 0.264 period None osc -0.105@21 pr 9.2 sens10 -0.09 sens50 -0.03 sat None dead 0.03 frozen 0.98 nbin 300 fat 0.319 | 50.9s
ex16|raw|0|0.9|sub|100|0.5|50|leak: DIVERGED at step 270
ex16|raw|0|0.5|dep|100|0.5|51|leak: static 0.079 sstatic 0.079 c1 0.984 c50 0.074 fac1 0.980 fac50 -0.000 lock 0.00 move 0.376 period None osc -0.084@16 pr 10.8 sens10 -0.07 sens50 0.30 sat None dead 0.03 frozen 0.99 nbin 300 fat 0.336 | 52.3s
ex16|raw|0|0.9|sub|30|0.5|50|leak: DIVERGED at step 290
ex16|raw|0|0.9|sub|30|1.0|50|leak: DIVERGED at step 320
ex16|raw|0|0.9|sub|30|1.0|51|leak: DIVERGED at step 310
ex16|raw|0|0.9|sub|100|1.0|51|leak: DIVERGED at step 270
ex16|raw|0|0.9|sub|100|0.5|51|leak: DIVERGED at step 270
ex16|raw|0|0.9|sub|300|1.0|50|leak: DIVERGED at step 270
ex16|raw|0|0.9|sub|100|1.0|50|leak: DIVERGED at step 280
ex16|raw|0|0.5|dep|300|0.5|50|leak: static 0.167 sstatic 0.167 c1 0.986 c50 0.066 fac1 0.981 fac50 -0.102 lock 0.00 move 0.546 period None osc -0.127@19 pr 10.0 sens10 -0.15 sens50 -0.04 sat None dead 0.04 frozen 0.97 nbin 300 fat 0.309 | 30.3s
ex16|raw|0|0.9|sub|300|0.5|50|leak: DIVERGED at step 270
ex16|raw|0|0.9|sub|300|0.5|51|leak: DIVERGED at step 260
ex16|raw|0|0.9|sub|10|1.0|50|leak: DIVERGED at step 580
ex16|raw|0|0.9|sub|300|1.0|51|leak: DIVERGED at step 260
ex16|raw|0|0.5|dep|300|0.5|51|leak: static 0.093 sstatic 0.093 c1 0.992 c50 0.101 fac1 0.988 fac50 0.017 lock 0.00 move 0.508 period None osc -0.148@23 pr 9.1 sens10 -0.16 sens50 -0.12 sat None dead 0.03 frozen 0.99 nbin 300 fat 0.315 | 29.0s
ex16|raw|0|0.9|sub|10|1.0|51|leak: DIVERGED at step 590
ex16|raw|0|0.9|sub|3|1.0|51|leak: static 0.000 sstatic 0.000 c1 0.964 c50 0.021 fac1 0.965 fac50 0.013 lock 0.00 move 0.906 period None osc -0.639@13 pr 4.7 sens10 -0.78 sens50 -1.82 sat None dead 0.03 frozen 1.00 nbin 1 fat 1.004 | 28.2s
ex16|raw|0|0.9|sub|3|1.0|50|leak: static 0.000 sstatic 0.000 c1 0.939 c50 0.017 fac1 0.942 fac50 0.019 lock 0.00 move 0.806 period None osc -0.418@11 pr 9.0 sens10 -0.79 sens50 -1.77 sat None dead 0.04 frozen 1.00 nbin 1 fat 0.987 | 30.8s
ex16|raw|0|0.9|div|3|2.0|51|leak: static 0.437 sstatic 0.437 c1 0.999 c50 0.473 fac1 0.995 fac50 0.050 lock 0.00 move 0.0389 period None osc 0.050@50 pr 4.5 sens10 -0.50 sens50 -0.24 sat None dead 0.03 frozen 1.00 nbin 1 fat 1.730 | 25.9s
ex16|raw|0|0.9|div|3|2.0|50|leak: static 0.407 sstatic 0.407 c1 0.999 c50 0.470 fac1 0.994 fac50 0.063 lock 0.00 move 0.0414 period None osc 0.063@50 pr 4.5 sens10 -0.44 sens50 -0.16 sat None dead 0.04 frozen 1.00 nbin 1 fat 1.612 | 33.0s
ex16|raw|0|0.9|div|3|0.5|51|leak: static 0.297 sstatic 0.297 c1 0.999 c50 0.419 fac1 0.994 fac50 0.117 lock 0.00 move 0.0397 period None osc 0.117@50 pr 4.1 sens10 -0.46 sens50 -0.14 sat None dead 0.03 frozen 0.08 nbin 300 fat 1.645 | 35.1s
ex16|raw|0|0.9|div|10|2.0|51|leak: static 0.153 sstatic 0.153 c1 0.998 c50 0.060 fac1 0.994 fac50 -0.102 lock 0.00 move 0.0555 period None osc -0.102@50 pr 5.9 sens10 -0.43 sens50 -0.20 sat None dead 0.03 frozen 0.61 nbin 300 fat 1.710 | 28.8s
ex16|raw|0|0.9|div|10|0.5|51|leak: static 0.176 sstatic 0.176 c1 0.999 c50 0.151 fac1 0.995 fac50 -0.043 lock 0.00 move 0.0524 period None osc -0.043@50 pr 5.7 sens10 -0.43 sens50 -0.18 sat None dead 0.03 frozen 0.04 nbin 300 fat 1.697 | 32.9s
ex16|raw|0|0.9|div|100|0.5|50|leak: static 0.233 sstatic 0.233 c1 0.999 c50 0.207 fac1 0.996 fac50 -0.034 lock 0.00 move 0.0336 period None osc -0.034@50 pr 4.3 sens10 -0.55 sens50 -0.59 sat None dead 0.04 frozen 0.07 nbin 300 fat 2.306 | 28.9s
ex16|raw|0|0.9|div|30|0.5|50|leak: static 0.216 sstatic 0.216 c1 0.999 c50 0.088 fac1 0.994 fac50 -0.145 lock 0.00 move 0.0471 period None osc -0.145@50 pr 5.8 sens10 -0.46 sens50 -0.34 sat None dead 0.04 frozen 0.05 nbin 300 fat 1.982 | 33.9s
ex16|raw|0|0.9|div|3|0.5|50|leak: static 0.331 sstatic 0.331 c1 0.999 c50 0.413 fac1 0.994 fac50 0.072 lock 0.00 move 0.0396 period None osc 0.072@50 pr 4.5 sens10 -0.43 sens50 -0.20 sat None dead 0.04 frozen 0.10 nbin 300 fat 1.632 | 41.6s
ex16|raw|0|0.9|div|100|2.0|50|leak: static 0.243 sstatic 0.243 c1 0.999 c50 0.180 fac1 0.995 fac50 -0.071 lock 0.00 move 0.0353 period None osc -0.071@50 pr 4.5 sens10 -0.54 sens50 -0.54 sat None dead 0.04 frozen 0.34 nbin 300 fat 2.280 | 27.6s
ex16|raw|0|0.9|div|100|0.5|51|leak: static 0.220 sstatic 0.220 c1 0.999 c50 0.221 fac1 0.995 fac50 -0.017 lock 0.00 move 0.0338 period None osc -0.017@50 pr 4.4 sens10 -0.55 sens50 -0.56 sat None dead 0.03 frozen 0.06 nbin 300 fat 2.273 | 34.7s
ex16|raw|0|0.9|div|100|2.0|51|leak: static 0.233 sstatic 0.233 c1 0.999 c50 0.205 fac1 0.995 fac50 -0.051 lock 0.00 move 0.0333 period None osc -0.051@50 pr 4.3 sens10 -0.55 sens50 -0.60 sat None dead 0.03 frozen 0.34 nbin 300 fat 2.271 | 27.4s
ex16|raw|0|0.9|dep|3|0.1|50|leak: DIVERGED at step 360
ex16|raw|0|0.9|dep|3|0.1|51|leak: DIVERGED at step 360
ex16|raw|0|0.9|div|10|0.5|50|leak: static 0.228 sstatic 0.228 c1 0.999 c50 0.198 fac1 0.995 fac50 -0.040 lock 0.00 move 0.0512 period None osc -0.040@50 pr 5.7 sens10 -0.41 sens50 -0.16 sat None dead 0.04 frozen 0.06 nbin 300 fat 1.708 | 47.5s
ex16|raw|0|0.9|div|10|2.0|50|leak: static 0.259 sstatic 0.259 c1 0.999 c50 0.204 fac1 0.994 fac50 -0.065 lock 0.00 move 0.0529 period None osc -0.065@50 pr 5.8 sens10 -0.41 sens50 -0.25 sat None dead 0.04 frozen 0.67 nbin 300 fat 1.769 | 47.3s
ex16|raw|0|0.9|div|30|2.0|51|leak: static 0.148 sstatic 0.148 c1 0.999 c50 0.144 fac1 0.994 fac50 -0.053 lock 0.00 move 0.0456 period None osc -0.053@50 pr 5.2 sens10 -0.48 sens50 -0.38 sat None dead 0.03 frozen 0.29 nbin 300 fat 2.001 | 45.2s
ex16|raw|0|0.9|div|30|2.0|50|leak: static 0.179 sstatic 0.179 c1 0.999 c50 0.079 fac1 0.994 fac50 -0.118 lock 0.00 move 0.0475 period None osc -0.118@50 pr 5.6 sens10 -0.46 sens50 -0.33 sat None dead 0.04 frozen 0.31 nbin 300 fat 2.046 | 45.7s
ex16|raw|0|0.9|div|30|0.5|51|leak: static 0.154 sstatic 0.154 c1 0.999 c50 0.072 fac1 0.995 fac50 -0.095 lock 0.00 move 0.0459 period None osc -0.095@50 pr 5.4 sens10 -0.47 sens50 -0.40 sat None dead 0.03 frozen 0.04 nbin 300 fat 2.050 | 46.4s
ex16|raw|0|0.9|div|300|0.5|50|leak: static 0.324 sstatic 0.324 c1 1.000 c50 0.478 fac1 0.995 fac50 0.167 lock 0.00 move 0.0237 period None osc 0.167@50 pr 3.3 sens10 -0.58 sens50 -0.64 sat None dead 0.04 frozen 0.13 nbin 300 fat 2.460 | 27.3s
ex16|raw|0|0.9|dep|10|0.1|50|leak: DIVERGED at step 700
ex16|raw|0|0.9|dep|10|0.1|51|leak: DIVERGED at step 690
ex16|raw|0|0.9|dep|3|0.5|50|leak: static nan sstatic nan c1 nan c50 nan fac1 nan fac50 nan lock 0.00 move nan period 1 osc nan@1 pr nan sens10 None sens50 None sat None dead 0.04 frozen 0.11 nbin 300 fat 0.421 | 20.5s
ex16|raw|0|0.9|div|300|2.0|51|leak: static 0.325 sstatic 0.325 c1 1.000 c50 0.499 fac1 0.995 fac50 0.194 lock 0.00 move 0.0233 period None osc 0.194@50 pr 3.1 sens10 -0.60 sens50 -0.67 sat None dead 0.03 frozen 0.46 nbin 300 fat 2.497 | 26.1s
ex16|raw|0|0.9|dep|10|0.5|51|leak: static 0.360 sstatic 0.360 c1 1.000 c50 0.508 fac1 0.994 fac50 0.138 lock 0.00 move 0.0327 period None osc 0.138@50 pr 3.6 sens10 -0.05 sens50 0.20 sat None dead 0.03 frozen 0.47 nbin 300 fat 0.472 | 27.6s
ex16|raw|0|0.9|dep|10|0.5|50|leak: static 0.552 sstatic 0.552 c1 1.000 c50 0.626 fac1 0.994 fac50 0.100 lock 0.00 move 0.0354 period None osc 0.100@50 pr 4.0 sens10 -0.02 sens50 0.29 sat None dead 0.04 frozen 0.53 nbin 300 fat 0.466 | 27.9s
ex16|raw|0|0.9|dep|30|0.1|50|leak: static 0.606 sstatic 0.606 c1 1.000 c50 0.904 fac1 0.992 fac50 0.502 lock 0.76 move 0.00933 period None osc 0.502@50 pr 1.3 sens10 -0.19 sens50 -0.33 sat None dead 0.04 frozen 0.31 nbin 300 fat 0.294 | 27.7s
ex16|relu|0|0.5|none|0|0.0|50|leak: DIVERGED at step 100
ex16|relu|0|0.5|none|0|0.0|51|leak: DIVERGED at step 110
ex16|relu|0|0.5|sub|3|0.5|50|leak: DIVERGED at step 160
ex16|relu|0|0.5|sub|3|0.5|51|leak: DIVERGED at step 170
ex16|raw|0|0.9|div|300|0.5|51|leak: static 0.318 sstatic 0.318 c1 1.000 c50 0.572 fac1 0.995 fac50 0.255 lock 0.00 move 0.0211 period None osc 0.255@50 pr 2.9 sens10 -0.60 sens50 -0.68 sat None dead 0.03 frozen 0.11 nbin 300 fat 2.507 | 45.6s
ex16|raw|0|0.9|dep|3|0.5|51|leak: static nan sstatic nan c1 nan c50 nan fac1 nan fac50 nan lock 0.00 move nan period 1 osc nan@1 pr nan sens10 None sens50 None sat None dead 0.03 frozen 0.80 nbin 300 fat 0.418 | 37.7s
ex16|raw|0|0.9|div|300|2.0|50|leak: static 0.297 sstatic 0.297 c1 1.000 c50 0.479 fac1 0.996 fac50 0.201 lock 0.00 move 0.0248 period None osc 0.201@50 pr 3.1 sens10 -0.58 sens50 -0.62 sat None dead 0.04 frozen 0.44 nbin 300 fat 2.493 | 45.4s
ex16|relu|0|0.5|sub|10|0.5|50|leak: DIVERGED at step 110
ex16|relu|0|0.5|sub|10|1.0|50|leak: DIVERGED at step 140
ex16|relu|0|0.5|sub|10|0.5|51|leak: DIVERGED at step 120
ex16|raw|0|0.9|dep|300|0.1|50|leak: static 0.323 sstatic 0.323 c1 0.999 c50 0.258 fac1 0.996 fac50 -0.092 lock 0.00 move 0.0812 period None osc -0.092@50 pr 4.6 sens10 -0.12 sens50 -0.07 sat None dead 0.04 frozen 0.98 nbin 300 fat 0.346 | 27.4s
ex16|relu|0|0.5|sub|30|0.5|50|leak: DIVERGED at step 110
ex16|relu|0|0.5|sub|30|1.0|50|leak: DIVERGED at step 110
ex16|relu|0|0.5|sub|10|1.0|51|leak: DIVERGED at step 140
ex16|relu|0|0.5|sub|30|1.0|51|leak: DIVERGED at step 110
ex16|relu|0|0.5|sub|30|0.5|51|leak: DIVERGED at step 110
ex16|relu|0|0.5|sub|100|0.5|50|leak: DIVERGED at step 100
ex16|relu|0|0.5|sub|100|1.0|50|leak: DIVERGED at step 100
ex16|raw|0|0.9|dep|300|0.5|50|leak: static 0.338 sstatic 0.338 c1 0.999 c50 0.296 fac1 0.995 fac50 -0.063 lock 0.00 move 0.112 period None osc -0.063@50 pr 4.9 sens10 -0.13 sens50 -0.09 sat None dead 0.04 frozen 0.99 nbin 299 fat 0.340 | 27.8s
ex16|raw|0|0.9|dep|300|0.1|51|leak: static 0.193 sstatic 0.193 c1 0.999 c50 0.159 fac1 0.995 fac50 -0.059 lock 0.00 move 0.0566 period None osc -0.059@50 pr 4.5 sens10 -0.12 sens50 -0.02 sat None dead 0.03 frozen 1.00 nbin 193 fat 0.352 | 28.0s
ex16|relu|0|0.5|sub|300|0.5|50|leak: DIVERGED at step 100
ex16|relu|0|0.5|sub|100|0.5|51|leak: DIVERGED at step 110
ex16|relu|0|0.5|sub|100|1.0|51|leak: DIVERGED at step 110
ex16|relu|0|0.5|sub|300|0.5|51|leak: DIVERGED at step 110
ex16|relu|0|0.5|sub|300|1.0|50|leak: DIVERGED at step 100
ex16|raw|0|0.9|dep|30|0.1|51|leak: static 0.911 sstatic 0.911 c1 1.000 c50 0.987 fac1 0.991 fac50 0.497 lock 1.00 move 0.00395 period None osc 0.497@50 pr 1.3 sens10 -0.20 sens50 -0.38 sat None dead 0.03 frozen 0.76 nbin 298 fat 0.278 | 40.6s
ex16|relu|0|0.5|sub|300|1.0|51|leak: DIVERGED at step 110
ex16|raw|0|0.9|dep|300|0.5|51|leak: static 0.245 sstatic 0.245 c1 0.999 c50 0.240 fac1 0.995 fac50 -0.013 lock 0.00 move 0.102 period None osc -0.013@50 pr 4.2 sens10 -0.13 sens50 -0.07 sat None dead 0.03 frozen 1.00 nbin 194 fat 0.350 | 28.9s
ex16|raw|0|0.9|dep|100|0.1|50|leak: static 0.317 sstatic 0.317 c1 0.999 c50 0.170 fac1 0.995 fac50 -0.175 lock 0.00 move 0.0547 period None osc -0.175@50 pr 5.5 sens10 -0.08 sens50 0.11 sat None dead 0.04 frozen 0.72 nbin 300 fat 0.389 | 47.8s
ex16|raw|0|0.9|dep|30|0.5|50|leak: static 0.465 sstatic 0.465 c1 0.999 c50 0.406 fac1 0.995 fac50 -0.112 lock 0.00 move 0.0675 period None osc -0.112@50 pr 5.7 sens10 -0.04 sens50 0.29 sat None dead 0.04 frozen 0.96 nbin 300 fat 0.437 | 50.0s
ex16|raw|0|0.9|dep|30|0.5|51|leak: static 0.265 sstatic 0.265 c1 0.999 c50 0.241 fac1 0.995 fac50 -0.035 lock 0.00 move 0.0522 period None osc -0.035@50 pr 5.1 sens10 -0.02 sens50 0.26 sat None dead 0.03 frozen 0.97 nbin 273 fat 0.442 | 52.0s
ex16|relu|0|0.5|sub|3|1.0|50|leak: static 0.003 sstatic 0.059 c1 0.676 c50 -0.035 fac1 0.650 fac50 0.002 lock 0.00 move 0.811 period None osc -0.361@4 pr 6.5 sens10 0.17 sens50 1.26 sat None dead 0.04 frozen 0.04 nbin 300 fat 0.779 | 28.3s
ex16|raw|0|0.9|dep|100|0.1|51|leak: static 0.139 sstatic 0.139 c1 0.999 c50 0.109 fac1 0.995 fac50 -0.044 lock 0.00 move 0.0458 period None osc -0.044@50 pr 4.9 sens10 -0.08 sens50 0.16 sat None dead 0.03 frozen 0.69 nbin 300 fat 0.390 | 51.7s
ex16|relu|0|0.5|sub|3|1.0|51|leak: static 0.003 sstatic 0.066 c1 0.680 c50 0.000 fac1 0.663 fac50 0.011 lock 0.00 move 0.801 period None osc -0.359@5 pr 6.8 sens10 0.16 sens50 1.25 sat None dead 0.03 frozen 0.03 nbin 300 fat 0.779 | 28.3s
ex16|raw|0|0.9|dep|100|0.5|51|leak: static 0.252 sstatic 0.252 c1 0.999 c50 0.158 fac1 0.995 fac50 -0.116 lock 0.00 move 0.0797 period None osc -0.116@50 pr 5.2 sens10 -0.07 sens50 0.16 sat None dead 0.03 frozen 1.00 nbin 183 fat 0.392 | 50.4s
ex16|raw|0|0.9|dep|100|0.5|50|leak: static 0.406 sstatic 0.406 c1 0.999 c50 0.335 fac1 0.995 fac50 -0.116 lock 0.00 move 0.101 period None osc -0.116@50 pr 5.5 sens10 -0.09 sens50 0.05 sat None dead 0.04 frozen 0.99 nbin 299 fat 0.379 | 52.4s
ex16|relu|0|0.5|div|3|0.5|50|leak: static 0.928 sstatic 0.939 c1 0.994 c50 0.929 fac1 0.914 fac50 0.020 lock 0.00 move 0.118 period None osc -0.273@8 pr 9.6 sens10 0.00 sens50 0.90 sat None dead 0.04 frozen 0.57 nbin 300 fat 1.042 | 28.4s
ex16|relu|0|0.5|div|3|2.0|51|leak: static 0.919 sstatic 0.936 c1 0.994 c50 0.925 fac1 0.919 fac50 0.063 lock 0.00 move 0.131 period None osc -0.250@8 pr 9.2 sens10 -0.02 sens50 0.67 sat None dead 0.03 frozen 1.00 nbin 30 fat 0.987 | 28.4s
ex16|relu|0|0.5|div|10|0.5|50|leak: static 0.679 sstatic 0.748 c1 0.981 c50 0.674 fac1 0.939 fac50 -0.022 lock 0.00 move 0.197 period None osc -0.295@11 pr 11.5 sens10 -0.15 sens50 0.47 sat None dead 0.04 frozen 0.24 nbin 300 fat 1.134 | 28.5s
ex16|relu|0|0.5|div|10|2.0|50|leak: static 0.674 sstatic 0.744 c1 0.979 c50 0.677 fac1 0.936 fac50 0.004 lock 0.00 move 0.227 period None osc -0.303@11 pr 11.8 sens10 -0.09 sens50 0.65 sat None dead 0.04 frozen 0.57 nbin 300 fat 1.213 | 28.4s
ex16|relu|0|0.5|div|10|0.5|51|leak: static 0.664 sstatic 0.737 c1 0.981 c50 0.672 fac1 0.940 fac50 0.006 lock 0.00 move 0.197 period None osc -0.315@11 pr 11.5 sens10 -0.10 sens50 0.69 sat None dead 0.03 frozen 0.23 nbin 300 fat 1.113 | 28.6s
ex16|relu|0|0.5|dep|3|0.1|50|leak: DIVERGED at step 140
ex16|relu|0|0.5|dep|3|0.1|51|leak: DIVERGED at step 140
ex16|relu|0|0.5|div|10|2.0|51|leak: static 0.670 sstatic 0.740 c1 0.981 c50 0.682 fac1 0.940 fac50 0.020 lock 0.00 move 0.203 period None osc -0.314@11 pr 11.2 sens10 -0.04 sens50 0.68 sat None dead 0.03 frozen 0.62 nbin 300 fat 1.115 | 27.3s
ex16|relu|0|0.5|div|30|2.0|51|leak: static 0.553 sstatic 0.645 c1 0.984 c50 0.550 fac1 0.962 fac50 -0.021 lock 0.00 move 0.184 period None osc -0.200@15 pr 11.2 sens10 -0.08 sens50 0.67 sat None dead 0.03 frozen 0.47 nbin 300 fat 1.264 | 27.4s
ex16|relu|0|0.5|div|100|0.5|51|leak: static 0.501 sstatic 0.606 c1 0.988 c50 0.495 fac1 0.974 fac50 -0.026 lock 0.00 move 0.154 period None osc -0.109@24 pr 10.7 sens10 -0.24 sens50 0.36 sat None dead 0.03 frozen 0.15 nbin 300 fat 1.365 | 27.4s
ex16|relu|0|0.5|dep|10|0.1|50|leak: DIVERGED at step 300
ex16|relu|0|0.5|div|3|0.5|51|leak: static 0.913 sstatic 0.930 c1 0.994 c50 0.920 fac1 0.925 fac50 0.067 lock 0.00 move 0.115 period None osc -0.223@9 pr 9.0 sens10 0.01 sens50 0.85 sat None dead 0.03 frozen 0.55 nbin 300 fat 1.000 | 48.2s
ex16|relu|0|0.5|dep|10|0.1|51|leak: DIVERGED at step 320
ex16|relu|0|0.5|dep|3|0.5|50|leak: DIVERGED at step 714
ex16|relu|0|0.5|div|3|2.0|50|leak: static 0.910 sstatic 0.926 c1 0.991 c50 0.907 fac1 0.901 fac50 -0.020 lock 0.00 move 0.183 period None osc -0.205@8 pr 10.4 sens10 -0.00 sens50 0.47 sat None dead 0.04 frozen 0.98 nbin 119 fat 1.058 | 49.8s
ex16|relu|0|0.5|div|300|0.5|50|leak: static 0.494 sstatic 0.600 c1 0.990 c50 0.471 fac1 0.978 fac50 -0.065 lock 0.00 move 0.14 period None osc -0.065@50 pr 10.1 sens10 -0.19 sens50 0.49 sat None dead 0.04 frozen 0.14 nbin 300 fat 1.399 | 28.6s
ex16|relu|0|0.5|dep|3|0.5|51|leak: DIVERGED at step 861
ex16|relu|0|0.5|div|30|0.5|50|leak: static 0.564 sstatic 0.661 c1 0.985 c50 0.564 fac1 0.962 fac50 -0.015 lock 0.00 move 0.175 period None osc -0.176@16 pr 11.3 sens10 -0.11 sens50 0.56 sat None dead 0.04 frozen 0.17 nbin 300 fat 1.294 | 47.3s
ex16|relu|0|0.5|div|300|2.0|50|leak: static 0.494 sstatic 0.603 c1 0.989 c50 0.477 fac1 0.977 fac50 -0.060 lock 0.00 move 0.171 period None osc -0.072@40 pr 10.2 sens10 -0.14 sens50 0.60 sat None dead 0.04 frozen 0.41 nbin 300 fat 1.386 | 28.8s
ex16|relu|0|0.5|div|300|0.5|51|leak: static 0.426 sstatic 0.526 c1 0.990 c50 0.449 fac1 0.980 fac50 -0.061 lock 0.00 move 0.141 period None osc -0.063@44 pr 8.1 sens10 -0.19 sens50 0.56 sat None dead 0.03 frozen 0.14 nbin 300 fat 1.389 | 28.9s
ex16|relu|0|0.5|div|300|2.0|51|leak: static 0.480 sstatic 0.589 c1 0.990 c50 0.464 fac1 0.979 fac50 -0.040 lock 0.00 move 0.142 period None osc -0.059@27 pr 9.9 sens10 -0.11 sens50 0.81 sat None dead 0.03 frozen 0.41 nbin 300 fat 1.327 | 28.8s
ex16|relu|0|0.5|div|30|0.5|51|leak: static 0.553 sstatic 0.644 c1 0.984 c50 0.531 fac1 0.961 fac50 -0.045 lock 0.00 move 0.18 period None osc -0.205@15 pr 11.3 sens10 -0.13 sens50 0.73 sat None dead 0.03 frozen 0.17 nbin 300 fat 1.242 | 50.0s
ex16|relu|0|0.5|div|100|0.5|50|leak: static 0.520 sstatic 0.623 c1 0.988 c50 0.508 fac1 0.972 fac50 -0.036 lock 0.00 move 0.153 period None osc -0.094@22 pr 10.8 sens10 -0.18 sens50 0.55 sat None dead 0.04 frozen 0.15 nbin 300 fat 1.396 | 50.1s
ex16|relu|0|0.5|div|100|2.0|50|leak: static 0.518 sstatic 0.621 c1 0.988 c50 0.499 fac1 0.973 fac50 -0.055 lock 0.00 move 0.177 period None osc -0.123@31 pr 10.6 sens10 -0.22 sens50 0.55 sat None dead 0.04 frozen 0.40 nbin 300 fat 1.369 | 50.0s
ex16|relu|0|0.5|div|30|2.0|50|leak: static 0.570 sstatic 0.659 c1 0.984 c50 0.586 fac1 0.960 fac50 0.028 lock 0.00 move 0.203 period None osc -0.178@18 pr 11.5 sens10 -0.23 sens50 0.34 sat None dead 0.04 frozen 0.43 nbin 300 fat 1.345 | 51.4s
ex16|relu|0|0.5|div|100|2.0|51|leak: static 0.499 sstatic 0.605 c1 0.989 c50 0.465 fac1 0.975 fac50 -0.066 lock 0.00 move 0.154 period None osc -0.110@25 pr 10.4 sens10 -0.18 sens50 0.56 sat None dead 0.03 frozen 0.42 nbin 300 fat 1.336 | 51.2s
ex16|relu|0|0.9|none|0|0.0|50|leak: DIVERGED at step 380
ex16|relu|0|0.5|dep|10|0.5|50|leak: static 0.840 sstatic 0.856 c1 0.983 c50 0.841 fac1 0.897 fac50 -0.029 lock 0.00 move 0.261 period None osc -0.252@8 pr 13.7 sens10 0.20 sens50 1.16 sat None dead 0.04 frozen 0.73 nbin 300 fat 0.748 | 29.9s
ex16|relu|0|0.5|dep|30|0.1|50|leak: static 0.669 sstatic 0.723 c1 0.980 c50 0.662 fac1 0.940 fac50 -0.019 lock 0.00 move 0.213 period None osc -0.233@13 pr 13.5 sens10 0.09 sens50 1.39 sat None dead 0.04 frozen 0.23 nbin 300 fat 0.679 | 30.0s
ex16|relu|0|0.9|none|0|0.0|51|leak: DIVERGED at step 400
ex16|relu|0|0.5|dep|30|0.1|51|leak: static 0.645 sstatic 0.698 c1 0.980 c50 0.648 fac1 0.940 fac50 -0.010 lock 0.00 move 0.205 period None osc -0.218@12 pr 13.1 sens10 0.28 sens50 1.39 sat None dead 0.03 frozen 0.24 nbin 300 fat 0.689 | 30.5s
ex16|relu|0|0.5|dep|30|0.5|51|leak: static 0.610 sstatic 0.676 c1 0.975 c50 0.630 fac1 0.933 fac50 0.013 lock 0.00 move 0.299 period None osc -0.192@12 pr 13.7 sens10 0.17 sens50 1.41 sat None dead 0.03 frozen 0.97 nbin 300 fat 0.696 | 30.2s
ex16|relu|0|0.5|dep|100|0.1|50|leak: static 0.550 sstatic 0.634 c1 0.974 c50 0.548 fac1 0.945 fac50 -0.017 lock 0.00 move 0.314 period None osc -0.115@15 pr 14.0 sens10 0.22 sens50 1.49 sat None dead 0.04 frozen 0.65 nbin 300 fat 0.626 | 30.5s
ex16|relu|0|0.5|dep|100|0.5|50|leak: static 0.547 sstatic 0.635 c1 0.970 c50 0.544 fac1 0.938 fac50 -0.025 lock 0.00 move 0.52 period None osc -0.117@15 pr 14.3 sens10 0.08 sens50 1.27 sat None dead 0.04 frozen 0.97 nbin 300 fat 0.624 | 30.0s
ex16|relu|0|0.5|dep|100|0.5|51|leak: static 0.509 sstatic 0.599 c1 0.978 c50 0.501 fac1 0.952 fac50 -0.031 lock 0.00 move 0.433 period None osc -0.132@16 pr 13.3 sens10 0.23 sens50 1.45 sat None dead 0.03 frozen 0.99 nbin 300 fat 0.637 | 30.2s
ex16|relu|0|0.5|dep|300|0.1|50|leak: static 0.505 sstatic 0.601 c1 0.975 c50 0.483 fac1 0.952 fac50 -0.050 lock 0.00 move 0.456 period None osc -0.069@37 pr 13.3 sens10 0.12 sens50 1.16 sat None dead 0.04 frozen 0.97 nbin 300 fat 0.597 | 30.0s
ex16|relu|0|0.9|sub|10|0.5|50|leak: DIVERGED at step 590
ex16|relu|0|0.9|sub|30|0.5|50|leak: DIVERGED at step 440
ex16|relu|0|0.9|sub|30|0.5|51|leak: DIVERGED at step 460
ex16|relu|0|0.9|sub|3|0.5|51|leak: static nan sstatic nan c1 nan c50 nan fac1 nan fac50 nan lock 0.00 move nan period 1 osc nan@1 pr nan sens10 None sens50 None sat None dead 0.03 frozen 1.00 nbin 30 fat 0.449 | 20.2s
ex16|relu|0|0.9|sub|10|0.5|51|leak: DIVERGED at step 630
ex16|relu|0|0.5|dep|10|0.5|51|leak: static 0.825 sstatic 0.840 c1 0.986 c50 0.826 fac1 0.914 fac50 -0.014 lock 0.00 move 0.196 period None osc -0.292@9 pr 13.0 sens10 0.17 sens50 1.51 sat None dead 0.03 frozen 0.78 nbin 300 fat 0.769 | 54.1s
ex16|relu|0|0.9|sub|30|1.0|50|leak: DIVERGED at step 560
ex16|relu|0|0.9|sub|100|0.5|50|leak: DIVERGED at step 400
ex16|relu|0|0.5|dep|30|0.5|50|leak: static 0.657 sstatic 0.714 c1 0.971 c50 0.661 fac1 0.920 fac50 -0.007 lock 0.00 move 0.407 period None osc -0.196@11 pr 14.5 sens10 0.17 sens50 1.12 sat None dead 0.04 frozen 0.95 nbin 300 fat 0.677 | 54.7s
ex16|relu|0|0.9|sub|100|0.5|51|leak: DIVERGED at step 410
ex16|relu|0|0.9|sub|100|1.0|50|leak: DIVERGED at step 420
ex16|relu|0|0.9|sub|3|1.0|50|leak: static 0.001 sstatic 0.317 c1 0.913 c50 0.010 fac1 0.917 fac50 0.005 lock 0.00 move 0.874 period None osc -0.304@11 pr 10.1 sens10 -0.95 sens50 -2.23 sat None dead 0.04 frozen 1.00 nbin 1 fat 1.009 | 28.1s
ex16|relu|0|0.5|dep|100|0.1|51|leak: static 0.505 sstatic 0.600 c1 0.978 c50 0.512 fac1 0.954 fac50 -0.014 lock 0.00 move 0.238 period None osc -0.126@23 pr 13.2 sens10 0.17 sens50 1.46 sat None dead 0.03 frozen 0.67 nbin 300 fat 0.646 | 50.3s
ex16|relu|0|0.9|sub|30|1.0|51|leak: DIVERGED at step 610
ex16|relu|0|0.9|sub|300|0.5|50|leak: DIVERGED at step 390
ex16|relu|0|0.9|sub|300|1.0|51|leak: DIVERGED at step 410
ex16|relu|0|0.9|sub|3|0.5|50|leak: static nan sstatic nan c1 nan c50 nan fac1 nan fac50 nan lock 0.00 move nan period 1 osc nan@1 pr nan sens10 None sens50 None sat None dead 0.04 frozen 1.00 nbin 3 fat 0.445 | 37.3s
ex16|relu|0|0.9|sub|10|1.0|50|leak: static 0.003 sstatic 0.325 c1 0.989 c50 0.038 fac1 0.986 fac50 0.029 lock 0.00 move 0.16 period None osc -0.417@25 pr 8.5 sens10 -0.24 sens50 -0.05 sat None dead 0.04 frozen 0.90 nbin 272 fat 0.856 | 27.3s
ex16|relu|0|0.9|sub|10|1.0|51|leak: static 0.003 sstatic 0.324 c1 0.990 c50 0.020 fac1 0.987 fac50 0.017 lock 0.00 move 0.144 period None osc -0.433@26 pr 7.4 sens10 -0.33 sens50 -0.21 sat None dead 0.03 frozen 0.92 nbin 238 fat 0.923 | 27.5s
ex16|relu|0|0.5|dep|300|0.1|51|leak: static 0.447 sstatic 0.553 c1 0.981 c50 0.440 fac1 0.961 fac50 -0.047 lock 0.00 move 0.329 period None osc -0.075@31 pr 12.3 sens10 0.22 sens50 1.55 sat None dead 0.03 frozen 0.99 nbin 299 fat 0.609 | 54.4s
ex16|relu|0|0.9|sub|100|1.0|51|leak: DIVERGED at step 430
ex16|relu|0|0.5|dep|300|0.5|50|leak: static 0.493 sstatic 0.603 c1 0.970 c50 0.495 fac1 0.942 fac50 -0.036 lock 0.00 move 0.552 period None osc -0.061@19 pr 13.6 sens10 0.03 sens50 1.01 sat None dead 0.04 frozen 0.97 nbin 300 fat 0.588 | 53.2s
ex16|relu|0|0.9|sub|300|0.5|51|leak: DIVERGED at step 400
ex16|relu|0|0.9|sub|300|1.0|50|leak: DIVERGED at step 390
ex16|relu|0|0.5|dep|300|0.5|51|leak: static 0.449 sstatic 0.555 c1 0.981 c50 0.446 fac1 0.963 fac50 -0.040 lock 0.00 move 0.524 period None osc -0.083@30 pr 12.2 sens10 0.17 sens50 1.51 sat None dead 0.03 frozen 0.99 nbin 300 fat 0.611 | 54.3s
ex16|relu|0|0.9|sub|3|1.0|51|leak: static 0.001 sstatic 0.315 c1 0.898 c50 0.044 fac1 0.946 fac50 0.050 lock 0.00 move 0.913 period None osc -0.372@12 pr 6.9 sens10 -0.95 sens50 -2.35 sat None dead 0.03 frozen 1.00 nbin 1 fat 1.008 | 48.0s
ex16|relu|0|0.9|div|3|0.5|50|leak: static 0.982 sstatic 0.984 c1 1.000 c50 0.988 fac1 0.995 fac50 0.239 lock 0.96 move 0.00752 period None osc 0.239@50 pr 2.6 sens10 -0.47 sens50 -0.41 sat None dead 0.04 frozen 0.86 nbin 300 fat 1.022 | 27.5s
ex16|relu|0|0.9|div|3|0.5|51|leak: static 0.968 sstatic 0.974 c1 1.000 c50 0.978 fac1 0.994 fac50 0.249 lock 0.99 move 0.00637 period None osc 0.249@50 pr 2.6 sens10 -0.46 sens50 -0.38 sat None dead 0.03 frozen 0.81 nbin 300 fat 0.977 | 27.7s
ex16|relu|0|0.9|div|3|2.0|51|leak: static 0.972 sstatic 0.979 c1 1.000 c50 0.983 fac1 0.995 fac50 0.276 lock 0.98 move 0.0135 period None osc 0.276@50 pr 2.5 sens10 -0.48 sens50 -0.41 sat None dead 0.03 frozen 1.00 nbin 1 fat 0.979 | 27.6s
ex16|relu|0|0.9|div|10|0.5|50|leak: static 0.961 sstatic 0.967 c1 1.000 c50 0.958 fac1 0.995 fac50 -0.079 lock 0.59 move 0.0119 period None osc -0.079@50 pr 4.0 sens10 -0.37 sens50 -0.25 sat None dead 0.04 frozen 0.77 nbin 300 fat 1.031 | 27.5s
ex16|relu|0|0.9|div|10|0.5|51|leak: static 0.951 sstatic 0.962 c1 1.000 c50 0.954 fac1 0.995 fac50 0.019 lock 0.59 move 0.0107 period None osc 0.019@50 pr 3.6 sens10 -0.37 sens50 -0.36 sat None dead 0.03 frozen 0.76 nbin 300 fat 0.984 | 27.3s
ex16|relu|0|0.9|div|10|2.0|51|leak: static 0.959 sstatic 0.967 c1 1.000 c50 0.960 fac1 0.995 fac50 -0.030 lock 0.64 move 0.0165 period None osc -0.030@50 pr 3.9 sens10 -0.37 sens50 -0.17 sat None dead 0.03 frozen 1.00 nbin 1 fat 0.972 | 27.3s
ex16|relu|0|0.9|div|30|0.5|50|leak: static 0.779 sstatic 0.825 c1 1.000 c50 0.681 fac1 0.995 fac50 -0.378 lock 0.00 move 0.0311 period None osc -0.378@50 pr 5.1 sens10 -0.36 sens50 -0.25 sat None dead 0.04 frozen 0.47 nbin 300 fat 1.103 | 27.3s
ex16|relu|0|0.9|div|30|2.0|51|leak: static 0.773 sstatic 0.819 c1 1.000 c50 0.685 fac1 0.995 fac50 -0.343 lock 0.00 move 0.0317 period None osc -0.343@50 pr 4.8 sens10 -0.35 sens50 -0.18 sat None dead 0.03 frozen 0.92 nbin 295 fat 1.062 | 34.3s
ex16|relu|0|0.9|dep|3|0.1|50|leak: DIVERGED at step 560
ex16|relu|0|0.9|dep|3|0.1|51|leak: DIVERGED at step 590
ex16|relu|0|0.9|div|3|2.0|50|leak: static 0.976 sstatic 0.980 c1 1.000 c50 0.981 fac1 0.993 fac50 0.131 lock 0.84 move 0.0233 period None osc 0.131@50 pr 3.2 sens10 -0.48 sens50 -0.51 sat None dead 0.04 frozen 1.00 nbin 1 fat 1.045 | 46.9s
ex16|relu|0|0.9|div|300|0.5|50|leak: static 0.603 sstatic 0.682 c1 1.000 c50 0.651 fac1 0.995 fac50 0.083 lock 0.00 move 0.0244 period None osc 0.083@50 pr 3.7 sens10 -0.43 sens50 -0.37 sat None dead 0.04 frozen 0.34 nbin 300 fat 1.382 | 29.1s
ex16|relu|0|0.9|div|300|0.5|51|leak: static 0.586 sstatic 0.665 c1 1.000 c50 0.620 fac1 0.994 fac50 0.035 lock 0.00 move 0.0259 period None osc 0.035@50 pr 4.0 sens10 -0.41 sens50 -0.36 sat None dead 0.03 frozen 0.34 nbin 300 fat 1.256 | 28.9s
ex16|relu|0|0.9|div|10|2.0|50|leak: static 0.966 sstatic 0.969 c1 1.000 c50 0.959 fac1 0.995 fac50 -0.144 lock 0.36 move 0.0267 period None osc -0.144@50 pr 4.7 sens10 -0.37 sens50 -0.35 sat None dead 0.04 frozen 1.00 nbin 1 fat 1.035 | 50.3s
ex16|relu|0|0.9|div|300|2.0|50|leak: static 0.595 sstatic 0.685 c1 1.000 c50 0.632 fac1 0.994 fac50 0.062 lock 0.00 move 0.0295 period None osc 0.062@50 pr 4.0 sens10 -0.44 sens50 -0.41 sat None dead 0.04 frozen 0.66 nbin 300 fat 1.333 | 29.2s
ex16|relu|0|0.9|div|30|0.5|51|leak: static 0.788 sstatic 0.829 c1 1.000 c50 0.696 fac1 0.994 fac50 -0.366 lock 0.00 move 0.0294 period None osc -0.366@50 pr 5.1 sens10 -0.35 sens50 -0.18 sat None dead 0.03 frozen 0.49 nbin 300 fat 1.045 | 50.4s
ex16|relu|0|0.9|div|300|2.0|51|leak: static 0.598 sstatic 0.681 c1 1.000 c50 0.646 fac1 0.994 fac50 0.036 lock 0.00 move 0.0259 period None osc 0.036@50 pr 3.9 sens10 -0.41 sens50 -0.24 sat None dead 0.03 frozen 0.73 nbin 300 fat 1.260 | 29.0s
ex16|relu|0|0.9|div|30|2.0|50|leak: static 0.789 sstatic 0.831 c1 1.000 c50 0.702 fac1 0.995 fac50 -0.318 lock 0.00 move 0.0357 period None osc -0.318@50 pr 5.3 sens10 -0.37 sens50 -0.33 sat None dead 0.04 frozen 0.91 nbin 294 fat 1.131 | 50.8s
ex16|relu|0|0.9|div|100|0.5|50|leak: static 0.628 sstatic 0.713 c1 1.000 c50 0.595 fac1 0.995 fac50 -0.092 lock 0.00 move 0.0289 period None osc -0.092@50 pr 4.7 sens10 -0.39 sens50 -0.33 sat None dead 0.04 frozen 0.35 nbin 300 fat 1.241 | 50.8s
ex16|relu|0|0.9|div|100|2.0|50|leak: static 0.624 sstatic 0.706 c1 1.000 c50 0.559 fac1 0.995 fac50 -0.129 lock 0.00 move 0.0343 period None osc -0.129@50 pr 4.6 sens10 -0.41 sens50 -0.30 sat None dead 0.04 frozen 0.70 nbin 300 fat 1.262 | 50.4s
ex16|relu|0|0.9|div|100|0.5|51|leak: static 0.615 sstatic 0.696 c1 1.000 c50 0.559 fac1 0.995 fac50 -0.131 lock 0.00 move 0.0296 period None osc -0.131@50 pr 4.5 sens10 -0.41 sens50 -0.33 sat None dead 0.03 frozen 0.35 nbin 300 fat 1.212 | 51.3s
ex16|relu|0|0.9|dep|3|0.5|50|leak: static 0.338 sstatic 0.338 c1 1.000 c50 1.000 fac1 0.979 fac50 0.293 lock 0.00 move 0.0198 period None osc 0.293@50 pr 1.0 sens10 -0.28 sens50 -0.55 sat None dead 0.04 frozen 1.00 nbin 15 fat 0.705 | 30.4s
ex16|relu|0|0.9|dep|10|0.1|50|leak: static nan sstatic nan c1 nan c50 nan fac1 nan fac50 nan lock 0.00 move nan period 1 osc nan@1 pr nan sens10 None sens50 None sat None dead 0.04 frozen 1.00 nbin 24 fat 0.754 | 22.9s
ex16|relu|0|0.9|div|100|2.0|51|leak: static 0.603 sstatic 0.688 c1 1.000 c50 0.575 fac1 0.996 fac50 -0.079 lock 0.00 move 0.0305 period None osc -0.079@50 pr 4.5 sens10 -0.42 sens50 -0.30 sat None dead 0.03 frozen 0.71 nbin 300 fat 1.225 | 50.0s
ex16|relu|0|0.9|dep|10|0.1|51|leak: static 0.000 sstatic 0.000 c1 nan c50 nan fac1 nan fac50 nan lock 0.00 move nan period None osc nan@1 pr nan sens10 None sens50 None sat None dead 0.03 frozen 0.99 nbin 76 fat 0.760 | 24.1s
ex16|tri1.0|0|0.5|none|0|0.0|50|leak: DIVERGED at step 110
ex16|relu|0|0.9|dep|3|0.5|51|leak: static 0.407 sstatic 0.407 c1 1.000 c50 1.000 fac1 0.982 fac50 0.342 lock 0.00 move 0.0163 period None osc 0.342@50 pr 1.0 sens10 -0.27 sens50 -0.50 sat None dead 0.03 frozen 0.98 nbin 127 fat 0.711 | 30.7s
ex16|tri1.0|0|0.5|none|0|0.0|51|leak: DIVERGED at step 110
ex16|tri1.0|0|0.5|sub|3|0.5|50|leak: DIVERGED at step 180
ex16|tri1.0|0|0.5|sub|3|0.5|51|leak: DIVERGED at step 170
ex16|relu|0|0.9|dep|10|0.5|51|leak: static 0.984 sstatic 0.985 c1 1.000 c50 0.987 fac1 0.995 fac50 0.106 lock 0.98 move 0.0198 period None osc 0.106@50 pr 3.3 sens10 -0.11 sens50 -0.02 sat None dead 0.03 frozen 0.97 nbin 269 fat 0.795 | 29.6s
ex16|relu|0|0.9|dep|30|0.1|50|leak: static 0.943 sstatic 0.944 c1 1.000 c50 0.925 fac1 0.995 fac50 -0.274 lock 0.01 move 0.0261 period None osc -0.274@50 pr 5.7 sens10 -0.06 sens50 0.16 sat None dead 0.04 frozen 0.80 nbin 300 fat 0.770 | 29.5s
ex16|relu|0|0.9|dep|30|0.5|50|leak: static 0.948 sstatic 0.953 c1 1.000 c50 0.937 fac1 0.993 fac50 -0.216 lock 0.01 move 0.0797 period None osc -0.217@48 pr 6.2 sens10 -0.08 sens50 0.12 sat None dead 0.04 frozen 0.99 nbin 299 fat 0.761 | 29.5s
ex16|relu|0|0.9|dep|100|0.1|50|leak: static 0.749 sstatic 0.794 c1 0.999 c50 0.685 fac1 0.994 fac50 -0.244 lock 0.00 move 0.0601 period None osc -0.244@50 pr 6.0 sens10 -0.08 sens50 0.09 sat None dead 0.04 frozen 0.95 nbin 300 fat 0.712 | 29.3s
ex16|tri1.0|0|0.5|sub|10|0.5|50|leak: DIVERGED at step 120
ex16|tri1.0|0|0.5|sub|10|0.5|51|leak: DIVERGED at step 120
ex16|tri1.0|0|0.5|sub|10|1.0|50|leak: DIVERGED at step 150
ex16|tri1.0|0|0.5|sub|30|0.5|50|leak: DIVERGED at step 110
ex16|tri1.0|0|0.5|sub|30|0.5|51|leak: DIVERGED at step 110
ex16|tri1.0|0|0.5|sub|10|1.0|51|leak: DIVERGED at step 150
ex16|tri1.0|0|0.5|sub|30|1.0|50|leak: DIVERGED at step 120
ex16|relu|0|0.9|dep|300|0.1|51|leak: static 0.591 sstatic 0.659 c1 0.999 c50 0.561 fac1 0.995 fac50 -0.071 lock 0.00 move 0.0663 period None osc -0.071@50 pr 5.1 sens10 -0.09 sens50 0.19 sat None dead 0.03 frozen 1.00 nbin 182 fat 0.666 | 29.8s
ex16|tri1.0|0|0.5|sub|100|0.5|50|leak: DIVERGED at step 110
ex16|tri1.0|0|0.5|sub|30|1.0|51|leak: DIVERGED at step 120
ex16|tri1.0|0|0.5|sub|100|0.5|51|leak: DIVERGED at step 110
ex16|relu|0|0.9|dep|300|0.5|50|leak: static 0.643 sstatic 0.709 c1 0.999 c50 0.603 fac1 0.994 fac50 -0.112 lock 0.00 move 0.114 period None osc -0.112@50 pr 5.6 sens10 -0.11 sens50 0.11 sat None dead 0.04 frozen 0.99 nbin 297 fat 0.646 | 29.8s
ex16|tri1.0|0|0.5|sub|100|1.0|50|leak: DIVERGED at step 110
ex16|tri1.0|0|0.5|sub|100|1.0|51|leak: DIVERGED at step 110
ex16|tri1.0|0|0.5|sub|300|0.5|50|leak: DIVERGED at step 110
ex16|tri1.0|0|0.5|sub|300|0.5|51|leak: DIVERGED at step 110
ex16|tri1.0|0|0.5|sub|300|1.0|50|leak: DIVERGED at step 110
ex16|relu|0|0.9|dep|10|0.5|50|leak: static 0.985 sstatic 0.985 c1 1.000 c50 0.987 fac1 0.992 fac50 0.039 lock 0.79 move 0.0369 period None osc 0.039@50 pr 4.4 sens10 -0.10 sens50 -0.00 sat None dead 0.04 frozen 0.95 nbin 300 fat 0.777 | 52.6s
ex16|tri1.0|0|0.5|sub|300|1.0|51|leak: DIVERGED at step 110
ex16|relu|0|0.9|dep|30|0.1|51|leak: static 0.939 sstatic 0.941 c1 1.000 c50 0.917 fac1 0.994 fac50 -0.310 lock 0.02 move 0.0188 period None osc -0.310@50 pr 5.3 sens10 -0.07 sens50 0.19 sat None dead 0.03 frozen 0.83 nbin 300 fat 0.786 | 53.3s
ex16|relu|0|0.9|dep|30|0.5|51|leak: static 0.923 sstatic 0.929 c1 1.000 c50 0.901 fac1 0.995 fac50 -0.252 lock 0.01 move 0.0533 period None osc -0.252@50 pr 5.3 sens10 -0.05 sens50 0.15 sat None dead 0.03 frozen 1.00 nbin 141 fat 0.786 | 53.2s
ex16|relu|0|0.9|dep|100|0.1|51|leak: static 0.708 sstatic 0.750 c1 0.999 c50 0.628 fac1 0.994 fac50 -0.237 lock 0.00 move 0.0437 period None osc -0.237@50 pr 5.8 sens10 -0.06 sens50 0.18 sat None dead 0.03 frozen 0.96 nbin 280 fat 0.732 | 53.2s
ex16|relu|0|0.9|dep|100|0.5|50|leak: static 0.765 sstatic 0.806 c1 0.999 c50 0.719 fac1 0.993 fac50 -0.209 lock 0.00 move 0.107 period None osc -0.209@50 pr 6.2 sens10 -0.08 sens50 0.07 sat None dead 0.04 frozen 0.99 nbin 299 fat 0.706 | 53.6s
ex16|relu|0|0.9|dep|100|0.5|51|leak: static 0.699 sstatic 0.743 c1 0.999 c50 0.629 fac1 0.994 fac50 -0.221 lock 0.00 move 0.0919 period None osc -0.221@50 pr 5.8 sens10 -0.08 sens50 0.16 sat None dead 0.03 frozen 1.00 nbin 178 fat 0.722 | 53.2s
ex16|relu|0|0.9|dep|300|0.1|50|leak: static 0.616 sstatic 0.690 c1 0.999 c50 0.573 fac1 0.995 fac50 -0.122 lock 0.00 move 0.091 period None osc -0.122@50 pr 5.3 sens10 -0.11 sens50 0.04 sat None dead 0.04 frozen 0.99 nbin 298 fat 0.653 | 53.7s
ex16|tri1.0|0|0.5|sub|3|1.0|50|leak: static 0.002 sstatic 0.074 c1 0.681 c50 0.003 fac1 0.664 fac50 -0.008 lock 0.00 move 0.8 period None osc -0.374@5 pr 7.1 sens10 0.16 sens50 1.19 sat None dead 0.04 frozen 0.04 nbin 300 fat 0.797 | 37.8s
ex16|tri1.0|0|0.5|sub|3|1.0|51|leak: static 0.002 sstatic 0.081 c1 0.686 c50 -0.006 fac1 0.672 fac50 -0.004 lock 0.00 move 0.792 period None osc -0.375@5 pr 7.9 sens10 0.08 sens50 1.08 sat None dead 0.03 frozen 0.03 nbin 300 fat 0.765 | 37.0s
ex16|relu|0|0.9|dep|300|0.5|51|leak: static 0.596 sstatic 0.661 c1 0.999 c50 0.542 fac1 0.995 fac50 -0.119 lock 0.00 move 0.107 period None osc -0.119@50 pr 5.3 sens10 -0.10 sens50 0.19 sat None dead 0.03 frozen 1.00 nbin 184 fat 0.669 | 53.3s
ex16|tri1.0|0|0.5|div|3|0.5|50|leak: static 0.907 sstatic 0.924 c1 0.993 c50 0.909 fac1 0.921 fac50 0.019 lock 0.00 move 0.127 period None osc -0.163@8 pr 10.1 sens10 -0.01 sens50 0.66 sat None dead 0.04 frozen 0.52 nbin 300 fat 0.957 | 37.9s
ex16|tri1.0|0|0.5|div|3|2.0|50|leak: static 0.891 sstatic 0.910 c1 0.990 c50 0.886 fac1 0.903 fac50 -0.018 lock 0.00 move 0.197 period None osc -0.162@8 pr 10.8 sens10 -0.03 sens50 0.50 sat None dead 0.04 frozen 0.98 nbin 116 fat 0.971 | 38.0s
ex16|tri1.0|0|0.5|div|3|0.5|51|leak: static 0.912 sstatic 0.926 c1 0.993 c50 0.918 fac1 0.920 fac50 0.038 lock 0.00 move 0.121 period None osc -0.337@9 pr 8.8 sens10 -0.07 sens50 0.64 sat None dead 0.03 frozen 0.54 nbin 300 fat 0.969 | 38.1s
ex16|tri1.0|0|0.5|div|3|2.0|51|leak: static 0.908 sstatic 0.924 c1 0.993 c50 0.911 fac1 0.923 fac50 0.016 lock 0.00 move 0.136 period None osc -0.283@9 pr 9.1 sens10 0.01 sens50 0.75 sat None dead 0.03 frozen 1.00 nbin 24 fat 0.957 | 38.1s
ex16|tri1.0|0|0.5|div|10|0.5|50|leak: static 0.662 sstatic 0.736 c1 0.980 c50 0.675 fac1 0.940 fac50 0.028 lock 0.00 move 0.198 period None osc -0.267@11 pr 11.4 sens10 -0.07 sens50 0.61 sat None dead 0.04 frozen 0.22 nbin 300 fat 1.093 | 38.0s
ex16|tri1.0|0|0.5|div|10|2.0|50|leak: static 0.660 sstatic 0.729 c1 0.978 c50 0.663 fac1 0.935 fac50 -0.001 lock 0.00 move 0.234 period None osc -0.271@11 pr 12.1 sens10 -0.07 sens50 0.86 sat None dead 0.04 frozen 0.59 nbin 300 fat 1.141 | 37.9s
ex16|tri1.0|0|0.5|dep|3|0.1|50|leak: DIVERGED at step 150
ex16|tri1.0|0|0.5|dep|3|0.1|51|leak: DIVERGED at step 150
ex16|tri1.0|0|0.5|div|100|0.5|51|leak: static 0.510 sstatic 0.616 c1 0.989 c50 0.479 fac1 0.974 fac50 -0.065 lock 0.00 move 0.152 period None osc -0.104@37 pr 10.6 sens10 -0.14 sens50 0.65 sat None dead 0.03 frozen 0.15 nbin 300 fat 1.263 | 37.2s
ex16|tri1.0|0|0.5|div|100|2.0|50|leak: static 0.509 sstatic 0.609 c1 0.987 c50 0.469 fac1 0.973 fac50 -0.075 lock 0.00 move 0.18 period None osc -0.093@46 pr 10.9 sens10 -0.21 sens50 0.47 sat None dead 0.04 frozen 0.40 nbin 300 fat 1.294 | 37.1s
ex16|tri1.0|0|0.5|dep|10|0.1|50|leak: DIVERGED at step 360
ex16|tri1.0|0|0.5|div|10|0.5|51|leak: static 0.662 sstatic 0.737 c1 0.981 c50 0.650 fac1 0.940 fac50 -0.042 lock 0.00 move 0.197 period None osc -0.333@11 pr 11.2 sens10 -0.12 sens50 0.72 sat None dead 0.03 frozen 0.23 nbin 300 fat 1.137 | 67.7s
ex16|tri1.0|0|0.5|dep|10|0.1|51|leak: DIVERGED at step 350
ex16|tri1.0|0|0.5|div|300|0.5|50|leak: static 0.477 sstatic 0.582 c1 0.990 c50 0.434 fac1 0.977 fac50 -0.102 lock 0.00 move 0.139 period None osc -0.102@50 pr 9.2 sens10 -0.12 sens50 0.55 sat None dead 0.04 frozen 0.14 nbin 300 fat 1.292 | 37.5s
ex16|tri1.0|0|0.5|div|300|2.0|50|leak: static 0.485 sstatic 0.598 c1 0.988 c50 0.469 fac1 0.975 fac50 -0.046 lock 0.00 move 0.174 period None osc -0.046@50 pr 10.5 sens10 -0.17 sens50 0.65 sat None dead 0.04 frozen 0.40 nbin 300 fat 1.320 | 37.6s
ex16|tri1.0|0|0.5|div|300|0.5|51|leak: static 0.466 sstatic 0.582 c1 0.990 c50 0.475 fac1 0.978 fac50 -0.029 lock 0.00 move 0.142 period None osc -0.029@50 pr 9.6 sens10 -0.17 sens50 0.52 sat None dead 0.03 frozen 0.15 nbin 300 fat 1.310 | 37.8s
ex16|tri1.0|0|0.5|div|300|2.0|51|leak: static 0.483 sstatic 0.597 c1 0.990 c50 0.491 fac1 0.977 fac50 -0.019 lock 0.00 move 0.148 period None osc -0.073@37 pr 10.1 sens10 -0.15 sens50 0.55 sat None dead 0.03 frozen 0.41 nbin 300 fat 1.334 | 37.7s
ex16|tri1.0|0|0.5|dep|3|0.5|50|leak: static nan sstatic nan c1 nan c50 nan fac1 nan fac50 nan lock 0.00 move nan period 1 osc nan@1 pr nan sens10 None sens50 None sat None dead 0.04 frozen 0.83 nbin 300 fat 0.707 | 33.5s
ex16|tri1.0|0|0.5|dep|3|0.5|51|leak: static nan sstatic nan c1 nan c50 nan fac1 nan fac50 nan lock 0.00 move nan period 1 osc nan@1 pr nan sens10 None sens50 None sat None dead 0.03 frozen 1.00 nbin 2 fat 0.710 | 33.7s
ex16|tri1.0|0|0.5|div|10|2.0|51|leak: static 0.665 sstatic 0.731 c1 0.981 c50 0.664 fac1 0.941 fac50 -0.023 lock 0.00 move 0.204 period None osc -0.313@11 pr 11.4 sens10 -0.09 sens50 0.55 sat None dead 0.03 frozen 0.62 nbin 300 fat 1.107 | 69.4s
ex16|tri1.0|0|0.5|div|30|0.5|50|leak: static 0.551 sstatic 0.647 c1 0.984 c50 0.541 fac1 0.963 fac50 -0.032 lock 0.00 move 0.178 period None osc -0.172@17 pr 11.3 sens10 -0.15 sens50 0.60 sat None dead 0.04 frozen 0.16 nbin 300 fat 1.213 | 69.0s
ex16|tri1.0|0|0.5|div|30|0.5|51|leak: static 0.555 sstatic 0.649 c1 0.985 c50 0.551 fac1 0.964 fac50 -0.018 lock 0.00 move 0.172 period None osc -0.171@16 pr 11.2 sens10 -0.12 sens50 0.53 sat None dead 0.03 frozen 0.17 nbin 300 fat 1.252 | 69.7s
ex16|tri1.0|0|0.5|div|30|2.0|51|leak: static 0.550 sstatic 0.649 c1 0.985 c50 0.548 fac1 0.964 fac50 -0.007 lock 0.00 move 0.179 period None osc -0.198@16 pr 11.1 sens10 -0.03 sens50 0.69 sat None dead 0.03 frozen 0.47 nbin 300 fat 1.243 | 68.8s
ex16|tri1.0|0|0.5|div|30|2.0|50|leak: static 0.550 sstatic 0.644 c1 0.984 c50 0.522 fac1 0.962 fac50 -0.071 lock 0.00 move 0.203 period None osc -0.166@19 pr 10.8 sens10 -0.14 sens50 0.52 sat None dead 0.04 frozen 0.45 nbin 300 fat 1.232 | 69.6s
ex16|tri1.0|0|0.5|div|100|0.5|50|leak: static 0.503 sstatic 0.612 c1 0.989 c50 0.473 fac1 0.974 fac50 -0.048 lock 0.00 move 0.15 period None osc -0.083@39 pr 10.7 sens10 -0.18 sens50 0.38 sat None dead 0.04 frozen 0.14 nbin 300 fat 1.322 | 68.4s
ex16|tri1.0|0|0.5|div|100|2.0|51|leak: static 0.503 sstatic 0.612 c1 0.988 c50 0.474 fac1 0.973 fac50 -0.057 lock 0.00 move 0.157 period None osc -0.081@20 pr 10.7 sens10 -0.18 sens50 0.54 sat None dead 0.03 frozen 0.42 nbin 300 fat 1.340 | 67.4s
ex16|tri1.0|0|0.9|none|0|0.0|50|leak: DIVERGED at step 420
ex16|tri1.0|0|0.5|dep|10|0.5|50|leak: static 0.825 sstatic 0.844 c1 0.982 c50 0.817 fac1 0.900 fac50 -0.028 lock 0.00 move 0.269 period None osc -0.245@9 pr 13.7 sens10 0.13 sens50 1.35 sat None dead 0.04 frozen 0.74 nbin 300 fat 0.758 | 40.1s
ex16|tri1.0|0|0.9|none|0|0.0|51|leak: DIVERGED at step 410
ex16|tri1.0|0|0.5|dep|30|0.1|50|leak: static 0.655 sstatic 0.715 c1 0.978 c50 0.664 fac1 0.936 fac50 0.007 lock 0.00 move 0.221 period None osc -0.197@12 pr 13.8 sens10 0.19 sens50 1.20 sat None dead 0.04 frozen 0.23 nbin 300 fat 0.693 | 40.3s
ex16|tri1.0|0|0.5|dep|30|0.1|51|leak: static 0.638 sstatic 0.703 c1 0.980 c50 0.639 fac1 0.942 fac50 -0.014 lock 0.00 move 0.205 period None osc -0.224@13 pr 13.2 sens10 0.19 sens50 1.35 sat None dead 0.03 frozen 0.24 nbin 300 fat 0.693 | 41.3s
ex16|tri1.0|0|0.5|dep|30|0.5|50|leak: static 0.641 sstatic 0.701 c1 0.970 c50 0.640 fac1 0.924 fac50 -0.009 lock 0.00 move 0.408 period None osc -0.208@11 pr 14.2 sens10 0.16 sens50 1.23 sat None dead 0.04 frozen 0.95 nbin 300 fat 0.687 | 40.8s
ex16|tri1.0|0|0.5|dep|30|0.5|51|leak: static 0.619 sstatic 0.690 c1 0.976 c50 0.626 fac1 0.933 fac50 -0.000 lock 0.00 move 0.298 period None osc -0.212@11 pr 13.8 sens10 0.23 sens50 1.45 sat None dead 0.03 frozen 0.98 nbin 300 fat 0.698 | 41.2s
ex16|tri1.0|0|0.5|dep|100|0.1|50|leak: static 0.540 sstatic 0.632 c1 0.973 c50 0.525 fac1 0.945 fac50 -0.041 lock 0.00 move 0.321 period None osc -0.118@16 pr 14.1 sens10 0.14 sens50 1.45 sat None dead 0.04 frozen 0.68 nbin 300 fat 0.646 | 41.0s
ex16|tri1.0|0|0.5|dep|100|0.1|51|leak: static 0.514 sstatic 0.617 c1 0.978 c50 0.510 fac1 0.952 fac50 -0.013 lock 0.00 move 0.24 period None osc -0.112@17 pr 13.4 sens10 0.21 sens50 1.43 sat None dead 0.03 frozen 0.69 nbin 300 fat 0.647 | 41.5s
ex16|tri1.0|0|0.5|dep|100|0.5|50|leak: static 0.529 sstatic 0.628 c1 0.969 c50 0.532 fac1 0.937 fac50 -0.029 lock 0.00 move 0.523 period None osc -0.113@15 pr 14.3 sens10 0.01 sens50 1.05 sat None dead 0.04 frozen 0.97 nbin 300 fat 0.629 | 41.1s
ex16|tri1.0|0|0.9|sub|30|0.5|50|leak: DIVERGED at step 490
ex16|tri1.0|0|0.9|sub|30|0.5|51|leak: DIVERGED at step 480
ex16|tri1.0|0|0.9|sub|10|0.5|51|leak: DIVERGED at step 680
ex16|tri1.0|0|0.9|sub|10|0.5|50|leak: DIVERGED at step 700
ex16|tri1.0|0|0.9|sub|3|0.5|51|leak: static nan sstatic nan c1 nan c50 nan fac1 nan fac50 nan lock 0.00 move nan period 1 osc nan@1 pr nan sens10 None sens50 None sat None dead 0.03 frozen 0.99 nbin 54 fat 0.453 | 30.0s
ex16|tri1.0|0|0.5|dep|10|0.5|51|leak: static 0.815 sstatic 0.838 c1 0.985 c50 0.820 fac1 0.915 fac50 0.006 lock 0.00 move 0.199 period None osc -0.286@9 pr 12.7 sens10 0.28 sens50 1.41 sat None dead 0.03 frozen 0.77 nbin 300 fat 0.763 | 72.9s
ex16|tri1.0|0|0.9|sub|100|0.5|51|leak: DIVERGED at step 430
ex16|tri1.0|0|0.9|sub|100|0.5|50|leak: DIVERGED at step 440
ex16|tri1.0|0|0.9|sub|30|1.0|50|leak: DIVERGED at step 680
ex16|tri1.0|0|0.9|sub|100|1.0|50|leak: DIVERGED at step 460
ex16|tri1.0|0|0.9|sub|3|1.0|51|leak: static 0.001 sstatic 0.319 c1 0.891 c50 0.024 fac1 0.945 fac50 0.032 lock 0.00 move 0.913 period None osc -0.369@11 pr 7.5 sens10 -0.96 sens50 -2.38 sat None dead 0.03 frozen 1.00 nbin 1 fat 1.009 | 39.6s
ex16|tri1.0|0|0.9|sub|30|1.0|51|leak: DIVERGED at step 660
ex16|tri1.0|0|0.9|sub|10|1.0|50|leak: static 0.003 sstatic 0.327 c1 0.989 c50 0.026 fac1 0.986 fac50 0.023 lock 0.00 move 0.243 period None osc -0.410@25 pr 8.9 sens10 -0.30 sens50 -0.24 sat None dead 0.04 frozen 1.00 nbin 1 fat 0.918 | 37.6s
ex16|tri1.0|0|0.9|sub|10|1.0|51|leak: static 0.005 sstatic 0.315 c1 0.990 c50 0.031 fac1 0.985 fac50 0.034 lock 0.00 move 0.165 period None osc -0.438@27 pr 6.9 sens10 -0.28 sens50 -0.19 sat None dead 0.03 frozen 1.00 nbin 1 fat 0.893 | 37.7s
ex16|tri1.0|0|0.5|dep|100|0.5|51|leak: static 0.519 sstatic 0.619 c1 0.978 c50 0.505 fac1 0.953 fac50 -0.027 lock 0.00 move 0.44 period None osc -0.134@15 pr 13.4 sens10 0.18 sens50 1.50 sat None dead 0.03 frozen 0.99 nbin 300 fat 0.643 | 75.5s
ex16|tri1.0|0|0.5|dep|300|0.1|50|leak: static 0.495 sstatic 0.598 c1 0.975 c50 0.482 fac1 0.952 fac50 -0.042 lock 0.00 move 0.457 period None osc -0.066@20 pr 13.4 sens10 0.06 sens50 1.10 sat None dead 0.04 frozen 0.97 nbin 300 fat 0.605 | 74.6s
ex16|tri1.0|0|0.5|dep|300|0.1|51|leak: static 0.471 sstatic 0.588 c1 0.981 c50 0.467 fac1 0.962 fac50 -0.042 lock 0.00 move 0.337 period None osc -0.063@20 pr 13.0 sens10 0.18 sens50 1.50 sat None dead 0.03 frozen 0.99 nbin 299 fat 0.615 | 74.1s
ex16|tri1.0|0|0.9|sub|300|0.5|50|leak: DIVERGED at step 420
ex16|tri1.0|0|0.9|sub|300|0.5|51|leak: DIVERGED at step 420
ex16|tri1.0|0|0.5|dep|300|0.5|50|leak: static 0.487 sstatic 0.588 c1 0.969 c50 0.474 fac1 0.942 fac50 -0.039 lock 0.00 move 0.554 period None osc -0.059@40 pr 13.6 sens10 -0.03 sens50 1.06 sat None dead 0.04 frozen 0.97 nbin 300 fat 0.596 | 74.6s
ex16|tri1.0|0|0.5|dep|300|0.5|51|leak: static 0.470 sstatic 0.582 c1 0.981 c50 0.449 fac1 0.962 fac50 -0.048 lock 0.00 move 0.525 period None osc -0.066@38 pr 12.8 sens10 0.14 sens50 1.44 sat None dead 0.03 frozen 0.99 nbin 299 fat 0.616 | 74.4s
ex16|tri1.0|0|0.9|sub|3|0.5|50|leak: static nan sstatic nan c1 nan c50 nan fac1 nan fac50 nan lock 0.00 move nan period 1 osc nan@1 pr nan sens10 None sens50 None sat None dead 0.04 frozen 0.96 nbin 243 fat 0.455 | 56.4s
ex16|tri1.0|0|0.9|sub|300|1.0|51|leak: DIVERGED at step 420
ex16|tri1.0|0|0.9|sub|300|1.0|50|leak: DIVERGED at step 430
ex16|tri1.0|0|0.9|sub|100|1.0|51|leak: DIVERGED at step 450
ex16|tri1.0|0|0.9|sub|3|1.0|50|leak: static 0.001 sstatic 0.319 c1 0.913 c50 0.009 fac1 0.917 fac50 0.005 lock 0.00 move 0.875 period None osc -0.305@11 pr 10.2 sens10 -0.95 sens50 -2.24 sat None dead 0.04 frozen 1.00 nbin 1 fat 1.008 | 66.6s
ex16|tri1.0|0|0.9|div|3|0.5|51|leak: static 0.964 sstatic 0.971 c1 1.000 c50 0.979 fac1 0.995 fac50 0.301 lock 0.98 move 0.00663 period None osc 0.301@50 pr 2.3 sens10 -0.47 sens50 -0.40 sat None dead 0.03 frozen 0.80 nbin 299 fat 0.945 | 36.7s
ex16|tri1.0|0|0.9|div|3|0.5|50|leak: static 0.973 sstatic 0.977 c1 1.000 c50 0.979 fac1 0.995 fac50 0.123 lock 0.96 move 0.00892 period None osc 0.123@50 pr 2.9 sens10 -0.44 sens50 -0.44 sat None dead 0.04 frozen 0.82 nbin 300 fat 0.940 | 36.8s
ex16|tri1.0|0|0.9|div|3|2.0|50|leak: static 0.965 sstatic 0.972 c1 1.000 c50 0.972 fac1 0.994 fac50 0.136 lock 0.77 move 0.025 period None osc 0.136@50 pr 3.4 sens10 -0.46 sens50 -0.40 sat None dead 0.04 frozen 1.00 nbin 1 fat 0.950 | 36.7s
ex16|tri1.0|0|0.9|div|3|2.0|51|leak: static 0.970 sstatic 0.976 c1 1.000 c50 0.976 fac1 0.995 fac50 0.134 lock 0.96 move 0.0135 period None osc 0.134@50 pr 3.0 sens10 -0.48 sens50 -0.45 sat None dead 0.03 frozen 1.00 nbin 1 fat 0.947 | 37.0s
ex16|tri1.0|0|0.9|div|30|0.5|50|leak: static 0.765 sstatic 0.811 c1 1.000 c50 0.680 fac1 0.995 fac50 -0.307 lock 0.00 move 0.0316 period None osc -0.307@50 pr 5.3 sens10 -0.34 sens50 -0.25 sat None dead 0.04 frozen 0.45 nbin 300 fat 1.031 | 36.8s
ex16|tri1.0|0|0.9|div|10|2.0|51|leak: static 0.956 sstatic 0.964 c1 1.000 c50 0.951 fac1 0.995 fac50 -0.099 lock 0.45 move 0.0172 period None osc -0.099@50 pr 4.0 sens10 -0.36 sens50 -0.25 sat None dead 0.03 frozen 1.00 nbin 1 fat 0.967 | 36.9s
ex16|tri1.0|0|0.9|div|100|0.5|50|leak: static 0.627 sstatic 0.709 c1 1.000 c50 0.565 fac1 0.995 fac50 -0.152 lock 0.00 move 0.0303 period None osc -0.152@50 pr 4.9 sens10 -0.39 sens50 -0.33 sat None dead 0.04 frozen 0.34 nbin 300 fat 1.189 | 36.8s
ex16|tri1.0|0|0.9|div|100|0.5|51|leak: static 0.618 sstatic 0.693 c1 1.000 c50 0.594 fac1 0.995 fac50 -0.060 lock 0.00 move 0.0291 period None osc -0.060@50 pr 4.3 sens10 -0.42 sens50 -0.37 sat None dead 0.03 frozen 0.34 nbin 300 fat 1.208 | 37.0s
ex16|tri1.0|0|0.9|dep|3|0.1|51|leak: DIVERGED at step 620
ex16|tri1.0|0|0.9|dep|3|0.1|50|leak: DIVERGED at step 630
ex16|tri1.0|0|0.9|div|10|0.5|50|leak: static 0.962 sstatic 0.970 c1 1.000 c50 0.959 fac1 0.994 fac50 -0.060 lock 0.52 move 0.0123 period None osc -0.060@50 pr 4.1 sens10 -0.34 sens50 -0.14 sat None dead 0.04 frozen 0.77 nbin 300 fat 0.938 | 67.9s
ex16|tri1.0|0|0.9|div|10|0.5|51|leak: static 0.960 sstatic 0.967 c1 1.000 c50 0.956 fac1 0.994 fac50 -0.122 lock 0.50 move 0.0113 period None osc -0.122@50 pr 4.1 sens10 -0.34 sens50 -0.11 sat None dead 0.03 frozen 0.77 nbin 300 fat 0.940 | 68.2s
ex16|tri1.0|0|0.9|div|300|0.5|50|leak: static 0.555 sstatic 0.658 c1 1.000 c50 0.611 fac1 0.995 fac50 0.084 lock 0.00 move 0.0257 period None osc 0.084@50 pr 3.8 sens10 -0.44 sens50 -0.43 sat None dead 0.04 frozen 0.31 nbin 300 fat 1.262 | 38.6s
ex16|tri1.0|0|0.9|div|300|0.5|51|leak: static 0.581 sstatic 0.670 c1 1.000 c50 0.625 fac1 0.994 fac50 0.059 lock 0.00 move 0.0245 period None osc 0.059@50 pr 3.9 sens10 -0.44 sens50 -0.42 sat None dead 0.03 frozen 0.34 nbin 300 fat 1.257 | 38.7s
ex16|tri1.0|0|0.9|div|30|0.5|51|leak: static 0.778 sstatic 0.817 c1 1.000 c50 0.691 fac1 0.994 fac50 -0.333 lock 0.00 move 0.0296 period None osc -0.333@50 pr 5.0 sens10 -0.34 sens50 -0.20 sat None dead 0.03 frozen 0.47 nbin 300 fat 1.051 | 68.8s
ex16|tri1.0|0|0.9|div|10|2.0|50|leak: static 0.948 sstatic 0.958 c1 1.000 c50 0.943 fac1 0.995 fac50 -0.062 lock 0.11 move 0.0287 period None osc -0.062@50 pr 4.5 sens10 -0.35 sens50 -0.17 sat None dead 0.04 frozen 1.00 nbin 1 fat 0.950 | 70.3s
ex16|tri1.0|0|0.9|div|300|2.0|50|leak: static 0.587 sstatic 0.674 c1 1.000 c50 0.630 fac1 0.994 fac50 0.059 lock 0.00 move 0.03 period None osc 0.059@50 pr 3.9 sens10 -0.43 sens50 -0.32 sat None dead 0.04 frozen 0.68 nbin 300 fat 1.293 | 38.7s
ex16|tri1.0|0|0.9|div|300|2.0|51|leak: static 0.570 sstatic 0.658 c1 1.000 c50 0.633 fac1 0.995 fac50 0.107 lock 0.00 move 0.0257 period None osc 0.107@50 pr 3.7 sens10 -0.43 sens50 -0.39 sat None dead 0.03 frozen 0.73 nbin 300 fat 1.253 | 38.7s
ex16|tri1.0|0|0.9|div|30|2.0|50|leak: static 0.770 sstatic 0.814 c1 1.000 c50 0.685 fac1 0.995 fac50 -0.296 lock 0.00 move 0.0379 period None osc -0.296@50 pr 5.6 sens10 -0.33 sens50 -0.13 sat None dead 0.04 frozen 0.92 nbin 290 fat 1.024 | 70.5s
ex16|tri1.0|0|0.9|div|30|2.0|51|leak: static 0.767 sstatic 0.811 c1 1.000 c50 0.679 fac1 0.995 fac50 -0.326 lock 0.00 move 0.0317 period None osc -0.326@50 pr 5.2 sens10 -0.37 sens50 -0.18 sat None dead 0.03 frozen 0.92 nbin 289 fat 1.043 | 69.4s
ex16|tri1.0|0|0.9|div|100|2.0|50|leak: static 0.597 sstatic 0.685 c1 1.000 c50 0.579 fac1 0.996 fac50 -0.054 lock 0.00 move 0.0336 period None osc -0.054@50 pr 4.2 sens10 -0.40 sens50 -0.27 sat None dead 0.04 frozen 0.70 nbin 300 fat 1.200 | 69.4s
ex16|tri1.0|0|0.9|dep|3|0.5|50|leak: static 0.548 sstatic 0.548 c1 1.000 c50 0.998 fac1 0.986 fac50 0.412 lock 0.00 move 0.0115 period None osc 0.412@50 pr 1.0 sens10 -0.26 sens50 -0.45 sat None dead 0.04 frozen 0.94 nbin 271 fat 0.709 | 41.5s
ex16|tri1.0|0|0.9|dep|3|0.5|51|leak: static 0.498 sstatic 0.498 c1 1.000 c50 1.000 fac1 0.985 fac50 0.390 lock 0.00 move 0.0129 period None osc 0.390@50 pr 1.0 sens10 -0.27 sens50 -0.41 sat None dead 0.03 frozen 0.98 nbin 154 fat 0.710 | 41.8s
ex16|tri1.0|0|0.9|div|100|2.0|51|leak: static 0.620 sstatic 0.698 c1 1.000 c50 0.568 fac1 0.995 fac50 -0.101 lock 0.00 move 0.0305 period None osc -0.101@50 pr 4.5 sens10 -0.40 sens50 -0.32 sat None dead 0.03 frozen 0.72 nbin 300 fat 1.164 | 68.0s
ex16|tri1.0|0|0.9|dep|10|0.1|50|leak: static 0.172 sstatic 0.172 c1 1.000 c50 0.998 fac1 0.961 fac50 0.110 lock 0.00 move 0.0394 period None osc 0.110@50 pr 1.0 sens10 -0.28 sens50 -0.45 sat None dead 0.04 frozen 0.93 nbin 285 fat 0.757 | 41.3s
ex16|tri1.0|0|0.9|dep|10|0.1|51|leak: static 0.166 sstatic 0.166 c1 1.000 c50 1.000 fac1 0.960 fac50 0.100 lock 0.00 move 0.0411 period None osc 0.100@50 pr 1.0 sens10 -0.29 sens50 -0.41 sat None dead 0.03 frozen 0.98 nbin 98 fat 0.759 | 41.6s
ex16|kwta4|0|0.5|none|0|0.0|50|leak: DIVERGED at step 150
ex16|kwta4|0|0.5|none|0|0.0|51|leak: DIVERGED at step 150
ex16|tri1.0|0|0.9|dep|30|0.1|50|leak: static 0.928 sstatic 0.934 c1 1.000 c50 0.902 fac1 0.994 fac50 -0.331 lock 0.00 move 0.0286 period None osc -0.331@50 pr 5.6 sens10 -0.08 sens50 0.05 sat None dead 0.04 frozen 0.79 nbin 300 fat 0.781 | 40.8s
ex16|tri1.0|0|0.9|dep|30|0.1|51|leak: static 0.927 sstatic 0.932 c1 1.000 c50 0.894 fac1 0.995 fac50 -0.358 lock 0.01 move 0.0207 period None osc -0.358@50 pr 5.3 sens10 -0.06 sens50 0.11 sat None dead 0.03 frozen 0.80 nbin 300 fat 0.783 | 40.9s
ex16|tri1.0|0|0.9|dep|100|0.1|50|leak: static 0.744 sstatic 0.783 c1 0.999 c50 0.674 fac1 0.994 fac50 -0.222 lock 0.00 move 0.0612 period None osc -0.222@50 pr 6.1 sens10 -0.10 sens50 0.14 sat None dead 0.04 frozen 0.95 nbin 299 fat 0.730 | 40.7s
ex16|kwta4|0|0.5|sub|3|0.5|50|leak: DIVERGED at step 350
ex16|tri1.0|0|0.9|dep|100|0.1|51|leak: static 0.699 sstatic 0.748 c1 0.999 c50 0.635 fac1 0.995 fac50 -0.206 lock 0.00 move 0.0435 period None osc -0.206@50 pr 5.8 sens10 -0.08 sens50 0.17 sat None dead 0.03 frozen 0.96 nbin 292 fat 0.727 | 40.8s
ex16|kwta4|0|0.5|sub|3|0.5|51|leak: DIVERGED at step 360
ex16|kwta4|0|0.5|sub|10|0.5|50|leak: DIVERGED at step 180
ex16|kwta4|0|0.5|sub|10|0.5|51|leak: DIVERGED at step 190
ex16|kwta4|0|0.5|sub|10|1.0|50|leak: DIVERGED at step 260
ex16|kwta4|0|0.5|sub|10|1.0|51|leak: DIVERGED at step 270
ex16|kwta4|0|0.5|sub|30|0.5|50|leak: DIVERGED at step 160
ex16|kwta4|0|0.5|sub|30|0.5|51|leak: DIVERGED at step 160
ex16|tri1.0|0|0.9|dep|300|0.1|51|leak: static 0.588 sstatic 0.671 c1 0.999 c50 0.539 fac1 0.995 fac50 -0.126 lock 0.00 move 0.0667 period None osc -0.126@50 pr 5.2 sens10 -0.09 sens50 0.13 sat None dead 0.03 frozen 1.00 nbin 171 fat 0.667 | 40.9s
ex16|tri1.0|0|0.9|dep|300|0.5|50|leak: static 0.625 sstatic 0.695 c1 0.999 c50 0.600 fac1 0.995 fac50 -0.070 lock 0.00 move 0.113 period None osc -0.070@50 pr 5.6 sens10 -0.11 sens50 0.03 sat None dead 0.04 frozen 0.99 nbin 299 fat 0.661 | 41.2s
ex16|kwta4|0|0.5|sub|30|1.0|50|leak: DIVERGED at step 170
ex16|kwta4|0|0.5|sub|30|1.0|51|leak: DIVERGED at step 170
ex16|kwta4|0|0.5|sub|100|0.5|50|leak: DIVERGED at step 150
ex16|kwta4|0|0.5|sub|100|0.5|51|leak: DIVERGED at step 150
ex16|kwta4|0|0.5|sub|100|1.0|50|leak: DIVERGED at step 160
ex16|kwta4|0|0.5|sub|300|0.5|51|leak: DIVERGED at step 150
ex16|kwta4|0|0.5|sub|300|0.5|50|leak: DIVERGED at step 150
ex16|kwta4|0|0.5|sub|300|1.0|51|leak: DIVERGED at step 150
ex16|kwta4|0|0.5|sub|100|1.0|51|leak: DIVERGED at step 160
ex16|kwta4|0|0.5|sub|300|1.0|50|leak: DIVERGED at step 150
ex16|tri1.0|0|0.9|dep|10|0.5|51|leak: static 0.981 sstatic 0.981 c1 1.000 c50 0.987 fac1 0.994 fac50 0.195 lock 0.97 move 0.0198 period None osc 0.195@50 pr 3.0 sens10 -0.10 sens50 -0.01 sat None dead 0.03 frozen 0.97 nbin 279 fat 0.795 | 73.9s
ex16|tri1.0|0|0.9|dep|30|0.5|50|leak: static 0.937 sstatic 0.941 c1 1.000 c50 0.920 fac1 0.994 fac50 -0.224 lock 0.00 move 0.0817 period None osc -0.224@50 pr 6.2 sens10 -0.08 sens50 0.05 sat None dead 0.04 frozen 0.98 nbin 299 fat 0.772 | 71.6s
ex16|tri1.0|0|0.9|dep|10|0.5|50|leak: static 0.979 sstatic 0.981 c1 1.000 c50 0.980 fac1 0.994 fac50 -0.017 lock 0.75 move 0.0388 period None osc -0.017@50 pr 4.8 sens10 -0.12 sens50 -0.04 sat None dead 0.04 frozen 0.95 nbin 300 fat 0.790 | 76.5s
ex16|tri1.0|0|0.9|dep|30|0.5|51|leak: static 0.916 sstatic 0.923 c1 1.000 c50 0.886 fac1 0.995 fac50 -0.305 lock 0.01 move 0.0537 period None osc -0.305@50 pr 5.0 sens10 -0.06 sens50 0.16 sat None dead 0.03 frozen 1.00 nbin 148 fat 0.783 | 72.7s
ex16|tri1.0|0|0.9|dep|100|0.5|50|leak: static 0.749 sstatic 0.789 c1 0.999 c50 0.678 fac1 0.994 fac50 -0.246 lock 0.00 move 0.108 period None osc -0.246@50 pr 6.2 sens10 -0.09 sens50 0.05 sat None dead 0.04 frozen 0.99 nbin 300 fat 0.719 | 75.0s
ex16|tri1.0|0|0.9|dep|100|0.5|51|leak: static 0.702 sstatic 0.751 c1 0.999 c50 0.632 fac1 0.995 fac50 -0.214 lock 0.00 move 0.0921 period None osc -0.214@50 pr 5.9 sens10 -0.09 sens50 0.23 sat None dead 0.03 frozen 1.00 nbin 175 fat 0.725 | 74.4s
ex16|tri1.0|0|0.9|dep|300|0.1|50|leak: static 0.600 sstatic 0.685 c1 0.999 c50 0.555 fac1 0.995 fac50 -0.104 lock 0.00 move 0.0923 period None osc -0.104@50 pr 5.4 sens10 -0.11 sens50 0.06 sat None dead 0.04 frozen 0.99 nbin 300 fat 0.665 | 73.0s
ex16|kwta4|0|0.5|sub|3|1.0|50|leak: static 0.000 sstatic 0.119 c1 0.459 c50 -0.008 fac1 0.466 fac50 -0.008 lock 0.00 move 1.09 period None osc -0.231@4 pr 18.6 sens10 -1.16 sens50 -2.77 sat None dead 0.04 frozen 0.96 nbin 224 fat 0.798 | 43.7s
ex16|tri1.0|0|0.9|dep|300|0.5|51|leak: static 0.595 sstatic 0.671 c1 0.999 c50 0.563 fac1 0.995 fac50 -0.080 lock 0.00 move 0.107 period None osc -0.080@50 pr 5.1 sens10 -0.09 sens50 0.26 sat None dead 0.03 frozen 1.00 nbin 186 fat 0.669 | 71.5s
ex16|kwta4|0|0.5|sub|3|1.0|51|leak: static 0.000 sstatic 0.118 c1 0.489 c50 0.001 fac1 0.496 fac50 -0.001 lock 0.00 move 1.18 period None osc -0.244@4 pr 17.4 sens10 3.28 sens50 3.63 sat None dead 0.03 frozen 0.99 nbin 46 fat 0.799 | 52.6s
ex16|kwta4|0|0.5|div|3|2.0|50|leak: static 0.362 sstatic 0.256 c1 0.823 c50 0.356 fac1 0.729 fac50 -0.011 lock 0.00 move 0.599 period None osc -0.073@7 pr 16.4 sens10 -1.74 sens50 -3.04 sat None dead 0.04 frozen 0.95 nbin 245 fat 0.481 | 48.1s
ex16|kwta4|0|0.5|div|3|2.0|51|leak: static 0.356 sstatic 0.261 c1 0.839 c50 0.351 fac1 0.748 fac50 -0.008 lock 0.00 move 0.57 period None osc -0.071@7 pr 15.9 sens10 -1.76 sens50 -3.01 sat None dead 0.03 frozen 0.97 nbin 166 fat 0.453 | 55.2s
ex16|kwta4|0|0.5|div|3|0.5|51|leak: static 0.353 sstatic 0.256 c1 0.839 c50 0.342 fac1 0.755 fac50 -0.011 lock 0.00 move 0.564 period None osc -0.075@7 pr 15.9 sens10 -1.75 sens50 -3.03 sat None dead 0.03 frozen 0.05 nbin 300 fat 0.450 | 57.2s
ex16|kwta4|0|0.5|div|10|0.5|51|leak: static 0.272 sstatic 0.209 c1 0.862 c50 0.262 fac1 0.815 fac50 -0.014 lock 0.00 move 0.517 period None osc -0.101@10 pr 15.9 sens10 -1.40 sens50 -2.79 sat None dead 0.03 frozen 0.04 nbin 300 fat 0.632 | 53.6s
ex16|kwta4|0|0.5|div|3|0.5|50|leak: static 0.357 sstatic 0.252 c1 0.833 c50 0.351 fac1 0.744 fac50 -0.002 lock 0.00 move 0.575 period None osc -0.065@7 pr 16.3 sens10 -1.70 sens50 -3.02 sat None dead 0.04 frozen 0.05 nbin 300 fat 0.466 | 62.6s
ex16|kwta4|0|0.5|div|30|2.0|51|leak: static 0.235 sstatic 0.195 c1 0.891 c50 0.229 fac1 0.861 fac50 -0.008 lock 0.00 move 0.461 period None osc -0.074@12 pr 15.4 sens10 2.66 sens50 4.09 sat None dead 0.03 frozen 0.33 nbin 300 fat 0.761 | 47.4s
ex16|kwta4|0|0.5|div|10|0.5|50|leak: static 0.262 sstatic 0.206 c1 0.860 c50 0.259 fac1 0.813 fac50 -0.004 lock 0.00 move 0.522 period None osc -0.101@10 pr 16.2 sens10 -1.41 sens50 -2.78 sat None dead 0.04 frozen 0.04 nbin 300 fat 0.630 | 61.7s
ex16|kwta4|0|0.5|div|10|2.0|51|leak: static 0.270 sstatic 0.210 c1 0.866 c50 0.259 fac1 0.819 fac50 -0.008 lock 0.00 move 0.516 period None osc -0.109@9 pr 15.8 sens10 3.72 sens50 4.10 sat None dead 0.03 frozen 0.51 nbin 300 fat 0.621 | 54.0s
ex16|kwta4|0|0.5|div|10|2.0|50|leak: static 0.276 sstatic 0.207 c1 0.854 c50 0.276 fac1 0.806 fac50 0.001 lock 0.00 move 0.54 period None osc -0.110@9 pr 16.3 sens10 3.83 sens50 4.04 sat None dead 0.04 frozen 0.47 nbin 300 fat 0.652 | 58.8s
ex16|kwta4|0|0.5|dep|3|0.1|50|leak: DIVERGED at step 210
ex16|kwta4|0|0.5|div|100|0.5|50|leak: static 0.217 sstatic 0.185 c1 0.906 c50 0.201 fac1 0.884 fac50 -0.021 lock 0.00 move 0.422 period None osc -0.040@25 pr 15.1 sens10 2.87 sens50 4.08 sat None dead 0.04 frozen 0.04 nbin 300 fat 0.845 | 55.9s
ex16|kwta4|0|0.5|div|30|0.5|50|leak: static 0.233 sstatic 0.189 c1 0.888 c50 0.208 fac1 0.858 fac50 -0.023 lock 0.00 move 0.465 period None osc -0.062@12 pr 15.9 sens10 -1.41 sens50 -2.08 sat None dead 0.04 frozen 0.04 nbin 300 fat 0.763 | 63.4s
ex16|kwta4|0|0.5|div|100|0.5|51|leak: static 0.216 sstatic 0.186 c1 0.909 c50 0.184 fac1 0.887 fac50 -0.034 lock 0.00 move 0.415 period None osc -0.045@17 pr 14.6 sens10 -1.25 sens50 -1.50 sat None dead 0.03 frozen 0.03 nbin 300 fat 0.822 | 53.4s
ex16|kwta4|0|0.5|dep|3|0.1|51|leak: DIVERGED at step 220
ex16|kwta4|0|0.5|div|30|0.5|51|leak: static 0.232 sstatic 0.193 c1 0.893 c50 0.209 fac1 0.864 fac50 -0.026 lock 0.00 move 0.452 period None osc -0.075@12 pr 15.3 sens10 -1.46 sens50 -2.17 sat None dead 0.03 frozen 0.03 nbin 300 fat 0.761 | 67.7s
ex16|kwta4|0|0.5|div|30|2.0|50|leak: static 0.243 sstatic 0.191 c1 0.885 c50 0.222 fac1 0.856 fac50 -0.021 lock 0.00 move 0.477 period None osc -0.070@12 pr 16.0 sens10 -1.46 sens50 -2.16 sat None dead 0.04 frozen 0.29 nbin 300 fat 0.772 | 65.0s
ex16|kwta4|0|0.5|dep|10|0.1|50|leak: DIVERGED at step 330
ex16|kwta4|0|0.5|div|100|2.0|50|leak: static 0.219 sstatic 0.182 c1 0.904 c50 0.195 fac1 0.881 fac50 -0.033 lock 0.00 move 0.437 period None osc -0.045@23 pr 15.2 sens10 -1.37 sens50 -1.79 sat None dead 0.04 frozen 0.21 nbin 300 fat 0.884 | 63.5s
ex16|kwta4|0|0.5|div|100|2.0|51|leak: static 0.217 sstatic 0.187 c1 0.909 c50 0.190 fac1 0.887 fac50 -0.032 lock 0.00 move 0.418 period None osc -0.036@48 pr 14.8 sens10 2.11 sens50 4.10 sat None dead 0.03 frozen 0.27 nbin 300 fat 0.814 | 60.9s
ex16|kwta4|0|0.5|dep|10|0.1|51|leak: DIVERGED at step 350
ex16|kwta4|0|0.5|div|300|0.5|50|leak: static 0.206 sstatic 0.183 c1 0.912 c50 0.197 fac1 0.892 fac50 -0.028 lock 0.00 move 0.408 period None osc -0.032@46 pr 14.4 sens10 -1.44 sens50 -2.42 sat None dead 0.04 frozen 0.04 nbin 300 fat 0.855 | 58.1s
ex16|kwta4|0|0.5|div|300|2.0|50|leak: static 0.217 sstatic 0.185 c1 0.907 c50 0.209 fac1 0.886 fac50 -0.016 lock 0.00 move 0.427 period None osc -0.038@34 pr 15.0 sens10 -1.39 sens50 -2.30 sat None dead 0.04 frozen 0.21 nbin 300 fat 0.887 | 60.8s
ex16|kwta4|0|0.5|div|300|2.0|51|leak: static 0.207 sstatic 0.182 c1 0.913 c50 0.200 fac1 0.893 fac50 -0.021 lock 0.00 move 0.407 period None osc -0.034@34 pr 13.9 sens10 3.07 sens50 4.11 sat None dead 0.03 frozen 0.21 nbin 300 fat 0.875 | 60.5s
ex16|kwta4|0|0.5|div|300|0.5|51|leak: static 0.214 sstatic 0.186 c1 0.915 c50 0.210 fac1 0.896 fac50 -0.010 lock 0.00 move 0.4 period None osc -0.034@28 pr 14.1 sens10 2.34 sens50 4.07 sat None dead 0.03 frozen 0.03 nbin 300 fat 0.893 | 64.1s
ex16|kwta4|0|0.5|dep|30|0.1|51|leak: static 0.000 sstatic 0.000 c1 nan c50 nan fac1 nan fac50 nan lock 0.00 move nan period 1 osc nan@1 pr nan sens10 None sens50 None sat None dead 0.03 frozen 0.03 nbin 300 fat 0.780 | 47.9s
ex16|kwta4|0|0.5|dep|3|0.5|51|leak: static 0.415 sstatic 0.311 c1 0.910 c50 0.407 fac1 0.848 fac50 -0.015 lock 0.00 move 0.414 period None osc -0.036@38 pr 13.6 sens10 3.17 sens50 4.00 sat None dead 0.03 frozen 0.22 nbin 300 fat 0.927 | 64.2s
ex16|kwta4|0|0.5|dep|10|0.5|50|leak: static 0.357 sstatic 0.273 c1 0.845 c50 0.353 fac1 0.763 fac50 -0.009 lock 0.00 move 0.558 period None osc -0.081@8 pr 16.8 sens10 -1.56 sens50 -3.05 sat None dead 0.04 frozen 0.57 nbin 300 fat 0.868 | 60.1s
ex16|kwta4|0|0.5|dep|30|0.1|50|leak: static nan sstatic nan c1 nan c50 nan fac1 nan fac50 nan lock 0.00 move nan period 1 osc nan@1 pr nan sens10 None sens50 None sat None dead 0.04 frozen 0.04 nbin 300 fat 0.780 | 60.4s
ex16|kwta4|0|0.5|dep|3|0.5|50|leak: static 0.412 sstatic 0.305 c1 0.899 c50 0.409 fac1 0.837 fac50 -0.008 lock 0.00 move 0.442 period None osc -0.020@27 pr 14.1 sens10 -1.68 sens50 -3.06 sat None dead 0.04 frozen 0.19 nbin 300 fat 0.923 | 72.4s
ex16|kwta4|0|0.5|dep|10|0.5|51|leak: static 0.333 sstatic 0.265 c1 0.855 c50 0.325 fac1 0.785 fac50 -0.011 lock 0.00 move 0.537 period None osc -0.075@9 pr 16.4 sens10 -1.61 sens50 -3.02 sat None dead 0.03 frozen 0.62 nbin 300 fat 0.877 | 66.8s
ex16|kwta4|0|0.5|dep|100|0.1|51|leak: static 0.217 sstatic 0.202 c1 0.877 c50 0.204 fac1 0.848 fac50 -0.019 lock 0.00 move 0.49 period None osc -0.053@15 pr 16.7 sens10 3.82 sens50 4.07 sat None dead 0.03 frozen 0.33 nbin 300 fat 0.729 | 53.5s
ex16|kwta4|0|0.9|none|0|0.0|50|leak: DIVERGED at step 620
ex16|kwta4|0|0.5|dep|100|0.1|50|leak: static 0.227 sstatic 0.211 c1 0.869 c50 0.206 fac1 0.837 fac50 -0.024 lock 0.00 move 0.514 period None osc -0.051@15 pr 17.2 sens10 -1.28 sens50 -2.08 sat None dead 0.04 frozen 0.29 nbin 300 fat 0.724 | 69.0s
ex16|kwta4|0|0.5|dep|30|0.5|51|leak: static 0.262 sstatic 0.227 c1 0.860 c50 0.260 fac1 0.812 fac50 -0.011 lock 0.00 move 0.532 period None osc -0.073@13 pr 16.8 sens10 -1.56 sens50 4.06 sat None dead 0.03 frozen 0.95 nbin 300 fat 0.804 | 70.2s
ex16|kwta4|0|0.5|dep|30|0.5|50|leak: static 0.282 sstatic 0.236 c1 0.846 c50 0.276 fac1 0.795 fac50 -0.013 lock 0.00 move 0.559 period None osc -0.074@11 pr 17.2 sens10 -1.50 sens50 -2.38 sat None dead 0.04 frozen 0.93 nbin 300 fat 0.793 | 73.8s
ex16|kwta4|0|0.5|dep|100|0.5|50|leak: static 0.225 sstatic 0.206 c1 0.862 c50 0.214 fac1 0.829 fac50 -0.017 lock 0.00 move 0.556 period None osc -0.050@15 pr 17.0 sens10 3.34 sens50 3.76 sat None dead 0.04 frozen 0.97 nbin 300 fat 0.720 | 62.5s
ex16|kwta4|0|0.9|none|0|0.0|51|leak: DIVERGED at step 620
ex16|kwta4|0|0.5|dep|100|0.5|51|leak: static 0.220 sstatic 0.205 c1 0.879 c50 0.208 fac1 0.847 fac50 -0.022 lock 0.00 move 0.522 period None osc -0.046@24 pr 16.6 sens10 -1.25 sens50 -2.05 sat None dead 0.03 frozen 0.99 nbin 300 fat 0.731 | 70.7s
ex16|kwta4|0|0.5|dep|300|0.1|50|leak: static 0.209 sstatic 0.199 c1 0.877 c50 0.198 fac1 0.852 fac50 -0.020 lock 0.00 move 0.533 period None osc -0.034@19 pr 16.6 sens10 -1.25 sens50 -2.14 sat None dead 0.04 frozen 0.93 nbin 300 fat 0.684 | 67.4s
ex16|kwta4|0|0.9|sub|3|0.5|51|leak: static 0.271 sstatic 0.219 c1 0.997 c50 0.420 fac1 0.980 fac50 0.076 lock 0.00 move 0.0739 period None osc 0.076@50 pr 2.3 sens10 -0.69 sens50 -1.22 sat None dead 0.03 frozen 0.08 nbin 300 fat 0.482 | 44.3s
ex16|kwta4|0|0.5|dep|300|0.5|50|leak: static 0.203 sstatic 0.194 c1 0.870 c50 0.201 fac1 0.842 fac50 -0.019 lock 0.00 move 0.555 period None osc -0.028@15 pr 16.4 sens10 -1.31 sens50 3.38 sat None dead 0.04 frozen 0.97 nbin 300 fat 0.673 | 62.9s
ex16|kwta4|0|0.5|dep|300|0.1|51|leak: static 0.201 sstatic 0.198 c1 0.890 c50 0.186 fac1 0.866 fac50 -0.029 lock 0.00 move 0.482 period None osc -0.035@36 pr 16.2 sens10 -1.26 sens50 -2.10 sat None dead 0.03 frozen 0.97 nbin 300 fat 0.691 | 65.6s
ex16|kwta4|0|0.9|sub|30|0.5|51|leak: DIVERGED at step 843
ex16|kwta4|0|0.9|sub|10|1.0|51|leak: static 0.003 sstatic 0.134 c1 0.978 c50 -0.005 fac1 0.977 fac50 -0.006 lock 0.00 move 0.608 period None osc -0.284@22 pr 9.7 sens10 1.68 sens50 2.45 sat None dead 0.03 frozen 1.00 nbin 1 fat 0.985 | 40.5s
ex16|kwta4|0|0.9|sub|3|1.0|50|leak: static 0.001 sstatic 0.124 c1 0.858 c50 0.003 fac1 0.868 fac50 0.000 lock 0.00 move 0.881 period None osc -0.210@11 pr 12.0 sens10 0.53 sens50 1.19 sat None dead 0.04 frozen 1.00 nbin 1 fat 1.007 | 55.0s
ex16|kwta4|0|0.9|sub|10|0.5|50|leak: static 0.092 sstatic 0.077 c1 0.992 c50 0.253 fac1 0.958 fac50 0.022 lock 0.00 move 0.129 period None osc 0.022@50 pr 2.1 sens10 -0.59 sens50 -1.77 sat None dead 0.04 frozen 0.04 nbin 300 fat 0.347 | 48.6s
ex16|kwta4|0|0.9|sub|30|0.5|50|leak: DIVERGED at step 818
ex16|kwta4|0|0.5|dep|300|0.5|51|leak: static 0.198 sstatic 0.191 c1 0.889 c50 0.183 fac1 0.865 fac50 -0.034 lock 0.00 move 0.539 period None osc -0.034@50 pr 15.8 sens10 -1.25 sens50 -1.91 sat None dead 0.03 frozen 0.99 nbin 300 fat 0.692 | 76.6s
ex16|kwta4|0|0.9|sub|30|1.0|50|leak: static 0.057 sstatic 0.055 c1 0.989 c50 0.071 fac1 0.954 fac50 -0.006 lock 0.00 move 0.152 period None osc -0.024@25 pr 2.5 sens10 -0.58 sens50 -1.19 sat None dead 0.03 frozen 0.04 nbin 300 fat 0.395 | 42.6s
ex16|kwta4|0|0.9|sub|100|0.5|50|leak: DIVERGED at step 650
ex16|kwta4|0|0.9|sub|3|0.5|50|leak: static 0.241 sstatic 0.191 c1 0.997 c50 0.369 fac1 0.986 fac50 0.029 lock 0.00 move 0.0751 period None osc 0.029@50 pr 2.9 sens10 -0.74 sens50 -1.91 sat None dead 0.04 frozen 0.07 nbin 300 fat 0.487 | 70.8s
ex16|kwta4|0|0.9|sub|100|0.5|51|leak: DIVERGED at step 670
ex16|kwta4|0|0.9|sub|10|0.5|51|leak: static 0.090 sstatic 0.072 c1 0.992 c50 0.290 fac1 0.949 fac50 0.017 lock 0.00 move 0.123 period None osc 0.017@50 pr 1.8 sens10 -0.58 sens50 3.35 sat None dead 0.03 frozen 0.04 nbin 300 fat 0.337 | 58.1s
ex16|kwta4|0|0.9|sub|100|1.0|50|leak: DIVERGED at step 744
ex16|kwta4|0|0.9|sub|3|1.0|51|leak: static 0.001 sstatic 0.124 c1 0.619 c50 0.004 fac1 0.905 fac50 0.009 lock 0.00 move 0.914 period None osc -0.238@11 pr 9.6 sens10 -0.91 sens50 -1.09 sat None dead 0.03 frozen 1.00 nbin 1 fat 1.008 | 69.7s
ex16|kwta4|0|0.9|sub|10|1.0|50|leak: static 0.003 sstatic 0.134 c1 0.976 c50 -0.025 fac1 0.974 fac50 -0.028 lock 0.00 move 0.476 period None osc -0.265@21 pr 10.6 sens10 2.48 sens50 3.41 sat None dead 0.04 frozen 1.00 nbin 1 fat 0.909 | 63.4s
ex16|kwta4|0|0.9|sub|100|1.0|51|leak: DIVERGED at step 735
ex16|kwta4|0|0.9|sub|300|0.5|50|leak: DIVERGED at step 640
ex16|kwta4|0|0.9|sub|300|1.0|51|leak: DIVERGED at step 670
ex16|kwta4|0|0.9|sub|300|0.5|51|leak: DIVERGED at step 640
ex16|kwta4|0|0.9|sub|300|1.0|50|leak: DIVERGED at step 650
ex16|kwta4|0|0.9|sub|30|1.0|51|leak: static 0.056 sstatic 0.061 c1 0.988 c50 0.023 fac1 0.963 fac50 0.002 lock 0.00 move 0.152 period None osc -0.063@25 pr 2.8 sens10 -0.54 sens50 -1.33 sat None dead 0.03 frozen 0.03 nbin 300 fat 0.437 | 67.1s
ex16|kwta4|0|0.9|div|3|0.5|50|leak: static 0.450 sstatic 0.343 c1 0.998 c50 0.416 fac1 0.992 fac50 -0.038 lock 0.00 move 0.0689 period None osc -0.038@50 pr 6.0 sens10 -0.56 sens50 3.55 sat None dead 0.04 frozen 0.20 nbin 300 fat 0.426 | 62.3s
ex16|kwta4|0|0.9|div|3|2.0|50|leak: static 0.479 sstatic 0.361 c1 0.998 c50 0.454 fac1 0.992 fac50 -0.057 lock 0.00 move 0.0774 period None osc -0.057@50 pr 6.3 sens10 -0.58 sens50 -1.81 sat None dead 0.04 frozen 1.00 nbin 1 fat 0.456 | 61.3s
ex16|kwta4|0|0.9|div|10|0.5|50|leak: static 0.435 sstatic 0.303 c1 0.996 c50 0.348 fac1 0.990 fac50 -0.100 lock 0.00 move 0.0895 period None osc -0.103@48 pr 8.1 sens10 -0.53 sens50 3.74 sat None dead 0.04 frozen 0.16 nbin 300 fat 0.416 | 55.0s
ex16|kwta4|0|0.9|div|3|0.5|51|leak: static 0.494 sstatic 0.378 c1 0.998 c50 0.471 fac1 0.992 fac50 -0.037 lock 0.00 move 0.0651 period None osc -0.037@50 pr 5.8 sens10 2.42 sens50 3.78 sat None dead 0.03 frozen 0.23 nbin 300 fat 0.381 | 63.6s
ex16|kwta4|0|0.9|div|30|0.5|50|leak: static 0.348 sstatic 0.252 c1 0.996 c50 0.230 fac1 0.991 fac50 -0.161 lock 0.00 move 0.0869 period None osc -0.164@48 pr 7.9 sens10 2.53 sens50 3.83 sat None dead 0.04 frozen 0.11 nbin 300 fat 0.549 | 55.5s
ex16|kwta4|0|0.9|div|3|2.0|51|leak: static 0.473 sstatic 0.366 c1 0.998 c50 0.444 fac1 0.992 fac50 -0.055 lock 0.00 move 0.0705 period None osc -0.055@50 pr 6.1 sens10 2.22 sens50 3.81 sat None dead 0.03 frozen 1.00 nbin 1 fat 0.400 | 65.0s
ex16|kwta4|0|0.9|div|30|2.0|51|leak: static 0.349 sstatic 0.253 c1 0.996 c50 0.223 fac1 0.991 fac50 -0.166 lock 0.00 move 0.0862 period None osc -0.167@46 pr 7.9 sens10 -0.51 sens50 -1.43 sat None dead 0.03 frozen 0.88 nbin 299 fat 0.539 | 56.3s
ex16|kwta4|0|0.9|div|100|0.5|50|leak: static 0.299 sstatic 0.230 c1 0.997 c50 0.188 fac1 0.993 fac50 -0.131 lock 0.00 move 0.0738 period None osc -0.131@50 pr 7.0 sens10 -0.53 sens50 -1.48 sat None dead 0.04 frozen 0.09 nbin 300 fat 0.691 | 55.0s
ex16|kwta4|0|0.9|div|10|2.0|50|leak: static 0.451 sstatic 0.310 c1 0.996 c50 0.394 fac1 0.989 fac50 -0.086 lock 0.00 move 0.0952 period None osc -0.088@46 pr 8.0 sens10 2.18 sens50 3.84 sat None dead 0.04 frozen 1.00 nbin 16 fat 0.438 | 68.6s
ex16|kwta4|0|0.9|div|10|0.5|51|leak: static 0.453 sstatic 0.328 c1 0.996 c50 0.391 fac1 0.990 fac50 -0.102 lock 0.00 move 0.0862 period None osc -0.104@47 pr 7.8 sens10 -0.54 sens50 -1.90 sat None dead 0.03 frozen 0.18 nbin 300 fat 0.421 | 69.4s
ex16|kwta4|0|0.9|div|30|2.0|50|leak: static 0.348 sstatic 0.250 c1 0.996 c50 0.220 fac1 0.991 fac50 -0.168 lock 0.00 move 0.0913 period None osc -0.170@48 pr 8.1 sens10 1.88 sens50 3.73 sat None dead 0.04 frozen 0.87 nbin 300 fat 0.565 | 61.7s
ex16|kwta4|0|0.9|div|100|0.5|51|leak: static 0.292 sstatic 0.240 c1 0.997 c50 0.207 fac1 0.993 fac50 -0.112 lock 0.00 move 0.0725 period None osc -0.112@50 pr 6.8 sens10 -0.52 sens50 -1.52 sat None dead 0.03 frozen 0.09 nbin 300 fat 0.687 | 58.1s
ex16|kwta4|0|0.9|div|10|2.0|51|leak: static 0.442 sstatic 0.313 c1 0.996 c50 0.368 fac1 0.990 fac50 -0.124 lock 0.00 move 0.0892 period None osc -0.124@50 pr 7.8 sens10 2.01 sens50 3.80 sat None dead 0.03 frozen 1.00 nbin 7 fat 0.430 | 71.8s
ex16|kwta4|0|0.9|div|30|0.5|51|leak: static 0.344 sstatic 0.249 c1 0.996 c50 0.226 fac1 0.991 fac50 -0.154 lock 0.00 move 0.0858 period None osc -0.154@50 pr 7.8 sens10 -0.54 sens50 -1.45 sat None dead 0.03 frozen 0.11 nbin 300 fat 0.543 | 67.3s
ex16|kwta4|0|0.9|div|100|2.0|50|leak: static 0.296 sstatic 0.235 c1 0.997 c50 0.196 fac1 0.992 fac50 -0.121 lock 0.00 move 0.077 period None osc -0.121@50 pr 7.0 sens10 -0.56 sens50 2.75 sat None dead 0.04 frozen 0.64 nbin 300 fat 0.736 | 65.3s
ex16|kwta4|0|0.9|div|100|2.0|51|leak: static 0.297 sstatic 0.240 c1 0.997 c50 0.206 fac1 0.993 fac50 -0.122 lock 0.00 move 0.0724 period None osc -0.122@50 pr 6.8 sens10 -0.54 sens50 -1.49 sat None dead 0.03 frozen 0.67 nbin 300 fat 0.699 | 70.4s
ex16|kwta4|0|0.9|div|300|2.0|50|leak: static 0.308 sstatic 0.247 c1 0.998 c50 0.259 fac1 0.993 fac50 -0.072 lock 0.00 move 0.0673 period None osc -0.072@50 pr 6.3 sens10 -0.57 sens50 3.02 sat None dead 0.04 frozen 0.58 nbin 300 fat 0.837 | 56.8s
ex16|kwta4|0|0.9|dep|3|0.1|51|leak: static nan sstatic nan c1 nan c50 nan fac1 nan fac50 nan lock 0.00 move nan period 1 osc nan@1 pr nan sens10 None sens50 None sat None dead 0.03 frozen 0.06 nbin 300 fat 0.971 | 49.9s
ex16|kwta4|0|0.9|dep|3|0.1|50|leak: static nan sstatic nan c1 nan c50 nan fac1 nan fac50 nan lock 0.00 move nan period 1 osc nan@1 pr nan sens10 None sens50 None sat None dead 0.04 frozen 0.08 nbin 300 fat 0.971 | 60.3s
ex16|kwta4|0|0.9|div|300|0.5|51|leak: static 0.299 sstatic 0.249 c1 0.998 c50 0.242 fac1 0.993 fac50 -0.074 lock 0.00 move 0.0644 period None osc -0.074@50 pr 6.0 sens10 -0.56 sens50 -1.32 sat None dead 0.03 frozen 0.09 nbin 300 fat 0.797 | 71.2s
ex16|kwta4|0|0.9|div|300|0.5|50|leak: static 0.284 sstatic 0.238 c1 0.998 c50 0.231 fac1 0.993 fac50 -0.077 lock 0.00 move 0.0666 period None osc -0.077@50 pr 5.8 sens10 -0.53 sens50 -1.36 sat None dead 0.04 frozen 0.09 nbin 300 fat 0.748 | 72.7s
ex16|kwta4|0|0.9|div|300|2.0|51|leak: static 0.305 sstatic 0.247 c1 0.998 c50 0.270 fac1 0.994 fac50 -0.057 lock 0.00 move 0.0641 period None osc -0.057@50 pr 5.9 sens10 -0.57 sens50 -1.33 sat None dead 0.03 frozen 0.60 nbin 300 fat 0.811 | 71.7s
ex16|kwta4|0|0.9|dep|3|0.5|50|leak: static 0.458 sstatic 0.350 c1 0.998 c50 0.407 fac1 0.993 fac50 -0.078 lock 0.00 move 0.0623 period None osc -0.078@50 pr 5.7 sens10 -0.37 sens50 3.18 sat None dead 0.04 frozen 0.48 nbin 300 fat 0.942 | 61.5s
ex16|kwta4|0|0.9|dep|10|0.5|50|leak: static 0.540 sstatic 0.395 c1 0.998 c50 0.520 fac1 0.991 fac50 -0.047 lock 0.00 move 0.0862 period None osc -0.047@50 pr 6.4 sens10 -0.37 sens50 3.61 sat None dead 0.04 frozen 0.97 nbin 300 fat 0.930 | 63.9s
ex16|kwta4|0|0.9|dep|10|0.1|50|leak: static 0.232 sstatic 0.182 c1 0.997 c50 0.419 fac1 0.982 fac50 0.063 lock 0.00 move 0.0728 period None osc 0.063@50 pr 2.5 sens10 0.82 sens50 3.25 sat None dead 0.04 frozen 0.08 nbin 300 fat 0.928 | 67.5s
ex16|kwta4|0|0.9|dep|10|0.1|51|leak: static 0.234 sstatic 0.190 c1 0.997 c50 0.412 fac1 0.979 fac50 0.105 lock 0.00 move 0.0705 period None osc 0.105@50 pr 2.1 sens10 2.49 sens50 3.75 sat None dead 0.03 frozen 0.08 nbin 300 fat 0.929 | 72.3s
ex16|kwta4|0|0.9|dep|3|0.5|51|leak: static 0.468 sstatic 0.368 c1 0.998 c50 0.442 fac1 0.993 fac50 -0.040 lock 0.00 move 0.0576 period None osc -0.040@50 pr 5.3 sens10 -0.37 sens50 -1.49 sat None dead 0.03 frozen 0.50 nbin 300 fat 0.942 | 78.3s
ex16|kwta4|0|0.9|dep|10|0.5|51|leak: static 0.522 sstatic 0.394 c1 0.998 c50 0.493 fac1 0.992 fac50 -0.054 lock 0.00 move 0.0744 period None osc -0.054@50 pr 6.1 sens10 2.30 sens50 3.77 sat None dead 0.03 frozen 0.99 nbin 260 fat 0.936 | 71.9s
ex16|kwta4|0|0.9|dep|30|0.5|50|leak: static 0.497 sstatic 0.373 c1 0.996 c50 0.434 fac1 0.989 fac50 -0.095 lock 0.00 move 0.107 period None osc -0.096@47 pr 8.0 sens10 -0.35 sens50 -1.54 sat None dead 0.04 frozen 0.99 nbin 300 fat 0.898 | 65.0s
ex16|kwta4|0|0.9|dep|30|0.1|50|leak: static 0.441 sstatic 0.332 c1 0.996 c50 0.374 fac1 0.990 fac50 -0.099 lock 0.00 move 0.0858 period None osc -0.099@50 pr 7.4 sens10 1.76 sens50 3.58 sat None dead 0.04 frozen 0.57 nbin 300 fat 0.902 | 73.9s
ex16|kwta4|0|0.9|dep|30|0.1|51|leak: static 0.440 sstatic 0.340 c1 0.997 c50 0.340 fac1 0.990 fac50 -0.148 lock 0.00 move 0.0831 period None osc -0.148@49 pr 7.6 sens10 -0.34 sens50 -1.65 sat None dead 0.03 frozen 0.62 nbin 300 fat 0.904 | 74.7s
ex16|kwta4|0|0.9|dep|30|0.5|51|leak: static 0.454 sstatic 0.349 c1 0.997 c50 0.354 fac1 0.990 fac50 -0.142 lock 0.00 move 0.0959 period None osc -0.142@49 pr 7.6 sens10 1.16 sens50 3.65 sat None dead 0.03 frozen 1.00 nbin 164 fat 0.905 | 71.2s
ex16|kwta4|0|0.9|dep|100|0.1|51|leak: static 0.345 sstatic 0.286 c1 0.996 c50 0.260 fac1 0.992 fac50 -0.118 lock 0.00 move 0.0864 period None osc -0.119@49 pr 7.5 sens10 -0.32 sens50 -1.44 sat None dead 0.03 frozen 0.93 nbin 297 fat 0.838 | 60.8s
ex16|tanh|0|0.5|none|0|0.0|50|leak: static 0.050 sstatic 0.042 c1 0.959 c50 -0.001 fac1 0.955 fac50 -0.051 lock 0.00 move 0.281 period None osc -0.051@50 pr 13.0 sens10 0.64 sens50 3.16 sat 0.357 dead 0.04 frozen 0.04 nbin 300 fat None | 43.8s
ex16|kwta4|0|0.9|dep|100|0.1|50|leak: static 0.362 sstatic 0.298 c1 0.996 c50 0.268 fac1 0.991 fac50 -0.131 lock 0.00 move 0.0928 period None osc -0.131@50 pr 7.6 sens10 -0.33 sens50 -1.40 sat None dead 0.04 frozen 0.93 nbin 300 fat 0.836 | 70.9s
ex16|tanh|0|0.5|sub|3|1.0|50|leak: static 0.000 sstatic 0.000 c1 0.801 c50 0.015 fac1 0.804 fac50 0.014 lock 0.00 move 0.623 period None osc -0.762@5 pr 12.0 sens10 -0.07 sens50 0.48 sat 0.056 dead 0.04 frozen 0.04 nbin 300 fat 0.630 | 37.1s
ex16|tanh|0|0.5|none|0|0.0|51|leak: static 0.047 sstatic 0.041 c1 0.960 c50 0.009 fac1 0.957 fac50 -0.036 lock 0.00 move 0.276 period None osc -0.036@50 pr 12.7 sens10 0.52 sens50 3.21 sat 0.353 dead 0.03 frozen 0.03 nbin 300 fat None | 47.1s
ex16|kwta4|0|0.9|dep|300|0.5|50|leak: static 0.315 sstatic 0.276 c1 0.997 c50 0.237 fac1 0.991 fac50 -0.103 lock 0.00 move 0.114 period None osc -0.103@50 pr 7.4 sens10 1.66 sens50 3.00 sat None dead 0.04 frozen 0.99 nbin 299 fat 0.764 | 65.5s
ex16|tanh|0|0.5|sub|3|0.5|51|leak: static 0.001 sstatic 0.002 c1 0.850 c50 0.035 fac1 0.851 fac50 0.027 lock 0.00 move 0.541 period None osc -0.601@7 pr 13.1 sens10 0.25 sens50 1.74 sat 0.133 dead 0.03 frozen 0.03 nbin 300 fat 0.355 | 50.9s
ex16|kwta4|0|0.9|dep|300|0.5|51|leak: static 0.302 sstatic 0.267 c1 0.997 c50 0.226 fac1 0.993 fac50 -0.101 lock 0.00 move 0.108 period None osc -0.101@50 pr 7.1 sens10 2.01 sens50 3.28 sat None dead 0.03 frozen 1.00 nbin 192 fat 0.768 | 61.2s
ex16|tanh|0|0.5|sub|3|0.5|50|leak: static 0.002 sstatic 0.003 c1 0.844 c50 0.011 fac1 0.846 fac50 0.010 lock 0.00 move 0.552 period None osc -0.543@6 pr 14.5 sens10 0.30 sens50 1.55 sat 0.131 dead 0.04 frozen 0.04 nbin 300 fat 0.349 | 51.8s
ex16|tanh|0|0.5|sub|3|1.0|51|leak: static 0.000 sstatic 0.000 c1 0.796 c50 -0.015 fac1 0.799 fac50 -0.012 lock 0.00 move 0.631 period None osc -0.765@5 pr 12.5 sens10 -0.10 sens50 0.44 sat 0.056 dead 0.03 frozen 0.03 nbin 300 fat 0.608 | 48.9s
ex16|kwta4|0|0.9|dep|100|0.5|51|leak: static 0.327 sstatic 0.279 c1 0.996 c50 0.218 fac1 0.992 fac50 -0.145 lock 0.00 move 0.103 period None osc -0.145@50 pr 7.6 sens10 2.04 sens50 3.51 sat None dead 0.03 frozen 1.00 nbin 178 fat 0.835 | 74.3s
ex16|kwta4|0|0.9|dep|100|0.5|50|leak: static 0.375 sstatic 0.304 c1 0.996 c50 0.274 fac1 0.991 fac50 -0.128 lock 0.00 move 0.112 period None osc -0.128@50 pr 7.9 sens10 1.94 sens50 3.37 sat None dead 0.04 frozen 0.99 nbin 299 fat 0.837 | 79.2s
ex16|kwta4|0|0.9|dep|300|0.1|50|leak: static 0.312 sstatic 0.276 c1 0.997 c50 0.229 fac1 0.992 fac50 -0.108 lock 0.00 move 0.101 period None osc -0.108@50 pr 7.1 sens10 2.29 sens50 3.62 sat None dead 0.04 frozen 0.98 nbin 299 fat 0.762 | 75.0s
ex16|tanh|0|0.5|sub|10|0.5|50|leak: static 0.001 sstatic 0.003 c1 0.915 c50 -0.040 fac1 0.916 fac50 -0.037 lock 0.00 move 0.404 period None osc -0.453@10 pr 13.5 sens10 0.42 sens50 2.34 sat 0.278 dead 0.04 frozen 0.04 nbin 300 fat 0.203 | 51.1s
ex16|kwta4|0|0.9|dep|300|0.1|51|leak: static 0.296 sstatic 0.264 c1 0.997 c50 0.226 fac1 0.992 fac50 -0.100 lock 0.00 move 0.0863 period None osc -0.100@50 pr 7.0 sens10 -0.34 sens50 2.75 sat None dead 0.03 frozen 1.00 nbin 184 fat 0.765 | 76.3s
ex16|tanh|0|0.5|sub|10|0.5|51|leak: static 0.001 sstatic 0.003 c1 0.919 c50 0.040 fac1 0.919 fac50 0.035 lock 0.00 move 0.394 period None osc -0.464@11 pr 13.1 sens10 0.37 sens50 2.35 sat 0.277 dead 0.03 frozen 0.03 nbin 300 fat 0.202 | 50.8s
ex16|tanh|0|0.5|sub|30|0.5|51|leak: static 0.002 sstatic 0.004 c1 0.944 c50 -0.022 fac1 0.943 fac50 -0.022 lock 0.00 move 0.328 period None osc -0.238@15 pr 13.0 sens10 0.41 sens50 2.43 sat 0.325 dead 0.03 frozen 0.03 nbin 300 fat 0.125 | 37.5s
ex16|tanh|0|0.5|sub|10|1.0|50|leak: static 0.000 sstatic 0.001 c1 0.907 c50 -0.014 fac1 0.908 fac50 -0.015 lock 0.00 move 0.421 period None osc -0.529@9 pr 12.7 sens10 0.19 sens50 1.47 sat 0.253 dead 0.04 frozen 0.04 nbin 300 fat 0.370 | 54.0s
ex16|tanh|0|0.5|sub|30|1.0|50|leak: static 0.001 sstatic 0.003 c1 0.940 c50 -0.010 fac1 0.939 fac50 -0.012 lock 0.00 move 0.338 period None osc -0.320@15 pr 12.6 sens10 0.39 sens50 2.20 sat 0.319 dead 0.04 frozen 0.04 nbin 300 fat 0.214 | 40.5s
ex16|tanh|0|0.5|sub|30|0.5|50|leak: static 0.003 sstatic 0.004 c1 0.942 c50 -0.018 fac1 0.942 fac50 -0.016 lock 0.00 move 0.333 period None osc -0.262@15 pr 12.9 sens10 0.49 sens50 2.61 sat 0.327 dead 0.04 frozen 0.04 nbin 300 fat 0.135 | 49.5s
ex16|tanh|0|0.5|sub|30|1.0|51|leak: static 0.001 sstatic 0.003 c1 0.943 c50 -0.000 fac1 0.942 fac50 -0.002 lock 0.00 move 0.331 period None osc -0.300@16 pr 12.4 sens10 0.38 sens50 1.99 sat 0.318 dead 0.03 frozen 0.03 nbin 300 fat 0.239 | 39.4s
ex16|tanh|0|0.5|sub|10|1.0|51|leak: static 0.000 sstatic 0.001 c1 0.911 c50 -0.025 fac1 0.912 fac50 -0.025 lock 0.00 move 0.413 period None osc -0.557@10 pr 12.1 sens10 0.19 sens50 1.32 sat 0.252 dead 0.03 frozen 0.03 nbin 300 fat 0.378 | 54.3s
ex16|tanh|0|0.5|sub|100|1.0|50|leak: static 0.004 sstatic 0.006 c1 0.953 c50 -0.046 fac1 0.952 fac50 -0.038 lock 0.03 move 0.299 period None osc -0.164@25 pr 12.4 sens10 0.45 sens50 2.84 sat 0.345 dead 0.00 frozen 0.04 nbin 300 fat 0.127 | 40.5s
ex16|tanh|0|0.5|div|3|0.5|50|leak: static 0.045 sstatic 0.045 c1 0.958 c50 0.000 fac1 0.954 fac50 -0.038 lock 0.00 move 0.287 period None osc -0.039@19 pr 13.8 sens10 0.17 sens50 1.84 sat 0.000 dead 0.04 frozen 0.04 nbin 300 fat 0.946 | 35.8s
ex16|tanh|0|0.5|sub|100|0.5|51|leak: static 0.005 sstatic 0.007 c1 0.954 c50 -0.061 fac1 0.953 fac50 -0.056 lock 0.02 move 0.295 period None osc -0.115@21 pr 12.8 sens10 0.53 sens50 3.02 sat 0.345 dead 0.00 frozen 0.03 nbin 300 fat 0.075 | 43.3s
ex16|tanh|0|0.5|sub|100|0.5|50|leak: static 0.006 sstatic 0.007 c1 0.954 c50 -0.106 fac1 0.953 fac50 -0.093 lock 0.04 move 0.295 period None osc -0.122@25 pr 12.6 sens10 0.52 sens50 3.01 sat 0.347 dead 0.00 frozen 0.04 nbin 300 fat 0.073 | 47.0s
ex16|tanh|0|0.5|sub|300|1.0|51|leak: static 0.013 sstatic 0.014 c1 0.959 c50 -0.091 fac1 0.957 fac50 -0.086 lock 0.03 move 0.283 period None osc -0.101@44 pr 12.2 sens10 0.55 sens50 2.95 sat 0.351 dead 0.00 frozen 0.03 nbin 300 fat 0.080 | 42.1s
ex16|tanh|0|0.5|sub|100|1.0|51|leak: static 0.004 sstatic 0.006 c1 0.954 c50 -0.080 fac1 0.952 fac50 -0.068 lock 0.01 move 0.302 period None osc -0.109@32 pr 12.7 sens10 0.53 sens50 2.65 sat 0.341 dead 0.00 frozen 0.03 nbin 300 fat 0.135 | 49.4s
ex16|tanh|0|0.5|sub|300|1.0|50|leak: static 0.014 sstatic 0.014 c1 0.957 c50 -0.098 fac1 0.955 fac50 -0.093 lock 0.04 move 0.289 period None osc -0.099@48 pr 12.6 sens10 0.54 sens50 2.93 sat 0.351 dead 0.00 frozen 0.04 nbin 300 fat 0.089 | 47.5s
ex16|tanh|0|0.5|sub|300|0.5|50|leak: static 0.015 sstatic 0.015 c1 0.955 c50 -0.008 fac1 0.953 fac50 -0.019 lock 0.04 move 0.294 period None osc -0.059@36 pr 12.9 sens10 0.51 sens50 3.18 sat 0.349 dead 0.00 frozen 0.04 nbin 300 fat 0.046 | 51.7s
ex16|tanh|0|0.5|sub|300|0.5|51|leak: static 0.014 sstatic 0.014 c1 0.958 c50 -0.035 fac1 0.955 fac50 -0.043 lock 0.03 move 0.286 period None osc -0.067@23 pr 12.6 sens10 0.59 sens50 3.03 sat 0.350 dead 0.00 frozen 0.03 nbin 300 fat 0.043 | 51.9s
ex16|tanh|0|0.5|div|3|2.0|50|leak: static 0.115 sstatic 0.115 c1 0.949 c50 0.093 fac1 0.941 fac50 -0.030 lock 0.00 move 0.323 period None osc -0.057@28 pr 15.1 sens10 -0.01 sens50 1.11 sat 0.000 dead 0.04 frozen 0.24 nbin 300 fat 1.628 | 31.5s
ex16|tanh|0|0.5|div|3|2.0|51|leak: static 0.040 sstatic 0.040 c1 0.953 c50 0.012 fac1 0.949 fac50 -0.030 lock 0.00 move 0.306 period None osc -0.030@50 pr 14.4 sens10 -0.02 sens50 1.22 sat 0.000 dead 0.03 frozen 0.24 nbin 300 fat 1.636 | 29.7s
ex16|tanh|0|0.5|div|10|2.0|50|leak: static 0.088 sstatic 0.089 c1 0.969 c50 0.110 fac1 0.964 fac50 0.021 lock 0.00 move 0.253 period None osc -0.129@13 pr 13.5 sens10 -0.25 sens50 0.37 sat 0.000 dead 0.04 frozen 0.06 nbin 300 fat 1.847 | 28.2s
ex16|tanh|0|0.5|div|10|0.5|51|leak: static 0.032 sstatic 0.032 c1 0.970 c50 -0.022 fac1 0.966 fac50 -0.046 lock 0.00 move 0.244 period None osc -0.059@29 pr 13.0 sens10 -0.03 sens50 1.20 sat 0.006 dead 0.03 frozen 0.03 nbin 300 fat 0.961 | 31.9s
ex16|tanh|0|0.5|div|30|0.5|50|leak: static 0.062 sstatic 0.060 c1 0.978 c50 0.029 fac1 0.974 fac50 -0.029 lock 0.00 move 0.209 period None osc -0.089@39 pr 11.8 sens10 -0.14 sens50 0.77 sat 0.019 dead 0.04 frozen 0.04 nbin 300 fat 0.968 | 27.8s
ex16|tanh|0|0.5|div|30|0.5|51|leak: static 0.054 sstatic 0.052 c1 0.978 c50 -0.010 fac1 0.974 fac50 -0.057 lock 0.00 move 0.208 period None osc -0.074@36 pr 12.1 sens10 -0.10 sens50 1.01 sat 0.020 dead 0.03 frozen 0.03 nbin 300 fat 0.967 | 27.6s
ex16|tanh|0|0.5|div|3|0.5|51|leak: static 0.032 sstatic 0.032 c1 0.959 c50 -0.014 fac1 0.955 fac50 -0.044 lock 0.00 move 0.284 period None osc -0.073@24 pr 13.9 sens10 0.00 sens50 1.70 sat 0.000 dead 0.03 frozen 0.03 nbin 300 fat 0.956 | 50.2s
ex16|tanh|0|0.5|div|100|0.5|50|leak: static 0.077 sstatic 0.074 c1 0.982 c50 0.064 fac1 0.977 fac50 -0.022 lock 0.00 move 0.189 period None osc -0.090@30 pr 11.3 sens10 -0.09 sens50 0.80 sat 0.029 dead 0.04 frozen 0.04 nbin 300 fat 0.973 | 27.4s
ex16|tanh|0|0.5|div|100|2.0|50|leak: static 0.084 sstatic 0.085 c1 0.991 c50 -0.000 fac1 0.986 fac50 -0.084 lock 0.00 move 0.142 period None osc -0.085@49 pr 9.8 sens10 -0.36 sens50 -0.27 sat 0.000 dead 0.04 frozen 0.07 nbin 300 fat 2.087 | 27.4s
ex16|tanh|0|0.5|div|10|0.5|50|leak: static 0.054 sstatic 0.053 c1 0.968 c50 0.068 fac1 0.964 fac50 0.012 lock 0.00 move 0.25 period None osc -0.077@24 pr 13.3 sens10 0.02 sens50 1.27 sat 0.006 dead 0.04 frozen 0.04 nbin 300 fat 0.953 | 49.4s
ex16|tanh|0|0.5|div|300|0.5|51|leak: static 0.075 sstatic 0.072 c1 0.982 c50 0.058 fac1 0.978 fac50 -0.018 lock 0.00 move 0.185 period None osc -0.036@33 pr 11.0 sens10 -0.14 sens50 0.58 sat 0.036 dead 0.03 frozen 0.03 nbin 300 fat 0.967 | 27.5s
ex16|tanh|0|0.5|div|10|2.0|51|leak: static 0.066 sstatic 0.067 c1 0.970 c50 0.153 fac1 0.965 fac50 0.072 lock 0.00 move 0.245 period None osc -0.112@24 pr 12.8 sens10 -0.14 sens50 0.48 sat 0.000 dead 0.03 frozen 0.06 nbin 300 fat 1.904 | 47.3s
ex16|tanh|0|0.5|div|300|2.0|50|leak: static 0.101 sstatic 0.100 c1 0.993 c50 0.049 fac1 0.990 fac50 -0.054 lock 0.00 move 0.127 period None osc -0.098@29 pr 8.5 sens10 -0.39 sens50 -0.37 sat 0.000 dead 0.04 frozen 0.09 nbin 300 fat 2.120 | 27.6s
ex16|tanh|0|0.5|div|300|2.0|51|leak: static 0.103 sstatic 0.102 c1 0.995 c50 0.009 fac1 0.990 fac50 -0.108 lock 0.00 move 0.105 period None osc -0.222@32 pr 7.7 sens10 -0.38 sens50 -0.32 sat 0.000 dead 0.03 frozen 0.11 nbin 300 fat 2.117 | 27.4s
ex16|tanh|0|0.5|div|30|2.0|50|leak: static 0.083 sstatic 0.083 c1 0.984 c50 0.129 fac1 0.980 fac50 0.044 lock 0.00 move 0.186 period None osc -0.130@21 pr 11.3 sens10 -0.29 sens50 0.04 sat 0.000 dead 0.04 frozen 0.06 nbin 300 fat 2.016 | 50.6s
ex16|tanh|0|0.5|div|30|2.0|51|leak: static 0.028 sstatic 0.028 c1 0.985 c50 0.082 fac1 0.982 fac50 0.041 lock 0.00 move 0.171 period None osc -0.041@17 pr 11.4 sens10 -0.32 sens50 -0.10 sat 0.000 dead 0.03 frozen 0.04 nbin 300 fat 2.029 | 47.9s
ex16|tanh|0|0.5|dep|3|0.1|50|leak: static 0.051 sstatic 0.045 c1 0.960 c50 0.056 fac1 0.956 fac50 0.003 lock 0.00 move 0.276 period None osc -0.092@27 pr 13.1 sens10 0.57 sens50 2.81 sat 0.236 dead 0.04 frozen 0.04 nbin 300 fat 0.823 | 30.4s
ex16|tanh|0|0.5|dep|3|0.1|51|leak: static 0.084 sstatic 0.072 c1 0.963 c50 0.066 fac1 0.957 fac50 -0.014 lock 0.00 move 0.267 period None osc -0.023@43 pr 12.8 sens10 0.50 sens50 2.85 sat 0.236 dead 0.03 frozen 0.03 nbin 300 fat 0.822 | 30.6s
ex16|tanh|0|0.5|dep|3|0.5|50|leak: static 0.116 sstatic 0.109 c1 0.967 c50 0.105 fac1 0.961 fac50 -0.022 lock 0.00 move 0.255 period None osc -0.082@22 pr 12.9 sens10 0.41 sens50 2.21 sat 0.028 dead 0.04 frozen 0.04 nbin 300 fat 0.577 | 30.9s
ex16|tanh|0|0.5|div|100|0.5|51|leak: static 0.086 sstatic 0.084 c1 0.982 c50 0.095 fac1 0.978 fac50 -0.000 lock 0.00 move 0.186 period None osc -0.044@26 pr 11.4 sens10 -0.12 sens50 0.69 sat 0.029 dead 0.03 frozen 0.03 nbin 300 fat 0.984 | 50.7s
ex16|tanh|0|0.5|div|100|2.0|51|leak: static 0.101 sstatic 0.102 c1 0.992 c50 0.072 fac1 0.988 fac50 -0.017 lock 0.00 move 0.121 period None osc -0.139@29 pr 9.1 sens10 -0.36 sens50 -0.25 sat 0.000 dead 0.03 frozen 0.09 nbin 300 fat 2.108 | 49.8s
ex16|tanh|0|0.5|div|300|0.5|50|leak: static 0.070 sstatic 0.069 c1 0.982 c50 0.001 fac1 0.978 fac50 -0.073 lock 0.00 move 0.186 period None osc -0.088@43 pr 10.9 sens10 -0.13 sens50 0.69 sat 0.036 dead 0.04 frozen 0.04 nbin 300 fat 0.967 | 48.5s
ex16|tanh|0|0.5|dep|10|0.1|50|leak: static 0.063 sstatic 0.059 c1 0.965 c50 0.077 fac1 0.960 fac50 0.009 lock 0.00 move 0.263 period None osc -0.039@30 pr 12.9 sens10 0.30 sens50 1.93 sat 0.089 dead 0.04 frozen 0.04 nbin 300 fat 0.623 | 35.1s
ex16|tanh|0|0.5|dep|10|0.1|51|leak: static 0.043 sstatic 0.040 c1 0.964 c50 0.026 fac1 0.961 fac50 -0.019 lock 0.00 move 0.261 period None osc -0.053@22 pr 12.8 sens10 0.34 sens50 1.98 sat 0.087 dead 0.03 frozen 0.03 nbin 300 fat 0.623 | 36.6s
ex16|tanh|0|0.5|dep|10|0.5|51|leak: static 0.035 sstatic 0.034 c1 0.962 c50 0.020 fac1 0.958 fac50 -0.012 lock 0.00 move 0.278 period None osc -0.061@39 pr 12.8 sens10 0.24 sens50 1.50 sat 0.000 dead 0.03 frozen 0.08 nbin 300 fat 0.442 | 35.4s
ex16|tanh|0|0.5|dep|30|0.1|51|leak: static 0.038 sstatic 0.037 c1 0.974 c50 -0.010 fac1 0.971 fac50 -0.043 lock 0.00 move 0.227 period None osc -0.094@43 pr 12.1 sens10 0.10 sens50 0.99 sat 0.004 dead 0.03 frozen 0.03 nbin 300 fat 0.450 | 38.6s
ex16|tanh|0|0.5|dep|3|0.5|51|leak: static 0.034 sstatic 0.032 c1 0.969 c50 0.032 fac1 0.966 fac50 -0.001 lock 0.00 move 0.244 period None osc -0.001@50 pr 11.5 sens10 0.42 sens50 2.07 sat 0.029 dead 0.03 frozen 0.03 nbin 300 fat 0.580 | 56.6s
ex16|tanh|0|0.5|dep|100|0.1|51|leak: static 0.063 sstatic 0.063 c1 0.984 c50 0.021 fac1 0.980 fac50 -0.036 lock 0.00 move 0.197 period None osc -0.101@17 pr 10.5 sens10 -0.07 sens50 0.19 sat 0.000 dead 0.03 frozen 0.30 nbin 300 fat 0.352 | 38.0s
ex16|tanh|0|0.5|dep|30|0.5|51|leak: static 0.045 sstatic 0.045 c1 0.969 c50 0.050 fac1 0.966 fac50 0.004 lock 0.00 move 0.281 period None osc -0.102@25 pr 12.7 sens10 0.03 sens50 0.77 sat 0.000 dead 0.03 frozen 0.71 nbin 300 fat 0.373 | 43.4s
ex16|tanh|0|0.5|dep|30|0.1|50|leak: static 0.102 sstatic 0.101 c1 0.972 c50 0.072 fac1 0.967 fac50 -0.030 lock 0.00 move 0.241 period None osc -0.086@19 pr 12.6 sens10 0.18 sens50 1.00 sat 0.004 dead 0.04 frozen 0.04 nbin 300 fat 0.449 | 51.6s
ex16|tanh|0|0.5|dep|10|0.5|50|leak: static 0.145 sstatic 0.144 c1 0.961 c50 0.097 fac1 0.953 fac50 -0.049 lock 0.00 move 0.299 period None osc -0.049@50 pr 13.8 sens10 0.23 sens50 1.36 sat 0.000 dead 0.04 frozen 0.09 nbin 300 fat 0.440 | 55.3s
ex16|tanh|0|0.5|dep|100|0.5|50|leak: static 0.187 sstatic 0.188 c1 0.979 c50 0.195 fac1 0.973 fac50 0.002 lock 0.00 move 0.49 period None osc -0.155@15 pr 11.8 sens10 -0.11 sens50 0.16 sat 0.000 dead 0.04 frozen 0.97 nbin 300 fat 0.329 | 40.9s
ex16|tanh|0|0.5|dep|30|0.5|50|leak: static 0.183 sstatic 0.182 c1 0.967 c50 0.172 fac1 0.958 fac50 -0.012 lock 0.00 move 0.362 period None osc -0.137@12 pr 13.4 sens10 0.01 sens50 0.62 sat 0.000 dead 0.04 frozen 0.75 nbin 300 fat 0.369 | 49.2s
ex16|tanh|0|0.5|dep|100|0.5|51|leak: static 0.054 sstatic 0.054 c1 0.983 c50 -0.024 fac1 0.979 fac50 -0.073 lock 0.00 move 0.383 period None osc -0.094@44 pr 11.0 sens10 -0.10 sens50 0.08 sat 0.000 dead 0.03 frozen 0.99 nbin 299 fat 0.336 | 44.6s
ex16|tanh|0|0.5|dep|100|0.1|50|leak: static 0.139 sstatic 0.138 c1 0.981 c50 0.207 fac1 0.976 fac50 0.066 lock 0.00 move 0.268 period None osc -0.156@15 pr 11.7 sens10 -0.08 sens50 0.21 sat 0.000 dead 0.04 frozen 0.32 nbin 300 fat 0.349 | 59.5s
ex16|tanh|0|0.9|none|0|0.0|51|leak: static 0.278 sstatic 0.243 c1 0.999 c50 0.360 fac1 0.995 fac50 0.073 lock 0.00 move 0.0401 period None osc 0.073@50 pr 4.3 sens10 -0.02 sens50 0.51 sat 0.354 dead 0.03 frozen 0.06 nbin 300 fat None | 34.7s
ex16|tanh|0|0.5|dep|300|0.5|50|leak: static 0.178 sstatic 0.178 c1 0.987 c50 0.168 fac1 0.981 fac50 -0.009 lock 0.00 move 0.545 period None osc -0.164@20 pr 10.1 sens10 -0.16 sens50 -0.03 sat 0.000 dead 0.04 frozen 0.97 nbin 300 fat 0.310 | 50.8s
ex16|tanh|0|0.5|dep|300|0.1|50|leak: static 0.163 sstatic 0.163 c1 0.987 c50 0.093 fac1 0.981 fac50 -0.066 lock 0.00 move 0.41 period None osc -0.119@19 pr 10.6 sens10 -0.16 sens50 -0.19 sat 0.000 dead 0.04 frozen 0.96 nbin 300 fat 0.315 | 54.4s
ex16|tanh|0|0.5|dep|300|0.1|51|leak: static 0.075 sstatic 0.075 c1 0.991 c50 0.039 fac1 0.987 fac50 -0.043 lock 0.00 move 0.265 period None osc -0.087@42 pr 9.2 sens10 -0.13 sens50 0.04 sat 0.000 dead 0.03 frozen 0.98 nbin 300 fat 0.321 | 52.6s
ex16|tanh|0|0.9|none|0|0.0|50|leak: static 0.221 sstatic 0.203 c1 0.999 c50 0.322 fac1 0.994 fac50 0.070 lock 0.00 move 0.0412 period None osc 0.070@50 pr 4.5 sens10 -0.00 sens50 0.63 sat 0.351 dead 0.04 frozen 0.05 nbin 300 fat None | 46.3s
ex16|tanh|0|0.5|dep|300|0.5|51|leak: static 0.064 sstatic 0.064 c1 0.991 c50 0.024 fac1 0.987 fac50 -0.034 lock 0.00 move 0.507 period None osc -0.118@22 pr 9.2 sens10 -0.18 sens50 -0.12 sat 0.000 dead 0.03 frozen 0.99 nbin 300 fat 0.317 | 57.3s
ex16|tanh|0|0.9|sub|3|0.5|50|leak: static 0.331 sstatic 0.315 c1 1.000 c50 0.495 fac1 0.994 fac50 0.164 lock 0.00 move 0.0302 period None osc 0.164@50 pr 3.5 sens10 -0.30 sens50 -0.01 sat 0.051 dead 0.04 frozen 0.13 nbin 300 fat 0.498 | 41.1s
ex16|tanh|0|0.9|sub|3|1.0|50|leak: static 0.000 sstatic 0.000 c1 0.939 c50 0.017 fac1 0.942 fac50 0.019 lock 0.00 move 0.807 period None osc -0.418@11 pr 9.0 sens10 -0.79 sens50 -1.77 sat 0.000 dead 0.04 frozen 1.00 nbin 1 fat 0.987 | 35.3s
ex16|tanh|0|0.9|sub|3|0.5|51|leak: static 0.309 sstatic 0.306 c1 1.000 c50 0.462 fac1 0.995 fac50 0.155 lock 0.00 move 0.03 period None osc 0.155@50 pr 3.6 sens10 -0.32 sens50 -0.09 sat 0.050 dead 0.03 frozen 0.13 nbin 300 fat 0.497 | 51.9s
ex16|tanh|0|0.9|sub|3|1.0|51|leak: static 0.000 sstatic 0.000 c1 0.964 c50 0.021 fac1 0.965 fac50 0.013 lock 0.00 move 0.906 period None osc -0.639@13 pr 4.7 sens10 -0.78 sens50 -1.80 sat 0.000 dead 0.03 frozen 1.00 nbin 1 fat 1.004 | 46.1s
ex16|tanh|0|0.9|sub|10|1.0|51|leak: static 0.002 sstatic 0.002 c1 0.993 c50 0.420 fac1 0.990 fac50 0.357 lock 0.00 move 0.118 period None osc -0.785@28 pr 4.9 sens10 -0.37 sens50 -0.36 sat 0.034 dead 0.03 frozen 0.03 nbin 300 fat 0.758 | 42.6s
ex16|tanh|0|0.9|sub|10|0.5|50|leak: static 0.026 sstatic 0.026 c1 0.996 c50 -0.394 fac1 0.993 fac50 -0.359 lock 0.00 move 0.0893 period None osc -0.467@40 pr 6.6 sens10 -0.04 sens50 0.32 sat 0.086 dead 0.04 frozen 0.04 nbin 300 fat 0.423 | 47.4s
ex16|tanh|0|0.9|sub|10|0.5|51|leak: static 0.015 sstatic 0.018 c1 0.996 c50 -0.344 fac1 0.992 fac50 -0.305 lock 0.00 move 0.0908 period None osc -0.470@38 pr 6.8 sens10 -0.04 sens50 0.35 sat 0.085 dead 0.03 frozen 0.03 nbin 300 fat 0.413 | 47.9s
ex16|tanh|0|0.9|sub|10|1.0|50|leak: static 0.002 sstatic 0.002 c1 0.993 c50 0.404 fac1 0.989 fac50 0.343 lock 0.00 move 0.12 period None osc -0.762@28 pr 5.1 sens10 -0.36 sens50 -0.39 sat 0.033 dead 0.04 frozen 0.04 nbin 300 fat 0.715 | 47.0s
ex16|tanh|0|0.9|sub|30|0.5|50|leak: static 0.014 sstatic 0.018 c1 0.997 c50 -0.519 fac1 0.994 fac50 -0.447 lock 0.00 move 0.0715 period None osc -0.447@50 pr 5.2 sens10 -0.02 sens50 0.32 sat 0.225 dead 0.04 frozen 0.04 nbin 300 fat 0.284 | 44.1s
ex16|tanh|0|0.9|sub|100|0.5|51|leak: static 0.031 sstatic 0.037 c1 0.998 c50 -0.107 fac1 0.995 fac50 -0.117 lock 0.01 move 0.0534 period None osc -0.117@50 pr 4.8 sens10 -0.03 sens50 0.31 sat 0.309 dead 0.00 frozen 0.03 nbin 300 fat 0.161 | 33.6s
ex16|tanh|0|0.9|sub|100|0.5|50|leak: static 0.034 sstatic 0.040 c1 0.998 c50 -0.145 fac1 0.995 fac50 -0.148 lock 0.03 move 0.0546 period None osc -0.148@50 pr 4.7 sens10 -0.02 sens50 0.41 sat 0.312 dead 0.00 frozen 0.04 nbin 300 fat 0.175 | 37.1s
ex16|tanh|0|0.9|sub|30|0.5|51|leak: static 0.014 sstatic 0.018 c1 0.997 c50 -0.572 fac1 0.994 fac50 -0.495 lock 0.00 move 0.0725 period None osc -0.495@50 pr 5.1 sens10 -0.03 sens50 0.36 sat 0.222 dead 0.03 frozen 0.03 nbin 300 fat 0.290 | 45.7s
ex16|tanh|0|0.9|sub|30|1.0|51|leak: static 0.007 sstatic 0.010 c1 0.997 c50 -0.685 fac1 0.994 fac50 -0.578 lock 0.00 move 0.0768 period None osc -0.584@48 pr 4.6 sens10 -0.14 sens50 -0.07 sat 0.205 dead 0.03 frozen 0.03 nbin 300 fat 0.506 | 45.4s
ex16|tanh|0|0.9|sub|30|1.0|50|leak: static 0.007 sstatic 0.010 c1 0.997 c50 -0.641 fac1 0.993 fac50 -0.540 lock 0.00 move 0.08 period None osc -0.564@45 pr 5.1 sens10 -0.13 sens50 0.02 sat 0.198 dead 0.03 frozen 0.04 nbin 300 fat 0.491 | 47.9s
ex16|tanh|0|0.9|sub|300|0.5|50|leak: static 0.128 sstatic 0.118 c1 0.999 c50 0.136 fac1 0.994 fac50 -0.007 lock 0.04 move 0.0474 period None osc -0.007@50 pr 4.7 sens10 0.00 sens50 0.49 sat 0.338 dead 0.00 frozen 0.04 nbin 300 fat 0.114 | 41.9s
ex16|tanh|0|0.9|sub|100|1.0|50|leak: static 0.021 sstatic 0.029 c1 0.998 c50 -0.217 fac1 0.995 fac50 -0.200 lock 0.03 move 0.0569 period None osc -0.200@50 pr 4.8 sens10 -0.03 sens50 0.08 sat 0.305 dead 0.00 frozen 0.04 nbin 300 fat 0.305 | 49.6s
ex16|tanh|0|0.9|sub|300|0.5|51|leak: static 0.081 sstatic 0.082 c1 0.999 c50 0.097 fac1 0.995 fac50 0.009 lock 0.03 move 0.0467 period None osc 0.009@50 pr 4.5 sens10 0.01 sens50 0.51 sat 0.333 dead 0.00 frozen 0.03 nbin 300 fat 0.098 | 44.0s
ex16|tanh|0|0.9|sub|100|1.0|51|leak: static 0.027 sstatic 0.035 c1 0.998 c50 -0.167 fac1 0.995 fac50 -0.156 lock 0.01 move 0.0558 period None osc -0.156@50 pr 4.7 sens10 -0.06 sens50 0.24 sat 0.298 dead 0.00 frozen 0.03 nbin 300 fat 0.317 | 52.0s
ex16|tanh|0|0.9|sub|300|1.0|50|leak: static 0.068 sstatic 0.074 c1 0.999 c50 0.168 fac1 0.995 fac50 0.073 lock 0.04 move 0.0462 period None osc 0.073@50 pr 4.2 sens10 -0.04 sens50 0.38 sat 0.339 dead 0.00 frozen 0.04 nbin 300 fat 0.194 | 43.7s
ex16|tanh|0|0.9|div|3|2.0|51|leak: static 0.342 sstatic 0.341 c1 0.999 c50 0.445 fac1 0.994 fac50 0.094 lock 0.00 move 0.0398 period None osc 0.094@50 pr 4.3 sens10 -0.46 sens50 -0.07 sat 0.000 dead 0.03 frozen 1.00 nbin 1 fat 1.518 | 43.9s
ex16|tanh|0|0.9|div|3|2.0|50|leak: static 0.374 sstatic 0.372 c1 0.999 c50 0.439 fac1 0.994 fac50 0.061 lock 0.00 move 0.0436 period None osc 0.061@50 pr 4.6 sens10 -0.44 sens50 -0.09 sat 0.000 dead 0.04 frozen 1.00 nbin 1 fat 1.516 | 45.3s
ex16|tanh|0|0.9|sub|300|1.0|51|leak: static 0.076 sstatic 0.074 c1 0.999 c50 0.106 fac1 0.995 fac50 0.021 lock 0.03 move 0.0477 period None osc 0.021@50 pr 4.5 sens10 -0.01 sens50 0.54 sat 0.331 dead 0.00 frozen 0.03 nbin 300 fat 0.191 | 48.0s
ex16|tanh|0|0.9|div|3|0.5|50|leak: static 0.281 sstatic 0.272 c1 0.999 c50 0.336 fac1 0.995 fac50 0.042 lock 0.00 move 0.0425 period None osc 0.042@50 pr 4.7 sens10 -0.36 sens50 0.04 sat 0.000 dead 0.04 frozen 0.08 nbin 300 fat 0.925 | 49.2s
ex16|tanh|0|0.9|div|3|0.5|51|leak: static 0.269 sstatic 0.258 c1 0.999 c50 0.385 fac1 0.995 fac50 0.125 lock 0.00 move 0.0405 period None osc 0.125@50 pr 4.1 sens10 -0.40 sens50 -0.13 sat 0.000 dead 0.03 frozen 0.07 nbin 300 fat 0.953 | 50.8s
ex16|tanh|0|0.9|div|10|0.5|51|leak: static 0.199 sstatic 0.195 c1 0.999 c50 0.290 fac1 0.995 fac50 0.069 lock 0.00 move 0.0437 period None osc 0.069@50 pr 4.6 sens10 -0.37 sens50 -0.10 sat 0.000 dead 0.03 frozen 0.05 nbin 300 fat 0.947 | 46.9s
ex16|tanh|0|0.9|div|10|2.0|50|leak: static 0.262 sstatic 0.263 c1 0.999 c50 0.171 fac1 0.994 fac50 -0.112 lock 0.00 move 0.0531 period None osc -0.112@50 pr 5.9 sens10 -0.40 sens50 -0.26 sat 0.000 dead 0.04 frozen 0.72 nbin 300 fat 1.642 | 47.6s
ex16|tanh|0|0.9|div|10|0.5|50|leak: static 0.196 sstatic 0.195 c1 0.999 c50 0.142 fac1 0.995 fac50 -0.050 lock 0.00 move 0.0477 period None osc -0.050@50 pr 5.3 sens10 -0.34 sens50 0.02 sat 0.000 dead 0.04 frozen 0.05 nbin 300 fat 0.946 | 53.5s
ex16|tanh|0|0.9|div|10|2.0|51|leak: static 0.245 sstatic 0.245 c1 0.999 c50 0.206 fac1 0.994 fac50 -0.056 lock 0.00 move 0.0497 period None osc -0.056@50 pr 5.6 sens10 -0.42 sens50 -0.10 sat 0.000 dead 0.03 frozen 0.73 nbin 300 fat 1.599 | 53.3s
ex16|tanh|0|0.9|div|30|0.5|50|leak: static 0.204 sstatic 0.210 c1 0.999 c50 0.271 fac1 0.995 fac50 0.051 lock 0.00 move 0.0396 period None osc 0.051@50 pr 4.5 sens10 -0.34 sens50 -0.05 sat 0.001 dead 0.04 frozen 0.07 nbin 300 fat 0.939 | 52.2s
ex16|tanh|0|0.9|div|30|0.5|51|leak: static 0.171 sstatic 0.173 c1 0.999 c50 0.234 fac1 0.995 fac50 0.022 lock 0.00 move 0.0411 period None osc 0.022@50 pr 4.6 sens10 -0.36 sens50 -0.16 sat 0.001 dead 0.03 frozen 0.05 nbin 300 fat 0.960 | 50.8s
ex16|tanh|0|0.9|div|30|2.0|50|leak: static 0.219 sstatic 0.222 c1 0.999 c50 0.122 fac1 0.995 fac50 -0.129 lock 0.00 move 0.0463 period None osc -0.129@50 pr 5.5 sens10 -0.43 sens50 -0.25 sat 0.000 dead 0.04 frozen 0.38 nbin 300 fat 1.762 | 53.7s
ex16|tanh|0|0.9|div|100|0.5|50|leak: static 0.267 sstatic 0.264 c1 0.999 c50 0.319 fac1 0.995 fac50 0.055 lock 0.00 move 0.0349 period None osc 0.055@50 pr 4.3 sens10 -0.35 sens50 -0.13 sat 0.014 dead 0.04 frozen 0.10 nbin 300 fat 0.957 | 49.3s
ex16|tanh|0|0.9|div|30|2.0|51|leak: static 0.233 sstatic 0.235 c1 0.999 c50 0.128 fac1 0.995 fac50 -0.115 lock 0.00 move 0.0445 period None osc -0.115@50 pr 5.4 sens10 -0.47 sens50 -0.38 sat 0.000 dead 0.03 frozen 0.39 nbin 300 fat 1.804 | 53.7s
ex16|tanh|0|0.9|div|300|0.5|51|leak: static 0.328 sstatic 0.321 c1 1.000 c50 0.442 fac1 0.995 fac50 0.109 lock 0.00 move 0.0299 period None osc 0.109@50 pr 3.8 sens10 -0.38 sens50 -0.29 sat 0.028 dead 0.03 frozen 0.12 nbin 300 fat 0.962 | 40.4s
ex16|tanh|0|0.9|div|100|0.5|51|leak: static 0.275 sstatic 0.271 c1 0.999 c50 0.336 fac1 0.995 fac50 0.051 lock 0.00 move 0.0339 period None osc 0.051@50 pr 4.2 sens10 -0.38 sens50 -0.21 sat 0.014 dead 0.03 frozen 0.10 nbin 300 fat 0.970 | 54.4s
ex16|tanh|0|0.9|div|100|2.0|50|leak: static 0.241 sstatic 0.242 c1 0.999 c50 0.262 fac1 0.995 fac50 0.006 lock 0.00 move 0.0329 period None osc 0.006@50 pr 4.2 sens10 -0.49 sens50 -0.52 sat 0.000 dead 0.04 frozen 0.39 nbin 300 fat 1.971 | 51.4s
ex16|tanh|0|0.9|div|300|2.0|50|leak: static 0.403 sstatic 0.403 c1 1.000 c50 0.509 fac1 0.995 fac50 0.133 lock 0.00 move 0.0255 period None osc 0.133@50 pr 3.4 sens10 -0.54 sens50 -0.57 sat 0.000 dead 0.04 frozen 0.50 nbin 300 fat 2.071 | 47.7s
ex16|tanh|0|0.9|div|100|2.0|51|leak: static 0.207 sstatic 0.204 c1 1.000 c50 0.306 fac1 0.995 fac50 0.074 lock 0.00 move 0.0307 period None osc 0.074@50 pr 3.9 sens10 -0.52 sens50 -0.49 sat 0.000 dead 0.03 frozen 0.39 nbin 300 fat 1.955 | 49.9s
ex16|tanh|0|0.9|div|300|0.5|50|leak: static 0.300 sstatic 0.295 c1 1.000 c50 0.444 fac1 0.995 fac50 0.152 lock 0.00 move 0.0291 period None osc 0.152@50 pr 3.5 sens10 -0.37 sens50 -0.25 sat 0.031 dead 0.04 frozen 0.12 nbin 300 fat 0.967 | 50.4s
ex16|tanh|0|0.9|div|300|2.0|51|leak: static 0.228 sstatic 0.228 c1 1.000 c50 0.466 fac1 0.995 fac50 0.232 lock 0.00 move 0.0242 period None osc 0.232@50 pr 3.1 sens10 -0.56 sens50 -0.58 sat 0.000 dead 0.03 frozen 0.43 nbin 300 fat 2.066 | 50.9s
ex16|tanh|0|0.9|dep|3|0.1|51|leak: static 0.293 sstatic 0.269 c1 0.999 c50 0.352 fac1 0.994 fac50 0.029 lock 0.00 move 0.0395 period None osc 0.029@50 pr 4.6 sens10 -0.01 sens50 0.41 sat 0.233 dead 0.03 frozen 0.07 nbin 300 fat 0.825 | 52.9s
ex16|tanh|0|0.9|dep|3|0.1|50|leak: static 0.318 sstatic 0.281 c1 0.999 c50 0.365 fac1 0.994 fac50 0.046 lock 0.00 move 0.039 period None osc 0.046@50 pr 4.5 sens10 -0.02 sens50 0.36 sat 0.241 dead 0.04 frozen 0.07 nbin 300 fat 0.823 | 58.0s
ex16|tanh|0|0.9|dep|3|0.5|50|leak: static 0.426 sstatic 0.418 c1 0.999 c50 0.480 fac1 0.994 fac50 0.055 lock 0.00 move 0.0333 period None osc 0.055@50 pr 4.2 sens10 -0.05 sens50 0.27 sat 0.029 dead 0.04 frozen 0.17 nbin 300 fat 0.588 | 53.6s
ex16|tanh|0|0.9|dep|10|0.1|51|leak: static 0.300 sstatic 0.279 c1 0.999 c50 0.353 fac1 0.995 fac50 0.060 lock 0.00 move 0.0386 period None osc 0.060@50 pr 4.4 sens10 -0.04 sens50 0.34 sat 0.076 dead 0.03 frozen 0.09 nbin 300 fat 0.640 | 49.6s
ex16|tanh|0|0.9|dep|10|0.1|50|leak: static 0.264 sstatic 0.247 c1 0.999 c50 0.334 fac1 0.995 fac50 0.069 lock 0.00 move 0.0398 period None osc 0.069@50 pr 4.3 sens10 -0.04 sens50 0.36 sat 0.073 dead 0.04 frozen 0.08 nbin 300 fat 0.641 | 50.5s
ex16|tanh|0|0.9|dep|3|0.5|51|leak: static 0.334 sstatic 0.322 c1 0.999 c50 0.465 fac1 0.994 fac50 0.138 lock 0.00 move 0.0326 period None osc 0.138@50 pr 3.7 sens10 -0.04 sens50 0.21 sat 0.029 dead 0.03 frozen 0.14 nbin 300 fat 0.587 | 58.0s
ex16|tanh|0|0.9|dep|30|0.1|51|leak: static 0.251 sstatic 0.252 c1 0.999 c50 0.276 fac1 0.995 fac50 0.002 lock 0.00 move 0.0416 period None osc 0.002@50 pr 4.7 sens10 -0.04 sens50 0.30 sat 0.001 dead 0.03 frozen 0.18 nbin 300 fat 0.498 | 47.4s
ex16|tanh|0|0.9|dep|10|0.5|51|leak: static 0.262 sstatic 0.260 c1 0.999 c50 0.347 fac1 0.995 fac50 0.090 lock 0.00 move 0.0383 period None osc 0.090@50 pr 4.1 sens10 -0.04 sens50 0.26 sat 0.000 dead 0.03 frozen 0.44 nbin 300 fat 0.496 | 55.4s
ex16|tanh|0|0.9|dep|10|0.5|50|leak: static 0.435 sstatic 0.433 c1 0.999 c50 0.448 fac1 0.995 fac50 0.008 lock 0.00 move 0.0418 period None osc 0.008@50 pr 4.6 sens10 -0.04 sens50 0.21 sat 0.000 dead 0.04 frozen 0.50 nbin 300 fat 0.487 | 57.5s
ex16|tanh|0|0.9|dep|30|0.1|50|leak: static 0.342 sstatic 0.335 c1 0.999 c50 0.294 fac1 0.994 fac50 -0.067 lock 0.00 move 0.0439 period None osc -0.067@50 pr 5.2 sens10 -0.04 sens50 0.33 sat 0.001 dead 0.04 frozen 0.22 nbin 300 fat 0.492 | 59.5s
ex16|tanh|0|0.9|dep|100|0.5|51|leak: static 0.226 sstatic 0.226 c1 0.999 c50 0.164 fac1 0.995 fac50 -0.081 lock 0.00 move 0.078 period None osc -0.081@50 pr 4.7 sens10 -0.08 sens50 0.02 sat 0.000 dead 0.03 frozen 1.00 nbin 190 fat 0.385 | 39.2s
ex16|tanh|0|0.9|dep|30|0.5|50|leak: static 0.437 sstatic 0.438 c1 0.999 c50 0.427 fac1 0.995 fac50 -0.029 lock 0.00 move 0.0669 period None osc -0.029@50 pr 5.2 sens10 -0.02 sens50 0.33 sat 0.000 dead 0.04 frozen 0.96 nbin 300 fat 0.434 | 54.5s
ex16|tanh|0|0.9|dep|100|0.1|51|leak: static 0.221 sstatic 0.222 c1 0.999 c50 0.119 fac1 0.995 fac50 -0.119 lock 0.00 move 0.0451 period None osc -0.119@50 pr 5.0 sens10 -0.08 sens50 0.11 sat 0.000 dead 0.03 frozen 0.72 nbin 300 fat 0.400 | 51.2s
ex16|tanh|0|0.9|dep|30|0.5|51|leak: static 0.207 sstatic 0.208 c1 0.999 c50 0.203 fac1 0.995 fac50 -0.010 lock 0.00 move 0.053 period None osc -0.010@50 pr 4.9 sens10 -0.03 sens50 0.23 sat 0.000 dead 0.03 frozen 0.96 nbin 281 fat 0.452 | 62.4s
ex16|tanh|0|0.9|dep|100|0.1|50|leak: static 0.309 sstatic 0.308 c1 0.999 c50 0.153 fac1 0.995 fac50 -0.182 lock 0.00 move 0.0544 period None osc -0.182@50 pr 5.4 sens10 -0.07 sens50 0.15 sat 0.000 dead 0.04 frozen 0.73 nbin 300 fat 0.396 | 60.7s
ex16|tanh|0|0.9|dep|100|0.5|50|leak: static 0.393 sstatic 0.393 c1 0.999 c50 0.246 fac1 0.995 fac50 -0.199 lock 0.00 move 0.101 period None osc -0.199@50 pr 5.8 sens10 -0.09 sens50 0.05 sat 0.000 dead 0.04 frozen 0.99 nbin 300 fat 0.376 | 59.5s
ex16|tanh|0|0.9|dep|300|0.1|50|leak: static 0.348 sstatic 0.348 c1 0.999 c50 0.281 fac1 0.995 fac50 -0.084 lock 0.00 move 0.081 period None osc -0.084@50 pr 4.6 sens10 -0.12 sens50 -0.16 sat 0.000 dead 0.04 frozen 0.98 nbin 299 fat 0.344 | 47.7s
ex16|tanh|0|0.9|dep|300|0.5|50|leak: static 0.342 sstatic 0.342 c1 0.999 c50 0.356 fac1 0.995 fac50 -0.034 lock 0.00 move 0.112 period None osc -0.034@50 pr 4.7 sens10 -0.13 sens50 -0.10 sat 0.000 dead 0.04 frozen 0.99 nbin 298 fat 0.342 | 58.6s
ex16|tanh|0|0.9|dep|300|0.1|51|leak: static 0.205 sstatic 0.205 c1 0.999 c50 0.244 fac1 0.995 fac50 0.011 lock 0.00 move 0.0555 period None osc 0.011@50 pr 4.2 sens10 -0.12 sens50 -0.07 sat 0.000 dead 0.03 frozen 1.00 nbin 202 fat 0.349 | 63.4s
ex16|sig4_0|0|0.5|none|0|0.0|50|leak: static 0.956 sstatic 0.950 c1 0.999 c50 0.954 fac1 0.969 fac50 -0.032 lock 0.01 move 0.0568 period None osc -0.050@38 pr 8.7 sens10 0.07 sens50 0.92 sat 0.316 dead 0.03 frozen 0.62 nbin 300 fat None | 60.2s
ex16|tanh|0|0.9|dep|300|0.5|51|leak: static 0.191 sstatic 0.191 c1 0.999 c50 0.173 fac1 0.995 fac50 -0.031 lock 0.00 move 0.103 period None osc -0.031@50 pr 4.3 sens10 -0.13 sens50 -0.07 sat 0.000 dead 0.03 frozen 1.00 nbin 188 fat 0.348 | 62.0s
ex16|sig4_0|0|0.5|none|0|0.0|51|leak: static 0.962 sstatic 0.956 c1 0.999 c50 0.962 fac1 0.969 fac50 -0.014 lock 0.00 move 0.0473 period None osc -0.075@30 pr 8.4 sens10 0.07 sens50 1.10 sat 0.297 dead 0.03 frozen 0.65 nbin 300 fat None | 65.3s
ex16|sig4_0|0|0.5|sub|3|1.0|51|leak: static 0.000 sstatic 0.670 c1 0.793 c50 -0.061 fac1 0.796 fac50 -0.054 lock 0.00 move 0.635 period None osc -0.769@5 pr 12.5 sens10 -0.10 sens50 0.47 sat 0.045 dead 0.03 frozen 0.03 nbin 300 fat 0.931 | 55.2s
ex16|sig4_0|0|0.5|sub|10|0.5|50|leak: static 0.634 sstatic 0.807 c1 0.967 c50 0.650 fac1 0.908 fac50 0.015 lock 0.01 move 0.26 period None osc -0.326@10 pr 13.8 sens10 0.27 sens50 1.81 sat 0.202 dead 0.03 frozen 0.11 nbin 300 fat 0.461 | 56.0s
ex16|sig4_0|0|0.5|sub|3|0.5|51|leak: static 0.947 sstatic 0.963 c1 0.994 c50 0.953 fac1 0.876 fac50 0.073 lock 0.00 move 0.117 period None osc -0.520@7 pr 8.6 sens10 -0.08 sens50 0.37 sat 0.163 dead 0.03 frozen 0.60 nbin 300 fat 0.498 | 61.9s
ex16|sig4_0|0|0.5|sub|3|0.5|50|leak: static 0.946 sstatic 0.962 c1 0.993 c50 0.947 fac1 0.863 fac50 0.014 lock 0.01 move 0.13 period None osc -0.525@7 pr 8.6 sens10 -0.00 sens50 0.23 sat 0.177 dead 0.03 frozen 0.59 nbin 300 fat 0.497 | 64.0s
ex16|sig4_0|0|0.5|sub|10|0.5|51|leak: static 0.629 sstatic 0.801 c1 0.968 c50 0.640 fac1 0.910 fac50 0.021 lock 0.00 move 0.253 period None osc -0.310@10 pr 13.9 sens10 0.41 sens50 1.95 sat 0.189 dead 0.03 frozen 0.13 nbin 300 fat 0.470 | 54.1s
ex16|sig4_0|0|0.5|sub|3|1.0|50|leak: static 0.000 sstatic 0.668 c1 0.787 c50 0.007 fac1 0.790 fac50 0.009 lock 0.01 move 0.646 period None osc -0.782@5 pr 12.4 sens10 -0.07 sens50 0.54 sat 0.045 dead 0.03 frozen 0.04 nbin 300 fat 0.933 | 66.6s
ex16|sig4_0|0|0.5|sub|10|1.0|50|leak: static 0.000 sstatic 0.591 c1 0.906 c50 -0.018 fac1 0.907 fac50 -0.017 lock 0.01 move 0.424 period None osc -0.525@10 pr 12.8 sens10 0.18 sens50 1.41 sat 0.158 dead 0.03 frozen 0.04 nbin 300 fat 0.850 | 58.2s
ex16|sig4_0|0|0.5|sub|30|0.5|50|leak: static 0.512 sstatic 0.756 c1 0.970 c50 0.497 fac1 0.937 fac50 -0.019 lock 0.01 move 0.247 period None osc -0.189@15 pr 13.4 sens10 0.36 sens50 2.52 sat 0.218 dead 0.03 frozen 0.07 nbin 300 fat 0.452 | 52.0s
ex16|sig4_0|0|0.5|sub|10|1.0|51|leak: static 0.000 sstatic 0.592 c1 0.911 c50 0.027 fac1 0.911 fac50 0.025 lock 0.00 move 0.414 period None osc -0.547@10 pr 12.4 sens10 0.16 sens50 1.32 sat 0.157 dead 0.03 frozen 0.03 nbin 300 fat 0.842 | 54.2s
ex16|sig4_0|0|0.5|sub|100|1.0|50|leak: static 0.004 sstatic 0.578 c1 0.952 c50 -0.057 fac1 0.951 fac50 -0.050 lock 0.03 move 0.306 period None osc -0.135@21 pr 12.8 sens10 0.58 sens50 2.92 sat 0.203 dead 0.00 frozen 0.04 nbin 300 fat 0.797 | 37.8s
ex16|sig4_0|0|0.5|sub|30|1.0|50|leak: static 0.001 sstatic 0.580 c1 0.939 c50 -0.068 fac1 0.938 fac50 -0.059 lock 0.01 move 0.341 period None osc -0.337@16 pr 12.1 sens10 0.37 sens50 2.25 sat 0.190 dead 0.03 frozen 0.04 nbin 300 fat 0.809 | 65.1s
ex16|sig4_0|0|0.5|sub|30|0.5|51|leak: static 0.492 sstatic 0.742 c1 0.971 c50 0.497 fac1 0.941 fac50 0.010 lock 0.00 move 0.237 period None osc -0.194@15 pr 12.9 sens10 0.38 sens50 2.47 sat 0.208 dead 0.03 frozen 0.07 nbin 300 fat 0.454 | 66.2s
ex16|sig4_0|0|0.5|sub|300|0.5|50|leak: static 0.500 sstatic 0.747 c1 0.977 c50 0.474 fac1 0.952 fac50 -0.038 lock 0.04 move 0.214 period None osc -0.048@25 pr 13.0 sens10 0.51 sens50 2.62 sat 0.231 dead 0.00 frozen 0.07 nbin 300 fat 0.422 | 35.9s
ex16|sig4_0|0|0.5|sub|300|0.5|51|leak: static 0.490 sstatic 0.741 c1 0.978 c50 0.479 fac1 0.954 fac50 -0.021 lock 0.03 move 0.21 period None osc -0.051@26 pr 12.7 sens10 0.49 sens50 2.73 sat 0.221 dead 0.00 frozen 0.07 nbin 300 fat 0.420 | 36.1s
ex16|sig4_0|0|0.5|sub|100|0.5|50|leak: static 0.469 sstatic 0.735 c1 0.974 c50 0.435 fac1 0.949 fac50 -0.050 lock 0.04 move 0.228 period None osc -0.093@35 pr 12.9 sens10 0.48 sens50 2.64 sat 0.226 dead 0.00 frozen 0.06 nbin 300 fat 0.442 | 60.3s
ex16|sig4_0|0|0.5|sub|30|1.0|51|leak: static 0.001 sstatic 0.581 c1 0.942 c50 -0.012 fac1 0.941 fac50 -0.013 lock 0.00 move 0.335 period None osc -0.303@15 pr 12.6 sens10 0.39 sens50 2.02 sat 0.189 dead 0.03 frozen 0.03 nbin 300 fat 0.835 | 64.1s
ex16|sig4_0|0|0.5|sub|100|0.5|51|leak: static 0.457 sstatic 0.726 c1 0.975 c50 0.429 fac1 0.952 fac50 -0.036 lock 0.02 move 0.221 period None osc -0.095@25 pr 12.7 sens10 0.48 sens50 2.77 sat 0.216 dead 0.00 frozen 0.06 nbin 300 fat 0.433 | 57.3s
ex16|sig4_0|0|0.5|sub|100|1.0|51|leak: static 0.005 sstatic 0.580 c1 0.953 c50 -0.036 fac1 0.951 fac50 -0.034 lock 0.01 move 0.3 period None osc -0.144@21 pr 12.7 sens10 0.59 sens50 2.79 sat 0.201 dead 0.00 frozen 0.03 nbin 300 fat 0.791 | 50.8s
ex16|sig4_0|0|0.5|div|10|0.5|50|leak: static 0.957 sstatic 0.975 c1 0.999 c50 0.955 fac1 0.965 fac50 -0.056 lock 0.01 move 0.0679 period None osc -0.187@15 pr 7.2 sens10 -0.28 sens50 0.19 sat 0.149 dead 0.03 frozen 0.70 nbin 300 fat 0.988 | 54.0s
ex16|sig4_0|0|0.5|div|30|2.0|50|leak: static 0.952 sstatic 0.988 c1 0.999 c50 0.949 fac1 0.976 fac50 -0.053 lock 0.01 move 0.0789 period None osc -0.255@17 pr 5.7 sens10 -0.54 sens50 -0.69 sat 0.000 dead 0.03 frozen 0.76 nbin 300 fat 3.495 | 54.1s
ex16|sig4_0|0|0.5|div|10|2.0|51|leak: static 0.989 sstatic 0.997 c1 0.999 c50 0.981 fac1 0.946 fac50 -0.476 lock 0.02 move 0.0493 period None osc -0.804@10 pr 2.4 sens10 -0.45 sens50 -0.59 sat 0.000 dead 0.03 frozen 0.99 nbin 166 fat 3.476 | 55.1s
ex16|sig4_0|0|0.5|div|30|0.5|51|leak: static 0.941 sstatic 0.969 c1 0.999 c50 0.937 fac1 0.976 fac50 -0.055 lock 0.00 move 0.0537 period None osc -0.169@21 pr 6.9 sens10 -0.31 sens50 0.24 sat 0.140 dead 0.03 frozen 0.67 nbin 300 fat 0.976 | 59.4s
ex16|sig4_0|0|0.5|div|3|0.5|51|leak: static 0.982 sstatic 0.986 c1 1.000 c50 0.981 fac1 0.970 fac50 -0.060 lock 0.01 move 0.0365 period None osc -0.112@39 pr 5.8 sens10 -0.33 sens50 0.36 sat 0.133 dead 0.03 frozen 0.78 nbin 300 fat 0.978 | 62.6s
ex16|sig4_0|0|0.5|div|10|0.5|51|leak: static 0.959 sstatic 0.976 c1 0.999 c50 0.966 fac1 0.969 fac50 0.108 lock 0.00 move 0.0524 period None osc -0.195@15 pr 6.6 sens10 -0.23 sens50 0.39 sat 0.137 dead 0.03 frozen 0.71 nbin 300 fat 0.979 | 63.4s
ex16|sig4_0|0|0.5|div|3|2.0|51|leak: static 1.000 sstatic 1.000 c1 1.000 c50 1.000 fac1 0.921 fac50 -0.035 lock 0.95 move 0.0305 period None osc -0.276@7 pr 3.0 sens10 -0.79 sens50 -2.18 sat 0.000 dead 0.03 frozen 1.00 nbin 22 fat 3.474 | 64.1s
ex16|sig4_0|0|0.5|div|100|0.5|51|leak: static 0.934 sstatic 0.968 c1 0.999 c50 0.930 fac1 0.978 fac50 -0.082 lock 0.00 move 0.0525 period None osc -0.127@26 pr 6.8 sens10 -0.24 sens50 0.33 sat 0.143 dead 0.03 frozen 0.67 nbin 300 fat 0.979 | 64.9s
ex16|sig4_0|0|0.5|div|10|2.0|50|leak: static 0.980 sstatic 0.995 c1 0.999 c50 0.982 fac1 0.952 fac50 0.069 lock 0.01 move 0.0782 period None osc -0.373@12 pr 5.7 sens10 -0.57 sens50 -0.55 sat 0.000 dead 0.03 frozen 0.93 nbin 300 fat 3.487 | 66.8s
ex16|sig4_0|0|0.5|div|30|2.0|51|leak: static 0.963 sstatic 0.991 c1 0.999 c50 0.972 fac1 0.980 fac50 0.213 lock 0.00 move 0.0491 period None osc -0.471@29 pr 4.4 sens10 -0.51 sens50 -0.66 sat 0.000 dead 0.03 frozen 0.86 nbin 300 fat 3.478 | 67.2s
ex16|sig4_0|0|0.5|div|30|0.5|50|leak: static 0.944 sstatic 0.973 c1 0.998 c50 0.939 fac1 0.970 fac50 -0.079 lock 0.01 move 0.0684 period None osc -0.157@17 pr 7.5 sens10 -0.27 sens50 0.18 sat 0.152 dead 0.03 frozen 0.67 nbin 300 fat 0.992 | 67.3s
ex16|sig4_0|0|0.5|div|3|2.0|50|leak: static 0.998 sstatic 0.999 c1 1.000 c50 0.998 fac1 0.898 fac50 -0.002 lock 0.14 move 0.0657 period None osc -0.195@8 pr 4.2 sens10 -0.83 sens50 -2.18 sat 0.000 dead 0.03 frozen 0.99 nbin 94 fat 3.488 | 67.5s
ex16|sig4_0|0|0.5|sub|300|1.0|50|leak: static 0.046 sstatic 0.590 c1 0.958 c50 -0.038 fac1 0.955 fac50 -0.074 lock 0.04 move 0.285 period None osc -0.076@47 pr 12.4 sens10 0.50 sens50 2.80 sat 0.208 dead 0.00 frozen 0.04 nbin 300 fat 0.766 | 68.1s
ex16|sig4_0|0|0.5|sub|300|1.0|51|leak: static 0.044 sstatic 0.590 c1 0.959 c50 -0.004 fac1 0.955 fac50 -0.042 lock 0.03 move 0.282 period None osc -0.049@24 pr 12.8 sens10 0.53 sens50 2.88 sat 0.205 dead 0.00 frozen 0.03 nbin 300 fat 0.736 | 69.3s
ex16|sig4_0|0|0.5|div|3|0.5|50|leak: static 0.972 sstatic 0.979 c1 0.999 c50 0.970 fac1 0.968 fac50 -0.044 lock 0.01 move 0.0588 period None osc -0.130@21 pr 6.4 sens10 -0.28 sens50 0.20 sat 0.144 dead 0.03 frozen 0.74 nbin 300 fat 0.987 | 70.3s
ex16|sig4_0|0|0.5|div|100|0.5|50|leak: static 0.939 sstatic 0.971 c1 0.999 c50 0.936 fac1 0.975 fac50 -0.043 lock 0.01 move 0.0667 period None osc -0.081@33 pr 7.6 sens10 -0.24 sens50 0.45 sat 0.153 dead 0.03 frozen 0.67 nbin 300 fat 0.988 | 71.2s
ex16|sig4_0|0|0.5|div|100|2.0|50|leak: static 0.942 sstatic 0.986 c1 0.999 c50 0.938 fac1 0.981 fac50 -0.058 lock 0.01 move 0.0768 period None osc -0.155@25 pr 5.7 sens10 -0.54 sens50 -0.41 sat 0.000 dead 0.03 frozen 0.71 nbin 300 fat 3.496 | 47.9s
ex16|sig4_0|0|0.5|div|100|2.0|51|leak: static 0.947 sstatic 0.987 c1 1.000 c50 0.931 fac1 0.992 fac50 -0.267 lock 0.01 move 0.0397 period None osc -0.407@38 pr 3.9 sens10 -0.48 sens50 -0.55 sat 0.000 dead 0.03 frozen 0.80 nbin 300 fat 3.481 | 48.6s
ex16|sig4_0|0|0.5|div|300|0.5|50|leak: static 0.929 sstatic 0.967 c1 0.999 c50 0.928 fac1 0.980 fac50 -0.009 lock 0.01 move 0.0659 period None osc -0.134@32 pr 6.9 sens10 -0.24 sens50 0.33 sat 0.169 dead 0.03 frozen 0.65 nbin 300 fat 0.957 | 48.8s
ex16|sig4_0|0|0.5|dep|3|0.1|51|leak: static 0.988 sstatic 0.988 c1 1.000 c50 0.986 fac1 0.984 fac50 -0.132 lock 0.07 move 0.023 period None osc -0.163@37 pr 5.7 sens10 -0.12 sens50 0.22 sat 0.254 dead 0.03 frozen 0.82 nbin 300 fat 0.883 | 48.8s
ex16|sig4_0|0|0.5|dep|3|0.5|50|leak: static 0.999 sstatic 1.000 c1 1.000 c50 0.999 fac1 0.899 fac50 -0.027 lock 0.47 move 0.0598 period None osc -0.040@48 pr 7.0 sens10 -0.70 sens50 -2.93 sat 0.146 dead 0.03 frozen 0.92 nbin 300 fat 0.644 | 50.5s
ex16|sig4_0|0|0.5|div|300|2.0|51|leak: static 0.955 sstatic 0.988 c1 1.000 c50 0.944 fac1 0.993 fac50 -0.209 lock 0.03 move 0.0359 period None osc -0.245@43 pr 4.2 sens10 -0.50 sens50 -0.58 sat 0.000 dead 0.03 frozen 0.75 nbin 300 fat 3.405 | 54.0s
ex16|sig4_0|0|0.5|div|300|2.0|50|leak: static 0.942 sstatic 0.986 c1 0.999 c50 0.944 fac1 0.985 fac50 0.077 lock 0.01 move 0.0722 period None osc -0.130@30 pr 5.3 sens10 -0.52 sens50 -0.64 sat 0.000 dead 0.03 frozen 0.65 nbin 300 fat 3.429 | 56.3s
ex16|sig4_0|0|0.5|dep|30|0.1|50|leak: static 0.994 sstatic 0.997 c1 1.000 c50 0.994 fac1 0.931 fac50 -0.018 lock 0.02 move 0.0918 period None osc -0.332@11 pr 9.2 sens10 -0.58 sens50 -1.18 sat 0.067 dead 0.03 frozen 0.85 nbin 300 fat 0.493 | 53.8s
ex16|sig4_0|0|0.5|dep|3|0.1|50|leak: static 0.982 sstatic 0.982 c1 0.999 c50 0.984 fac1 0.966 fac50 0.033 lock 0.01 move 0.0463 period None osc 0.023@31 pr 6.9 sens10 -0.07 sens50 0.39 sat 0.273 dead 0.03 frozen 0.76 nbin 300 fat 0.879 | 62.0s
ex16|sig4_0|0|0.5|div|300|0.5|51|leak: static 0.935 sstatic 0.968 c1 0.999 c50 0.932 fac1 0.981 fac50 -0.061 lock 0.00 move 0.0504 period None osc -0.175@32 pr 6.6 sens10 -0.24 sens50 0.23 sat 0.157 dead 0.03 frozen 0.67 nbin 300 fat 0.947 | 66.9s
ex16|sig4_0|0|0.5|dep|10|0.1|51|leak: static 1.000 sstatic 1.000 c1 1.000 c50 1.000 fac1 0.942 fac50 0.115 lock 0.93 move 0.0226 period None osc -0.509@9 pr 5.8 sens10 -0.29 sens50 -0.77 sat 0.176 dead 0.03 frozen 0.97 nbin 300 fat 0.726 | 60.1s
ex16|sig4_0|0|0.5|dep|3|0.5|51|leak: static 1.000 sstatic 1.000 c1 1.000 c50 1.000 fac1 0.953 fac50 -0.017 lock 0.97 move 0.0268 period None osc -0.152@17 pr 4.0 sens10 -0.91 sens50 -2.93 sat 0.133 dead 0.03 frozen 0.99 nbin 300 fat 0.653 | 60.9s
ex16|sig4_0|0|0.5|dep|10|0.5|51|leak: static 1.000 sstatic 1.000 c1 1.000 c50 1.000 fac1 0.886 fac50 -0.014 lock 0.97 move 0.0557 period None osc -0.527@7 pr 4.2 sens10 -1.31 sens50 -2.91 sat 0.019 dead 0.03 frozen 0.99 nbin 299 fat 0.375 | 62.0s
ex16|sig4_0|0|0.5|dep|10|0.1|50|leak: static 0.986 sstatic 0.989 c1 0.999 c50 0.986 fac1 0.941 fac50 -0.017 lock 0.01 move 0.0625 period None osc -0.367@11 pr 8.2 sens10 -0.20 sens50 -0.42 sat 0.192 dead 0.03 frozen 0.79 nbin 300 fat 0.718 | 66.3s
ex16|sig4_0|0|0.5|dep|10|0.5|50|leak: static 1.000 sstatic 1.000 c1 1.000 c50 1.000 fac1 0.813 fac50 -0.034 lock 0.48 move 0.118 period None osc -0.259@7 pr 7.8 sens10 -1.30 sens50 -2.92 sat 0.021 dead 0.03 frozen 0.93 nbin 300 fat 0.368 | 68.2s
ex16|sig4_0|0|0.5|dep|30|0.1|51|leak: static 1.000 sstatic 1.000 c1 1.000 c50 1.000 fac1 0.959 fac50 -0.011 lock 0.95 move 0.0404 period None osc -0.564@12 pr 4.4 sens10 -0.64 sens50 -1.14 sat 0.059 dead 0.03 frozen 0.98 nbin 300 fat 0.503 | 66.5s
ex16|sig4_0|0|0.5|dep|30|0.5|50|leak: static 1.000 sstatic 1.000 c1 1.000 c50 1.000 fac1 0.808 fac50 -0.021 lock 0.60 move 0.242 period None osc -0.287@6 pr 7.5 sens10 -1.64 sens50 -3.01 sat 0.001 dead 0.03 frozen 0.96 nbin 300 fat 0.138 | 59.9s
ex16|sig4_0|0|0.5|dep|30|0.5|51|leak: static 1.000 sstatic 1.000 c1 1.000 c50 1.000 fac1 0.883 fac50 0.023 lock 0.98 move 0.125 period None osc -0.573@7 pr 3.9 sens10 -1.63 sens50 -2.96 sat 0.000 dead 0.03 frozen 0.99 nbin 300 fat 0.138 | 60.3s
ex16|sig4_0|0|0.5|dep|100|0.5|50|leak: static 1.000 sstatic 1.000 c1 1.000 c50 1.000 fac1 0.794 fac50 -0.017 lock 0.81 move 0.451 period None osc -0.308@7 pr 7.3 sens10 -2.23 sens50 -3.23 sat 0.001 dead 0.03 frozen 0.97 nbin 300 fat 0.040 | 53.5s
ex16|sig4_0|0|0.5|dep|100|0.1|50|leak: static 0.999 sstatic 1.000 c1 1.000 c50 0.999 fac1 0.896 fac50 -0.025 lock 0.47 move 0.185 period None osc -0.174@10 pr 8.2 sens10 -1.56 sens50 -2.36 sat 0.002 dead 0.03 frozen 0.94 nbin 300 fat 0.208 | 67.8s
ex16|sig4_0|0|0.5|dep|100|0.1|51|leak: static 1.000 sstatic 1.000 c1 1.000 c50 1.000 fac1 0.954 fac50 0.027 lock 0.97 move 0.0909 period None osc -0.364@11 pr 4.6 sens10 -1.56 sens50 -2.34 sat 0.001 dead 0.03 frozen 0.99 nbin 300 fat 0.210 | 65.7s
ex16|sig4_0|0|0.9|none|0|0.0|51|leak: static 0.971 sstatic 0.968 c1 1.000 c50 0.972 fac1 0.996 fac50 -0.015 lock 0.95 move 0.00735 period None osc -0.015@50 pr 3.6 sens10 -0.13 sens50 -0.06 sat 0.297 dead 0.03 frozen 0.78 nbin 300 fat None | 53.2s
ex16|sig4_0|0|0.5|dep|100|0.5|51|leak: static 1.000 sstatic 1.000 c1 1.000 c50 1.000 fac1 0.966 fac50 0.719 lock 0.98 move 0.317 period None osc 0.719@50 pr 2.4 sens10 -2.21 sens50 -2.71 sat 0.000 dead 0.03 frozen 0.99 nbin 300 fat 0.040 | 64.6s
ex16|sig4_0|0|0.5|dep|300|0.1|50|leak: static 1.000 sstatic 1.000 c1 1.000 c50 1.000 fac1 0.887 fac50 -0.029 lock 0.70 move 0.367 period None osc -0.156@11 pr 7.5 sens10 -2.18 sens50 -2.71 sat 0.001 dead 0.03 frozen 0.97 nbin 300 fat 0.067 | 66.2s
ex16|sig4_0|0|0.5|dep|300|0.5|51|leak: static 1.000 sstatic 1.000 c1 1.000 c50 1.000 fac1 0.989 fac50 0.833 lock 0.98 move 0.494 period None osc 0.829@49 pr 1.6 sens10 -2.64 sens50 -2.87 sat 0.000 dead 0.03 frozen 0.99 nbin 300 fat 0.013 | 62.6s
ex16|sig4_0|0|0.9|none|0|0.0|50|leak: static 0.972 sstatic 0.970 c1 1.000 c50 0.974 fac1 0.995 fac50 0.011 lock 0.89 move 0.00814 period None osc 0.011@50 pr 3.7 sens10 -0.12 sens50 0.02 sat 0.317 dead 0.03 frozen 0.78 nbin 300 fat None | 61.8s
ex16|sig4_0|0|0.5|dep|300|0.1|51|leak: static 1.000 sstatic 1.000 c1 1.000 c50 1.000 fac1 0.954 fac50 0.082 lock 0.98 move 0.218 period None osc -0.281@12 pr 4.0 sens10 -2.16 sens50 -2.38 sat 0.000 dead 0.03 frozen 0.99 nbin 300 fat 0.067 | 66.1s
ex16|sig4_0|0|0.9|sub|3|0.5|50|leak: static 1.000 sstatic 1.000 c1 1.000 c50 1.000 fac1 0.993 fac50 -0.052 lock 0.96 move 0.00717 period None osc -0.052@50 pr 4.5 sens10 -0.48 sens50 -0.88 sat 0.176 dead 0.03 frozen 0.98 nbin 298 fat 0.500 | 61.0s
ex16|sig4_0|0|0.5|dep|300|0.5|50|leak: static 1.000 sstatic 1.000 c1 1.000 c50 1.000 fac1 0.792 fac50 -0.016 lock 0.81 move 0.541 period None osc -0.298@6 pr 7.0 sens10 -2.67 sens50 -3.48 sat 0.001 dead 0.03 frozen 0.97 nbin 300 fat 0.014 | 70.8s
ex16|sig4_0|0|0.9|sub|3|0.5|51|leak: static 1.000 sstatic 1.000 c1 1.000 c50 1.000 fac1 0.995 fac50 0.134 lock 0.99 move 0.00344 period None osc 0.134@50 pr 2.7 sens10 -0.50 sens50 -0.93 sat 0.161 dead 0.03 frozen 1.00 nbin 194 fat 0.500 | 63.2s
ex16|sig4_0|0|0.9|sub|3|1.0|50|leak: static 0.000 sstatic 1.000 c1 0.939 c50 0.018 fac1 0.942 fac50 0.018 lock 0.01 move 0.807 period None osc -0.418@11 pr 9.0 sens10 -0.65 sens50 -0.79 sat 0.000 dead 0.03 frozen 1.00 nbin 1 fat 1.000 | 61.4s
ex16|sig4_0|0|0.9|sub|3|1.0|51|leak: static 0.000 sstatic 1.000 c1 0.964 c50 0.022 fac1 0.965 fac50 0.013 lock 0.00 move 0.906 period None osc -0.639@13 pr 4.7 sens10 -0.41 sens50 -0.42 sat 0.000 dead 0.03 frozen 1.00 nbin 1 fat 1.000 | 59.4s
ex16|sig4_0|0|0.9|sub|10|0.5|50|leak: static 0.999 sstatic 0.999 c1 1.000 c50 0.998 fac1 0.993 fac50 -0.156 lock 0.96 move 0.00872 period None osc -0.415@35 pr 5.5 sens10 -0.19 sens50 -0.31 sat 0.176 dead 0.03 frozen 0.94 nbin 300 fat 0.500 | 55.6s
ex16|sig4_0|0|0.9|sub|10|1.0|51|leak: static 0.002 sstatic 0.692 c1 0.993 c50 0.410 fac1 0.990 fac50 0.350 lock 0.00 move 0.118 period None osc -0.785@28 pr 4.8 sens10 -0.36 sens50 -0.39 sat 0.031 dead 0.03 frozen 0.08 nbin 300 fat 0.963 | 51.4s
ex16|sig4_0|0|0.9|sub|10|1.0|50|leak: static 0.002 sstatic 0.690 c1 0.993 c50 0.441 fac1 0.990 fac50 0.375 lock 0.01 move 0.12 period None osc -0.779@28 pr 4.7 sens10 -0.35 sens50 -0.41 sat 0.030 dead 0.03 frozen 0.08 nbin 300 fat 0.968 | 56.0s
ex16|sig4_0|0|0.9|sub|10|0.5|51|leak: static 1.000 sstatic 1.000 c1 1.000 c50 0.999 fac1 0.993 fac50 -0.543 lock 0.99 move 0.00416 period None osc -0.820@39 pr 2.3 sens10 -0.21 sens50 -0.40 sat 0.160 dead 0.03 frozen 0.97 nbin 296 fat 0.500 | 69.8s
ex16|sig4_0|0|0.9|sub|30|0.5|50|leak: static 0.773 sstatic 0.870 c1 0.999 c50 0.683 fac1 0.994 fac50 -0.341 lock 0.01 move 0.0361 period None osc -0.343@48 pr 5.8 sens10 -0.04 sens50 0.13 sat 0.188 dead 0.03 frozen 0.38 nbin 300 fat 0.483 | 58.4s
ex16|sig4_0|0|0.9|sub|30|0.5|51|leak: static 0.770 sstatic 0.866 c1 0.999 c50 0.665 fac1 0.994 fac50 -0.353 lock 0.00 move 0.0365 period None osc -0.353@50 pr 5.5 sens10 -0.08 sens50 0.21 sat 0.177 dead 0.03 frozen 0.38 nbin 300 fat 0.485 | 60.4s
ex16|sig4_0|0|0.9|sub|30|1.0|51|leak: static 0.006 sstatic 0.611 c1 0.997 c50 -0.680 fac1 0.993 fac50 -0.575 lock 0.00 move 0.0783 period None osc -0.589@46 pr 4.9 sens10 -0.14 sens50 -0.01 sat 0.131 dead 0.03 frozen 0.03 nbin 300 fat 0.894 | 62.4s
ex16|sig4_0|0|0.9|sub|100|0.5|50|leak: static 0.587 sstatic 0.789 c1 0.999 c50 0.503 fac1 0.995 fac50 -0.156 lock 0.03 move 0.0388 period None osc -0.156@50 pr 5.2 sens10 -0.04 sens50 0.41 sat 0.211 dead 0.00 frozen 0.21 nbin 300 fat 0.456 | 58.7s
ex16|sig4_0|0|0.9|sub|30|1.0|50|leak: static 0.008 sstatic 0.611 c1 0.997 c50 -0.652 fac1 0.994 fac50 -0.548 lock 0.01 move 0.079 period None osc -0.558@47 pr 4.9 sens10 -0.12 sens50 -0.02 sat 0.130 dead 0.03 frozen 0.04 nbin 300 fat 0.871 | 67.8s
ex16|sig4_0|0|0.9|sub|300|1.0|51|leak: static 0.130 sstatic 0.628 c1 0.999 c50 0.121 fac1 0.995 fac50 -0.025 lock 0.03 move 0.0473 period None osc -0.025@50 pr 4.7 sens10 -0.01 sens50 0.49 sat 0.193 dead 0.00 frozen 0.04 nbin 300 fat 0.793 | 53.4s
ex16|sig4_0|0|0.9|sub|100|1.0|51|leak: static 0.026 sstatic 0.600 c1 0.998 c50 -0.189 fac1 0.995 fac50 -0.173 lock 0.01 move 0.0554 period None osc -0.173@50 pr 4.5 sens10 -0.07 sens50 0.23 sat 0.184 dead 0.00 frozen 0.03 nbin 300 fat 0.814 | 62.1s
ex16|sig4_0|0|0.9|sub|100|0.5|51|leak: static 0.563 sstatic 0.774 c1 0.999 c50 0.487 fac1 0.995 fac50 -0.128 lock 0.01 move 0.0385 period None osc -0.128@50 pr 5.3 sens10 -0.05 sens50 0.37 sat 0.200 dead 0.00 frozen 0.21 nbin 300 fat 0.455 | 65.3s
ex16|sig4_0|0|0.9|sub|100|1.0|50|leak: static 0.028 sstatic 0.600 c1 0.998 c50 -0.191 fac1 0.995 fac50 -0.173 lock 0.03 move 0.0564 period None osc -0.173@50 pr 4.8 sens10 -0.05 sens50 0.18 sat 0.179 dead 0.00 frozen 0.04 nbin 300 fat 0.828 | 65.2s
ex16|sig4_0|0|0.9|sub|300|0.5|50|leak: static 0.579 sstatic 0.786 c1 0.999 c50 0.603 fac1 0.995 fac50 0.014 lock 0.04 move 0.0333 period None osc 0.014@50 pr 4.6 sens10 -0.04 sens50 0.32 sat 0.224 dead 0.00 frozen 0.22 nbin 300 fat 0.442 | 61.3s
ex16|sig4_0|0|0.9|sub|300|1.0|50|leak: static 0.139 sstatic 0.633 c1 0.999 c50 0.154 fac1 0.995 fac50 -0.004 lock 0.04 move 0.0478 period None osc -0.004@50 pr 4.8 sens10 -0.01 sens50 0.47 sat 0.199 dead 0.00 frozen 0.04 nbin 300 fat 0.795 | 61.2s
ex16|sig4_0|0|0.9|sub|300|0.5|51|leak: static 0.552 sstatic 0.772 c1 0.999 c50 0.567 fac1 0.995 fac50 0.011 lock 0.03 move 0.0335 period None osc 0.011@50 pr 4.6 sens10 -0.04 sens50 0.48 sat 0.215 dead 0.00 frozen 0.20 nbin 300 fat 0.427 | 62.8s
ex16|sig4_0|0|0.9|div|3|0.5|50|leak: static 0.979 sstatic 0.984 c1 1.000 c50 0.986 fac1 0.995 fac50 0.239 lock 0.96 move 0.00797 period None osc 0.239@50 pr 2.5 sens10 -0.48 sens50 -0.45 sat 0.143 dead 0.03 frozen 0.84 nbin 300 fat 0.989 | 66.8s
ex16|sig4_0|0|0.9|div|3|2.0|50|leak: static 1.000 sstatic 1.000 c1 1.000 c50 1.000 fac1 0.994 fac50 0.035 lock 0.96 move 0.0103 period None osc 0.035@50 pr 2.3 sens10 -0.77 sens50 -1.14 sat 0.000 dead 0.03 frozen 1.00 nbin 1 fat 3.488 | 58.3s
ex16|sig4_0|0|0.9|div|3|2.0|51|leak: static 1.000 sstatic 1.000 c1 1.000 c50 1.000 fac1 0.994 fac50 0.125 lock 0.99 move 0.00564 period None osc 0.125@50 pr 1.8 sens10 -0.77 sens50 -1.22 sat 0.000 dead 0.03 frozen 1.00 nbin 1 fat 3.473 | 54.8s
ex16|sig4_0|0|0.9|div|3|0.5|51|leak: static 0.990 sstatic 0.992 c1 1.000 c50 0.993 fac1 0.996 fac50 0.249 lock 0.99 move 0.00447 period None osc 0.249@50 pr 2.4 sens10 -0.48 sens50 -0.43 sat 0.133 dead 0.03 frozen 0.89 nbin 296 fat 0.979 | 66.6s
ex16|sig4_0|0|0.9|div|10|0.5|50|leak: static 0.989 sstatic 0.992 c1 1.000 c50 0.989 fac1 0.994 fac50 0.001 lock 0.96 move 0.00818 period None osc 0.001@50 pr 3.2 sens10 -0.42 sens50 -0.36 sat 0.143 dead 0.03 frozen 0.88 nbin 300 fat 0.988 | 58.5s
ex16|sig4_0|0|0.9|div|10|0.5|51|leak: static 0.987 sstatic 0.990 c1 1.000 c50 0.989 fac1 0.995 fac50 0.074 lock 0.99 move 0.00532 period None osc 0.074@50 pr 2.9 sens10 -0.43 sens50 -0.44 sat 0.133 dead 0.03 frozen 0.88 nbin 300 fat 0.978 | 59.1s
ex16|sig4_0|0|0.9|div|10|2.0|51|leak: static 1.000 sstatic 1.000 c1 1.000 c50 1.000 fac1 0.994 fac50 -0.049 lock 0.99 move 0.00609 period None osc -0.049@50 pr 2.2 sens10 -0.67 sens50 -1.14 sat 0.000 dead 0.03 frozen 1.00 nbin 1 fat 3.472 | 54.8s
ex16|sig4_0|0|0.9|div|10|2.0|50|leak: static 1.000 sstatic 1.000 c1 1.000 c50 1.000 fac1 0.994 fac50 -0.045 lock 0.96 move 0.0113 period None osc -0.045@50 pr 3.0 sens10 -0.66 sens50 -1.05 sat 0.000 dead 0.03 frozen 1.00 nbin 1 fat 3.489 | 55.7s
ex16|sig4_0|0|0.9|div|30|2.0|50|leak: static 0.998 sstatic 0.999 c1 1.000 c50 0.997 fac1 0.994 fac50 -0.274 lock 0.96 move 0.0117 period None osc -0.274@50 pr 3.5 sens10 -0.58 sens50 -0.76 sat 0.000 dead 0.03 frozen 1.00 nbin 2 fat 3.489 | 50.4s
ex16|sig4_0|0|0.9|div|30|0.5|51|leak: static 0.975 sstatic 0.984 c1 1.000 c50 0.981 fac1 0.995 fac50 0.121 lock 0.99 move 0.00661 period None osc 0.121@50 pr 3.0 sens10 -0.38 sens50 -0.33 sat 0.134 dead 0.03 frozen 0.83 nbin 300 fat 0.978 | 60.3s
ex16|sig4_0|0|0.9|div|30|2.0|51|leak: static 1.000 sstatic 1.000 c1 1.000 c50 1.000 fac1 0.995 fac50 -0.365 lock 0.99 move 0.00621 period None osc -0.365@50 pr 2.0 sens10 -0.58 sens50 -0.76 sat 0.000 dead 0.03 frozen 1.00 nbin 1 fat 3.472 | 58.3s
ex16|sig4_0|0|0.9|div|100|2.0|50|leak: static 0.975 sstatic 0.994 c1 1.000 c50 0.977 fac1 0.995 fac50 0.078 lock 0.95 move 0.0125 period None osc 0.078@50 pr 2.8 sens10 -0.57 sens50 -0.67 sat 0.000 dead 0.03 frozen 0.97 nbin 218 fat 3.489 | 55.2s
ex16|sig4_0|0|0.9|div|30|0.5|50|leak: static 0.972 sstatic 0.982 c1 1.000 c50 0.971 fac1 0.995 fac50 -0.029 lock 0.91 move 0.01 period None osc -0.029@50 pr 3.5 sens10 -0.39 sens50 -0.43 sat 0.145 dead 0.03 frozen 0.81 nbin 300 fat 0.991 | 65.4s
ex16|sig4_0|0|0.9|div|100|0.5|50|leak: static 0.968 sstatic 0.983 c1 1.000 c50 0.968 fac1 0.995 fac50 -0.022 lock 0.90 move 0.01 period None osc -0.022@50 pr 3.3 sens10 -0.34 sens50 -0.28 sat 0.150 dead 0.03 frozen 0.82 nbin 300 fat 0.989 | 60.6s
ex16|sig4_0|0|0.9|div|100|2.0|51|leak: static 0.974 sstatic 0.994 c1 1.000 c50 0.977 fac1 0.996 fac50 0.099 lock 0.99 move 0.00808 period None osc 0.099@50 pr 2.6 sens10 -0.58 sens50 -0.76 sat 0.000 dead 0.03 frozen 0.98 nbin 195 fat 3.474 | 57.9s
ex16|sig4_0|0|0.9|div|100|0.5|51|leak: static 0.957 sstatic 0.977 c1 1.000 c50 0.957 fac1 0.996 fac50 0.035 lock 0.89 move 0.00898 period None osc 0.035@50 pr 3.2 sens10 -0.39 sens50 -0.44 sat 0.139 dead 0.03 frozen 0.78 nbin 300 fat 0.979 | 60.4s
ex16|sig4_0|0|0.9|div|300|0.5|51|leak: static 0.955 sstatic 0.977 c1 1.000 c50 0.964 fac1 0.995 fac50 0.158 lock 0.98 move 0.00745 period None osc 0.158@50 pr 2.8 sens10 -0.36 sens50 -0.35 sat 0.154 dead 0.03 frozen 0.79 nbin 299 fat 0.944 | 47.0s
ex16|sig4_0|0|0.9|div|300|2.0|50|leak: static 0.975 sstatic 0.994 c1 1.000 c50 0.986 fac1 0.993 fac50 0.277 lock 0.96 move 0.0116 period None osc 0.277@50 pr 2.3 sens10 -0.57 sens50 -0.67 sat 0.000 dead 0.03 frozen 0.89 nbin 297 fat 3.418 | 45.9s
ex16|sig4_0|0|0.9|div|300|2.0|51|leak: static 0.966 sstatic 0.992 c1 1.000 c50 0.980 fac1 0.996 fac50 0.309 lock 0.99 move 0.00735 period None osc 0.309@50 pr 2.2 sens10 -0.59 sens50 -0.73 sat 0.000 dead 0.03 frozen 0.87 nbin 297 fat 3.405 | 45.6s
ex16|sig4_0|0|0.9|dep|3|0.1|50|leak: static 0.994 sstatic 0.993 c1 1.000 c50 0.997 fac1 0.993 fac50 0.309 lock 0.96 move 0.00553 period None osc 0.309@50 pr 2.3 sens10 -0.16 sens50 -0.22 sat 0.274 dead 0.03 frozen 0.91 nbin 299 fat 0.879 | 48.1s
ex16|sig4_0|0|0.9|dep|3|0.1|51|leak: static 0.990 sstatic 0.990 c1 1.000 c50 0.995 fac1 0.995 fac50 0.316 lock 0.99 move 0.00351 period None osc 0.316@50 pr 2.3 sens10 -0.17 sens50 -0.19 sat 0.254 dead 0.03 frozen 0.89 nbin 298 fat 0.882 | 44.3s
ex16|sig4_0|0|0.9|div|300|0.5|50|leak: static 0.967 sstatic 0.984 c1 1.000 c50 0.976 fac1 0.994 fac50 0.178 lock 0.96 move 0.00886 period None osc 0.178@50 pr 2.9 sens10 -0.35 sens50 -0.31 sat 0.168 dead 0.03 frozen 0.82 nbin 300 fat 0.958 | 62.7s
ex16|sig4_0|0|0.9|dep|10|0.1|50|leak: static 1.000 sstatic 1.000 c1 1.000 c50 1.000 fac1 0.993 fac50 0.017 lock 0.96 move 0.00784 period None osc 0.017@50 pr 4.0 sens10 -0.20 sens50 -0.54 sat 0.191 dead 0.03 frozen 0.97 nbin 297 fat 0.720 | 44.0s
ex16|sig4_0|0|0.9|dep|3|0.5|50|leak: static 1.000 sstatic 1.000 c1 1.000 c50 1.000 fac1 0.993 fac50 -0.018 lock 0.96 move 0.00947 period None osc -0.018@50 pr 3.9 sens10 -0.29 sens50 -0.80 sat 0.146 dead 0.03 frozen 0.98 nbin 300 fat 0.645 | 50.8s
ex16|sig4_0|0|0.9|dep|30|0.5|50|leak: static 1.000 sstatic 1.000 c1 1.000 c50 1.000 fac1 0.986 fac50 -0.079 lock 0.95 move 0.0426 period None osc -0.211@24 pr 4.9 sens10 -0.45 sens50 -2.18 sat 0.000 dead 0.03 frozen 0.99 nbin 300 fat 0.138 | 37.7s
ex16|sig4_0|0|0.9|dep|3|0.5|51|leak: static 1.000 sstatic 1.000 c1 1.000 c50 1.000 fac1 0.995 fac50 0.104 lock 0.99 move 0.00454 period None osc 0.104@50 pr 2.4 sens10 -0.30 sens50 -0.99 sat 0.133 dead 0.03 frozen 1.00 nbin 94 fat 0.653 | 62.3s
ex16|sig4_0|0|0.9|dep|10|0.1|51|leak: static 1.000 sstatic 1.000 c1 1.000 c50 1.000 fac1 0.994 fac50 -0.041 lock 0.99 move 0.00371 period None osc -0.041@50 pr 3.0 sens10 -0.23 sens50 -0.75 sat 0.176 dead 0.03 frozen 1.00 nbin 140 fat 0.726 | 63.8s
ex16|sig4_0|0|0.9|dep|100|0.1|50|leak: static 1.000 sstatic 1.000 c1 1.000 c50 1.000 fac1 0.993 fac50 -0.279 lock 0.95 move 0.0318 period None osc -0.319@43 pr 5.1 sens10 -0.39 sens50 -1.37 sat 0.001 dead 0.03 frozen 0.98 nbin 299 fat 0.208 | 43.6s
ex16|sig4_0|0|0.9|dep|100|0.1|51|leak: static 1.000 sstatic 1.000 c1 1.000 c50 1.000 fac1 0.992 fac50 -0.444 lock 0.99 move 0.0157 period None osc -0.532@42 pr 3.4 sens10 -0.39 sens50 -1.39 sat 0.001 dead 0.03 frozen 1.00 nbin 81 fat 0.210 | 43.5s
ex16|sig4_0|0|0.9|dep|10|0.5|50|leak: static 1.000 sstatic 1.000 c1 1.000 c50 1.000 fac1 0.992 fac50 -0.112 lock 0.96 move 0.0196 period None osc -0.112@50 pr 4.5 sens10 -0.39 sens50 -1.94 sat 0.020 dead 0.03 frozen 0.98 nbin 300 fat 0.369 | 64.3s
ex16|sig4_0|0|0.9|dep|100|0.5|50|leak: static 1.000 sstatic 1.000 c1 1.000 c50 1.000 fac1 0.980 fac50 -0.049 lock 0.95 move 0.0879 period None osc -0.295@21 pr 5.3 sens10 -0.46 sens50 -2.26 sat 0.000 dead 0.03 frozen 0.99 nbin 300 fat 0.040 | 45.3s
ex16|sig4_0|0|0.9|dep|10|0.5|51|leak: static 1.000 sstatic 1.000 c1 1.000 c50 1.000 fac1 0.995 fac50 -0.034 lock 0.99 move 0.00955 period None osc -0.034@50 pr 2.8 sens10 -0.39 sens50 -1.94 sat 0.019 dead 0.03 frozen 1.00 nbin 128 fat 0.376 | 67.3s
ex16|sig4_0|0|0.9|dep|30|0.1|50|leak: static 1.000 sstatic 1.000 c1 1.000 c50 1.000 fac1 0.993 fac50 -0.241 lock 0.96 move 0.0142 period None osc -0.262@44 pr 5.1 sens10 -0.28 sens50 -1.33 sat 0.066 dead 0.03 frozen 0.98 nbin 300 fat 0.494 | 66.4s
ex16|sig4_0|0|0.9|dep|30|0.1|51|leak: static 1.000 sstatic 1.000 c1 1.000 c50 1.000 fac1 0.994 fac50 -0.264 lock 0.99 move 0.00685 period None osc -0.424@37 pr 3.5 sens10 -0.29 sens50 -1.36 sat 0.059 dead 0.03 frozen 1.00 nbin 125 fat 0.503 | 68.9s
ex16|sig4_0|0|0.9|dep|30|0.5|51|leak: static 1.000 sstatic 1.000 c1 1.000 c50 1.000 fac1 0.992 fac50 0.739 lock 0.99 move 0.0217 period None osc 0.739@50 pr 2.1 sens10 -0.45 sens50 -2.06 sat 0.000 dead 0.03 frozen 1.00 nbin 98 fat 0.139 | 68.3s
ex16|sig4_0|0|0.9|dep|100|0.5|51|leak: static 1.000 sstatic 1.000 c1 1.000 c50 1.000 fac1 0.996 fac50 0.833 lock 0.99 move 0.0573 period None osc 0.833@50 pr 1.5 sens10 -0.46 sens50 -2.11 sat 0.000 dead 0.03 frozen 1.00 nbin 179 fat 0.040 | 48.1s
ex16|sig4_0|0|0.9|dep|300|0.1|50|leak: static 1.000 sstatic 1.000 c1 1.000 c50 1.000 fac1 0.992 fac50 -0.275 lock 0.93 move 0.0682 period None osc -0.325@39 pr 4.9 sens10 -0.45 sens50 -1.74 sat 0.000 dead 0.03 frozen 0.99 nbin 299 fat 0.067 | 51.3s
ex16|sig4_0|0|0.9|dep|300|0.5|50|leak: static 1.000 sstatic 1.000 c1 1.000 c50 1.000 fac1 0.981 fac50 -0.045 lock 0.93 move 0.11 period None osc -0.276@21 pr 4.7 sens10 -0.47 sens50 -2.28 sat 0.000 dead 0.03 frozen 0.99 nbin 300 fat 0.014 | 48.7s
ex16|step1|0|0.5|none|0|0.0|50|leak: static 0.769 sstatic 0.686 c1 0.970 c50 0.770 fac1 0.869 fac50 -0.016 lock 0.00 move 0.241 period None osc -0.021@37 pr 13.8 sens10 -2.95 sens50 -15.76 sat 0.287 dead 0.04 frozen 0.20 nbin 300 fat None | 44.5s
ex16|sig4_0|0|0.9|dep|300|0.5|51|leak: static 1.000 sstatic 1.000 c1 1.000 c50 1.000 fac1 0.996 fac50 0.833 lock 0.99 move 0.0973 period None osc 0.833@50 pr 1.2 sens10 -0.47 sens50 -2.20 sat 0.000 dead 0.03 frozen 1.00 nbin 197 fat 0.013 | 51.2s
ex16|step1|0|0.5|none|0|0.0|51|leak: static 0.727 sstatic 0.651 c1 0.966 c50 0.721 fac1 0.871 fac50 -0.037 lock 0.00 move 0.252 period None osc -0.044@46 pr 13.7 sens10 -2.95 sens50 -15.83 sat 0.272 dead 0.03 frozen 0.17 nbin 300 fat None | 41.5s
ex16|sig4_0|0|0.9|dep|300|0.1|51|leak: static 1.000 sstatic 1.000 c1 1.000 c50 1.000 fac1 0.986 fac50 0.308 lock 0.99 move 0.0385 period None osc 0.308@50 pr 2.3 sens10 -0.45 sens50 -1.69 sat 0.000 dead 0.03 frozen 1.00 nbin 194 fat 0.067 | 67.9s
ex16|step1|0|0.5|sub|10|0.5|51|leak: static 0.385 sstatic 0.009 c1 0.000 c50 0.000 fac1 0.429 fac50 -0.005 lock 0.00 move 0.826 period None osc -0.059@8 pr 11.2 sens10 -1.76 sens50 -3.39 sat 0.000 dead 0.98 frozen 0.99 nbin 262 fat 0.447 | 34.9s
ex16|step1|0|0.5|sub|10|0.5|50|leak: static 0.127 sstatic 0.178 c1 0.800 c50 0.109 fac1 0.781 fac50 -0.009 lock 0.00 move 0.61 period None osc -0.162@9 pr 16.5 sens10 3.95 sens50 4.08 sat 0.121 dead 0.04 frozen 0.04 nbin 300 fat 0.358 | 38.7s
ex16|step1|0|0.5|sub|10|1.0|51|leak: static 0.000 sstatic 0.003 c1 0.000 c50 0.000 fac1 0.407 fac50 -0.001 lock 0.00 move 1.07 period None osc -0.076@6 pr 10.7 sens10 -1.38 sens50 -3.10 sat 0.000 dead 0.98 frozen 0.99 nbin 183 fat 0.895 | 37.0s
ex16|step1|0|0.5|sub|3|1.0|51|leak: static 0.000 sstatic 0.000 c1 0.000 c50 0.000 fac1 0.212 fac50 -0.006 lock 0.00 move 1.21 period None osc -0.145@3 pr 15.1 sens10 -1.87 sens50 -8.77 sat 0.000 dead 0.99 frozen 0.99 nbin 46 fat 0.867 | 45.8s
ex16|step1|0|0.5|sub|3|1.0|50|leak: static 0.000 sstatic 0.000 c1 0.000 c50 0.000 fac1 0.232 fac50 -0.020 lock 0.00 move 1.21 period None osc -0.149@3 pr 15.2 sens10 -1.81 sens50 -8.70 sat 0.000 dead 0.96 frozen 0.98 nbin 159 fat 0.929 | 51.2s
ex16|step1|0|0.5|sub|30|1.0|51|leak: static 0.001 sstatic 0.163 c1 0.827 c50 -0.017 fac1 0.831 fac50 -0.018 lock 0.00 move 0.577 period None osc -0.115@12 pr 16.2 sens10 -1.62 sens50 -2.19 sat 0.142 dead 0.03 frozen 0.03 nbin 300 fat 0.560 | 31.9s
ex16|step1|0|0.5|sub|3|0.5|50|leak: static 0.012 sstatic 0.000 c1 0.000 c50 0.000 fac1 0.350 fac50 -0.010 lock 0.00 move 0.829 period None osc -0.066@5 pr 5.7 sens10 -2.20 sens50 -9.07 sat 0.000 dead 0.82 frozen 0.97 nbin 298 fat 0.485 | 56.0s
ex16|step1|0|0.5|sub|10|1.0|50|leak: static 0.000 sstatic 0.000 c1 0.000 c50 0.000 fac1 0.425 fac50 -0.001 lock 0.00 move 1.06 period None osc -0.081@6 pr 4.7 sens10 -1.33 sens50 -3.06 sat 0.000 dead 0.83 frozen 0.96 nbin 294 fat 0.960 | 53.0s
ex16|step1|0|0.5|sub|100|0.5|51|leak: static 0.129 sstatic 0.247 c1 0.878 c50 0.087 fac1 0.863 fac50 -0.031 lock 0.02 move 0.479 period None osc -0.055@18 pr 15.4 sens10 -2.44 sens50 -2.50 sat 0.185 dead 0.00 frozen 0.03 nbin 300 fat 0.292 | 31.9s
ex16|step1|0|0.5|sub|100|1.0|50|leak: static 0.004 sstatic 0.201 c1 0.858 c50 -0.031 fac1 0.860 fac50 -0.029 lock 0.03 move 0.524 period None osc -0.061@16 pr 16.1 sens10 -2.08 sens50 -2.21 sat 0.176 dead 0.00 frozen 0.04 nbin 300 fat 0.577 | 31.6s
ex16|step1|0|0.5|sub|30|0.5|50|leak: static 0.137 sstatic 0.251 c1 0.863 c50 0.123 fac1 0.846 fac50 -0.011 lock 0.00 move 0.509 period None osc -0.116@14 pr 15.8 sens10 3.73 sens50 4.09 sat 0.181 dead 0.04 frozen 0.04 nbin 300 fat 0.317 | 56.5s
ex16|step1|0|0.5|sub|300|0.5|50|leak: static 0.149 sstatic 0.283 c1 0.891 c50 0.122 fac1 0.873 fac50 -0.019 lock 0.04 move 0.458 period None osc -0.029@20 pr 15.2 sens10 -3.02 sens50 -2.83 sat 0.204 dead 0.00 frozen 0.04 nbin 300 fat 0.298 | 31.7s
ex16|step1|0|0.5|sub|30|0.5|51|leak: static 0.126 sstatic 0.235 c1 0.863 c50 0.095 fac1 0.846 fac50 -0.021 lock 0.00 move 0.513 period None osc -0.110@14 pr 15.5 sens10 -1.92 sens50 -2.48 sat 0.169 dead 0.03 frozen 0.03 nbin 300 fat 0.319 | 57.8s
ex16|step1|0|0.5|sub|3|0.5|51|leak: static 0.468 sstatic 0.006 c1 0.000 c50 0.000 fac1 0.334 fac50 -0.005 lock 0.00 move 0.833 period None osc -0.047@6 pr 10.8 sens10 -2.23 sens50 -9.13 sat 0.000 dead 0.98 frozen 0.99 nbin 220 fat 0.433 | 75.8s
ex16|step1|0|0.5|sub|300|0.5|51|leak: static 0.135 sstatic 0.263 c1 0.889 c50 0.108 fac1 0.874 fac50 -0.029 lock 0.03 move 0.457 period None osc -0.029@50 pr 15.1 sens10 -3.01 sens50 -2.83 sat 0.192 dead 0.00 frozen 0.03 nbin 300 fat 0.302 | 32.2s
ex16|step1|0|0.5|sub|300|1.0|50|leak: static 0.018 sstatic 0.216 c1 0.868 c50 -0.010 fac1 0.868 fac50 -0.022 lock 0.04 move 0.504 period None osc -0.038@29 pr 15.9 sens10 -2.62 sens50 -2.53 sat 0.185 dead 0.00 frozen 0.04 nbin 300 fat 0.546 | 32.0s
ex16|step1|0|0.5|sub|300|1.0|51|leak: static 0.017 sstatic 0.209 c1 0.869 c50 0.001 fac1 0.870 fac50 -0.015 lock 0.03 move 0.499 period None osc -0.045@26 pr 15.5 sens10 -2.60 sens50 -2.52 sat 0.181 dead 0.00 frozen 0.03 nbin 300 fat 0.534 | 32.1s
ex16|step1|0|0.5|sub|30|1.0|50|leak: static 0.001 sstatic 0.161 c1 0.823 c50 -0.011 fac1 0.828 fac50 -0.011 lock 0.00 move 0.58 period None osc -0.106@13 pr 16.6 sens10 -1.65 sens50 -2.22 sat 0.144 dead 0.04 frozen 0.04 nbin 300 fat 0.606 | 58.8s
ex16|step1|0|0.5|sub|100|0.5|50|leak: static 0.139 sstatic 0.275 c1 0.884 c50 0.106 fac1 0.869 fac50 -0.026 lock 0.03 move 0.47 period None osc -0.058@33 pr 15.2 sens10 -2.46 sens50 -2.51 sat 0.198 dead 0.00 frozen 0.04 nbin 300 fat 0.312 | 58.4s
ex16|step1|0|0.5|div|10|0.5|50|leak: static 0.043 sstatic 0.000 c1 0.000 c50 0.000 fac1 0.557 fac50 -0.029 lock 0.00 move 0.629 period None osc -0.029@50 pr 6.6 sens10 -2.82 sens50 -4.60 sat 0.000 dead 0.82 frozen 0.95 nbin 300 fat 0.010 | 31.7s
ex16|step1|0|0.5|sub|100|1.0|51|leak: static 0.004 sstatic 0.194 c1 0.862 c50 -0.038 fac1 0.864 fac50 -0.034 lock 0.01 move 0.515 period None osc -0.063@16 pr 15.8 sens10 -2.06 sens50 -2.20 sat 0.174 dead 0.00 frozen 0.03 nbin 300 fat 0.587 | 56.6s
ex16|step1|0|0.5|div|30|2.0|50|leak: static 0.583 sstatic 0.000 c1 0.000 c50 0.000 fac1 0.469 fac50 -0.022 lock 0.00 move 0.65 period None osc -0.040@18 pr 15.2 sens10 -2.82 sens50 -3.32 sat 0.000 dead 0.96 frozen 0.98 nbin 240 fat 0.035 | 32.0s
ex16|step1|0|0.5|div|3|0.5|51|leak: static 0.656 sstatic 0.006 c1 0.000 c50 0.000 fac1 0.450 fac50 -0.008 lock 0.00 move 0.603 period None osc -0.035@19 pr 10.7 sens10 -3.05 sens50 -15.06 sat 0.000 dead 0.98 frozen 0.99 nbin 291 fat 0.002 | 55.2s
ex16|step1|0|0.5|div|3|0.5|50|leak: static 0.028 sstatic 0.000 c1 0.000 c50 0.000 fac1 0.490 fac50 -0.020 lock 0.00 move 0.611 period None osc -0.022@31 pr 5.6 sens10 -3.00 sens50 -15.08 sat 0.000 dead 0.82 frozen 0.97 nbin 300 fat 0.008 | 57.5s
ex16|step1|0|0.5|div|100|0.5|50|leak: static 0.045 sstatic 0.000 c1 0.000 c50 0.000 fac1 0.540 fac50 -0.015 lock 0.00 move 0.635 period None osc -0.016@21 pr 4.9 sens10 -3.01 sens50 -3.47 sat 0.000 dead 0.73 frozen 0.94 nbin 300 fat 0.011 | 31.7s
ex16|step1|0|0.5|div|3|2.0|50|leak: static 0.619 sstatic 0.000 c1 0.000 c50 0.000 fac1 0.412 fac50 -0.022 lock 0.00 move 0.654 period None osc -0.030@8 pr 15.3 sens10 -2.94 sens50 -15.06 sat 0.000 dead 0.96 frozen 0.99 nbin 83 fat 0.032 | 57.1s
ex16|step1|0|0.5|div|10|2.0|51|leak: static 0.570 sstatic 0.000 c1 0.000 c50 0.000 fac1 0.426 fac50 -0.005 lock 0.00 move 0.667 period None osc -0.045@9 pr 14.7 sens10 -2.90 sens50 -3.81 sat 0.000 dead 0.99 frozen 0.99 nbin 61 fat 0.008 | 41.1s
ex16|step1|0|0.5|div|3|2.0|51|leak: static 0.595 sstatic 0.000 c1 0.000 c50 0.000 fac1 0.392 fac50 -0.004 lock 0.00 move 0.668 period None osc -0.038@19 pr 14.6 sens10 -3.03 sens50 -15.06 sat 0.000 dead 0.99 frozen 1.00 nbin 17 fat 0.008 | 57.2s
ex16|step1|0|0.5|div|10|0.5|51|leak: static 0.644 sstatic 0.010 c1 0.000 c50 0.000 fac1 0.467 fac50 -0.008 lock 0.00 move 0.607 period None osc -0.038@19 pr 11.0 sens10 -2.94 sens50 -15.07 sat 0.000 dead 0.98 frozen 0.99 nbin 295 fat 0.002 | 55.0s
ex16|step1|0|0.5|div|30|2.0|51|leak: static 0.563 sstatic 0.000 c1 0.000 c50 0.000 fac1 0.444 fac50 -0.008 lock 0.00 move 0.662 period None osc -0.044@19 pr 14.7 sens10 -2.98 sens50 -3.40 sat 0.000 dead 0.99 frozen 0.99 nbin 82 fat 0.008 | 39.9s
ex16|step1|0|0.5|div|30|0.5|51|leak: static 0.639 sstatic 0.021 c1 0.000 c50 0.000 fac1 0.476 fac50 -0.009 lock 0.00 move 0.605 period None osc -0.039@19 pr 10.9 sens10 -3.01 sens50 -3.85 sat 0.000 dead 0.98 frozen 0.99 nbin 295 fat 0.002 | 46.4s
ex16|step1|0|0.5|div|10|2.0|50|leak: static 0.592 sstatic 0.000 c1 0.000 c50 0.000 fac1 0.450 fac50 -0.021 lock 0.00 move 0.652 period None osc -0.043@8 pr 15.2 sens10 -2.71 sens50 -15.05 sat 0.000 dead 0.96 frozen 0.98 nbin 211 fat 0.034 | 57.3s
ex16|step1|0|0.5|div|30|0.5|50|leak: static 0.040 sstatic 0.000 c1 0.000 c50 0.000 fac1 0.547 fac50 -0.017 lock 0.00 move 0.635 period None osc -0.017@50 pr 4.9 sens10 -2.92 sens50 -3.44 sat 0.000 dead 0.73 frozen 0.95 nbin 300 fat 0.011 | 56.0s
ex16|step1|0|0.5|div|100|2.0|51|leak: static 0.561 sstatic 0.000 c1 0.000 c50 0.000 fac1 0.450 fac50 -0.009 lock 0.00 move 0.662 period None osc -0.040@19 pr 14.7 sens10 -3.05 sens50 -3.72 sat 0.000 dead 0.99 frozen 0.99 nbin 95 fat 0.008 | 41.6s
ex16|step1|0|0.5|div|100|0.5|51|leak: static 0.638 sstatic 0.024 c1 0.000 c50 0.000 fac1 0.479 fac50 -0.010 lock 0.00 move 0.604 period None osc -0.036@19 pr 10.8 sens10 -3.04 sens50 -3.52 sat 0.000 dead 0.98 frozen 0.99 nbin 295 fat 0.002 | 59.4s
ex16|step1|0|0.5|div|100|2.0|50|leak: static 0.580 sstatic 0.000 c1 0.000 c50 0.000 fac1 0.477 fac50 -0.023 lock 0.00 move 0.648 period None osc -0.036@18 pr 15.2 sens10 -2.99 sens50 -3.31 sat 0.000 dead 0.96 frozen 0.98 nbin 250 fat 0.034 | 57.1s
ex16|step1|0|0.5|div|300|2.0|50|leak: static 0.546 sstatic 0.000 c1 0.000 c50 0.000 fac1 0.494 fac50 -0.012 lock 0.00 move 0.643 period None osc -0.015@19 pr 8.6 sens10 -3.02 sens50 -3.41 sat 0.000 dead 0.93 frozen 0.97 nbin 259 fat 0.052 | 31.3s
ex16|step1|0|0.5|dep|3|0.1|50|leak: static 0.655 sstatic 0.540 c1 0.945 c50 0.639 fac1 0.843 fac50 -0.030 lock 0.00 move 0.321 period None osc -0.033@39 pr 14.3 sens10 -2.96 sens50 -15.77 sat 0.199 dead 0.04 frozen 0.14 nbin 300 fat 0.953 | 34.0s
ex16|step1|0|0.5|dep|3|0.5|50|leak: static 0.345 sstatic 0.000 c1 0.000 c50 0.000 fac1 0.610 fac50 -0.014 lock 0.00 move 0.575 period None osc -0.018@29 pr 7.4 sens10 -3.02 sens50 -15.07 sat 0.001 dead 0.82 frozen 0.96 nbin 300 fat 0.999 | 34.2s
ex16|step1|0|0.5|dep|10|0.1|50|leak: static 0.056 sstatic 0.000 c1 0.000 c50 0.000 fac1 0.628 fac50 -0.019 lock 0.00 move 0.608 period None osc -0.022@16 pr 4.4 sens10 -2.96 sens50 -15.05 sat 0.002 dead 0.61 frozen 0.90 nbin 300 fat 0.999 | 34.6s
ex16|step1|0|0.5|div|300|0.5|50|leak: static 0.053 sstatic 0.000 c1 0.000 c50 0.000 fac1 0.597 fac50 -0.016 lock 0.00 move 0.629 period None osc -0.019@28 pr 5.2 sens10 -3.05 sens50 -3.57 sat 0.000 dead 0.76 frozen 0.94 nbin 300 fat 0.038 | 58.3s
ex16|step1|0|0.5|dep|10|0.5|50|leak: static 0.260 sstatic 0.000 c1 0.000 c50 0.000 fac1 0.556 fac50 -0.011 lock 0.00 move 0.575 period None osc -0.039@10 pr 8.3 sens10 -3.03 sens50 -15.08 sat 0.001 dead 0.82 frozen 0.97 nbin 300 fat 0.997 | 34.4s
ex16|step1|0|0.5|div|300|0.5|51|leak: static 0.643 sstatic 0.024 c1 0.000 c50 0.000 fac1 0.480 fac50 -0.010 lock 0.00 move 0.599 period None osc -0.036@19 pr 10.9 sens10 -3.06 sens50 -3.72 sat 0.000 dead 0.98 frozen 0.99 nbin 295 fat 0.026 | 54.8s
ex16|step1|0|0.5|div|300|2.0|51|leak: static 0.568 sstatic 0.000 c1 0.000 c50 0.000 fac1 0.451 fac50 -0.009 lock 0.00 move 0.658 period None osc -0.040@19 pr 14.8 sens10 -3.07 sens50 -3.38 sat 0.000 dead 0.99 frozen 0.99 nbin 109 fat 0.025 | 56.1s
ex16|step1|0|0.5|dep|100|0.1|50|leak: static 0.194 sstatic 0.000 c1 0.000 c50 0.000 fac1 0.600 fac50 -0.016 lock 0.00 move 0.59 period None osc -0.039@11 pr 9.1 sens10 -3.02 sens50 -15.07 sat 0.001 dead 0.82 frozen 0.95 nbin 300 fat 0.995 | 34.3s
ex16|step1|0|0.5|dep|3|0.1|51|leak: static 0.608 sstatic 0.485 c1 0.937 c50 0.604 fac1 0.842 fac50 -0.018 lock 0.00 move 0.341 period None osc -0.031@30 pr 14.0 sens10 3.69 sens50 3.93 sat 0.176 dead 0.03 frozen 0.12 nbin 300 fat 0.956 | 62.9s
ex16|step1|0|0.5|dep|10|0.1|51|leak: static 0.683 sstatic 0.101 c1 0.000 c50 0.000 fac1 0.481 fac50 -0.012 lock 0.00 move 0.555 period None osc -0.037@19 pr 11.6 sens10 -3.06 sens50 -15.07 sat 0.000 dead 0.98 frozen 0.99 nbin 300 fat 1.000 | 57.8s
ex16|step1|0|0.5|dep|3|0.5|51|leak: static 0.683 sstatic 0.101 c1 0.000 c50 0.000 fac1 0.481 fac50 -0.012 lock 0.00 move 0.552 period None osc -0.037@19 pr 11.4 sens10 -3.06 sens50 -15.07 sat 0.000 dead 0.98 frozen 0.99 nbin 299 fat 1.000 | 63.6s
ex16|step1|0|0.5|dep|100|0.5|50|leak: static 0.115 sstatic 0.000 c1 0.000 c50 0.000 fac1 0.532 fac50 -0.012 lock 0.00 move 0.564 period None osc -0.042@10 pr 10.0 sens10 -3.04 sens50 -15.07 sat 0.001 dead 0.82 frozen 0.97 nbin 300 fat 0.990 | 34.8s
ex16|step1|0|0.5|dep|10|0.5|51|leak: static 0.683 sstatic 0.101 c1 0.000 c50 0.000 fac1 0.481 fac50 -0.001 lock 0.00 move 0.552 period None osc -0.036@19 pr 11.9 sens10 -3.06 sens50 -15.07 sat 0.000 dead 0.98 frozen 0.99 nbin 299 fat 0.999 | 63.7s
ex16|step1|0|0.5|dep|30|0.1|51|leak: static 0.683 sstatic 0.101 c1 0.000 c50 0.000 fac1 0.481 fac50 -0.003 lock 0.00 move 0.555 period None osc -0.037@19 pr 11.9 sens10 -3.06 sens50 -15.07 sat 0.000 dead 0.98 frozen 0.99 nbin 300 fat 1.000 | 57.6s
ex16|step1|0|0.5|dep|30|0.1|50|leak: static 0.248 sstatic 0.000 c1 0.000 c50 0.000 fac1 0.615 fac50 -0.012 lock 0.00 move 0.607 period None osc -0.031@10 pr 6.5 sens10 -3.01 sens50 -15.08 sat 0.001 dead 0.78 frozen 0.92 nbin 300 fat 0.997 | 61.9s
ex16|step1|0|0.5|dep|300|0.5|50|leak: static 0.062 sstatic 0.000 c1 0.000 c50 0.000 fac1 0.516 fac50 -0.010 lock 0.00 move 0.561 period None osc -0.029@10 pr 8.8 sens10 -3.03 sens50 -15.07 sat 0.001 dead 0.82 frozen 0.97 nbin 300 fat 0.982 | 34.3s
ex16|step1|0|0.5|dep|30|0.5|50|leak: static 0.190 sstatic 0.000 c1 0.000 c50 0.000 fac1 0.551 fac50 -0.017 lock 0.00 move 0.569 period None osc -0.054@11 pr 9.3 sens10 -3.04 sens50 -15.08 sat 0.001 dead 0.82 frozen 0.97 nbin 300 fat 0.994 | 62.3s
ex16|step1|0|0.5|dep|100|0.1|51|leak: static 0.683 sstatic 0.101 c1 0.000 c50 0.000 fac1 0.481 fac50 -0.001 lock 0.00 move 0.552 period None osc -0.036@19 pr 12.1 sens10 -3.06 sens50 -15.07 sat 0.000 dead 0.98 frozen 0.99 nbin 299 fat 0.999 | 58.2s
ex16|step1|0|0.9|none|0|0.0|50|leak: static 0.793 sstatic 0.715 c1 0.999 c50 0.790 fac1 0.993 fac50 -0.042 lock 0.00 move 0.0363 period None osc -0.042@50 pr 5.6 sens10 -0.45 sens50 -2.26 sat 0.289 dead 0.04 frozen 0.38 nbin 300 fat None | 29.1s
ex16|step1|0|0.5|dep|30|0.5|51|leak: static 0.683 sstatic 0.101 c1 0.000 c50 0.000 fac1 0.481 fac50 -0.001 lock 0.00 move 0.55 period None osc -0.036@19 pr 12.2 sens10 -3.06 sens50 -15.07 sat 0.000 dead 0.98 frozen 0.99 nbin 299 fat 0.999 | 64.3s
ex16|step1|0|0.9|sub|3|0.5|50|leak: static 0.913 sstatic 0.000 c1 0.000 c50 0.000 fac1 0.775 fac50 -0.042 lock 0.00 move 0.193 period None osc -0.047@49 pr 13.5 sens10 -0.89 sens50 -2.70 sat 0.000 dead 0.96 frozen 1.00 nbin 132 fat 0.508 | 31.5s
ex16|step1|0|0.5|dep|100|0.5|51|leak: static 0.683 sstatic 0.101 c1 0.000 c50 0.000 fac1 0.481 fac50 -0.001 lock 0.00 move 0.55 period None osc -0.036@19 pr 12.4 sens10 -3.06 sens50 -15.07 sat 0.000 dead 0.98 frozen 0.99 nbin 299 fat 0.998 | 58.4s
ex16|step1|0|0.9|sub|3|1.0|50|leak: static 0.000 sstatic 0.000 c1 0.000 c50 0.000 fac1 0.568 fac50 -0.015 lock 0.00 move 0.897 period None osc -0.117@8 pr 14.9 sens10 -1.06 sens50 -2.64 sat 0.000 dead 0.96 frozen 1.00 nbin 1 fat 1.015 | 31.3s
ex16|step1|0|0.5|dep|300|0.1|51|leak: static 0.683 sstatic 0.101 c1 0.000 c50 0.000 fac1 0.481 fac50 -0.001 lock 0.00 move 0.55 period None osc -0.036@19 pr 12.3 sens10 -3.06 sens50 -15.07 sat 0.000 dead 0.98 frozen 0.99 nbin 299 fat 0.994 | 58.3s
ex16|step1|0|0.5|dep|300|0.1|50|leak: static 0.135 sstatic 0.000 c1 0.000 c50 0.000 fac1 0.583 fac50 -0.021 lock 0.00 move 0.576 period None osc -0.034@10 pr 9.6 sens10 -3.02 sens50 -15.06 sat 0.001 dead 0.82 frozen 0.97 nbin 300 fat 0.987 | 61.9s
ex16|step1|0|0.9|sub|10|0.5|50|leak: static 0.848 sstatic 0.000 c1 0.000 c50 0.000 fac1 0.833 fac50 -0.025 lock 0.00 move 0.209 period None osc -0.065@21 pr 10.0 sens10 -0.78 sens50 -2.12 sat 0.000 dead 0.94 frozen 0.99 nbin 199 fat 0.509 | 31.4s
ex16|step1|0|0.9|sub|10|1.0|50|leak: static 0.002 sstatic 0.000 c1 0.000 c50 0.000 fac1 0.794 fac50 -0.020 lock 0.00 move 0.623 period None osc -0.154@18 pr 13.7 sens10 -2.28 sens50 -1.64 sat 0.000 dead 0.96 frozen 1.00 nbin 1 fat 1.017 | 31.4s
ex16|step1|0|0.9|none|0|0.0|51|leak: static 0.773 sstatic 0.688 c1 0.999 c50 0.759 fac1 0.993 fac50 -0.045 lock 0.00 move 0.0381 period None osc -0.045@50 pr 5.7 sens10 1.75 sens50 3.45 sat 0.270 dead 0.03 frozen 0.36 nbin 300 fat None | 53.3s
ex16|step1|0|0.5|dep|300|0.5|51|leak: static 0.683 sstatic 0.101 c1 0.000 c50 0.000 fac1 0.481 fac50 -0.001 lock 0.00 move 0.55 period None osc -0.036@19 pr 12.0 sens10 -3.06 sens50 -15.07 sat 0.000 dead 0.98 frozen 0.99 nbin 299 fat 0.992 | 63.9s
ex16|step1|0|0.9|sub|30|0.5|50|leak: static 0.809 sstatic 0.000 c1 0.000 c50 0.000 fac1 0.867 fac50 -0.059 lock 0.00 move 0.21 period None osc -0.077@29 pr 1.5 sens10 -0.60 sens50 -1.47 sat 0.000 dead 0.94 frozen 0.99 nbin 222 fat 0.503 | 31.4s
ex16|step1|0|0.9|sub|30|0.5|51|leak: static 0.823 sstatic 0.000 c1 0.000 c50 0.000 fac1 0.857 fac50 -0.065 lock 0.00 move 0.206 period None osc -0.099@36 pr 1.1 sens10 -0.61 sens50 -1.47 sat 0.000 dead 0.99 frozen 1.00 nbin 32 fat 0.504 | 31.5s
ex16|step1|0|0.9|sub|3|0.5|51|leak: static 0.909 sstatic 0.000 c1 0.000 c50 0.000 fac1 0.766 fac50 -0.041 lock 0.00 move 0.189 period None osc -0.050@36 pr 13.3 sens10 -0.90 sens50 -2.72 sat 0.000 dead 0.99 frozen 1.00 nbin 12 fat 0.505 | 57.6s
ex16|step1|0|0.9|sub|30|1.0|51|leak: static 0.006 sstatic 0.000 c1 0.000 c50 0.000 fac1 0.847 fac50 -0.060 lock 0.00 move 0.52 period None osc -0.120@30 pr 1.1 sens10 -0.77 sens50 -1.15 sat 0.000 dead 0.99 frozen 1.00 nbin 1 fat 1.007 | 31.8s
ex16|step1|0|0.9|sub|100|0.5|50|leak: static 0.171 sstatic 0.252 c1 0.996 c50 0.017 fac1 0.992 fac50 -0.152 lock 0.02 move 0.0831 period None osc -0.152@50 pr 6.5 sens10 -0.50 sens50 3.59 sat 0.160 dead 0.00 frozen 0.06 nbin 300 fat 0.340 | 31.5s
ex16|step1|0|0.9|sub|100|0.5|51|leak: static 0.166 sstatic 0.244 c1 0.996 c50 0.034 fac1 0.992 fac50 -0.134 lock 0.01 move 0.0815 period None osc -0.134@50 pr 6.4 sens10 2.56 sens50 3.81 sat 0.153 dead 0.00 frozen 0.06 nbin 300 fat 0.352 | 32.0s
ex16|step1|0|0.9|sub|3|1.0|51|leak: static 0.000 sstatic 0.000 c1 0.000 c50 0.000 fac1 0.550 fac50 -0.000 lock 0.00 move 0.915 period None osc -0.110@9 pr 14.7 sens10 -1.08 sens50 -2.80 sat 0.000 dead 0.99 frozen 1.00 nbin 1 fat 1.010 | 57.2s
ex16|step1|0|0.9|sub|100|1.0|50|leak: static 0.039 sstatic 0.075 c1 0.994 c50 -0.064 fac1 0.991 fac50 -0.124 lock 0.03 move 0.105 period None osc -0.124@50 pr 6.1 sens10 -0.52 sens50 -1.28 sat 0.047 dead 0.00 frozen 0.17 nbin 300 fat 0.652 | 31.7s
ex16|step1|0|0.9|sub|10|0.5|51|leak: static 0.859 sstatic 0.000 c1 0.000 c50 0.000 fac1 0.821 fac50 -0.029 lock 0.00 move 0.207 period None osc -0.086@19 pr 13.2 sens10 -0.79 sens50 -2.12 sat 0.000 dead 0.99 frozen 1.00 nbin 22 fat 0.505 | 57.7s
ex16|step1|0|0.9|sub|300|0.5|50|leak: static 0.219 sstatic 0.306 c1 0.997 c50 0.163 fac1 0.993 fac50 -0.064 lock 0.04 move 0.0727 period None osc -0.064@50 pr 6.1 sens10 -0.47 sens50 -2.07 sat 0.191 dead 0.00 frozen 0.06 nbin 300 fat 0.322 | 32.0s
ex16|step1|0|0.9|sub|10|1.0|51|leak: static 0.002 sstatic 0.000 c1 0.000 c50 0.000 fac1 0.783 fac50 -0.005 lock 0.00 move 0.63 period None osc -0.178@18 pr 13.6 sens10 -2.40 sens50 -1.69 sat 0.000 dead 0.99 frozen 1.00 nbin 1 fat 1.010 | 56.9s
ex16|step1|0|0.9|sub|300|0.5|51|leak: static 0.196 sstatic 0.289 c1 0.997 c50 0.141 fac1 0.993 fac50 -0.066 lock 0.03 move 0.0736 period None osc -0.066@50 pr 6.0 sens10 -0.47 sens50 -2.07 sat 0.176 dead 0.00 frozen 0.06 nbin 300 fat 0.318 | 31.9s
ex16|step1|0|0.9|sub|30|1.0|50|leak: static 0.007 sstatic 0.000 c1 0.000 c50 0.000 fac1 0.857 fac50 -0.065 lock 0.00 move 0.516 period None osc -0.114@29 pr 1.5 sens10 -0.79 sens50 -1.12 sat 0.000 dead 0.96 frozen 1.00 nbin 2 fat 1.007 | 56.5s
ex16|step1|0|0.9|div|3|0.5|50|leak: static 0.935 sstatic 0.000 c1 0.000 c50 0.000 fac1 0.867 fac50 -0.057 lock 0.00 move 0.124 period None osc -0.060@48 pr 11.8 sens10 -0.47 sens50 -2.30 sat 0.000 dead 0.96 frozen 0.99 nbin 299 fat 0.007 | 31.9s
ex16|step1|0|0.9|div|3|0.5|51|leak: static 0.931 sstatic 0.000 c1 0.000 c50 0.000 fac1 0.859 fac50 -0.056 lock 0.00 move 0.125 period None osc -0.072@41 pr 11.7 sens10 -0.48 sens50 -2.29 sat 0.000 dead 0.99 frozen 1.00 nbin 102 fat 0.002 | 32.2s
ex16|step1|0|0.9|div|3|2.0|51|leak: static 0.908 sstatic 0.000 c1 0.000 c50 0.000 fac1 0.833 fac50 -0.048 lock 0.00 move 0.154 period None osc -0.082@41 pr 10.6 sens10 -0.48 sens50 -2.29 sat 0.000 dead 0.99 frozen 1.00 nbin 1 fat 0.007 | 32.2s
ex16|step1|0|0.9|sub|100|1.0|51|leak: static 0.032 sstatic 0.113 c1 0.994 c50 -0.143 fac1 0.991 fac50 -0.155 lock 0.01 move 0.103 period None osc -0.155@50 pr 6.5 sens10 -0.56 sens50 -1.27 sat 0.073 dead 0.00 frozen 0.14 nbin 300 fat 0.577 | 56.9s
ex16|step1|0|0.9|div|10|0.5|50|leak: static 0.928 sstatic 0.000 c1 0.000 c50 0.000 fac1 0.874 fac50 -0.036 lock 0.00 move 0.128 period None osc -0.045@47 pr 9.1 sens10 -0.47 sens50 -2.30 sat 0.000 dead 0.94 frozen 0.99 nbin 299 fat 0.008 | 31.9s
ex16|step1|0|0.9|sub|300|1.0|50|leak: static 0.077 sstatic 0.230 c1 0.997 c50 0.015 fac1 0.992 fac50 -0.063 lock 0.04 move 0.081 period None osc -0.063@50 pr 6.1 sens10 -0.48 sens50 -1.66 sat 0.166 dead 0.00 frozen 0.05 nbin 300 fat 0.576 | 46.0s
ex16|step1|0|0.9|div|10|2.0|51|leak: static 0.893 sstatic 0.000 c1 0.000 c50 0.000 fac1 0.848 fac50 -0.042 lock 0.00 move 0.16 period None osc -0.079@36 pr 11.3 sens10 -0.48 sens50 -2.29 sat 0.000 dead 0.99 frozen 1.00 nbin 1 fat 0.007 | 31.8s
ex16|step1|0|0.9|div|30|0.5|51|leak: static 0.921 sstatic 0.000 c1 0.000 c50 0.000 fac1 0.870 fac50 -0.061 lock 0.00 move 0.127 period None osc -0.078@36 pr 11.9 sens10 -0.48 sens50 -2.29 sat 0.000 dead 0.99 frozen 1.00 nbin 133 fat 0.002 | 31.9s
ex16|step1|0|0.9|sub|300|1.0|51|leak: static 0.080 sstatic 0.229 c1 0.997 c50 0.008 fac1 0.993 fac50 -0.081 lock 0.03 move 0.0812 period None osc -0.081@50 pr 6.2 sens10 2.15 sens50 3.77 sat 0.161 dead 0.00 frozen 0.04 nbin 300 fat 0.550 | 57.6s
ex16|step1|0|0.9|div|30|2.0|51|leak: static 0.883 sstatic 0.000 c1 0.000 c50 0.000 fac1 0.863 fac50 -0.057 lock 0.00 move 0.158 period None osc -0.092@36 pr 11.4 sens10 -0.48 sens50 -2.28 sat 0.000 dead 0.99 frozen 1.00 nbin 1 fat 0.007 | 31.7s
ex16|step1|0|0.9|div|3|2.0|50|leak: static 0.923 sstatic 0.000 c1 0.000 c50 0.000 fac1 0.843 fac50 -0.059 lock 0.00 move 0.148 period None osc -0.061@49 pr 11.0 sens10 -0.48 sens50 -2.30 sat 0.000 dead 0.96 frozen 1.00 nbin 1 fat 0.030 | 57.1s
ex16|step1|0|0.9|div|100|0.5|51|leak: static 0.919 sstatic 0.000 c1 0.000 c50 0.000 fac1 0.875 fac50 -0.063 lock 0.00 move 0.127 period None osc -0.074@41 pr 11.7 sens10 -0.48 sens50 -2.29 sat 0.000 dead 0.99 frozen 1.00 nbin 136 fat 0.002 | 32.0s
ex16|step1|0|0.9|div|100|2.0|50|leak: static 0.890 sstatic 0.000 c1 0.000 c50 0.000 fac1 0.881 fac50 -0.067 lock 0.00 move 0.153 period None osc -0.071@48 pr 11.4 sens10 -0.48 sens50 -2.28 sat 0.000 dead 0.96 frozen 1.00 nbin 2 fat 0.030 | 32.1s
ex16|step1|0|0.9|div|10|0.5|51|leak: static 0.925 sstatic 0.000 c1 0.000 c50 0.000 fac1 0.864 fac50 -0.054 lock 0.00 move 0.127 period None osc -0.071@36 pr 11.9 sens10 -0.48 sens50 -2.29 sat 0.000 dead 0.99 frozen 1.00 nbin 117 fat 0.002 | 56.0s
ex16|step1|0|0.9|div|100|2.0|51|leak: static 0.877 sstatic 0.000 c1 0.000 c50 0.000 fac1 0.871 fac50 -0.062 lock 0.00 move 0.157 period None osc -0.086@40 pr 11.3 sens10 -0.48 sens50 -2.28 sat 0.000 dead 0.99 frozen 1.00 nbin 1 fat 0.007 | 32.4s
ex16|step1|0|0.9|div|10|2.0|50|leak: static 0.907 sstatic 0.000 c1 0.000 c50 0.000 fac1 0.856 fac50 -0.050 lock 0.00 move 0.153 period None osc -0.057@28 pr 11.6 sens10 -0.48 sens50 -2.30 sat 0.000 dead 0.96 frozen 1.00 nbin 1 fat 0.030 | 58.2s
ex16|step1|0|0.9|div|300|2.0|50|leak: static 0.894 sstatic 0.000 c1 0.000 c50 0.000 fac1 0.884 fac50 -0.063 lock 0.00 move 0.15 period None osc -0.067@48 pr 11.3 sens10 -0.50 sens50 -2.31 sat 0.000 dead 0.96 frozen 1.00 nbin 2 fat 0.051 | 32.1s
ex16|step1|0|0.9|div|300|0.5|51|leak: static 0.922 sstatic 0.000 c1 0.000 c50 0.000 fac1 0.876 fac50 -0.056 lock 0.00 move 0.125 period None osc -0.063@36 pr 1.1 sens10 -0.50 sens50 -2.31 sat 0.000 dead 0.99 frozen 1.00 nbin 123 fat 0.042 | 33.8s
ex16|step1|0|0.9|div|30|0.5|50|leak: static 0.923 sstatic 0.000 c1 0.000 c50 0.000 fac1 0.881 fac50 -0.042 lock 0.00 move 0.128 period None osc -0.053@47 pr 9.0 sens10 -0.48 sens50 -2.29 sat 0.000 dead 0.94 frozen 0.99 nbin 299 fat 0.008 | 58.3s
ex16|step1|0|0.9|div|300|2.0|51|leak: static 0.881 sstatic 0.000 c1 0.000 c50 0.000 fac1 0.873 fac50 -0.059 lock 0.00 move 0.154 period None osc -0.078@40 pr 11.2 sens10 -0.49 sens50 -2.29 sat 0.000 dead 0.99 frozen 1.00 nbin 2 fat 0.026 | 32.3s
ex16|step1|0|0.9|div|30|2.0|50|leak: static 0.896 sstatic 0.000 c1 0.000 c50 0.000 fac1 0.873 fac50 -0.065 lock 0.00 move 0.152 period None osc -0.072@41 pr 11.5 sens10 -0.48 sens50 -2.25 sat 0.000 dead 0.96 frozen 1.00 nbin 2 fat 0.030 | 58.4s
ex16|step1|0|0.9|div|100|0.5|50|leak: static 0.921 sstatic 0.000 c1 0.000 c50 0.000 fac1 0.885 fac50 -0.045 lock 0.00 move 0.128 period None osc -0.055@47 pr 8.9 sens10 -0.48 sens50 -2.29 sat 0.000 dead 0.94 frozen 0.99 nbin 299 fat 0.008 | 57.8s
ex16|step1|0|0.9|dep|3|0.1|50|leak: static 0.678 sstatic 0.569 c1 0.999 c50 0.675 fac1 0.993 fac50 -0.019 lock 0.00 move 0.0462 period None osc -0.019@50 pr 5.5 sens10 2.41 sens50 3.68 sat 0.194 dead 0.04 frozen 0.30 nbin 300 fat 0.956 | 34.9s
ex16|step1|0|0.9|dep|3|0.5|50|leak: static 0.576 sstatic 0.000 c1 0.000 c50 0.000 fac1 0.974 fac50 -0.071 lock 0.00 move 0.112 period None osc -0.071@50 pr 4.1 sens10 -0.46 sens50 -2.29 sat 0.000 dead 0.85 frozen 0.99 nbin 298 fat 1.000 | 34.8s
ex16|step1|0|0.9|div|300|0.5|50|leak: static 0.924 sstatic 0.000 c1 0.000 c50 0.000 fac1 0.887 fac50 -0.045 lock 0.00 move 0.125 period None osc -0.053@48 pr 1.4 sens10 -0.50 sens50 -2.32 sat 0.000 dead 0.94 frozen 0.99 nbin 298 fat 0.059 | 56.7s
ex16|step1|0|0.9|dep|10|0.1|50|leak: static 0.619 sstatic 0.000 c1 0.000 c50 0.000 fac1 0.973 fac50 -0.006 lock 0.00 move 0.113 period None osc -0.010@36 pr 3.9 sens10 -0.46 sens50 -2.28 sat 0.000 dead 0.85 frozen 0.99 nbin 299 fat 1.000 | 34.6s
ex16|step1|0|0.9|dep|10|0.1|51|leak: static 0.939 sstatic 0.037 c1 0.000 c50 0.000 fac1 0.890 fac50 -0.061 lock 0.00 move 0.111 period None osc -0.063@36 pr 8.0 sens10 -0.47 sens50 -2.29 sat 0.000 dead 0.98 frozen 1.00 nbin 181 fat 1.000 | 34.7s
ex16|step1|0|0.9|dep|10|0.5|51|leak: static 0.939 sstatic 0.037 c1 0.000 c50 0.000 fac1 0.890 fac50 -0.061 lock 0.00 move 0.111 period None osc -0.063@36 pr 8.0 sens10 -0.47 sens50 -2.29 sat 0.000 dead 0.98 frozen 1.00 nbin 181 fat 1.000 | 34.9s
ex16|step1|0|0.9|dep|30|0.1|51|leak: static 0.939 sstatic 0.037 c1 0.000 c50 0.000 fac1 0.890 fac50 -0.061 lock 0.00 move 0.111 period None osc -0.063@36 pr 8.0 sens10 -0.47 sens50 -2.29 sat 0.000 dead 0.98 frozen 1.00 nbin 181 fat 1.000 | 35.0s
ex16|step1|0|0.9|dep|30|0.5|50|leak: static 0.520 sstatic 0.000 c1 0.000 c50 0.000 fac1 0.945 fac50 -0.071 lock 0.00 move 0.114 period None osc -0.074@47 pr 4.4 sens10 -0.47 sens50 -2.29 sat 0.000 dead 0.85 frozen 0.99 nbin 298 fat 0.999 | 34.7s
ex16|step1|0|0.9|dep|100|0.1|50|leak: static 0.402 sstatic 0.000 c1 0.000 c50 0.000 fac1 0.968 fac50 -0.085 lock 0.00 move 0.115 period None osc -0.089@48 pr 4.4 sens10 -0.47 sens50 -2.29 sat 0.000 dead 0.85 frozen 0.99 nbin 299 fat 0.999 | 34.4s
ex16|step1|0|0.9|dep|3|0.1|51|leak: static 0.939 sstatic 0.037 c1 0.000 c50 0.000 fac1 0.890 fac50 -0.061 lock 0.00 move 0.111 period None osc -0.063@36 pr 8.0 sens10 -0.47 sens50 -2.29 sat 0.000 dead 0.98 frozen 1.00 nbin 181 fat 1.000 | 64.7s
ex16|step1|0|0.9|dep|100|0.5|51|leak: static 0.939 sstatic 0.037 c1 0.000 c50 0.000 fac1 0.890 fac50 -0.061 lock 0.00 move 0.111 period None osc -0.063@36 pr 8.0 sens10 -0.47 sens50 -2.29 sat 0.000 dead 0.98 frozen 1.00 nbin 181 fat 1.000 | 35.5s
ex16|step1|0|0.9|dep|3|0.5|51|leak: static 0.939 sstatic 0.037 c1 0.000 c50 0.000 fac1 0.890 fac50 -0.061 lock 0.00 move 0.111 period None osc -0.063@36 pr 8.0 sens10 -0.47 sens50 -2.29 sat 0.000 dead 0.98 frozen 1.00 nbin 181 fat 1.000 | 65.1s
ex16|step1|0|0.9|dep|300|0.1|50|leak: static 0.267 sstatic 0.000 c1 0.000 c50 0.000 fac1 0.968 fac50 -0.073 lock 0.00 move 0.115 period None osc -0.074@49 pr 4.4 sens10 -0.47 sens50 -2.29 sat 0.000 dead 0.85 frozen 0.99 nbin 298 fat 0.996 | 35.0s
ex16|step1|0|0.9|dep|10|0.5|50|leak: static 0.652 sstatic 0.000 c1 0.000 c50 0.000 fac1 0.963 fac50 -0.070 lock 0.00 move 0.114 period None osc -0.072@49 pr 4.3 sens10 -0.47 sens50 -2.29 sat 0.000 dead 0.85 frozen 0.99 nbin 299 fat 0.999 | 60.9s
ex16|step1|0|0.9|dep|30|0.1|50|leak: static 0.589 sstatic 0.000 c1 0.000 c50 0.000 fac1 0.970 fac50 -0.040 lock 0.00 move 0.115 period None osc -0.052@48 pr 4.2 sens10 -0.47 sens50 -2.29 sat 0.000 dead 0.85 frozen 0.99 nbin 299 fat 0.999 | 63.5s
ex16|step1|0|0.9|dep|300|0.5|50|leak: static 0.196 sstatic 0.000 c1 0.000 c50 0.000 fac1 0.930 fac50 -0.071 lock 0.00 move 0.114 period None osc -0.071@50 pr 4.4 sens10 -0.47 sens50 -2.29 sat 0.000 dead 0.85 frozen 0.99 nbin 297 fat 0.992 | 35.4s
ex16|step1|0|0.9|dep|300|0.5|51|leak: static 0.939 sstatic 0.037 c1 0.000 c50 0.000 fac1 0.890 fac50 -0.061 lock 0.00 move 0.111 period None osc -0.063@36 pr 8.0 sens10 -0.47 sens50 -2.29 sat 0.000 dead 0.98 frozen 1.00 nbin 181 fat 0.995 | 35.7s
ex16|tri0.3|0|0.5|none|0|0.0|50|leak: static 0.963 sstatic 0.959 c1 0.998 c50 0.961 fac1 0.952 fac50 -0.064 lock 0.00 move 0.0605 period None osc -0.076@46 pr 9.4 sens10 2.85 sens50 3.41 sat None dead 0.04 frozen 0.64 nbin 300 fat None | 34.8s
ex16|step1|0|0.9|dep|30|0.5|51|leak: static 0.939 sstatic 0.037 c1 0.000 c50 0.000 fac1 0.890 fac50 -0.061 lock 0.00 move 0.111 period None osc -0.063@36 pr 8.0 sens10 -0.47 sens50 -2.29 sat 0.000 dead 0.98 frozen 1.00 nbin 181 fat 1.000 | 64.6s
ex16|tri0.3|0|0.5|none|0|0.0|51|leak: static 0.958 sstatic 0.955 c1 0.998 c50 0.958 fac1 0.959 fac50 -0.022 lock 0.00 move 0.0574 period None osc -0.045@28 pr 9.0 sens10 2.64 sens50 3.41 sat None dead 0.03 frozen 0.64 nbin 300 fat None | 34.6s
ex16|tri0.3|0|0.5|sub|3|0.5|50|leak: static 0.806 sstatic 0.853 c1 0.961 c50 0.807 fac1 0.801 fac50 -0.010 lock 0.00 move 0.273 period None osc -0.327@6 pr 14.5 sens10 3.28 sens50 3.79 sat None dead 0.04 frozen 0.26 nbin 300 fat 0.487 | 37.3s
ex16|step1|0|0.9|dep|100|0.1|51|leak: static 0.939 sstatic 0.037 c1 0.000 c50 0.000 fac1 0.890 fac50 -0.061 lock 0.00 move 0.111 period None osc -0.063@36 pr 8.0 sens10 -0.47 sens50 -2.29 sat 0.000 dead 0.98 frozen 1.00 nbin 181 fat 1.000 | 64.7s
ex16|step1|0|0.9|dep|100|0.5|50|leak: static 0.324 sstatic 0.000 c1 0.000 c50 0.000 fac1 0.932 fac50 -0.071 lock 0.00 move 0.114 period None osc -0.075@47 pr 4.5 sens10 -0.47 sens50 -2.29 sat 0.000 dead 0.85 frozen 0.99 nbin 298 fat 0.998 | 64.0s
ex16|tri0.3|0|0.5|sub|3|0.5|51|leak: static 0.809 sstatic 0.853 c1 0.963 c50 0.808 fac1 0.805 fac50 -0.005 lock 0.00 move 0.27 period None osc -0.335@6 pr 14.4 sens10 3.23 sens50 3.76 sat None dead 0.03 frozen 0.27 nbin 300 fat 0.489 | 37.4s
ex16|step1|0|0.9|dep|300|0.1|51|leak: static 0.939 sstatic 0.037 c1 0.000 c50 0.000 fac1 0.890 fac50 -0.061 lock 0.00 move 0.111 period None osc -0.063@36 pr 8.0 sens10 -0.47 sens50 -2.29 sat 0.000 dead 0.98 frozen 1.00 nbin 181 fat 0.997 | 61.3s
ex16|tri0.3|0|0.5|sub|3|1.0|51|leak: static 0.000 sstatic 0.465 c1 0.723 c50 0.011 fac1 0.728 fac50 0.009 lock 0.00 move 0.735 period None osc -0.591@5 pr 15.1 sens10 3.36 sens50 4.05 sat None dead 0.03 frozen 0.03 nbin 300 fat 0.877 | 37.1s
ex16|tri0.3|0|0.5|sub|10|0.5|51|leak: static 0.437 sstatic 0.660 c1 0.947 c50 0.433 fac1 0.905 fac50 -0.007 lock 0.00 move 0.322 period None osc -0.367@10 pr 13.7 sens10 3.17 sens50 3.89 sat None dead 0.03 frozen 0.05 nbin 300 fat 0.438 | 36.7s
ex16|tri0.3|0|0.5|sub|30|0.5|50|leak: static 0.351 sstatic 0.621 c1 0.958 c50 0.356 fac1 0.935 fac50 0.021 lock 0.00 move 0.284 period None osc -0.219@15 pr 13.2 sens10 3.26 sens50 3.98 sat None dead 0.03 frozen 0.04 nbin 300 fat 0.416 | 36.5s
ex16|tri0.3|0|0.5|sub|30|0.5|51|leak: static 0.344 sstatic 0.617 c1 0.960 c50 0.351 fac1 0.938 fac50 0.011 lock 0.00 move 0.276 period None osc -0.199@17 pr 12.9 sens10 3.21 sens50 3.97 sat None dead 0.03 frozen 0.04 nbin 300 fat 0.418 | 36.7s
ex16|tri0.3|0|0.5|sub|30|1.0|50|leak: static 0.001 sstatic 0.466 c1 0.937 c50 0.025 fac1 0.937 fac50 0.022 lock 0.00 move 0.35 period None osc -0.261@15 pr 12.8 sens10 3.18 sens50 3.97 sat None dead 0.03 frozen 0.04 nbin 300 fat 0.755 | 36.5s
ex16|tri0.3|0|0.5|sub|100|0.5|50|leak: static 0.320 sstatic 0.605 c1 0.966 c50 0.288 fac1 0.949 fac50 -0.038 lock 0.04 move 0.256 period None osc -0.110@25 pr 12.7 sens10 3.14 sens50 4.00 sat None dead 0.00 frozen 0.04 nbin 300 fat 0.403 | 36.4s
ex16|tri0.3|0|0.5|sub|100|0.5|51|leak: static 0.316 sstatic 0.605 c1 0.967 c50 0.276 fac1 0.950 fac50 -0.052 lock 0.02 move 0.253 period None osc -0.092@20 pr 13.0 sens10 3.17 sens50 4.04 sat None dead 0.00 frozen 0.03 nbin 300 fat 0.403 | 36.6s
ex16|tri0.3|0|0.5|sub|300|0.5|50|leak: static 0.342 sstatic 0.618 c1 0.971 c50 0.316 fac1 0.954 fac50 -0.034 lock 0.04 move 0.238 period None osc -0.084@36 pr 12.4 sens10 3.15 sens50 3.98 sat None dead 0.00 frozen 0.04 nbin 300 fat 0.394 | 36.5s
ex16|tri0.3|0|0.5|sub|3|1.0|50|leak: static 0.000 sstatic 0.466 c1 0.723 c50 -0.026 fac1 0.729 fac50 -0.025 lock 0.00 move 0.734 period None osc -0.592@5 pr 15.0 sens10 3.42 sens50 4.00 sat None dead 0.04 frozen 0.04 nbin 300 fat 0.879 | 67.5s
ex16|tri0.3|0|0.5|sub|10|0.5|50|leak: static 0.441 sstatic 0.663 c1 0.945 c50 0.435 fac1 0.903 fac50 -0.010 lock 0.00 move 0.325 period None osc -0.355@10 pr 13.7 sens10 3.27 sens50 3.92 sat None dead 0.04 frozen 0.05 nbin 300 fat 0.439 | 66.9s
ex16|tri0.3|0|0.5|sub|10|1.0|50|leak: static 0.000 sstatic 0.466 c1 0.896 c50 0.014 fac1 0.897 fac50 0.012 lock 0.00 move 0.446 period None osc -0.453@10 pr 13.4 sens10 3.33 sens50 4.03 sat None dead 0.04 frozen 0.04 nbin 300 fat 0.782 | 64.8s
ex16|tri0.3|0|0.5|sub|300|1.0|50|leak: static 0.040 sstatic 0.484 c1 0.957 c50 -0.010 fac1 0.954 fac50 -0.047 lock 0.04 move 0.289 period None osc -0.069@33 pr 12.5 sens10 3.08 sens50 4.10 sat None dead 0.00 frozen 0.04 nbin 300 fat 0.694 | 36.8s
ex16|tri0.3|0|0.5|sub|10|1.0|51|leak: static 0.000 sstatic 0.467 c1 0.898 c50 0.026 fac1 0.898 fac50 0.023 lock 0.00 move 0.444 period None osc -0.454@10 pr 13.1 sens10 3.25 sens50 4.02 sat None dead 0.03 frozen 0.03 nbin 300 fat 0.782 | 66.6s
ex16|tri0.3|0|0.5|sub|300|1.0|51|leak: static 0.032 sstatic 0.481 c1 0.961 c50 -0.052 fac1 0.958 fac50 -0.075 lock 0.03 move 0.273 period None osc -0.075@50 pr 11.4 sens10 3.06 sens50 4.02 sat None dead 0.00 frozen 0.03 nbin 300 fat 0.688 | 36.9s
ex16|tri0.3|0|0.5|sub|30|1.0|51|leak: static 0.001 sstatic 0.467 c1 0.940 c50 0.011 fac1 0.939 fac50 0.009 lock 0.00 move 0.34 period None osc -0.277@17 pr 12.3 sens10 3.14 sens50 4.00 sat None dead 0.03 frozen 0.03 nbin 300 fat 0.739 | 66.8s
ex16|tri0.3|0|0.5|div|3|0.5|50|leak: static 0.914 sstatic 0.925 c1 0.993 c50 0.915 fac1 0.912 fac50 -0.013 lock 0.00 move 0.129 period None osc -0.056@15 pr 9.3 sens10 3.04 sens50 3.60 sat None dead 0.04 frozen 0.53 nbin 300 fat 0.961 | 36.7s
ex16|tri0.3|0|0.5|div|3|0.5|51|leak: static 0.908 sstatic 0.922 c1 0.992 c50 0.901 fac1 0.914 fac50 -0.035 lock 0.00 move 0.126 period None osc -0.037@47 pr 9.6 sens10 2.97 sens50 3.60 sat None dead 0.03 frozen 0.52 nbin 300 fat 0.957 | 37.1s
ex16|tri0.3|0|0.5|div|3|2.0|50|leak: static 0.845 sstatic 0.895 c1 0.981 c50 0.839 fac1 0.877 fac50 -0.012 lock 0.00 move 0.204 period None osc -0.035@42 pr 9.7 sens10 3.24 sens50 3.73 sat None dead 0.04 frozen 0.63 nbin 300 fat 2.911 | 36.8s
ex16|tri0.3|0|0.5|sub|100|1.0|50|leak: static 0.005 sstatic 0.469 c1 0.953 c50 -0.067 fac1 0.952 fac50 -0.059 lock 0.03 move 0.301 period None osc -0.125@21 pr 12.6 sens10 3.20 sens50 3.98 sat None dead 0.00 frozen 0.04 nbin 300 fat 0.714 | 67.0s
ex16|tri0.3|0|0.5|sub|100|1.0|51|leak: static 0.005 sstatic 0.469 c1 0.955 c50 -0.050 fac1 0.953 fac50 -0.044 lock 0.01 move 0.294 period None osc -0.140@27 pr 12.3 sens10 3.17 sens50 4.01 sat None dead 0.00 frozen 0.03 nbin 300 fat 0.719 | 66.9s
ex16|tri0.3|0|0.5|div|3|2.0|51|leak: static 0.837 sstatic 0.892 c1 0.981 c50 0.832 fac1 0.882 fac50 -0.027 lock 0.00 move 0.196 period None osc -0.039@44 pr 9.7 sens10 3.12 sens50 3.75 sat None dead 0.03 frozen 0.64 nbin 300 fat 2.853 | 36.7s
ex16|tri0.3|0|0.5|div|10|0.5|50|leak: static 0.864 sstatic 0.905 c1 0.991 c50 0.869 fac1 0.929 fac50 0.023 lock 0.00 move 0.143 period None osc -0.132@15 pr 10.2 sens10 3.12 sens50 3.72 sat None dead 0.04 frozen 0.48 nbin 300 fat 0.969 | 36.7s
ex16|tri0.3|0|0.5|div|10|0.5|51|leak: static 0.865 sstatic 0.907 c1 0.990 c50 0.861 fac1 0.926 fac50 -0.023 lock 0.00 move 0.141 period None osc -0.115@14 pr 10.4 sens10 2.97 sens50 3.71 sat None dead 0.03 frozen 0.47 nbin 300 fat 0.958 | 36.6s
ex16|tri0.3|0|0.5|sub|300|0.5|51|leak: static 0.335 sstatic 0.612 c1 0.972 c50 0.320 fac1 0.955 fac50 -0.016 lock 0.03 move 0.235 period None osc -0.071@30 pr 12.1 sens10 3.05 sens50 4.01 sat None dead 0.00 frozen 0.04 nbin 300 fat 0.392 | 65.5s
ex16|tri0.3|0|0.5|div|30|0.5|51|leak: static 0.828 sstatic 0.894 c1 0.991 c50 0.828 fac1 0.944 fac50 -0.004 lock 0.00 move 0.138 period None osc -0.096@20 pr 10.4 sens10 2.88 sens50 3.75 sat None dead 0.03 frozen 0.44 nbin 300 fat 0.955 | 36.4s
ex16|tri0.3|0|0.5|div|30|2.0|51|leak: static 0.720 sstatic 0.857 c1 0.983 c50 0.717 fac1 0.937 fac50 -0.026 lock 0.00 move 0.185 period None osc -0.110@16 pr 10.3 sens10 3.12 sens50 3.87 sat None dead 0.03 frozen 0.43 nbin 300 fat 2.883 | 36.2s
ex16|tri0.3|0|0.5|div|100|0.5|51|leak: static 0.808 sstatic 0.884 c1 0.991 c50 0.789 fac1 0.951 fac50 -0.076 lock 0.00 move 0.135 period None osc -0.076@50 pr 10.0 sens10 2.90 sens50 3.75 sat None dead 0.03 frozen 0.42 nbin 300 fat 0.962 | 36.1s
ex16|tri0.3|0|0.5|div|100|2.0|50|leak: static 0.708 sstatic 0.853 c1 0.985 c50 0.694 fac1 0.946 fac50 -0.051 lock 0.00 move 0.181 period None osc -0.096@38 pr 10.1 sens10 3.24 sens50 3.91 sat None dead 0.04 frozen 0.41 nbin 300 fat 2.917 | 36.3s
ex16|tri0.3|0|0.5|div|100|2.0|51|leak: static 0.701 sstatic 0.848 c1 0.985 c50 0.699 fac1 0.947 fac50 -0.016 lock 0.00 move 0.174 period None osc -0.049@16 pr 10.0 sens10 3.01 sens50 3.90 sat None dead 0.03 frozen 0.43 nbin 300 fat 2.890 | 36.3s
ex16|tri0.3|0|0.5|div|300|2.0|50|leak: static 0.702 sstatic 0.855 c1 0.986 c50 0.676 fac1 0.951 fac50 -0.085 lock 0.00 move 0.175 period None osc -0.085@50 pr 9.6 sens10 3.25 sens50 3.84 sat None dead 0.04 frozen 0.41 nbin 300 fat 2.892 | 36.2s
ex16|tri0.3|0|0.5|div|10|2.0|50|leak: static 0.773 sstatic 0.874 c1 0.981 c50 0.779 fac1 0.915 fac50 0.011 lock 0.00 move 0.205 period None osc -0.153@13 pr 10.4 sens10 3.20 sens50 3.81 sat None dead 0.04 frozen 0.44 nbin 300 fat 2.917 | 65.9s
ex16|tri0.3|0|0.5|div|300|2.0|51|leak: static 0.690 sstatic 0.847 c1 0.986 c50 0.676 fac1 0.953 fac50 -0.050 lock 0.00 move 0.167 period None osc -0.050@50 pr 9.6 sens10 3.07 sens50 3.86 sat None dead 0.03 frozen 0.42 nbin 300 fat 2.864 | 36.3s
ex16|tri0.3|0|0.5|div|30|0.5|50|leak: static 0.832 sstatic 0.893 c1 0.991 c50 0.825 fac1 0.946 fac50 -0.057 lock 0.00 move 0.137 period None osc -0.097@40 pr 10.1 sens10 3.03 sens50 3.75 sat None dead 0.04 frozen 0.44 nbin 300 fat 0.975 | 64.0s
ex16|tri0.3|0|0.5|div|10|2.0|51|leak: static 0.761 sstatic 0.868 c1 0.981 c50 0.753 fac1 0.917 fac50 -0.015 lock 0.00 move 0.199 period None osc -0.147@12 pr 10.3 sens10 3.07 sens50 3.84 sat None dead 0.03 frozen 0.45 nbin 300 fat 2.868 | 66.9s
ex16|tri0.3|0|0.5|dep|3|0.1|50|leak: static 0.962 sstatic 0.958 c1 0.997 c50 0.961 fac1 0.932 fac50 -0.017 lock 0.00 move 0.0764 period None osc -0.075@18 pr 10.0 sens10 2.95 sens50 3.45 sat None dead 0.04 frozen 0.63 nbin 300 fat 0.896 | 39.8s
ex16|tri0.3|0|0.5|div|30|2.0|50|leak: static 0.720 sstatic 0.858 c1 0.983 c50 0.701 fac1 0.939 fac50 -0.050 lock 0.00 move 0.19 period None osc -0.087@17 pr 10.2 sens10 3.22 sens50 3.85 sat None dead 0.04 frozen 0.41 nbin 300 fat 2.918 | 66.1s
ex16|tri0.3|0|0.5|div|100|0.5|50|leak: static 0.815 sstatic 0.886 c1 0.992 c50 0.806 fac1 0.951 fac50 -0.060 lock 0.00 move 0.136 period None osc -0.068@33 pr 9.8 sens10 3.08 sens50 3.70 sat None dead 0.04 frozen 0.43 nbin 300 fat 0.972 | 66.4s
ex16|tri0.3|0|0.5|dep|3|0.5|50|leak: static 0.944 sstatic 0.943 c1 0.994 c50 0.944 fac1 0.880 fac50 -0.002 lock 0.00 move 0.127 period None osc -0.043@19 pr 11.7 sens10 3.21 sens50 3.51 sat None dead 0.04 frozen 0.59 nbin 300 fat 0.729 | 40.5s
ex16|tri0.3|0|0.5|dep|3|0.5|51|leak: static 0.939 sstatic 0.938 c1 0.994 c50 0.939 fac1 0.893 fac50 -0.021 lock 0.00 move 0.115 period None osc -0.028@17 pr 11.1 sens10 3.26 sens50 3.54 sat None dead 0.03 frozen 0.59 nbin 300 fat 0.730 | 40.5s
ex16|tri0.3|0|0.5|div|300|0.5|50|leak: static 0.809 sstatic 0.882 c1 0.992 c50 0.793 fac1 0.956 fac50 -0.070 lock 0.00 move 0.131 period None osc -0.076@47 pr 9.5 sens10 3.04 sens50 3.74 sat None dead 0.04 frozen 0.43 nbin 300 fat 0.959 | 67.0s
ex16|tri0.3|0|0.5|div|300|0.5|51|leak: static 0.804 sstatic 0.883 c1 0.992 c50 0.792 fac1 0.954 fac50 -0.041 lock 0.00 move 0.132 period None osc -0.047@28 pr 9.7 sens10 2.98 sens50 3.75 sat None dead 0.03 frozen 0.43 nbin 300 fat 0.947 | 67.5s
ex16|tri0.3|0|0.5|dep|10|0.1|50|leak: static 0.905 sstatic 0.915 c1 0.990 c50 0.910 fac1 0.892 fac50 0.037 lock 0.00 move 0.148 period None osc -0.192@10 pr 12.9 sens10 3.18 sens50 3.61 sat None dead 0.04 frozen 0.45 nbin 300 fat 0.768 | 40.5s
ex16|tri0.3|0|0.5|dep|10|0.1|51|leak: static 0.899 sstatic 0.910 c1 0.990 c50 0.898 fac1 0.897 fac50 -0.009 lock 0.00 move 0.143 period None osc -0.180@10 pr 12.5 sens10 3.16 sens50 3.60 sat None dead 0.03 frozen 0.46 nbin 300 fat 0.765 | 40.7s
ex16|tri0.3|0|0.5|dep|10|0.5|50|leak: static 0.825 sstatic 0.861 c1 0.961 c50 0.826 fac1 0.777 fac50 0.001 lock 0.00 move 0.301 period None osc -0.166@7 pr 15.5 sens10 3.54 sens50 3.75 sat None dead 0.04 frozen 0.53 nbin 300 fat 0.567 | 40.7s
ex16|tri0.3|0|0.5|dep|10|0.5|51|leak: static 0.835 sstatic 0.864 c1 0.964 c50 0.837 fac1 0.780 fac50 0.004 lock 0.00 move 0.276 period None osc -0.178@7 pr 15.1 sens10 3.54 sens50 3.78 sat None dead 0.03 frozen 0.56 nbin 300 fat 0.566 | 40.5s
ex16|tri0.3|0|0.5|dep|3|0.1|51|leak: static 0.955 sstatic 0.952 c1 0.998 c50 0.953 fac1 0.941 fac50 -0.030 lock 0.00 move 0.0708 period None osc -0.072@39 pr 9.7 sens10 2.71 sens50 3.46 sat None dead 0.03 frozen 0.62 nbin 300 fat 0.895 | 71.1s
ex16|tri0.3|0|0.5|dep|30|0.1|51|leak: static 0.721 sstatic 0.801 c1 0.971 c50 0.729 fac1 0.894 fac50 0.014 lock 0.00 move 0.241 period None osc -0.177@12 pr 14.4 sens10 3.37 sens50 3.89 sat None dead 0.03 frozen 0.27 nbin 300 fat 0.591 | 40.6s
ex16|tri0.3|0|0.5|dep|100|0.1|50|leak: static 0.557 sstatic 0.718 c1 0.950 c50 0.559 fac1 0.890 fac50 -0.009 lock 0.00 move 0.341 period None osc -0.123@12 pr 15.7 sens10 3.64 sens50 3.95 sat None dead 0.04 frozen 0.40 nbin 300 fat 0.383 | 40.4s
ex16|tri0.3|0|0.5|dep|100|0.5|51|leak: static 0.493 sstatic 0.689 c1 0.909 c50 0.510 fac1 0.816 fac50 0.001 lock 0.00 move 0.468 period None osc -0.127@9 pr 16.0 sens10 3.79 sens50 3.93 sat None dead 0.03 frozen 0.99 nbin 300 fat 0.208 | 41.0s
ex16|tri0.3|0|0.5|dep|300|0.1|50|leak: static 0.466 sstatic 0.681 c1 0.941 c50 0.464 fac1 0.891 fac50 -0.024 lock 0.00 move 0.425 period None osc -0.079@16 pr 15.0 sens10 3.73 sens50 3.91 sat None dead 0.04 frozen 0.88 nbin 300 fat 0.235 | 40.5s
ex16|tri0.3|0|0.9|none|0|0.0|50|leak: static 0.970 sstatic 0.967 c1 1.000 c50 0.974 fac1 0.994 fac50 0.068 lock 0.81 move 0.00888 period None osc 0.068@50 pr 3.9 sens10 2.09 sens50 2.85 sat None dead 0.04 frozen 0.76 nbin 300 fat None | 34.3s
ex16|tri0.3|0|0.9|none|0|0.0|51|leak: static 0.969 sstatic 0.965 c1 1.000 c50 0.971 fac1 0.995 fac50 0.020 lock 0.82 move 0.00895 period None osc 0.020@50 pr 3.9 sens10 1.97 sens50 2.57 sat None dead 0.03 frozen 0.77 nbin 300 fat None | 34.6s
ex16|tri0.3|0|0.5|dep|300|0.5|51|leak: static 0.418 sstatic 0.663 c1 0.910 c50 0.438 fac1 0.839 fac50 -0.017 lock 0.00 move 0.52 period None osc -0.100@10 pr 14.7 sens10 3.57 sens50 3.73 sat None dead 0.03 frozen 0.99 nbin 300 fat 0.119 | 41.1s
ex16|tri0.3|0|0.5|dep|30|0.1|50|leak: static 0.721 sstatic 0.801 c1 0.969 c50 0.718 fac1 0.890 fac50 -0.013 lock 0.00 move 0.256 period None osc -0.173@11 pr 14.9 sens10 3.41 sens50 3.85 sat None dead 0.04 frozen 0.25 nbin 300 fat 0.594 | 76.4s
ex16|tri0.3|0|0.9|sub|3|0.5|50|leak: static 0.973 sstatic 0.969 c1 1.000 c50 0.975 fac1 0.994 fac50 0.061 lock 0.61 move 0.0121 period None osc 0.061@50 pr 4.1 sens10 2.15 sens50 2.97 sat None dead 0.04 frozen 0.78 nbin 300 fat 0.500 | 37.1s
ex16|tri0.3|0|0.5|dep|30|0.5|50|leak: static 0.643 sstatic 0.761 c1 0.921 c50 0.649 fac1 0.781 fac50 0.000 lock 0.00 move 0.435 period None osc -0.168@8 pr 16.7 sens10 3.67 sens50 3.87 sat None dead 0.04 frozen 0.77 nbin 300 fat 0.379 | 73.0s
ex16|tri0.3|0|0.9|sub|3|1.0|50|leak: static 0.001 sstatic 0.467 c1 0.950 c50 -0.044 fac1 0.949 fac50 -0.037 lock 0.00 move 0.316 period None osc -0.528@13 pr 11.1 sens10 3.08 sens50 3.77 sat None dead 0.04 frozen 0.84 nbin 300 fat 0.983 | 37.1s
ex16|tri0.3|0|0.5|dep|30|0.5|51|leak: static 0.645 sstatic 0.762 c1 0.926 c50 0.658 fac1 0.787 fac50 0.004 lock 0.00 move 0.4 period None osc -0.171@8 pr 16.5 sens10 3.73 sens50 3.92 sat None dead 0.03 frozen 0.79 nbin 300 fat 0.375 | 76.3s
ex16|tri0.3|0|0.9|sub|3|1.0|51|leak: static 0.001 sstatic 0.467 c1 0.951 c50 -0.004 fac1 0.950 fac50 -0.004 lock 0.00 move 0.306 period None osc -0.570@13 pr 10.7 sens10 2.88 sens50 3.78 sat None dead 0.03 frozen 0.83 nbin 300 fat 0.982 | 37.0s
ex16|tri0.3|0|0.5|dep|100|0.1|51|leak: static 0.550 sstatic 0.712 c1 0.956 c50 0.550 fac1 0.898 fac50 -0.017 lock 0.00 move 0.307 period None osc -0.120@13 pr 15.0 sens10 3.57 sens50 3.97 sat None dead 0.03 frozen 0.43 nbin 300 fat 0.385 | 74.8s
ex16|tri0.3|0|0.5|dep|100|0.5|50|leak: static 0.507 sstatic 0.695 c1 0.905 c50 0.516 fac1 0.810 fac50 -0.009 lock 0.00 move 0.513 period None osc -0.138@9 pr 16.3 sens10 3.58 sens50 3.81 sat None dead 0.04 frozen 0.97 nbin 300 fat 0.213 | 75.3s
ex16|tri0.3|0|0.9|sub|10|0.5|50|leak: static 0.908 sstatic 0.921 c1 0.999 c50 0.892 fac1 0.991 fac50 -0.187 lock 0.00 move 0.0323 period None osc -0.272@35 pr 7.0 sens10 2.40 sens50 3.24 sat None dead 0.03 frozen 0.58 nbin 300 fat 0.496 | 37.6s
ex16|tri0.3|0|0.9|sub|10|0.5|51|leak: static 0.896 sstatic 0.907 c1 0.999 c50 0.877 fac1 0.991 fac50 -0.147 lock 0.00 move 0.0336 period None osc -0.243@35 pr 7.3 sens10 2.26 sens50 3.12 sat None dead 0.03 frozen 0.55 nbin 300 fat 0.497 | 37.5s
ex16|tri0.3|0|0.5|dep|300|0.1|51|leak: static 0.462 sstatic 0.674 c1 0.947 c50 0.457 fac1 0.900 fac50 -0.024 lock 0.00 move 0.357 period None osc -0.085@13 pr 14.6 sens10 3.69 sens50 3.99 sat None dead 0.03 frozen 0.89 nbin 300 fat 0.232 | 76.5s
ex16|tri0.3|0|0.9|sub|10|1.0|50|leak: static 0.002 sstatic 0.470 c1 0.990 c50 0.325 fac1 0.987 fac50 0.278 lock 0.00 move 0.141 period None osc -0.630@26 pr 6.2 sens10 2.60 sens50 3.11 sat None dead 0.03 frozen 0.05 nbin 300 fat 0.921 | 37.6s
ex16|tri0.3|0|0.5|dep|300|0.5|50|leak: static 0.426 sstatic 0.664 c1 0.903 c50 0.442 fac1 0.827 fac50 -0.013 lock 0.00 move 0.551 period None osc -0.103@10 pr 15.0 sens10 3.31 sens50 3.54 sat None dead 0.04 frozen 0.97 nbin 300 fat 0.123 | 76.7s
ex16|tri0.3|0|0.9|sub|3|0.5|51|leak: static 0.970 sstatic 0.966 c1 1.000 c50 0.973 fac1 0.994 fac50 0.056 lock 0.62 move 0.0104 period None osc 0.056@50 pr 3.9 sens10 2.03 sens50 2.63 sat None dead 0.03 frozen 0.78 nbin 300 fat 0.500 | 66.2s
ex16|tri0.3|0|0.9|sub|10|1.0|51|leak: static 0.002 sstatic 0.469 c1 0.990 c50 0.252 fac1 0.987 fac50 0.215 lock 0.00 move 0.14 period None osc -0.603@27 pr 6.8 sens10 2.38 sens50 3.03 sat None dead 0.03 frozen 0.04 nbin 300 fat 0.905 | 37.5s
ex16|tri0.3|0|0.9|sub|30|0.5|50|leak: static 0.577 sstatic 0.731 c1 0.999 c50 0.407 fac1 0.993 fac50 -0.327 lock 0.00 move 0.053 period None osc -0.330@48 pr 6.3 sens10 2.36 sens50 3.18 sat None dead 0.03 frozen 0.18 nbin 300 fat 0.467 | 37.3s
ex16|tri0.3|0|0.9|sub|30|1.0|50|leak: static 0.006 sstatic 0.473 c1 0.996 c50 -0.536 fac1 0.993 fac50 -0.452 lock 0.00 move 0.0868 period None osc -0.488@43 pr 5.8 sens10 2.44 sens50 3.05 sat None dead 0.03 frozen 0.04 nbin 300 fat 0.822 | 37.1s
ex16|tri0.3|0|0.9|sub|100|0.5|50|leak: static 0.413 sstatic 0.655 c1 0.999 c50 0.292 fac1 0.994 fac50 -0.173 lock 0.03 move 0.0461 period None osc -0.173@50 pr 5.2 sens10 2.20 sens50 3.02 sat None dead 0.00 frozen 0.10 nbin 300 fat 0.431 | 37.1s
ex16|tri0.3|0|0.9|sub|100|1.0|50|leak: static 0.025 sstatic 0.484 c1 0.998 c50 -0.199 fac1 0.995 fac50 -0.188 lock 0.03 move 0.059 period None osc -0.188@50 pr 5.1 sens10 2.15 sens50 2.99 sat None dead 0.00 frozen 0.04 nbin 300 fat 0.766 | 36.9s
ex16|tri0.3|0|0.9|sub|300|0.5|51|leak: static 0.430 sstatic 0.668 c1 0.999 c50 0.459 fac1 0.994 fac50 0.004 lock 0.03 move 0.0389 period None osc 0.004@50 pr 4.5 sens10 1.78 sens50 2.61 sat None dead 0.00 frozen 0.12 nbin 300 fat 0.405 | 37.2s
ex16|tri0.3|0|0.9|sub|300|1.0|50|leak: static 0.140 sstatic 0.534 c1 0.999 c50 0.161 fac1 0.995 fac50 0.014 lock 0.04 move 0.0479 period None osc 0.014@50 pr 4.6 sens10 1.71 sens50 2.73 sat None dead 0.00 frozen 0.04 nbin 300 fat 0.729 | 37.1s
ex16|tri0.3|0|0.9|div|3|0.5|50|leak: static 0.948 sstatic 0.945 c1 1.000 c50 0.949 fac1 0.995 fac50 -0.002 lock 0.13 move 0.0154 period None osc -0.002@50 pr 3.9 sens10 2.29 sens50 2.99 sat None dead 0.04 frozen 0.71 nbin 300 fat 0.974 | 37.2s
ex16|tri0.3|0|0.9|sub|30|1.0|51|leak: static 0.007 sstatic 0.474 c1 0.996 c50 -0.600 fac1 0.993 fac50 -0.506 lock 0.00 move 0.0853 period None osc -0.524@45 pr 5.1 sens10 2.27 sens50 2.87 sat None dead 0.03 frozen 0.03 nbin 300 fat 0.844 | 66.6s
ex16|tri0.3|0|0.9|sub|30|0.5|51|leak: static 0.566 sstatic 0.729 c1 0.999 c50 0.382 fac1 0.993 fac50 -0.373 lock 0.00 move 0.053 period None osc -0.376@48 pr 6.0 sens10 2.22 sens50 3.06 sat None dead 0.03 frozen 0.19 nbin 300 fat 0.468 | 69.8s
ex16|tri0.3|0|0.9|div|3|2.0|51|leak: static 0.892 sstatic 0.917 c1 1.000 c50 0.894 fac1 0.994 fac50 -0.033 lock 0.02 move 0.0255 period None osc -0.033@50 pr 4.4 sens10 2.13 sens50 3.12 sat None dead 0.03 frozen 1.00 nbin 1 fat 2.832 | 37.4s
ex16|tri0.3|0|0.9|div|10|0.5|50|leak: static 0.932 sstatic 0.940 c1 1.000 c50 0.932 fac1 0.993 fac50 -0.035 lock 0.01 move 0.0186 period None osc -0.035@50 pr 4.6 sens10 2.39 sens50 3.09 sat None dead 0.04 frozen 0.68 nbin 300 fat 0.962 | 37.2s
ex16|tri0.3|0|0.9|div|10|0.5|51|leak: static 0.932 sstatic 0.937 c1 1.000 c50 0.928 fac1 0.994 fac50 -0.048 lock 0.03 move 0.0184 period None osc -0.048@50 pr 4.8 sens10 2.21 sens50 2.94 sat None dead 0.03 frozen 0.68 nbin 300 fat 0.952 | 37.2s
ex16|tri0.3|0|0.9|sub|100|0.5|51|leak: static 0.406 sstatic 0.650 c1 0.999 c50 0.298 fac1 0.995 fac50 -0.130 lock 0.01 move 0.0446 period None osc -0.130@50 pr 5.0 sens10 2.15 sens50 3.10 sat None dead 0.00 frozen 0.10 nbin 300 fat 0.438 | 69.5s
ex16|tri0.3|0|0.9|div|10|2.0|50|leak: static 0.880 sstatic 0.914 c1 1.000 c50 0.863 fac1 0.993 fac50 -0.136 lock 0.00 move 0.0322 period None osc -0.136@50 pr 5.3 sens10 2.58 sens50 3.26 sat None dead 0.04 frozen 0.89 nbin 300 fat 2.883 | 37.2s
ex16|tri0.3|0|0.9|sub|100|1.0|51|leak: static 0.026 sstatic 0.484 c1 0.998 c50 -0.169 fac1 0.995 fac50 -0.162 lock 0.01 move 0.0572 period None osc -0.162@50 pr 4.8 sens10 2.15 sens50 2.88 sat None dead 0.00 frozen 0.03 nbin 300 fat 0.750 | 67.9s
ex16|tri0.3|0|0.9|div|10|2.0|51|leak: static 0.864 sstatic 0.907 c1 1.000 c50 0.857 fac1 0.993 fac50 -0.057 lock 0.00 move 0.0303 period None osc -0.057@50 pr 5.1 sens10 2.36 sens50 3.19 sat None dead 0.03 frozen 0.88 nbin 300 fat 2.848 | 37.1s
ex16|tri0.3|0|0.9|sub|300|0.5|50|leak: static 0.405 sstatic 0.653 c1 0.999 c50 0.415 fac1 0.995 fac50 0.006 lock 0.04 move 0.0394 period None osc 0.006@50 pr 4.4 sens10 1.74 sens50 2.78 sat None dead 0.00 frozen 0.11 nbin 300 fat 0.402 | 68.3s
ex16|tri0.3|0|0.9|sub|300|1.0|51|leak: static 0.119 sstatic 0.524 c1 0.999 c50 0.176 fac1 0.995 fac50 0.045 lock 0.03 move 0.047 period None osc 0.045@50 pr 4.4 sens10 1.67 sens50 2.94 sat None dead 0.00 frozen 0.03 nbin 300 fat 0.713 | 68.3s
ex16|tri0.3|0|0.9|div|3|2.0|50|leak: static 0.909 sstatic 0.923 c1 1.000 c50 0.903 fac1 0.993 fac50 -0.031 lock 0.01 move 0.0262 period None osc -0.031@50 pr 4.4 sens10 2.41 sens50 3.28 sat None dead 0.04 frozen 1.00 nbin 1 fat 2.936 | 66.9s
ex16|tri0.3|0|0.9|div|30|0.5|50|leak: static 0.901 sstatic 0.925 c1 1.000 c50 0.892 fac1 0.995 fac50 -0.096 lock 0.01 move 0.0212 period None osc -0.096@50 pr 4.9 sens10 2.37 sens50 3.13 sat None dead 0.04 frozen 0.64 nbin 300 fat 0.971 | 37.7s
ex16|tri0.3|0|0.9|div|3|0.5|51|leak: static 0.943 sstatic 0.942 c1 1.000 c50 0.946 fac1 0.994 fac50 0.012 lock 0.13 move 0.0149 period None osc 0.012@50 pr 3.9 sens10 2.10 sens50 3.04 sat None dead 0.03 frozen 0.71 nbin 300 fat 0.952 | 68.9s
ex16|tri0.3|0|0.9|div|30|0.5|51|leak: static 0.902 sstatic 0.927 c1 1.000 c50 0.885 fac1 0.994 fac50 -0.130 lock 0.00 move 0.0205 period None osc -0.130@50 pr 5.0 sens10 2.22 sens50 2.93 sat None dead 0.03 frozen 0.64 nbin 300 fat 0.949 | 37.4s
ex16|tri0.3|0|0.9|div|30|2.0|50|leak: static 0.821 sstatic 0.898 c1 1.000 c50 0.791 fac1 0.994 fac50 -0.139 lock 0.00 move 0.0327 period None osc -0.139@50 pr 5.3 sens10 2.56 sens50 3.37 sat None dead 0.04 frozen 0.62 nbin 300 fat 2.900 | 37.3s
ex16|tri0.3|0|0.9|div|100|0.5|51|leak: static 0.862 sstatic 0.912 c1 1.000 c50 0.861 fac1 0.994 fac50 -0.053 lock 0.01 move 0.021 period None osc -0.053@50 pr 4.6 sens10 2.09 sens50 2.84 sat None dead 0.03 frozen 0.60 nbin 300 fat 0.960 | 37.3s
ex16|tri0.3|0|0.9|div|100|2.0|50|leak: static 0.773 sstatic 0.881 c1 1.000 c50 0.764 fac1 0.994 fac50 -0.049 lock 0.00 move 0.0299 period None osc -0.049@50 pr 4.7 sens10 2.50 sens50 3.29 sat None dead 0.04 frozen 0.56 nbin 300 fat 2.898 | 37.1s
ex16|tri0.3|0|0.9|div|100|2.0|51|leak: static 0.760 sstatic 0.874 c1 1.000 c50 0.749 fac1 0.995 fac50 -0.042 lock 0.00 move 0.0292 period None osc -0.042@50 pr 4.6 sens10 2.20 sens50 3.13 sat None dead 0.03 frozen 0.57 nbin 300 fat 2.879 | 37.2s
ex16|tri0.3|0|0.9|div|300|0.5|51|leak: static 0.854 sstatic 0.908 c1 1.000 c50 0.862 fac1 0.995 fac50 0.031 lock 0.01 move 0.0198 period None osc 0.031@50 pr 4.0 sens10 2.13 sens50 2.93 sat None dead 0.03 frozen 0.61 nbin 300 fat 0.946 | 37.0s
ex16|tri0.3|0|0.9|div|300|2.0|51|leak: static 0.756 sstatic 0.876 c1 1.000 c50 0.775 fac1 0.994 fac50 0.032 lock 0.00 move 0.0257 period None osc 0.032@50 pr 4.1 sens10 2.20 sens50 2.98 sat None dead 0.03 frozen 0.56 nbin 300 fat 2.873 | 37.0s
ex16|tri0.3|0|0.9|div|30|2.0|51|leak: static 0.818 sstatic 0.898 c1 1.000 c50 0.779 fac1 0.994 fac50 -0.187 lock 0.00 move 0.0322 period None osc -0.187@50 pr 5.4 sens10 2.25 sens50 3.08 sat None dead 0.03 frozen 0.63 nbin 300 fat 2.842 | 66.0s
ex16|tri0.3|0|0.9|div|100|0.5|50|leak: static 0.861 sstatic 0.906 c1 1.000 c50 0.856 fac1 0.994 fac50 -0.054 lock 0.01 move 0.0215 period None osc -0.054@50 pr 4.5 sens10 2.34 sens50 3.05 sat None dead 0.04 frozen 0.60 nbin 300 fat 0.965 | 67.1s
ex16|tri0.3|0|0.9|dep|3|0.5|51|leak: static 0.950 sstatic 0.948 c1 1.000 c50 0.951 fac1 0.994 fac50 -0.017 lock 0.07 move 0.0147 period None osc -0.017@50 pr 4.5 sens10 2.36 sens50 3.22 sat None dead 0.03 frozen 0.72 nbin 300 fat 0.736 | 40.7s
ex16|tri0.3|0|0.9|dep|10|0.1|51|leak: static 0.964 sstatic 0.960 c1 1.000 c50 0.962 fac1 0.993 fac50 -0.076 lock 0.09 move 0.0141 period None osc -0.076@50 pr 5.0 sens10 2.23 sens50 3.13 sat None dead 0.03 frozen 0.75 nbin 300 fat 0.776 | 40.5s
ex16|tri0.3|0|0.9|div|300|0.5|50|leak: static 0.857 sstatic 0.907 c1 1.000 c50 0.867 fac1 0.994 fac50 0.002 lock 0.00 move 0.0202 period None osc 0.002@50 pr 4.2 sens10 2.38 sens50 3.16 sat None dead 0.04 frozen 0.60 nbin 300 fat 0.956 | 67.4s
ex16|tri0.3|0|0.9|dep|10|0.5|50|leak: static 0.942 sstatic 0.941 c1 1.000 c50 0.941 fac1 0.991 fac50 -0.035 lock 0.00 move 0.0337 period None osc -0.035@50 pr 5.9 sens10 2.79 sens50 3.44 sat None dead 0.04 frozen 0.82 nbin 300 fat 0.629 | 40.6s
ex16|tri0.3|0|0.9|div|300|2.0|50|leak: static 0.749 sstatic 0.873 c1 1.000 c50 0.786 fac1 0.994 fac50 0.070 lock 0.00 move 0.0274 period None osc 0.070@50 pr 4.0 sens10 2.52 sens50 3.32 sat None dead 0.04 frozen 0.54 nbin 300 fat 2.888 | 68.1s
ex16|tri0.3|0|0.9|dep|10|0.5|51|leak: static 0.940 sstatic 0.940 c1 1.000 c50 0.935 fac1 0.991 fac50 -0.065 lock 0.00 move 0.0269 period None osc -0.065@50 pr 5.9 sens10 2.74 sens50 3.46 sat None dead 0.03 frozen 0.83 nbin 300 fat 0.625 | 40.5s
ex16|tri0.3|0|0.9|dep|30|0.1|50|leak: static 0.905 sstatic 0.913 c1 0.999 c50 0.883 fac1 0.991 fac50 -0.181 lock 0.00 move 0.0364 period None osc -0.191@44 pr 7.3 sens10 2.78 sens50 3.47 sat None dead 0.04 frozen 0.65 nbin 300 fat 0.651 | 40.3s
run39|raw|0|0.5|none|0|0.0|50|leak: DIVERGED at step 70
run39|raw|0|0.5|none|0|0.0|51|leak: DIVERGED at step 70
run39|raw|0|0.5|sub|3|0.5|50|leak: DIVERGED at step 90
run39|raw|0|0.5|sub|3|0.5|51|leak: DIVERGED at step 90
run39|raw|0|0.5|sub|3|1.0|50|leak: DIVERGED at step 130
run39|raw|0|0.5|sub|3|1.0|51|leak: DIVERGED at step 130
run39|raw|0|0.5|sub|10|0.5|50|leak: DIVERGED at step 80
run39|raw|0|0.5|sub|10|0.5|51|leak: DIVERGED at step 70
ex16|tri0.3|0|0.9|dep|30|0.1|51|leak: static 0.895 sstatic 0.910 c1 0.999 c50 0.870 fac1 0.991 fac50 -0.199 lock 0.00 move 0.0341 period None osc -0.222@43 pr 7.1 sens10 2.55 sens50 3.44 sat None dead 0.03 frozen 0.65 nbin 300 fat 0.647 | 40.3s
run39|raw|0|0.5|sub|10|1.0|50|leak: DIVERGED at step 80
run39|raw|0|0.5|sub|10|1.0|51|leak: DIVERGED at step 80
run39|raw|0|0.5|sub|30|0.5|50|leak: DIVERGED at step 70
run39|raw|0|0.5|sub|30|0.5|51|leak: DIVERGED at step 70
run39|raw|0|0.5|sub|30|1.0|50|leak: DIVERGED at step 70
run39|raw|0|0.5|sub|30|1.0|51|leak: DIVERGED at step 70
run39|raw|0|0.5|sub|100|0.5|50|leak: DIVERGED at step 70
run39|raw|0|0.5|sub|100|0.5|51|leak: DIVERGED at step 70
run39|raw|0|0.5|sub|100|1.0|50|leak: DIVERGED at step 70
run39|raw|0|0.5|sub|100|1.0|51|leak: DIVERGED at step 70
run39|raw|0|0.5|sub|300|0.5|50|leak: DIVERGED at step 70
run39|raw|0|0.5|sub|300|1.0|50|leak: DIVERGED at step 70
run39|raw|0|0.5|sub|300|0.5|51|leak: DIVERGED at step 70
run39|raw|0|0.5|sub|300|1.0|51|leak: DIVERGED at step 70
ex16|tri0.3|0|0.9|dep|30|0.5|50|leak: static 0.882 sstatic 0.901 c1 0.998 c50 0.869 fac1 0.984 fac50 -0.105 lock 0.00 move 0.074 period None osc -0.156@35 pr 9.1 sens10 3.16 sens50 3.56 sat None dead 0.04 frozen 0.96 nbin 300 fat 0.515 | 40.2s
run39|raw|0|0.5|div|3|0.5|51|leak: static 0.116 sstatic 0.116 c1 0.946 c50 0.014 fac1 0.936 fac50 -0.097 lock 0.00 move 0.323 period None osc -0.102@49 pr 15.0 sens10 0.02 sens50 1.31 sat None dead 0.00 frozen 0.00 nbin 300 fat 2.396 | 5.2s
ex16|tri0.3|0|0.9|dep|3|0.1|50|leak: static 0.965 sstatic 0.961 c1 1.000 c50 0.970 fac1 0.995 fac50 0.077 lock 0.65 move 0.0105 period None osc 0.077@50 pr 4.0 sens10 2.26 sens50 2.97 sat None dead 0.04 frozen 0.75 nbin 300 fat 0.896 | 73.5s
ex16|tri0.3|0|0.9|dep|30|0.5|51|leak: static 0.874 sstatic 0.890 c1 0.998 c50 0.860 fac1 0.984 fac50 -0.101 lock 0.00 move 0.0617 period None osc -0.140@33 pr 9.1 sens10 3.05 sens50 3.66 sat None dead 0.03 frozen 0.97 nbin 296 fat 0.505 | 40.2s
run39|raw|0|0.5|div|3|2.0|50|leak: static 0.034 sstatic 0.034 c1 0.946 c50 -0.105 fac1 0.941 fac50 -0.129 lock 0.00 move 0.329 period None osc -0.180@18 pr 12.4 sens10 -0.10 sens50 1.24 sat None dead 0.00 frozen 0.05 nbin 300 fat 2.326 | 5.4s
run39|raw|0|0.5|div|3|0.5|50|leak: static 0.050 sstatic 0.050 c1 0.944 c50 0.013 fac1 0.938 fac50 -0.040 lock 0.00 move 0.334 period None osc -0.142@17 pr 13.1 sens10 0.00 sens50 1.33 sat None dead 0.00 frozen 0.00 nbin 300 fat 2.154 | 9.3s
ex16|tri0.3|0|0.9|dep|3|0.1|51|leak: static 0.964 sstatic 0.961 c1 1.000 c50 0.968 fac1 0.995 fac50 0.071 lock 0.67 move 0.00959 period None osc 0.071@50 pr 3.9 sens10 2.06 sens50 2.81 sat None dead 0.03 frozen 0.76 nbin 300 fat 0.895 | 67.3s
run39|raw|0|0.5|div|3|2.0|51|leak: static 0.039 sstatic 0.039 c1 0.941 c50 -0.031 fac1 0.936 fac50 -0.059 lock 0.00 move 0.343 period None osc -0.059@50 pr 15.1 sens10 -0.01 sens50 1.30 sat None dead 0.00 frozen 0.02 nbin 300 fat 2.367 | 5.2s
run39|raw|0|0.5|div|10|0.5|51|leak: static 0.109 sstatic 0.109 c1 0.968 c50 0.037 fac1 0.961 fac50 -0.060 lock 0.00 move 0.254 period None osc -0.147@27 pr 13.0 sens10 -0.19 sens50 0.39 sat None dead 0.00 frozen 0.00 nbin 300 fat 2.928 | 5.3s
run39|raw|0|0.5|div|10|2.0|50|leak: static 0.031 sstatic 0.031 c1 0.965 c50 0.024 fac1 0.962 fac50 -0.005 lock 0.00 move 0.262 period None osc -0.111@17 pr 12.6 sens10 -0.29 sens50 0.36 sat None dead 0.00 frozen 0.00 nbin 300 fat 2.600 | 5.3s
ex16|tri0.3|0|0.9|dep|3|0.5|50|leak: static 0.958 sstatic 0.957 c1 1.000 c50 0.959 fac1 0.994 fac50 -0.010 lock 0.09 move 0.0164 period None osc -0.010@50 pr 4.7 sens10 2.47 sens50 3.11 sat None dead 0.04 frozen 0.74 nbin 300 fat 0.739 | 71.9s
run39|raw|0|0.5|div|30|0.5|50|leak: static 0.052 sstatic 0.052 c1 0.981 c50 -0.002 fac1 0.977 fac50 -0.045 lock 0.00 move 0.191 period None osc -0.147@27 pr 10.3 sens10 -0.40 sens50 -0.20 sat None dead 0.00 frozen 0.00 nbin 300 fat 2.875 | 5.2s
ex16|tri0.3|0|0.9|dep|10|0.1|50|leak: static 0.962 sstatic 0.956 c1 1.000 c50 0.958 fac1 0.994 fac50 -0.104 lock 0.04 move 0.0159 period None osc -0.104@50 pr 5.1 sens10 2.37 sens50 3.11 sat None dead 0.04 frozen 0.73 nbin 300 fat 0.778 | 70.8s
run39|raw|0|0.5|div|10|0.5|50|leak: static 0.015 sstatic 0.015 c1 0.966 c50 -0.083 fac1 0.963 fac50 -0.088 lock 0.00 move 0.26 period None osc -0.099@29 pr 12.1 sens10 -0.22 sens50 0.64 sat None dead 0.00 frozen 0.00 nbin 300 fat 2.594 | 9.4s
run39|raw|0|0.5|div|30|2.0|50|leak: static 0.100 sstatic 0.100 c1 0.982 c50 0.052 fac1 0.977 fac50 -0.044 lock 0.00 move 0.191 period None osc -0.159@28 pr 10.1 sens10 -0.40 sens50 -0.02 sat None dead 0.00 frozen 0.02 nbin 300 fat 2.938 | 5.2s
run39|raw|0|0.5|div|30|2.0|51|leak: static 0.039 sstatic 0.039 c1 0.983 c50 0.050 fac1 0.979 fac50 0.001 lock 0.00 move 0.183 period None osc -0.032@14 pr 10.4 sens10 -0.39 sens50 0.09 sat None dead 0.00 frozen 0.00 nbin 300 fat 3.134 | 5.1s
run39|raw|0|0.5|div|10|2.0|51|leak: static 0.044 sstatic 0.044 c1 0.966 c50 0.045 fac1 0.961 fac50 0.002 lock 0.00 move 0.258 period None osc -0.030@18 pr 12.9 sens10 -0.31 sens50 0.31 sat None dead 0.00 frozen 0.00 nbin 300 fat 2.840 | 9.3s
run39|raw|0|0.5|div|100|0.5|51|leak: static 0.053 sstatic 0.053 c1 0.992 c50 0.092 fac1 0.989 fac50 0.016 lock 0.00 move 0.121 period None osc -0.131@28 pr 8.3 sens10 -0.45 sens50 -0.34 sat None dead 0.00 frozen 0.00 nbin 300 fat 3.208 | 5.1s
run39|raw|0|0.5|div|30|0.5|51|leak: static 0.020 sstatic 0.020 c1 0.984 c50 -0.037 fac1 0.980 fac50 -0.051 lock 0.00 move 0.177 period None osc -0.051@50 pr 9.8 sens10 -0.48 sens50 -0.22 sat None dead 0.00 frozen 0.00 nbin 300 fat 3.038 | 9.3s
run39|raw|0|0.5|div|100|2.0|50|leak: static 0.097 sstatic 0.097 c1 0.989 c50 -0.017 fac1 0.985 fac50 -0.093 lock 0.00 move 0.145 period None osc -0.171@31 pr 8.9 sens10 -0.47 sens50 -0.33 sat None dead 0.00 frozen 0.02 nbin 300 fat 3.067 | 5.1s
run39|raw|0|0.5|dep|3|0.1|51|leak: DIVERGED at step 90
run39|raw|0|0.5|dep|3|0.1|50|leak: DIVERGED at step 90
run39|raw|0|0.5|div|300|0.5|50|leak: static 0.128 sstatic 0.128 c1 0.990 c50 -0.104 fac1 0.985 fac50 -0.228 lock 0.00 move 0.117 period None osc -0.243@30 pr 7.4 sens10 -0.42 sens50 -0.43 sat None dead 0.00 frozen 0.00 nbin 300 fat 3.143 | 5.1s
run39|raw|0|0.5|dep|3|0.5|50|leak: DIVERGED at step 200
run39|raw|0|0.5|div|300|0.5|51|leak: static 0.064 sstatic 0.064 c1 0.995 c50 0.216 fac1 0.992 fac50 0.102 lock 0.00 move 0.0934 period None osc -0.130@25 pr 6.2 sens10 -0.48 sens50 -0.45 sat None dead 0.00 frozen 0.00 nbin 300 fat 3.341 | 5.2s
run39|raw|0|0.5|dep|10|0.1|50|leak: DIVERGED at step 140
run39|raw|0|0.5|dep|10|0.1|51|leak: DIVERGED at step 130
run39|raw|0|0.5|dep|3|0.5|51|leak: DIVERGED at step 190
run39|raw|0|0.5|div|100|0.5|50|leak: static 0.104 sstatic 0.104 c1 0.989 c50 0.012 fac1 0.985 fac50 -0.082 lock 0.00 move 0.142 period None osc -0.247@30 pr 8.7 sens10 -0.48 sens50 -0.47 sat None dead 0.00 frozen 0.00 nbin 300 fat 3.026 | 9.3s
run39|raw|0|0.5|div|300|2.0|50|leak: static 0.082 sstatic 0.082 c1 0.992 c50 -0.068 fac1 0.987 fac50 -0.118 lock 0.00 move 0.13 period None osc -0.196@27 pr 7.2 sens10 -0.45 sens50 -0.58 sat None dead 0.00 frozen 0.03 nbin 300 fat 3.164 | 5.8s
ex16|tri0.3|0|0.9|dep|100|0.5|50|leak: static 0.680 sstatic 0.782 c1 0.996 c50 0.630 fac1 0.984 fac50 -0.136 lock 0.00 move 0.106 period None osc -0.176@35 pr 9.7 sens10 3.27 sens50 3.62 sat None dead 0.04 frozen 0.99 nbin 300 fat 0.324 | 40.1s
run39|raw|0|0.5|div|100|2.0|51|leak: static 0.124 sstatic 0.124 c1 0.991 c50 0.109 fac1 0.986 fac50 -0.024 lock 0.00 move 0.132 period None osc -0.131@35 pr 8.4 sens10 -0.44 sens50 -0.19 sat None dead 0.00 frozen 0.04 nbin 300 fat 3.164 | 9.5s
run39|raw|0|0.5|dep|30|0.1|50|leak: DIVERGED at step 790
run39|raw|0|0.5|dep|10|0.5|50|leak: static 0.124 sstatic 0.124 c1 0.968 c50 0.157 fac1 0.961 fac50 0.016 lock 0.00 move 0.26 period None osc -0.190@21 pr 9.1 sens10 0.26 sens50 1.09 sat None dead 0.00 frozen 0.01 nbin 300 fat 0.353 | 5.8s
ex16|tri0.3|0|0.9|dep|100|0.5|51|leak: static 0.666 sstatic 0.777 c1 0.996 c50 0.622 fac1 0.984 fac50 -0.136 lock 0.00 move 0.0991 period None osc -0.176@37 pr 9.5 sens10 3.35 sens50 3.78 sat None dead 0.03 frozen 1.00 nbin 180 fat 0.313 | 40.4s
run39|raw|0|0.5|dep|10|0.5|51|leak: static 0.602 sstatic 0.602 c1 0.977 c50 0.568 fac1 0.942 fac50 -0.061 lock 0.00 move 0.218 period None osc -0.135@45 pr 12.4 sens10 0.05 sens50 0.88 sat None dead 0.00 frozen 0.17 nbin 300 fat 0.341 | 5.9s
run39|raw|0|0.5|div|300|2.0|51|leak: static 0.117 sstatic 0.117 c1 0.996 c50 0.079 fac1 0.993 fac50 -0.084 lock 0.00 move 0.0885 period None osc -0.213@32 pr 5.3 sens10 -0.45 sens50 -0.22 sat None dead 0.00 frozen 0.07 nbin 300 fat 3.304 | 9.3s
run39|raw|0|0.5|dep|30|0.1|51|leak: DIVERGED at step 710
run39|raw|0|0.5|dep|30|0.5|51|leak: static 0.275 sstatic 0.275 c1 0.965 c50 0.262 fac1 0.952 fac50 -0.009 lock 0.00 move 0.324 period None osc -0.111@11 pr 12.7 sens10 0.03 sens50 0.49 sat None dead 0.00 frozen 0.57 nbin 300 fat 0.304 | 5.9s
run39|raw|0|0.5|dep|100|0.1|50|leak: static 0.094 sstatic 0.094 c1 0.981 c50 0.144 fac1 0.977 fac50 0.038 lock 0.00 move 0.231 period None osc -0.157@15 pr 10.1 sens10 -0.15 sens50 0.07 sat None dead 0.00 frozen 0.13 nbin 300 fat 0.281 | 6.0s
ex16|tri0.3|0|0.9|dep|300|0.1|51|leak: static 0.544 sstatic 0.720 c1 0.998 c50 0.449 fac1 0.992 fac50 -0.182 lock 0.00 move 0.0722 period None osc -0.182@50 pr 7.5 sens10 3.07 sens50 3.76 sat None dead 0.03 frozen 0.98 nbin 274 fat 0.278 | 40.7s
run39|raw|0|0.9|none|0|0.0|51|leak: DIVERGED at step 230
run39|raw|0|0.9|none|0|0.0|50|leak: DIVERGED at step 230
run39|raw|0|0.5|dep|100|0.5|50|leak: static 0.190 sstatic 0.190 c1 0.980 c50 0.234 fac1 0.974 fac50 0.035 lock 0.00 move 0.562 period None osc -0.201@14 pr 9.2 sens10 -0.15 sens50 0.16 sat None dead 0.00 frozen 0.99 nbin 54 fat 0.268 | 5.8s
run39|raw|0|0.9|sub|3|0.5|50|leak: DIVERGED at step 410
run39|raw|0|0.9|sub|3|0.5|51|leak: DIVERGED at step 400
ex16|tri0.3|0|0.9|dep|300|0.5|51|leak: static 0.524 sstatic 0.709 c1 0.995 c50 0.457 fac1 0.986 fac50 -0.133 lock 0.00 move 0.11 period None osc -0.156@40 pr 8.9 sens10 3.27 sens50 3.66 sat None dead 0.03 frozen 1.00 nbin 178 fat 0.173 | 40.4s
run39|raw|0|0.5|dep|100|0.5|51|leak: static 0.270 sstatic 0.270 c1 0.979 c50 0.210 fac1 0.971 fac50 -0.081 lock 0.00 move 0.532 period None osc -0.175@14 pr 10.3 sens10 -0.11 sens50 0.12 sat None dead 0.00 frozen 0.99 nbin 47 fat 0.268 | 5.9s
run39|raw|0|0.5|dep|300|0.1|50|leak: static 0.170 sstatic 0.170 c1 0.988 c50 0.224 fac1 0.983 fac50 0.069 lock 0.00 move 0.385 period None osc -0.221@18 pr 8.3 sens10 -0.23 sens50 0.04 sat None dead 0.00 frozen 0.96 nbin 197 fat 0.264 | 6.0s
run39|raw|0|0.9|sub|10|0.5|50|leak: DIVERGED at step 280
run39|raw|0|0.5|dep|30|0.5|50|leak: static 0.177 sstatic 0.177 c1 0.965 c50 0.186 fac1 0.956 fac50 0.005 lock 0.00 move 0.336 period None osc -0.138@13 pr 12.2 sens10 -0.02 sens50 0.81 sat None dead 0.00 frozen 0.57 nbin 300 fat 0.307 | 10.6s
run39|raw|0|0.5|dep|300|0.1|51|leak: static 0.238 sstatic 0.238 c1 0.989 c50 0.190 fac1 0.985 fac50 -0.066 lock 0.00 move 0.355 period None osc -0.186@34 pr 8.2 sens10 -0.25 sens50 -0.25 sat None dead 0.00 frozen 0.95 nbin 245 fat 0.252 | 5.9s
run39|raw|0|0.9|sub|10|0.5|51|leak: DIVERGED at step 280
run39|raw|0|0.9|sub|30|0.5|51|leak: DIVERGED at step 240
run39|raw|0|0.9|sub|30|0.5|50|leak: DIVERGED at step 250
run39|raw|0|0.5|dep|100|0.1|51|leak: static 0.211 sstatic 0.211 c1 0.982 c50 0.148 fac1 0.975 fac50 -0.075 lock 0.00 move 0.217 period None osc -0.141@29 pr 10.4 sens10 -0.01 sens50 0.21 sat None dead 0.00 frozen 0.13 nbin 300 fat 0.264 | 10.6s
run39|raw|0|0.9|sub|30|1.0|51|leak: DIVERGED at step 260
run39|raw|0|0.5|dep|300|0.5|51|leak: static 0.285 sstatic 0.285 c1 0.987 c50 0.233 fac1 0.980 fac50 -0.074 lock 0.00 move 0.76 period None osc -0.206@38 pr 7.4 sens10 -0.21 sens50 -0.34 sat None dead 0.00 frozen 1.00 nbin 7 fat 0.249 | 6.0s
run39|raw|0|0.9|sub|100|0.5|50|leak: DIVERGED at step 230
run39|raw|0|0.9|sub|10|1.0|50|leak: DIVERGED at step 450
run39|raw|0|0.9|sub|10|1.0|51|leak: DIVERGED at step 440
run39|raw|0|0.9|sub|100|0.5|51|leak: DIVERGED at step 230
run39|raw|0|0.9|sub|100|1.0|50|leak: DIVERGED at step 240
run39|raw|0|0.9|sub|30|1.0|50|leak: DIVERGED at step 270
run39|raw|0|0.9|sub|300|0.5|50|leak: DIVERGED at step 230
run39|raw|0|0.9|sub|300|0.5|51|leak: DIVERGED at step 230
run39|raw|0|0.9|sub|300|1.0|50|leak: DIVERGED at step 230
run39|raw|0|0.9|sub|300|1.0|51|leak: DIVERGED at step 230
run39|raw|0|0.9|sub|100|1.0|51|leak: DIVERGED at step 240
run39|raw|0|0.9|sub|3|1.0|51|leak: static 0.000 sstatic 0.000 c1 -0.089 c50 -0.809 fac1 -0.096 fac50 -0.674 lock 0.00 move 1.6 period 4 osc -0.803@2 pr 2.2 sens10 -0.80 sens50 -1.49 sat None dead 0.00 frozen 1.00 nbin 1 fat 0.946 | 5.0s
run39|raw|0|0.5|dep|300|0.5|50|leak: static 0.189 sstatic 0.189 c1 0.988 c50 0.233 fac1 0.982 fac50 0.027 lock 0.00 move 0.829 period None osc -0.297@30 pr 7.3 sens10 -0.20 sens50 -0.10 sat None dead 0.00 frozen 1.00 nbin 9 fat 0.247 | 10.3s
run39|raw|0|0.9|div|3|0.5|50|leak: static 0.229 sstatic 0.229 c1 0.999 c50 0.336 fac1 0.994 fac50 0.099 lock 0.00 move 0.046 period None osc 0.099@50 pr 4.5 sens10 -0.53 sens50 -0.21 sat None dead 0.00 frozen 0.03 nbin 300 fat 2.025 | 5.0s
run39|raw|0|0.9|sub|3|1.0|50|leak: static 0.000 sstatic 0.000 c1 -0.037 c50 -0.913 fac1 -0.038 fac50 -0.770 lock 0.00 move 1.78 period 4 osc -0.917@2 pr 2.0 sens10 -0.77 sens50 -1.59 sat None dead 0.00 frozen 1.00 nbin 1 fat 0.952 | 9.1s
run39|raw|0|0.9|div|3|0.5|51|leak: static 0.338 sstatic 0.338 c1 0.999 c50 0.361 fac1 0.994 fac50 0.022 lock 0.00 move 0.0461 period None osc 0.022@50 pr 5.1 sens10 -0.49 sens50 -0.12 sat None dead 0.00 frozen 0.06 nbin 300 fat 2.063 | 5.1s
run39|raw|0|0.9|div|3|2.0|50|leak: static 0.191 sstatic 0.191 c1 0.999 c50 0.269 fac1 0.994 fac50 0.054 lock 0.00 move 0.0491 period None osc 0.054@50 pr 4.7 sens10 -0.51 sens50 -0.26 sat None dead 0.00 frozen 1.00 nbin 1 fat 2.023 | 5.0s
run39|raw|0|0.9|div|10|0.5|50|leak: static 0.072 sstatic 0.072 c1 0.998 c50 0.156 fac1 0.994 fac50 0.058 lock 0.00 move 0.0566 period None osc 0.058@50 pr 5.2 sens10 -0.49 sens50 -0.13 sat None dead 0.00 frozen 0.00 nbin 300 fat 2.096 | 5.0s
run39|raw|0|0.9|div|10|0.5|51|leak: static 0.150 sstatic 0.150 c1 0.998 c50 0.076 fac1 0.995 fac50 -0.062 lock 0.00 move 0.0564 period None osc -0.062@50 pr 5.7 sens10 -0.55 sens50 -0.30 sat None dead 0.00 frozen 0.01 nbin 300 fat 2.227 | 5.0s
run39|raw|0|0.9|div|10|2.0|50|leak: static 0.079 sstatic 0.079 c1 0.998 c50 0.029 fac1 0.995 fac50 -0.041 lock 0.00 move 0.058 period None osc -0.041@50 pr 5.5 sens10 -0.44 sens50 -0.07 sat None dead 0.00 frozen 0.38 nbin 300 fat 2.120 | 5.1s
run39|raw|0|0.9|div|10|2.0|51|leak: static 0.404 sstatic 0.404 c1 0.999 c50 0.339 fac1 0.994 fac50 -0.097 lock 0.00 move 0.0516 period None osc -0.098@49 pr 5.9 sens10 -0.49 sens50 -0.12 sat None dead 0.00 frozen 0.50 nbin 300 fat 2.391 | 5.1s
run39|raw|0|0.9|div|30|0.5|51|leak: static 0.122 sstatic 0.122 c1 0.999 c50 0.041 fac1 0.995 fac50 -0.058 lock 0.00 move 0.0491 period None osc -0.058@50 pr 5.5 sens10 -0.55 sens50 -0.35 sat None dead 0.00 frozen 0.01 nbin 300 fat 2.621 | 5.1s
run39|raw|0|0.9|div|3|2.0|51|leak: static 0.441 sstatic 0.441 c1 0.999 c50 0.466 fac1 0.994 fac50 0.039 lock 0.00 move 0.0432 period None osc 0.039@50 pr 4.8 sens10 -0.48 sens50 -0.30 sat None dead 0.00 frozen 1.00 nbin 1 fat 2.127 | 9.1s
run39|raw|0|0.9|div|30|2.0|51|leak: static 0.250 sstatic 0.250 c1 0.999 c50 0.124 fac1 0.994 fac50 -0.165 lock 0.00 move 0.0467 period None osc -0.165@50 pr 5.8 sens10 -0.56 sens50 -0.40 sat None dead 0.00 frozen 0.23 nbin 300 fat 2.699 | 5.1s
run39|raw|0|0.9|div|100|0.5|51|leak: static 0.284 sstatic 0.284 c1 0.999 c50 0.262 fac1 0.995 fac50 -0.041 lock 0.00 move 0.0318 period None osc -0.041@50 pr 4.6 sens10 -0.62 sens50 -0.50 sat None dead 0.00 frozen 0.05 nbin 300 fat 2.889 | 5.1s
run39|raw|0|0.9|div|100|2.0|50|leak: static 0.192 sstatic 0.192 c1 0.999 c50 0.241 fac1 0.996 fac50 0.037 lock 0.00 move 0.0328 period None osc 0.037@50 pr 4.2 sens10 -0.64 sens50 -0.67 sat None dead 0.00 frozen 0.24 nbin 300 fat 2.777 | 5.1s
run39|raw|0|0.9|div|100|2.0|51|leak: static 0.187 sstatic 0.187 c1 0.999 c50 0.229 fac1 0.994 fac50 -0.017 lock 0.00 move 0.0353 period None osc -0.017@50 pr 4.5 sens10 -0.63 sens50 -0.60 sat None dead 0.00 frozen 0.20 nbin 300 fat 2.882 | 5.1s
run39|raw|0|0.9|div|30|0.5|50|leak: static 0.188 sstatic 0.188 c1 0.999 c50 0.104 fac1 0.995 fac50 -0.086 lock 0.00 move 0.0493 period None osc -0.086@50 pr 5.5 sens10 -0.61 sens50 -0.56 sat None dead 0.00 frozen 0.02 nbin 300 fat 2.534 | 9.2s
run39|raw|0|0.9|div|300|0.5|50|leak: static 0.287 sstatic 0.287 c1 1.000 c50 0.395 fac1 0.995 fac50 0.113 lock 0.00 move 0.0265 period None osc 0.113@50 pr 3.6 sens10 -0.69 sens50 -0.79 sat None dead 0.00 frozen 0.07 nbin 300 fat 3.019 | 5.1s
run39|raw|0|0.9|div|300|0.5|51|leak: static 0.267 sstatic 0.267 c1 1.000 c50 0.462 fac1 0.996 fac50 0.203 lock 0.00 move 0.0248 period None osc 0.203@50 pr 3.1 sens10 -0.70 sens50 -0.73 sat None dead 0.00 frozen 0.07 nbin 300 fat 3.236 | 5.1s
run39|raw|0|0.9|div|300|2.0|50|leak: static 0.295 sstatic 0.295 c1 1.000 c50 0.487 fac1 0.995 fac50 0.189 lock 0.00 move 0.0237 period None osc 0.189@50 pr 3.3 sens10 -0.69 sens50 -0.76 sat None dead 0.00 frozen 0.37 nbin 299 fat 3.045 | 5.1s
run39|raw|0|0.9|dep|3|0.1|51|leak: DIVERGED at step 300
run39|raw|0|0.9|div|300|2.0|51|leak: static 0.218 sstatic 0.218 c1 1.000 c50 0.432 fac1 0.996 fac50 0.209 lock 0.00 move 0.0247 period None osc 0.209@50 pr 3.1 sens10 -0.68 sens50 -0.65 sat None dead 0.00 frozen 0.35 nbin 300 fat 3.200 | 5.1s
run39|raw|0|0.9|dep|3|0.1|50|leak: DIVERGED at step 310
run39|raw|0|0.9|div|30|2.0|50|leak: static 0.157 sstatic 0.157 c1 0.999 c50 0.012 fac1 0.995 fac50 -0.156 lock 0.00 move 0.0495 period None osc -0.156@50 pr 5.9 sens10 -0.54 sens50 -0.37 sat None dead 0.00 frozen 0.20 nbin 300 fat 2.428 | 9.3s
ex16|tri0.3|0|0.9|dep|100|0.1|50|leak: static 0.707 sstatic 0.795 c1 0.998 c50 0.637 fac1 0.991 fac50 -0.189 lock 0.00 move 0.0656 period None osc -0.206@44 pr 8.1 sens10 3.09 sens50 3.68 sat None dead 0.04 frozen 0.74 nbin 300 fat 0.455 | 70.1s
run39|raw|0|0.9|dep|10|0.1|50|leak: DIVERGED at step 560
run39|raw|0|0.9|div|100|0.5|50|leak: static 0.139 sstatic 0.139 c1 0.999 c50 0.194 fac1 0.996 fac50 0.062 lock 0.00 move 0.0339 period None osc 0.062@50 pr 3.9 sens10 -0.65 sens50 -0.60 sat None dead 0.00 frozen 0.01 nbin 300 fat 2.801 | 9.1s
run39|raw|0|0.9|dep|3|0.5|51|leak: DIVERGED at step 820
run39|raw|0|0.9|dep|3|0.5|50|leak: DIVERGED at step 849
run39|raw|0|0.9|dep|10|0.1|51|leak: DIVERGED at step 540
run39|raw|0|0.9|dep|10|0.5|50|leak: static 0.244 sstatic 0.244 c1 0.999 c50 0.353 fac1 0.994 fac50 0.091 lock 0.00 move 0.0384 period None osc 0.091@50 pr 3.9 sens10 -0.08 sens50 0.34 sat None dead 0.00 frozen 0.24 nbin 300 fat 0.422 | 5.7s
run39|raw|0|0.9|dep|10|0.5|51|leak: static 0.818 sstatic 0.818 c1 1.000 c50 0.841 fac1 0.993 fac50 0.040 lock 0.00 move 0.0212 period None osc 0.040@50 pr 4.3 sens10 -0.10 sens50 0.06 sat None dead 0.00 frozen 0.57 nbin 298 fat 0.391 | 5.8s
run39|raw|0|0.9|dep|30|0.1|50|leak: static 0.412 sstatic 0.412 c1 1.000 c50 1.000 fac1 0.982 fac50 0.345 lock 0.00 move 0.016 period None osc 0.345@50 pr 1.0 sens10 -0.28 sens50 -0.52 sat None dead 0.00 frozen 0.97 nbin 62 fat 0.250 | 5.8s
run39|relu|0|0.5|none|0|0.0|50|leak: DIVERGED at step 90
run39|relu|0|0.5|none|0|0.0|51|leak: DIVERGED at step 100
run39|raw|0|0.9|dep|30|0.1|51|leak: static 0.376 sstatic 0.376 c1 1.000 c50 0.999 fac1 0.981 fac50 0.322 lock 0.00 move 0.0177 period None osc 0.322@50 pr 1.0 sens10 -0.29 sens50 -0.48 sat None dead 0.00 frozen 0.94 nbin 79 fat 0.250 | 5.8s
run39|raw|0|0.9|dep|30|0.5|50|leak: static 0.303 sstatic 0.303 c1 0.999 c50 0.234 fac1 0.995 fac50 -0.055 lock 0.00 move 0.061 period None osc -0.055@50 pr 5.2 sens10 -0.06 sens50 0.11 sat None dead 0.00 frozen 0.93 nbin 205 fat 0.374 | 5.7s
ex16|tri0.3|0|0.9|dep|100|0.1|51|leak: static 0.691 sstatic 0.789 c1 0.998 c50 0.639 fac1 0.991 fac50 -0.188 lock 0.00 move 0.06 period None osc -0.196@45 pr 7.9 sens10 2.91 sens50 3.75 sat None dead 0.03 frozen 0.75 nbin 300 fat 0.453 | 72.5s
run39|relu|0|0.5|sub|3|0.5|50|leak: DIVERGED at step 130
run39|relu|0|0.5|sub|3|0.5|51|leak: DIVERGED at step 150
run39|relu|0|0.5|sub|10|0.5|51|leak: DIVERGED at step 110
run39|relu|0|0.5|sub|10|1.0|50|leak: DIVERGED at step 120
run39|relu|0|0.5|sub|10|0.5|50|leak: DIVERGED at step 100
run39|relu|0|0.5|sub|10|1.0|51|leak: DIVERGED at step 130
run39|raw|0|0.9|dep|100|0.5|50|leak: static 0.368 sstatic 0.368 c1 0.999 c50 0.245 fac1 0.995 fac50 -0.169 lock 0.00 move 0.107 period None osc -0.169@50 pr 5.7 sens10 -0.09 sens50 0.04 sat None dead 0.00 frozen 1.00 nbin 2 fat 0.329 | 5.8s
run39|relu|0|0.5|sub|30|0.5|50|leak: DIVERGED at step 100
run39|relu|0|0.5|sub|30|1.0|50|leak: DIVERGED at step 100
run39|relu|0|0.5|sub|100|0.5|50|leak: DIVERGED at step 90
run39|relu|0|0.5|sub|30|0.5|51|leak: DIVERGED at step 100
run39|relu|0|0.5|sub|30|1.0|51|leak: DIVERGED at step 110
run39|relu|0|0.5|sub|100|0.5|51|leak: DIVERGED at step 100
run39|relu|0|0.5|sub|100|1.0|50|leak: DIVERGED at step 90
run39|relu|0|0.5|sub|300|0.5|50|leak: DIVERGED at step 90
run39|raw|0|0.9|dep|300|0.1|50|leak: static 0.269 sstatic 0.269 c1 0.999 c50 0.201 fac1 0.994 fac50 -0.098 lock 0.00 move 0.0702 period None osc -0.098@50 pr 4.5 sens10 -0.15 sens50 -0.11 sat None dead 0.00 frozen 1.00 nbin 13 fat 0.287 | 5.7s
run39|raw|0|0.9|dep|300|0.1|51|leak: static 0.379 sstatic 0.379 c1 0.999 c50 0.355 fac1 0.995 fac50 -0.092 lock 0.00 move 0.066 period None osc -0.092@50 pr 4.6 sens10 -0.16 sens50 -0.09 sat None dead 0.00 frozen 0.99 nbin 26 fat 0.287 | 5.8s
run39|relu|0|0.5|sub|300|0.5|51|leak: DIVERGED at step 100
run39|relu|0|0.5|sub|300|1.0|50|leak: DIVERGED at step 90
run39|relu|0|0.5|sub|100|1.0|51|leak: DIVERGED at step 100
run39|relu|0|0.5|sub|300|1.0|51|leak: DIVERGED at step 100
run39|relu|0|0.5|sub|3|1.0|51|leak: DIVERGED at step 680
run39|relu|0|0.5|sub|3|1.0|50|leak: DIVERGED at step 723
run39|raw|0|0.9|dep|300|0.5|51|leak: static 0.429 sstatic 0.429 c1 0.999 c50 0.381 fac1 0.995 fac50 -0.101 lock 0.00 move 0.147 period None osc -0.101@50 pr 4.4 sens10 -0.16 sens50 -0.17 sat None dead 0.00 frozen 1.00 nbin 2 fat 0.271 | 5.9s
run39|raw|0|0.9|dep|30|0.5|51|leak: static 0.667 sstatic 0.667 c1 0.999 c50 0.623 fac1 0.995 fac50 -0.075 lock 0.00 move 0.0496 period None osc -0.075@50 pr 5.8 sens10 -0.06 sens50 0.24 sat None dead 0.00 frozen 0.92 nbin 231 fat 0.373 | 10.4s
run39|raw|0|0.9|dep|100|0.1|50|leak: static 0.276 sstatic 0.276 c1 0.999 c50 0.158 fac1 0.994 fac50 -0.192 lock 0.00 move 0.0497 period None osc -0.192@50 pr 5.3 sens10 -0.13 sens50 -0.12 sat None dead 0.00 frozen 0.55 nbin 300 fat 0.325 | 10.3s
run39|raw|0|0.9|dep|100|0.1|51|leak: static 0.335 sstatic 0.335 c1 0.999 c50 0.208 fac1 0.995 fac50 -0.158 lock 0.00 move 0.0466 period None osc -0.158@50 pr 5.0 sens10 -0.09 sens50 0.11 sat None dead 0.00 frozen 0.54 nbin 300 fat 0.333 | 10.5s
ex16|tri0.3|0|0.9|dep|300|0.1|50|leak: static 0.552 sstatic 0.719 c1 0.998 c50 0.454 fac1 0.992 fac50 -0.174 lock 0.00 move 0.0851 period None osc -0.177@44 pr 7.8 sens10 3.21 sens50 3.74 sat None dead 0.04 frozen 0.97 nbin 300 fat 0.282 | 71.9s
run39|raw|0|0.9|dep|100|0.5|51|leak: static 0.490 sstatic 0.490 c1 0.999 c50 0.405 fac1 0.994 fac50 -0.154 lock 0.00 move 0.0992 period None osc -0.154@50 pr 5.9 sens10 -0.12 sens50 -0.09 sat None dead 0.00 frozen 1.00 nbin 7 fat 0.310 | 10.5s
run39|relu|0|0.5|div|3|0.5|50|leak: static 0.903 sstatic 0.924 c1 0.991 c50 0.902 fac1 0.912 fac50 -0.029 lock 0.00 move 0.131 period None osc -0.270@8 pr 9.1 sens10 -0.06 sens50 0.92 sat None dead 0.00 frozen 0.51 nbin 300 fat 1.329 | 5.6s
run39|relu|0|0.5|div|3|0.5|51|leak: static 0.882 sstatic 0.896 c1 0.989 c50 0.877 fac1 0.905 fac50 0.002 lock 0.00 move 0.15 period None osc -0.233@8 pr 10.6 sens10 -0.06 sens50 0.84 sat None dead 0.00 frozen 0.44 nbin 300 fat 1.367 | 5.6s
ex16|tri0.3|0|0.9|dep|300|0.5|50|leak: static 0.528 sstatic 0.715 c1 0.995 c50 0.470 fac1 0.985 fac50 -0.139 lock 0.00 move 0.113 period None osc -0.155@40 pr 9.0 sens10 3.20 sens50 3.37 sat None dead 0.04 frozen 0.99 nbin 300 fat 0.182 | 69.4s
run39|relu|0|0.5|div|3|2.0|50|leak: static 0.903 sstatic 0.925 c1 0.990 c50 0.893 fac1 0.907 fac50 -0.091 lock 0.00 move 0.163 period None osc -0.262@9 pr 9.3 sens10 0.05 sens50 0.99 sat None dead 0.00 frozen 1.00 nbin 7 fat 1.315 | 5.5s
run39|relu|0|0.5|div|3|2.0|51|leak: static 0.873 sstatic 0.898 c1 0.987 c50 0.871 fac1 0.895 fac50 -0.034 lock 0.00 move 0.183 period None osc -0.333@9 pr 9.0 sens10 0.02 sens50 0.81 sat None dead 0.00 frozen 0.99 nbin 20 fat 1.387 | 5.6s
run39|relu|0|0.5|div|10|0.5|51|leak: static 0.618 sstatic 0.689 c1 0.977 c50 0.637 fac1 0.937 fac50 0.016 lock 0.00 move 0.214 period None osc -0.314@13 pr 11.2 sens10 -0.06 sens50 0.62 sat None dead 0.00 frozen 0.18 nbin 300 fat 1.495 | 5.6s
run39|relu|0|0.5|div|10|2.0|50|leak: static 0.619 sstatic 0.705 c1 0.977 c50 0.589 fac1 0.938 fac50 -0.093 lock 0.00 move 0.22 period None osc -0.306@11 pr 10.1 sens10 -0.22 sens50 0.78 sat None dead 0.00 frozen 0.46 nbin 300 fat 1.461 | 5.5s
run39|raw|0|0.9|dep|300|0.5|50|leak: static 0.284 sstatic 0.284 c1 0.999 c50 0.242 fac1 0.996 fac50 -0.062 lock 0.00 move 0.165 period None osc -0.062@50 pr 4.1 sens10 -0.17 sens50 -0.17 sat None dead 0.00 frozen 1.00 nbin 1 fat 0.281 | 10.6s
run39|relu|0|0.5|div|10|2.0|51|leak: static 0.622 sstatic 0.699 c1 0.975 c50 0.689 fac1 0.931 fac50 0.127 lock 0.00 move 0.233 period None osc -0.315@11 pr 11.1 sens10 -0.05 sens50 0.74 sat None dead 0.00 frozen 0.46 nbin 300 fat 1.548 | 5.6s
run39|relu|0|0.5|dep|3|0.1|50|leak: DIVERGED at step 120
run39|relu|0|0.5|dep|3|0.1|51|leak: DIVERGED at step 130
run39|relu|0|0.5|div|30|0.5|50|leak: static 0.533 sstatic 0.634 c1 0.983 c50 0.525 fac1 0.961 fac50 -0.028 lock 0.00 move 0.182 period None osc -0.227@16 pr 11.5 sens10 -0.13 sens50 0.73 sat None dead 0.00 frozen 0.13 nbin 300 fat 1.726 | 5.6s
run39|relu|0|0.5|dep|3|0.5|50|leak: DIVERGED at step 450
run39|relu|0|0.5|dep|10|0.1|51|leak: DIVERGED at step 270
run39|relu|0|0.5|dep|10|0.1|50|leak: DIVERGED at step 230
run39|relu|0|0.5|dep|3|0.5|51|leak: DIVERGED at step 590
run39|relu|0|0.5|div|10|0.5|50|leak: static 0.642 sstatic 0.724 c1 0.978 c50 0.687 fac1 0.938 fac50 0.107 lock 0.00 move 0.208 period None osc -0.337@12 pr 9.6 sens10 -0.08 sens50 0.82 sat None dead 0.00 frozen 0.20 nbin 300 fat 1.505 | 10.1s
run39|relu|0|0.5|div|100|2.0|50|leak: static 0.486 sstatic 0.604 c1 0.987 c50 0.494 fac1 0.973 fac50 -0.016 lock 0.00 move 0.169 period None osc -0.119@22 pr 10.9 sens10 -0.27 sens50 0.50 sat None dead 0.00 frozen 0.31 nbin 300 fat 1.773 | 5.5s
run39|relu|0|0.5|div|100|2.0|51|leak: static 0.468 sstatic 0.581 c1 0.985 c50 0.455 fac1 0.968 fac50 -0.045 lock 0.00 move 0.177 period None osc -0.110@18 pr 11.2 sens10 -0.23 sens50 0.65 sat None dead 0.00 frozen 0.33 nbin 300 fat 1.789 | 5.5s
run39|relu|0|0.5|div|300|0.5|51|leak: static 0.384 sstatic 0.477 c1 0.989 c50 0.485 fac1 0.979 fac50 0.021 lock 0.00 move 0.154 period None osc 0.019@36 pr 7.8 sens10 -0.07 sens50 0.70 sat None dead 0.00 frozen 0.10 nbin 300 fat 1.865 | 5.5s
run39|relu|0|0.5|div|300|2.0|50|leak: static 0.431 sstatic 0.551 c1 0.989 c50 0.434 fac1 0.977 fac50 -0.072 lock 0.00 move 0.16 period None osc -0.083@26 pr 9.5 sens10 -0.37 sens50 0.16 sat None dead 0.00 frozen 0.28 nbin 300 fat 1.809 | 5.5s
run39|relu|0|0.5|div|300|2.0|51|leak: static 0.418 sstatic 0.527 c1 0.987 c50 0.434 fac1 0.978 fac50 -0.066 lock 0.00 move 0.167 period None osc -0.067@45 pr 8.8 sens10 -0.17 sens50 0.58 sat None dead 0.00 frozen 0.30 nbin 300 fat 1.849 | 5.5s
run39|relu|0|0.5|div|30|0.5|51|leak: static 0.528 sstatic 0.629 c1 0.981 c50 0.529 fac1 0.957 fac50 -0.005 lock 0.00 move 0.193 period None osc -0.209@14 pr 11.7 sens10 -0.12 sens50 0.76 sat None dead 0.00 frozen 0.13 nbin 300 fat 1.791 | 10.0s
run39|relu|0|0.5|div|30|2.0|50|leak: static 0.521 sstatic 0.633 c1 0.983 c50 0.558 fac1 0.962 fac50 0.036 lock 0.00 move 0.193 period None osc -0.229@17 pr 10.6 sens10 -0.21 sens50 0.75 sat None dead 0.00 frozen 0.35 nbin 300 fat 1.599 | 10.0s
run39|relu|0|0.5|div|30|2.0|51|leak: static 0.521 sstatic 0.624 c1 0.982 c50 0.515 fac1 0.961 fac50 -0.006 lock 0.00 move 0.195 period None osc -0.204@16 pr 11.5 sens10 -0.23 sens50 0.49 sat None dead 0.00 frozen 0.36 nbin 300 fat 1.719 | 10.2s
run39|relu|0|0.5|div|100|0.5|51|leak: static 0.464 sstatic 0.578 c1 0.986 c50 0.437 fac1 0.971 fac50 -0.071 lock 0.00 move 0.164 period None osc -0.083@19 pr 11.0 sens10 -0.18 sens50 0.61 sat None dead 0.00 frozen 0.11 nbin 300 fat 1.675 | 10.0s
run39|relu|0|0.5|div|100|0.5|50|leak: static 0.477 sstatic 0.590 c1 0.986 c50 0.452 fac1 0.971 fac50 -0.098 lock 0.00 move 0.163 period None osc -0.138@19 pr 11.2 sens10 -0.18 sens50 0.63 sat None dead 0.00 frozen 0.12 nbin 300 fat 1.695 | 10.2s
run39|relu|0|0.5|dep|10|0.5|50|leak: static 0.815 sstatic 0.847 c1 0.982 c50 0.820 fac1 0.900 fac50 -0.002 lock 0.00 move 0.229 period None osc -0.268@9 pr 12.9 sens10 0.31 sens50 1.60 sat None dead 0.00 frozen 0.61 nbin 300 fat 0.703 | 6.4s
run39|relu|0|0.5|dep|10|0.5|51|leak: static 0.808 sstatic 0.834 c1 0.978 c50 0.811 fac1 0.891 fac50 -0.010 lock 0.00 move 0.238 period None osc -0.302@9 pr 11.8 sens10 0.22 sens50 1.52 sat None dead 0.00 frozen 0.62 nbin 300 fat 0.728 | 6.5s
run39|relu|0|0.5|div|300|0.5|50|leak: static 0.434 sstatic 0.551 c1 0.989 c50 0.454 fac1 0.974 fac50 -0.037 lock 0.00 move 0.153 period None osc -0.037@50 pr 9.2 sens10 -0.19 sens50 0.41 sat None dead 0.00 frozen 0.11 nbin 300 fat 1.825 | 9.9s
run39|relu|0|0.5|dep|30|0.1|51|leak: static 0.653 sstatic 0.708 c1 0.979 c50 0.674 fac1 0.939 fac50 0.011 lock 0.00 move 0.203 period None osc -0.177@12 pr 13.8 sens10 0.24 sens50 1.19 sat None dead 0.00 frozen 0.13 nbin 300 fat 0.630 | 6.4s
run39|relu|0|0.9|none|0|0.0|50|leak: DIVERGED at step 330
run39|relu|0|0.9|none|0|0.0|51|leak: DIVERGED at step 360
run39|relu|0|0.5|dep|30|0.5|51|leak: static 0.629 sstatic 0.696 c1 0.963 c50 0.638 fac1 0.912 fac50 0.007 lock 0.00 move 0.375 period None osc -0.225@10 pr 14.1 sens10 0.31 sens50 1.41 sat None dead 0.00 frozen 0.92 nbin 294 fat 0.652 | 6.2s
run39|relu|0|0.5|dep|100|0.1|50|leak: static 0.501 sstatic 0.608 c1 0.972 c50 0.492 fac1 0.942 fac50 -0.038 lock 0.00 move 0.285 period None osc -0.124@14 pr 14.3 sens10 0.25 sens50 1.65 sat None dead 0.00 frozen 0.47 nbin 300 fat 0.585 | 6.3s
run39|relu|0|0.5|dep|100|0.1|51|leak: static 0.490 sstatic 0.584 c1 0.969 c50 0.499 fac1 0.941 fac50 -0.046 lock 0.00 move 0.291 period None osc -0.096@18 pr 13.7 sens10 0.11 sens50 1.73 sat None dead 0.00 frozen 0.40 nbin 300 fat 0.578 | 6.3s
run39|relu|0|0.5|dep|100|0.5|50|leak: static 0.495 sstatic 0.608 c1 0.973 c50 0.487 fac1 0.945 fac50 -0.045 lock 0.00 move 0.637 period None osc -0.123@18 pr 13.5 sens10 0.20 sens50 1.63 sat None dead 0.00 frozen 0.99 nbin 23 fat 0.577 | 6.3s
run39|relu|0|0.5|dep|100|0.5|51|leak: static 0.550 sstatic 0.634 c1 0.966 c50 0.549 fac1 0.931 fac50 -0.030 lock 0.00 move 0.615 period None osc -0.134@22 pr 13.4 sens10 0.15 sens50 1.48 sat None dead 0.00 frozen 0.99 nbin 28 fat 0.586 | 6.3s
run39|relu|0|0.9|sub|10|0.5|50|leak: DIVERGED at step 470
run39|relu|0|0.9|sub|30|0.5|50|leak: DIVERGED at step 370
run39|relu|0|0.9|sub|3|0.5|50|leak: DIVERGED at step 805
run39|relu|0|0.9|sub|30|0.5|51|leak: DIVERGED at step 410
run39|relu|0|0.9|sub|10|0.5|51|leak: DIVERGED at step 540
run39|relu|0|0.9|sub|100|0.5|50|leak: DIVERGED at step 350
run39|relu|0|0.5|dep|30|0.1|50|leak: static 0.668 sstatic 0.721 c1 0.982 c50 0.669 fac1 0.944 fac50 -0.061 lock 0.00 move 0.189 period None osc -0.233@13 pr 12.4 sens10 0.20 sens50 1.42 sat None dead 0.00 frozen 0.17 nbin 300 fat 0.642 | 11.5s
run39|relu|0|0.9|sub|30|1.0|50|leak: DIVERGED at step 450
run39|relu|0|0.9|sub|100|0.5|51|leak: DIVERGED at step 370
run39|relu|0|0.9|sub|100|1.0|50|leak: DIVERGED at step 360
run39|relu|0|0.5|dep|30|0.5|50|leak: static 0.613 sstatic 0.692 c1 0.969 c50 0.635 fac1 0.921 fac50 0.027 lock 0.00 move 0.377 period None osc -0.212@10 pr 13.6 sens10 0.27 sens50 1.50 sat None dead 0.00 frozen 0.92 nbin 294 fat 0.657 | 11.4s
run39|relu|0|0.9|sub|30|1.0|51|leak: DIVERGED at step 510
run39|relu|0|0.9|sub|3|1.0|50|leak: static 0.000 sstatic 0.385 c1 -0.157 c50 -0.659 fac1 -0.162 fac50 -0.563 lock 0.00 move 1.79 period 4 osc -0.671@2 pr 2.3 sens10 -0.99 sens50 -2.31 sat None dead 0.00 frozen 1.00 nbin 1 fat 0.994 | 5.6s
run39|relu|0|0.9|sub|10|1.0|50|leak: static 0.017 sstatic 0.205 c1 0.988 c50 0.167 fac1 0.980 fac50 0.065 lock 0.00 move 0.15 period None osc -0.381@23 pr 5.0 sens10 -0.14 sens50 -0.04 sat None dead 0.00 frozen 0.00 nbin 300 fat 0.834 | 5.6s
run39|relu|0|0.9|sub|10|1.0|51|leak: static 0.024 sstatic 0.181 c1 0.987 c50 0.117 fac1 0.978 fac50 0.035 lock 0.00 move 0.153 period None osc -0.304@23 pr 4.3 sens10 -0.30 sens50 -0.05 sat None dead 0.00 frozen 0.00 nbin 300 fat 0.844 | 5.6s
run39|relu|0|0.9|sub|300|1.0|50|leak: DIVERGED at step 340
run39|relu|0|0.9|sub|100|1.0|51|leak: DIVERGED at step 390
run39|relu|0|0.9|sub|300|0.5|51|leak: DIVERGED at step 360
run39|relu|0|0.9|sub|300|1.0|51|leak: DIVERGED at step 370
run39|relu|0|0.5|dep|300|0.1|50|leak: static 0.451 sstatic 0.559 c1 0.976 c50 0.441 fac1 0.957 fac50 -0.091 lock 0.00 move 0.472 period None osc -0.091@50 pr 11.8 sens10 0.19 sens50 1.48 sat None dead 0.00 frozen 0.96 nbin 123 fat 0.554 | 11.4s
run39|relu|0|0.5|dep|300|0.1|51|leak: static 0.465 sstatic 0.567 c1 0.974 c50 0.460 fac1 0.953 fac50 -0.058 lock 0.00 move 0.426 period None osc -0.119@34 pr 12.4 sens10 0.13 sens50 1.32 sat None dead 0.00 frozen 0.96 nbin 179 fat 0.545 | 11.4s
run39|relu|0|0.5|dep|300|0.5|50|leak: static 0.439 sstatic 0.557 c1 0.976 c50 0.459 fac1 0.957 fac50 -0.056 lock 0.00 move 0.861 period None osc -0.088@34 pr 11.5 sens10 -0.01 sens50 0.77 sat None dead 0.00 frozen 1.00 nbin 7 fat 0.558 | 11.3s
run39|relu|0|0.9|sub|300|0.5|50|leak: DIVERGED at step 340
run39|relu|0|0.9|sub|3|0.5|51|leak: DIVERGED at step 957
run39|relu|0|0.5|dep|300|0.5|51|leak: static 0.474 sstatic 0.590 c1 0.968 c50 0.501 fac1 0.943 fac50 -0.046 lock 0.00 move 0.793 period None osc -0.090@34 pr 10.7 sens10 0.22 sens50 1.30 sat None dead 0.00 frozen 1.00 nbin 9 fat 0.541 | 11.7s
run39|relu|0|0.9|sub|3|1.0|51|leak: static 0.000 sstatic 0.381 c1 -0.126 c50 -0.708 fac1 -0.139 fac50 -0.601 lock 0.00 move 1.61 period 4 osc -0.716@2 pr 2.3 sens10 -1.01 sens50 -2.18 sat None dead 0.00 frozen 1.00 nbin 1 fat 1.004 | 10.4s
run39|relu|0|0.9|div|3|0.5|51|leak: static 0.964 sstatic 0.970 c1 1.000 c50 0.967 fac1 0.994 fac50 0.037 lock 0.94 move 0.00834 period None osc 0.037@50 pr 3.4 sens10 -0.49 sens50 -0.33 sat None dead 0.00 frozen 0.78 nbin 288 fat 1.283 | 5.7s
run39|relu|0|0.9|div|3|2.0|50|leak: static 0.974 sstatic 0.978 c1 1.000 c50 0.981 fac1 0.995 fac50 0.206 lock 0.94 move 0.0161 period None osc 0.206@50 pr 2.8 sens10 -0.47 sens50 -0.25 sat None dead 0.00 frozen 1.00 nbin 1 fat 1.277 | 5.6s
run39|relu|0|0.9|div|3|2.0|51|leak: static 0.973 sstatic 0.977 c1 1.000 c50 0.963 fac1 0.995 fac50 -0.332 lock 0.82 move 0.0179 period None osc -0.332@50 pr 3.7 sens10 -0.53 sens50 -0.46 sat None dead 0.00 frozen 1.00 nbin 1 fat 1.328 | 5.7s
run39|relu|0|0.9|div|10|0.5|50|leak: static 0.958 sstatic 0.967 c1 1.000 c50 0.949 fac1 0.994 fac50 -0.171 lock 0.29 move 0.0123 period None osc -0.171@50 pr 4.4 sens10 -0.39 sens50 -0.24 sat None dead 0.00 frozen 0.75 nbin 295 fat 1.259 | 5.6s
run39|relu|0|0.9|div|10|0.5|51|leak: static 0.941 sstatic 0.951 c1 1.000 c50 0.914 fac1 0.994 fac50 -0.404 lock 0.00 move 0.018 period None osc -0.410@47 pr 4.9 sens10 -0.40 sens50 -0.31 sat None dead 0.00 frozen 0.70 nbin 300 fat 1.325 | 5.6s
run39|relu|0|0.9|div|10|2.0|50|leak: static 0.946 sstatic 0.957 c1 1.000 c50 0.934 fac1 0.994 fac50 -0.226 lock 0.12 move 0.021 period None osc -0.226@50 pr 4.4 sens10 -0.39 sens50 -0.21 sat None dead 0.00 frozen 1.00 nbin 1 fat 1.267 | 5.6s
run39|relu|0|0.9|div|10|2.0|51|leak: static 0.946 sstatic 0.957 c1 1.000 c50 0.921 fac1 0.994 fac50 -0.431 lock 0.00 move 0.0232 period None osc -0.436@46 pr 4.0 sens10 -0.38 sens50 -0.08 sat None dead 0.00 frozen 1.00 nbin 1 fat 1.318 | 5.7s
run39|relu|0|0.9|div|30|0.5|50|leak: static 0.763 sstatic 0.803 c1 0.999 c50 0.643 fac1 0.994 fac50 -0.398 lock 0.00 move 0.0333 period None osc -0.398@50 pr 4.0 sens10 -0.41 sens50 -0.29 sat None dead 0.00 frozen 0.46 nbin 300 fat 1.435 | 5.6s
run39|relu|0|0.9|dep|3|0.1|50|leak: DIVERGED at step 480
run39|relu|0|0.9|dep|3|0.1|51|leak: DIVERGED at step 530
run39|relu|0|0.9|div|3|0.5|50|leak: static 0.988 sstatic 0.989 c1 1.000 c50 0.989 fac1 0.994 fac50 0.017 lock 0.94 move 0.00583 period None osc 0.017@50 pr 3.1 sens10 -0.47 sens50 -0.19 sat None dead 0.00 frozen 0.87 nbin 245 fat 1.279 | 10.5s
run39|relu|0|0.9|div|300|0.5|50|leak: static 0.563 sstatic 0.645 c1 1.000 c50 0.592 fac1 0.993 fac50 0.004 lock 0.00 move 0.0259 period None osc 0.004@50 pr 4.1 sens10 -0.50 sens50 -0.45 sat None dead 0.00 frozen 0.29 nbin 300 fat 1.671 | 5.7s
run39|relu|0|0.9|div|300|0.5|51|leak: static 0.560 sstatic 0.648 c1 1.000 c50 0.548 fac1 0.994 fac50 -0.091 lock 0.00 move 0.0293 period None osc -0.091@50 pr 4.5 sens10 -0.48 sens50 -0.39 sat None dead 0.00 frozen 0.30 nbin 300 fat 1.698 | 5.7s
run39|relu|0|0.9|div|30|2.0|50|leak: static 0.760 sstatic 0.804 c1 1.000 c50 0.660 fac1 0.994 fac50 -0.381 lock 0.00 move 0.035 period None osc -0.381@50 pr 5.4 sens10 -0.41 sens50 -0.22 sat None dead 0.00 frozen 0.82 nbin 272 fat 1.394 | 10.1s
run39|relu|0|0.9|div|30|0.5|51|leak: static 0.743 sstatic 0.790 c1 0.999 c50 0.615 fac1 0.995 fac50 -0.370 lock 0.00 move 0.0349 period None osc -0.370@50 pr 5.5 sens10 -0.45 sens50 -0.37 sat None dead 0.00 frozen 0.41 nbin 300 fat 1.492 | 10.4s
run39|relu|0|0.9|div|30|2.0|51|leak: static 0.746 sstatic 0.795 c1 0.999 c50 0.642 fac1 0.994 fac50 -0.357 lock 0.00 move 0.037 period None osc -0.359@48 pr 5.6 sens10 -0.42 sens50 -0.31 sat None dead 0.00 frozen 0.79 nbin 280 fat 1.495 | 10.2s
run39|relu|0|0.9|div|300|2.0|50|leak: static 0.574 sstatic 0.665 c1 1.000 c50 0.631 fac1 0.993 fac50 0.061 lock 0.00 move 0.0286 period None osc 0.061@50 pr 3.8 sens10 -0.49 sens50 -0.42 sat None dead 0.00 frozen 0.67 nbin 241 fat 1.638 | 5.7s
run39|relu|0|0.9|div|300|2.0|51|leak: static 0.573 sstatic 0.650 c1 1.000 c50 0.532 fac1 0.995 fac50 -0.159 lock 0.00 move 0.0326 period None osc -0.159@50 pr 4.5 sens10 -0.51 sens50 -0.41 sat None dead 0.00 frozen 0.61 nbin 285 fat 1.692 | 5.7s
run39|relu|0|0.9|div|100|0.5|50|leak: static 0.588 sstatic 0.677 c1 1.000 c50 0.561 fac1 0.996 fac50 -0.091 lock 0.00 move 0.0319 period None osc -0.091@50 pr 4.8 sens10 -0.49 sens50 -0.31 sat None dead 0.00 frozen 0.30 nbin 300 fat 1.599 | 10.5s
run39|relu|0|0.9|div|100|0.5|51|leak: static 0.581 sstatic 0.660 c1 0.999 c50 0.501 fac1 0.996 fac50 -0.182 lock 0.00 move 0.032 period None osc -0.182@50 pr 4.8 sens10 -0.46 sens50 -0.37 sat None dead 0.00 frozen 0.30 nbin 300 fat 1.609 | 10.5s
run39|relu|0|0.9|dep|3|0.5|50|leak: static 0.206 sstatic 0.206 c1 1.000 c50 1.000 fac1 0.967 fac50 0.155 lock 0.00 move 0.0329 period None osc 0.155@50 pr 1.0 sens10 -0.30 sens50 -0.60 sat None dead 0.00 frozen 1.00 nbin 2 fat 0.695 | 6.4s
run39|relu|0|0.9|dep|3|0.5|51|leak: static 0.284 sstatic 0.284 c1 1.000 c50 0.994 fac1 0.975 fac50 0.244 lock 0.00 move 0.0237 period None osc 0.244@50 pr 1.0 sens10 -0.28 sens50 -0.29 sat None dead 0.00 frozen 0.87 nbin 208 fat 0.711 | 6.5s
run39|relu|0|0.9|div|100|2.0|50|leak: static 0.575 sstatic 0.670 c1 0.999 c50 0.478 fac1 0.995 fac50 -0.193 lock 0.00 move 0.0345 period None osc -0.193@50 pr 5.0 sens10 -0.47 sens50 -0.33 sat None dead 0.00 frozen 0.57 nbin 299 fat 1.541 | 10.4s
run39|relu|0|0.9|div|100|2.0|51|leak: static 0.597 sstatic 0.691 c1 0.999 c50 0.495 fac1 0.995 fac50 -0.207 lock 0.00 move 0.0342 period None osc -0.207@50 pr 5.2 sens10 -0.47 sens50 -0.36 sat None dead 0.00 frozen 0.58 nbin 299 fat 1.661 | 10.6s
run39|relu|0|0.9|dep|10|0.1|50|leak: static nan sstatic nan c1 nan c50 nan fac1 nan fac50 nan lock 0.00 move nan period 1 osc nan@1 pr nan sens10 None sens50 None sat None dead 0.00 frozen 1.00 nbin 2 fat 0.746 | 6.3s
run39|relu|0|0.9|dep|10|0.1|51|leak: static nan sstatic nan c1 nan c50 nan fac1 nan fac50 nan lock 0.00 move nan period 1 osc nan@1 pr nan sens10 None sens50 None sat None dead 0.00 frozen 0.86 nbin 244 fat 0.760 | 6.5s
run39|tri1.0|0|0.5|none|0|0.0|50|leak: DIVERGED at step 100
run39|tri1.0|0|0.5|none|0|0.0|51|leak: DIVERGED at step 100
run39|relu|0|0.9|dep|30|0.1|50|leak: static 0.928 sstatic 0.938 c1 1.000 c50 0.905 fac1 0.994 fac50 -0.332 lock 0.00 move 0.0217 period None osc -0.333@47 pr 5.5 sens10 -0.08 sens50 -0.04 sat None dead 0.00 frozen 0.72 nbin 300 fat 0.728 | 6.4s
run39|relu|0|0.9|dep|10|0.5|51|leak: static 0.987 sstatic 0.987 c1 1.000 c50 0.985 fac1 0.994 fac50 -0.171 lock 0.94 move 0.0224 period None osc -0.171@50 pr 3.8 sens10 -0.13 sens50 -0.26 sat None dead 0.00 frozen 0.94 nbin 264 fat 0.763 | 6.5s
run39|tri1.0|0|0.5|sub|3|0.5|50|leak: DIVERGED at step 140
run39|tri1.0|0|0.5|sub|3|0.5|51|leak: DIVERGED at step 140
run39|relu|0|0.9|dep|100|0.1|50|leak: static 0.700 sstatic 0.749 c1 0.999 c50 0.628 fac1 0.994 fac50 -0.215 lock 0.00 move 0.0502 period None osc -0.215@50 pr 6.2 sens10 -0.08 sens50 0.14 sat None dead 0.00 frozen 0.90 nbin 262 fat 0.668 | 6.4s
run39|relu|0|0.9|dep|100|0.1|51|leak: static 0.694 sstatic 0.744 c1 0.999 c50 0.607 fac1 0.994 fac50 -0.252 lock 0.00 move 0.0502 period None osc -0.252@50 pr 6.7 sens10 -0.07 sens50 0.33 sat None dead 0.00 frozen 0.89 nbin 268 fat 0.682 | 6.4s
run39|tri1.0|0|0.5|sub|10|0.5|50|leak: DIVERGED at step 110
run39|tri1.0|0|0.5|sub|10|0.5|51|leak: DIVERGED at step 110
run39|tri1.0|0|0.5|sub|10|1.0|50|leak: DIVERGED at step 120
run39|tri1.0|0|0.5|sub|30|0.5|50|leak: DIVERGED at step 100
run39|tri1.0|0|0.5|sub|10|1.0|51|leak: DIVERGED at step 120
run39|relu|0|0.9|dep|300|0.1|50|leak: static 0.555 sstatic 0.648 c1 0.999 c50 0.511 fac1 0.996 fac50 -0.123 lock 0.00 move 0.088 period None osc -0.123@50 pr 5.3 sens10 -0.14 sens50 0.31 sat None dead 0.00 frozen 1.00 nbin 2 fat 0.619 | 6.5s
run39|relu|0|0.9|dep|300|0.1|51|leak: static 0.557 sstatic 0.647 c1 0.999 c50 0.510 fac1 0.996 fac50 -0.115 lock 0.00 move 0.0767 period None osc -0.115@50 pr 5.3 sens10 -0.10 sens50 0.13 sat None dead 0.00 frozen 0.99 nbin 20 fat 0.611 | 6.6s
run39|tri1.0|0|0.5|sub|30|0.5|51|leak: DIVERGED at step 100
run39|tri1.0|0|0.5|sub|30|1.0|50|leak: DIVERGED at step 100
run39|tri1.0|0|0.5|sub|30|1.0|51|leak: DIVERGED at step 100
run39|tri1.0|0|0.5|sub|100|0.5|50|leak: DIVERGED at step 100
run39|tri1.0|0|0.5|sub|100|0.5|51|leak: DIVERGED at step 100
run39|tri1.0|0|0.5|sub|100|1.0|51|leak: DIVERGED at step 100
run39|tri1.0|0|0.5|sub|300|0.5|50|leak: DIVERGED at step 100
run39|tri1.0|0|0.5|sub|300|0.5|51|leak: DIVERGED at step 100
run39|tri1.0|0|0.5|sub|300|1.0|50|leak: DIVERGED at step 100
run39|tri1.0|0|0.5|sub|300|1.0|51|leak: DIVERGED at step 100
run39|tri1.0|0|0.5|sub|100|1.0|50|leak: DIVERGED at step 100
run39|relu|0|0.9|dep|10|0.5|50|leak: static 0.975 sstatic 0.977 c1 1.000 c50 0.973 fac1 0.993 fac50 -0.063 lock 0.92 move 0.0244 period None osc -0.063@50 pr 4.3 sens10 -0.09 sens50 0.11 sat None dead 0.00 frozen 0.93 nbin 255 fat 0.757 | 11.8s
run39|relu|0|0.9|dep|30|0.1|51|leak: static 0.927 sstatic 0.930 c1 1.000 c50 0.895 fac1 0.993 fac50 -0.406 lock 0.00 move 0.0219 period None osc -0.406@50 pr 5.2 sens10 -0.08 sens50 0.19 sat None dead 0.00 frozen 0.71 nbin 300 fat 0.754 | 11.5s
run39|relu|0|0.9|dep|30|0.5|50|leak: static 0.953 sstatic 0.954 c1 1.000 c50 0.941 fac1 0.993 fac50 -0.225 lock 0.02 move 0.0662 period None osc -0.252@42 pr 6.2 sens10 -0.08 sens50 0.34 sat None dead 0.00 frozen 1.00 nbin 2 fat 0.748 | 11.8s
run39|tri1.0|0|0.5|sub|3|1.0|51|leak: DIVERGED at step 719
run39|relu|0|0.9|dep|30|0.5|51|leak: static 0.941 sstatic 0.946 c1 1.000 c50 0.928 fac1 0.994 fac50 -0.222 lock 0.00 move 0.0615 period None osc -0.222@50 pr 5.4 sens10 -0.08 sens50 0.26 sat None dead 0.00 frozen 1.00 nbin 9 fat 0.746 | 11.6s
run39|tri1.0|0|0.5|sub|3|1.0|50|leak: DIVERGED at step 791
run39|relu|0|0.9|dep|100|0.5|51|leak: static 0.725 sstatic 0.759 c1 0.999 c50 0.637 fac1 0.994 fac50 -0.244 lock 0.00 move 0.118 period None osc -0.244@50 pr 5.8 sens10 -0.09 sens50 0.16 sat None dead 0.00 frozen 1.00 nbin 2 fat 0.676 | 11.6s
run39|relu|0|0.9|dep|100|0.5|50|leak: static 0.695 sstatic 0.773 c1 0.999 c50 0.622 fac1 0.994 fac50 -0.258 lock 0.00 move 0.132 period None osc -0.258@50 pr 6.7 sens10 -0.07 sens50 0.02 sat None dead 0.00 frozen 1.00 nbin 1 fat 0.679 | 11.9s
run39|relu|0|0.9|dep|300|0.5|50|leak: static 0.577 sstatic 0.682 c1 0.999 c50 0.537 fac1 0.993 fac50 -0.117 lock 0.00 move 0.172 period None osc -0.117@50 pr 5.3 sens10 -0.11 sens50 0.22 sat None dead 0.00 frozen 1.00 nbin 1 fat 0.617 | 11.9s
run39|relu|0|0.9|dep|300|0.5|51|leak: static 0.623 sstatic 0.700 c1 0.999 c50 0.626 fac1 0.993 fac50 -0.074 lock 0.00 move 0.154 period None osc -0.074@50 pr 4.8 sens10 -0.11 sens50 0.34 sat None dead 0.00 frozen 1.00 nbin 1 fat 0.613 | 11.7s
run39|tri1.0|0|0.5|div|3|0.5|50|leak: static 0.895 sstatic 0.918 c1 0.991 c50 0.901 fac1 0.913 fac50 0.002 lock 0.00 move 0.135 period None osc -0.280@9 pr 9.0 sens10 0.08 sens50 1.00 sat None dead 0.00 frozen 0.50 nbin 300 fat 1.296 | 9.0s
run39|tri1.0|0|0.5|div|3|0.5|51|leak: static 0.853 sstatic 0.880 c1 0.987 c50 0.844 fac1 0.909 fac50 -0.077 lock 0.00 move 0.162 period None osc -0.357@9 pr 7.8 sens10 0.03 sens50 1.05 sat None dead 0.00 frozen 0.41 nbin 300 fat 1.361 | 9.0s
run39|tri1.0|0|0.5|div|3|2.0|50|leak: static 0.893 sstatic 0.915 c1 0.990 c50 0.894 fac1 0.909 fac50 -0.021 lock 0.00 move 0.166 period None osc -0.287@9 pr 8.8 sens10 0.01 sens50 1.09 sat None dead 0.00 frozen 1.00 nbin 7 fat 1.299 | 9.0s
run39|tri1.0|0|0.5|div|3|2.0|51|leak: static 0.846 sstatic 0.880 c1 0.985 c50 0.799 fac1 0.901 fac50 -0.253 lock 0.00 move 0.19 period None osc -0.395@10 pr 6.2 sens10 0.07 sens50 0.71 sat None dead 0.00 frozen 0.97 nbin 61 fat 1.424 | 9.1s
run39|tri1.0|0|0.5|div|10|0.5|50|leak: static 0.643 sstatic 0.713 c1 0.978 c50 0.631 fac1 0.938 fac50 -0.014 lock 0.00 move 0.208 period None osc -0.273@11 pr 11.9 sens10 -0.16 sens50 0.66 sat None dead 0.00 frozen 0.18 nbin 300 fat 1.453 | 9.0s
run39|tri1.0|0|0.5|div|30|0.5|51|leak: static 0.530 sstatic 0.636 c1 0.982 c50 0.532 fac1 0.959 fac50 -0.020 lock 0.00 move 0.192 period None osc -0.206@13 pr 11.5 sens10 -0.14 sens50 0.69 sat None dead 0.00 frozen 0.14 nbin 300 fat 1.686 | 9.1s
run39|tri1.0|0|0.5|div|30|2.0|51|leak: static 0.528 sstatic 0.641 c1 0.982 c50 0.531 fac1 0.960 fac50 -0.030 lock 0.00 move 0.195 period None osc -0.186@14 pr 11.5 sens10 -0.16 sens50 0.57 sat None dead 0.00 frozen 0.37 nbin 300 fat 1.716 | 9.1s
run39|tri1.0|0|0.5|div|10|0.5|51|leak: static 0.618 sstatic 0.712 c1 0.978 c50 0.620 fac1 0.938 fac50 -0.020 lock 0.00 move 0.211 period None osc -0.338@10 pr 11.1 sens10 -0.05 sens50 0.55 sat None dead 0.00 frozen 0.19 nbin 300 fat 1.573 | 13.0s
run39|tri1.0|0|0.5|div|10|2.0|51|leak: static 0.633 sstatic 0.716 c1 0.977 c50 0.636 fac1 0.935 fac50 -0.014 lock 0.00 move 0.225 period None osc -0.320@10 pr 11.3 sens10 -0.04 sens50 1.00 sat None dead 0.00 frozen 0.46 nbin 300 fat 1.631 | 13.4s
run39|tri1.0|0|0.5|div|30|0.5|50|leak: static 0.538 sstatic 0.644 c1 0.983 c50 0.541 fac1 0.961 fac50 -0.009 lock 0.00 move 0.184 period None osc -0.210@17 pr 10.9 sens10 -0.13 sens50 0.80 sat None dead 0.00 frozen 0.14 nbin 300 fat 1.617 | 13.4s
run39|tri1.0|0|0.5|div|30|2.0|50|leak: static 0.526 sstatic 0.626 c1 0.981 c50 0.515 fac1 0.960 fac50 -0.018 lock 0.00 move 0.2 period None osc -0.204@14 pr 11.4 sens10 -0.14 sens50 0.86 sat None dead 0.00 frozen 0.35 nbin 300 fat 1.648 | 14.0s
run39|tri1.0|0|0.5|div|10|2.0|50|leak: static 0.633 sstatic 0.708 c1 0.977 c50 0.669 fac1 0.938 fac50 0.072 lock 0.00 move 0.222 period None osc -0.323@11 pr 10.5 sens10 -0.10 sens50 0.68 sat None dead 0.00 frozen 0.47 nbin 300 fat 1.494 | 16.4s
run39|tri1.0|0|0.5|div|300|0.5|50|leak: static 0.462 sstatic 0.572 c1 0.988 c50 0.457 fac1 0.973 fac50 -0.043 lock 0.00 move 0.15 period None osc -0.088@37 pr 10.1 sens10 -0.10 sens50 0.84 sat None dead 0.00 frozen 0.11 nbin 300 fat 1.634 | 9.0s
run39|tri1.0|0|0.5|div|100|0.5|50|leak: static 0.492 sstatic 0.610 c1 0.987 c50 0.460 fac1 0.971 fac50 -0.061 lock 0.00 move 0.16 period None osc -0.151@20 pr 11.1 sens10 -0.05 sens50 0.89 sat None dead 0.00 frozen 0.11 nbin 300 fat 1.640 | 14.8s
run39|tri1.0|0|0.5|div|300|0.5|51|leak: static 0.433 sstatic 0.547 c1 0.987 c50 0.502 fac1 0.974 fac50 -0.004 lock 0.00 move 0.16 period None osc -0.084@23 pr 9.2 sens10 -0.23 sens50 0.49 sat None dead 0.00 frozen 0.12 nbin 300 fat 1.767 | 9.0s
run39|tri1.0|0|0.5|div|100|2.0|50|leak: static 0.484 sstatic 0.593 c1 0.986 c50 0.455 fac1 0.970 fac50 -0.082 lock 0.00 move 0.176 period None osc -0.091@19 pr 11.2 sens10 -0.13 sens50 0.60 sat None dead 0.00 frozen 0.31 nbin 300 fat 1.718 | 14.0s
run39|tri1.0|0|0.5|div|100|0.5|51|leak: static 0.476 sstatic 0.598 c1 0.987 c50 0.452 fac1 0.972 fac50 -0.063 lock 0.00 move 0.162 period None osc -0.142@37 pr 11.1 sens10 -0.18 sens50 0.71 sat None dead 0.00 frozen 0.11 nbin 300 fat 1.807 | 15.7s
run39|tri1.0|0|0.5|div|100|2.0|51|leak: static 0.476 sstatic 0.599 c1 0.987 c50 0.480 fac1 0.972 fac50 -0.028 lock 0.00 move 0.171 period None osc -0.086@17 pr 10.9 sens10 -0.10 sens50 0.51 sat None dead 0.00 frozen 0.32 nbin 300 fat 1.823 | 14.2s
run39|tri1.0|0|0.5|dep|3|0.1|50|leak: DIVERGED at step 130
run39|tri1.0|0|0.5|dep|3|0.1|51|leak: DIVERGED at step 130
run39|tri1.0|0|0.5|dep|10|0.1|50|leak: DIVERGED at step 250
run39|tri1.0|0|0.5|dep|10|0.1|51|leak: DIVERGED at step 250
run39|tri1.0|0|0.5|dep|3|0.5|50|leak: DIVERGED at step 510
run39|tri1.0|0|0.5|dep|3|0.5|51|leak: DIVERGED at step 510
run39|tri1.0|0|0.5|div|300|2.0|50|leak: static 0.436 sstatic 0.537 c1 0.988 c50 0.451 fac1 0.978 fac50 -0.057 lock 0.00 move 0.163 period None osc -0.063@37 pr 9.0 sens10 -0.21 sens50 0.77 sat None dead 0.00 frozen 0.32 nbin 284 fat 1.705 | 8.8s
run39|tri1.0|0|0.5|dep|30|0.1|50|leak: static 0.654 sstatic 0.706 c1 0.980 c50 0.636 fac1 0.941 fac50 -0.090 lock 0.00 move 0.201 period None osc -0.207@13 pr 12.2 sens10 0.20 sens50 1.56 sat None dead 0.00 frozen 0.14 nbin 300 fat 0.638 | 10.4s
run39|tri1.0|0|0.5|dep|100|0.1|50|leak: static 0.507 sstatic 0.614 c1 0.972 c50 0.492 fac1 0.941 fac50 -0.049 lock 0.00 move 0.284 period None osc -0.152@14 pr 14.6 sens10 0.13 sens50 1.52 sat None dead 0.00 frozen 0.49 nbin 300 fat 0.581 | 10.3s
run39|tri1.0|0|0.5|dep|30|0.5|50|leak: static 0.623 sstatic 0.687 c1 0.968 c50 0.586 fac1 0.920 fac50 -0.069 lock 0.00 move 0.379 period None osc -0.233@11 pr 14.2 sens10 0.19 sens50 1.41 sat None dead 0.00 frozen 0.93 nbin 288 fat 0.657 | 10.4s
run39|tri1.0|0|0.5|dep|100|0.5|50|leak: static 0.518 sstatic 0.620 c1 0.970 c50 0.517 fac1 0.940 fac50 -0.003 lock 0.00 move 0.644 period None osc -0.134@14 pr 13.7 sens10 0.11 sens50 1.69 sat None dead 0.00 frozen 0.99 nbin 20 fat 0.579 | 9.9s
run39|tri1.0|0|0.5|dep|100|0.5|51|leak: static 0.528 sstatic 0.632 c1 0.970 c50 0.529 fac1 0.938 fac50 -0.047 lock 0.00 move 0.605 period None osc -0.134@26 pr 13.0 sens10 0.16 sens50 1.04 sat None dead 0.00 frozen 0.99 nbin 31 fat 0.573 | 10.0s
run39|tri1.0|0|0.9|none|0|0.0|50|leak: DIVERGED at step 350
run39|tri1.0|0|0.9|none|0|0.0|51|leak: DIVERGED at step 350
run39|tri1.0|0|0.5|dep|300|0.5|50|leak: static 0.457 sstatic 0.577 c1 0.976 c50 0.426 fac1 0.953 fac50 -0.099 lock 0.00 move 0.855 period None osc -0.099@50 pr 12.4 sens10 0.04 sens50 1.39 sat None dead 0.00 frozen 1.00 nbin 7 fat 0.548 | 10.0s
run39|tri1.0|0|0.5|dep|300|0.5|51|leak: static 0.442 sstatic 0.549 c1 0.974 c50 0.535 fac1 0.952 fac50 -0.049 lock 0.00 move 0.799 period None osc -0.054@38 pr 7.9 sens10 0.05 sens50 0.74 sat None dead 0.00 frozen 1.00 nbin 10 fat 0.535 | 10.0s
run39|tri1.0|0|0.9|sub|10|0.5|50|leak: DIVERGED at step 500
run39|tri1.0|0|0.5|div|300|2.0|51|leak: static 0.481 sstatic 0.594 c1 0.986 c50 0.453 fac1 0.971 fac50 -0.058 lock 0.00 move 0.174 period None osc -0.073@16 pr 11.1 sens10 -0.12 sens50 0.92 sat None dead 0.00 frozen 0.31 nbin 300 fat 1.852 | 16.3s
run39|tri1.0|0|0.9|sub|10|0.5|51|leak: DIVERGED at step 500
run39|tri1.0|0|0.9|sub|3|0.5|50|leak: DIVERGED at step 876
run39|tri1.0|0|0.9|sub|3|0.5|51|leak: DIVERGED at step 873
run39|tri1.0|0|0.5|dep|10|0.5|50|leak: static 0.814 sstatic 0.850 c1 0.982 c50 0.820 fac1 0.899 fac50 -0.014 lock 0.00 move 0.232 period None osc -0.299@9 pr 13.0 sens10 0.17 sens50 1.52 sat None dead 0.00 frozen 0.62 nbin 300 fat 0.726 | 18.5s
run39|tri1.0|0|0.5|dep|30|0.5|51|leak: static 0.635 sstatic 0.711 c1 0.967 c50 0.638 fac1 0.916 fac50 -0.006 lock 0.00 move 0.366 period None osc -0.218@10 pr 13.7 sens10 0.26 sens50 1.44 sat None dead 0.00 frozen 0.92 nbin 299 fat 0.640 | 18.4s
run39|tri1.0|0|0.5|dep|30|0.1|51|leak: static 0.672 sstatic 0.722 c1 0.981 c50 0.686 fac1 0.939 fac50 -0.019 lock 0.00 move 0.197 period None osc -0.205@11 pr 13.4 sens10 0.16 sens50 1.32 sat None dead 0.00 frozen 0.15 nbin 300 fat 0.635 | 18.5s
run39|tri1.0|0|0.5|dep|10|0.5|51|leak: static 0.843 sstatic 0.852 c1 0.981 c50 0.843 fac1 0.890 fac50 0.005 lock 0.00 move 0.226 period None osc -0.290@9 pr 13.3 sens10 0.28 sens50 1.69 sat None dead 0.00 frozen 0.64 nbin 300 fat 0.720 | 18.7s
run39|tri1.0|0|0.5|dep|100|0.1|51|leak: static 0.506 sstatic 0.603 c1 0.971 c50 0.502 fac1 0.941 fac50 -0.037 lock 0.00 move 0.278 period None osc -0.111@14 pr 14.7 sens10 0.23 sens50 1.44 sat None dead 0.00 frozen 0.44 nbin 300 fat 0.560 | 18.7s
run39|tri1.0|0|0.9|sub|30|0.5|50|leak: DIVERGED at step 390
run39|tri1.0|0|0.9|sub|3|1.0|50|leak: static 0.000 sstatic 0.385 c1 -0.148 c50 -0.690 fac1 -0.150 fac50 -0.582 lock 0.00 move 1.79 period 4 osc -0.694@2 pr 2.3 sens10 -1.00 sens50 -2.27 sat None dead 0.00 frozen 1.00 nbin 1 fat 0.993 | 9.1s
run39|tri1.0|0|0.9|sub|3|1.0|51|leak: static 0.000 sstatic 0.380 c1 -0.142 c50 -0.702 fac1 -0.137 fac50 -0.602 lock 0.00 move 1.61 period 4 osc -0.718@2 pr 2.3 sens10 -1.02 sens50 -2.18 sat None dead 0.00 frozen 1.00 nbin 1 fat 1.004 | 9.2s
run39|tri1.0|0|0.9|sub|100|0.5|50|leak: DIVERGED at step 360
run39|tri1.0|0|0.9|sub|30|1.0|50|leak: DIVERGED at step 480
run39|tri1.0|0|0.9|sub|30|1.0|51|leak: DIVERGED at step 470
run39|tri1.0|0|0.9|sub|300|1.0|50|leak: DIVERGED at step 360
run39|tri1.0|0|0.5|dep|300|0.1|50|leak: static 0.460 sstatic 0.579 c1 0.974 c50 0.453 fac1 0.952 fac50 -0.061 lock 0.00 move 0.474 period None osc -0.068@46 pr 12.8 sens10 0.20 sens50 1.60 sat None dead 0.00 frozen 0.98 nbin 87 fat 0.559 | 18.1s
run39|tri1.0|0|0.9|sub|30|0.5|51|leak: DIVERGED at step 390
run39|tri1.0|0|0.5|dep|300|0.1|51|leak: static 0.498 sstatic 0.610 c1 0.973 c50 0.503 fac1 0.949 fac50 -0.027 lock 0.00 move 0.443 period None osc -0.081@34 pr 12.7 sens10 0.17 sens50 1.51 sat None dead 0.00 frozen 0.98 nbin 134 fat 0.558 | 18.6s
run39|tri1.0|0|0.9|sub|300|1.0|51|leak: DIVERGED at step 350
run39|tri1.0|0|0.9|sub|10|1.0|50|leak: static 0.014 sstatic 0.246 c1 0.987 c50 0.232 fac1 0.980 fac50 0.153 lock 0.00 move 0.157 period None osc -0.404@22 pr 5.9 sens10 -0.20 sens50 -0.04 sat None dead 0.00 frozen 0.00 nbin 300 fat 0.785 | 9.1s
run39|tri1.0|0|0.9|sub|10|1.0|51|leak: static 0.019 sstatic 0.194 c1 0.987 c50 0.155 fac1 0.978 fac50 0.091 lock 0.00 move 0.152 period None osc -0.347@25 pr 4.5 sens10 -0.26 sens50 -0.10 sat None dead 0.00 frozen 0.00 nbin 300 fat 0.829 | 9.2s
run39|tri1.0|0|0.9|sub|100|0.5|51|leak: DIVERGED at step 360
run39|tri1.0|0|0.9|sub|300|0.5|50|leak: DIVERGED at step 350
run39|tri1.0|0|0.9|sub|100|1.0|50|leak: DIVERGED at step 370
run39|tri1.0|0|0.9|sub|300|0.5|51|leak: DIVERGED at step 350
run39|tri1.0|0|0.9|sub|100|1.0|51|leak: DIVERGED at step 370
run39|tri1.0|0|0.9|div|3|0.5|50|leak: static 0.980 sstatic 0.983 c1 1.000 c50 0.979 fac1 0.996 fac50 0.008 lock 0.94 move 0.00732 period None osc 0.008@50 pr 3.2 sens10 -0.53 sens50 -0.54 sat None dead 0.00 frozen 0.85 nbin 273 fat 1.273 | 9.0s
run39|tri1.0|0|0.9|div|3|0.5|51|leak: static 0.935 sstatic 0.947 c1 1.000 c50 0.941 fac1 0.995 fac50 0.029 lock 0.45 move 0.0111 period None osc 0.029@50 pr 3.7 sens10 -0.48 sens50 -0.46 sat None dead 0.00 frozen 0.70 nbin 298 fat 1.344 | 9.1s
run39|tri1.0|0|0.9|div|3|2.0|50|leak: static 0.980 sstatic 0.983 c1 1.000 c50 0.985 fac1 0.995 fac50 0.214 lock 0.94 move 0.0172 period None osc 0.214@50 pr 2.7 sens10 -0.53 sens50 -0.50 sat None dead 0.00 frozen 1.00 nbin 1 fat 1.275 | 9.0s
run39|tri1.0|0|0.9|div|3|2.0|51|leak: static 0.950 sstatic 0.959 c1 1.000 c50 0.943 fac1 0.994 fac50 -0.106 lock 0.39 move 0.0185 period None osc -0.106@50 pr 3.8 sens10 -0.51 sens50 -0.50 sat None dead 0.00 frozen 1.00 nbin 1 fat 1.330 | 9.1s
run39|tri1.0|0|0.9|div|10|0.5|50|leak: static 0.945 sstatic 0.954 c1 1.000 c50 0.932 fac1 0.994 fac50 -0.214 lock 0.08 move 0.0151 period None osc -0.214@49 pr 4.4 sens10 -0.39 sens50 -0.38 sat None dead 0.00 frozen 0.73 nbin 298 fat 1.276 | 9.0s
run39|tri1.0|0|0.9|div|30|0.5|50|leak: static 0.735 sstatic 0.784 c1 0.999 c50 0.641 fac1 0.994 fac50 -0.365 lock 0.00 move 0.0325 period None osc -0.365@50 pr 5.4 sens10 -0.44 sens50 -0.11 sat None dead 0.00 frozen 0.42 nbin 300 fat 1.358 | 9.0s
run39|tri1.0|0|0.9|div|30|2.0|50|leak: static 0.715 sstatic 0.770 c1 0.999 c50 0.605 fac1 0.995 fac50 -0.310 lock 0.00 move 0.036 period None osc -0.310@50 pr 5.2 sens10 -0.43 sens50 -0.27 sat None dead 0.00 frozen 0.78 nbin 272 fat 1.353 | 9.0s
run39|tri1.0|0|0.9|dep|3|0.1|50|leak: DIVERGED at step 500
run39|tri1.0|0|0.9|div|100|0.5|51|leak: static 0.564 sstatic 0.664 c1 1.000 c50 0.524 fac1 0.995 fac50 -0.071 lock 0.00 move 0.0311 period None osc -0.071@50 pr 4.7 sens10 -0.48 sens50 -0.35 sat None dead 0.00 frozen 0.29 nbin 300 fat 1.707 | 11.6s
run39|tri1.0|0|0.9|dep|3|0.1|51|leak: DIVERGED at step 500
run39|tri1.0|0|0.9|div|300|0.5|50|leak: static 0.578 sstatic 0.670 c1 1.000 c50 0.663 fac1 0.995 fac50 0.119 lock 0.00 move 0.0244 period None osc 0.119@50 pr 3.5 sens10 -0.53 sens50 -0.53 sat None dead 0.00 frozen 0.32 nbin 300 fat 1.716 | 9.0s
run39|tri1.0|0|0.9|div|10|2.0|50|leak: static 0.952 sstatic 0.962 c1 1.000 c50 0.930 fac1 0.994 fac50 -0.388 lock 0.04 move 0.0229 period None osc -0.389@46 pr 4.3 sens10 -0.38 sens50 -0.21 sat None dead 0.00 frozen 1.00 nbin 1 fat 1.266 | 16.5s
run39|tri1.0|0|0.9|div|300|0.5|51|leak: static 0.567 sstatic 0.666 c1 1.000 c50 0.601 fac1 0.995 fac50 0.052 lock 0.00 move 0.027 period None osc 0.052@50 pr 4.0 sens10 -0.48 sens50 -0.26 sat None dead 0.00 frozen 0.31 nbin 300 fat 1.728 | 9.0s
run39|tri1.0|0|0.9|div|10|0.5|51|leak: static 0.911 sstatic 0.930 c1 1.000 c50 0.899 fac1 0.996 fac50 -0.130 lock 0.00 move 0.0197 period None osc -0.132@49 pr 5.1 sens10 -0.40 sens50 -0.10 sat None dead 0.00 frozen 0.65 nbin 300 fat 1.352 | 16.7s
run39|tri1.0|0|0.9|div|300|2.0|50|leak: static 0.574 sstatic 0.648 c1 1.000 c50 0.551 fac1 0.996 fac50 -0.062 lock 0.00 move 0.0287 period None osc -0.062@50 pr 4.0 sens10 -0.54 sens50 -0.54 sat None dead 0.00 frozen 0.56 nbin 270 fat 1.778 | 9.0s
run39|tri1.0|0|0.9|div|300|2.0|51|leak: static 0.554 sstatic 0.653 c1 1.000 c50 0.555 fac1 0.996 fac50 -0.007 lock 0.00 move 0.0287 period None osc -0.007@50 pr 4.3 sens10 -0.52 sens50 -0.50 sat None dead 0.00 frozen 0.54 nbin 300 fat 1.809 | 9.1s
run39|tri1.0|0|0.9|div|10|2.0|51|leak: static 0.920 sstatic 0.938 c1 1.000 c50 0.893 fac1 0.993 fac50 -0.343 lock 0.00 move 0.025 period None osc -0.356@44 pr 4.6 sens10 -0.44 sens50 -0.21 sat None dead 0.00 frozen 1.00 nbin 1 fat 1.346 | 17.0s
run39|tri1.0|0|0.9|div|30|0.5|51|leak: static 0.737 sstatic 0.795 c1 0.999 c50 0.660 fac1 0.994 fac50 -0.279 lock 0.00 move 0.0323 period None osc -0.279@50 pr 5.5 sens10 -0.40 sens50 -0.25 sat None dead 0.00 frozen 0.41 nbin 300 fat 1.479 | 16.6s
run39|tri1.0|0|0.9|div|100|0.5|50|leak: static 0.570 sstatic 0.662 c1 0.999 c50 0.508 fac1 0.995 fac50 -0.133 lock 0.00 move 0.0334 period None osc -0.133@50 pr 5.0 sens10 -0.48 sens50 -0.33 sat None dead 0.00 frozen 0.27 nbin 300 fat 1.610 | 16.5s
run39|tri1.0|0|0.9|div|100|2.0|50|leak: static 0.603 sstatic 0.676 c1 1.000 c50 0.552 fac1 0.995 fac50 -0.130 lock 0.00 move 0.0338 period None osc -0.130@50 pr 5.0 sens10 -0.46 sens50 -0.50 sat None dead 0.00 frozen 0.58 nbin 294 fat 1.541 | 16.6s
run39|tri1.0|0|0.9|div|30|2.0|51|leak: static 0.716 sstatic 0.775 c1 0.999 c50 0.627 fac1 0.994 fac50 -0.297 lock 0.00 move 0.0368 period None osc -0.297@50 pr 5.5 sens10 -0.39 sens50 -0.08 sat None dead 0.00 frozen 0.77 nbin 290 fat 1.456 | 16.7s
run39|tri1.0|0|0.9|div|100|2.0|51|leak: static 0.562 sstatic 0.669 c1 1.000 c50 0.521 fac1 0.995 fac50 -0.085 lock 0.00 move 0.0318 period None osc -0.085@50 pr 4.7 sens10 -0.47 sens50 -0.35 sat None dead 0.00 frozen 0.56 nbin 296 fat 1.620 | 16.9s
run39|tri1.0|0|0.9|dep|3|0.5|50|leak: static 0.238 sstatic 0.238 c1 1.000 c50 1.000 fac1 0.971 fac50 0.195 lock 0.00 move 0.0283 period None osc 0.195@50 pr 1.0 sens10 -0.32 sens50 -0.65 sat None dead 0.00 frozen 1.00 nbin 6 fat 0.704 | 10.0s
run39|tri1.0|0|0.9|dep|3|0.5|51|leak: static 0.238 sstatic 0.238 c1 1.000 c50 1.000 fac1 0.971 fac50 0.195 lock 0.00 move 0.0284 period None osc 0.195@50 pr 1.0 sens10 -0.29 sens50 -0.48 sat None dead 0.00 frozen 1.00 nbin 9 fat 0.699 | 10.1s
run39|tri1.0|0|0.9|dep|10|0.1|50|leak: static nan sstatic nan c1 nan c50 nan fac1 nan fac50 nan lock 0.00 move nan period 1 osc nan@1 pr nan sens10 None sens50 None sat None dead 0.00 frozen 1.00 nbin 5 fat 0.754 | 9.8s
run39|kwta4|0|0.5|none|0|0.0|50|leak: DIVERGED at step 130
run39|tri1.0|0|0.9|dep|10|0.1|51|leak: static nan sstatic nan c1 nan c50 nan fac1 nan fac50 nan lock 0.00 move nan period 1 osc nan@1 pr nan sens10 None sens50 None sat None dead 0.00 frozen 1.00 nbin 3 fat 0.749 | 10.0s
run39|kwta4|0|0.5|none|0|0.0|51|leak: DIVERGED at step 130
run39|tri1.0|0|0.9|dep|10|0.5|50|leak: static 0.994 sstatic 0.995 c1 1.000 c50 0.994 fac1 0.993 fac50 -0.032 lock 0.94 move 0.0243 period None osc -0.032@50 pr 3.7 sens10 -0.11 sens50 -0.05 sat None dead 0.00 frozen 0.96 nbin 213 fat 0.762 | 10.0s
run39|kwta4|0|0.5|sub|3|0.5|50|leak: DIVERGED at step 240
run39|tri1.0|0|0.9|dep|30|0.1|50|leak: static 0.935 sstatic 0.943 c1 1.000 c50 0.916 fac1 0.993 fac50 -0.318 lock 0.00 move 0.021 period None osc -0.321@47 pr 5.3 sens10 -0.13 sens50 0.09 sat None dead 0.00 frozen 0.74 nbin 300 fat 0.741 | 10.0s
run39|tri1.0|0|0.9|dep|30|0.5|50|leak: static 0.946 sstatic 0.954 c1 1.000 c50 0.932 fac1 0.994 fac50 -0.279 lock 0.00 move 0.0673 period None osc -0.279@50 pr 5.1 sens10 -0.08 sens50 0.04 sat None dead 0.00 frozen 1.00 nbin 2 fat 0.750 | 10.1s
run39|kwta4|0|0.5|sub|3|0.5|51|leak: DIVERGED at step 250
run39|tri1.0|0|0.9|dep|30|0.5|51|leak: static 0.948 sstatic 0.951 c1 1.000 c50 0.933 fac1 0.994 fac50 -0.246 lock 0.00 move 0.061 period None osc -0.246@50 pr 5.8 sens10 -0.06 sens50 0.11 sat None dead 0.00 frozen 1.00 nbin 8 fat 0.744 | 10.1s
run39|kwta4|0|0.5|sub|10|0.5|50|leak: DIVERGED at step 150
run39|kwta4|0|0.5|sub|10|0.5|51|leak: DIVERGED at step 160
run39|kwta4|0|0.5|sub|10|1.0|50|leak: DIVERGED at step 190
run39|kwta4|0|0.5|sub|30|0.5|50|leak: DIVERGED at step 140
run39|kwta4|0|0.5|sub|10|1.0|51|leak: DIVERGED at step 200
run39|kwta4|0|0.5|sub|30|0.5|51|leak: DIVERGED at step 140
run39|kwta4|0|0.5|sub|30|1.0|50|leak: DIVERGED at step 140
run39|kwta4|0|0.5|sub|30|1.0|51|leak: DIVERGED at step 150
run39|kwta4|0|0.5|sub|100|0.5|50|leak: DIVERGED at step 130
run39|tri1.0|0|0.9|dep|300|0.5|50|leak: static 0.595 sstatic 0.691 c1 0.999 c50 0.565 fac1 0.994 fac50 -0.113 lock 0.00 move 0.172 period None osc -0.113@50 pr 5.4 sens10 -0.13 sens50 0.08 sat None dead 0.00 frozen 1.00 nbin 1 fat 0.626 | 10.0s
run39|kwta4|0|0.5|sub|100|0.5|51|leak: DIVERGED at step 130
run39|kwta4|0|0.5|sub|100|1.0|50|leak: DIVERGED at step 130
run39|kwta4|0|0.5|sub|300|0.5|50|leak: DIVERGED at step 130
run39|kwta4|0|0.5|sub|100|1.0|51|leak: DIVERGED at step 140
run39|kwta4|0|0.5|sub|300|0.5|51|leak: DIVERGED at step 130
run39|kwta4|0|0.5|sub|300|1.0|50|leak: DIVERGED at step 130
run39|kwta4|0|0.5|sub|300|1.0|51|leak: DIVERGED at step 130
run39|tri1.0|0|0.9|dep|300|0.5|51|leak: static 0.649 sstatic 0.719 c1 0.999 c50 0.607 fac1 0.995 fac50 -0.122 lock 0.00 move 0.154 period None osc -0.122@50 pr 5.4 sens10 -0.11 sens50 0.12 sat None dead 0.00 frozen 1.00 nbin 2 fat 0.618 | 10.2s
run39|kwta4|0|0.5|sub|3|1.0|50|leak: static 0.000 sstatic 0.114 c1 0.478 c50 -0.003 fac1 0.483 fac50 -0.006 lock 0.00 move 1.01 period None osc -0.241@4 pr 20.5 sens10 -0.90 sens50 -1.16 sat None dead 0.00 frozen 0.00 nbin 300 fat 0.807 | 8.8s
run39|tri1.0|0|0.9|dep|10|0.5|51|leak: static 0.983 sstatic 0.984 c1 1.000 c50 0.986 fac1 0.997 fac50 0.192 lock 0.94 move 0.0217 period None osc 0.192@50 pr 2.6 sens10 -0.13 sens50 -0.16 sat None dead 0.00 frozen 0.95 nbin 194 fat 0.751 | 18.5s
run39|kwta4|0|0.5|sub|3|1.0|51|leak: static 0.001 sstatic 0.070 c1 0.469 c50 0.003 fac1 0.472 fac50 0.002 lock 0.00 move 1.03 period None osc -0.227@4 pr 16.3 sens10 -1.05 sens50 -2.37 sat None dead 0.00 frozen 0.00 nbin 300 fat 0.692 | 8.8s
run39|tri1.0|0|0.9|dep|30|0.1|51|leak: static 0.934 sstatic 0.937 c1 1.000 c50 0.895 fac1 0.994 fac50 -0.526 lock 0.00 move 0.0214 period None osc -0.527@49 pr 3.9 sens10 -0.04 sens50 0.16 sat None dead 0.00 frozen 0.74 nbin 300 fat 0.730 | 18.6s
run39|tri1.0|0|0.9|dep|100|0.1|51|leak: static 0.704 sstatic 0.760 c1 0.999 c50 0.615 fac1 0.994 fac50 -0.271 lock 0.00 move 0.0478 period None osc -0.271@50 pr 5.7 sens10 -0.10 sens50 0.13 sat None dead 0.00 frozen 0.89 nbin 275 fat 0.671 | 18.5s
run39|tri1.0|0|0.9|dep|100|0.1|50|leak: static 0.707 sstatic 0.767 c1 0.999 c50 0.642 fac1 0.994 fac50 -0.228 lock 0.00 move 0.0501 period None osc -0.228@50 pr 6.3 sens10 -0.09 sens50 0.36 sat None dead 0.00 frozen 0.91 nbin 243 fat 0.689 | 18.9s
run39|tri1.0|0|0.9|dep|100|0.5|50|leak: static 0.688 sstatic 0.761 c1 0.999 c50 0.603 fac1 0.995 fac50 -0.289 lock 0.00 move 0.132 period None osc -0.289@50 pr 6.2 sens10 -0.11 sens50 0.17 sat None dead 0.00 frozen 1.00 nbin 1 fat 0.681 | 18.4s
run39|tri1.0|0|0.9|dep|300|0.1|50|leak: static 0.559 sstatic 0.677 c1 0.999 c50 0.532 fac1 0.995 fac50 -0.146 lock 0.00 move 0.0846 period None osc -0.146@50 pr 5.6 sens10 -0.11 sens50 0.01 sat None dead 0.00 frozen 1.00 nbin 5 fat 0.611 | 18.4s
run39|tri1.0|0|0.9|dep|100|0.5|51|leak: static 0.736 sstatic 0.786 c1 0.999 c50 0.672 fac1 0.995 fac50 -0.221 lock 0.00 move 0.12 period None osc -0.221@50 pr 5.7 sens10 -0.08 sens50 0.20 sat None dead 0.00 frozen 1.00 nbin 2 fat 0.679 | 18.6s
run39|tri1.0|0|0.9|dep|300|0.1|51|leak: static 0.614 sstatic 0.686 c1 0.999 c50 0.559 fac1 0.994 fac50 -0.162 lock 0.00 move 0.0807 period None osc -0.162@50 pr 5.9 sens10 -0.13 sens50 0.09 sat None dead 0.00 frozen 1.00 nbin 10 fat 0.620 | 19.0s
run39|kwta4|0|0.5|div|3|0.5|50|leak: static 0.354 sstatic 0.242 c1 0.816 c50 0.348 fac1 0.715 fac50 -0.011 lock 0.00 move 0.601 period None osc -0.080@7 pr 17.7 sens10 -1.76 sens50 -3.00 sat None dead 0.00 frozen 0.01 nbin 300 fat 0.610 | 8.8s
run39|kwta4|0|0.5|div|3|0.5|51|leak: static 0.367 sstatic 0.251 c1 0.824 c50 0.359 fac1 0.725 fac50 -0.006 lock 0.00 move 0.592 period None osc -0.080@7 pr 18.0 sens10 -1.76 sens50 -3.02 sat None dead 0.00 frozen 0.01 nbin 300 fat 0.606 | 8.8s
run39|kwta4|0|0.5|div|3|2.0|50|leak: static 0.364 sstatic 0.253 c1 0.812 c50 0.353 fac1 0.712 fac50 -0.009 lock 0.00 move 0.612 period None osc -0.086@7 pr 17.7 sens10 -1.82 sens50 -3.00 sat None dead 0.00 frozen 0.87 nbin 188 fat 0.606 | 8.7s
run39|kwta4|0|0.5|div|3|2.0|51|leak: static 0.363 sstatic 0.246 c1 0.818 c50 0.362 fac1 0.719 fac50 -0.011 lock 0.00 move 0.605 period None osc -0.119@7 pr 17.7 sens10 -1.81 sens50 -3.00 sat None dead 0.00 frozen 0.85 nbin 215 fat 0.673 | 8.8s
run39|kwta4|0|0.5|div|10|0.5|50|leak: static 0.260 sstatic 0.202 c1 0.853 c50 0.265 fac1 0.804 fac50 -0.001 lock 0.00 move 0.535 period None osc -0.106@9 pr 17.6 sens10 -1.44 sens50 -2.80 sat None dead 0.00 frozen 0.00 nbin 300 fat 0.864 | 8.7s
run39|kwta4|0|0.5|div|10|0.5|51|leak: static 0.268 sstatic 0.206 c1 0.857 c50 0.258 fac1 0.808 fac50 -0.012 lock 0.00 move 0.525 period None osc -0.118@9 pr 17.6 sens10 -1.37 sens50 -2.75 sat None dead 0.00 frozen 0.00 nbin 300 fat 0.919 | 8.8s
run39|kwta4|0|0.5|dep|3|0.1|50|leak: DIVERGED at step 170
run39|kwta4|0|0.5|div|10|2.0|50|leak: static 0.261 sstatic 0.201 c1 0.850 c50 0.257 fac1 0.802 fac50 -0.014 lock 0.00 move 0.543 period None osc -0.111@9 pr 17.3 sens10 -1.44 sens50 -2.75 sat None dead 0.00 frozen 0.26 nbin 300 fat 0.840 | 8.8s
run39|kwta4|0|0.5|div|30|0.5|50|leak: static 0.221 sstatic 0.187 c1 0.890 c50 0.208 fac1 0.861 fac50 -0.025 lock 0.00 move 0.458 period None osc -0.083@13 pr 16.5 sens10 -1.45 sens50 -1.97 sat None dead 0.00 frozen 0.00 nbin 300 fat 1.036 | 8.7s
run39|kwta4|0|0.5|dep|3|0.1|51|leak: DIVERGED at step 180
run39|kwta4|0|0.5|dep|10|0.1|50|leak: DIVERGED at step 250
run39|kwta4|0|0.5|dep|10|0.1|51|leak: DIVERGED at step 260
run39|kwta4|0|0.5|div|300|0.5|50|leak: static 0.188 sstatic 0.162 c1 0.908 c50 0.193 fac1 0.888 fac50 -0.027 lock 0.00 move 0.42 period None osc -0.029@31 pr 13.7 sens10 -1.56 sens50 -2.22 sat None dead 0.00 frozen 0.00 nbin 300 fat 1.087 | 8.7s
run39|kwta4|0|0.5|div|300|0.5|51|leak: static 0.184 sstatic 0.163 c1 0.910 c50 0.182 fac1 0.890 fac50 -0.032 lock 0.00 move 0.414 period None osc -0.037@47 pr 13.7 sens10 -1.23 sens50 -1.74 sat None dead 0.00 frozen 0.00 nbin 300 fat 1.085 | 8.8s
run39|kwta4|0|0.5|div|300|2.0|50|leak: static 0.165 sstatic 0.147 c1 0.907 c50 0.201 fac1 0.890 fac50 -0.031 lock 0.00 move 0.428 period None osc -0.031@50 pr 11.8 sens10 -1.24 sens50 -2.30 sat None dead 0.00 frozen 0.08 nbin 296 fat 1.129 | 8.7s
run39|kwta4|0|0.5|div|300|2.0|51|leak: static 0.191 sstatic 0.165 c1 0.909 c50 0.193 fac1 0.889 fac50 -0.037 lock 0.00 move 0.422 period None osc -0.052@36 pr 13.4 sens10 -1.19 sens50 -2.24 sat None dead 0.00 frozen 0.09 nbin 300 fat 1.202 | 8.8s
run39|kwta4|0|0.5|div|10|2.0|51|leak: static 0.271 sstatic 0.210 c1 0.856 c50 0.263 fac1 0.806 fac50 -0.014 lock 0.00 move 0.533 period None osc -0.115@9 pr 17.3 sens10 -1.38 sens50 -2.72 sat None dead 0.00 frozen 0.26 nbin 300 fat 0.898 | 16.5s
run39|kwta4|0|0.5|div|30|0.5|51|leak: static 0.224 sstatic 0.189 c1 0.890 c50 0.213 fac1 0.859 fac50 -0.015 lock 0.00 move 0.464 period None osc -0.074@13 pr 17.1 sens10 -1.26 sens50 -2.04 sat None dead 0.00 frozen 0.00 nbin 300 fat 1.038 | 16.5s
run39|kwta4|0|0.5|dep|3|0.5|50|leak: static 0.315 sstatic 0.245 c1 0.936 c50 0.405 fac1 0.905 fac50 0.043 lock 0.00 move 0.347 period None osc 0.009@41 pr 9.5 sens10 -1.19 sens50 -1.22 sat None dead 0.00 frozen 0.01 nbin 300 fat 0.900 | 9.6s
run39|kwta4|0|0.5|div|30|2.0|50|leak: static 0.233 sstatic 0.190 c1 0.884 c50 0.201 fac1 0.853 fac50 -0.044 lock 0.00 move 0.479 period None osc -0.065@10 pr 16.9 sens10 -1.59 sens50 -2.12 sat None dead 0.00 frozen 0.15 nbin 300 fat 1.082 | 16.4s
run39|kwta4|0|0.5|div|100|0.5|50|leak: static 0.210 sstatic 0.176 c1 0.904 c50 0.198 fac1 0.883 fac50 -0.019 lock 0.00 move 0.427 period None osc -0.044@37 pr 15.8 sens10 -1.43 sens50 -1.67 sat None dead 0.00 frozen 0.00 nbin 300 fat 1.099 | 16.3s
run39|kwta4|0|0.5|dep|3|0.5|51|leak: static 0.391 sstatic 0.305 c1 0.922 c50 0.383 fac1 0.874 fac50 -0.043 lock 0.00 move 0.389 period None osc -0.047@20 pr 13.7 sens10 3.27 sens50 4.02 sat None dead 0.00 frozen 0.03 nbin 300 fat 0.903 | 9.8s
run39|kwta4|0|0.5|div|100|0.5|51|leak: static 0.215 sstatic 0.187 c1 0.906 c50 0.196 fac1 0.881 fac50 -0.025 lock 0.00 move 0.427 period None osc -0.044@22 pr 16.2 sens10 -1.49 sens50 -1.79 sat None dead 0.00 frozen 0.00 nbin 300 fat 1.162 | 16.5s
run39|kwta4|0|0.5|div|100|2.0|50|leak: static 0.206 sstatic 0.176 c1 0.903 c50 0.190 fac1 0.880 fac50 -0.033 lock 0.00 move 0.436 period None osc -0.047@21 pr 15.4 sens10 -1.16 sens50 -1.47 sat None dead 0.00 frozen 0.11 nbin 300 fat 1.202 | 16.4s
run39|kwta4|0|0.5|div|30|2.0|51|leak: static 0.235 sstatic 0.192 c1 0.888 c50 0.234 fac1 0.855 fac50 -0.001 lock 0.00 move 0.472 period None osc -0.077@19 pr 17.0 sens10 -1.61 sens50 -2.24 sat None dead 0.00 frozen 0.15 nbin 300 fat 1.061 | 17.1s
run39|kwta4|0|0.5|dep|30|0.1|50|leak: DIVERGED at step 600
run39|kwta4|0|0.5|dep|30|0.1|51|leak: DIVERGED at step 610
run39|kwta4|0|0.5|div|100|2.0|51|leak: static 0.198 sstatic 0.175 c1 0.903 c50 0.193 fac1 0.883 fac50 -0.026 lock 0.00 move 0.434 period None osc -0.049@27 pr 15.3 sens10 -1.47 sens50 -1.95 sat None dead 0.00 frozen 0.10 nbin 300 fat 1.244 | 17.0s
run39|kwta4|0|0.5|dep|10|0.5|50|leak: static 0.350 sstatic 0.277 c1 0.831 c50 0.338 fac1 0.746 fac50 -0.017 lock 0.00 move 0.583 period None osc -0.095@9 pr 18.1 sens10 -1.70 sens50 -2.92 sat None dead 0.00 frozen 0.36 nbin 300 fat 0.842 | 9.7s
run39|kwta4|0|0.5|dep|10|0.5|51|leak: static 0.359 sstatic 0.279 c1 0.833 c50 0.358 fac1 0.741 fac50 -0.014 lock 0.00 move 0.582 period None osc -0.074@9 pr 18.3 sens10 -1.73 sens50 -2.96 sat None dead 0.00 frozen 0.34 nbin 300 fat 0.846 | 9.7s
run39|kwta4|0|0.9|none|0|0.0|51|leak: DIVERGED at step 520
run39|kwta4|0|0.5|dep|30|0.5|50|leak: static 0.264 sstatic 0.239 c1 0.837 c50 0.267 fac1 0.783 fac50 -0.009 lock 0.00 move 0.612 period None osc -0.084@13 pr 17.9 sens10 -1.70 sens50 -2.41 sat None dead 0.00 frozen 0.85 nbin 292 fat 0.758 | 9.8s
run39|kwta4|0|0.5|dep|30|0.5|51|leak: static 0.285 sstatic 0.238 c1 0.835 c50 0.283 fac1 0.775 fac50 0.002 lock 0.00 move 0.609 period None osc -0.096@10 pr 18.2 sens10 -1.65 sens50 -2.33 sat None dead 0.00 frozen 0.84 nbin 298 fat 0.766 | 9.9s
run39|kwta4|0|0.9|none|0|0.0|50|leak: DIVERGED at step 500
run39|kwta4|0|0.5|dep|100|0.5|50|leak: static 0.205 sstatic 0.210 c1 0.860 c50 0.204 fac1 0.827 fac50 -0.025 lock 0.00 move 0.698 period None osc -0.065@15 pr 17.4 sens10 -1.65 sens50 -2.08 sat None dead 0.00 frozen 0.99 nbin 43 fat 0.678 | 9.7s
run39|kwta4|0|0.5|dep|300|0.1|51|leak: static 0.203 sstatic 0.199 c1 0.868 c50 0.188 fac1 0.839 fac50 -0.025 lock 0.00 move 0.567 period None osc -0.043@22 pr 17.4 sens10 -1.27 sens50 -1.82 sat None dead 0.00 frozen 0.83 nbin 273 fat 0.618 | 9.8s
run39|kwta4|0|0.9|sub|3|0.5|50|leak: static 0.132 sstatic 0.105 c1 0.997 c50 0.489 fac1 0.967 fac50 0.039 lock 0.00 move 0.0884 period None osc 0.039@50 pr 1.6 sens10 -0.81 sens50 -2.04 sat None dead 0.00 frozen 0.08 nbin 300 fat 0.470 | 8.8s
run39|kwta4|0|0.9|sub|3|1.0|50|leak: static 0.000 sstatic 0.280 c1 -0.176 c50 -0.624 fac1 -0.186 fac50 -0.524 lock 0.00 move 1.79 period 4 osc -0.624@2 pr 2.4 sens10 -0.15 sens50 -0.30 sat None dead 0.00 frozen 1.00 nbin 1 fat 0.992 | 8.8s
run39|kwta4|0|0.9|sub|3|1.0|51|leak: static 0.000 sstatic 0.277 c1 -0.157 c50 -0.641 fac1 -0.165 fac50 -0.529 lock 0.00 move 1.61 period None osc -0.627@2 pr 2.4 sens10 0.43 sens50 1.42 sat None dead 0.00 frozen 1.00 nbin 1 fat 1.003 | 8.9s
run39|kwta4|0|0.9|sub|30|0.5|50|leak: DIVERGED at step 620
run39|kwta4|0|0.9|sub|10|0.5|50|leak: static nan sstatic nan c1 nan c50 nan fac1 nan fac50 nan lock 0.00 move nan period 1 osc nan@1 pr nan sens10 None sens50 None sat None dead 0.00 frozen 0.03 nbin 300 fat 0.304 | 8.6s
run39|kwta4|0|0.9|sub|10|0.5|51|leak: static nan sstatic nan c1 nan c50 nan fac1 nan fac50 nan lock 0.00 move nan period 1 osc nan@1 pr nan sens10 None sens50 None sat None dead 0.00 frozen 0.01 nbin 300 fat 0.314 | 8.7s
run39|kwta4|0|0.9|sub|10|1.0|50|leak: static 0.003 sstatic 0.153 c1 0.927 c50 -0.075 fac1 0.932 fac50 -0.062 lock 0.00 move 1.76 period None osc -0.356@26 pr 6.0 sens10 -0.98 sens50 -1.39 sat None dead 0.00 frozen 1.00 nbin 1 fat 0.991 | 8.7s
run39|kwta4|0|0.9|sub|30|0.5|51|leak: DIVERGED at step 640
run39|kwta4|0|0.9|sub|100|0.5|50|leak: DIVERGED at step 540
run39|kwta4|0|0.5|dep|100|0.1|50|leak: static 0.194 sstatic 0.194 c1 0.865 c50 0.172 fac1 0.834 fac50 -0.049 lock 0.00 move 0.522 period None osc -0.057@46 pr 17.7 sens10 -1.23 sens50 -1.87 sat None dead 0.00 frozen 0.06 nbin 300 fat 0.669 | 18.1s
run39|kwta4|0|0.5|dep|100|0.1|51|leak: static 0.219 sstatic 0.205 c1 0.860 c50 0.214 fac1 0.826 fac50 -0.012 lock 0.00 move 0.53 period None osc -0.053@10 pr 18.4 sens10 -1.36 sens50 -2.03 sat None dead 0.00 frozen 0.07 nbin 300 fat 0.668 | 18.3s
run39|kwta4|0|0.5|dep|100|0.5|51|leak: static 0.225 sstatic 0.211 c1 0.842 c50 0.218 fac1 0.806 fac50 -0.026 lock 0.00 move 0.687 period None osc -0.055@14 pr 17.7 sens10 -1.43 sens50 -2.15 sat None dead 0.00 frozen 0.99 nbin 50 fat 0.676 | 18.3s
run39|kwta4|0|0.9|sub|100|0.5|51|leak: DIVERGED at step 560
run39|kwta4|0|0.9|sub|100|1.0|50|leak: DIVERGED at step 570
run39|kwta4|0|0.5|dep|300|0.1|50|leak: static 0.197 sstatic 0.199 c1 0.870 c50 0.208 fac1 0.841 fac50 -0.005 lock 0.00 move 0.574 period None osc -0.038@25 pr 17.2 sens10 -1.57 sens50 -2.12 sat None dead 0.00 frozen 0.86 nbin 256 fat 0.623 | 18.7s
run39|kwta4|0|0.9|sub|300|0.5|50|leak: DIVERGED at step 500
run39|kwta4|0|0.9|sub|30|1.0|50|leak: static nan sstatic nan c1 nan c50 nan fac1 nan fac50 nan lock 0.00 move nan period 1 osc nan@1 pr nan sens10 None sens50 None sat None dead 0.00 frozen 0.00 nbin 300 fat 0.309 | 8.6s
run39|kwta4|0|0.9|sub|3|0.5|51|leak: static 0.151 sstatic 0.114 c1 0.996 c50 0.413 fac1 0.975 fac50 0.052 lock 0.00 move 0.0876 period None osc 0.052@50 pr 2.2 sens10 -0.71 sens50 -1.37 sat None dead 0.00 frozen 0.05 nbin 300 fat 0.472 | 17.1s
run39|kwta4|0|0.5|dep|300|0.5|50|leak: static 0.196 sstatic 0.202 c1 0.873 c50 0.184 fac1 0.847 fac50 -0.036 lock 0.00 move 0.849 period None osc -0.041@34 pr 16.3 sens10 -1.36 sens50 -2.03 sat None dead 0.00 frozen 0.99 nbin 11 fat 0.645 | 18.7s
run39|kwta4|0|0.5|dep|300|0.5|51|leak: static 0.209 sstatic 0.200 c1 0.863 c50 0.198 fac1 0.830 fac50 -0.025 lock 0.00 move 0.794 period None osc -0.039@26 pr 16.8 sens10 -1.29 sens50 -2.12 sat None dead 0.00 frozen 1.00 nbin 10 fat 0.634 | 18.7s
run39|kwta4|0|0.9|sub|100|1.0|51|leak: DIVERGED at step 610
run39|kwta4|0|0.9|sub|300|0.5|51|leak: DIVERGED at step 540
run39|kwta4|0|0.9|sub|30|1.0|51|leak: static nan sstatic nan c1 nan c50 nan fac1 nan fac50 nan lock 0.00 move nan period 1 osc nan@1 pr nan sens10 None sens50 None sat None dead 0.00 frozen 0.00 nbin 300 fat 0.373 | 8.7s
run39|kwta4|0|0.9|sub|300|1.0|50|leak: DIVERGED at step 540
run39|kwta4|0|0.9|sub|300|1.0|51|leak: DIVERGED at step 550
run39|kwta4|0|0.9|sub|10|1.0|51|leak: static 0.006 sstatic 0.127 c1 0.677 c50 -0.174 fac1 0.808 fac50 -0.081 lock 0.00 move 1.57 period None osc -0.385@26 pr 5.5 sens10 -1.08 sens50 -1.48 sat None dead 0.00 frozen 1.00 nbin 1 fat 1.004 | 17.1s
run39|kwta4|0|0.9|div|3|2.0|50|leak: static 0.529 sstatic 0.404 c1 0.998 c50 0.441 fac1 0.991 fac50 -0.132 lock 0.00 move 0.0733 period None osc -0.132@50 pr 6.8 sens10 -0.66 sens50 -2.26 sat None dead 0.00 frozen 1.00 nbin 1 fat 0.594 | 8.6s
run39|kwta4|0|0.9|div|3|2.0|51|leak: static 0.499 sstatic 0.375 c1 0.998 c50 0.463 fac1 0.991 fac50 -0.074 lock 0.00 move 0.0731 period None osc -0.074@50 pr 6.4 sens10 -0.67 sens50 -2.27 sat None dead 0.00 frozen 1.00 nbin 1 fat 0.606 | 8.8s
run39|kwta4|0|0.9|div|10|0.5|51|leak: static 0.442 sstatic 0.310 c1 0.996 c50 0.324 fac1 0.988 fac50 -0.186 lock 0.00 move 0.0934 period None osc -0.197@44 pr 8.3 sens10 -0.66 sens50 -2.03 sat None dead 0.00 frozen 0.10 nbin 300 fat 0.536 | 8.8s
run39|kwta4|0|0.9|div|10|2.0|50|leak: static 0.433 sstatic 0.295 c1 0.995 c50 0.365 fac1 0.989 fac50 -0.121 lock 0.00 move 0.0966 period None osc -0.141@41 pr 8.9 sens10 -0.63 sens50 -2.05 sat None dead 0.00 frozen 0.99 nbin 17 fat 0.555 | 8.8s
run39|kwta4|0|0.9|div|30|2.0|50|leak: static 0.334 sstatic 0.243 c1 0.996 c50 0.225 fac1 0.990 fac50 -0.157 lock 0.00 move 0.0925 period None osc -0.165@45 pr 8.6 sens10 -0.58 sens50 -1.57 sat None dead 0.00 frozen 0.73 nbin 291 fat 0.721 | 8.7s
run39|kwta4|0|0.9|div|30|2.0|51|leak: static 0.341 sstatic 0.247 c1 0.996 c50 0.214 fac1 0.990 fac50 -0.182 lock 0.00 move 0.0922 period None osc -0.190@43 pr 8.7 sens10 2.05 sens50 3.87 sat None dead 0.00 frozen 0.69 nbin 294 fat 0.776 | 8.7s
run39|kwta4|0|0.9|div|100|0.5|50|leak: static 0.285 sstatic 0.220 c1 0.997 c50 0.183 fac1 0.993 fac50 -0.117 lock 0.00 move 0.0748 period None osc -0.117@50 pr 7.2 sens10 -0.61 sens50 -1.48 sat None dead 0.00 frozen 0.05 nbin 300 fat 0.932 | 8.7s
run39|kwta4|0|0.9|div|100|0.5|51|leak: static 0.281 sstatic 0.228 c1 0.997 c50 0.166 fac1 0.993 fac50 -0.142 lock 0.00 move 0.0748 period None osc -0.142@50 pr 7.4 sens10 -0.63 sens50 -1.55 sat None dead 0.00 frozen 0.04 nbin 300 fat 1.025 | 8.8s
run39|kwta4|0|0.9|div|3|0.5|50|leak: static 0.570 sstatic 0.444 c1 0.998 c50 0.547 fac1 0.991 fac50 -0.035 lock 0.00 move 0.064 period None osc -0.035@50 pr 6.1 sens10 -0.71 sens50 -2.24 sat None dead 0.00 frozen 0.17 nbin 300 fat 0.572 | 16.4s
run39|kwta4|0|0.9|div|3|0.5|51|leak: static 0.494 sstatic 0.386 c1 0.997 c50 0.436 fac1 0.991 fac50 -0.129 lock 0.00 move 0.0708 period None osc -0.129@50 pr 6.8 sens10 -0.68 sens50 -2.28 sat None dead 0.00 frozen 0.14 nbin 300 fat 0.585 | 16.5s
run39|kwta4|0|0.9|dep|3|0.1|50|leak: DIVERGED at step 793
run39|kwta4|0|0.9|div|300|0.5|50|leak: static 0.300 sstatic 0.235 c1 0.998 c50 0.209 fac1 0.993 fac50 -0.100 lock 0.00 move 0.0657 period None osc -0.100@50 pr 6.5 sens10 -0.66 sens50 -1.76 sat None dead 0.00 frozen 0.05 nbin 300 fat 1.018 | 8.7s
run39|kwta4|0|0.9|div|10|0.5|50|leak: static 0.445 sstatic 0.310 c1 0.996 c50 0.350 fac1 0.988 fac50 -0.136 lock 0.00 move 0.093 period None osc -0.156@39 pr 8.7 sens10 -0.69 sens50 -2.07 sat None dead 0.00 frozen 0.10 nbin 300 fat 0.558 | 16.8s
run39|kwta4|0|0.9|div|300|0.5|51|leak: static 0.291 sstatic 0.240 c1 0.998 c50 0.223 fac1 0.993 fac50 -0.115 lock 0.00 move 0.0681 period None osc -0.115@50 pr 6.7 sens10 -0.63 sens50 -1.54 sat None dead 0.00 frozen 0.05 nbin 300 fat 1.126 | 8.8s
run39|kwta4|0|0.9|div|30|0.5|50|leak: static 0.330 sstatic 0.243 c1 0.996 c50 0.191 fac1 0.990 fac50 -0.173 lock 0.00 move 0.0885 period None osc -0.173@50 pr 8.4 sens10 -0.59 sens50 -1.55 sat None dead 0.00 frozen 0.05 nbin 300 fat 0.736 | 16.8s
run39|kwta4|0|0.9|dep|3|0.1|51|leak: DIVERGED at step 828
run39|kwta4|0|0.9|div|30|0.5|51|leak: static 0.342 sstatic 0.248 c1 0.996 c50 0.208 fac1 0.990 fac50 -0.173 lock 0.00 move 0.0879 period None osc -0.182@44 pr 8.5 sens10 -0.61 sens50 -1.49 sat None dead 0.00 frozen 0.06 nbin 300 fat 0.827 | 16.9s
run39|kwta4|0|0.9|div|10|2.0|51|leak: static 0.441 sstatic 0.313 c1 0.996 c50 0.359 fac1 0.989 fac50 -0.131 lock 0.00 move 0.0957 period None osc -0.132@47 pr 8.8 sens10 -0.70 sens50 -2.05 sat None dead 0.00 frozen 0.99 nbin 22 fat 0.587 | 17.1s
run39|kwta4|0|0.9|div|300|2.0|50|leak: static 0.288 sstatic 0.230 c1 0.998 c50 0.203 fac1 0.992 fac50 -0.074 lock 0.00 move 0.0688 period None osc -0.074@50 pr 6.0 sens10 -0.61 sens50 -1.61 sat None dead 0.00 frozen 0.48 nbin 291 fat 1.011 | 8.7s
run39|kwta4|0|0.9|div|300|2.0|51|leak: static 0.311 sstatic 0.251 c1 0.998 c50 0.272 fac1 0.994 fac50 -0.108 lock 0.00 move 0.0661 period None osc -0.108@50 pr 6.0 sens10 -0.64 sens50 -1.68 sat None dead 0.00 frozen 0.40 nbin 299 fat 1.179 | 8.8s
run39|kwta4|0|0.9|dep|3|0.5|50|leak: static 0.542 sstatic 0.438 c1 0.999 c50 0.542 fac1 0.995 fac50 -0.068 lock 0.00 move 0.0432 period None osc -0.068@50 pr 4.6 sens10 -0.36 sens50 3.33 sat None dead 0.00 frozen 0.16 nbin 300 fat 0.921 | 9.7s
run39|kwta4|0|0.9|dep|3|0.5|51|leak: static 0.475 sstatic 0.366 c1 0.998 c50 0.423 fac1 0.993 fac50 -0.131 lock 0.00 move 0.0578 period None osc -0.131@50 pr 6.1 sens10 -0.40 sens50 -1.63 sat None dead 0.00 frozen 0.26 nbin 300 fat 0.931 | 9.8s
run39|kwta4|0|0.9|div|100|2.0|50|leak: static 0.303 sstatic 0.233 c1 0.997 c50 0.185 fac1 0.992 fac50 -0.148 lock 0.00 move 0.0752 period None osc -0.148@50 pr 7.2 sens10 -0.64 sens50 -1.64 sat None dead 0.00 frozen 0.52 nbin 298 fat 0.920 | 16.3s
run39|kwta4|0|0.9|div|100|2.0|51|leak: static 0.285 sstatic 0.227 c1 0.997 c50 0.179 fac1 0.992 fac50 -0.138 lock 0.00 move 0.0759 period None osc -0.138@50 pr 7.6 sens10 -0.65 sens50 -1.56 sat None dead 0.00 frozen 0.49 nbin 299 fat 1.020 | 17.1s
run39|kwta4|0|0.9|dep|10|0.5|50|leak: static 0.526 sstatic 0.425 c1 0.998 c50 0.489 fac1 0.991 fac50 -0.056 lock 0.00 move 0.0801 period None osc -0.056@50 pr 6.3 sens10 -0.39 sens50 -2.00 sat None dead 0.00 frozen 0.95 nbin 191 fat 0.918 | 9.7s
run39|kwta4|0|0.9|dep|10|0.5|51|leak: static 0.569 sstatic 0.448 c1 0.998 c50 0.536 fac1 0.991 fac50 -0.067 lock 0.00 move 0.0774 period None osc -0.067@50 pr 6.5 sens10 -0.40 sens50 -2.04 sat None dead 0.00 frozen 0.94 nbin 207 fat 0.919 | 9.8s
run39|kwta4|0|0.9|dep|30|0.1|51|leak: static 0.466 sstatic 0.350 c1 0.996 c50 0.395 fac1 0.990 fac50 -0.134 lock 0.00 move 0.0843 period None osc -0.134@50 pr 8.2 sens10 -0.37 sens50 -1.70 sat None dead 0.00 frozen 0.40 nbin 300 fat 0.884 | 9.8s
run39|kwta4|0|0.9|dep|30|0.5|51|leak: static 0.511 sstatic 0.383 c1 0.996 c50 0.463 fac1 0.990 fac50 -0.108 lock 0.00 move 0.108 period None osc -0.117@41 pr 8.5 sens10 -0.41 sens50 -1.81 sat None dead 0.00 frozen 1.00 nbin 4 fat 0.882 | 9.7s
run39|kwta4|0|0.9|dep|100|0.5|50|leak: static 0.361 sstatic 0.307 c1 0.996 c50 0.262 fac1 0.990 fac50 -0.144 lock 0.00 move 0.147 period None osc -0.144@50 pr 8.1 sens10 -0.36 sens50 -1.55 sat None dead 0.00 frozen 1.00 nbin 1 fat 0.814 | 9.7s
run39|kwta4|0|0.9|dep|100|0.5|51|leak: static 0.363 sstatic 0.298 c1 0.996 c50 0.254 fac1 0.990 fac50 -0.158 lock 0.00 move 0.139 period None osc -0.158@50 pr 8.5 sens10 2.85 sens50 3.87 sat None dead 0.00 frozen 1.00 nbin 2 fat 0.804 | 9.8s
run39|kwta4|0|0.9|dep|300|0.1|50|leak: static 0.311 sstatic 0.280 c1 0.996 c50 0.244 fac1 0.992 fac50 -0.108 lock 0.00 move 0.105 period None osc -0.108@50 pr 7.9 sens10 -0.34 sens50 -1.57 sat None dead 0.00 frozen 1.00 nbin 5 fat 0.732 | 9.7s
run39|kwta4|0|0.9|dep|300|0.1|51|leak: static 0.264 sstatic 0.257 c1 0.997 c50 0.250 fac1 0.991 fac50 -0.041 lock 0.00 move 0.1 period None osc -0.041@50 pr 7.4 sens10 -0.38 sens50 -1.64 sat None dead 0.00 frozen 0.99 nbin 22 fat 0.711 | 9.9s
run39|tanh|0|0.5|none|0|0.0|50|leak: static 0.030 sstatic 0.025 c1 0.951 c50 -0.050 fac1 0.948 fac50 -0.068 lock 0.00 move 0.309 period None osc -0.068@50 pr 13.4 sens10 0.54 sens50 3.41 sat 0.430 dead 0.00 frozen 0.00 nbin 300 fat None | 5.0s
run39|tanh|0|0.5|none|0|0.0|51|leak: static 0.061 sstatic 0.053 c1 0.952 c50 0.073 fac1 0.947 fac50 0.004 lock 0.00 move 0.304 period None osc -0.081@30 pr 13.9 sens10 0.58 sens50 3.60 sat 0.455 dead 0.00 frozen 0.00 nbin 300 fat None | 5.0s
run39|tanh|0|0.5|sub|3|0.5|50|leak: static 0.002 sstatic 0.002 c1 0.829 c50 -0.078 fac1 0.830 fac50 -0.064 lock 0.00 move 0.575 period None osc -0.536@6 pr 14.7 sens10 0.42 sens50 2.39 sat 0.194 dead 0.00 frozen 0.00 nbin 300 fat 0.372 | 5.7s
run39|tanh|0|0.5|sub|3|0.5|51|leak: static 0.002 sstatic 0.002 c1 0.835 c50 -0.080 fac1 0.836 fac50 -0.065 lock 0.00 move 0.566 period None osc -0.535@6 pr 13.2 sens10 0.37 sens50 2.38 sat 0.216 dead 0.00 frozen 0.00 nbin 300 fat 0.366 | 5.7s
run39|kwta4|0|0.9|dep|10|0.1|50|leak: static 0.164 sstatic 0.134 c1 0.997 c50 0.551 fac1 0.973 fac50 0.074 lock 0.00 move 0.0774 period None osc 0.074@50 pr 1.7 sens10 -0.45 sens50 -1.18 sat None dead 0.00 frozen 0.09 nbin 300 fat 0.926 | 18.2s
run39|tanh|0|0.5|sub|3|1.0|50|leak: static 0.000 sstatic 0.000 c1 0.788 c50 0.183 fac1 0.792 fac50 0.151 lock 0.00 move 0.642 period None osc -0.740@5 pr 10.6 sens10 -0.03 sens50 0.80 sat 0.102 dead 0.00 frozen 0.00 nbin 300 fat 0.649 | 5.7s
run39|tanh|0|0.5|sub|3|1.0|51|leak: static 0.000 sstatic 0.000 c1 0.799 c50 0.308 fac1 0.802 fac50 0.260 lock 0.00 move 0.621 period None osc -0.745@6 pr 9.4 sens10 -0.02 sens50 0.79 sat 0.120 dead 0.00 frozen 0.00 nbin 300 fat 0.600 | 5.8s
run39|kwta4|0|0.9|dep|10|0.1|51|leak: static 0.157 sstatic 0.126 c1 0.997 c50 0.436 fac1 0.969 fac50 0.067 lock 0.00 move 0.0811 period None osc 0.067@50 pr 1.7 sens10 1.60 sens50 3.48 sat None dead 0.00 frozen 0.05 nbin 300 fat 0.925 | 18.3s
run39|kwta4|0|0.9|dep|30|0.1|50|leak: static 0.475 sstatic 0.372 c1 0.996 c50 0.412 fac1 0.989 fac50 -0.137 lock 0.00 move 0.0849 period None osc -0.137@50 pr 8.5 sens10 -0.38 sens50 -1.81 sat None dead 0.00 frozen 0.39 nbin 300 fat 0.884 | 18.6s
run39|tanh|0|0.5|sub|10|0.5|50|leak: static 0.001 sstatic 0.003 c1 0.906 c50 -0.031 fac1 0.906 fac50 -0.025 lock 0.00 move 0.424 period None osc -0.430@10 pr 13.9 sens10 0.36 sens50 2.73 sat 0.354 dead 0.00 frozen 0.00 nbin 300 fat 0.188 | 5.7s
run39|kwta4|0|0.9|dep|30|0.5|50|leak: static 0.484 sstatic 0.370 c1 0.996 c50 0.458 fac1 0.989 fac50 -0.091 lock 0.00 move 0.115 period None osc -0.091@50 pr 8.4 sens10 -0.38 sens50 -1.79 sat None dead 0.00 frozen 1.00 nbin 3 fat 0.884 | 18.6s
run39|kwta4|0|0.9|dep|100|0.1|50|leak: static 0.343 sstatic 0.296 c1 0.996 c50 0.241 fac1 0.990 fac50 -0.142 lock 0.00 move 0.0923 period None osc -0.142@50 pr 8.1 sens10 -0.35 sens50 -1.61 sat None dead 0.00 frozen 0.81 nbin 288 fat 0.794 | 18.6s
run39|tanh|0|0.5|sub|10|0.5|51|leak: static 0.001 sstatic 0.003 c1 0.906 c50 -0.007 fac1 0.905 fac50 -0.008 lock 0.00 move 0.428 period None osc -0.420@10 pr 14.5 sens10 0.52 sens50 2.93 sat 0.374 dead 0.00 frozen 0.00 nbin 300 fat 0.215 | 5.7s
run39|kwta4|0|0.9|dep|100|0.1|51|leak: static 0.331 sstatic 0.283 c1 0.996 c50 0.229 fac1 0.990 fac50 -0.138 lock 0.00 move 0.0947 period None osc -0.139@48 pr 8.5 sens10 -0.37 sens50 -1.57 sat None dead 0.00 frozen 0.80 nbin 289 fat 0.792 | 18.9s
run39|tanh|0|0.5|sub|10|1.0|50|leak: static 0.000 sstatic 0.002 c1 0.907 c50 -0.087 fac1 0.907 fac50 -0.070 lock 0.00 move 0.424 period None osc -0.569@10 pr 9.6 sens10 0.20 sens50 1.54 sat 0.336 dead 0.00 frozen 0.00 nbin 300 fat 0.370 | 5.7s
run39|tanh|0|0.5|sub|10|1.0|51|leak: static 0.000 sstatic 0.002 c1 0.901 c50 0.062 fac1 0.901 fac50 0.053 lock 0.00 move 0.438 period None osc -0.501@10 pr 13.4 sens10 0.34 sens50 2.00 sat 0.351 dead 0.00 frozen 0.00 nbin 300 fat 0.376 | 5.7s
run39|tanh|0|0.5|sub|30|0.5|50|leak: static 0.002 sstatic 0.004 c1 0.936 c50 -0.083 fac1 0.935 fac50 -0.072 lock 0.00 move 0.352 period None osc -0.262@16 pr 13.7 sens10 0.54 sens50 3.11 sat 0.403 dead 0.00 frozen 0.00 nbin 300 fat 0.136 | 5.7s
run39|tanh|0|0.5|sub|30|0.5|51|leak: static 0.003 sstatic 0.004 c1 0.937 c50 0.002 fac1 0.936 fac50 0.001 lock 0.00 move 0.35 period None osc -0.229@15 pr 14.0 sens10 0.54 sens50 3.26 sat 0.425 dead 0.00 frozen 0.00 nbin 300 fat 0.130 | 5.7s
run39|tanh|0|0.5|sub|30|1.0|51|leak: static 0.001 sstatic 0.003 c1 0.934 c50 -0.000 fac1 0.934 fac50 0.004 lock 0.00 move 0.354 period None osc -0.298@17 pr 12.3 sens10 0.40 sens50 2.44 sat 0.423 dead 0.00 frozen 0.00 nbin 300 fat 0.240 | 5.7s
run39|tanh|0|0.5|sub|100|0.5|50|leak: static 0.006 sstatic 0.008 c1 0.948 c50 -0.018 fac1 0.947 fac50 -0.020 lock 0.00 move 0.319 period None osc -0.138@22 pr 13.7 sens10 0.46 sens50 3.30 sat 0.422 dead 0.00 frozen 0.00 nbin 300 fat 0.070 | 5.7s
run39|kwta4|0|0.9|dep|300|0.5|50|leak: static 0.286 sstatic 0.263 c1 0.996 c50 0.240 fac1 0.991 fac50 -0.093 lock 0.00 move 0.173 period None osc -0.093@50 pr 7.7 sens10 -0.34 sens50 -1.54 sat None dead 0.00 frozen 1.00 nbin 1 fat 0.730 | 18.3s
run39|tanh|0|0.5|sub|100|1.0|51|leak: static 0.004 sstatic 0.006 c1 0.947 c50 -0.099 fac1 0.946 fac50 -0.085 lock 0.00 move 0.32 period None osc -0.123@23 pr 13.3 sens10 0.63 sens50 3.41 sat 0.444 dead 0.00 frozen 0.00 nbin 300 fat 0.135 | 5.7s
run39|tanh|0|0.5|sub|300|1.0|50|leak: static 0.011 sstatic 0.012 c1 0.949 c50 -0.030 fac1 0.946 fac50 -0.033 lock 0.00 move 0.315 period None osc -0.045@21 pr 13.6 sens10 0.68 sens50 3.58 sat 0.424 dead 0.00 frozen 0.00 nbin 300 fat 0.078 | 5.7s
run39|tanh|0|0.5|div|3|0.5|50|leak: static 0.030 sstatic 0.031 c1 0.953 c50 0.018 fac1 0.949 fac50 -0.012 lock 0.00 move 0.305 period None osc -0.061@18 pr 13.3 sens10 0.08 sens50 1.54 sat 0.000 dead 0.00 frozen 0.00 nbin 300 fat 1.135 | 5.7s
run39|kwta4|0|0.9|dep|300|0.5|51|leak: static 0.297 sstatic 0.265 c1 0.996 c50 0.186 fac1 0.991 fac50 -0.133 lock 0.00 move 0.153 period None osc -0.133@50 pr 7.6 sens10 -0.38 sens50 -1.42 sat None dead 0.00 frozen 1.00 nbin 2 fat 0.717 | 19.0s
run39|tanh|0|0.5|div|3|0.5|51|leak: static 0.040 sstatic 0.039 c1 0.953 c50 0.019 fac1 0.949 fac50 -0.022 lock 0.00 move 0.304 period None osc -0.066@24 pr 14.0 sens10 0.20 sens50 1.95 sat 0.000 dead 0.00 frozen 0.00 nbin 300 fat 1.203 | 5.7s
run39|tanh|0|0.5|sub|30|1.0|50|leak: static 0.001 sstatic 0.003 c1 0.932 c50 -0.035 fac1 0.931 fac50 -0.026 lock 0.00 move 0.359 period None osc -0.289@14 pr 14.0 sens10 0.36 sens50 2.36 sat 0.395 dead 0.00 frozen 0.00 nbin 300 fat 0.228 | 10.3s
run39|tanh|0|0.5|div|3|2.0|50|leak: static 0.044 sstatic 0.044 c1 0.943 c50 0.075 fac1 0.938 fac50 0.031 lock 0.00 move 0.34 period None osc -0.086@21 pr 14.8 sens10 0.06 sens50 1.57 sat 0.000 dead 0.00 frozen 0.06 nbin 300 fat 1.996 | 5.7s
run39|tanh|0|0.5|div|3|2.0|51|leak: static 0.042 sstatic 0.041 c1 0.945 c50 -0.063 fac1 0.941 fac50 -0.083 lock 0.00 move 0.331 period None osc -0.094@22 pr 13.9 sens10 0.11 sens50 1.26 sat 0.000 dead 0.00 frozen 0.04 nbin 300 fat 2.101 | 5.7s
run39|tanh|0|0.5|div|10|0.5|50|leak: static 0.076 sstatic 0.075 c1 0.966 c50 0.130 fac1 0.961 fac50 0.040 lock 0.00 move 0.258 period None osc -0.109@18 pr 13.0 sens10 -0.11 sens50 1.16 sat 0.011 dead 0.00 frozen 0.00 nbin 300 fat 1.209 | 5.7s
run39|tanh|0|0.5|sub|100|0.5|51|leak: static 0.005 sstatic 0.007 c1 0.948 c50 -0.097 fac1 0.947 fac50 -0.088 lock 0.00 move 0.312 period None osc -0.110@35 pr 13.0 sens10 0.61 sens50 3.35 sat 0.447 dead 0.00 frozen 0.00 nbin 300 fat 0.071 | 10.4s
run39|tanh|0|0.5|div|10|0.5|51|leak: static 0.045 sstatic 0.045 c1 0.966 c50 0.029 fac1 0.962 fac50 -0.014 lock 0.00 move 0.259 period None osc -0.121@29 pr 13.0 sens10 -0.01 sens50 1.38 sat 0.013 dead 0.00 frozen 0.00 nbin 300 fat 1.211 | 5.8s
run39|tanh|0|0.5|sub|100|1.0|50|leak: static 0.003 sstatic 0.006 c1 0.944 c50 -0.017 fac1 0.943 fac50 -0.018 lock 0.00 move 0.326 period None osc -0.151@18 pr 13.6 sens10 0.72 sens50 3.44 sat 0.415 dead 0.00 frozen 0.00 nbin 300 fat 0.138 | 10.6s
run39|tanh|0|0.5|sub|300|0.5|50|leak: static 0.013 sstatic 0.013 c1 0.952 c50 0.026 fac1 0.950 fac50 0.011 lock 0.00 move 0.304 period None osc -0.077@33 pr 12.8 sens10 0.54 sens50 3.42 sat 0.430 dead 0.00 frozen 0.00 nbin 300 fat 0.040 | 10.6s
run39|tanh|0|0.5|sub|300|0.5|51|leak: static 0.017 sstatic 0.016 c1 0.953 c50 -0.063 fac1 0.951 fac50 -0.059 lock 0.00 move 0.299 period None osc -0.075@41 pr 13.0 sens10 0.59 sens50 3.36 sat 0.455 dead 0.00 frozen 0.00 nbin 300 fat 0.042 | 10.7s
run39|tanh|0|0.5|div|10|2.0|51|leak: static 0.124 sstatic 0.125 c1 0.970 c50 -0.027 fac1 0.963 fac50 -0.166 lock 0.00 move 0.243 period None osc -0.166@50 pr 11.0 sens10 -0.21 sens50 0.33 sat 0.000 dead 0.00 frozen 0.02 nbin 300 fat 2.464 | 5.7s
run39|tanh|0|0.5|sub|300|1.0|51|leak: static 0.011 sstatic 0.013 c1 0.952 c50 -0.016 fac1 0.949 fac50 -0.023 lock 0.00 move 0.308 period None osc -0.096@26 pr 13.2 sens10 0.64 sens50 3.33 sat 0.452 dead 0.00 frozen 0.00 nbin 300 fat 0.078 | 10.8s
run39|tanh|0|0.5|div|30|0.5|50|leak: static 0.031 sstatic 0.029 c1 0.974 c50 -0.009 fac1 0.971 fac50 -0.036 lock 0.00 move 0.223 period None osc -0.083@19 pr 11.8 sens10 -0.29 sens50 0.61 sat 0.032 dead 0.00 frozen 0.00 nbin 300 fat 1.165 | 5.7s
run39|tanh|0|0.5|div|30|0.5|51|leak: static 0.080 sstatic 0.079 c1 0.977 c50 0.040 fac1 0.972 fac50 -0.039 lock 0.00 move 0.212 period None osc -0.088@27 pr 12.1 sens10 -0.05 sens50 0.76 sat 0.035 dead 0.00 frozen 0.00 nbin 300 fat 1.251 | 5.7s
run39|tanh|0|0.5|div|30|2.0|51|leak: static 0.067 sstatic 0.067 c1 0.984 c50 0.057 fac1 0.980 fac50 -0.008 lock 0.00 move 0.178 period None osc -0.104@26 pr 9.8 sens10 -0.34 sens50 0.05 sat 0.000 dead 0.00 frozen 0.00 nbin 300 fat 2.715 | 5.7s
run39|tanh|0|0.5|div|100|0.5|51|leak: static 0.141 sstatic 0.137 c1 0.980 c50 0.096 fac1 0.975 fac50 -0.040 lock 0.00 move 0.2 period None osc -0.071@29 pr 11.9 sens10 -0.21 sens50 0.66 sat 0.048 dead 0.00 frozen 0.00 nbin 300 fat 1.273 | 5.7s
run39|tanh|0|0.5|div|100|2.0|50|leak: static 0.147 sstatic 0.145 c1 0.990 c50 -0.080 fac1 0.985 fac50 -0.219 lock 0.00 move 0.147 period None osc -0.224@46 pr 7.5 sens10 -0.34 sens50 -0.07 sat 0.000 dead 0.00 frozen 0.06 nbin 300 fat 2.544 | 5.7s
run39|tanh|0|0.5|div|100|2.0|51|leak: static 0.083 sstatic 0.082 c1 0.990 c50 -0.028 fac1 0.986 fac50 -0.101 lock 0.00 move 0.137 period None osc -0.101@50 pr 8.7 sens10 -0.39 sens50 -0.10 sat 0.000 dead 0.00 frozen 0.01 nbin 300 fat 2.677 | 5.7s
run39|tanh|0|0.5|div|300|0.5|51|leak: static 0.075 sstatic 0.072 c1 0.979 c50 0.080 fac1 0.975 fac50 0.006 lock 0.00 move 0.199 period None osc -0.097@34 pr 11.9 sens10 -0.08 sens50 0.70 sat 0.056 dead 0.00 frozen 0.00 nbin 300 fat 1.218 | 5.8s
run39|tanh|0|0.5|div|10|2.0|50|leak: static 0.078 sstatic 0.078 c1 0.967 c50 0.114 fac1 0.961 fac50 0.032 lock 0.00 move 0.255 period None osc -0.156@13 pr 13.4 sens10 -0.22 sens50 0.19 sat 0.000 dead 0.00 frozen 0.01 nbin 300 fat 2.344 | 10.3s
run39|tanh|0|0.5|div|30|2.0|50|leak: static 0.047 sstatic 0.047 c1 0.983 c50 -0.020 fac1 0.979 fac50 -0.057 lock 0.00 move 0.183 period None osc -0.171@29 pr 9.3 sens10 -0.38 sens50 -0.27 sat 0.000 dead 0.00 frozen 0.01 nbin 300 fat 2.507 | 10.7s
run39|tanh|0|0.5|div|100|0.5|50|leak: static 0.048 sstatic 0.046 c1 0.978 c50 0.049 fac1 0.974 fac50 0.003 lock 0.00 move 0.206 period None osc -0.115@21 pr 11.2 sens10 -0.22 sens50 0.63 sat 0.044 dead 0.00 frozen 0.00 nbin 300 fat 1.187 | 10.3s
run39|tanh|0|0.5|dep|3|0.1|51|leak: static 0.031 sstatic 0.028 c1 0.959 c50 0.021 fac1 0.956 fac50 -0.010 lock 0.00 move 0.281 period None osc -0.048@27 pr 12.4 sens10 0.59 sens50 3.28 sat 0.339 dead 0.00 frozen 0.00 nbin 300 fat 0.807 | 6.4s
run39|tanh|0|0.5|dep|3|0.5|51|leak: static 0.065 sstatic 0.061 c1 0.964 c50 0.084 fac1 0.960 fac50 0.031 lock 0.00 move 0.266 period None osc -0.086@26 pr 11.5 sens10 0.37 sens50 2.31 sat 0.062 dead 0.00 frozen 0.00 nbin 300 fat 0.527 | 6.4s
run39|tanh|0|0.5|dep|10|0.1|50|leak: static 0.015 sstatic 0.015 c1 0.959 c50 0.019 fac1 0.957 fac50 0.003 lock 0.00 move 0.283 period None osc -0.140@32 pr 12.6 sens10 0.36 sens50 2.30 sat 0.133 dead 0.00 frozen 0.00 nbin 300 fat 0.594 | 6.4s
run39|tanh|0|0.5|div|300|0.5|50|leak: static 0.059 sstatic 0.056 c1 0.979 c50 0.061 fac1 0.974 fac50 -0.003 lock 0.00 move 0.203 period None osc -0.187@22 pr 10.3 sens10 -0.23 sens50 0.70 sat 0.051 dead 0.00 frozen 0.00 nbin 300 fat 1.152 | 10.3s
run39|tanh|0|0.5|dep|10|0.1|51|leak: static 0.095 sstatic 0.079 c1 0.959 c50 0.140 fac1 0.953 fac50 0.026 lock 0.00 move 0.28 period None osc -0.048@39 pr 13.6 sens10 0.43 sens50 2.41 sat 0.149 dead 0.00 frozen 0.00 nbin 300 fat 0.585 | 6.4s
run39|tanh|0|0.5|dep|10|0.5|50|leak: static 0.053 sstatic 0.053 c1 0.957 c50 0.108 fac1 0.953 fac50 0.038 lock 0.00 move 0.3 period None osc -0.118@15 pr 12.4 sens10 0.25 sens50 1.49 sat 0.000 dead 0.00 frozen 0.01 nbin 300 fat 0.398 | 6.4s
run39|tanh|0|0.5|dep|10|0.5|51|leak: static 0.281 sstatic 0.276 c1 0.963 c50 0.269 fac1 0.947 fac50 -0.018 lock 0.00 move 0.279 period None osc -0.020@49 pr 14.1 sens10 0.10 sens50 1.63 sat 0.000 dead 0.00 frozen 0.05 nbin 300 fat 0.379 | 6.5s
run39|tanh|0|0.5|dep|30|0.1|50|leak: static 0.135 sstatic 0.128 c1 0.970 c50 0.130 fac1 0.965 fac50 -0.008 lock 0.00 move 0.241 period None osc -0.134@15 pr 12.9 sens10 0.07 sens50 1.11 sat 0.008 dead 0.00 frozen 0.00 nbin 300 fat 0.405 | 6.4s
run39|tanh|0|0.5|div|300|2.0|50|leak: static 0.089 sstatic 0.089 c1 0.992 c50 -0.192 fac1 0.988 fac50 -0.251 lock 0.00 move 0.128 period None osc -0.251@50 pr 7.5 sens10 -0.39 sens50 -0.43 sat 0.000 dead 0.00 frozen 0.03 nbin 300 fat 2.576 | 10.6s
run39|tanh|0|0.5|dep|30|0.1|51|leak: static 0.130 sstatic 0.125 c1 0.972 c50 0.117 fac1 0.966 fac50 -0.014 lock 0.00 move 0.237 period None osc -0.146@18 pr 11.7 sens10 0.07 sens50 0.96 sat 0.011 dead 0.00 frozen 0.00 nbin 300 fat 0.403 | 6.4s
run39|tanh|0|0.5|div|300|2.0|51|leak: static 0.175 sstatic 0.179 c1 0.994 c50 0.167 fac1 0.990 fac50 -0.008 lock 0.00 move 0.111 period None osc -0.079@34 pr 7.5 sens10 -0.37 sens50 -0.42 sat 0.000 dead 0.00 frozen 0.10 nbin 300 fat 2.748 | 10.6s
run39|tanh|0|0.5|dep|3|0.1|50|leak: static 0.051 sstatic 0.045 c1 0.954 c50 0.008 fac1 0.950 fac50 -0.034 lock 0.00 move 0.299 period None osc -0.077@33 pr 13.5 sens10 0.44 sens50 2.81 sat 0.306 dead 0.00 frozen 0.00 nbin 300 fat 0.810 | 11.9s
run39|tanh|0|0.5|dep|3|0.5|50|leak: static 0.029 sstatic 0.029 c1 0.963 c50 0.047 fac1 0.961 fac50 0.011 lock 0.00 move 0.268 period None osc -0.114@25 pr 12.6 sens10 0.41 sens50 2.47 sat 0.051 dead 0.00 frozen 0.00 nbin 300 fat 0.537 | 11.9s
run39|tanh|0|0.5|dep|100|0.1|51|leak: static 0.225 sstatic 0.225 c1 0.985 c50 0.126 fac1 0.978 fac50 -0.095 lock 0.00 move 0.213 period None osc -0.179@26 pr 9.2 sens10 -0.16 sens50 0.05 sat 0.000 dead 0.00 frozen 0.18 nbin 300 fat 0.286 | 6.6s
run39|tanh|0|0.5|dep|100|0.5|50|leak: static 0.188 sstatic 0.188 c1 0.982 c50 0.191 fac1 0.976 fac50 0.000 lock 0.00 move 0.563 period None osc -0.196@15 pr 9.2 sens10 -0.20 sens50 -0.03 sat 0.000 dead 0.00 frozen 0.99 nbin 43 fat 0.271 | 6.6s
run39|tanh|0|0.9|none|0|0.0|50|leak: static 0.207 sstatic 0.168 c1 0.999 c50 0.224 fac1 0.995 fac50 0.005 lock 0.00 move 0.0469 period None osc 0.005@50 pr 4.8 sens10 -0.06 sens50 0.60 sat 0.422 dead 0.00 frozen 0.01 nbin 300 fat None | 5.1s
run39|tanh|0|0.5|dep|300|0.1|51|leak: static 0.236 sstatic 0.236 c1 0.989 c50 0.199 fac1 0.984 fac50 -0.057 lock 0.00 move 0.36 period None osc -0.206@34 pr 8.2 sens10 -0.11 sens50 -0.02 sat 0.000 dead 0.00 frozen 0.96 nbin 220 fat 0.256 | 6.6s
run39|tanh|0|0.5|dep|100|0.5|51|leak: static 0.282 sstatic 0.283 c1 0.980 c50 0.179 fac1 0.971 fac50 -0.119 lock 0.00 move 0.529 period None osc -0.223@34 pr 10.3 sens10 -0.15 sens50 0.09 sat 0.000 dead 0.00 frozen 0.99 nbin 51 fat 0.268 | 7.2s
run39|tanh|0|0.5|dep|300|0.5|50|leak: static 0.211 sstatic 0.211 c1 0.990 c50 0.228 fac1 0.984 fac50 0.017 lock 0.00 move 0.831 period None osc -0.287@30 pr 7.4 sens10 -0.23 sens50 0.00 sat 0.000 dead 0.00 frozen 0.99 nbin 9 fat 0.250 | 6.5s
run39|tanh|0|0.5|dep|30|0.5|50|leak: static 0.202 sstatic 0.202 c1 0.967 c50 0.178 fac1 0.957 fac50 -0.002 lock 0.00 move 0.337 period None osc -0.172@11 pr 12.3 sens10 0.04 sens50 0.83 sat 0.000 dead 0.00 frozen 0.59 nbin 300 fat 0.311 | 11.7s
run39|tanh|0|0.9|sub|3|0.5|50|leak: static 0.178 sstatic 0.171 c1 0.999 c50 0.130 fac1 0.995 fac50 -0.051 lock 0.00 move 0.0433 period None osc -0.051@50 pr 4.5 sens10 -0.27 sens50 -0.08 sat 0.084 dead 0.00 frozen 0.02 nbin 300 fat 0.499 | 5.8s
run39|tanh|0|0.5|dep|300|0.5|51|leak: static 0.284 sstatic 0.284 c1 0.987 c50 0.239 fac1 0.980 fac50 -0.056 lock 0.00 move 0.763 period None osc -0.212@18 pr 7.9 sens10 -0.24 sens50 -0.15 sat 0.000 dead 0.00 frozen 1.00 nbin 7 fat 0.251 | 6.6s
run39|tanh|0|0.5|dep|100|0.1|50|leak: static 0.107 sstatic 0.108 c1 0.982 c50 0.119 fac1 0.977 fac50 0.008 lock 0.00 move 0.232 period None osc -0.203@27 pr 8.7 sens10 -0.16 sens50 0.22 sat 0.000 dead 0.00 frozen 0.17 nbin 300 fat 0.302 | 11.6s
run39|tanh|0|0.5|dep|30|0.5|51|leak: static 0.273 sstatic 0.273 c1 0.969 c50 0.146 fac1 0.958 fac50 -0.147 lock 0.00 move 0.311 period None osc -0.147@50 pr 12.1 sens10 0.03 sens50 0.73 sat 0.000 dead 0.00 frozen 0.57 nbin 300 fat 0.308 | 12.0s
run39|tanh|0|0.9|sub|10|0.5|50|leak: static 0.017 sstatic 0.021 c1 0.996 c50 -0.471 fac1 0.993 fac50 -0.419 lock 0.00 move 0.0887 period None osc -0.464@43 pr 5.8 sens10 -0.06 sens50 0.25 sat 0.149 dead 0.00 frozen 0.00 nbin 300 fat 0.423 | 5.7s
run39|tanh|0|0.9|none|0|0.0|51|leak: static 0.177 sstatic 0.153 c1 0.999 c50 0.145 fac1 0.995 fac50 -0.031 lock 0.00 move 0.0494 period None osc -0.031@50 pr 5.2 sens10 -0.08 sens50 0.56 sat 0.443 dead 0.00 frozen 0.01 nbin 300 fat None | 9.5s
run39|tanh|0|0.9|sub|10|0.5|51|leak: static 0.023 sstatic 0.025 c1 0.995 c50 -0.376 fac1 0.992 fac50 -0.339 lock 0.00 move 0.0944 period None osc -0.502@39 pr 6.1 sens10 -0.07 sens50 0.48 sat 0.161 dead 0.00 frozen 0.00 nbin 300 fat 0.428 | 5.8s
run39|tanh|0|0.5|dep|300|0.1|50|leak: static 0.171 sstatic 0.171 c1 0.990 c50 0.112 fac1 0.986 fac50 -0.075 lock 0.00 move 0.373 period None osc -0.239@22 pr 7.5 sens10 -0.18 sens50 -0.09 sat 0.000 dead 0.00 frozen 0.97 nbin 179 fat 0.261 | 11.6s
run39|tanh|0|0.9|sub|10|1.0|50|leak: static 0.002 sstatic 0.002 c1 0.992 c50 0.372 fac1 0.989 fac50 0.315 lock 0.00 move 0.118 period None osc -0.744@27 pr 5.3 sens10 -0.30 sens50 -0.34 sat 0.071 dead 0.00 frozen 0.00 nbin 300 fat 0.701 | 5.7s
run39|tanh|0|0.9|sub|10|1.0|51|leak: static 0.002 sstatic 0.003 c1 0.992 c50 0.394 fac1 0.989 fac50 0.331 lock 0.00 move 0.125 period None osc -0.728@27 pr 5.5 sens10 -0.34 sens50 -0.43 sat 0.081 dead 0.00 frozen 0.00 nbin 300 fat 0.708 | 5.8s
run39|tanh|0|0.9|sub|30|0.5|50|leak: static 0.014 sstatic 0.019 c1 0.997 c50 -0.575 fac1 0.994 fac50 -0.490 lock 0.00 move 0.0741 period None osc -0.490@50 pr 5.4 sens10 -0.02 sens50 0.36 sat 0.305 dead 0.00 frozen 0.00 nbin 300 fat 0.308 | 5.7s
run39|tanh|0|0.9|sub|3|0.5|51|leak: static 0.554 sstatic 0.521 c1 1.000 c50 0.583 fac1 0.995 fac50 0.059 lock 0.00 move 0.0287 period None osc 0.059@50 pr 4.3 sens10 -0.28 sens50 -0.05 sat 0.111 dead 0.00 frozen 0.20 nbin 300 fat 0.499 | 10.5s
run39|tanh|0|0.9|sub|30|0.5|51|leak: static 0.012 sstatic 0.017 c1 0.997 c50 -0.536 fac1 0.994 fac50 -0.473 lock 0.00 move 0.0751 period None osc -0.473@50 pr 5.6 sens10 0.01 sens50 0.42 sat 0.328 dead 0.00 frozen 0.00 nbin 300 fat 0.277 | 5.8s
run39|tanh|0|0.9|sub|100|0.5|50|leak: static 0.036 sstatic 0.041 c1 0.998 c50 -0.114 fac1 0.995 fac50 -0.126 lock 0.00 move 0.0561 period None osc -0.126@50 pr 4.9 sens10 -0.06 sens50 0.44 sat 0.389 dead 0.00 frozen 0.00 nbin 300 fat 0.170 | 5.7s
run39|tanh|0|0.9|sub|30|1.0|51|leak: static 0.006 sstatic 0.011 c1 0.997 c50 -0.604 fac1 0.993 fac50 -0.513 lock 0.00 move 0.0817 period None osc -0.529@46 pr 5.1 sens10 -0.15 sens50 -0.02 sat 0.296 dead 0.00 frozen 0.00 nbin 300 fat 0.484 | 5.8s
run39|tanh|0|0.9|sub|3|1.0|50|leak: static 0.000 sstatic 0.000 c1 -0.037 c50 -0.913 fac1 -0.038 fac50 -0.770 lock 0.00 move 1.78 period 4 osc -0.917@2 pr 2.0 sens10 -0.77 sens50 -1.59 sat 0.000 dead 0.00 frozen 1.00 nbin 1 fat 0.952 | 10.4s
run39|tanh|0|0.9|sub|3|1.0|51|leak: static 0.000 sstatic 0.000 c1 -0.089 c50 -0.809 fac1 -0.096 fac50 -0.674 lock 0.00 move 1.6 period 4 osc -0.803@2 pr 2.2 sens10 -0.80 sens50 -1.48 sat 0.000 dead 0.00 frozen 1.00 nbin 1 fat 0.946 | 10.5s
run39|tanh|0|0.9|sub|100|1.0|51|leak: static 0.018 sstatic 0.027 c1 0.998 c50 -0.183 fac1 0.995 fac50 -0.165 lock 0.00 move 0.0559 period None osc -0.165@50 pr 4.4 sens10 -0.11 sens50 0.03 sat 0.401 dead 0.00 frozen 0.00 nbin 300 fat 0.302 | 5.7s
run39|tanh|0|0.9|sub|300|0.5|51|leak: static 0.079 sstatic 0.077 c1 0.999 c50 0.166 fac1 0.995 fac50 0.068 lock 0.00 move 0.0494 period None osc 0.068@50 pr 4.4 sens10 -0.01 sens50 0.55 sat 0.443 dead 0.00 frozen 0.00 nbin 300 fat 0.091 | 5.8s
run39|tanh|0|0.9|sub|300|1.0|51|leak: static 0.064 sstatic 0.065 c1 0.999 c50 0.152 fac1 0.995 fac50 0.081 lock 0.00 move 0.0494 period None osc 0.081@50 pr 4.4 sens10 -0.01 sens50 0.58 sat 0.445 dead 0.00 frozen 0.00 nbin 300 fat 0.193 | 5.7s
run39|tanh|0|0.9|div|3|0.5|50|leak: static 0.281 sstatic 0.269 c1 0.999 c50 0.344 fac1 0.993 fac50 0.039 lock 0.00 move 0.0467 period None osc 0.039@50 pr 4.9 sens10 -0.42 sens50 0.16 sat 0.000 dead 0.00 frozen 0.03 nbin 300 fat 1.097 | 5.7s
run39|tanh|0|0.9|sub|30|1.0|50|leak: static 0.006 sstatic 0.010 c1 0.996 c50 -0.618 fac1 0.993 fac50 -0.516 lock 0.00 move 0.0831 period None osc -0.554@45 pr 5.6 sens10 -0.15 sens50 0.11 sat 0.273 dead 0.00 frozen 0.00 nbin 300 fat 0.525 | 10.3s
run39|tanh|0|0.9|div|3|0.5|51|leak: static 0.195 sstatic 0.186 c1 0.999 c50 0.326 fac1 0.994 fac50 0.115 lock 0.00 move 0.0452 period None osc 0.115@50 pr 4.5 sens10 -0.43 sens50 -0.07 sat 0.000 dead 0.00 frozen 0.02 nbin 300 fat 1.259 | 5.7s
run39|tanh|0|0.9|div|3|2.0|51|leak: static 0.493 sstatic 0.490 c1 0.999 c50 0.484 fac1 0.994 fac50 -0.004 lock 0.00 move 0.0406 period None osc -0.004@50 pr 5.0 sens10 -0.54 sens50 -0.10 sat 0.000 dead 0.00 frozen 1.00 nbin 1 fat 1.982 | 5.7s
run39|tanh|0|0.9|div|10|0.5|50|leak: static 0.145 sstatic 0.140 c1 0.999 c50 0.200 fac1 0.995 fac50 0.040 lock 0.00 move 0.0484 period None osc 0.040@50 pr 4.9 sens10 -0.42 sens50 -0.04 sat 0.000 dead 0.00 frozen 0.01 nbin 300 fat 1.155 | 5.7s
run39|tanh|0|0.9|div|10|0.5|51|leak: static 0.369 sstatic 0.354 c1 0.999 c50 0.346 fac1 0.994 fac50 -0.056 lock 0.00 move 0.0437 period None osc -0.056@50 pr 5.8 sens10 -0.45 sens50 -0.19 sat 0.000 dead 0.00 frozen 0.07 nbin 300 fat 1.233 | 5.7s
run39|tanh|0|0.9|sub|100|0.5|51|leak: static 0.034 sstatic 0.045 c1 0.998 c50 -0.031 fac1 0.995 fac50 -0.055 lock 0.00 move 0.0556 period None osc -0.055@50 pr 5.2 sens10 -0.12 sens50 0.17 sat 0.408 dead 0.00 frozen 0.00 nbin 300 fat 0.181 | 10.4s
run39|tanh|0|0.9|sub|100|1.0|50|leak: static 0.019 sstatic 0.027 c1 0.998 c50 -0.276 fac1 0.994 fac50 -0.256 lock 0.00 move 0.0608 period None osc -0.256@50 pr 5.5 sens10 -0.05 sens50 0.52 sat 0.378 dead 0.00 frozen 0.00 nbin 300 fat 0.289 | 10.4s
run39|tanh|0|0.9|sub|300|0.5|50|leak: static 0.094 sstatic 0.088 c1 0.999 c50 0.015 fac1 0.995 fac50 -0.078 lock 0.00 move 0.0509 period None osc -0.078@50 pr 5.0 sens10 -0.08 sens50 0.43 sat 0.422 dead 0.00 frozen 0.00 nbin 300 fat 0.096 | 10.3s
run39|tanh|0|0.9|sub|300|1.0|50|leak: static 0.087 sstatic 0.084 c1 0.999 c50 0.049 fac1 0.994 fac50 -0.054 lock 0.00 move 0.0513 period None osc -0.054@50 pr 5.2 sens10 -0.03 sens50 0.44 sat 0.406 dead 0.00 frozen 0.00 nbin 300 fat 0.191 | 10.3s
run39|tanh|0|0.9|div|30|0.5|50|leak: static 0.272 sstatic 0.271 c1 0.999 c50 0.292 fac1 0.994 fac50 -0.004 lock 0.00 move 0.0416 period None osc -0.004@50 pr 4.9 sens10 -0.40 sens50 -0.30 sat 0.003 dead 0.00 frozen 0.04 nbin 300 fat 1.155 | 5.7s
run39|tanh|0|0.9|div|30|0.5|51|leak: static 0.330 sstatic 0.333 c1 0.999 c50 0.290 fac1 0.994 fac50 -0.076 lock 0.00 move 0.0402 period None osc -0.076@50 pr 5.3 sens10 -0.44 sens50 -0.23 sat 0.003 dead 0.00 frozen 0.08 nbin 300 fat 1.268 | 5.7s
run39|tanh|0|0.9|div|3|2.0|50|leak: static 0.319 sstatic 0.317 c1 0.999 c50 0.407 fac1 0.995 fac50 0.102 lock 0.00 move 0.0447 period None osc 0.102@50 pr 4.4 sens10 -0.46 sens50 0.04 sat 0.000 dead 0.00 frozen 1.00 nbin 1 fat 1.825 | 10.3s
run39|tanh|0|0.9|div|30|2.0|50|leak: static 0.112 sstatic 0.114 c1 0.999 c50 0.048 fac1 0.995 fac50 -0.069 lock 0.00 move 0.0484 period None osc -0.069@50 pr 5.7 sens10 -0.51 sens50 -0.25 sat 0.000 dead 0.00 frozen 0.21 nbin 300 fat 2.105 | 5.7s
run39|tanh|0|0.9|div|30|2.0|51|leak: static 0.196 sstatic 0.196 c1 0.999 c50 0.044 fac1 0.995 fac50 -0.168 lock 0.00 move 0.0474 period None osc -0.168@50 pr 5.6 sens10 -0.57 sens50 -0.50 sat 0.000 dead 0.00 frozen 0.21 nbin 300 fat 2.415 | 5.7s
run39|tanh|0|0.9|div|100|0.5|51|leak: static 0.182 sstatic 0.184 c1 0.999 c50 0.310 fac1 0.995 fac50 0.104 lock 0.00 move 0.0361 period None osc 0.104@50 pr 3.9 sens10 -0.46 sens50 -0.26 sat 0.024 dead 0.00 frozen 0.03 nbin 300 fat 1.226 | 5.7s
run39|tanh|0|0.9|div|10|2.0|50|leak: static 0.310 sstatic 0.310 c1 0.998 c50 0.274 fac1 0.994 fac50 -0.051 lock 0.00 move 0.0557 period None osc -0.051@49 pr 6.4 sens10 -0.48 sens50 -0.10 sat 0.000 dead 0.00 frozen 0.59 nbin 298 fat 1.920 | 10.3s
run39|tanh|0|0.9|div|100|2.0|50|leak: static 0.283 sstatic 0.284 c1 1.000 c50 0.301 fac1 0.994 fac50 -0.006 lock 0.00 move 0.0315 period None osc -0.006@50 pr 3.8 sens10 -0.62 sens50 -0.54 sat 0.000 dead 0.00 frozen 0.34 nbin 300 fat 2.459 | 5.7s
run39|tanh|0|0.9|div|100|2.0|51|leak: static 0.213 sstatic 0.215 c1 0.999 c50 0.255 fac1 0.995 fac50 0.043 lock 0.00 move 0.0324 period None osc 0.043@50 pr 4.2 sens10 -0.64 sens50 -0.63 sat 0.000 dead 0.00 frozen 0.30 nbin 300 fat 2.598 | 5.7s
run39|tanh|0|0.9|div|300|0.5|50|leak: static 0.195 sstatic 0.179 c1 0.999 c50 0.312 fac1 0.995 fac50 0.122 lock 0.00 move 0.0326 period None osc 0.122@50 pr 3.8 sens10 -0.45 sens50 -0.26 sat 0.042 dead 0.00 frozen 0.02 nbin 300 fat 1.163 | 5.7s
run39|tanh|0|0.9|div|10|2.0|51|leak: static 0.441 sstatic 0.441 c1 0.999 c50 0.386 fac1 0.994 fac50 -0.084 lock 0.00 move 0.0476 period None osc -0.084@50 pr 6.0 sens10 -0.50 sens50 -0.11 sat 0.000 dead 0.00 frozen 0.61 nbin 300 fat 2.180 | 10.5s
run39|tanh|0|0.9|div|100|0.5|50|leak: static 0.256 sstatic 0.246 c1 0.999 c50 0.356 fac1 0.994 fac50 0.088 lock 0.00 move 0.0344 period None osc 0.088@50 pr 4.2 sens10 -0.43 sens50 -0.19 sat 0.021 dead 0.00 frozen 0.03 nbin 300 fat 1.136 | 10.3s
run39|tanh|0|0.9|dep|3|0.1|51|leak: static 0.336 sstatic 0.280 c1 0.999 c50 0.456 fac1 0.994 fac50 0.095 lock 0.00 move 0.0377 period None osc 0.095@50 pr 4.3 sens10 -0.06 sens50 0.61 sat 0.336 dead 0.00 frozen 0.04 nbin 300 fat 0.809 | 6.5s
run39|tanh|0|0.9|dep|3|0.5|50|leak: static 0.167 sstatic 0.160 c1 0.999 c50 0.367 fac1 0.995 fac50 0.170 lock 0.00 move 0.0373 period None osc 0.170@50 pr 3.6 sens10 -0.10 sens50 0.35 sat 0.050 dead 0.00 frozen 0.03 nbin 300 fat 0.554 | 6.4s
run39|tanh|0|0.9|dep|10|0.1|50|leak: static 0.166 sstatic 0.168 c1 0.999 c50 0.244 fac1 0.995 fac50 0.051 lock 0.00 move 0.0431 period None osc 0.051@50 pr 4.6 sens10 -0.04 sens50 0.39 sat 0.115 dead 0.00 frozen 0.02 nbin 300 fat 0.612 | 6.4s
run39|tanh|0|0.9|dep|10|0.1|51|leak: static 0.321 sstatic 0.297 c1 0.999 c50 0.340 fac1 0.994 fac50 -0.014 lock 0.00 move 0.0412 period None osc -0.014@50 pr 5.0 sens10 -0.03 sens50 0.48 sat 0.132 dead 0.00 frozen 0.04 nbin 300 fat 0.600 | 6.5s
run39|tanh|0|0.9|dep|10|0.5|50|leak: static 0.383 sstatic 0.378 c1 0.999 c50 0.403 fac1 0.994 fac50 0.023 lock 0.00 move 0.0419 period None osc 0.023@50 pr 4.6 sens10 -0.06 sens50 0.52 sat 0.000 dead 0.00 frozen 0.34 nbin 300 fat 0.428 | 6.4s
run39|tanh|0|0.9|div|300|0.5|51|leak: static 0.217 sstatic 0.214 c1 1.000 c50 0.443 fac1 0.994 fac50 0.183 lock 0.00 move 0.0299 period None osc 0.183@50 pr 3.4 sens10 -0.47 sens50 -0.35 sat 0.046 dead 0.00 frozen 0.03 nbin 300 fat 1.210 | 10.4s
run39|tanh|0|0.9|div|300|2.0|50|leak: static 0.259 sstatic 0.258 c1 1.000 c50 0.497 fac1 0.996 fac50 0.259 lock 0.00 move 0.0244 period None osc 0.259@50 pr 2.8 sens10 -0.65 sens50 -0.66 sat 0.000 dead 0.00 frozen 0.37 nbin 300 fat 2.593 | 10.5s
run39|tanh|0|0.9|dep|30|0.1|50|leak: static 0.179 sstatic 0.177 c1 0.999 c50 0.113 fac1 0.995 fac50 -0.053 lock 0.00 move 0.047 period None osc -0.053@50 pr 5.0 sens10 -0.06 sens50 0.25 sat 0.003 dead 0.00 frozen 0.07 nbin 300 fat 0.441 | 6.4s
run39|tanh|0|0.9|dep|30|0.1|51|leak: static 0.457 sstatic 0.445 c1 0.999 c50 0.375 fac1 0.993 fac50 -0.164 lock 0.00 move 0.0406 period None osc -0.164@50 pr 5.9 sens10 -0.01 sens50 0.45 sat 0.005 dead 0.00 frozen 0.16 nbin 300 fat 0.431 | 6.5s
run39|tanh|0|0.9|dep|30|0.5|50|leak: static 0.370 sstatic 0.368 c1 0.999 c50 0.362 fac1 0.993 fac50 -0.042 lock 0.00 move 0.0583 period None osc -0.042@50 pr 4.9 sens10 -0.06 sens50 0.24 sat 0.000 dead 0.00 frozen 0.94 nbin 187 fat 0.386 | 6.4s
run39|tanh|0|0.9|div|300|2.0|51|leak: static 0.342 sstatic 0.349 c1 1.000 c50 0.445 fac1 0.995 fac50 0.125 lock 0.00 move 0.0241 period None osc 0.125@50 pr 3.5 sens10 -0.67 sens50 -0.73 sat 0.000 dead 0.00 frozen 0.39 nbin 300 fat 2.681 | 10.3s
run39|tanh|0|0.9|dep|3|0.1|50|leak: static 0.243 sstatic 0.216 c1 0.999 c50 0.261 fac1 0.995 fac50 0.021 lock 0.00 move 0.0439 period None osc 0.021@50 pr 4.6 sens10 -0.03 sens50 0.44 sat 0.301 dead 0.00 frozen 0.02 nbin 300 fat 0.812 | 11.7s
run39|tanh|0|0.9|dep|3|0.5|51|leak: static 0.189 sstatic 0.187 c1 0.999 c50 0.341 fac1 0.995 fac50 0.146 lock 0.00 move 0.0388 period None osc 0.146@50 pr 3.8 sens10 -0.05 sens50 0.35 sat 0.059 dead 0.00 frozen 0.04 nbin 300 fat 0.545 | 11.7s
run39|tanh|0|0.9|dep|100|0.1|51|leak: static 0.293 sstatic 0.291 c1 0.999 c50 0.159 fac1 0.994 fac50 -0.172 lock 0.00 move 0.0469 period None osc -0.172@50 pr 4.9 sens10 -0.12 sens50 0.02 sat 0.000 dead 0.00 frozen 0.53 nbin 300 fat 0.326 | 6.6s
run39|tanh|0|0.9|dep|100|0.5|50|leak: static 0.295 sstatic 0.294 c1 0.999 c50 0.238 fac1 0.995 fac50 -0.063 lock 0.00 move 0.109 period None osc -0.063@50 pr 5.1 sens10 -0.10 sens50 0.07 sat 0.000 dead 0.00 frozen 1.00 nbin 1 fat 0.328 | 6.6s
run39|tanh|0|0.9|dep|10|0.5|51|leak: static 0.374 sstatic 0.372 c1 0.999 c50 0.465 fac1 0.995 fac50 0.103 lock 0.00 move 0.0384 period None osc 0.103@50 pr 4.0 sens10 -0.04 sens50 0.27 sat 0.000 dead 0.00 frozen 0.32 nbin 300 fat 0.426 | 11.7s
run39|tanh|0|0.9|dep|100|0.5|51|leak: static 0.473 sstatic 0.473 c1 0.999 c50 0.340 fac1 0.994 fac50 -0.226 lock 0.00 move 0.101 period None osc -0.226@50 pr 5.8 sens10 -0.09 sens50 0.02 sat 0.000 dead 0.00 frozen 1.00 nbin 3 fat 0.317 | 6.6s
run39|tanh|0|0.9|dep|300|0.1|50|leak: static 0.288 sstatic 0.289 c1 0.999 c50 0.218 fac1 0.995 fac50 -0.109 lock 0.00 move 0.0712 period None osc -0.109@50 pr 4.6 sens10 -0.16 sens50 -0.16 sat 0.000 dead 0.00 frozen 1.00 nbin 8 fat 0.294 | 6.6s
run39|tanh|0|0.9|dep|300|0.1|51|leak: static 0.350 sstatic 0.350 c1 0.999 c50 0.309 fac1 0.996 fac50 -0.039 lock 0.00 move 0.0647 period None osc -0.039@50 pr 4.3 sens10 -0.16 sens50 -0.08 sat 0.000 dead 0.00 frozen 0.99 nbin 49 fat 0.284 | 6.6s
run39|tanh|0|0.9|dep|30|0.5|51|leak: static 0.516 sstatic 0.516 c1 0.999 c50 0.500 fac1 0.994 fac50 -0.062 lock 0.00 move 0.0537 period None osc -0.062@50 pr 5.8 sens10 -0.09 sens50 0.28 sat 0.000 dead 0.00 frozen 0.91 nbin 239 fat 0.377 | 12.1s
run39|sig4_0|0|0.5|none|0|0.0|50|leak: static 0.938 sstatic 0.935 c1 0.998 c50 0.940 fac1 0.961 fac50 -0.045 lock 0.00 move 0.0636 period None osc -0.085@38 pr 9.5 sens10 0.24 sens50 1.69 sat 0.330 dead 0.00 frozen 0.55 nbin 300 fat None | 7.6s
run39|sig4_0|0|0.5|none|0|0.0|51|leak: static 0.942 sstatic 0.934 c1 0.998 c50 0.942 fac1 0.957 fac50 -0.037 lock 0.00 move 0.0676 period None osc -0.072@43 pr 10.4 sens10 0.28 sens50 1.27 sat 0.329 dead 0.00 frozen 0.56 nbin 300 fat None | 7.6s
run39|sig4_0|0|0.5|sub|3|0.5|50|leak: static 0.904 sstatic 0.937 c1 0.986 c50 0.898 fac1 0.847 fac50 -0.078 lock 0.00 move 0.169 period None osc -0.463@6 pr 10.5 sens10 -0.08 sens50 0.74 sat 0.203 dead 0.00 frozen 0.44 nbin 300 fat 0.497 | 8.0s
run39|tanh|0|0.9|dep|100|0.1|50|leak: static 0.322 sstatic 0.321 c1 0.999 c50 0.222 fac1 0.995 fac50 -0.115 lock 0.00 move 0.0468 period None osc -0.115@50 pr 5.0 sens10 -0.11 sens50 0.13 sat 0.000 dead 0.00 frozen 0.62 nbin 300 fat 0.347 | 11.7s
run39|tanh|0|0.9|dep|300|0.5|50|leak: static 0.280 sstatic 0.280 c1 0.999 c50 0.319 fac1 0.996 fac50 0.026 lock 0.00 move 0.166 period None osc 0.026@50 pr 4.1 sens10 -0.16 sens50 -0.07 sat 0.000 dead 0.00 frozen 1.00 nbin 1 fat 0.284 | 11.7s
run39|tanh|0|0.9|dep|300|0.5|51|leak: static 0.446 sstatic 0.446 c1 1.000 c50 0.426 fac1 0.994 fac50 -0.064 lock 0.00 move 0.146 period None osc -0.064@50 pr 4.3 sens10 -0.16 sens50 -0.21 sat 0.000 dead 0.00 frozen 1.00 nbin 2 fat 0.269 | 12.1s
run39|sig4_0|0|0.5|sub|10|0.5|50|leak: static 0.561 sstatic 0.779 c1 0.958 c50 0.553 fac1 0.902 fac50 -0.025 lock 0.00 move 0.285 period None osc -0.331@10 pr 14.5 sens10 0.26 sens50 1.96 sat 0.235 dead 0.00 frozen 0.05 nbin 300 fat 0.460 | 8.0s
run39|sig4_0|0|0.5|sub|10|0.5|51|leak: static 0.576 sstatic 0.760 c1 0.958 c50 0.585 fac1 0.899 fac50 0.000 lock 0.00 move 0.29 period None osc -0.298@9 pr 15.4 sens10 0.21 sens50 2.63 sat 0.230 dead 0.00 frozen 0.06 nbin 300 fat 0.472 | 8.1s
run39|sig4_0|0|0.5|sub|30|0.5|50|leak: static 0.467 sstatic 0.734 c1 0.963 c50 0.433 fac1 0.931 fac50 -0.052 lock 0.00 move 0.266 period None osc -0.202@13 pr 14.4 sens10 0.39 sens50 2.81 sat 0.253 dead 0.00 frozen 0.02 nbin 300 fat 0.442 | 8.0s
run39|sig4_0|0|0.5|sub|10|1.0|51|leak: static 0.000 sstatic 0.579 c1 0.900 c50 -0.008 fac1 0.902 fac50 -0.008 lock 0.00 move 0.439 period None osc -0.466@10 pr 13.9 sens10 0.27 sens50 1.87 sat 0.207 dead 0.00 frozen 0.00 nbin 300 fat 0.819 | 8.1s
run39|sig4_0|0|0.5|sub|30|0.5|51|leak: static 0.450 sstatic 0.700 c1 0.963 c50 0.455 fac1 0.931 fac50 -0.013 lock 0.00 move 0.267 period None osc -0.182@17 pr 14.3 sens10 0.51 sens50 3.12 sat 0.248 dead 0.00 frozen 0.02 nbin 300 fat 0.439 | 8.0s
run39|sig4_0|0|0.5|sub|3|0.5|51|leak: static 0.918 sstatic 0.937 c1 0.987 c50 0.922 fac1 0.839 fac50 0.026 lock 0.00 move 0.165 period None osc -0.443@6 pr 11.5 sens10 0.06 sens50 0.84 sat 0.198 dead 0.00 frozen 0.46 nbin 300 fat 0.495 | 14.5s
run39|sig4_0|0|0.5|sub|30|1.0|51|leak: static 0.001 sstatic 0.566 c1 0.931 c50 -0.073 fac1 0.930 fac50 -0.061 lock 0.00 move 0.364 period None osc -0.297@14 pr 13.8 sens10 0.57 sens50 2.92 sat 0.240 dead 0.00 frozen 0.00 nbin 300 fat 0.842 | 8.1s
run39|sig4_0|0|0.5|sub|100|0.5|50|leak: static 0.421 sstatic 0.715 c1 0.967 c50 0.373 fac1 0.942 fac50 -0.064 lock 0.00 move 0.251 period None osc -0.125@17 pr 14.4 sens10 0.52 sens50 3.44 sat 0.258 dead 0.00 frozen 0.01 nbin 300 fat 0.435 | 8.1s
run39|sig4_0|0|0.5|sub|100|0.5|51|leak: static 0.405 sstatic 0.680 c1 0.966 c50 0.382 fac1 0.941 fac50 -0.052 lock 0.00 move 0.255 period None osc -0.081@26 pr 13.8 sens10 0.52 sens50 3.03 sat 0.255 dead 0.00 frozen 0.01 nbin 300 fat 0.421 | 8.1s
run39|sig4_0|0|0.5|sub|3|1.0|50|leak: static 0.000 sstatic 0.637 c1 0.793 c50 0.211 fac1 0.796 fac50 0.176 lock 0.00 move 0.637 period None osc -0.738@5 pr 9.9 sens10 -0.07 sens50 0.55 sat 0.076 dead 0.00 frozen 0.00 nbin 300 fat 0.914 | 14.5s
run39|sig4_0|0|0.5|sub|3|1.0|51|leak: static 0.000 sstatic 0.637 c1 0.785 c50 0.243 fac1 0.788 fac50 0.206 lock 0.00 move 0.645 period None osc -0.734@5 pr 10.4 sens10 0.01 sens50 0.88 sat 0.085 dead 0.00 frozen 0.00 nbin 300 fat 0.921 | 14.5s
run39|sig4_0|0|0.5|sub|10|1.0|50|leak: static 0.000 sstatic 0.580 c1 0.900 c50 0.023 fac1 0.901 fac50 0.016 lock 0.00 move 0.439 period None osc -0.523@9 pr 12.7 sens10 0.19 sens50 1.61 sat 0.198 dead 0.00 frozen 0.00 nbin 300 fat 0.835 | 14.4s
run39|sig4_0|0|0.5|sub|300|0.5|51|leak: static 0.451 sstatic 0.701 c1 0.971 c50 0.457 fac1 0.946 fac50 -0.000 lock 0.00 move 0.237 period None osc -0.062@26 pr 14.2 sens10 0.50 sens50 3.21 sat 0.261 dead 0.00 frozen 0.01 nbin 300 fat 0.429 | 8.1s
run39|sig4_0|0|0.5|sub|300|1.0|50|leak: static 0.040 sstatic 0.578 c1 0.949 c50 -0.021 fac1 0.946 fac50 -0.052 lock 0.00 move 0.314 period None osc -0.053@19 pr 13.8 sens10 0.57 sens50 3.43 sat 0.244 dead 0.00 frozen 0.00 nbin 300 fat 0.761 | 8.0s
run39|sig4_0|0|0.5|sub|30|1.0|50|leak: static 0.001 sstatic 0.569 c1 0.930 c50 -0.060 fac1 0.930 fac50 -0.052 lock 0.00 move 0.365 period None osc -0.343@14 pr 12.8 sens10 0.51 sens50 2.56 sat 0.228 dead 0.00 frozen 0.00 nbin 300 fat 0.785 | 14.9s
run39|sig4_0|0|0.5|div|3|0.5|50|leak: static 0.958 sstatic 0.970 c1 0.998 c50 0.960 fac1 0.956 fac50 -0.008 lock 0.00 move 0.0625 period None osc -0.119@20 pr 7.0 sens10 -0.11 sens50 1.30 sat 0.171 dead 0.00 frozen 0.65 nbin 300 fat 1.131 | 8.0s
run39|sig4_0|0|0.5|sub|300|1.0|51|leak: static 0.038 sstatic 0.572 c1 0.952 c50 -0.022 fac1 0.949 fac50 -0.054 lock 0.00 move 0.304 period None osc -0.082@29 pr 12.6 sens10 0.65 sens50 3.07 sat 0.254 dead 0.00 frozen 0.00 nbin 300 fat 0.749 | 8.0s
run39|sig4_0|0|0.5|div|3|0.5|51|leak: static 0.946 sstatic 0.960 c1 0.999 c50 0.944 fac1 0.970 fac50 -0.065 lock 0.00 move 0.0581 period None osc -0.065@50 pr 5.4 sens10 -0.19 sens50 0.31 sat 0.169 dead 0.00 frozen 0.65 nbin 300 fat 1.188 | 8.0s
run39|sig4_0|0|0.5|sub|100|1.0|50|leak: static 0.004 sstatic 0.567 c1 0.944 c50 -0.080 fac1 0.943 fac50 -0.069 lock 0.00 move 0.328 period None osc -0.103@16 pr 14.2 sens10 0.68 sens50 3.34 sat 0.240 dead 0.00 frozen 0.00 nbin 300 fat 0.798 | 14.5s
run39|sig4_0|0|0.5|div|3|2.0|51|leak: static 1.000 sstatic 1.000 c1 1.000 c50 1.000 fac1 -0.078 fac50 -0.590 lock 0.08 move 0.051 period None osc -0.713@14 pr 2.0 sens10 -0.64 sens50 -1.14 sat 0.000 dead 0.00 frozen 1.00 nbin 1 fat 4.120 | 8.0s
run39|sig4_0|0|0.5|div|10|0.5|50|leak: static 0.934 sstatic 0.962 c1 0.998 c50 0.940 fac1 0.961 fac50 0.015 lock 0.00 move 0.0749 period None osc -0.158@14 pr 8.2 sens10 -0.21 sens50 0.94 sat 0.175 dead 0.00 frozen 0.61 nbin 300 fat 1.135 | 8.0s
run39|sig4_0|0|0.5|div|10|0.5|51|leak: static 0.933 sstatic 0.961 c1 0.998 c50 0.927 fac1 0.964 fac50 -0.068 lock 0.00 move 0.0693 period None osc -0.109@45 pr 7.8 sens10 -0.11 sens50 0.98 sat 0.173 dead 0.00 frozen 0.63 nbin 300 fat 1.190 | 8.1s
run39|sig4_0|0|0.5|sub|100|1.0|51|leak: static 0.004 sstatic 0.566 c1 0.952 c50 -0.063 fac1 0.949 fac50 -0.055 lock 0.00 move 0.308 period None osc -0.184@26 pr 13.2 sens10 0.59 sens50 3.21 sat 0.254 dead 0.00 frozen 0.00 nbin 300 fat 0.818 | 14.7s
run39|sig4_0|0|0.5|sub|300|0.5|50|leak: static 0.439 sstatic 0.723 c1 0.971 c50 0.414 fac1 0.947 fac50 -0.056 lock 0.00 move 0.233 period None osc -0.068@43 pr 14.2 sens10 0.53 sens50 2.99 sat 0.266 dead 0.00 frozen 0.02 nbin 300 fat 0.423 | 14.8s
run39|sig4_0|0|0.5|div|30|0.5|51|leak: static 0.910 sstatic 0.955 c1 0.998 c50 0.886 fac1 0.974 fac50 -0.197 lock 0.00 move 0.0662 period None osc -0.197@50 pr 7.3 sens10 -0.58 sens50 -0.22 sat 0.177 dead 0.00 frozen 0.60 nbin 300 fat 1.184 | 8.1s
run39|sig4_0|0|0.5|div|30|2.0|50|leak: static 0.937 sstatic 0.985 c1 0.999 c50 0.933 fac1 0.976 fac50 -0.076 lock 0.00 move 0.066 period None osc -0.438@15 pr 4.6 sens10 -0.55 sens50 -0.54 sat 0.000 dead 0.00 frozen 0.68 nbin 300 fat 4.010 | 8.0s
run39|sig4_0|0|0.5|div|3|2.0|50|leak: static 1.000 sstatic 1.000 c1 1.000 c50 1.000 fac1 -0.038 fac50 -0.773 lock 0.59 move 0.0444 period 4 osc -0.921@2 pr 1.6 sens10 -0.84 sens50 -1.64 sat 0.000 dead 0.00 frozen 1.00 nbin 1 fat 4.003 | 14.4s
run39|sig4_0|0|0.5|div|100|0.5|50|leak: static 0.896 sstatic 0.952 c1 0.998 c50 0.907 fac1 0.974 fac50 0.050 lock 0.00 move 0.0713 period None osc -0.081@31 pr 7.9 sens10 -0.25 sens50 0.48 sat 0.180 dead 0.00 frozen 0.58 nbin 300 fat 1.137 | 8.0s
run39|sig4_0|0|0.5|div|100|0.5|51|leak: static 0.887 sstatic 0.948 c1 0.998 c50 0.877 fac1 0.980 fac50 -0.088 lock 0.00 move 0.0637 period None osc -0.112@42 pr 6.8 sens10 -0.21 sens50 0.44 sat 0.181 dead 0.00 frozen 0.58 nbin 300 fat 1.182 | 8.0s
run39|sig4_0|0|0.5|div|100|2.0|50|leak: static 0.917 sstatic 0.981 c1 0.999 c50 0.913 fac1 0.984 fac50 -0.077 lock 0.00 move 0.0595 period None osc -0.314@38 pr 5.0 sens10 -0.61 sens50 -0.51 sat 0.000 dead 0.00 frozen 0.59 nbin 300 fat 4.023 | 7.9s
run39|sig4_0|0|0.5|div|10|2.0|50|leak: static 0.974 sstatic 0.994 c1 0.999 c50 0.987 fac1 0.958 fac50 0.419 lock 0.00 move 0.0634 period None osc -0.744@13 pr 2.9 sens10 -0.55 sens50 -0.54 sat 0.000 dead 0.00 frozen 0.95 nbin 157 fat 4.013 | 14.7s
run39|sig4_0|0|0.5|div|300|0.5|50|leak: static 0.906 sstatic 0.956 c1 0.998 c50 0.909 fac1 0.972 fac50 0.015 lock 0.00 move 0.072 period None osc -0.148@33 pr 7.3 sens10 -0.26 sens50 0.54 sat 0.193 dead 0.00 frozen 0.59 nbin 300 fat 1.099 | 8.0s
run39|sig4_0|0|0.5|div|300|0.5|51|leak: static 0.899 sstatic 0.952 c1 0.998 c50 0.878 fac1 0.977 fac50 -0.162 lock 0.00 move 0.0653 period None osc -0.171@46 pr 7.6 sens10 -0.25 sens50 0.21 sat 0.193 dead 0.00 frozen 0.59 nbin 300 fat 1.143 | 8.0s
run39|sig4_0|0|0.5|div|10|2.0|51|leak: static 0.952 sstatic 0.987 c1 0.998 c50 0.979 fac1 0.967 fac50 0.443 lock 0.00 move 0.0703 period None osc -0.461@15 pr 3.7 sens10 -0.36 sens50 -0.30 sat 0.000 dead 0.00 frozen 0.82 nbin 296 fat 4.141 | 14.5s
run39|sig4_0|0|0.5|div|300|2.0|50|leak: static 0.917 sstatic 0.981 c1 0.999 c50 0.914 fac1 0.988 fac50 -0.079 lock 0.00 move 0.0509 period None osc -0.079@50 pr 4.4 sens10 -0.58 sens50 -0.51 sat 0.000 dead 0.00 frozen 0.58 nbin 300 fat 3.937 | 8.0s
run39|sig4_0|0|0.5|div|30|0.5|50|leak: static 0.908 sstatic 0.956 c1 0.998 c50 0.907 fac1 0.972 fac50 -0.033 lock 0.00 move 0.0726 period None osc -0.114@30 pr 8.1 sens10 -0.25 sens50 0.54 sat 0.179 dead 0.00 frozen 0.58 nbin 300 fat 1.142 | 14.4s
run39|sig4_0|0|0.5|div|30|2.0|51|leak: static 0.916 sstatic 0.978 c1 0.998 c50 0.884 fac1 0.978 fac50 -0.275 lock 0.00 move 0.0704 period None osc -0.398@44 pr 4.3 sens10 -0.43 sens50 -0.25 sat 0.000 dead 0.00 frozen 0.60 nbin 300 fat 4.156 | 14.8s
run39|sig4_0|0|0.5|dep|3|0.1|51|leak: static 0.974 sstatic 0.969 c1 0.999 c50 0.972 fac1 0.964 fac50 -0.121 lock 0.00 move 0.0468 period None osc -0.127@47 pr 8.0 sens10 0.11 sens50 1.14 sat 0.290 dead 0.00 frozen 0.69 nbin 300 fat 0.886 | 9.1s
run39|sig4_0|0|0.5|dep|3|0.5|50|leak: static 1.000 sstatic 1.000 c1 1.000 c50 1.000 fac1 -0.032 fac50 -0.780 lock 0.71 move 0.0404 period 4 osc -0.930@2 pr 1.8 sens10 -0.76 sens50 -2.90 sat 0.168 dead 0.00 frozen 0.99 nbin 4 fat 0.655 | 9.0s
run39|sig4_0|0|0.5|div|100|2.0|51|leak: static 0.895 sstatic 0.974 c1 0.999 c50 0.858 fac1 0.987 fac50 -0.268 lock 0.00 move 0.0603 period None osc -0.268@50 pr 3.7 sens10 -0.52 sens50 -0.70 sat 0.000 dead 0.00 frozen 0.58 nbin 300 fat 4.154 | 14.8s
run39|sig4_0|0|0.5|dep|10|0.1|50|leak: static 0.987 sstatic 0.990 c1 0.999 c50 0.985 fac1 0.954 fac50 -0.241 lock 0.00 move 0.0455 period None osc -0.419@12 pr 4.9 sens10 -0.05 sens50 0.14 sat 0.206 dead 0.00 frozen 0.80 nbin 300 fat 0.726 | 9.0s
run39|sig4_0|0|0.5|dep|10|0.5|50|leak: static 1.000 sstatic 1.000 c1 1.000 c50 1.000 fac1 -0.019 fac50 -0.802 lock 0.53 move 0.0865 period 4 osc -0.956@2 pr 1.9 sens10 -1.23 sens50 -2.88 sat 0.028 dead 0.00 frozen 0.98 nbin 4 fat 0.383 | 8.9s
run39|sig4_0|0|0.5|dep|10|0.1|51|leak: static 0.989 sstatic 0.991 c1 0.999 c50 0.991 fac1 0.936 fac50 0.070 lock 0.00 move 0.0469 period None osc -0.425@10 pr 6.2 sens10 -0.18 sens50 -0.09 sat 0.208 dead 0.00 frozen 0.82 nbin 300 fat 0.736 | 9.0s
run39|sig4_0|0|0.5|div|300|2.0|51|leak: static 0.892 sstatic 0.972 c1 0.999 c50 0.908 fac1 0.991 fac50 0.097 lock 0.00 move 0.0503 period None osc 0.097@50 pr 2.4 sens10 -0.54 sens50 -0.57 sat 0.000 dead 0.00 frozen 0.58 nbin 300 fat 4.076 | 14.8s
run39|sig4_0|0|0.5|dep|30|0.1|50|leak: static 0.992 sstatic 0.996 c1 1.000 c50 0.990 fac1 0.948 fac50 -0.170 lock 0.00 move 0.0681 period None osc -0.925@11 pr 2.0 sens10 -0.54 sens50 -0.78 sat 0.075 dead 0.00 frozen 0.91 nbin 252 fat 0.507 | 9.0s
run39|sig4_0|0|0.5|dep|30|0.1|51|leak: static 0.976 sstatic 0.986 c1 0.999 c50 0.984 fac1 0.966 fac50 0.262 lock 0.00 move 0.0709 period None osc -0.594@22 pr 2.4 sens10 -0.34 sens50 -0.43 sat 0.084 dead 0.00 frozen 0.85 nbin 294 fat 0.524 | 9.0s
run39|sig4_0|0|0.5|dep|30|0.5|51|leak: static 1.000 sstatic 1.000 c1 1.000 c50 1.000 fac1 -0.138 fac50 -0.605 lock 0.49 move 0.183 period 4 osc -0.722@2 pr 2.3 sens10 -1.52 sens50 -2.92 sat 0.000 dead 0.00 frozen 0.99 nbin 4 fat 0.148 | 9.1s
run39|sig4_0|0|0.5|dep|3|0.1|50|leak: static 0.970 sstatic 0.969 c1 0.999 c50 0.972 fac1 0.970 fac50 -0.001 lock 0.00 move 0.0441 period None osc -0.154@26 pr 8.6 sens10 0.07 sens50 0.93 sat 0.284 dead 0.00 frozen 0.67 nbin 300 fat 0.883 | 16.5s
run39|sig4_0|0|0.5|dep|3|0.5|51|leak: static 1.000 sstatic 1.000 c1 1.000 c50 1.000 fac1 -0.094 fac50 -0.675 lock 0.47 move 0.042 period 4 osc -0.805@2 pr 2.1 sens10 -0.79 sens50 -2.87 sat 0.164 dead 0.00 frozen 0.99 nbin 4 fat 0.669 | 16.3s
run39|sig4_0|0|0.5|dep|100|0.5|50|leak: static 1.000 sstatic 1.000 c1 1.000 c50 1.000 fac1 -0.056 fac50 -0.740 lock 0.76 move 0.495 period 4 osc -0.883@2 pr 2.0 sens10 -2.13 sens50 -3.00 sat 0.000 dead 0.00 frozen 1.00 nbin 4 fat 0.040 | 9.1s
run39|sig4_0|0|0.5|dep|100|0.5|51|leak: static 1.000 sstatic 1.000 c1 1.000 c50 1.000 fac1 -0.124 fac50 -0.628 lock 0.59 move 0.454 period 4 osc -0.748@2 pr 2.2 sens10 -2.13 sens50 -2.98 sat 0.000 dead 0.00 frozen 1.00 nbin 4 fat 0.040 | 9.2s
run39|sig4_0|0|0.5|dep|300|0.5|50|leak: static 1.000 sstatic 1.000 c1 1.000 c50 1.000 fac1 -0.065 fac50 -0.725 lock 0.76 move 0.85 period 4 osc -0.864@2 pr 2.0 sens10 -2.58 sens50 -3.15 sat 0.000 dead 0.00 frozen 1.00 nbin 3 fat 0.013 | 9.0s
run39|sig4_0|0|0.5|dep|10|0.5|51|leak: static 1.000 sstatic 1.000 c1 1.000 c50 1.000 fac1 -0.112 fac50 -0.645 lock 0.14 move 0.0866 period 4 osc -0.769@2 pr 2.2 sens10 -1.15 sens50 -2.85 sat 0.028 dead 0.00 frozen 0.98 nbin 4 fat 0.401 | 16.5s
run39|sig4_0|0|0.5|dep|300|0.1|51|leak: static 1.000 sstatic 1.000 c1 1.000 c50 1.000 fac1 -0.123 fac50 -0.627 lock 0.57 move 0.313 period 4 osc -0.747@2 pr 2.2 sens10 -2.10 sens50 -2.49 sat 0.000 dead 0.00 frozen 0.99 nbin 4 fat 0.069 | 9.3s
run39|sig4_0|0|0.5|dep|300|0.5|51|leak: static 1.000 sstatic 1.000 c1 1.000 c50 1.000 fac1 -0.110 fac50 -0.648 lock 0.59 move 0.738 period 4 osc -0.773@2 pr 2.2 sens10 -2.58 sens50 -3.15 sat 0.000 dead 0.00 frozen 1.00 nbin 3 fat 0.013 | 9.2s
run39|sig4_0|0|0.9|none|0|0.0|51|leak: static 0.952 sstatic 0.944 c1 1.000 c50 0.962 fac1 0.995 fac50 0.169 lock 0.84 move 0.00858 period None osc 0.169@50 pr 3.3 sens10 -0.17 sens50 0.08 sat 0.329 dead 0.00 frozen 0.71 nbin 292 fat None | 7.7s
run39|sig4_0|0|0.5|dep|30|0.5|50|leak: static 1.000 sstatic 1.000 c1 1.000 c50 1.000 fac1 -0.036 fac50 -0.772 lock 0.73 move 0.19 period 4 osc -0.920@2 pr 2.0 sens10 -1.53 sens50 -2.92 sat 0.001 dead 0.00 frozen 0.99 nbin 4 fat 0.141 | 16.1s
run39|sig4_0|0|0.9|sub|3|0.5|50|leak: static 1.000 sstatic 1.000 c1 1.000 c50 1.000 fac1 0.624 fac50 -0.025 lock 0.94 move 0.00499 period 4 osc -0.025@50 pr 2.0 sens10 -0.53 sens50 -0.77 sat 0.199 dead 0.00 frozen 1.00 nbin 3 fat 0.500 | 8.0s
run39|sig4_0|0|0.9|sub|3|0.5|51|leak: static 1.000 sstatic 1.000 c1 1.000 c50 1.000 fac1 0.988 fac50 0.449 lock 0.94 move 0.00465 period None osc 0.449@50 pr 1.7 sens10 -0.45 sens50 -0.78 sat 0.194 dead 0.00 frozen 1.00 nbin 8 fat 0.500 | 8.1s
run39|sig4_0|0|0.5|dep|100|0.1|50|leak: static 1.000 sstatic 1.000 c1 1.000 c50 1.000 fac1 -0.030 fac50 -0.785 lock 0.55 move 0.14 period 4 osc -0.936@2 pr 2.0 sens10 -1.44 sens50 -2.17 sat 0.001 dead 0.00 frozen 0.99 nbin 4 fat 0.216 | 16.1s
run39|sig4_0|0|0.5|dep|100|0.1|51|leak: static 1.000 sstatic 1.000 c1 1.000 c50 1.000 fac1 -0.130 fac50 -0.615 lock 0.12 move 0.137 period 4 osc -0.733@2 pr 2.3 sens10 -1.34 sens50 -2.20 sat 0.001 dead 0.00 frozen 0.99 nbin 4 fat 0.227 | 16.6s
run39|sig4_0|0|0.9|none|0|0.0|50|leak: static 0.952 sstatic 0.951 c1 1.000 c50 0.965 fac1 0.995 fac50 0.125 lock 0.67 move 0.00852 period None osc 0.125@50 pr 3.3 sens10 -0.15 sens50 0.29 sat 0.332 dead 0.00 frozen 0.72 nbin 298 fat None | 13.6s
run39|sig4_0|0|0.9|sub|10|0.5|50|leak: static 0.977 sstatic 0.981 c1 1.000 c50 0.972 fac1 0.993 fac50 -0.286 lock 0.06 move 0.0141 period None osc -0.487@37 pr 4.0 sens10 -0.23 sens50 -0.25 sat 0.197 dead 0.00 frozen 0.79 nbin 300 fat 0.498 | 8.0s
run39|sig4_0|0|0.5|dep|300|0.1|50|leak: static 1.000 sstatic 1.000 c1 1.000 c50 1.000 fac1 -0.048 fac50 -0.752 lock 0.76 move 0.334 period 4 osc -0.896@2 pr 2.0 sens10 -2.10 sens50 -2.51 sat 0.000 dead 0.00 frozen 1.00 nbin 4 fat 0.067 | 16.3s
run39|sig4_0|0|0.9|sub|10|0.5|51|leak: static 0.976 sstatic 0.982 c1 1.000 c50 0.970 fac1 0.993 fac50 -0.257 lock 0.45 move 0.0115 period None osc -0.257@50 pr 3.4 sens10 -0.18 sens50 -0.19 sat 0.196 dead 0.00 frozen 0.81 nbin 292 fat 0.498 | 8.1s
run39|sig4_0|0|0.9|sub|10|1.0|50|leak: static 0.002 sstatic 0.655 c1 0.993 c50 0.326 fac1 0.990 fac50 0.274 lock 0.00 move 0.12 period None osc -0.758@29 pr 4.6 sens10 -0.33 sens50 -0.28 sat 0.057 dead 0.00 frozen 0.01 nbin 300 fat 0.961 | 8.0s
run39|sig4_0|0|0.9|sub|30|0.5|50|leak: static 0.712 sstatic 0.839 c1 0.999 c50 0.599 fac1 0.994 fac50 -0.361 lock 0.00 move 0.0421 period None osc -0.372@48 pr 6.6 sens10 -0.09 sens50 0.21 sat 0.221 dead 0.00 frozen 0.28 nbin 300 fat 0.478 | 8.1s
run39|sig4_0|0|0.9|sub|30|0.5|51|leak: static 0.711 sstatic 0.826 c1 0.999 c50 0.610 fac1 0.993 fac50 -0.317 lock 0.00 move 0.0427 period None osc -0.317@50 pr 6.6 sens10 -0.05 sens50 0.32 sat 0.215 dead 0.00 frozen 0.28 nbin 300 fat 0.478 | 8.1s
run39|sig4_0|0|0.9|sub|30|1.0|50|leak: static 0.006 sstatic 0.591 c1 0.996 c50 -0.588 fac1 0.993 fac50 -0.505 lock 0.00 move 0.0846 period None osc -0.555@44 pr 5.3 sens10 -0.15 sens50 0.05 sat 0.168 dead 0.00 frozen 0.00 nbin 300 fat 0.865 | 8.1s
run39|sig4_0|0|0.9|sub|100|0.5|50|leak: static 0.541 sstatic 0.753 c1 0.999 c50 0.450 fac1 0.995 fac50 -0.130 lock 0.00 move 0.0407 period None osc -0.130@50 pr 5.1 sens10 -0.04 sens50 0.45 sat 0.247 dead 0.00 frozen 0.14 nbin 300 fat 0.463 | 8.0s
run39|sig4_0|0|0.9|sub|100|0.5|51|leak: static 0.512 sstatic 0.722 c1 0.999 c50 0.413 fac1 0.994 fac50 -0.145 lock 0.00 move 0.0431 period None osc -0.145@50 pr 5.4 sens10 -0.10 sens50 0.33 sat 0.240 dead 0.00 frozen 0.12 nbin 300 fat 0.460 | 8.1s
run39|sig4_0|0|0.9|sub|3|1.0|50|leak: static 0.000 sstatic 1.000 c1 -0.037 c50 -0.913 fac1 -0.038 fac50 -0.770 lock 0.00 move 1.78 period None osc -0.917@2 pr 2.0 sens10 -0.39 sens50 -0.40 sat 0.000 dead 0.00 frozen 1.00 nbin 1 fat 1.000 | 14.9s
run39|sig4_0|0|0.9|sub|3|1.0|51|leak: static 0.000 sstatic 1.000 c1 -0.089 c50 -0.809 fac1 -0.096 fac50 -0.674 lock 0.00 move 1.6 period None osc -0.803@2 pr 2.2 sens10 -0.35 sens50 -0.35 sat 0.000 dead 0.00 frozen 1.00 nbin 1 fat 1.000 | 14.7s
run39|sig4_0|0|0.9|sub|300|0.5|51|leak: static 0.533 sstatic 0.739 c1 0.999 c50 0.508 fac1 0.994 fac50 -0.049 lock 0.00 move 0.0368 period None osc -0.049@50 pr 5.1 sens10 -0.01 sens50 0.61 sat 0.250 dead 0.00 frozen 0.16 nbin 300 fat 0.428 | 8.1s
run39|sig4_0|0|0.9|sub|10|1.0|51|leak: static 0.003 sstatic 0.654 c1 0.992 c50 0.365 fac1 0.990 fac50 0.309 lock 0.00 move 0.12 period None osc -0.764@28 pr 4.2 sens10 -0.39 sens50 -0.37 sat 0.064 dead 0.00 frozen 0.01 nbin 300 fat 0.951 | 14.7s
run39|sig4_0|0|0.9|sub|300|1.0|51|leak: static 0.090 sstatic 0.611 c1 0.999 c50 0.142 fac1 0.995 fac50 0.034 lock 0.00 move 0.0491 period None osc 0.034@50 pr 4.7 sens10 -0.02 sens50 0.62 sat 0.246 dead 0.00 frozen 0.00 nbin 300 fat 0.784 | 8.0s
run39|sig4_0|0|0.9|sub|30|1.0|51|leak: static 0.006 sstatic 0.586 c1 0.997 c50 -0.672 fac1 0.993 fac50 -0.563 lock 0.00 move 0.0818 period None osc -0.601@44 pr 5.0 sens10 -0.12 sens50 0.11 sat 0.183 dead 0.00 frozen 0.00 nbin 300 fat 0.862 | 14.8s
run39|sig4_0|0|0.9|div|3|0.5|50|leak: static 0.974 sstatic 0.979 c1 1.000 c50 0.973 fac1 0.996 fac50 0.012 lock 0.94 move 0.00807 period None osc 0.012@50 pr 3.3 sens10 -0.60 sens50 -0.43 sat 0.170 dead 0.00 frozen 0.80 nbin 281 fat 1.132 | 7.9s
run39|sig4_0|0|0.9|div|3|0.5|51|leak: static 0.984 sstatic 0.985 c1 1.000 c50 0.986 fac1 0.995 fac50 0.081 lock 0.94 move 0.00644 period None osc 0.081@50 pr 3.1 sens10 -0.54 sens50 -0.45 sat 0.169 dead 0.00 frozen 0.85 nbin 264 fat 1.188 | 8.0s
run39|sig4_0|0|0.9|div|3|2.0|50|leak: static 1.000 sstatic 1.000 c1 1.000 c50 1.000 fac1 -0.007 fac50 -0.717 lock 0.94 move 0.00676 period 4 osc -0.791@2 pr 1.6 sens10 -0.90 sens50 -1.27 sat 0.000 dead 0.00 frozen 1.00 nbin 1 fat 4.003 | 7.9s
run39|sig4_0|0|0.9|sub|100|1.0|50|leak: static 0.024 sstatic 0.588 c1 0.998 c50 -0.227 fac1 0.995 fac50 -0.205 lock 0.00 move 0.0588 period None osc -0.205@50 pr 5.2 sens10 -0.08 sens50 0.35 sat 0.223 dead 0.00 frozen 0.00 nbin 300 fat 0.828 | 14.7s
run39|sig4_0|0|0.9|div|3|2.0|51|leak: static 1.000 sstatic 1.000 c1 1.000 c50 1.000 fac1 0.408 fac50 -0.228 lock 0.94 move 0.00769 period 4 osc -0.228@50 pr 1.7 sens10 -0.81 sens50 -1.15 sat 0.000 dead 0.00 frozen 1.00 nbin 1 fat 4.119 | 8.1s
run39|sig4_0|0|0.9|div|10|0.5|50|leak: static 0.971 sstatic 0.977 c1 1.000 c50 0.976 fac1 0.995 fac50 0.041 lock 0.88 move 0.00895 period None osc 0.041@50 pr 3.5 sens10 -0.51 sens50 -0.58 sat 0.172 dead 0.00 frozen 0.80 nbin 277 fat 1.141 | 8.0s
run39|sig4_0|0|0.9|div|10|0.5|51|leak: static 0.959 sstatic 0.969 c1 1.000 c50 0.962 fac1 0.995 fac50 0.067 lock 0.86 move 0.00913 period None osc 0.067@50 pr 3.6 sens10 -0.43 sens50 -0.26 sat 0.170 dead 0.00 frozen 0.77 nbin 286 fat 1.186 | 8.1s
run39|sig4_0|0|0.9|sub|100|1.0|51|leak: static 0.026 sstatic 0.583 c1 0.998 c50 -0.145 fac1 0.995 fac50 -0.139 lock 0.00 move 0.0589 period None osc -0.139@50 pr 5.4 sens10 -0.05 sens50 0.26 sat 0.232 dead 0.00 frozen 0.00 nbin 300 fat 0.824 | 14.9s
run39|sig4_0|0|0.9|sub|300|0.5|50|leak: static 0.530 sstatic 0.756 c1 0.999 c50 0.478 fac1 0.994 fac50 -0.122 lock 0.00 move 0.0382 period None osc -0.122@50 pr 5.3 sens10 -0.12 sens50 0.38 sat 0.264 dead 0.00 frozen 0.14 nbin 300 fat 0.435 | 14.6s
run39|sig4_0|0|0.9|sub|300|1.0|50|leak: static 0.115 sstatic 0.611 c1 0.999 c50 0.078 fac1 0.995 fac50 -0.063 lock 0.00 move 0.0514 period None osc -0.063@50 pr 5.2 sens10 -0.01 sens50 0.61 sat 0.233 dead 0.00 frozen 0.01 nbin 300 fat 0.757 | 14.6s
run39|sig4_0|0|0.9|div|30|0.5|50|leak: static 0.973 sstatic 0.984 c1 1.000 c50 0.970 fac1 0.995 fac50 -0.159 lock 0.90 move 0.00893 period None osc -0.159@50 pr 4.2 sens10 -0.48 sens50 -0.32 sat 0.174 dead 0.00 frozen 0.82 nbin 278 fat 1.144 | 8.0s
run39|sig4_0|0|0.9|div|30|2.0|50|leak: static 0.995 sstatic 0.999 c1 1.000 c50 0.992 fac1 0.996 fac50 -0.576 lock 0.94 move 0.00822 period None osc -0.576@50 pr 1.8 sens10 -0.67 sens50 -0.98 sat 0.000 dead 0.00 frozen 1.00 nbin 1 fat 4.004 | 8.0s
run39|sig4_0|0|0.9|div|100|0.5|50|leak: static 0.937 sstatic 0.967 c1 1.000 c50 0.940 fac1 0.995 fac50 -0.017 lock 0.39 move 0.0117 period None osc -0.017@50 pr 3.9 sens10 -0.41 sens50 -0.13 sat 0.178 dead 0.00 frozen 0.72 nbin 293 fat 1.138 | 7.9s
run39|sig4_0|0|0.9|div|100|2.0|50|leak: static 0.955 sstatic 0.990 c1 1.000 c50 0.948 fac1 0.997 fac50 -0.056 lock 0.88 move 0.0107 period None osc -0.056@50 pr 2.5 sens10 -0.66 sens50 -0.82 sat 0.000 dead 0.00 frozen 0.91 nbin 200 fat 4.012 | 8.0s
run39|sig4_0|0|0.9|div|100|0.5|51|leak: static 0.938 sstatic 0.969 c1 1.000 c50 0.949 fac1 0.995 fac50 0.120 lock 0.78 move 0.0102 period None osc 0.120@50 pr 3.4 sens10 -0.36 sens50 -0.11 sat 0.173 dead 0.00 frozen 0.75 nbin 291 fat 1.176 | 8.0s
run39|sig4_0|0|0.9|div|300|0.5|50|leak: static 0.917 sstatic 0.960 c1 1.000 c50 0.925 fac1 0.997 fac50 0.117 lock 0.45 move 0.0112 period None osc 0.117@50 pr 3.0 sens10 -0.46 sens50 -0.33 sat 0.194 dead 0.00 frozen 0.71 nbin 294 fat 1.097 | 8.0s
run39|sig4_0|0|0.9|div|10|2.0|50|leak: static 1.000 sstatic 1.000 c1 1.000 c50 1.000 fac1 -0.014 fac50 -0.790 lock 0.94 move 0.00739 period 4 osc -0.937@2 pr 1.4 sens10 -0.77 sens50 -1.20 sat 0.000 dead 0.00 frozen 1.00 nbin 1 fat 4.003 | 14.6s
run39|sig4_0|0|0.9|div|300|0.5|51|leak: static 0.908 sstatic 0.955 c1 1.000 c50 0.942 fac1 0.995 fac50 0.224 lock 0.82 move 0.00942 period None osc 0.224@50 pr 2.8 sens10 -0.42 sens50 -0.32 sat 0.191 dead 0.00 frozen 0.72 nbin 290 fat 1.140 | 8.0s
run39|sig4_0|0|0.9|div|300|2.0|50|leak: static 0.949 sstatic 0.988 c1 1.000 c50 0.953 fac1 0.996 fac50 0.037 lock 0.92 move 0.01 period None osc 0.037@50 pr 3.1 sens10 -0.67 sens50 -0.76 sat 0.000 dead 0.00 frozen 0.74 nbin 282 fat 3.927 | 8.0s
run39|sig4_0|0|0.9|div|10|2.0|51|leak: static 1.000 sstatic 1.000 c1 1.000 c50 1.000 fac1 0.973 fac50 -0.526 lock 0.94 move 0.00813 period None osc -0.526@50 pr 1.9 sens10 -0.68 sens50 -1.02 sat 0.000 dead 0.00 frozen 1.00 nbin 1 fat 4.119 | 14.8s
run39|sig4_0|0|0.9|div|30|0.5|51|leak: static 0.946 sstatic 0.965 c1 1.000 c50 0.953 fac1 0.994 fac50 0.098 lock 0.61 move 0.0107 period None osc 0.098@50 pr 3.7 sens10 -0.40 sens50 -0.19 sat 0.170 dead 0.00 frozen 0.74 nbin 294 fat 1.173 | 14.7s
run39|sig4_0|0|0.9|div|30|2.0|51|leak: static 0.976 sstatic 0.994 c1 1.000 c50 0.969 fac1 0.995 fac50 -0.253 lock 0.88 move 0.0102 period None osc -0.253@50 pr 2.0 sens10 -0.59 sens50 -0.75 sat 0.000 dead 0.00 frozen 0.99 nbin 47 fat 4.117 | 14.7s
run39|sig4_0|0|0.9|div|100|2.0|51|leak: static 0.950 sstatic 0.987 c1 1.000 c50 0.949 fac1 0.996 fac50 -0.039 lock 0.88 move 0.011 period None osc -0.039@50 pr 3.1 sens10 -0.58 sens50 -0.60 sat 0.000 dead 0.00 frozen 0.87 nbin 242 fat 4.132 | 14.7s
run39|sig4_0|0|0.9|dep|3|0.5|50|leak: static 1.000 sstatic 1.000 c1 1.000 c50 1.000 fac1 -0.013 fac50 -0.780 lock 0.94 move 0.00658 period 4 osc -0.929@2 pr 1.6 sens10 -0.30 sens50 -0.87 sat 0.166 dead 0.00 frozen 1.00 nbin 3 fat 0.656 | 9.0s
run39|sig4_0|0|0.9|dep|3|0.5|51|leak: static 1.000 sstatic 1.000 c1 1.000 c50 1.000 fac1 -0.068 fac50 -0.719 lock 0.94 move 0.0061 period 4 osc -0.857@2 pr 2.0 sens10 -0.28 sens50 -0.91 sat 0.163 dead 0.00 frozen 1.00 nbin 2 fat 0.669 | 9.1s
run39|sig4_0|0|0.9|dep|10|0.1|50|leak: static 1.000 sstatic 1.000 c1 1.000 c50 1.000 fac1 -0.016 fac50 -0.746 lock 0.94 move 0.00533 period 4 osc -0.888@2 pr 1.7 sens10 -0.24 sens50 -0.49 sat 0.203 dead 0.00 frozen 1.00 nbin 3 fat 0.726 | 8.9s
run39|sig4_0|0|0.9|dep|10|0.5|50|leak: static 1.000 sstatic 1.000 c1 1.000 c50 1.000 fac1 -0.012 fac50 -0.804 lock 0.94 move 0.0141 period 4 osc -0.959@2 pr 1.9 sens10 -0.38 sens50 -1.83 sat 0.029 dead 0.00 frozen 1.00 nbin 3 fat 0.383 | 8.9s
run39|sig4_0|0|0.9|dep|10|0.1|51|leak: static 1.000 sstatic 1.000 c1 1.000 c50 1.000 fac1 0.044 fac50 -0.565 lock 0.94 move 0.00495 period 4 osc -0.638@2 pr 2.1 sens10 -0.21 sens50 -0.69 sat 0.208 dead 0.00 frozen 1.00 nbin 3 fat 0.737 | 9.0s
run39|sig4_0|0|0.9|dep|10|0.5|51|leak: static 1.000 sstatic 1.000 c1 1.000 c50 1.000 fac1 -0.081 fac50 -0.699 lock 0.94 move 0.013 period 4 osc -0.833@2 pr 2.0 sens10 -0.38 sens50 -1.82 sat 0.027 dead 0.00 frozen 1.00 nbin 3 fat 0.402 | 9.1s
run39|sig4_0|0|0.9|div|300|2.0|51|leak: static 0.927 sstatic 0.982 c1 1.000 c50 0.969 fac1 0.996 fac50 0.432 lock 0.94 move 0.00854 period None osc 0.432@50 pr 1.9 sens10 -0.65 sens50 -0.88 sat 0.000 dead 0.00 frozen 0.76 nbin 285 fat 4.059 | 14.5s
run39|sig4_0|0|0.9|dep|30|0.1|51|leak: static 1.000 sstatic 1.000 c1 1.000 c50 1.000 fac1 -0.068 fac50 -0.718 lock 0.94 move 0.00926 period 4 osc -0.856@2 pr 1.9 sens10 -0.25 sens50 -1.09 sat 0.084 dead 0.00 frozen 1.00 nbin 2 fat 0.527 | 9.0s
run39|sig4_0|0|0.9|dep|30|0.5|50|leak: static 1.000 sstatic 1.000 c1 1.000 c50 1.000 fac1 -0.023 fac50 -0.752 lock 0.94 move 0.032 period 4 osc -0.896@2 pr 2.0 sens10 -0.44 sens50 -2.10 sat 0.001 dead 0.00 frozen 1.00 nbin 1 fat 0.141 | 9.0s
run39|sig4_0|0|0.9|dep|3|0.1|50|leak: static 0.989 sstatic 0.988 c1 1.000 c50 0.988 fac1 0.993 fac50 -0.129 lock 0.94 move 0.00542 period None osc -0.129@50 pr 2.9 sens10 -0.20 sens50 0.07 sat 0.279 dead 0.00 frozen 0.86 nbin 269 fat 0.883 | 16.4s
run39|sig4_0|0|0.9|dep|3|0.1|51|leak: static 0.985 sstatic 0.983 c1 1.000 c50 0.990 fac1 0.995 fac50 0.183 lock 0.96 move 0.00517 period None osc 0.183@50 pr 3.2 sens10 -0.16 sens50 -0.00 sat 0.291 dead 0.00 frozen 0.84 nbin 265 fat 0.886 | 16.6s
run39|step1|0|0.5|none|0|0.0|50|leak: static 0.806 sstatic 0.732 c1 0.976 c50 0.806 fac1 0.867 fac50 -0.017 lock 0.00 move 0.218 period None osc -0.050@21 pr 14.7 sens10 -2.96 sens50 -99.00 sat 0.333 dead 0.00 frozen 0.23 nbin 300 fat None | 6.7s
run39|sig4_0|0|0.9|dep|100|0.5|51|leak: static 1.000 sstatic 1.000 c1 1.000 c50 1.000 fac1 -0.092 fac50 -0.670 lock 0.94 move 0.0776 period 4 osc -0.799@2 pr 2.1 sens10 -0.46 sens50 -2.22 sat 0.000 dead 0.00 frozen 1.00 nbin 1 fat 0.040 | 9.2s
run39|sig4_0|0|0.9|dep|30|0.1|50|leak: static 1.000 sstatic 1.000 c1 1.000 c50 1.000 fac1 -0.012 fac50 -0.804 lock 0.94 move 0.01 period 4 osc -0.957@2 pr 1.8 sens10 -0.27 sens50 -1.29 sat 0.075 dead 0.00 frozen 1.00 nbin 3 fat 0.508 | 16.0s
run39|sig4_0|0|0.9|dep|300|0.1|50|leak: static 1.000 sstatic 1.000 c1 1.000 c50 1.000 fac1 -0.021 fac50 -0.663 lock 0.94 move 0.0572 period 4 osc -0.767@2 pr 2.1 sens10 -0.45 sens50 -1.66 sat 0.000 dead 0.00 frozen 1.00 nbin 2 fat 0.067 | 9.1s
run39|step1|0|0.5|sub|3|0.5|50|leak: static 0.355 sstatic 0.000 c1 0.000 c50 0.000 fac1 -0.291 fac50 -0.346 lock 0.00 move 1.39 period 4 osc -0.413@2 pr 2.6 sens10 -2.16 sens50 -3.78 sat 0.000 dead 0.94 frozen 1.00 nbin 1 fat 0.390 | 7.1s
run39|sig4_0|0|0.9|dep|300|0.1|51|leak: static 1.000 sstatic 1.000 c1 1.000 c50 1.000 fac1 -0.084 fac50 -0.650 lock 0.94 move 0.0518 period 4 osc -0.774@2 pr 2.2 sens10 -0.45 sens50 -1.66 sat 0.000 dead 0.00 frozen 1.00 nbin 2 fat 0.069 | 9.2s
run39|step1|0|0.5|sub|3|0.5|51|leak: static 0.401 sstatic 0.000 c1 0.000 c50 0.000 fac1 -0.245 fac50 -0.424 lock 0.00 move 1.18 period 4 osc -0.505@2 pr 2.7 sens10 -2.20 sens50 -3.70 sat 0.000 dead 0.94 frozen 1.00 nbin 1 fat 0.441 | 7.1s
run39|sig4_0|0|0.9|dep|300|0.5|50|leak: static 1.000 sstatic 1.000 c1 1.000 c50 1.000 fac1 -0.040 fac50 -0.681 lock 0.94 move 0.16 period 4 osc -0.811@2 pr 1.7 sens10 -0.46 sens50 -2.21 sat 0.000 dead 0.00 frozen 1.00 nbin 1 fat 0.013 | 9.1s
run39|sig4_0|0|0.9|dep|300|0.5|51|leak: static 1.000 sstatic 1.000 c1 1.000 c50 1.000 fac1 -0.080 fac50 -0.682 lock 0.94 move 0.139 period 4 osc -0.813@2 pr 2.0 sens10 -0.46 sens50 -2.24 sat 0.000 dead 0.00 frozen 1.00 nbin 1 fat 0.013 | 9.2s
run39|sig4_0|0|0.9|dep|30|0.5|51|leak: static 1.000 sstatic 1.000 c1 1.000 c50 1.000 fac1 -0.104 fac50 -0.662 lock 0.94 move 0.0292 period 4 osc -0.789@2 pr 2.1 sens10 -0.45 sens50 -2.11 sat 0.000 dead 0.00 frozen 1.00 nbin 1 fat 0.148 | 16.4s
run39|sig4_0|0|0.9|dep|100|0.1|50|leak: static 1.000 sstatic 1.000 c1 1.000 c50 1.000 fac1 -0.017 fac50 -0.742 lock 0.94 move 0.0233 period 4 osc -0.880@2 pr 2.1 sens10 -0.38 sens50 -1.30 sat 0.001 dead 0.00 frozen 1.00 nbin 3 fat 0.217 | 16.1s
run39|step1|0|0.5|none|0|0.0|51|leak: static 0.793 sstatic 0.720 c1 0.974 c50 0.791 fac1 0.868 fac50 -0.037 lock 0.00 move 0.23 period None osc -0.037@50 pr 15.1 sens10 -2.97 sens50 -99.00 sat 0.319 dead 0.00 frozen 0.20 nbin 300 fat None | 12.2s
run39|sig4_0|0|0.9|dep|100|0.1|51|leak: static 1.000 sstatic 1.000 c1 1.000 c50 1.000 fac1 -0.093 fac50 -0.652 lock 0.94 move 0.0213 period 4 osc -0.777@2 pr 2.2 sens10 -0.38 sens50 -1.28 sat 0.001 dead 0.00 frozen 1.00 nbin 2 fat 0.228 | 16.4s
run39|sig4_0|0|0.9|dep|100|0.5|50|leak: static 1.000 sstatic 1.000 c1 1.000 c50 1.000 fac1 -0.036 fac50 -0.694 lock 0.94 move 0.0867 period 4 osc -0.827@2 pr 1.8 sens10 -0.46 sens50 -2.17 sat 0.000 dead 0.00 frozen 1.00 nbin 1 fat 0.040 | 16.2s
run39|step1|0|0.5|sub|10|0.5|50|leak: static 0.182 sstatic 0.293 c1 0.837 c50 0.194 fac1 0.805 fac50 0.017 lock 0.00 move 0.56 period None osc -0.212@9 pr 17.6 sens10 -1.66 sens50 -3.31 sat 0.212 dead 0.00 frozen 0.00 nbin 300 fat 0.371 | 7.1s
run39|step1|0|0.5|sub|10|0.5|51|leak: static 0.182 sstatic 0.287 c1 0.828 c50 0.178 fac1 0.796 fac50 0.001 lock 0.00 move 0.575 period None osc -0.192@8 pr 18.3 sens10 -1.66 sens50 -3.27 sat 0.212 dead 0.00 frozen 0.00 nbin 300 fat 0.373 | 7.1s
run39|step1|0|0.5|sub|10|1.0|51|leak: static 0.000 sstatic 0.175 c1 0.756 c50 0.013 fac1 0.760 fac50 0.010 lock 0.00 move 0.689 period None osc -0.221@8 pr 19.0 sens10 -1.36 sens50 -3.05 sat 0.174 dead 0.00 frozen 0.00 nbin 300 fat 0.629 | 7.1s
run39|step1|0|0.5|sub|30|0.5|50|leak: static 0.162 sstatic 0.316 c1 0.878 c50 0.133 fac1 0.857 fac50 -0.017 lock 0.00 move 0.486 period None osc -0.127@14 pr 16.9 sens10 -1.92 sens50 -2.49 sat 0.246 dead 0.00 frozen 0.00 nbin 300 fat 0.378 | 7.1s
run39|step1|0|0.5|sub|30|0.5|51|leak: static 0.175 sstatic 0.323 c1 0.875 c50 0.163 fac1 0.852 fac50 -0.010 lock 0.00 move 0.491 period None osc -0.126@12 pr 17.5 sens10 -1.95 sens50 -2.48 sat 0.245 dead 0.00 frozen 0.00 nbin 300 fat 0.332 | 7.1s
run39|step1|0|0.5|sub|30|1.0|50|leak: static 0.001 sstatic 0.239 c1 0.843 c50 0.012 fac1 0.845 fac50 0.012 lock 0.00 move 0.55 period None osc -0.134@11 pr 17.6 sens10 -1.61 sens50 -2.17 sat 0.224 dead 0.00 frozen 0.00 nbin 300 fat 0.687 | 7.1s
run39|step1|0|0.5|sub|30|1.0|51|leak: static 0.001 sstatic 0.247 c1 0.850 c50 -0.011 fac1 0.851 fac50 -0.010 lock 0.00 move 0.539 period None osc -0.143@13 pr 17.3 sens10 -1.62 sens50 -2.17 sat 0.241 dead 0.00 frozen 0.00 nbin 300 fat 0.616 | 7.2s
run39|step1|0|0.5|sub|100|0.5|50|leak: static 0.167 sstatic 0.332 c1 0.897 c50 0.110 fac1 0.880 fac50 -0.039 lock 0.00 move 0.443 period None osc -0.061@44 pr 16.4 sens10 -2.42 sens50 -2.50 sat 0.260 dead 0.00 frozen 0.00 nbin 300 fat 0.364 | 7.1s
run39|step1|0|0.5|sub|3|1.0|50|leak: static 0.000 sstatic 0.000 c1 0.000 c50 0.000 fac1 -0.293 fac50 -0.342 lock 0.00 move 1.76 period 4 osc -0.408@2 pr 2.6 sens10 -1.83 sens50 -3.28 sat 0.000 dead 0.94 frozen 1.00 nbin 1 fat 0.780 | 13.1s
run39|step1|0|0.5|sub|3|1.0|51|leak: static 0.000 sstatic 0.000 c1 0.000 c50 0.000 fac1 -0.247 fac50 -0.420 lock 0.00 move 1.62 period 4 osc -0.501@2 pr 2.8 sens10 -1.84 sens50 -3.23 sat 0.000 dead 0.94 frozen 1.00 nbin 1 fat 0.882 | 13.2s
run39|step1|0|0.5|sub|10|1.0|50|leak: static 0.000 sstatic 0.169 c1 0.755 c50 0.013 fac1 0.759 fac50 0.008 lock 0.00 move 0.692 period None osc -0.209@9 pr 19.1 sens10 -1.34 sens50 -3.03 sat 0.159 dead 0.00 frozen 0.00 nbin 300 fat 0.599 | 13.2s
run39|step1|0|0.5|sub|300|1.0|50|leak: static 0.020 sstatic 0.263 c1 0.877 c50 -0.031 fac1 0.875 fac50 -0.039 lock 0.00 move 0.489 period None osc -0.042@49 pr 16.8 sens10 -2.59 sens50 -2.49 sat 0.247 dead 0.00 frozen 0.00 nbin 300 fat 0.558 | 7.1s
run39|step1|0|0.5|sub|300|1.0|51|leak: static 0.018 sstatic 0.274 c1 0.881 c50 -0.014 fac1 0.881 fac50 -0.026 lock 0.00 move 0.478 period None osc -0.062@20 pr 16.8 sens10 -2.59 sens50 -2.53 sat 0.259 dead 0.00 frozen 0.00 nbin 300 fat 0.584 | 7.1s
run39|step1|0|0.5|div|3|0.5|50|leak: static 0.617 sstatic 0.000 c1 0.000 c50 0.000 fac1 -0.283 fac50 -0.360 lock 0.00 move 1.02 period 4 osc -0.429@2 pr 2.6 sens10 -2.98 sens50 -15.08 sat 0.000 dead 0.94 frozen 1.00 nbin 2 fat 0.005 | 7.1s
run39|step1|0|0.5|div|3|0.5|51|leak: static 0.662 sstatic 0.000 c1 0.000 c50 0.000 fac1 -0.245 fac50 -0.425 lock 0.00 move 0.86 period 4 osc -0.506@2 pr 2.7 sens10 -2.99 sens50 -4.28 sat 0.000 dead 0.94 frozen 1.00 nbin 2 fat 0.006 | 7.1s
run39|step1|0|0.5|div|3|2.0|50|leak: static 0.581 sstatic 0.000 c1 0.000 c50 0.000 fac1 -0.278 fac50 -0.368 lock 0.00 move 1.07 period 4 osc -0.439@2 pr 2.6 sens10 -2.95 sens50 -3.61 sat 0.000 dead 0.94 frozen 1.00 nbin 1 fat 0.020 | 7.1s
run39|step1|0|0.5|div|3|2.0|51|leak: static 0.631 sstatic 0.000 c1 0.000 c50 0.000 fac1 -0.255 fac50 -0.408 lock 0.00 move 0.916 period 4 osc -0.486@2 pr 2.8 sens10 -2.94 sens50 -3.67 sat 0.000 dead 0.94 frozen 1.00 nbin 1 fat 0.022 | 7.1s
run39|step1|0|0.5|div|10|0.5|50|leak: static 0.614 sstatic 0.000 c1 0.000 c50 0.000 fac1 -0.284 fac50 -0.359 lock 0.00 move 1.03 period 4 osc -0.427@2 pr 2.6 sens10 -2.92 sens50 -3.50 sat 0.000 dead 0.94 frozen 1.00 nbin 2 fat 0.005 | 7.0s
run39|step1|0|0.5|div|10|0.5|51|leak: static 0.659 sstatic 0.000 c1 0.000 c50 0.000 fac1 -0.244 fac50 -0.426 lock 0.00 move 0.863 period 4 osc -0.507@2 pr 2.7 sens10 -2.94 sens50 -3.57 sat 0.000 dead 0.94 frozen 1.00 nbin 2 fat 0.006 | 7.1s
run39|step1|0|0.5|sub|100|0.5|51|leak: static 0.163 sstatic 0.333 c1 0.896 c50 0.136 fac1 0.878 fac50 -0.023 lock 0.00 move 0.445 period None osc -0.071@38 pr 16.5 sens10 -2.46 sens50 -2.54 sat 0.260 dead 0.00 frozen 0.00 nbin 300 fat 0.314 | 13.2s
run39|step1|0|0.5|sub|100|1.0|50|leak: static 0.004 sstatic 0.261 c1 0.874 c50 -0.057 fac1 0.875 fac50 -0.047 lock 0.00 move 0.493 period None osc -0.066@31 pr 16.7 sens10 -2.07 sens50 -2.16 sat 0.247 dead 0.00 frozen 0.00 nbin 300 fat 0.625 | 13.2s
run39|step1|0|0.5|sub|100|1.0|51|leak: static 0.004 sstatic 0.262 c1 0.875 c50 -0.069 fac1 0.876 fac50 -0.062 lock 0.00 move 0.494 period None osc -0.090@27 pr 16.9 sens10 -2.08 sens50 -2.23 sat 0.256 dead 0.00 frozen 0.00 nbin 300 fat 0.601 | 13.2s
run39|step1|0|0.5|sub|300|0.5|50|leak: static 0.167 sstatic 0.339 c1 0.899 c50 0.146 fac1 0.880 fac50 -0.028 lock 0.00 move 0.439 period None osc -0.032@19 pr 16.2 sens10 -2.98 sens50 -2.81 sat 0.258 dead 0.00 frozen 0.00 nbin 300 fat 0.331 | 13.1s
run39|step1|0|0.5|sub|300|0.5|51|leak: static 0.184 sstatic 0.343 c1 0.902 c50 0.189 fac1 0.882 fac50 0.009 lock 0.00 move 0.436 period None osc -0.055@28 pr 16.3 sens10 -2.99 sens50 -2.82 sat 0.264 dead 0.00 frozen 0.00 nbin 300 fat 0.316 | 13.2s
run39|step1|0|0.5|div|30|0.5|51|leak: static 0.659 sstatic 0.000 c1 0.000 c50 0.000 fac1 -0.244 fac50 -0.426 lock 0.00 move 0.864 period 4 osc -0.508@2 pr 2.7 sens10 -3.00 sens50 -3.39 sat 0.000 dead 0.94 frozen 1.00 nbin 2 fat 0.006 | 7.1s
run39|step1|0|0.5|div|30|2.0|50|leak: static 0.569 sstatic 0.000 c1 0.000 c50 0.000 fac1 -0.282 fac50 -0.362 lock 0.00 move 1.08 period 4 osc -0.431@2 pr 2.6 sens10 -2.88 sens50 -3.22 sat 0.000 dead 0.94 frozen 1.00 nbin 1 fat 0.020 | 7.0s
run39|step1|0|0.5|div|30|2.0|51|leak: static 0.621 sstatic 0.000 c1 0.000 c50 0.000 fac1 -0.253 fac50 -0.411 lock 0.00 move 0.924 period 4 osc -0.490@2 pr 2.8 sens10 -2.86 sens50 -3.09 sat 0.000 dead 0.94 frozen 1.00 nbin 1 fat 0.022 | 7.1s
run39|step1|0|0.5|div|100|0.5|50|leak: static 0.613 sstatic 0.000 c1 0.000 c50 0.000 fac1 -0.284 fac50 -0.358 lock 0.00 move 1.03 period 4 osc -0.427@2 pr 2.6 sens10 -2.99 sens50 -3.39 sat 0.000 dead 0.94 frozen 1.00 nbin 2 fat 0.005 | 7.0s
run39|step1|0|0.5|div|100|0.5|51|leak: static 0.659 sstatic 0.000 c1 0.000 c50 0.000 fac1 -0.244 fac50 -0.426 lock 0.00 move 0.864 period 4 osc -0.508@2 pr 2.7 sens10 -3.02 sens50 -3.64 sat 0.000 dead 0.94 frozen 1.00 nbin 2 fat 0.006 | 7.1s
run39|step1|0|0.5|div|100|2.0|50|leak: static 0.568 sstatic 0.000 c1 0.000 c50 0.000 fac1 -0.282 fac50 -0.361 lock 0.00 move 1.09 period 4 osc -0.431@2 pr 2.6 sens10 -2.95 sens50 -3.32 sat 0.000 dead 0.94 frozen 1.00 nbin 1 fat 0.020 | 7.0s
run39|step1|0|0.5|div|100|2.0|51|leak: static 0.620 sstatic 0.000 c1 0.000 c50 0.000 fac1 -0.252 fac50 -0.411 lock 0.00 move 0.924 period 4 osc -0.490@2 pr 2.8 sens10 -2.96 sens50 -3.27 sat 0.000 dead 0.94 frozen 1.00 nbin 1 fat 0.022 | 7.1s
run39|step1|0|0.5|div|300|0.5|50|leak: static 0.616 sstatic 0.000 c1 0.000 c50 0.000 fac1 -0.285 fac50 -0.356 lock 0.00 move 1.01 period None osc -0.425@2 pr 2.6 sens10 -3.01 sens50 -3.56 sat 0.000 dead 0.94 frozen 1.00 nbin 2 fat 0.058 | 7.0s
run39|step1|0|0.5|div|10|2.0|50|leak: static 0.571 sstatic 0.000 c1 0.000 c50 0.000 fac1 -0.281 fac50 -0.363 lock 0.00 move 1.08 period 4 osc -0.433@2 pr 2.6 sens10 -2.71 sens50 -3.22 sat 0.000 dead 0.94 frozen 1.00 nbin 1 fat 0.020 | 13.2s
run39|step1|0|0.5|div|10|2.0|51|leak: static 0.623 sstatic 0.000 c1 0.000 c50 0.000 fac1 -0.253 fac50 -0.411 lock 0.00 move 0.922 period 4 osc -0.490@2 pr 2.8 sens10 -2.70 sens50 -3.36 sat 0.000 dead 0.94 frozen 1.00 nbin 1 fat 0.022 | 13.3s
run39|step1|0|0.5|div|30|0.5|50|leak: static 0.613 sstatic 0.000 c1 0.000 c50 0.000 fac1 -0.284 fac50 -0.358 lock 0.00 move 1.03 period 4 osc -0.427@2 pr 2.6 sens10 -2.93 sens50 -3.36 sat 0.000 dead 0.94 frozen 1.00 nbin 2 fat 0.005 | 13.1s
run39|step1|0|0.5|dep|3|0.5|50|leak: static 0.636 sstatic 0.000 c1 0.000 c50 0.000 fac1 -0.286 fac50 -0.356 lock 0.00 move 0.999 period 4 osc -0.424@2 pr 2.6 sens10 -2.99 sens50 -4.23 sat 0.000 dead 0.94 frozen 1.00 nbin 3 fat 1.000 | 8.1s
run39|step1|0|0.5|div|300|0.5|51|leak: static 0.660 sstatic 0.000 c1 0.000 c50 0.000 fac1 -0.238 fac50 -0.433 lock 0.00 move 0.862 period None osc -0.515@2 pr 2.7 sens10 -3.06 sens50 -3.48 sat 0.000 dead 0.94 frozen 1.00 nbin 1 fat 0.055 | 13.1s
run39|step1|0|0.5|dep|3|0.5|51|leak: static 0.680 sstatic 0.000 c1 0.000 c50 0.000 fac1 -0.240 fac50 -0.432 lock 0.00 move 0.843 period 4 osc -0.515@2 pr 2.7 sens10 -3.04 sens50 -4.04 sat 0.000 dead 0.94 frozen 1.00 nbin 3 fat 1.000 | 8.1s
run39|step1|0|0.5|dep|10|0.1|50|leak: static 0.636 sstatic 0.000 c1 0.000 c50 0.000 fac1 -0.286 fac50 -0.356 lock 0.00 move 0.999 period 4 osc -0.424@2 pr 2.6 sens10 -2.99 sens50 -4.32 sat 0.000 dead 0.94 frozen 1.00 nbin 3 fat 1.000 | 8.1s
run39|step1|0|0.5|dep|10|0.1|51|leak: static 0.680 sstatic 0.000 c1 0.000 c50 0.000 fac1 -0.240 fac50 -0.432 lock 0.00 move 0.843 period 4 osc -0.515@2 pr 2.7 sens10 -3.04 sens50 -4.01 sat 0.000 dead 0.94 frozen 1.00 nbin 3 fat 1.000 | 8.1s
run39|step1|0|0.5|dep|10|0.5|50|leak: static 0.636 sstatic 0.000 c1 0.000 c50 0.000 fac1 -0.286 fac50 -0.356 lock 0.00 move 0.999 period 4 osc -0.424@2 pr 2.6 sens10 -2.99 sens50 -4.32 sat 0.000 dead 0.94 frozen 1.00 nbin 3 fat 1.000 | 8.1s
run39|step1|0|0.5|dep|10|0.5|51|leak: static 0.680 sstatic 0.000 c1 0.000 c50 0.000 fac1 -0.240 fac50 -0.432 lock 0.00 move 0.843 period 4 osc -0.515@2 pr 2.7 sens10 -3.04 sens50 -4.03 sat 0.000 dead 0.94 frozen 1.00 nbin 3 fat 1.000 | 8.1s
run39|step1|0|0.5|dep|30|0.1|50|leak: static 0.636 sstatic 0.000 c1 0.000 c50 0.000 fac1 -0.286 fac50 -0.356 lock 0.00 move 0.999 period 4 osc -0.424@2 pr 2.6 sens10 -2.99 sens50 -3.85 sat 0.000 dead 0.94 frozen 1.00 nbin 3 fat 1.000 | 8.1s
run39|step1|0|0.5|dep|30|0.1|51|leak: static 0.680 sstatic 0.000 c1 0.000 c50 0.000 fac1 -0.240 fac50 -0.432 lock 0.00 move 0.843 period 4 osc -0.515@2 pr 2.7 sens10 -3.04 sens50 -4.13 sat 0.000 dead 0.94 frozen 1.00 nbin 3 fat 1.000 | 8.1s
run39|step1|0|0.5|div|300|2.0|50|leak: static 0.573 sstatic 0.000 c1 0.000 c50 0.000 fac1 -0.283 fac50 -0.360 lock 0.00 move 1.07 period None osc -0.429@2 pr 2.6 sens10 -3.00 sens50 -3.57 sat 0.000 dead 0.94 frozen 1.00 nbin 1 fat 0.047 | 13.1s
run39|step1|0|0.5|div|300|2.0|51|leak: static 0.624 sstatic 0.000 c1 0.000 c50 0.000 fac1 -0.250 fac50 -0.416 lock 0.00 move 0.919 period None osc -0.496@2 pr 2.8 sens10 -3.05 sens50 -3.59 sat 0.000 dead 0.94 frozen 1.00 nbin 1 fat 0.049 | 13.2s
run39|step1|0|0.5|dep|3|0.1|50|leak: static 0.761 sstatic 0.672 c1 0.961 c50 0.757 fac1 0.835 fac50 -0.021 lock 0.00 move 0.27 period None osc -0.048@30 pr 15.2 sens10 -2.96 sens50 -99.00 sat 0.269 dead 0.00 frozen 0.18 nbin 300 fat 0.935 | 14.8s
run39|step1|0|0.5|dep|3|0.1|51|leak: static 0.694 sstatic 0.597 c1 0.948 c50 0.695 fac1 0.834 fac50 -0.023 lock 0.00 move 0.314 period None osc -0.046@14 pr 16.3 sens10 -2.95 sens50 -99.00 sat 0.244 dead 0.00 frozen 0.11 nbin 300 fat 0.943 | 14.8s
run39|step1|0|0.5|dep|100|0.1|51|leak: static 0.680 sstatic 0.000 c1 0.000 c50 0.000 fac1 -0.240 fac50 -0.432 lock 0.00 move 0.843 period 4 osc -0.515@2 pr 2.7 sens10 -3.04 sens50 -4.34 sat 0.000 dead 0.94 frozen 1.00 nbin 3 fat 1.000 | 8.2s
run39|step1|0|0.9|none|0|0.0|50|leak: static 0.823 sstatic 0.741 c1 0.999 c50 0.822 fac1 0.993 fac50 -0.065 lock 0.00 move 0.0337 period None osc -0.065@50 pr 6.0 sens10 -0.45 sens50 3.24 sat 0.335 dead 0.00 frozen 0.39 nbin 300 fat None | 6.6s
run39|step1|0|0.9|none|0|0.0|51|leak: static 0.830 sstatic 0.755 c1 0.999 c50 0.829 fac1 0.993 fac50 -0.010 lock 0.00 move 0.0339 period None osc -0.010@50 pr 6.0 sens10 2.31 sens50 3.54 sat 0.317 dead 0.00 frozen 0.40 nbin 300 fat None | 6.7s
run39|step1|0|0.5|dep|300|0.1|50|leak: static 0.636 sstatic 0.000 c1 0.000 c50 0.000 fac1 -0.286 fac50 -0.356 lock 0.00 move 0.999 period 4 osc -0.424@2 pr 2.6 sens10 -2.99 sens50 -3.85 sat 0.000 dead 0.94 frozen 1.00 nbin 3 fat 0.993 | 8.2s
run39|step1|0|0.5|dep|100|0.5|51|leak: static 0.680 sstatic 0.000 c1 0.000 c50 0.000 fac1 -0.240 fac50 -0.432 lock 0.00 move 0.843 period 4 osc -0.515@2 pr 2.7 sens10 -3.04 sens50 -4.04 sat 0.000 dead 0.94 frozen 1.00 nbin 3 fat 1.000 | 8.2s
run39|step1|0|0.5|dep|300|0.1|51|leak: static 0.680 sstatic 0.000 c1 0.000 c50 0.000 fac1 -0.240 fac50 -0.432 lock 0.00 move 0.843 period 4 osc -0.515@2 pr 2.7 sens10 -3.04 sens50 -4.14 sat 0.000 dead 0.94 frozen 1.00 nbin 3 fat 0.993 | 8.2s
run39|step1|0|0.5|dep|30|0.5|50|leak: static 0.636 sstatic 0.000 c1 0.000 c50 0.000 fac1 -0.286 fac50 -0.356 lock 0.00 move 0.999 period 4 osc -0.424@2 pr 2.6 sens10 -2.99 sens50 -4.32 sat 0.000 dead 0.94 frozen 1.00 nbin 3 fat 1.000 | 14.9s
run39|step1|0|0.5|dep|30|0.5|51|leak: static 0.680 sstatic 0.000 c1 0.000 c50 0.000 fac1 -0.240 fac50 -0.432 lock 0.00 move 0.843 period 4 osc -0.515@2 pr 2.7 sens10 -3.04 sens50 -4.04 sat 0.000 dead 0.94 frozen 1.00 nbin 3 fat 1.000 | 14.9s
run39|step1|0|0.5|dep|300|0.5|50|leak: static 0.636 sstatic 0.000 c1 0.000 c50 0.000 fac1 -0.286 fac50 -0.356 lock 0.00 move 0.999 period 4 osc -0.424@2 pr 2.6 sens10 -2.99 sens50 -4.32 sat 0.000 dead 0.94 frozen 1.00 nbin 3 fat 0.995 | 8.2s
run39|step1|0|0.5|dep|300|0.5|51|leak: static 0.680 sstatic 0.000 c1 0.000 c50 0.000 fac1 -0.240 fac50 -0.432 lock 0.00 move 0.843 period 4 osc -0.515@2 pr 2.7 sens10 -3.04 sens50 -4.04 sat 0.000 dead 0.94 frozen 1.00 nbin 3 fat 0.994 | 8.2s
run39|step1|0|0.5|dep|100|0.1|50|leak: static 0.636 sstatic 0.000 c1 0.000 c50 0.000 fac1 -0.286 fac50 -0.356 lock 0.00 move 0.999 period 4 osc -0.424@2 pr 2.6 sens10 -2.99 sens50 -3.84 sat 0.000 dead 0.94 frozen 1.00 nbin 3 fat 1.000 | 14.8s
run39|step1|0|0.5|dep|100|0.5|50|leak: static 0.636 sstatic 0.000 c1 0.000 c50 0.000 fac1 -0.286 fac50 -0.356 lock 0.00 move 0.999 period 4 osc -0.424@2 pr 2.6 sens10 -2.99 sens50 -4.32 sat 0.000 dead 0.94 frozen 1.00 nbin 3 fat 1.000 | 14.8s
run39|step1|0|0.9|sub|3|0.5|50|leak: static 0.954 sstatic 0.000 c1 0.000 c50 0.000 fac1 -0.271 fac50 -0.381 lock 0.00 move 0.34 period 4 osc -0.454@2 pr 2.5 sens10 -0.87 sens50 -2.57 sat 0.000 dead 0.94 frozen 1.00 nbin 1 fat 0.493 | 13.2s
run39|step1|0|0.9|sub|10|0.5|50|leak: static 0.945 sstatic 0.000 c1 0.000 c50 0.000 fac1 -0.266 fac50 -0.389 lock 0.00 move 0.373 period 4 osc -0.464@2 pr 2.5 sens10 -0.77 sens50 -2.12 sat 0.000 dead 0.94 frozen 1.00 nbin 1 fat 0.492 | 7.2s
run39|step1|0|0.9|sub|10|1.0|50|leak: static 0.000 sstatic 0.000 c1 0.000 c50 0.000 fac1 -0.266 fac50 -0.389 lock 0.00 move 1.79 period 4 osc -0.464@2 pr 2.5 sens10 -2.13 sens50 -1.65 sat 0.000 dead 0.94 frozen 1.00 nbin 1 fat 0.985 | 7.2s
run39|step1|0|0.9|sub|10|0.5|51|leak: static 0.954 sstatic 0.000 c1 0.000 c50 0.000 fac1 -0.222 fac50 -0.462 lock 0.00 move 0.316 period 4 osc -0.551@2 pr 2.7 sens10 -0.77 sens50 -2.11 sat 0.000 dead 0.94 frozen 1.00 nbin 1 fat 0.504 | 7.3s
run39|step1|0|0.9|sub|30|0.5|50|leak: static 0.148 sstatic 0.201 c1 0.995 c50 -0.112 fac1 0.991 fac50 -0.201 lock 0.00 move 0.1 period None osc -0.213@46 pr 7.6 sens10 -0.46 sens50 -0.74 sat 0.126 dead 0.00 frozen 0.02 nbin 286 fat 5.304 | 7.1s
run39|step1|0|0.9|sub|30|0.5|51|leak: static 0.205 sstatic 0.274 c1 0.995 c50 -0.054 fac1 0.991 fac50 -0.279 lock 0.00 move 0.1 period None osc -0.279@50 pr 7.7 sens10 -0.57 sens50 -1.40 sat 0.167 dead 0.00 frozen 0.01 nbin 300 fat 0.419 | 7.2s
run39|step1|0|0.9|sub|3|0.5|51|leak: static 0.961 sstatic 0.000 c1 0.000 c50 0.000 fac1 -0.227 fac50 -0.455 lock 0.00 move 0.292 period 4 osc -0.542@2 pr 2.7 sens10 -0.88 sens50 -2.56 sat 0.000 dead 0.94 frozen 1.00 nbin 1 fat 0.503 | 13.3s
run39|step1|0|0.9|sub|10|1.0|51|leak: static 0.000 sstatic 0.000 c1 0.000 c50 0.000 fac1 -0.223 fac50 -0.462 lock 0.00 move 1.6 period 4 osc -0.550@2 pr 2.7 sens10 -2.07 sens50 -1.67 sat 0.000 dead 0.94 frozen 1.00 nbin 1 fat 1.007 | 7.2s
run39|step1|0|0.9|sub|100|0.5|50|leak: static 0.190 sstatic 0.315 c1 0.997 c50 0.021 fac1 0.992 fac50 -0.173 lock 0.00 move 0.0802 period None osc -0.173@50 pr 6.9 sens10 1.95 sens50 3.69 sat 0.223 dead 0.00 frozen 0.01 nbin 300 fat 0.334 | 7.1s
run39|step1|0|0.9|sub|100|0.5|51|leak: static 0.226 sstatic 0.354 c1 0.997 c50 0.073 fac1 0.993 fac50 -0.161 lock 0.00 move 0.0753 period None osc -0.161@50 pr 6.7 sens10 2.00 sens50 3.78 sat 0.238 dead 0.00 frozen 0.01 nbin 300 fat 0.371 | 7.2s
run39|step1|0|0.9|sub|3|1.0|50|leak: static 0.000 sstatic 0.000 c1 0.000 c50 0.000 fac1 -0.273 fac50 -0.377 lock 0.00 move 1.81 period 4 osc -0.449@2 pr 2.5 sens10 -1.13 sens50 -2.47 sat 0.000 dead 0.94 frozen 1.00 nbin 1 fat 0.986 | 13.1s
run39|step1|0|0.9|sub|3|1.0|51|leak: static 0.000 sstatic 0.000 c1 0.000 c50 0.000 fac1 -0.229 fac50 -0.451 lock 0.00 move 1.61 period 4 osc -0.538@2 pr 2.7 sens10 -1.14 sens50 -2.45 sat 0.000 dead 0.94 frozen 1.00 nbin 1 fat 1.006 | 13.3s
run39|step1|0|0.9|sub|30|1.0|50|leak: static 0.000 sstatic 0.000 c1 0.000 c50 0.000 fac1 -0.266 fac50 -0.390 lock 0.00 move 1.78 period 4 osc -0.465@2 pr 1.1 sens10 -0.74 sens50 -1.14 sat 0.000 dead 0.94 frozen 1.00 nbin 1 fat 0.985 | 13.1s
run39|step1|0|0.9|sub|300|0.5|51|leak: static 0.244 sstatic 0.374 c1 0.997 c50 0.126 fac1 0.993 fac50 -0.110 lock 0.00 move 0.0716 period None osc -0.110@50 pr 6.5 sens10 -0.47 sens50 -2.15 sat 0.251 dead 0.00 frozen 0.02 nbin 300 fat 0.312 | 7.1s
run39|step1|0|0.9|sub|30|1.0|51|leak: static 0.000 sstatic 0.000 c1 0.000 c50 0.000 fac1 -0.222 fac50 -0.463 lock 0.00 move 1.59 period 4 osc -0.551@2 pr 1.1 sens10 -0.76 sens50 -1.15 sat 0.000 dead 0.94 frozen 1.00 nbin 1 fat 1.008 | 13.2s
run39|step1|0|0.9|sub|300|1.0|50|leak: static 0.078 sstatic 0.296 c1 0.997 c50 -0.039 fac1 0.993 fac50 -0.109 lock 0.00 move 0.0775 period None osc -0.109@50 pr 6.4 sens10 -0.48 sens50 -1.68 sat 0.235 dead 0.00 frozen 0.00 nbin 300 fat 0.593 | 7.0s
run39|step1|0|0.9|sub|300|1.0|51|leak: static 0.079 sstatic 0.305 c1 0.997 c50 0.003 fac1 0.993 fac50 -0.070 lock 0.00 move 0.0761 period None osc -0.070@50 pr 6.5 sens10 -0.46 sens50 -1.68 sat 0.250 dead 0.00 frozen 0.00 nbin 300 fat 0.589 | 7.1s
run39|step1|0|0.9|div|3|0.5|50|leak: static 0.983 sstatic 0.000 c1 0.000 c50 0.000 fac1 -0.256 fac50 -0.405 lock 0.00 move 0.203 period 4 osc -0.483@2 pr 2.5 sens10 -0.46 sens50 -2.27 sat 0.000 dead 0.94 frozen 1.00 nbin 1 fat 0.004 | 7.1s
run39|step1|0|0.9|div|3|0.5|51|leak: static 0.986 sstatic 0.000 c1 0.000 c50 0.000 fac1 -0.226 fac50 -0.456 lock 0.00 move 0.175 period 4 osc -0.544@2 pr 2.7 sens10 -0.47 sens50 -2.27 sat 0.000 dead 0.94 frozen 1.00 nbin 1 fat 0.005 | 7.2s
run39|step1|0|0.9|div|3|2.0|51|leak: static 0.982 sstatic 0.000 c1 0.000 c50 0.000 fac1 -0.232 fac50 -0.446 lock 0.00 move 0.199 period 4 osc -0.532@2 pr 2.7 sens10 -0.47 sens50 -2.28 sat 0.000 dead 0.94 frozen 1.00 nbin 1 fat 0.018 | 7.2s
run39|step1|0|0.9|div|10|0.5|50|leak: static 0.982 sstatic 0.000 c1 0.000 c50 0.000 fac1 -0.257 fac50 -0.404 lock 0.00 move 0.205 period 4 osc -0.482@2 pr 2.5 sens10 -0.46 sens50 -2.27 sat 0.000 dead 0.94 frozen 1.00 nbin 1 fat 0.004 | 7.1s
run39|step1|0|0.9|div|10|0.5|51|leak: static 0.986 sstatic 0.000 c1 0.000 c50 0.000 fac1 -0.225 fac50 -0.458 lock 0.00 move 0.176 period 4 osc -0.545@2 pr 2.7 sens10 -0.47 sens50 -2.27 sat 0.000 dead 0.94 frozen 1.00 nbin 1 fat 0.005 | 7.2s
run39|step1|0|0.9|sub|100|1.0|50|leak: static 0.027 sstatic 0.268 c1 0.996 c50 -0.176 fac1 0.992 fac50 -0.174 lock 0.00 move 0.0882 period None osc -0.174@50 pr 7.2 sens10 -0.55 sens50 -1.25 sat 0.217 dead 0.00 frozen 0.00 nbin 300 fat 0.650 | 13.1s
run39|step1|0|0.9|sub|300|0.5|50|leak: static 0.216 sstatic 0.349 c1 0.997 c50 0.190 fac1 0.993 fac50 -0.047 lock 0.00 move 0.0715 period None osc -0.047@50 pr 5.9 sens10 -0.50 sens50 -2.10 sat 0.240 dead 0.00 frozen 0.02 nbin 300 fat 0.325 | 13.1s
run39|step1|0|0.9|sub|100|1.0|51|leak: static 0.033 sstatic 0.257 c1 0.996 c50 -0.178 fac1 0.993 fac50 -0.177 lock 0.00 move 0.0894 period None osc -0.177@50 pr 7.0 sens10 2.21 sens50 3.86 sat 0.226 dead 0.00 frozen 0.00 nbin 300 fat 0.642 | 13.3s
run39|step1|0|0.9|div|3|2.0|50|leak: static 0.977 sstatic 0.000 c1 0.000 c50 0.000 fac1 -0.238 fac50 -0.436 lock 0.00 move 0.224 period 4 osc -0.520@2 pr 2.5 sens10 -0.47 sens50 -2.28 sat 0.000 dead 0.94 frozen 1.00 nbin 1 fat 0.016 | 13.1s
run39|step1|0|0.9|div|30|0.5|51|leak: static 0.985 sstatic 0.000 c1 0.000 c50 0.000 fac1 -0.225 fac50 -0.458 lock 0.00 move 0.177 period 4 osc -0.546@2 pr 2.7 sens10 -0.47 sens50 -2.28 sat 0.000 dead 0.94 frozen 1.00 nbin 1 fat 0.005 | 7.1s
run39|step1|0|0.9|div|30|2.0|51|leak: static 0.981 sstatic 0.000 c1 0.000 c50 0.000 fac1 -0.230 fac50 -0.449 lock 0.00 move 0.206 period 4 osc -0.535@2 pr 2.7 sens10 -0.47 sens50 -2.26 sat 0.000 dead 0.94 frozen 1.00 nbin 1 fat 0.018 | 7.1s
run39|step1|0|0.9|div|100|0.5|50|leak: static 0.982 sstatic 0.000 c1 0.000 c50 0.000 fac1 -0.257 fac50 -0.404 lock 0.00 move 0.205 period None osc -0.481@2 pr 2.5 sens10 -0.46 sens50 -2.27 sat 0.000 dead 0.94 frozen 1.00 nbin 1 fat 0.004 | 7.2s
run39|step1|0|0.9|div|100|0.5|51|leak: static 0.985 sstatic 0.000 c1 0.000 c50 0.000 fac1 -0.225 fac50 -0.458 lock 0.00 move 0.177 period None osc -0.546@2 pr 2.7 sens10 -0.47 sens50 -2.28 sat 0.000 dead 0.94 frozen 1.00 nbin 1 fat 0.005 | 7.1s
run39|step1|0|0.9|div|100|2.0|50|leak: static 0.975 sstatic 0.000 c1 0.000 c50 0.000 fac1 -0.241 fac50 -0.431 lock 0.00 move 0.232 period 4 osc -0.514@2 pr 2.5 sens10 -0.47 sens50 -2.26 sat 0.000 dead 0.94 frozen 1.00 nbin 1 fat 0.016 | 7.1s
run39|step1|0|0.9|div|100|2.0|51|leak: static 0.981 sstatic 0.000 c1 0.000 c50 0.000 fac1 -0.230 fac50 -0.449 lock 0.00 move 0.206 period 4 osc -0.535@2 pr 2.7 sens10 -0.47 sens50 -2.26 sat 0.000 dead 0.94 frozen 1.00 nbin 1 fat 0.018 | 7.1s
run39|step1|0|0.9|div|300|0.5|50|leak: static 0.983 sstatic 0.000 c1 0.000 c50 0.000 fac1 -0.247 fac50 -0.387 lock 0.00 move 0.2 period None osc -0.457@2 pr 1.1 sens10 -0.49 sens50 -2.29 sat 0.000 dead 0.94 frozen 1.00 nbin 1 fat 0.069 | 7.0s
run39|step1|0|0.9|div|10|2.0|50|leak: static 0.976 sstatic 0.000 c1 0.000 c50 0.000 fac1 -0.240 fac50 -0.433 lock 0.00 move 0.23 period 4 osc -0.516@2 pr 2.5 sens10 -0.47 sens50 -2.29 sat 0.000 dead 0.94 frozen 1.00 nbin 1 fat 0.016 | 13.2s
run39|step1|0|0.9|div|300|0.5|51|leak: static 0.064 sstatic 0.000 c1 0.001 c50 0.000 fac1 0.900 fac50 -0.006 lock 0.00 move 0.175 period None osc -0.006@50 pr 1.1 sens10 -0.52 sens50 -2.33 sat 0.000 dead 0.00 frozen 1.00 nbin 1 fat 0.128 | 7.1s
run39|step1|0|0.9|div|10|2.0|51|leak: static 0.981 sstatic 0.000 c1 0.000 c50 0.000 fac1 -0.230 fac50 -0.449 lock 0.00 move 0.204 period 4 osc -0.535@2 pr 2.7 sens10 -0.47 sens50 -2.28 sat 0.000 dead 0.94 frozen 1.00 nbin 1 fat 0.018 | 13.3s
run39|step1|0|0.9|div|30|0.5|50|leak: static 0.982 sstatic 0.000 c1 0.000 c50 0.000 fac1 -0.257 fac50 -0.404 lock 0.00 move 0.205 period 4 osc -0.481@2 pr 2.5 sens10 -0.46 sens50 -2.27 sat 0.000 dead 0.94 frozen 1.00 nbin 1 fat 0.004 | 13.2s
run39|step1|0|0.9|div|30|2.0|50|leak: static 0.976 sstatic 0.000 c1 0.000 c50 0.000 fac1 -0.241 fac50 -0.432 lock 0.00 move 0.232 period 4 osc -0.514@2 pr 2.5 sens10 -0.47 sens50 -2.25 sat 0.000 dead 0.94 frozen 1.00 nbin 1 fat 0.016 | 13.1s
run39|step1|0|0.9|dep|3|0.5|50|leak: static 0.985 sstatic 0.000 c1 0.000 c50 0.000 fac1 -0.266 fac50 -0.390 lock 0.00 move 0.194 period 4 osc -0.465@2 pr 2.5 sens10 -0.46 sens50 -2.26 sat 0.000 dead 0.94 frozen 1.00 nbin 1 fat 1.000 | 8.2s
run39|step1|0|0.9|dep|3|0.5|51|leak: static 0.987 sstatic 0.000 c1 0.000 c50 0.000 fac1 -0.222 fac50 -0.463 lock 0.00 move 0.166 period 4 osc -0.551@2 pr 2.7 sens10 -0.46 sens50 -2.27 sat 0.000 dead 0.94 frozen 1.00 nbin 1 fat 1.000 | 8.2s
run39|step1|0|0.9|dep|10|0.1|50|leak: static 0.985 sstatic 0.000 c1 0.000 c50 0.000 fac1 -0.266 fac50 -0.390 lock 0.00 move 0.194 period 4 osc -0.465@2 pr 2.5 sens10 -0.46 sens50 -2.26 sat 0.000 dead 0.94 frozen 1.00 nbin 1 fat 1.000 | 8.1s
run39|step1|0|0.9|dep|10|0.1|51|leak: static 0.987 sstatic 0.000 c1 0.000 c50 0.000 fac1 -0.222 fac50 -0.463 lock 0.00 move 0.166 period 4 osc -0.551@2 pr 2.7 sens10 -0.46 sens50 -2.26 sat 0.000 dead 0.94 frozen 1.00 nbin 1 fat 1.000 | 8.2s
run39|step1|0|0.9|div|300|2.0|50|leak: static 0.977 sstatic 0.000 c1 0.000 c50 0.000 fac1 -0.243 fac50 -0.425 lock 0.00 move 0.225 period None osc -0.506@2 pr 2.5 sens10 -0.48 sens50 -2.29 sat 0.000 dead 0.94 frozen 1.00 nbin 1 fat 0.055 | 13.0s
run39|step1|0|0.9|dep|10|0.5|51|leak: static 0.987 sstatic 0.000 c1 0.000 c50 0.000 fac1 -0.222 fac50 -0.463 lock 0.00 move 0.166 period 4 osc -0.551@2 pr 2.7 sens10 -0.46 sens50 -2.26 sat 0.000 dead 0.94 frozen 1.00 nbin 1 fat 1.000 | 8.2s
run39|step1|0|0.9|dep|10|0.5|50|leak: static 0.985 sstatic 0.000 c1 0.000 c50 0.000 fac1 -0.266 fac50 -0.390 lock 0.00 move 0.194 period 4 osc -0.465@2 pr 2.5 sens10 -0.46 sens50 -2.26 sat 0.000 dead 0.94 frozen 1.00 nbin 1 fat 1.000 | 8.2s
run39|step1|0|0.9|dep|30|0.1|50|leak: static 0.985 sstatic 0.000 c1 0.000 c50 0.000 fac1 -0.266 fac50 -0.390 lock 0.00 move 0.194 period 4 osc -0.465@2 pr 2.5 sens10 -0.46 sens50 -2.26 sat 0.000 dead 0.94 frozen 1.00 nbin 1 fat 1.000 | 8.1s
run39|step1|0|0.9|dep|30|0.5|50|leak: static 0.985 sstatic 0.000 c1 0.000 c50 0.000 fac1 -0.266 fac50 -0.390 lock 0.00 move 0.194 period 4 osc -0.465@2 pr 2.5 sens10 -0.46 sens50 -2.26 sat 0.000 dead 0.94 frozen 1.00 nbin 1 fat 1.000 | 8.2s
run39|step1|0|0.9|div|300|2.0|51|leak: static 0.981 sstatic 0.000 c1 0.000 c50 0.000 fac1 -0.212 fac50 -0.441 lock 0.00 move 0.199 period None osc -0.520@2 pr 2.7 sens10 -0.49 sens50 -2.29 sat 0.000 dead 0.94 frozen 1.00 nbin 1 fat 0.057 | 13.3s
run39|step1|0|0.9|dep|3|0.1|50|leak: static 0.793 sstatic 0.693 c1 0.999 c50 0.791 fac1 0.992 fac50 -0.055 lock 0.00 move 0.038 period None osc -0.055@50 pr 6.0 sens10 -0.47 sens50 -2.31 sat 0.267 dead 0.00 frozen 0.38 nbin 300 fat 0.936 | 14.9s
run39|step1|0|0.9|dep|3|0.1|51|leak: static 0.706 sstatic 0.606 c1 0.999 c50 0.701 fac1 0.992 fac50 -0.020 lock 0.00 move 0.0457 period None osc -0.020@50 pr 6.1 sens10 -0.47 sens50 -2.32 sat 0.236 dead 0.00 frozen 0.28 nbin 300 fat 0.941 | 14.6s
run39|step1|0|0.9|dep|30|0.1|51|leak: static 0.987 sstatic 0.000 c1 0.000 c50 0.000 fac1 -0.222 fac50 -0.463 lock 0.00 move 0.166 period 4 osc -0.551@2 pr 2.7 sens10 -0.46 sens50 -2.26 sat 0.000 dead 0.94 frozen 1.00 nbin 1 fat 1.000 | 14.9s
run39|step1|0|0.9|dep|100|0.5|50|leak: static 0.985 sstatic 0.000 c1 0.000 c50 0.000 fac1 -0.266 fac50 -0.390 lock 0.00 move 0.194 period 4 osc -0.465@2 pr 2.5 sens10 -0.46 sens50 -2.26 sat 0.000 dead 0.94 frozen 1.00 nbin 1 fat 1.000 | 8.2s
run39|step1|0|0.9|dep|100|0.5|51|leak: static 0.987 sstatic 0.000 c1 0.000 c50 0.000 fac1 -0.222 fac50 -0.463 lock 0.00 move 0.166 period 4 osc -0.551@2 pr 2.7 sens10 -0.46 sens50 -2.26 sat 0.000 dead 0.94 frozen 1.00 nbin 1 fat 1.000 | 8.3s
run39|step1|0|0.9|dep|300|0.1|50|leak: static 0.985 sstatic 0.000 c1 0.000 c50 0.000 fac1 -0.266 fac50 -0.390 lock 0.00 move 0.194 period 4 osc -0.465@2 pr 2.5 sens10 -0.46 sens50 -2.26 sat 0.000 dead 0.94 frozen 1.00 nbin 1 fat 0.997 | 8.2s
run39|step1|0|0.9|dep|300|0.1|51|leak: static 0.987 sstatic 0.000 c1 0.000 c50 0.000 fac1 -0.222 fac50 -0.463 lock 0.00 move 0.166 period 4 osc -0.551@2 pr 2.7 sens10 -0.46 sens50 -2.27 sat 0.000 dead 0.94 frozen 1.00 nbin 1 fat 0.997 | 8.3s
run39|step1|0|0.9|dep|300|0.5|51|leak: static 0.987 sstatic 0.000 c1 0.000 c50 0.000 fac1 -0.222 fac50 -0.463 lock 0.00 move 0.166 period 4 osc -0.551@2 pr 2.7 sens10 -0.46 sens50 -2.26 sat 0.000 dead 0.94 frozen 1.00 nbin 1 fat 0.995 | 8.2s
run39|tri0.3|0|0.5|none|0|0.0|50|leak: static 0.958 sstatic 0.953 c1 0.998 c50 0.959 fac1 0.957 fac50 -0.006 lock 0.00 move 0.056 period None osc -0.036@40 pr 9.4 sens10 1.32 sens50 3.13 sat None dead 0.00 frozen 0.62 nbin 300 fat None | 8.3s
run39|step1|0|0.9|dep|30|0.5|51|leak: static 0.987 sstatic 0.000 c1 0.000 c50 0.000 fac1 -0.222 fac50 -0.463 lock 0.00 move 0.166 period 4 osc -0.551@2 pr 2.7 sens10 -0.46 sens50 -2.26 sat 0.000 dead 0.94 frozen 1.00 nbin 1 fat 1.000 | 14.9s
run39|tri0.3|0|0.5|none|0|0.0|51|leak: static 0.964 sstatic 0.959 c1 0.999 c50 0.963 fac1 0.956 fac50 -0.075 lock 0.00 move 0.0543 period None osc -0.075@50 pr 8.4 sens10 1.06 sens50 3.18 sat None dead 0.00 frozen 0.64 nbin 300 fat None | 8.4s
run39|tri0.3|0|0.5|sub|3|0.5|50|leak: static 0.809 sstatic 0.853 c1 0.964 c50 0.820 fac1 0.811 fac50 0.041 lock 0.00 move 0.262 period None osc -0.342@7 pr 14.5 sens10 1.98 sens50 3.76 sat None dead 0.00 frozen 0.23 nbin 300 fat 0.485 | 8.9s
run39|step1|0|0.9|dep|100|0.1|50|leak: static 0.985 sstatic 0.000 c1 0.000 c50 0.000 fac1 -0.266 fac50 -0.390 lock 0.00 move 0.194 period 4 osc -0.465@2 pr 2.5 sens10 -0.46 sens50 -2.26 sat 0.000 dead 0.94 frozen 1.00 nbin 1 fat 1.000 | 14.8s
run39|step1|0|0.9|dep|100|0.1|51|leak: static 0.987 sstatic 0.000 c1 0.000 c50 0.000 fac1 -0.222 fac50 -0.463 lock 0.00 move 0.166 period 4 osc -0.551@2 pr 2.7 sens10 -0.46 sens50 -2.27 sat 0.000 dead 0.94 frozen 1.00 nbin 1 fat 1.000 | 14.8s
run39|step1|0|0.9|dep|300|0.5|50|leak: static 0.985 sstatic 0.000 c1 0.000 c50 0.000 fac1 -0.266 fac50 -0.390 lock 0.00 move 0.194 period 4 osc -0.465@2 pr 2.5 sens10 -0.46 sens50 -2.26 sat 0.000 dead 0.94 frozen 1.00 nbin 1 fat 0.995 | 14.6s
run39|tri0.3|0|0.5|sub|10|0.5|51|leak: static 0.447 sstatic 0.667 c1 0.948 c50 0.499 fac1 0.904 fac50 0.058 lock 0.00 move 0.321 period None osc -0.369@11 pr 13.7 sens10 1.98 sens50 3.90 sat None dead 0.00 frozen 0.01 nbin 300 fat 0.433 | 9.0s
run39|tri0.3|0|0.5|sub|10|1.0|50|leak: static 0.000 sstatic 0.466 c1 0.892 c50 -0.033 fac1 0.893 fac50 -0.028 lock 0.00 move 0.458 period None osc -0.439@9 pr 14.1 sens10 2.65 sens50 3.98 sat None dead 0.00 frozen 0.00 nbin 300 fat 0.773 | 8.9s
run39|tri0.3|0|0.5|sub|10|1.0|51|leak: static 0.000 sstatic 0.466 c1 0.897 c50 -0.152 fac1 0.898 fac50 -0.125 lock 0.00 move 0.446 period None osc -0.473@9 pr 12.8 sens10 2.33 sens50 4.00 sat None dead 0.00 frozen 0.00 nbin 300 fat 0.804 | 8.9s
run39|tri0.3|0|0.5|sub|30|0.5|50|leak: static 0.337 sstatic 0.616 c1 0.959 c50 0.354 fac1 0.936 fac50 0.021 lock 0.00 move 0.282 period None osc -0.233@14 pr 14.0 sens10 1.61 sens50 3.92 sat None dead 0.00 frozen 0.00 nbin 300 fat 0.418 | 8.9s
run39|tri0.3|0|0.5|sub|30|0.5|51|leak: static 0.349 sstatic 0.620 c1 0.960 c50 0.382 fac1 0.936 fac50 0.043 lock 0.00 move 0.28 period None osc -0.216@15 pr 13.5 sens10 1.81 sens50 3.82 sat None dead 0.00 frozen 0.00 nbin 300 fat 0.415 | 9.0s
run39|tri0.3|0|0.5|sub|30|1.0|50|leak: static 0.001 sstatic 0.467 c1 0.933 c50 -0.050 fac1 0.933 fac50 -0.043 lock 0.00 move 0.36 period None osc -0.299@13 pr 13.2 sens10 2.84 sens50 4.04 sat None dead 0.00 frozen 0.00 nbin 300 fat 0.737 | 8.9s
run39|tri0.3|0|0.5|sub|100|0.5|50|leak: static 0.291 sstatic 0.594 c1 0.966 c50 0.282 fac1 0.949 fac50 -0.038 lock 0.00 move 0.256 period None osc -0.103@39 pr 12.7 sens10 2.28 sens50 3.98 sat None dead 0.00 frozen 0.00 nbin 300 fat 0.409 | 8.9s
run39|tri0.3|0|0.5|sub|100|0.5|51|leak: static 0.321 sstatic 0.610 c1 0.967 c50 0.268 fac1 0.949 fac50 -0.065 lock 0.00 move 0.254 period None osc -0.102@24 pr 13.6 sens10 2.39 sens50 4.01 sat None dead 0.00 frozen 0.00 nbin 300 fat 0.406 | 9.0s
run39|tri0.3|0|0.5|sub|3|0.5|51|leak: static 0.826 sstatic 0.860 c1 0.966 c50 0.842 fac1 0.801 fac50 0.065 lock 0.00 move 0.262 period None osc -0.339@6 pr 14.9 sens10 2.76 sens50 3.78 sat None dead 0.00 frozen 0.25 nbin 300 fat 0.484 | 16.5s
run39|tri0.3|0|0.5|sub|3|1.0|50|leak: static 0.000 sstatic 0.466 c1 0.732 c50 -0.048 fac1 0.736 fac50 -0.039 lock 0.00 move 0.724 period None osc -0.626@5 pr 12.7 sens10 2.70 sens50 3.97 sat None dead 0.00 frozen 0.00 nbin 300 fat 0.896 | 16.4s
run39|tri0.3|0|0.5|sub|3|1.0|51|leak: static 0.000 sstatic 0.466 c1 0.732 c50 0.031 fac1 0.737 fac50 0.025 lock 0.00 move 0.721 period None osc -0.583@5 pr 14.2 sens10 2.87 sens50 3.98 sat None dead 0.00 frozen 0.00 nbin 300 fat 0.879 | 16.4s
run39|tri0.3|0|0.5|sub|10|0.5|50|leak: static 0.439 sstatic 0.657 c1 0.946 c50 0.419 fac1 0.902 fac50 -0.025 lock 0.00 move 0.326 period None osc -0.351@10 pr 14.1 sens10 2.83 sens50 3.88 sat None dead 0.00 frozen 0.01 nbin 300 fat 0.444 | 16.4s
run39|tri0.3|0|0.5|sub|30|1.0|51|leak: static 0.001 sstatic 0.466 c1 0.935 c50 -0.047 fac1 0.934 fac50 -0.035 lock 0.00 move 0.353 period None osc -0.328@14 pr 13.0 sens10 2.39 sens50 3.86 sat None dead 0.00 frozen 0.00 nbin 300 fat 0.730 | 16.5s
run39|tri0.3|0|0.5|sub|300|1.0|50|leak: static 0.043 sstatic 0.484 c1 0.960 c50 -0.027 fac1 0.956 fac50 -0.065 lock 0.00 move 0.281 period None osc -0.066@49 pr 12.7 sens10 2.16 sens50 4.02 sat None dead 0.00 frozen 0.00 nbin 300 fat 0.697 | 8.8s
run39|tri0.3|0|0.5|sub|300|0.5|51|leak: static 0.333 sstatic 0.620 c1 0.972 c50 0.341 fac1 0.955 fac50 -0.018 lock 0.00 move 0.229 period None osc -0.063@35 pr 11.5 sens10 1.33 sens50 4.03 sat None dead 0.00 frozen 0.00 nbin 300 fat 0.390 | 8.9s
run39|tri0.3|0|0.5|sub|300|1.0|51|leak: static 0.039 sstatic 0.484 c1 0.955 c50 0.004 fac1 0.952 fac50 -0.028 lock 0.00 move 0.294 period None osc -0.096@23 pr 13.5 sens10 2.87 sens50 4.04 sat None dead 0.00 frozen 0.00 nbin 300 fat 0.694 | 8.9s
run39|tri0.3|0|0.5|div|3|0.5|50|leak: static 0.893 sstatic 0.913 c1 0.990 c50 0.888 fac1 0.906 fac50 -0.044 lock 0.00 move 0.139 period None osc -0.058@11 pr 10.1 sens10 2.51 sens50 3.63 sat None dead 0.00 frozen 0.48 nbin 300 fat 1.147 | 8.8s
run39|tri0.3|0|0.5|div|3|0.5|51|leak: static 0.918 sstatic 0.931 c1 0.992 c50 0.919 fac1 0.904 fac50 -0.030 lock 0.00 move 0.127 period None osc -0.031@49 pr 9.6 sens10 1.52 sens50 3.62 sat None dead 0.00 frozen 0.52 nbin 300 fat 1.211 | 8.9s
run39|tri0.3|0|0.5|div|3|2.0|50|leak: static 0.810 sstatic 0.876 c1 0.976 c50 0.806 fac1 0.872 fac50 -0.025 lock 0.00 move 0.222 period None osc -0.062@38 pr 10.5 sens10 1.41 sens50 3.77 sat None dead 0.00 frozen 0.49 nbin 300 fat 3.426 | 8.8s
run39|tri0.3|0|0.5|div|3|2.0|51|leak: static 0.833 sstatic 0.895 c1 0.979 c50 0.825 fac1 0.873 fac50 -0.041 lock 0.00 move 0.204 period None osc -0.043@49 pr 10.1 sens10 2.47 sens50 3.74 sat None dead 0.00 frozen 0.52 nbin 300 fat 3.549 | 8.9s
run39|tri0.3|0|0.5|div|10|0.5|50|leak: static 0.829 sstatic 0.887 c1 0.988 c50 0.822 fac1 0.928 fac50 -0.033 lock 0.00 move 0.155 period None osc -0.124@11 pr 11.1 sens10 1.46 sens50 3.60 sat None dead 0.00 frozen 0.41 nbin 300 fat 1.155 | 8.9s
run39|tri0.3|0|0.5|sub|100|1.0|50|leak: static 0.004 sstatic 0.469 c1 0.951 c50 -0.035 fac1 0.950 fac50 -0.034 lock 0.00 move 0.303 period None osc -0.153@20 pr 12.7 sens10 2.44 sens50 3.99 sat None dead 0.00 frozen 0.00 nbin 300 fat 0.730 | 16.4s
run39|tri0.3|0|0.5|sub|100|1.0|51|leak: static 0.005 sstatic 0.469 c1 0.953 c50 -0.005 fac1 0.951 fac50 -0.008 lock 0.00 move 0.3 period None osc -0.193@26 pr 12.6 sens10 2.76 sens50 3.95 sat None dead 0.00 frozen 0.00 nbin 300 fat 0.695 | 16.5s
run39|tri0.3|0|0.5|sub|300|0.5|50|leak: static 0.322 sstatic 0.608 c1 0.970 c50 0.351 fac1 0.953 fac50 0.016 lock 0.00 move 0.242 period None osc -0.030@17 pr 12.4 sens10 2.59 sens50 4.00 sat None dead 0.00 frozen 0.00 nbin 300 fat 0.404 | 16.4s
run39|tri0.3|0|0.5|div|30|2.0|50|leak: static 0.675 sstatic 0.839 c1 0.980 c50 0.692 fac1 0.937 fac50 0.009 lock 0.00 move 0.198 period None osc -0.136@14 pr 10.8 sens10 1.06 sens50 3.72 sat None dead 0.00 frozen 0.37 nbin 300 fat 3.422 | 8.8s
run39|tri0.3|0|0.5|div|30|2.0|51|leak: static 0.710 sstatic 0.859 c1 0.982 c50 0.688 fac1 0.936 fac50 -0.042 lock 0.00 move 0.192 period None osc -0.101@17 pr 10.6 sens10 2.53 sens50 3.88 sat None dead 0.00 frozen 0.40 nbin 300 fat 3.564 | 8.9s
run39|tri0.3|0|0.5|div|100|0.5|50|leak: static 0.779 sstatic 0.871 c1 0.989 c50 0.777 fac1 0.948 fac50 -0.008 lock 0.00 move 0.148 period None osc -0.094@15 pr 10.8 sens10 1.58 sens50 3.66 sat None dead 0.00 frozen 0.38 nbin 300 fat 1.165 | 8.8s
run39|tri0.3|0|0.5|div|100|0.5|51|leak: static 0.820 sstatic 0.895 c1 0.991 c50 0.816 fac1 0.947 fac50 -0.055 lock 0.00 move 0.134 period None osc -0.083@43 pr 10.3 sens10 0.79 sens50 3.73 sat None dead 0.00 frozen 0.43 nbin 300 fat 1.221 | 8.9s
run39|tri0.3|0|0.5|div|100|2.0|50|leak: static 0.669 sstatic 0.835 c1 0.984 c50 0.651 fac1 0.949 fac50 -0.090 lock 0.00 move 0.182 period None osc -0.099@45 pr 10.4 sens10 1.12 sens50 3.81 sat None dead 0.00 frozen 0.37 nbin 300 fat 3.430 | 8.8s
run39|tri0.3|0|0.5|div|100|2.0|51|leak: static 0.703 sstatic 0.860 c1 0.984 c50 0.697 fac1 0.945 fac50 -0.036 lock 0.00 move 0.179 period None osc -0.082@37 pr 10.0 sens10 2.19 sens50 3.93 sat None dead 0.00 frozen 0.40 nbin 300 fat 3.600 | 8.9s
run39|tri0.3|0|0.5|div|300|0.5|50|leak: static 0.784 sstatic 0.871 c1 0.990 c50 0.767 fac1 0.951 fac50 -0.052 lock 0.00 move 0.143 period None osc -0.081@34 pr 10.2 sens10 1.03 sens50 3.68 sat None dead 0.00 frozen 0.37 nbin 300 fat 1.147 | 8.8s
run39|tri0.3|0|0.5|div|10|0.5|51|leak: static 0.868 sstatic 0.913 c1 0.990 c50 0.878 fac1 0.923 fac50 0.061 lock 0.00 move 0.142 period None osc -0.201@12 pr 10.4 sens10 1.22 sens50 3.65 sat None dead 0.00 frozen 0.46 nbin 300 fat 1.214 | 16.5s
run39|tri0.3|0|0.5|div|300|0.5|51|leak: static 0.794 sstatic 0.885 c1 0.991 c50 0.794 fac1 0.955 fac50 -0.041 lock 0.00 move 0.132 period None osc -0.049@44 pr 10.1 sens10 2.43 sens50 3.77 sat None dead 0.00 frozen 0.39 nbin 300 fat 1.200 | 8.9s
run39|tri0.3|0|0.5|div|10|2.0|50|leak: static 0.739 sstatic 0.859 c1 0.977 c50 0.726 fac1 0.914 fac50 -0.026 lock 0.00 move 0.212 period None osc -0.153@10 pr 11.0 sens10 2.72 sens50 3.77 sat None dead 0.00 frozen 0.38 nbin 300 fat 3.430 | 16.3s
run39|tri0.3|0|0.5|div|10|2.0|51|leak: static 0.773 sstatic 0.881 c1 0.980 c50 0.771 fac1 0.909 fac50 -0.007 lock 0.00 move 0.202 period None osc -0.164@11 pr 10.8 sens10 0.97 sens50 3.76 sat None dead 0.00 frozen 0.42 nbin 300 fat 3.573 | 16.4s
run39|tri0.3|0|0.5|div|30|0.5|50|leak: static 0.801 sstatic 0.880 c1 0.989 c50 0.810 fac1 0.942 fac50 -0.008 lock 0.00 move 0.148 period None osc -0.146@16 pr 10.7 sens10 0.45 sens50 3.47 sat None dead 0.00 frozen 0.39 nbin 300 fat 1.154 | 16.3s
run39|tri0.3|0|0.5|div|30|0.5|51|leak: static 0.819 sstatic 0.897 c1 0.990 c50 0.810 fac1 0.942 fac50 -0.078 lock 0.00 move 0.141 period None osc -0.152@18 pr 10.1 sens10 1.86 sens50 3.78 sat None dead 0.00 frozen 0.41 nbin 300 fat 1.215 | 16.5s
run39|tri0.3|0|0.5|div|300|2.0|50|leak: static 0.652 sstatic 0.829 c1 0.984 c50 0.639 fac1 0.951 fac50 -0.069 lock 0.00 move 0.177 period None osc -0.069@50 pr 10.1 sens10 0.93 sens50 3.86 sat None dead 0.00 frozen 0.37 nbin 300 fat 3.404 | 16.4s
run39|tri0.3|0|0.5|dep|3|0.1|51|leak: static 0.967 sstatic 0.963 c1 0.998 c50 0.967 fac1 0.936 fac50 -0.003 lock 0.00 move 0.0658 period None osc -0.090@17 pr 10.4 sens10 0.99 sens50 3.25 sat None dead 0.00 frozen 0.65 nbin 300 fat 0.890 | 9.9s
run39|tri0.3|0|0.5|dep|3|0.5|50|leak: static 0.934 sstatic 0.929 c1 0.994 c50 0.933 fac1 0.898 fac50 -0.067 lock 0.00 move 0.116 period None osc -0.067@50 pr 11.7 sens10 2.47 sens50 3.56 sat None dead 0.00 frozen 0.54 nbin 300 fat 0.716 | 9.9s
run39|tri0.3|0|0.5|dep|3|0.5|51|leak: static 0.956 sstatic 0.954 c1 0.995 c50 0.956 fac1 0.875 fac50 -0.031 lock 0.00 move 0.109 period None osc -0.071@15 pr 11.2 sens10 2.51 sens50 3.48 sat None dead 0.00 frozen 0.62 nbin 300 fat 0.722 | 9.9s
run39|tri0.3|0|0.5|dep|10|0.1|50|leak: static 0.896 sstatic 0.910 c1 0.990 c50 0.899 fac1 0.895 fac50 -0.014 lock 0.00 move 0.141 period None osc -0.195@10 pr 13.2 sens10 2.49 sens50 3.64 sat None dead 0.00 frozen 0.42 nbin 300 fat 0.755 | 9.9s
run39|tri0.3|0|0.5|dep|10|0.1|51|leak: static 0.916 sstatic 0.925 c1 0.991 c50 0.918 fac1 0.892 fac50 0.028 lock 0.00 move 0.135 period None osc -0.223@10 pr 13.3 sens10 2.61 sens50 3.61 sat None dead 0.00 frozen 0.44 nbin 300 fat 0.755 | 9.9s
run39|tri0.3|0|0.5|dep|10|0.5|50|leak: static 0.826 sstatic 0.862 c1 0.962 c50 0.832 fac1 0.771 fac50 -0.003 lock 0.00 move 0.289 period None osc -0.190@7 pr 16.0 sens10 3.33 sens50 3.81 sat None dead 0.00 frozen 0.47 nbin 300 fat 0.543 | 9.9s
run39|tri0.3|0|0.5|div|300|2.0|51|leak: static 0.707 sstatic 0.857 c1 0.985 c50 0.691 fac1 0.948 fac50 -0.033 lock 0.00 move 0.173 period None osc -0.091@37 pr 10.0 sens10 2.21 sens50 3.78 sat None dead 0.00 frozen 0.41 nbin 300 fat 3.574 | 16.4s
run39|tri0.3|0|0.5|dep|10|0.5|51|leak: static 0.846 sstatic 0.873 c1 0.964 c50 0.847 fac1 0.756 fac50 -0.001 lock 0.00 move 0.284 period None osc -0.168@7 pr 16.7 sens10 3.35 sens50 3.79 sat None dead 0.00 frozen 0.50 nbin 300 fat 0.555 | 9.8s
run39|tri0.3|0|0.5|dep|30|0.1|51|leak: static 0.739 sstatic 0.810 c1 0.970 c50 0.731 fac1 0.885 fac50 -0.011 lock 0.00 move 0.249 period None osc -0.168@11 pr 15.8 sens10 2.84 sens50 3.88 sat None dead 0.00 frozen 0.21 nbin 300 fat 0.573 | 9.9s
run39|tri0.3|0|0.5|dep|3|0.1|50|leak: static 0.960 sstatic 0.954 c1 0.998 c50 0.961 fac1 0.932 fac50 -0.014 lock 0.00 move 0.07 period None osc -0.080@14 pr 10.3 sens10 2.43 sens50 3.32 sat None dead 0.00 frozen 0.64 nbin 300 fat 0.892 | 16.2s
run39|tri0.3|0|0.5|dep|30|0.1|50|leak: static 0.719 sstatic 0.805 c1 0.969 c50 0.721 fac1 0.887 fac50 -0.021 lock 0.00 move 0.254 period None osc -0.185@10 pr 15.5 sens10 2.77 sens50 3.85 sat None dead 0.00 frozen 0.20 nbin 300 fat 0.571 | 14.8s
run39|tri0.3|0|0.5|dep|30|0.5|51|leak: static 0.655 sstatic 0.766 c1 0.918 c50 0.656 fac1 0.767 fac50 0.001 lock 0.00 move 0.436 period None osc -0.170@7 pr 17.9 sens10 3.08 sens50 3.89 sat None dead 0.00 frozen 0.70 nbin 300 fat 0.349 | 13.5s
run39|tri0.3|0|0.5|dep|100|0.1|50|leak: static 0.543 sstatic 0.717 c1 0.948 c50 0.556 fac1 0.884 fac50 0.007 lock 0.00 move 0.335 period None osc -0.118@18 pr 15.9 sens10 2.80 sens50 3.97 sat None dead 0.00 frozen 0.30 nbin 300 fat 0.353 | 12.5s
run39|tri0.3|0|0.5|dep|30|0.5|50|leak: static 0.633 sstatic 0.755 c1 0.918 c50 0.627 fac1 0.776 fac50 -0.029 lock 0.00 move 0.438 period None osc -0.176@9 pr 17.1 sens10 3.12 sens50 3.96 sat None dead 0.00 frozen 0.70 nbin 300 fat 0.348 | 16.0s
run39|tri0.3|0|0.5|dep|100|0.1|51|leak: static 0.554 sstatic 0.716 c1 0.951 c50 0.554 fac1 0.888 fac50 -0.001 lock 0.00 move 0.328 period None osc -0.126@11 pr 16.2 sens10 3.33 sens50 3.96 sat None dead 0.00 frozen 0.28 nbin 300 fat 0.354 | 12.5s
run39|tri0.3|0|0.5|dep|300|0.1|50|leak: static 0.456 sstatic 0.668 c1 0.938 c50 0.435 fac1 0.887 fac50 -0.050 lock 0.00 move 0.428 period None osc -0.099@17 pr 15.2 sens10 3.12 sens50 3.95 sat None dead 0.00 frozen 0.82 nbin 300 fat 0.201 | 9.7s
run39|tri0.3|0|0.5|dep|100|0.5|51|leak: static 0.507 sstatic 0.700 c1 0.897 c50 0.515 fac1 0.787 fac50 -0.004 lock 0.00 move 0.574 period None osc -0.129@9 pr 17.1 sens10 3.33 sens50 3.92 sat None dead 0.00 frozen 0.98 nbin 89 fat 0.185 | 9.8s
run39|tri0.3|0|0.5|dep|300|0.1|51|leak: static 0.469 sstatic 0.677 c1 0.935 c50 0.480 fac1 0.878 fac50 -0.026 lock 0.00 move 0.424 period None osc -0.091@14 pr 15.9 sens10 2.89 sens50 3.96 sat None dead 0.00 frozen 0.82 nbin 300 fat 0.200 | 9.8s
run39|tri0.3|0|0.5|dep|100|0.5|50|leak: static 0.493 sstatic 0.686 c1 0.897 c50 0.503 fac1 0.796 fac50 -0.024 lock 0.00 move 0.593 period None osc -0.132@9 pr 16.3 sens10 3.08 sens50 3.96 sat None dead 0.00 frozen 0.99 nbin 55 fat 0.181 | 10.7s
run39|tri0.3|0|0.9|none|0|0.0|50|leak: static 0.971 sstatic 0.966 c1 1.000 c50 0.976 fac1 0.993 fac50 0.058 lock 0.84 move 0.0085 period None osc 0.058@50 pr 4.1 sens10 0.43 sens50 1.08 sat None dead 0.00 frozen 0.75 nbin 295 fat None | 8.0s
run39|tri0.3|0|0.9|none|0|0.0|51|leak: static 0.973 sstatic 0.968 c1 1.000 c50 0.974 fac1 0.995 fac50 -0.020 lock 0.90 move 0.00799 period None osc -0.020@50 pr 4.1 sens10 -0.03 sens50 0.18 sat None dead 0.00 frozen 0.78 nbin 293 fat None | 8.1s
run39|tri0.3|0|0.9|sub|10|0.5|50|leak: static 0.909 sstatic 0.910 c1 0.999 c50 0.888 fac1 0.991 fac50 -0.177 lock 0.00 move 0.0327 period None osc -0.369@35 pr 7.1 sens10 0.09 sens50 2.07 sat None dead 0.00 frozen 0.53 nbin 300 fat 0.495 | 8.7s
run39|tri0.3|0|0.9|sub|3|0.5|50|leak: static 0.972 sstatic 0.965 c1 1.000 c50 0.973 fac1 0.994 fac50 -0.014 lock 0.51 move 0.0105 period None osc -0.014@50 pr 4.5 sens10 0.10 sens50 2.01 sat None dead 0.00 frozen 0.79 nbin 298 fat 0.500 | 8.7s
run39|tri0.3|0|0.9|sub|3|0.5|51|leak: static 0.974 sstatic 0.969 c1 1.000 c50 0.977 fac1 0.994 fac50 0.020 lock 0.76 move 0.00978 period None osc 0.020@50 pr 4.1 sens10 0.93 sens50 1.72 sat None dead 0.00 frozen 0.80 nbin 294 fat 0.501 | 8.8s
run39|tri0.3|0|0.9|sub|10|0.5|51|leak: static 0.918 sstatic 0.923 c1 0.999 c50 0.900 fac1 0.990 fac50 -0.185 lock 0.00 move 0.0319 period None osc -0.302@36 pr 7.3 sens10 0.97 sens50 2.41 sat None dead 0.00 frozen 0.56 nbin 300 fat 0.496 | 8.8s
run39|tri0.3|0|0.5|dep|300|0.5|50|leak: static 0.424 sstatic 0.664 c1 0.896 c50 0.440 fac1 0.820 fac50 -0.016 lock 0.00 move 0.792 period None osc -0.103@10 pr 15.1 sens10 2.89 sens50 3.76 sat None dead 0.00 frozen 0.99 nbin 13 fat 0.093 | 9.6s
run39|tri0.3|0|0.5|dep|300|0.5|51|leak: static 0.434 sstatic 0.670 c1 0.896 c50 0.439 fac1 0.812 fac50 -0.018 lock 0.00 move 0.741 period None osc -0.102@10 pr 15.5 sens10 3.19 sens50 3.77 sat None dead 0.00 frozen 0.99 nbin 12 fat 0.095 | 9.7s
run39|tri0.3|0|0.9|sub|3|1.0|50|leak: static 0.001 sstatic 0.467 c1 0.949 c50 -0.022 fac1 0.948 fac50 -0.017 lock 0.00 move 0.314 period None osc -0.532@12 pr 11.6 sens10 0.76 sens50 3.50 sat None dead 0.00 frozen 0.67 nbin 298 fat 0.990 | 16.1s
run39|tri0.3|0|0.9|sub|10|1.0|50|leak: static 0.002 sstatic 0.471 c1 0.989 c50 0.211 fac1 0.986 fac50 0.175 lock 0.00 move 0.144 period None osc -0.575@26 pr 6.6 sens10 1.03 sens50 2.87 sat None dead 0.00 frozen 0.00 nbin 300 fat 0.888 | 16.1s
run39|tri0.3|0|0.9|sub|30|0.5|50|leak: static 0.555 sstatic 0.720 c1 0.998 c50 0.376 fac1 0.993 fac50 -0.343 lock 0.00 move 0.0547 period None osc -0.358@47 pr 6.6 sens10 0.37 sens50 1.38 sat None dead 0.00 frozen 0.13 nbin 300 fat 0.466 | 16.2s
run39|tri0.3|0|0.9|sub|30|1.0|50|leak: static 0.010 sstatic 0.474 c1 0.996 c50 -0.513 fac1 0.993 fac50 -0.439 lock 0.00 move 0.0862 period None osc -0.451@46 pr 5.5 sens10 0.36 sens50 2.20 sat None dead 0.00 frozen 0.00 nbin 300 fat 0.804 | 16.2s
run39|tri0.3|0|0.9|sub|3|1.0|51|leak: static 0.001 sstatic 0.467 c1 0.952 c50 0.043 fac1 0.950 fac50 0.035 lock 0.00 move 0.306 period None osc -0.593@13 pr 9.3 sens10 2.16 sens50 3.61 sat None dead 0.00 frozen 0.63 nbin 300 fat 0.985 | 16.4s
run39|tri0.3|0|0.9|sub|30|0.5|51|leak: static 0.577 sstatic 0.724 c1 0.999 c50 0.403 fac1 0.993 fac50 -0.345 lock 0.00 move 0.0522 period None osc -0.348@47 pr 6.3 sens10 0.12 sens50 1.39 sat None dead 0.00 frozen 0.14 nbin 300 fat 0.477 | 16.3s
run39|tri0.3|0|0.9|sub|10|1.0|51|leak: static 0.002 sstatic 0.471 c1 0.990 c50 0.246 fac1 0.987 fac50 0.210 lock 0.00 move 0.141 period None osc -0.592@26 pr 7.4 sens10 0.95 sens50 2.77 sat None dead 0.00 frozen 0.00 nbin 300 fat 0.951 | 16.4s
run39|tri0.3|0|0.9|sub|30|1.0|51|leak: static 0.008 sstatic 0.473 c1 0.996 c50 -0.604 fac1 0.993 fac50 -0.508 lock 0.00 move 0.0838 period None osc -0.528@45 pr 5.4 sens10 -0.04 sens50 0.51 sat None dead 0.00 frozen 0.00 nbin 300 fat 0.868 | 16.3s
run39|tri0.3|0|0.9|sub|100|0.5|50|leak: static 0.394 sstatic 0.640 c1 0.999 c50 0.269 fac1 0.995 fac50 -0.161 lock 0.00 move 0.0446 period None osc -0.161@50 pr 5.0 sens10 0.16 sens50 1.40 sat None dead 0.00 frozen 0.06 nbin 300 fat 0.443 | 8.8s
run39|tri0.3|0|0.9|sub|100|0.5|51|leak: static 0.402 sstatic 0.653 c1 0.999 c50 0.333 fac1 0.995 fac50 -0.114 lock 0.00 move 0.0437 period None osc -0.114@50 pr 5.1 sens10 0.27 sens50 2.04 sat None dead 0.00 frozen 0.08 nbin 300 fat 0.421 | 8.9s
run39|tri0.3|0|0.9|sub|100|1.0|50|leak: static 0.024 sstatic 0.485 c1 0.998 c50 -0.180 fac1 0.994 fac50 -0.177 lock 0.00 move 0.0579 period None osc -0.177@50 pr 5.0 sens10 0.09 sens50 1.55 sat None dead 0.00 frozen 0.00 nbin 300 fat 0.753 | 8.8s
run39|tri0.3|0|0.9|sub|300|0.5|50|leak: static 0.404 sstatic 0.654 c1 0.999 c50 0.446 fac1 0.995 fac50 0.025 lock 0.00 move 0.0387 period None osc 0.025@50 pr 4.6 sens10 0.48 sens50 1.50 sat None dead 0.00 frozen 0.07 nbin 300 fat 0.407 | 8.8s
run39|tri0.3|0|0.9|sub|100|1.0|51|leak: static 0.022 sstatic 0.483 c1 0.998 c50 -0.228 fac1 0.995 fac50 -0.214 lock 0.00 move 0.0597 period None osc -0.214@50 pr 5.1 sens10 0.22 sens50 1.52 sat None dead 0.00 frozen 0.00 nbin 300 fat 0.747 | 8.9s
run39|tri0.3|0|0.9|sub|300|0.5|51|leak: static 0.455 sstatic 0.678 c1 0.999 c50 0.542 fac1 0.994 fac50 0.103 lock 0.00 move 0.0371 period None osc 0.103@50 pr 4.0 sens10 1.07 sens50 2.32 sat None dead 0.00 frozen 0.10 nbin 300 fat 0.411 | 8.9s
run39|tri0.3|0|0.9|sub|300|1.0|50|leak: static 0.115 sstatic 0.523 c1 0.999 c50 0.111 fac1 0.995 fac50 0.008 lock 0.00 move 0.0486 period None osc 0.008@50 pr 4.5 sens10 0.40 sens50 1.70 sat None dead 0.00 frozen 0.00 nbin 300 fat 0.728 | 8.8s
run39|tri0.3|0|0.9|sub|300|1.0|51|leak: static 0.119 sstatic 0.530 c1 0.999 c50 0.187 fac1 0.995 fac50 0.072 lock 0.00 move 0.0455 period None osc 0.072@50 pr 4.3 sens10 1.13 sens50 2.11 sat None dead 0.00 frozen 0.00 nbin 300 fat 0.728 | 8.9s
run39|tri0.3|0|0.9|div|30|0.5|50|leak: static 0.884 sstatic 0.915 c1 1.000 c50 0.854 fac1 0.994 fac50 -0.220 lock 0.00 move 0.0244 period None osc -0.220@50 pr 5.4 sens10 -0.23 sens50 1.26 sat None dead 0.00 frozen 0.59 nbin 300 fat 1.156 | 8.8s
run39|tri0.3|0|0.9|div|30|0.5|51|leak: static 0.914 sstatic 0.934 c1 1.000 c50 0.906 fac1 0.994 fac50 -0.085 lock 0.00 move 0.0203 period None osc -0.085@50 pr 5.2 sens10 -0.09 sens50 1.20 sat None dead 0.00 frozen 0.67 nbin 300 fat 1.212 | 8.8s
run39|tri0.3|0|0.9|div|30|2.0|50|leak: static 0.792 sstatic 0.884 c1 0.999 c50 0.770 fac1 0.994 fac50 -0.127 lock 0.00 move 0.0338 period None osc -0.128@49 pr 5.8 sens10 -0.11 sens50 1.60 sat None dead 0.00 frozen 0.55 nbin 300 fat 3.459 | 8.7s
run39|tri0.3|0|0.9|div|100|0.5|50|leak: static 0.847 sstatic 0.909 c1 1.000 c50 0.828 fac1 0.994 fac50 -0.169 lock 0.00 move 0.0248 period None osc -0.169@50 pr 5.5 sens10 -0.16 sens50 0.52 sat None dead 0.00 frozen 0.56 nbin 300 fat 1.144 | 8.7s
run39|tri0.3|0|0.9|div|30|2.0|51|leak: static 0.854 sstatic 0.916 c1 1.000 c50 0.828 fac1 0.992 fac50 -0.169 lock 0.00 move 0.0313 period None osc -0.176@47 pr 5.9 sens10 -0.11 sens50 2.14 sat None dead 0.00 frozen 0.59 nbin 300 fat 3.616 | 8.8s
run39|tri0.3|0|0.9|div|100|0.5|51|leak: static 0.870 sstatic 0.919 c1 1.000 c50 0.862 fac1 0.995 fac50 -0.044 lock 0.00 move 0.0209 period None osc -0.044@50 pr 4.7 sens10 0.87 sens50 1.59 sat None dead 0.00 frozen 0.62 nbin 300 fat 1.207 | 8.8s
run39|tri0.3|0|0.9|div|100|2.0|50|leak: static 0.729 sstatic 0.866 c1 1.000 c50 0.732 fac1 0.994 fac50 -0.067 lock 0.00 move 0.0312 period None osc -0.067@50 pr 5.1 sens10 0.08 sens50 1.61 sat None dead 0.00 frozen 0.49 nbin 300 fat 3.403 | 8.7s
run39|tri0.3|0|0.9|div|100|2.0|51|leak: static 0.776 sstatic 0.891 c1 1.000 c50 0.730 fac1 0.995 fac50 -0.202 lock 0.00 move 0.0317 period None osc -0.202@50 pr 5.4 sens10 -0.06 sens50 0.83 sat None dead 0.00 frozen 0.53 nbin 300 fat 3.586 | 8.8s
run39|tri0.3|0|0.9|div|10|0.5|51|leak: static 0.940 sstatic 0.946 c1 1.000 c50 0.944 fac1 0.994 fac50 0.045 lock 0.02 move 0.0159 period None osc 0.045@50 pr 4.2 sens10 -0.32 sens50 -0.27 sat None dead 0.00 frozen 0.71 nbin 300 fat 1.232 | 13.4s
run39|tri0.3|0|0.9|div|3|0.5|50|leak: static 0.910 sstatic 0.923 c1 1.000 c50 0.918 fac1 0.994 fac50 0.044 lock 0.00 move 0.0182 period None osc 0.044@50 pr 4.4 sens10 -0.43 sens50 0.23 sat None dead 0.00 frozen 0.64 nbin 300 fat 1.157 | 16.2s
run39|tri0.3|0|0.9|div|3|2.0|50|leak: static 0.878 sstatic 0.912 c1 1.000 c50 0.892 fac1 0.992 fac50 -0.002 lock 0.00 move 0.0282 period None osc -0.002@50 pr 4.7 sens10 0.64 sens50 1.87 sat None dead 0.00 frozen 1.00 nbin 1 fat 3.416 | 16.3s
run39|tri0.3|0|0.9|div|10|0.5|50|leak: static 0.909 sstatic 0.924 c1 1.000 c50 0.901 fac1 0.993 fac50 -0.032 lock 0.00 move 0.021 period None osc -0.032@50 pr 4.9 sens10 -0.38 sens50 0.88 sat None dead 0.00 frozen 0.61 nbin 300 fat 1.150 | 16.3s
run39|tri0.3|0|0.9|div|3|2.0|51|leak: static 0.910 sstatic 0.926 c1 1.000 c50 0.897 fac1 0.993 fac50 -0.089 lock 0.00 move 0.0249 period None osc -0.089@50 pr 4.5 sens10 -0.57 sens50 1.52 sat None dead 0.00 frozen 1.00 nbin 1 fat 3.513 | 16.4s
run39|tri0.3|0|0.9|div|3|0.5|51|leak: static 0.949 sstatic 0.947 c1 1.000 c50 0.944 fac1 0.994 fac50 -0.086 lock 0.04 move 0.0143 period None osc -0.086@50 pr 4.2 sens10 -0.18 sens50 1.03 sat None dead 0.00 frozen 0.72 nbin 300 fat 1.213 | 16.6s
run39|tri0.3|0|0.9|div|10|2.0|50|leak: static 0.830 sstatic 0.889 c1 0.999 c50 0.808 fac1 0.992 fac50 -0.114 lock 0.00 move 0.0346 period None osc -0.114@50 pr 5.7 sens10 -0.24 sens50 1.23 sat None dead 0.00 frozen 0.75 nbin 290 fat 3.383 | 16.4s
run39|tri0.3|0|0.9|div|10|2.0|51|leak: static 0.868 sstatic 0.909 c1 0.999 c50 0.853 fac1 0.993 fac50 -0.097 lock 0.00 move 0.0328 period None osc -0.100@48 pr 5.7 sens10 -0.06 sens50 2.15 sat None dead 0.00 frozen 0.79 nbin 287 fat 3.590 | 16.4s
run39|tri0.3|0|0.9|div|300|0.5|50|leak: static 0.813 sstatic 0.891 c1 1.000 c50 0.824 fac1 0.994 fac50 -0.024 lock 0.00 move 0.0234 period None osc -0.024@50 pr 4.5 sens10 -0.33 sens50 0.79 sat None dead 0.00 frozen 0.54 nbin 299 fat 1.136 | 8.9s
run39|tri0.3|0|0.9|div|300|0.5|51|leak: static 0.851 sstatic 0.912 c1 1.000 c50 0.857 fac1 0.994 fac50 -0.024 lock 0.00 move 0.0209 period None osc -0.024@50 pr 4.6 sens10 -0.37 sens50 0.98 sat None dead 0.00 frozen 0.60 nbin 300 fat 1.202 | 8.9s
run39|tri0.3|0|0.9|div|300|2.0|51|leak: static 0.754 sstatic 0.883 c1 1.000 c50 0.748 fac1 0.994 fac50 -0.017 lock 0.00 move 0.0274 period None osc -0.017@50 pr 4.6 sens10 -0.35 sens50 -0.13 sat None dead 0.00 frozen 0.51 nbin 300 fat 3.551 | 9.0s
run39|tri0.3|0|0.9|dep|3|0.1|50|leak: static 0.973 sstatic 0.967 c1 1.000 c50 0.976 fac1 0.993 fac50 -0.013 lock 0.76 move 0.00886 period None osc -0.013@50 pr 4.6 sens10 0.13 sens50 1.33 sat None dead 0.00 frozen 0.75 nbin 294 fat 0.890 | 9.9s
run39|tri0.3|0|0.9|dep|3|0.1|51|leak: static 0.972 sstatic 0.967 c1 1.000 c50 0.977 fac1 0.995 fac50 0.085 lock 0.84 move 0.00892 period None osc 0.085@50 pr 4.0 sens10 0.43 sens50 1.54 sat None dead 0.00 frozen 0.76 nbin 300 fat 0.892 | 10.0s
run39|tri0.3|0|0.9|dep|3|0.5|50|leak: static 0.947 sstatic 0.944 c1 1.000 c50 0.950 fac1 0.994 fac50 0.006 lock 0.04 move 0.0147 period None osc 0.006@50 pr 4.7 sens10 0.03 sens50 1.53 sat None dead 0.00 frozen 0.69 nbin 300 fat 0.723 | 9.9s
run39|tri0.3|0|0.9|dep|3|0.5|51|leak: static 0.959 sstatic 0.954 c1 1.000 c50 0.957 fac1 0.994 fac50 -0.041 lock 0.06 move 0.0138 period None osc -0.041@50 pr 4.7 sens10 1.01 sens50 2.23 sat None dead 0.00 frozen 0.73 nbin 299 fat 0.726 | 10.0s
run39|tri0.3|0|0.9|dep|10|0.1|50|leak: static 0.952 sstatic 0.955 c1 1.000 c50 0.959 fac1 0.993 fac50 0.027 lock 0.04 move 0.0142 period None osc 0.027@50 pr 4.7 sens10 0.02 sens50 1.27 sat None dead 0.00 frozen 0.71 nbin 300 fat 0.762 | 9.9s
run39|tri0.3|0|0.9|div|300|2.0|50|leak: static 0.711 sstatic 0.848 c1 1.000 c50 0.755 fac1 0.994 fac50 0.103 lock 0.00 move 0.0264 period None osc 0.103@50 pr 3.9 sens10 0.60 sens50 1.46 sat None dead 0.00 frozen 0.49 nbin 300 fat 3.431 | 16.4s
run39|tri0.3|0|0.9|dep|100|0.1|50|leak: static 0.688 sstatic 0.780 c1 0.998 c50 0.605 fac1 0.991 fac50 -0.230 lock 0.00 move 0.0642 period None osc -0.241@47 pr 8.2 sens10 0.22 sens50 2.44 sat None dead 0.00 frozen 0.65 nbin 300 fat 0.430 | 10.0s
run39|tri0.3|0|0.9|dep|100|0.1|51|leak: static 0.696 sstatic 0.792 c1 0.998 c50 0.633 fac1 0.991 fac50 -0.181 lock 0.00 move 0.062 period None osc -0.193@43 pr 8.5 sens10 0.59 sens50 3.00 sat None dead 0.00 frozen 0.66 nbin 300 fat 0.429 | 10.0s
run39|tri0.3|0|0.9|dep|100|0.5|50|leak: static 0.664 sstatic 0.782 c1 0.996 c50 0.629 fac1 0.984 fac50 -0.131 lock 0.00 move 0.12 period None osc -0.155@38 pr 9.9 sens10 1.47 sens50 3.61 sat None dead 0.00 frozen 1.00 nbin 2 fat 0.298 | 10.0s
run39|tri0.3|0|0.9|dep|100|0.5|51|leak: static 0.661 sstatic 0.778 c1 0.996 c50 0.624 fac1 0.983 fac50 -0.136 lock 0.00 move 0.115 period None osc -0.168@37 pr 10.0 sens10 1.63 sens50 3.61 sat None dead 0.00 frozen 1.00 nbin 7 fat 0.303 | 10.1s
run39|tri0.3|0|0.9|dep|300|0.1|50|leak: static 0.556 sstatic 0.723 c1 0.998 c50 0.475 fac1 0.991 fac50 -0.176 lock 0.00 move 0.0824 period None osc -0.187@45 pr 8.3 sens10 0.38 sens50 2.73 sat None dead 0.00 frozen 0.97 nbin 115 fat 0.253 | 10.0s
run39|tri0.3|0|0.9|dep|300|0.1|51|leak: static 0.540 sstatic 0.712 c1 0.998 c50 0.457 fac1 0.991 fac50 -0.169 lock 0.00 move 0.0804 period None osc -0.169@47 pr 8.1 sens10 0.37 sens50 2.90 sat None dead 0.00 frozen 0.96 nbin 185 fat 0.252 | 10.1s
run39|tri0.3|0|0.9|dep|300|0.5|51|leak: static 0.532 sstatic 0.715 c1 0.995 c50 0.477 fac1 0.985 fac50 -0.135 lock 0.00 move 0.146 period None osc -0.152@38 pr 9.1 sens10 1.15 sens50 3.34 sat None dead 0.00 frozen 1.00 nbin 2 fat 0.157 | 10.1s
run39|tri0.3|0|0.9|dep|10|0.1|51|leak: static 0.974 sstatic 0.972 c1 1.000 c50 0.975 fac1 0.992 fac50 -0.045 lock 0.16 move 0.0123 period None osc -0.045@50 pr 5.3 sens10 0.13 sens50 1.77 sat None dead 0.00 frozen 0.77 nbin 299 fat 0.771 | 18.4s
run39|tri0.3|0|0.9|dep|10|0.5|50|leak: static 0.937 sstatic 0.938 c1 1.000 c50 0.937 fac1 0.992 fac50 -0.004 lock 0.00 move 0.0284 period None osc -0.004@50 pr 5.5 sens10 0.99 sens50 2.64 sat None dead 0.00 frozen 0.79 nbin 300 fat 0.607 | 18.6s
run39|tri0.3|0|0.9|dep|30|0.1|50|leak: static 0.896 sstatic 0.907 c1 0.999 c50 0.879 fac1 0.991 fac50 -0.208 lock 0.00 move 0.0353 period None osc -0.216@48 pr 7.7 sens10 1.42 sens50 3.02 sat None dead 0.00 frozen 0.57 nbin 300 fat 0.624 | 18.4s
run39|tri0.3|0|0.9|dep|10|0.5|51|leak: static 0.944 sstatic 0.947 c1 1.000 c50 0.940 fac1 0.991 fac50 -0.080 lock 0.00 move 0.0285 period None osc -0.080@50 pr 6.4 sens10 0.94 sens50 2.96 sat None dead 0.00 frozen 0.79 nbin 300 fat 0.613 | 18.5s
run39|tri0.3|0|0.9|dep|30|0.5|51|leak: static 0.887 sstatic 0.899 c1 0.998 c50 0.875 fac1 0.983 fac50 -0.110 lock 0.00 move 0.0645 period None osc -0.185@34 pr 9.6 sens10 1.52 sens50 3.38 sat None dead 0.00 frozen 0.96 nbin 222 fat 0.497 | 18.5s
run39|tri0.3|0|0.9|dep|30|0.5|50|leak: static 0.875 sstatic 0.893 c1 0.998 c50 0.861 fac1 0.984 fac50 -0.110 lock 0.00 move 0.0681 period None osc -0.154@35 pr 9.6 sens10 1.84 sens50 3.57 sat None dead 0.00 frozen 0.96 nbin 245 fat 0.492 | 18.7s
run39|tri0.3|0|0.9|dep|30|0.1|51|leak: static 0.902 sstatic 0.914 c1 0.999 c50 0.874 fac1 0.991 fac50 -0.221 lock 0.00 move 0.0356 period None osc -0.261@39 pr 7.7 sens10 0.75 sens50 2.29 sat None dead 0.00 frozen 0.61 nbin 300 fat 0.632 | 18.9s
run39|tri0.3|0|0.9|dep|300|0.5|50|leak: static 0.503 sstatic 0.700 c1 0.994 c50 0.459 fac1 0.985 fac50 -0.130 lock 0.00 move 0.16 period None osc -0.138@37 pr 9.2 sens10 1.33 sens50 3.27 sat None dead 0.00 frozen 1.00 nbin 1 fat 0.151 | 18.4s
ex16|tri0.3|1|0.9|none|0|0.0|50|leak: static 0.975 sstatic 0.969 c1 1.000 c50 0.976 fac1 0.994 fac50 0.014 lock 0.87 move 0.00966 period None osc 0.014@50 pr 4.0 sens10 2.31 sens50 2.95 sat None dead 0.03 frozen 0.80 nbin 300 fat None | 34.3s
ex16|tri0.3|1|0.5|sub|30|1.0|50|leak: static 0.001 sstatic 0.467 c1 0.932 c50 -0.022 fac1 0.931 fac50 -0.021 lock 0.00 move 0.367 period None osc -0.239@13 pr 13.6 sens10 3.34 sens50 4.04 sat None dead 0.03 frozen 0.04 nbin 300 fat 0.732 | 37.5s
ex16|tri0.3|1|0.5|div|30|2.0|50|leak: static 0.781 sstatic 0.878 c1 0.987 c50 0.771 fac1 0.940 fac50 -0.048 lock 0.00 move 0.169 period None osc -0.096@25 pr 10.2 sens10 3.17 sens50 3.76 sat None dead 0.04 frozen 0.53 nbin 300 fat 1.551 | 37.4s
ex16|sig4_0|1|0.5|none|0|0.0|50|leak: static 1.000 sstatic 1.000 c1 1.000 c50 1.000 fac1 0.949 fac50 -0.007 lock 0.76 move 0.0311 period None osc -0.054@19 pr 7.5 sens10 -0.74 sens50 -2.26 sat 0.133 dead 0.03 frozen 0.96 nbin 300 fat None | 32.0s
ex16|tri0.3|1|0.9|div|30|2.0|50|leak: static 0.873 sstatic 0.916 c1 1.000 c50 0.847 fac1 0.994 fac50 -0.174 lock 0.00 move 0.0278 period None osc -0.174@50 pr 5.2 sens10 2.61 sens50 3.30 sat None dead 0.03 frozen 0.94 nbin 272 fat 1.550 | 37.4s
ex16|tri0.3|1|0.5|dep|30|0.5|50|leak: static 0.645 sstatic 0.762 c1 0.919 c50 0.647 fac1 0.778 fac50 0.008 lock 0.00 move 0.435 period None osc -0.175@8 pr 16.7 sens10 3.67 sens50 3.88 sat None dead 0.04 frozen 0.70 nbin 300 fat 0.372 | 40.5s
ex16|sig4_0|1|0.5|sub|30|1.0|50|leak: static 0.001 sstatic 0.726 c1 0.970 c50 0.028 fac1 0.967 fac50 0.027 lock 0.01 move 0.251 period None osc -0.500@15 pr 10.0 sens10 -0.30 sens50 -0.03 sat 0.010 dead 0.03 frozen 0.04 nbin 300 fat 0.870 | 40.0s
ex16|tri0.3|1|0.9|sub|30|1.0|50|leak: static 0.008 sstatic 0.475 c1 0.996 c50 -0.530 fac1 0.993 fac50 -0.440 lock 0.00 move 0.0897 period None osc -0.484@43 pr 5.8 sens10 2.70 sens50 3.15 sat None dead 0.03 frozen 0.04 nbin 300 fat 0.829 | 44.8s
ex16|sig4_0|1|0.9|div|30|2.0|50|leak: static 1.000 sstatic 1.000 c1 1.000 c50 1.000 fac1 0.993 fac50 -0.190 lock 0.96 move 0.00987 period None osc -0.190@50 pr 4.2 sens10 -0.61 sens50 -1.42 sat 0.000 dead 0.03 frozen 1.00 nbin 1 fat 1.549 | 49.0s
ex16|relu|1|0.5|none|0|0.0|50|leak: static 0.993 sstatic 0.992 c1 1.000 c50 0.991 fac1 0.979 fac50 -0.140 lock 0.06 move 0.0345 period None osc -0.140@50 pr 7.6 sens10 -0.26 sens50 -0.26 sat None dead 0.04 frozen 0.85 nbin 300 fat None | 25.2s
ex16|tri0.3|1|0.5|none|0|0.0|50|leak: static 0.969 sstatic 0.965 c1 0.998 c50 0.968 fac1 0.946 fac50 -0.005 lock 0.00 move 0.0648 period None osc -0.014@39 pr 9.2 sens10 2.94 sens50 3.39 sat None dead 0.04 frozen 0.70 nbin 300 fat None | 63.7s
ex16|sig4_0|1|0.9|none|0|0.0|50|leak: static 1.000 sstatic 1.000 c1 1.000 c50 1.000 fac1 0.994 fac50 -0.020 lock 0.96 move 0.00511 period None osc -0.020@50 pr 4.2 sens10 -0.29 sens50 -0.77 sat 0.133 dead 0.03 frozen 0.99 nbin 282 fat None | 58.2s
ex16|relu|1|0.5|div|30|2.0|50|leak: static 0.572 sstatic 0.665 c1 0.982 c50 0.578 fac1 0.958 fac50 -0.002 lock 0.00 move 0.208 period None osc -0.192@15 pr 11.9 sens10 -0.14 sens50 0.58 sat None dead 0.04 frozen 0.42 nbin 300 fat 1.338 | 28.4s
ex16|relu|1|0.5|sub|30|1.0|50|leak: static 0.001 sstatic 0.324 c1 0.940 c50 -0.014 fac1 0.939 fac50 -0.016 lock 0.00 move 0.344 period None osc -0.183@13 pr 14.4 sens10 0.08 sens50 1.07 sat None dead 0.04 frozen 0.04 nbin 300 fat 0.654 | 28.6s
ex16|sig4_0|1|0.5|div|30|2.0|50|leak: static 0.999 sstatic 1.000 c1 1.000 c50 0.999 fac1 0.935 fac50 0.015 lock 0.54 move 0.0581 period None osc -0.145@19 pr 6.7 sens10 -1.09 sens50 -2.02 sat 0.000 dead 0.03 frozen 0.99 nbin 37 fat 1.548 | 59.7s
ex16|relu|1|0.9|sub|30|1.0|50|leak: static 0.007 sstatic 0.337 c1 0.996 c50 -0.375 fac1 0.993 fac50 -0.321 lock 0.00 move 0.0915 period None osc -0.367@40 pr 7.0 sens10 -0.17 sens50 -0.10 sat None dead 0.03 frozen 0.04 nbin 300 fat 0.782 | 28.6s
ex16|sig4_0|1|0.9|sub|30|1.0|50|leak: static 0.006 sstatic 0.801 c1 0.998 c50 -0.854 fac1 0.995 fac50 -0.714 lock 0.01 move 0.0671 period None osc -0.717@49 pr 3.4 sens10 -0.32 sens50 -0.35 sat 0.001 dead 0.03 frozen 0.40 nbin 300 fat 0.935 | 62.9s
ex16|relu|1|0.9|div|30|2.0|50|leak: static 0.771 sstatic 0.824 c1 1.000 c50 0.677 fac1 0.995 fac50 -0.333 lock 0.00 move 0.0365 period None osc -0.333@50 pr 4.6 sens10 -0.38 sens50 -0.25 sat None dead 0.04 frozen 0.88 nbin 300 fat 1.246 | 28.7s
ex16|sig4_0|1|0.5|dep|30|0.5|50|leak: static 1.000 sstatic 1.000 c1 1.000 c50 1.000 fac1 0.810 fac50 -0.020 lock 0.57 move 0.243 period None osc -0.283@7 pr 7.6 sens10 -1.57 sens50 -2.98 sat 0.002 dead 0.03 frozen 0.96 nbin 300 fat 0.142 | 68.8s
ex16|relu|1|0.9|dep|30|0.5|50|leak: static 0.942 sstatic 0.945 c1 1.000 c50 0.929 fac1 0.993 fac50 -0.228 lock 0.00 move 0.0776 period None osc -0.231@48 pr 6.3 sens10 -0.06 sens50 0.14 sat None dead 0.04 frozen 0.98 nbin 299 fat 0.742 | 30.9s
ex16|sig4_0|1|0.9|dep|30|0.5|50|leak: static 1.000 sstatic 1.000 c1 1.000 c50 1.000 fac1 0.986 fac50 -0.088 lock 0.95 move 0.0427 period None osc -0.199@26 pr 4.9 sens10 -0.44 sens50 -2.16 sat 0.001 dead 0.03 frozen 0.98 nbin 300 fat 0.143 | 68.2s
ex16|tri0.3|1|0.9|dep|30|0.5|50|leak: static 0.880 sstatic 0.899 c1 0.998 c50 0.861 fac1 0.984 fac50 -0.127 lock 0.00 move 0.0736 period None osc -0.153@38 pr 9.1 sens10 3.17 sens50 3.63 sat None dead 0.03 frozen 0.95 nbin 300 fat 0.509 | 75.1s
run39|tri0.3|1|0.5|sub|30|1.0|50|leak: static 0.001 sstatic 0.467 c1 0.935 c50 -0.039 fac1 0.934 fac50 -0.036 lock 0.00 move 0.354 period None osc -0.246@15 pr 13.0 sens10 2.27 sens50 4.00 sat None dead 0.00 frozen 0.00 nbin 300 fat 0.758 | 9.5s
ex16|relu|1|0.9|none|0|0.0|50|leak: static 0.998 sstatic 0.998 c1 1.000 c50 0.999 fac1 0.995 fac50 0.234 lock 0.96 move 0.00485 period None osc 0.234@50 pr 3.0 sens10 -0.24 sens50 -0.37 sat None dead 0.04 frozen 0.95 nbin 295 fat None | 45.9s
run39|tri0.3|1|0.5|none|0|0.0|50|leak: static 0.951 sstatic 0.947 c1 0.998 c50 0.954 fac1 0.954 fac50 0.033 lock 0.00 move 0.0663 period None osc -0.041@34 pr 10.2 sens10 1.18 sens50 3.27 sat None dead 0.00 frozen 0.61 nbin 300 fat None | 16.2s
ex16|wta|1|0.5|none|0|0.0|50|leak: static 0.143 sstatic 0.067 c1 0.756 c50 0.129 fac1 0.726 fac50 -0.015 lock 0.01 move 0.659 period None osc -0.029@22 pr 15.6 sens10 4.07 sens50 4.12 sat None dead 0.03 frozen 0.05 nbin 300 fat None | 31.8s
run39|tri0.3|1|0.5|dep|30|0.5|50|leak: static 0.637 sstatic 0.756 c1 0.914 c50 0.631 fac1 0.768 fac50 -0.010 lock 0.00 move 0.442 period None osc -0.174@7 pr 17.2 sens10 3.31 sens50 3.92 sat None dead 0.00 frozen 0.62 nbin 300 fat 0.346 | 10.4s
run39|tri0.3|1|0.5|div|30|2.0|50|leak: static 0.752 sstatic 0.861 c1 0.986 c50 0.759 fac1 0.941 fac50 0.024 lock 0.00 move 0.17 period None osc -0.128@34 pr 10.8 sens10 1.00 sens50 3.74 sat None dead 0.00 frozen 0.49 nbin 300 fat 1.599 | 17.5s
ex16|relu|1|0.5|dep|30|0.5|50|leak: static 0.641 sstatic 0.700 c1 0.968 c50 0.636 fac1 0.915 fac50 -0.018 lock 0.00 move 0.4 period None osc -0.217@11 pr 14.7 sens10 0.19 sens50 1.47 sat None dead 0.04 frozen 0.90 nbin 300 fat 0.650 | 55.0s
run39|tri0.3|1|0.9|div|30|2.0|50|leak: static 0.855 sstatic 0.904 c1 1.000 c50 0.833 fac1 0.994 fac50 -0.151 lock 0.00 move 0.0276 period None osc -0.151@50 pr 5.4 sens10 -0.39 sens50 0.52 sat None dead 0.00 frozen 0.94 nbin 153 fat 1.597 | 9.6s
run39|tri0.3|1|0.9|none|0|0.0|50|leak: static 0.963 sstatic 0.957 c1 1.000 c50 0.963 fac1 0.995 fac50 -0.027 lock 0.78 move 0.00981 period None osc -0.027@50 pr 4.4 sens10 0.23 sens50 0.71 sat None dead 0.00 frozen 0.76 nbin 294 fat None | 16.3s
ex16|wta|1|0.5|sub|30|1.0|50|leak: static 0.001 sstatic 0.038 c1 0.651 c50 -0.006 fac1 0.663 fac50 -0.006 lock 0.01 move 0.82 period None osc -0.065@10 pr 19.0 sens10 4.13 sens50 4.14 sat None dead 0.03 frozen 0.04 nbin 300 fat 0.421 | 34.5s
run39|tri0.3|1|0.9|sub|30|1.0|50|leak: static 0.005 sstatic 0.474 c1 0.996 c50 -0.605 fac1 0.993 fac50 -0.512 lock 0.00 move 0.086 period None osc -0.521@47 pr 5.3 sens10 0.51 sens50 1.73 sat None dead 0.00 frozen 0.01 nbin 300 fat 0.833 | 16.2s
run39|sig4_0|1|0.5|sub|30|1.0|50|leak: static 0.001 sstatic 0.713 c1 0.969 c50 -0.339 fac1 0.966 fac50 -0.287 lock 0.00 move 0.249 period None osc -0.735@15 pr 4.1 sens10 -0.26 sens50 -0.13 sat 0.013 dead 0.00 frozen 0.00 nbin 300 fat 0.852 | 8.6s
run39|sig4_0|1|0.5|div|30|2.0|50|leak: static 1.000 sstatic 1.000 c1 1.000 c50 1.000 fac1 -0.024 fac50 -0.790 lock 0.76 move 0.0389 period 4 osc -0.942@2 pr 1.8 sens10 -1.11 sens50 -2.10 sat 0.000 dead 0.00 frozen 1.00 nbin 1 fat 1.606 | 8.6s
ex16|wta|1|0.9|none|0|0.0|50|leak: static 0.249 sstatic 0.123 c1 0.995 c50 0.178 fac1 0.990 fac50 -0.091 lock 0.00 move 0.0962 period None osc -0.091@50 pr 6.7 sens10 3.37 sens50 4.07 sat None dead 0.03 frozen 0.16 nbin 300 fat None | 31.4s
run39|sig4_0|1|0.5|none|0|0.0|50|leak: static 1.000 sstatic 1.000 c1 1.000 c50 1.000 fac1 -0.025 fac50 -0.791 lock 0.88 move 0.0197 period 4 osc -0.942@2 pr 1.8 sens10 -0.82 sens50 -2.58 sat 0.132 dead 0.00 frozen 1.00 nbin 3 fat None | 13.9s
ex16|wta|1|0.9|sub|30|1.0|50|leak: static 0.008 sstatic 0.055 c1 0.982 c50 -0.146 fac1 0.980 fac50 -0.129 lock 0.01 move 0.184 period None osc -0.174@32 pr 10.5 sens10 3.77 sens50 4.11 sat None dead 0.03 frozen 0.16 nbin 300 fat 0.657 | 34.3s
run39|relu|1|0.5|none|0|0.0|50|leak: static 1.000 sstatic 1.000 c1 1.000 c50 1.000 fac1 0.923 fac50 -0.123 lock 0.88 move 0.0196 period None osc -0.891@18 pr 2.4 sens10 -0.36 sens50 -0.44 sat None dead 0.00 frozen 0.99 nbin 87 fat None | 5.3s
run39|relu|1|0.5|div|30|2.0|50|leak: static 0.548 sstatic 0.651 c1 0.983 c50 0.539 fac1 0.959 fac50 -0.021 lock 0.00 move 0.194 period None osc -0.237@15 pr 11.0 sens10 -0.10 sens50 0.79 sat None dead 0.00 frozen 0.37 nbin 300 fat 1.507 | 6.0s
run39|relu|1|0.5|sub|30|1.0|50|leak: static 0.002 sstatic 0.323 c1 0.940 c50 -0.015 fac1 0.938 fac50 -0.013 lock 0.00 move 0.343 period None osc -0.203@13 pr 15.4 sens10 0.03 sens50 0.92 sat None dead 0.00 frozen 0.00 nbin 300 fat 0.670 | 6.1s
run39|sig4_0|1|0.9|sub|30|1.0|50|leak: static 0.004 sstatic 0.781 c1 0.997 c50 -0.899 fac1 0.994 fac50 -0.753 lock 0.00 move 0.0708 period None osc -0.789@45 pr 2.7 sens10 -0.33 sens50 -0.38 sat 0.001 dead 0.00 frozen 0.38 nbin 300 fat 0.937 | 8.4s
run39|relu|1|0.5|dep|30|0.5|50|leak: static 0.588 sstatic 0.675 c1 0.965 c50 0.573 fac1 0.915 fac50 -0.047 lock 0.00 move 0.375 period None osc -0.231@10 pr 14.3 sens10 0.26 sens50 1.62 sat None dead 0.00 frozen 0.83 nbin 300 fat 0.614 | 6.7s
run39|sig4_0|1|0.9|dep|30|0.5|50|leak: static 1.000 sstatic 1.000 c1 1.000 c50 1.000 fac1 -0.022 fac50 -0.760 lock 0.94 move 0.0322 period 4 osc -0.906@2 pr 2.0 sens10 -0.44 sens50 -2.07 sat 0.001 dead 0.00 frozen 1.00 nbin 3 fat 0.147 | 9.3s
run39|tri0.3|1|0.9|dep|30|0.5|50|leak: static 0.877 sstatic 0.895 c1 0.998 c50 0.869 fac1 0.984 fac50 -0.100 lock 0.00 move 0.0687 period None osc -0.158@38 pr 9.3 sens10 1.40 sens50 3.53 sat None dead 0.00 frozen 0.94 nbin 277 fat 0.492 | 19.6s
run39|relu|1|0.9|sub|30|1.0|50|leak: static 0.007 sstatic 0.339 c1 0.996 c50 -0.323 fac1 0.992 fac50 -0.274 lock 0.00 move 0.0919 period None osc -0.349@39 pr 7.8 sens10 -0.21 sens50 -0.07 sat None dead 0.00 frozen 0.00 nbin 300 fat 0.742 | 6.1s
ex16|wta|1|0.9|dep|30|0.5|50|leak: static 0.262 sstatic 0.102 c1 0.974 c50 0.194 fac1 0.961 fac50 -0.079 lock 0.00 move 0.156 period None osc -0.080@48 pr 10.5 sens10 3.48 sens50 3.84 sat None dead 0.03 frozen 0.98 nbin 300 fat 0.881 | 37.4s
run39|sig4_0|1|0.9|none|0|0.0|50|leak: static 1.000 sstatic 1.000 c1 1.000 c50 1.000 fac1 -0.008 fac50 -0.722 lock 0.96 move 0.00323 period 4 osc -0.859@2 pr 1.9 sens10 -0.33 sens50 -0.86 sat 0.132 dead 0.00 frozen 1.00 nbin 1 fat None | 14.4s
run39|relu|1|0.9|div|30|2.0|50|leak: static 0.736 sstatic 0.796 c1 0.999 c50 0.628 fac1 0.995 fac50 -0.313 lock 0.00 move 0.037 period None osc -0.313@50 pr 5.7 sens10 -0.40 sens50 -0.16 sat None dead 0.00 frozen 0.77 nbin 287 fat 1.436 | 5.9s
run39|relu|1|0.9|dep|30|0.5|50|leak: static 0.930 sstatic 0.941 c1 1.000 c50 0.915 fac1 0.993 fac50 -0.214 lock 0.00 move 0.0631 period None osc -0.214@50 pr 5.6 sens10 -0.09 sens50 0.20 sat None dead 0.00 frozen 1.00 nbin 6 fat 0.728 | 6.6s
run39|relu|1|0.9|none|0|0.0|50|leak: static 1.000 sstatic 1.000 c1 1.000 c50 1.000 fac1 0.991 fac50 0.353 lock 0.98 move 0.00305 period None osc 0.353@50 pr 1.8 sens10 -0.26 sens50 -0.43 sat None dead 0.00 frozen 0.99 nbin 41 fat None | 9.5s
run39|sig4_0|1|0.5|dep|30|0.5|50|leak: static 1.000 sstatic 1.000 c1 1.000 c50 1.000 fac1 -0.037 fac50 -0.772 lock 0.67 move 0.192 period 4 osc -0.921@2 pr 2.0 sens10 -1.45 sens50 -2.89 sat 0.001 dead 0.00 frozen 0.99 nbin 4 fat 0.146 | 16.7s
run39|wta|1|0.5|none|0|0.0|50|leak: static 0.120 sstatic 0.058 c1 0.734 c50 0.108 fac1 0.710 fac50 -0.012 lock 0.00 move 0.716 period None osc -0.022@14 pr 18.2 sens10 -2.92 sens50 -99.00 sat None dead 0.00 frozen 0.01 nbin 300 fat None | 7.4s
run39|wta|1|0.5|sub|30|1.0|50|leak: static 0.001 sstatic 0.037 c1 0.643 c50 -0.018 fac1 0.656 fac50 -0.016 lock 0.00 move 0.833 period None osc -0.057@10 pr 20.9 sens10 -1.60 sens50 -2.15 sat None dead 0.00 frozen 0.01 nbin 300 fat 0.369 | 8.1s
run39|sig4_0|1|0.9|div|30|2.0|50|leak: static 1.000 sstatic 1.000 c1 1.000 c50 1.000 fac1 -0.014 fac50 -0.744 lock 0.94 move 0.00633 period 4 osc -0.881@2 pr 2.0 sens10 -0.66 sens50 -1.43 sat 0.000 dead 0.00 frozen 1.00 nbin 1 fat 1.606 | 14.9s
run39|wta|1|0.5|div|30|2.0|50|leak: static 0.094 sstatic 0.048 c1 0.686 c50 0.086 fac1 0.664 fac50 -0.013 lock 0.00 move 0.783 period None osc -0.034@17 pr 19.9 sens10 -2.24 sens50 -2.79 sat None dead 0.00 frozen 0.06 nbin 300 fat 0.906 | 8.1s
run39|wta|1|0.5|dep|30|0.5|50|leak: static 0.092 sstatic 0.053 c1 0.612 c50 0.091 fac1 0.569 fac50 -0.008 lock 0.00 move 0.887 period None osc -0.037@11 pr 20.6 sens10 -2.96 sens50 -99.00 sat None dead 0.00 frozen 0.60 nbin 300 fat 0.738 | 9.2s
run39|wta|1|0.9|sub|30|1.0|50|leak: static 0.008 sstatic 0.054 c1 0.982 c50 -0.138 fac1 0.980 fac50 -0.128 lock 0.00 move 0.184 period None osc -0.196@34 pr 11.3 sens10 -0.73 sens50 -1.12 sat None dead 0.00 frozen 0.06 nbin 300 fat 0.668 | 8.1s
run39|wta|1|0.9|div|30|2.0|50|leak: static 0.188 sstatic 0.069 c1 0.988 c50 0.097 fac1 0.982 fac50 -0.107 lock 0.00 move 0.155 period None osc -0.116@44 pr 10.5 sens10 -0.76 sens50 -1.85 sat None dead 0.00 frozen 0.45 nbin 300 fat 0.786 | 8.1s
run39|wta|1|0.9|none|0|0.0|50|leak: static 0.212 sstatic 0.105 c1 0.994 c50 0.133 fac1 0.989 fac50 -0.088 lock 0.00 move 0.106 period None osc -0.088@50 pr 7.5 sens10 -0.47 sens50 -2.26 sat None dead 0.00 frozen 0.08 nbin 300 fat None | 11.5s
run39|wta|1|0.9|dep|30|0.5|50|leak: static 0.258 sstatic 0.098 c1 0.973 c50 0.188 fac1 0.961 fac50 -0.084 lock 0.00 move 0.215 period None osc -0.084@50 pr 10.9 sens10 -0.47 sens50 -2.25 sat None dead 0.00 frozen 1.00 nbin 5 fat 0.883 | 10.7s
ex16|wta|1|0.5|div|30|2.0|50|leak: static 0.105 sstatic 0.049 c1 0.702 c50 0.093 fac1 0.679 fac50 -0.014 lock 0.01 move 0.742 period None osc -0.029@26 pr 18.3 sens10 4.11 sens50 4.12 sat None dead 0.03 frozen 0.15 nbin 300 fat 0.845 | 57.4s
ex16|wta|1|0.9|div|30|2.0|50|leak: static 0.177 sstatic 0.069 c1 0.988 c50 0.080 fac1 0.983 fac50 -0.104 lock 0.00 move 0.147 period None osc -0.105@49 pr 9.9 sens10 3.57 sens50 4.12 sat None dead 0.03 frozen 0.54 nbin 300 fat 0.728 | 55.0s
ex16|wta|1|0.5|dep|30|0.5|50|leak: static 0.096 sstatic 0.054 c1 0.624 c50 0.096 fac1 0.576 fac50 -0.006 lock 0.01 move 0.767 period None osc -0.037@9 pr 19.8 sens10 4.00 sens50 4.04 sat None dead 0.03 frozen 0.72 nbin 300 fat 0.754 | 58.4s
