ex16|raw|1|0.0|none|0|0.0|51: static 0.002 sstatic 0.002 c1 0.223 c50 -0.742 fac1 0.222 fac50 -0.628 lock 0.00 move 1.24 period None osc -0.844@6 pr 5.1 sens10 0.02 sens50 -0.05 sat None dead 0.03 frozen 0.03 nbin 300 fat None | 19.1s
ex16|raw|1|0.0|none|0|0.0|50: static 0.017 sstatic 0.017 c1 -0.048 c50 -0.584 fac1 -0.067 fac50 -0.519 lock 0.00 move 1.46 period None osc -0.822@6 pr 3.2 sens10 0.00 sens50 -0.02 sat None dead 0.04 frozen 0.04 nbin 300 fat None | 19.1s
ex16|raw|1|0.0|sub|3|0.5|51: static 0.000 sstatic 0.000 c1 -0.649 c50 0.139 fac1 -0.657 fac50 0.119 lock 0.00 move 1.82 period None osc -0.657@1 pr 9.6 sens10 -0.08 sens50 -0.10 sat None dead 0.03 frozen 0.03 nbin 300 fat 0.110 | 23.0s
ex16|raw|1|0.0|sub|30|0.5|50: static 0.000 sstatic 0.000 c1 -0.097 c50 -0.636 fac1 -0.100 fac50 -0.537 lock 0.00 move 1.49 period None osc -0.813@6 pr 3.1 sens10 -0.01 sens50 -0.12 sat None dead 0.04 frozen 0.04 nbin 300 fat 0.018 | 23.0s
ex16|raw|1|0.0|sub|3|0.5|50: static 0.000 sstatic 0.000 c1 -0.454 c50 0.341 fac1 -0.465 fac50 0.295 lock 0.00 move 1.72 period None osc -0.797@17 pr 4.2 sens10 -0.09 sens50 -0.15 sat None dead 0.04 frozen 0.04 nbin 300 fat 0.121 | 23.0s
ex16|raw|1|0.0|sub|10|0.5|51: static 0.000 sstatic 0.000 c1 -0.199 c50 -0.622 fac1 -0.208 fac50 -0.525 lock 0.00 move 1.54 period None osc -0.525@50 pr 8.1 sens10 -0.03 sens50 -0.05 sat None dead 0.03 frozen 0.03 nbin 300 fat 0.044 | 24.0s
ex16|raw|1|0.0|sub|10|1.0|51: static 0.000 sstatic 0.000 c1 -0.246 c50 -0.343 fac1 -0.252 fac50 -0.290 lock 0.00 move 1.58 period None osc -0.458@6 pr 8.7 sens10 -0.02 sens50 -0.07 sat None dead 0.03 frozen 0.03 nbin 300 fat 0.085 | 24.8s
ex16|raw|1|0.0|sub|30|1.0|51: static 0.000 sstatic 0.000 c1 0.156 c50 0.007 fac1 0.157 fac50 0.011 lock 0.00 move 1.29 period None osc -0.842@6 pr 4.8 sens10 -0.03 sens50 -0.08 sat None dead 0.03 frozen 0.03 nbin 300 fat 0.041 | 24.8s
ex16|raw|1|0.0|sub|100|1.0|51: static 0.000 sstatic 0.000 c1 0.223 c50 -0.727 fac1 0.223 fac50 -0.612 lock 0.02 move 1.24 period None osc -0.803@6 pr 4.9 sens10 -0.02 sens50 -0.09 sat None dead 0.00 frozen 0.03 nbin 300 fat 0.015 | 25.0s
ex16|raw|1|0.0|sub|3|1.0|50: static 0.000 sstatic 0.000 c1 -0.611 c50 -0.101 fac1 -0.619 fac50 -0.087 lock 0.00 move 1.8 period None osc -0.619@1 pr 6.8 sens10 -0.13 sens50 -0.29 sat None dead 0.04 frozen 0.04 nbin 300 fat 0.233 | 44.7s
ex16|raw|1|0.0|sub|3|1.0|51: static 0.000 sstatic 0.000 c1 -0.828 c50 -0.001 fac1 -0.830 fac50 -0.001 lock 0.00 move 1.91 period None osc -0.830@1 pr 8.0 sens10 -0.11 sens50 -0.03 sat None dead 0.03 frozen 0.03 nbin 300 fat 0.216 | 44.7s
ex16|raw|1|0.0|sub|100|0.5|50: static 0.000 sstatic 0.000 c1 -0.057 c50 -0.668 fac1 -0.054 fac50 -0.561 lock 0.04 move 1.46 period None osc -0.828@6 pr 3.1 sens10 -0.01 sens50 -0.09 sat None dead 0.00 frozen 0.04 nbin 300 fat 0.011 | 44.8s
ex16|raw|1|0.0|sub|10|1.0|50: static 0.000 sstatic 0.000 c1 -0.209 c50 0.522 fac1 -0.216 fac50 0.445 lock 0.00 move 1.56 period None osc -0.787@37 pr 3.1 sens10 -0.03 sens50 -0.08 sat None dead 0.04 frozen 0.04 nbin 300 fat 0.075 | 45.0s
ex16|raw|1|0.0|sub|30|0.5|51: static 0.000 sstatic 0.000 c1 0.192 c50 -0.493 fac1 0.195 fac50 -0.418 lock 0.00 move 1.26 period None osc -0.731@26 pr 5.2 sens10 -0.02 sens50 -0.09 sat None dead 0.03 frozen 0.03 nbin 300 fat 0.024 | 45.0s
ex16|raw|1|0.0|sub|30|1.0|50: static 0.000 sstatic 0.000 c1 -0.135 c50 -0.504 fac1 -0.141 fac50 -0.426 lock 0.00 move 1.52 period None osc -0.843@10 pr 3.0 sens10 -0.00 sens50 -0.06 sat None dead 0.04 frozen 0.04 nbin 300 fat 0.032 | 45.0s
ex16|raw|1|0.0|sub|10|0.5|50: static 0.000 sstatic 0.000 c1 -0.182 c50 -0.322 fac1 -0.190 fac50 -0.270 lock 0.00 move 1.55 period None osc -0.782@10 pr 3.2 sens10 -0.03 sens50 -0.10 sat None dead 0.04 frozen 0.04 nbin 300 fat 0.039 | 45.1s
ex16|raw|1|0.0|sub|100|0.5|51: static 0.000 sstatic 0.000 c1 0.244 c50 -0.774 fac1 0.242 fac50 -0.651 lock 0.03 move 1.24 period None osc -0.876@6 pr 4.7 sens10 -0.02 sens50 -0.11 sat None dead 0.00 frozen 0.03 nbin 300 fat 0.008 | 45.0s
ex16|raw|1|0.0|sub|300|0.5|50: static 0.000 sstatic 0.000 c1 -0.081 c50 -0.641 fac1 -0.083 fac50 -0.534 lock 0.04 move 1.48 period None osc -0.824@10 pr 3.1 sens10 -0.01 sens50 -0.03 sat None dead 0.00 frozen 0.04 nbin 300 fat 0.009 | 25.4s
ex16|raw|1|0.0|sub|300|1.0|50: static 0.000 sstatic 0.000 c1 -0.041 c50 -0.657 fac1 -0.041 fac50 -0.545 lock 0.04 move 1.45 period None osc -0.829@6 pr 3.1 sens10 -0.00 sens50 -0.07 sat None dead 0.00 frozen 0.04 nbin 300 fat 0.012 | 25.4s
ex16|raw|1|0.0|sub|300|0.5|51: static 0.000 sstatic 0.000 c1 0.257 c50 -0.807 fac1 0.255 fac50 -0.677 lock 0.03 move 1.22 period None osc -0.806@6 pr 5.0 sens10 -0.00 sens50 -0.10 sat None dead 0.00 frozen 0.03 nbin 300 fat 0.003 | 25.4s
ex16|raw|1|0.0|sub|100|1.0|50: static 0.000 sstatic 0.000 c1 -0.015 c50 -0.737 fac1 -0.016 fac50 -0.616 lock 0.03 move 1.43 period None osc -0.840@6 pr 3.0 sens10 -0.01 sens50 -0.14 sat None dead 0.00 frozen 0.04 nbin 300 fat 0.015 | 29.6s
ex16|raw|1|0.0|div|3|0.5|50: static 0.027 sstatic 0.027 c1 0.030 c50 0.032 fac1 0.005 fac50 0.005 lock 0.00 move 1.39 period None osc -0.181@6 pr 16.7 sens10 0.04 sens50 0.31 sat None dead 0.04 frozen 0.04 nbin 300 fat 0.388 | 25.2s
ex16|raw|1|0.0|sub|300|1.0|51: static 0.000 sstatic 0.000 c1 0.269 c50 -0.783 fac1 0.266 fac50 -0.657 lock 0.03 move 1.22 period None osc -0.762@6 pr 5.0 sens10 -0.01 sens50 -0.04 sat None dead 0.00 frozen 0.03 nbin 300 fat 0.007 | 27.9s
ex16|raw|1|0.0|div|3|0.5|51: static 0.013 sstatic 0.013 c1 0.019 c50 -0.069 fac1 0.007 fac50 -0.071 lock 0.00 move 1.4 period None osc -0.265@26 pr 14.9 sens10 0.04 sens50 0.17 sat None dead 0.03 frozen 0.03 nbin 300 fat 0.390 | 27.4s
ex16|raw|1|0.0|div|3|2.0|50: static 0.050 sstatic 0.050 c1 0.024 c50 0.051 fac1 -0.028 fac50 -0.000 lock 0.00 move 1.4 period None osc -0.064@6 pr 20.3 sens10 0.18 sens50 0.92 sat None dead 0.04 frozen 0.04 nbin 300 fat 1.513 | 22.5s
ex16|raw|1|0.0|div|30|2.0|51: static 0.012 sstatic 0.012 c1 0.071 c50 -0.032 fac1 0.059 fac50 -0.038 lock 0.00 move 1.37 period None osc -0.164@26 pr 17.6 sens10 0.07 sens50 0.17 sat None dead 0.03 frozen 0.03 nbin 300 fat 1.530 | 23.2s
ex16|raw|1|0.0|div|100|0.5|50: static 0.028 sstatic 0.028 c1 0.034 c50 0.138 fac1 0.005 fac50 0.096 lock 0.00 move 1.39 period None osc -0.228@6 pr 15.2 sens10 0.05 sens50 0.11 sat None dead 0.04 frozen 0.04 nbin 300 fat 0.387 | 23.1s
ex16|raw|1|0.0|div|100|0.5|51: static 0.004 sstatic 0.004 c1 0.011 c50 -0.101 fac1 0.006 fac50 -0.089 lock 0.00 move 1.4 period None osc -0.247@26 pr 14.8 sens10 0.03 sens50 0.07 sat None dead 0.03 frozen 0.03 nbin 300 fat 0.389 | 23.1s
ex16|raw|1|0.0|div|100|2.0|50: static 0.042 sstatic 0.042 c1 0.056 c50 0.064 fac1 0.016 fac50 0.023 lock 0.00 move 1.37 period None osc -0.125@6 pr 18.3 sens10 0.02 sens50 0.00 sat None dead 0.04 frozen 0.04 nbin 300 fat 1.531 | 23.1s
ex16|raw|1|0.0|div|100|2.0|51: static 0.019 sstatic 0.019 c1 0.060 c50 -0.024 fac1 0.042 fac50 -0.037 lock 0.00 move 1.37 period None osc -0.156@15 pr 16.9 sens10 0.05 sens50 0.15 sat None dead 0.03 frozen 0.03 nbin 300 fat 1.530 | 23.4s
ex16|raw|1|0.0|div|300|0.5|50: static 0.029 sstatic 0.029 c1 0.045 c50 0.075 fac1 0.018 fac50 0.041 lock 0.00 move 1.39 period None osc -0.240@6 pr 15.7 sens10 0.04 sens50 0.06 sat None dead 0.04 frozen 0.04 nbin 300 fat 0.373 | 23.8s
ex16|raw|1|0.0|div|300|0.5|51: static 0.002 sstatic 0.002 c1 0.042 c50 -0.088 fac1 0.038 fac50 -0.078 lock 0.00 move 1.37 period None osc -0.259@26 pr 14.4 sens10 0.01 sens50 0.02 sat None dead 0.03 frozen 0.03 nbin 300 fat 0.375 | 23.8s
ex16|raw|1|0.0|div|10|0.5|50: static 0.030 sstatic 0.030 c1 -0.012 c50 0.084 fac1 -0.047 fac50 0.051 lock 0.00 move 1.43 period None osc -0.209@6 pr 14.6 sens10 0.02 sens50 0.06 sat None dead 0.04 frozen 0.04 nbin 300 fat 0.388 | 35.9s
ex16|raw|1|0.0|div|10|0.5|51: static 0.028 sstatic 0.028 c1 0.000 c50 -0.080 fac1 -0.035 fac50 -0.096 lock 0.00 move 1.42 period None osc -0.219@26 pr 14.8 sens10 0.02 sens50 0.10 sat None dead 0.03 frozen 0.03 nbin 300 fat 0.391 | 43.0s
ex16|raw|1|0.0|div|30|2.0|50: static 0.045 sstatic 0.045 c1 0.065 c50 0.044 fac1 0.024 fac50 0.004 lock 0.00 move 1.37 period None osc -0.112@6 pr 18.5 sens10 0.03 sens50 0.01 sat None dead 0.04 frozen 0.04 nbin 300 fat 1.531 | 43.1s
ex16|raw|1|0.0|div|30|0.5|50: static 0.031 sstatic 0.031 c1 -0.003 c50 0.066 fac1 -0.037 fac50 0.030 lock 0.00 move 1.42 period None osc -0.213@6 pr 14.7 sens10 0.06 sens50 0.11 sat None dead 0.04 frozen 0.04 nbin 300 fat 0.387 | 43.1s
ex16|raw|1|0.0|div|3|2.0|51: static 0.004 sstatic 0.004 c1 0.018 c50 0.047 fac1 0.014 fac50 0.037 lock 0.00 move 1.4 period None osc -0.081@14 pr 19.5 sens10 0.18 sens50 1.09 sat None dead 0.03 frozen 0.03 nbin 300 fat 1.500 | 43.7s
ex16|raw|1|0.0|div|10|2.0|50: static 0.046 sstatic 0.046 c1 0.037 c50 0.069 fac1 -0.011 fac50 0.020 lock 0.00 move 1.39 period None osc -0.094@6 pr 19.1 sens10 0.07 sens50 0.23 sat None dead 0.04 frozen 0.04 nbin 300 fat 1.531 | 43.8s
ex16|raw|1|0.0|div|10|2.0|51: static 0.005 sstatic 0.005 c1 0.033 c50 0.002 fac1 0.028 fac50 -0.001 lock 0.00 move 1.39 period None osc -0.176@46 pr 17.7 sens10 0.05 sens50 0.30 sat None dead 0.03 frozen 0.03 nbin 300 fat 1.524 | 43.9s
ex16|raw|1|0.0|div|30|0.5|51: static 0.039 sstatic 0.039 c1 0.034 c50 -0.055 fac1 -0.010 fac50 -0.085 lock 0.00 move 1.39 period None osc -0.285@26 pr 14.9 sens10 0.02 sens50 0.05 sat None dead 0.03 frozen 0.03 nbin 300 fat 0.389 | 43.8s
ex16|raw|1|0.0|div|300|2.0|50: static 0.041 sstatic 0.041 c1 0.037 c50 0.041 fac1 -0.004 fac50 0.004 lock 0.00 move 1.39 period None osc -0.136@41 pr 18.1 sens10 0.05 sens50 0.01 sat None dead 0.04 frozen 0.04 nbin 300 fat 1.481 | 24.2s
ex16|raw|1|0.0|div|300|2.0|51: static 0.046 sstatic 0.046 c1 0.052 c50 -0.065 fac1 0.006 fac50 -0.101 lock 0.00 move 1.37 period None osc -0.126@14 pr 17.0 sens10 0.03 sens50 0.12 sat None dead 0.03 frozen 0.03 nbin 300 fat 1.482 | 23.4s
ex16|raw|1|0.0|dep|3|0.1|50: static 0.023 sstatic 0.023 c1 -0.019 c50 -0.300 fac1 -0.045 fac50 -0.280 lock 0.00 move 1.43 period None osc -0.686@6 pr 5.4 sens10 0.04 sens50 0.03 sat None dead 0.04 frozen 0.04 nbin 300 fat 0.846 | 26.0s
ex16|raw|1|0.0|dep|3|0.5|50: static 0.052 sstatic 0.052 c1 0.036 c50 -0.243 fac1 -0.015 fac50 -0.269 lock 0.00 move 1.39 period None osc -0.399@6 pr 10.0 sens10 0.25 sens50 0.83 sat None dead 0.04 frozen 0.04 nbin 300 fat 0.532 | 25.9s
ex16|raw|1|0.0|dep|3|0.5|51: static 0.029 sstatic 0.029 c1 0.075 c50 0.013 fac1 0.043 fac50 -0.010 lock 0.00 move 1.36 period None osc -0.257@6 pr 14.7 sens10 0.28 sens50 1.01 sat None dead 0.03 frozen 0.03 nbin 300 fat 0.529 | 25.9s
ex16|raw|1|0.0|dep|10|0.1|50: static 0.036 sstatic 0.036 c1 0.027 c50 -0.054 fac1 -0.009 fac50 -0.083 lock 0.00 move 1.4 period None osc -0.282@6 pr 12.9 sens10 0.06 sens50 0.20 sat None dead 0.04 frozen 0.04 nbin 300 fat 0.626 | 25.3s
ex16|raw|1|0.0|dep|10|0.1|51: static 0.029 sstatic 0.029 c1 0.049 c50 -0.071 fac1 0.016 fac50 -0.089 lock 0.00 move 1.37 period None osc -0.230@6 pr 13.4 sens10 0.06 sens50 0.22 sat None dead 0.03 frozen 0.03 nbin 300 fat 0.624 | 25.3s
ex16|raw|1|0.0|dep|10|0.5|50: static 0.087 sstatic 0.087 c1 0.035 c50 0.025 fac1 -0.055 fac50 -0.054 lock 0.00 move 1.37 period None osc -0.101@6 pr 18.7 sens10 0.35 sens50 1.13 sat None dead 0.04 frozen 0.04 nbin 300 fat 0.313 | 25.0s
ex16|raw|1|0.0|dep|3|0.1|51: static 0.003 sstatic 0.003 c1 0.065 c50 -0.570 fac1 0.062 fac50 -0.488 lock 0.00 move 1.36 period None osc -0.573@38 pr 7.2 sens10 0.04 sens50 0.12 sat None dead 0.03 frozen 0.03 nbin 300 fat 0.845 | 41.7s
ex16|raw|1|0.0|dep|100|0.5|50: static 0.090 sstatic 0.090 c1 0.068 c50 0.055 fac1 -0.022 fac50 -0.031 lock 0.00 move 1.15 period None osc -0.075@6 pr 19.0 sens10 0.06 sens50 -0.02 sat None dead 0.04 frozen 0.96 nbin 300 fat 0.271 | 24.5s
ex16|raw|1|0.0|dep|100|0.5|51: static 0.045 sstatic 0.045 c1 0.057 c50 0.059 fac1 0.015 fac50 0.014 lock 0.00 move 1.25 period None osc -0.123@35 pr 17.0 sens10 0.13 sens50 0.31 sat None dead 0.03 frozen 0.99 nbin 300 fat 0.280 | 25.3s
ex16|raw|1|0.5|none|0|0.0|50: static 0.072 sstatic 0.072 c1 0.994 c50 0.263 fac1 0.990 fac50 0.168 lock 0.00 move 0.108 period None osc -0.182@28 pr 7.4 sens10 -0.25 sens50 -0.24 sat None dead 0.04 frozen 0.04 nbin 300 fat None | 20.9s
ex16|raw|1|0.0|dep|300|0.1|50: static 0.091 sstatic 0.091 c1 0.075 c50 0.053 fac1 -0.013 fac50 -0.031 lock 0.00 move 1.21 period None osc -0.087@6 pr 18.9 sens10 0.04 sens50 -0.21 sat None dead 0.04 frozen 0.84 nbin 300 fat 0.267 | 26.3s
ex16|raw|1|0.0|dep|300|0.1|51: static 0.038 sstatic 0.038 c1 0.060 c50 0.065 fac1 0.021 fac50 0.024 lock 0.00 move 1.3 period None osc -0.161@46 pr 16.2 sens10 0.15 sens50 0.21 sat None dead 0.03 frozen 0.86 nbin 300 fat 0.275 | 26.3s
ex16|raw|1|0.0|dep|300|0.5|50: static 0.090 sstatic 0.090 c1 0.060 c50 0.056 fac1 -0.027 fac50 -0.029 lock 0.00 move 1.09 period None osc -0.088@6 pr 18.8 sens10 0.02 sens50 -0.18 sat None dead 0.04 frozen 0.96 nbin 300 fat 0.266 | 26.8s
ex16|raw|1|0.5|none|0|0.0|51: static 0.943 sstatic 0.943 c1 1.000 c50 0.901 fac1 0.994 fac50 -0.566 lock 0.01 move 0.0195 period None osc -0.566@50 pr 2.8 sens10 -0.30 sens50 -0.44 sat None dead 0.03 frozen 0.71 nbin 300 fat None | 21.9s
ex16|raw|1|0.0|dep|300|0.5|51: static 0.047 sstatic 0.047 c1 0.031 c50 0.085 fac1 -0.015 fac50 0.033 lock 0.00 move 1.14 period None osc -0.131@35 pr 16.1 sens10 0.08 sens50 0.29 sat None dead 0.03 frozen 0.99 nbin 299 fat 0.275 | 26.6s
ex16|raw|1|0.0|dep|10|0.5|51: static 0.068 sstatic 0.068 c1 0.035 c50 0.020 fac1 -0.029 fac50 -0.044 lock 0.00 move 1.38 period None osc -0.063@3 pr 18.9 sens10 0.41 sens50 1.53 sat None dead 0.03 frozen 0.03 nbin 300 fat 0.317 | 47.0s
ex16|raw|1|0.0|dep|30|0.1|51: static 0.054 sstatic 0.054 c1 0.066 c50 0.064 fac1 0.007 fac50 0.006 lock 0.00 move 1.36 period None osc -0.279@46 pr 15.3 sens10 0.14 sens50 0.44 sat None dead 0.03 frozen 0.03 nbin 300 fat 0.371 | 47.1s
ex16|raw|1|0.0|dep|30|0.1|50: static 0.063 sstatic 0.063 c1 0.041 c50 0.041 fac1 -0.027 fac50 -0.019 lock 0.00 move 1.38 period None osc -0.146@6 pr 17.9 sens10 0.09 sens50 0.29 sat None dead 0.04 frozen 0.04 nbin 300 fat 0.372 | 47.1s
ex16|raw|1|0.0|dep|30|0.5|50: static 0.094 sstatic 0.094 c1 0.053 c50 0.068 fac1 -0.045 fac50 -0.023 lock 0.00 move 1.3 period None osc -0.066@2 pr 19.4 sens10 0.19 sens50 0.43 sat None dead 0.04 frozen 0.26 nbin 300 fat 0.289 | 47.8s
ex16|raw|1|0.0|dep|30|0.5|51: static 0.028 sstatic 0.028 c1 0.017 c50 0.049 fac1 -0.013 fac50 0.016 lock 0.00 move 1.38 period None osc -0.110@35 pr 18.3 sens10 0.25 sens50 0.77 sat None dead 0.03 frozen 0.26 nbin 300 fat 0.295 | 47.8s
ex16|raw|1|0.0|dep|100|0.1|50: static 0.088 sstatic 0.088 c1 0.079 c50 0.047 fac1 -0.010 fac50 -0.035 lock 0.00 move 1.32 period None osc -0.093@6 pr 19.1 sens10 0.11 sens50 0.02 sat None dead 0.04 frozen 0.06 nbin 300 fat 0.274 | 47.8s
ex16|raw|1|0.0|dep|100|0.1|51: static 0.044 sstatic 0.044 c1 0.062 c50 0.038 fac1 0.017 fac50 -0.010 lock 0.00 move 1.35 period None osc -0.116@16 pr 16.9 sens10 0.20 sens50 0.32 sat None dead 0.03 frozen 0.08 nbin 300 fat 0.280 | 47.8s
ex16|raw|1|0.5|sub|3|0.5|51: static 0.000 sstatic 0.000 c1 0.896 c50 -0.769 fac1 0.895 fac50 -0.645 lock 0.00 move 0.452 period None osc -0.976@7 pr 1.9 sens10 -0.35 sens50 -0.50 sat None dead 0.03 frozen 0.15 nbin 300 fat 0.339 | 24.6s
ex16|raw|1|0.5|sub|3|1.0|50: static 0.000 sstatic 0.000 c1 0.833 c50 -0.698 fac1 0.833 fac50 -0.585 lock 0.00 move 0.575 period None osc -0.952@5 pr 2.0 sens10 -0.42 sens50 -0.59 sat None dead 0.04 frozen 0.13 nbin 300 fat 0.574 | 24.6s
ex16|raw|1|0.5|sub|3|1.0|51: static 0.000 sstatic 0.000 c1 0.814 c50 0.668 fac1 0.816 fac50 0.564 lock 0.00 move 0.603 period None osc -0.920@5 pr 3.1 sens10 -0.40 sens50 -0.52 sat None dead 0.03 frozen 0.03 nbin 300 fat 0.589 | 24.5s
ex16|raw|1|0.5|sub|10|0.5|50: static 0.000 sstatic 0.000 c1 0.960 c50 -0.263 fac1 0.958 fac50 -0.226 lock 0.00 move 0.279 period None osc -0.851@11 pr 3.8 sens10 -0.39 sens50 -0.51 sat None dead 0.04 frozen 0.04 nbin 300 fat 0.177 | 24.4s
ex16|raw|1|0.5|sub|10|0.5|51: static 0.000 sstatic 0.000 c1 0.965 c50 0.236 fac1 0.962 fac50 0.199 lock 0.00 move 0.262 period None osc -0.873@12 pr 5.2 sens10 -0.37 sens50 -0.41 sat None dead 0.03 frozen 0.03 nbin 300 fat 0.183 | 24.4s
ex16|raw|1|0.5|sub|10|1.0|50: static 0.000 sstatic 0.000 c1 0.953 c50 -0.544 fac1 0.951 fac50 -0.458 lock 0.00 move 0.306 period None osc -0.934@10 pr 2.7 sens10 -0.32 sens50 -0.47 sat None dead 0.04 frozen 0.04 nbin 300 fat 0.306 | 24.3s
ex16|raw|1|0.5|sub|10|1.0|51: static 0.000 sstatic 0.000 c1 0.961 c50 0.032 fac1 0.958 fac50 0.034 lock 0.00 move 0.278 period None osc -0.875@11 pr 5.3 sens10 -0.38 sens50 -0.46 sat None dead 0.03 frozen 0.03 nbin 300 fat 0.338 | 23.9s
ex16|raw|1|0.5|sub|30|0.5|50: static 0.001 sstatic 0.001 c1 0.984 c50 -0.468 fac1 0.981 fac50 -0.391 lock 0.00 move 0.178 period None osc -0.875@18 pr 2.6 sens10 -0.38 sens50 -0.44 sat None dead 0.04 frozen 0.04 nbin 300 fat 0.099 | 23.9s
ex16|raw|1|0.5|sub|3|0.5|50: static 0.001 sstatic 0.001 c1 0.926 c50 0.976 fac1 0.924 fac50 0.814 lock 0.00 move 0.384 period None osc -0.964@8 pr 1.9 sens10 -0.30 sens50 -0.51 sat None dead 0.04 frozen 0.14 nbin 300 fat 0.373 | 42.0s
ex16|raw|1|0.5|sub|300|0.5|50: static 0.009 sstatic 0.009 c1 0.994 c50 -0.063 fac1 0.991 fac50 -0.059 lock 0.04 move 0.107 period None osc -0.141@30 pr 6.8 sens10 -0.29 sens50 -0.32 sat None dead 0.00 frozen 0.04 nbin 300 fat 0.043 | 23.1s
ex16|raw|1|0.5|sub|300|0.5|51: static 0.010 sstatic 0.010 c1 0.995 c50 -0.034 fac1 0.992 fac50 -0.034 lock 0.03 move 0.105 period None osc -0.351@33 pr 6.4 sens10 -0.30 sens50 -0.50 sat None dead 0.00 frozen 0.03 nbin 300 fat 0.031 | 24.2s
ex16|raw|1|0.5|sub|300|1.0|50: static 0.011 sstatic 0.011 c1 0.993 c50 -0.052 fac1 0.990 fac50 -0.048 lock 0.04 move 0.12 period None osc -0.258@28 pr 7.1 sens10 -0.29 sens50 -0.38 sat None dead 0.00 frozen 0.04 nbin 300 fat 0.068 | 24.9s
ex16|raw|1|0.5|div|3|0.5|50: static 0.104 sstatic 0.104 c1 0.984 c50 0.259 fac1 0.978 fac50 0.134 lock 0.00 move 0.182 period None osc -0.004@33 pr 9.5 sens10 -0.21 sens50 0.02 sat None dead 0.04 frozen 0.04 nbin 300 fat 0.385 | 25.2s
ex16|raw|1|0.5|sub|300|1.0|51: static 0.007 sstatic 0.007 c1 0.996 c50 -0.322 fac1 0.993 fac50 -0.275 lock 0.03 move 0.0829 period None osc -0.275@50 pr 4.8 sens10 -0.20 sens50 -0.40 sat None dead 0.00 frozen 0.03 nbin 300 fat 0.061 | 25.3s
ex16|raw|1|0.5|div|3|0.5|51: static 0.097 sstatic 0.097 c1 0.985 c50 0.068 fac1 0.980 fac50 -0.034 lock 0.00 move 0.171 period None osc -0.136@31 pr 10.1 sens10 -0.25 sens50 0.12 sat None dead 0.03 frozen 0.03 nbin 300 fat 0.395 | 25.4s
ex16|raw|1|0.5|div|3|2.0|50: static 0.089 sstatic 0.089 c1 0.951 c50 0.052 fac1 0.944 fac50 -0.033 lock 0.00 move 0.319 period None osc -0.076@17 pr 14.8 sens10 0.06 sens50 1.37 sat None dead 0.04 frozen 0.15 nbin 300 fat 1.555 | 25.5s
ex16|raw|1|0.5|div|3|2.0|51: static 0.028 sstatic 0.028 c1 0.951 c50 -0.001 fac1 0.947 fac50 -0.026 lock 0.00 move 0.312 period None osc -0.049@26 pr 14.8 sens10 -0.05 sens50 1.08 sat None dead 0.03 frozen 0.11 nbin 300 fat 1.556 | 25.5s
ex16|raw|1|0.5|sub|30|0.5|51: static 0.001 sstatic 0.001 c1 0.987 c50 0.144 fac1 0.984 fac50 0.122 lock 0.00 move 0.161 period None osc -0.833@20 pr 4.3 sens10 -0.35 sens50 -0.37 sat None dead 0.03 frozen 0.03 nbin 300 fat 0.114 | 45.0s
ex16|raw|1|0.5|sub|30|1.0|50: static 0.000 sstatic 0.000 c1 0.979 c50 -0.250 fac1 0.976 fac50 -0.212 lock 0.00 move 0.203 period None osc -0.797@16 pr 4.9 sens10 -0.46 sens50 -0.41 sat None dead 0.04 frozen 0.04 nbin 300 fat 0.188 | 45.1s
ex16|raw|1|0.5|sub|30|1.0|51: static 0.001 sstatic 0.001 c1 0.985 c50 0.026 fac1 0.982 fac50 0.027 lock 0.00 move 0.171 period None osc -0.763@19 pr 4.4 sens10 -0.47 sens50 -0.33 sat None dead 0.03 frozen 0.03 nbin 300 fat 0.228 | 45.2s
ex16|raw|1|0.5|sub|100|0.5|50: static 0.003 sstatic 0.003 c1 0.990 c50 0.482 fac1 0.986 fac50 0.401 lock 0.04 move 0.143 period None osc -0.739@23 pr 3.7 sens10 -0.34 sens50 -0.35 sat None dead 0.00 frozen 0.04 nbin 300 fat 0.047 | 46.5s
ex16|raw|1|0.5|sub|100|0.5|51: static 0.007 sstatic 0.007 c1 0.994 c50 -0.286 fac1 0.990 fac50 -0.242 lock 0.03 move 0.111 period None osc -0.412@34 pr 5.9 sens10 -0.30 sens50 -0.24 sat None dead 0.00 frozen 0.03 nbin 300 fat 0.074 | 46.6s
ex16|raw|1|0.5|sub|100|1.0|51: static 0.005 sstatic 0.005 c1 0.995 c50 -0.482 fac1 0.991 fac50 -0.400 lock 0.01 move 0.105 period None osc -0.508@39 pr 4.2 sens10 -0.33 sens50 -0.51 sat None dead 0.00 frozen 0.03 nbin 300 fat 0.137 | 46.5s
ex16|raw|1|0.5|sub|100|1.0|50: static 0.002 sstatic 0.002 c1 0.988 c50 0.042 fac1 0.985 fac50 0.034 lock 0.03 move 0.156 period None osc -0.688@21 pr 3.9 sens10 -0.34 sens50 -0.40 sat None dead 0.00 frozen 0.04 nbin 300 fat 0.088 | 46.6s
ex16|raw|1|0.5|div|10|0.5|51: static 0.075 sstatic 0.075 c1 0.984 c50 0.122 fac1 0.979 fac50 0.033 lock 0.00 move 0.179 period None osc -0.091@19 pr 10.4 sens10 -0.25 sens50 -0.22 sat None dead 0.03 frozen 0.03 nbin 300 fat 0.388 | 24.9s
ex16|raw|1|0.5|div|10|2.0|50: static 0.087 sstatic 0.087 c1 0.969 c50 0.095 fac1 0.963 fac50 0.010 lock 0.00 move 0.257 period None osc -0.120@12 pr 13.3 sens10 -0.13 sens50 0.31 sat None dead 0.04 frozen 0.06 nbin 300 fat 1.545 | 24.1s
ex16|raw|1|0.5|div|10|2.0|51: static 0.049 sstatic 0.049 c1 0.970 c50 0.049 fac1 0.965 fac50 0.001 lock 0.00 move 0.245 period None osc -0.108@22 pr 13.4 sens10 -0.22 sens50 0.40 sat None dead 0.03 frozen 0.04 nbin 300 fat 1.561 | 23.8s
ex16|raw|1|0.5|div|10|0.5|50: static 0.117 sstatic 0.117 c1 0.984 c50 0.018 fac1 0.978 fac50 -0.083 lock 0.00 move 0.183 period None osc -0.183@16 pr 10.1 sens10 -0.21 sens50 0.05 sat None dead 0.04 frozen 0.04 nbin 300 fat 0.387 | 41.3s
ex16|raw|1|0.5|div|30|0.5|50: static 0.047 sstatic 0.047 c1 0.989 c50 0.016 fac1 0.985 fac50 -0.026 lock 0.00 move 0.152 period None osc -0.120@19 pr 9.6 sens10 -0.24 sens50 -0.15 sat None dead 0.04 frozen 0.04 nbin 300 fat 0.388 | 23.8s
ex16|raw|1|0.5|div|30|0.5|51: static 0.056 sstatic 0.056 c1 0.989 c50 -0.001 fac1 0.985 fac50 -0.055 lock 0.00 move 0.148 period None osc -0.111@19 pr 9.5 sens10 -0.28 sens50 -0.19 sat None dead 0.03 frozen 0.03 nbin 300 fat 0.391 | 23.8s
ex16|raw|1|0.5|div|30|2.0|50: static 0.079 sstatic 0.079 c1 0.983 c50 0.007 fac1 0.978 fac50 -0.065 lock 0.00 move 0.192 period None osc -0.129@16 pr 11.6 sens10 -0.28 sens50 -0.09 sat None dead 0.04 frozen 0.06 nbin 300 fat 1.555 | 23.6s
ex16|raw|1|0.5|div|30|2.0|51: static 0.047 sstatic 0.047 c1 0.983 c50 -0.058 fac1 0.979 fac50 -0.087 lock 0.00 move 0.188 period None osc -0.136@44 pr 11.8 sens10 -0.31 sens50 0.02 sat None dead 0.03 frozen 0.04 nbin 300 fat 1.559 | 23.3s
ex16|raw|1|0.5|div|100|0.5|50: static 0.094 sstatic 0.094 c1 0.991 c50 0.176 fac1 0.987 fac50 0.064 lock 0.00 move 0.133 period None osc -0.099@22 pr 9.1 sens10 -0.28 sens50 -0.41 sat None dead 0.04 frozen 0.04 nbin 300 fat 0.388 | 23.4s
ex16|raw|1|0.5|dep|3|0.1|50: static 0.125 sstatic 0.125 c1 0.993 c50 0.298 fac1 0.989 fac50 0.145 lock 0.00 move 0.118 period None osc -0.177@25 pr 7.6 sens10 -0.23 sens50 0.05 sat None dead 0.04 frozen 0.04 nbin 300 fat 0.852 | 25.5s
ex16|raw|1|0.5|dep|3|0.1|51: static 0.850 sstatic 0.850 c1 0.999 c50 0.813 fac1 0.991 fac50 -0.159 lock 0.00 move 0.0428 period None osc -0.246@29 pr 5.9 sens10 -0.20 sens50 -0.20 sat None dead 0.03 frozen 0.46 nbin 300 fat 0.851 | 26.6s
ex16|raw|1|0.5|dep|3|0.5|50: static 0.090 sstatic 0.090 c1 0.990 c50 0.342 fac1 0.985 fac50 0.221 lock 0.00 move 0.151 period None osc -0.262@25 pr 7.3 sens10 0.04 sens50 0.52 sat None dead 0.04 frozen 0.04 nbin 300 fat 0.566 | 27.1s
ex16|raw|1|0.5|div|100|0.5|51: static 0.030 sstatic 0.030 c1 0.993 c50 -0.099 fac1 0.989 fac50 -0.111 lock 0.00 move 0.118 period None osc -0.111@50 pr 8.8 sens10 -0.29 sens50 -0.31 sat None dead 0.03 frozen 0.03 nbin 300 fat 0.390 | 44.4s
ex16|raw|1|0.5|dep|10|0.1|50: static 0.121 sstatic 0.121 c1 0.987 c50 0.277 fac1 0.982 fac50 0.149 lock 0.00 move 0.163 period None osc -0.190@23 pr 8.6 sens10 -0.08 sens50 0.07 sat None dead 0.04 frozen 0.04 nbin 300 fat 0.638 | 27.5s
ex16|raw|1|0.5|dep|10|0.1|51: static 0.182 sstatic 0.182 c1 0.988 c50 0.313 fac1 0.982 fac50 0.131 lock 0.00 move 0.152 period None osc -0.294@26 pr 8.9 sens10 -0.08 sens50 0.15 sat None dead 0.03 frozen 0.03 nbin 300 fat 0.636 | 27.5s
ex16|raw|1|0.5|div|100|2.0|50: static 0.083 sstatic 0.083 c1 0.989 c50 -0.006 fac1 0.984 fac50 -0.085 lock 0.00 move 0.157 period None osc -0.090@20 pr 10.8 sens10 -0.32 sens50 -0.12 sat None dead 0.04 frozen 0.07 nbin 300 fat 1.551 | 44.9s
ex16|raw|1|0.5|div|100|2.0|51: static 0.063 sstatic 0.063 c1 0.991 c50 0.003 fac1 0.987 fac50 -0.056 lock 0.00 move 0.138 period None osc -0.170@24 pr 10.0 sens10 -0.35 sens50 -0.24 sat None dead 0.03 frozen 0.06 nbin 300 fat 1.557 | 44.9s
ex16|raw|1|0.5|dep|10|0.5|50: static 0.280 sstatic 0.280 c1 0.976 c50 0.210 fac1 0.964 fac50 -0.067 lock 0.00 move 0.234 period None osc -0.146@37 pr 11.8 sens10 0.43 sens50 1.40 sat None dead 0.04 frozen 0.04 nbin 300 fat 0.298 | 27.6s
ex16|raw|1|0.5|dep|10|0.5|51: static 0.294 sstatic 0.294 c1 0.978 c50 0.232 fac1 0.965 fac50 -0.057 lock 0.00 move 0.212 period None osc -0.091@39 pr 12.1 sens10 0.41 sens50 1.72 sat None dead 0.03 frozen 0.04 nbin 300 fat 0.294 | 27.5s
ex16|raw|1|0.5|dep|30|0.1|50: static 0.144 sstatic 0.144 c1 0.980 c50 0.204 fac1 0.974 fac50 0.059 lock 0.00 move 0.205 period None osc -0.182@15 pr 10.8 sens10 -0.02 sens50 0.29 sat None dead 0.04 frozen 0.04 nbin 300 fat 0.380 | 27.5s
ex16|raw|1|0.5|div|300|0.5|50: static 0.126 sstatic 0.126 c1 0.993 c50 0.024 fac1 0.989 fac50 -0.094 lock 0.00 move 0.119 period None osc -0.168@25 pr 8.5 sens10 -0.32 sens50 -0.24 sat None dead 0.04 frozen 0.04 nbin 300 fat 0.374 | 46.3s
ex16|raw|1|0.5|div|300|0.5|51: static 0.165 sstatic 0.165 c1 0.995 c50 0.158 fac1 0.989 fac50 -0.031 lock 0.00 move 0.105 period None osc -0.333@30 pr 7.5 sens10 -0.32 sens50 -0.25 sat None dead 0.03 frozen 0.04 nbin 300 fat 0.376 | 46.4s
ex16|raw|1|0.5|div|300|2.0|50: static 0.075 sstatic 0.075 c1 0.992 c50 0.018 fac1 0.988 fac50 -0.050 lock 0.00 move 0.137 period None osc -0.117@25 pr 9.5 sens10 -0.32 sens50 -0.34 sat None dead 0.04 frozen 0.07 nbin 300 fat 1.495 | 46.4s
ex16|raw|1|0.5|div|300|2.0|51: static 0.047 sstatic 0.047 c1 0.992 c50 0.044 fac1 0.988 fac50 -0.000 lock 0.00 move 0.125 period None osc -0.184@30 pr 9.0 sens10 -0.38 sens50 -0.20 sat None dead 0.03 frozen 0.05 nbin 300 fat 1.502 | 46.4s
ex16|raw|1|0.5|dep|3|0.5|51: static 0.198 sstatic 0.198 c1 0.994 c50 0.257 fac1 0.989 fac50 0.045 lock 0.00 move 0.106 period None osc 0.034@40 pr 6.8 sens10 -0.05 sens50 0.52 sat None dead 0.03 frozen 0.03 nbin 300 fat 0.563 | 43.2s
ex16|raw|1|0.5|dep|30|0.1|51: static 0.105 sstatic 0.105 c1 0.982 c50 0.037 fac1 0.977 fac50 -0.063 lock 0.00 move 0.189 period None osc -0.161@44 pr 10.3 sens10 -0.11 sens50 0.40 sat None dead 0.03 frozen 0.03 nbin 300 fat 0.374 | 26.8s
ex16|raw|1|0.5|dep|30|0.5|50: static 0.217 sstatic 0.217 c1 0.951 c50 0.209 fac1 0.938 fac50 -0.016 lock 0.00 move 0.352 period None osc -0.059@11 pr 14.7 sens10 0.53 sens50 1.64 sat None dead 0.04 frozen 0.10 nbin 300 fat 0.209 | 25.8s
ex16|raw|1|0.5|dep|30|0.5|51: static 0.044 sstatic 0.044 c1 0.954 c50 0.003 fac1 0.950 fac50 -0.030 lock 0.00 move 0.314 period None osc -0.041@48 pr 13.6 sens10 0.37 sens50 1.69 sat None dead 0.03 frozen 0.06 nbin 300 fat 0.211 | 25.4s
ex16|raw|1|0.5|dep|100|0.1|51: static 0.052 sstatic 0.052 c1 0.979 c50 0.058 fac1 0.976 fac50 0.011 lock 0.00 move 0.204 period None osc -0.069@41 pr 11.6 sens10 0.10 sens50 0.58 sat None dead 0.03 frozen 0.03 nbin 300 fat 0.184 | 25.2s
ex16|raw|1|0.5|dep|100|0.5|50: static 0.176 sstatic 0.176 c1 0.966 c50 0.160 fac1 0.958 fac50 -0.022 lock 0.00 move 0.465 period None osc -0.113@11 pr 13.7 sens10 0.31 sens50 0.90 sat None dead 0.04 frozen 0.84 nbin 300 fat 0.181 | 25.2s
ex16|raw|1|0.5|dep|300|0.1|51: static 0.045 sstatic 0.045 c1 0.983 c50 -0.034 fac1 0.980 fac50 -0.075 lock 0.00 move 0.245 period None osc -0.098@45 pr 11.3 sens10 0.10 sens50 0.37 sat None dead 0.03 frozen 0.31 nbin 300 fat 0.167 | 25.2s
ex16|raw|1|0.5|dep|300|0.5|50: static 0.159 sstatic 0.159 c1 0.981 c50 0.149 fac1 0.975 fac50 -0.009 lock 0.00 move 0.537 period None osc -0.125@15 pr 11.6 sens10 0.23 sens50 0.43 sat None dead 0.04 frozen 0.96 nbin 300 fat 0.167 | 25.1s
ex16|raw|1|0.5|dep|300|0.5|51: static 0.056 sstatic 0.056 c1 0.984 c50 0.052 fac1 0.980 fac50 -0.000 lock 0.00 move 0.484 period None osc -0.086@27 pr 10.5 sens10 0.06 sens50 0.38 sat None dead 0.03 frozen 0.99 nbin 300 fat 0.166 | 25.0s
ex16|raw|1|0.9|sub|3|1.0|51: static 0.001 sstatic 0.001 c1 0.973 c50 0.238 fac1 0.969 fac50 0.203 lock 0.00 move 0.235 period None osc -0.887@14 pr 4.6 sens10 -0.47 sens50 -0.40 sat None dead 0.03 frozen 0.08 nbin 300 fat 0.898 | 23.1s
ex16|raw|1|0.9|none|0|0.0|50: static 0.360 sstatic 0.360 c1 1.000 c50 0.681 fac1 0.995 fac50 0.388 lock 0.00 move 0.0177 period None osc 0.388@50 pr 2.3 sens10 0.00 sens50 -0.07 sat None dead 0.04 frozen 0.23 nbin 300 fat None | 35.6s
ex16|raw|1|0.9|none|0|0.0|51: static 0.607 sstatic 0.607 c1 1.000 c50 0.863 fac1 0.993 fac50 0.451 lock 0.26 move 0.0109 period None osc 0.451@50 pr 1.8 sens10 -0.24 sens50 -0.34 sat None dead 0.03 frozen 0.39 nbin 300 fat None | 35.7s
ex16|raw|1|0.9|sub|10|0.5|50: static 0.009 sstatic 0.009 c1 0.997 c50 -0.647 fac1 0.993 fac50 -0.544 lock 0.00 move 0.081 period None osc -0.800@39 pr 3.5 sens10 -0.10 sens50 -0.27 sat None dead 0.04 frozen 0.05 nbin 300 fat 0.403 | 23.9s
ex16|raw|1|0.5|dep|100|0.1|50: static 0.184 sstatic 0.184 c1 0.978 c50 0.255 fac1 0.971 fac50 0.066 lock 0.00 move 0.233 period None osc -0.173@14 pr 11.9 sens10 0.28 sens50 0.66 sat None dead 0.04 frozen 0.04 nbin 300 fat 0.186 | 45.5s
ex16|raw|1|0.5|dep|100|0.5|51: static 0.047 sstatic 0.047 c1 0.968 c50 0.054 fac1 0.964 fac50 0.005 lock 0.00 move 0.359 period None osc -0.054@24 pr 13.0 sens10 0.13 sens50 0.92 sat None dead 0.03 frozen 0.83 nbin 300 fat 0.182 | 45.8s
ex16|raw|1|0.5|dep|300|0.1|50: static 0.164 sstatic 0.164 c1 0.980 c50 0.152 fac1 0.974 fac50 -0.018 lock 0.00 move 0.36 period None osc -0.145@17 pr 12.0 sens10 0.24 sens50 0.44 sat None dead 0.04 frozen 0.36 nbin 300 fat 0.168 | 45.8s
ex16|raw|1|0.9|sub|10|0.5|51: static 0.005 sstatic 0.005 c1 0.997 c50 -0.603 fac1 0.993 fac50 -0.501 lock 0.00 move 0.0827 period None osc -0.766@39 pr 3.8 sens10 -0.22 sens50 -0.32 sat None dead 0.03 frozen 0.04 nbin 300 fat 0.401 | 24.4s
ex16|raw|1|0.9|sub|3|0.5|50: static 0.299 sstatic 0.299 c1 1.000 c50 0.618 fac1 0.995 fac50 0.352 lock 0.00 move 0.0226 period None osc 0.352@50 pr 2.5 sens10 -0.33 sens50 -0.46 sat None dead 0.04 frozen 0.40 nbin 300 fat 0.500 | 43.7s
ex16|raw|1|0.9|sub|3|0.5|51: static 0.545 sstatic 0.545 c1 1.000 c50 0.854 fac1 0.993 fac50 0.466 lock 0.19 move 0.0122 period None osc 0.466@50 pr 1.7 sens10 -0.45 sens50 -0.56 sat None dead 0.03 frozen 0.56 nbin 300 fat 0.500 | 43.7s
ex16|raw|1|0.9|sub|10|1.0|50: static 0.001 sstatic 0.001 c1 0.993 c50 0.624 fac1 0.990 fac50 0.521 lock 0.00 move 0.118 period None osc -0.843@27 pr 4.1 sens10 -0.37 sens50 -0.47 sat None dead 0.04 frozen 0.04 nbin 300 fat 0.668 | 24.6s
ex16|raw|1|0.9|sub|10|1.0|51: static 0.001 sstatic 0.001 c1 0.993 c50 0.609 fac1 0.990 fac50 0.507 lock 0.00 move 0.116 period None osc -0.845@27 pr 4.0 sens10 -0.50 sens50 -0.58 sat None dead 0.03 frozen 0.04 nbin 300 fat 0.707 | 24.6s
ex16|raw|1|0.9|sub|30|0.5|50: static 0.011 sstatic 0.011 c1 0.998 c50 -0.889 fac1 0.995 fac50 -0.743 lock 0.00 move 0.0592 period None osc -0.743@50 pr 2.8 sens10 -0.05 sens50 -0.28 sat None dead 0.03 frozen 0.05 nbin 300 fat 0.262 | 24.5s
ex16|raw|1|0.9|sub|30|0.5|51: static 0.009 sstatic 0.009 c1 0.998 c50 -0.893 fac1 0.995 fac50 -0.745 lock 0.00 move 0.0594 period None osc -0.745@50 pr 3.1 sens10 -0.24 sens50 -0.49 sat None dead 0.03 frozen 0.04 nbin 300 fat 0.258 | 24.3s
ex16|raw|1|0.9|sub|30|1.0|50: static 0.005 sstatic 0.005 c1 0.998 c50 -0.888 fac1 0.994 fac50 -0.742 lock 0.00 move 0.0701 period None osc -0.783@45 pr 3.2 sens10 -0.14 sens50 -0.16 sat None dead 0.03 frozen 0.04 nbin 300 fat 0.466 | 24.4s
ex16|raw|1|0.9|sub|3|1.0|50: static 0.000 sstatic 0.000 c1 0.972 c50 0.181 fac1 0.968 fac50 0.152 lock 0.00 move 0.239 period None osc -0.874@13 pr 5.1 sens10 -0.50 sens50 -0.48 sat None dead 0.04 frozen 0.07 nbin 300 fat 0.862 | 38.3s
ex16|raw|1|0.9|sub|30|1.0|51: static 0.006 sstatic 0.006 c1 0.998 c50 -0.859 fac1 0.994 fac50 -0.719 lock 0.00 move 0.0692 period None osc -0.759@45 pr 3.3 sens10 -0.32 sens50 -0.37 sat None dead 0.03 frozen 0.04 nbin 300 fat 0.477 | 23.4s
ex16|raw|1|0.9|sub|100|1.0|50: static 0.014 sstatic 0.014 c1 0.999 c50 -0.401 fac1 0.996 fac50 -0.335 lock 0.01 move 0.0431 period None osc -0.335@50 pr 2.9 sens10 -0.04 sens50 -0.33 sat None dead 0.00 frozen 0.05 nbin 300 fat 0.255 | 22.9s
ex16|raw|1|0.9|sub|300|1.0|50: static 0.040 sstatic 0.040 c1 1.000 c50 0.210 fac1 0.996 fac50 0.158 lock 0.04 move 0.0292 period None osc 0.158@50 pr 3.0 sens10 -0.02 sens50 -0.25 sat None dead 0.00 frozen 0.06 nbin 300 fat 0.159 | 23.1s
ex16|raw|1|0.9|div|3|0.5|51: static 0.447 sstatic 0.447 c1 1.000 c50 0.707 fac1 0.994 fac50 0.330 lock 0.00 move 0.0185 period None osc 0.330@50 pr 2.6 sens10 -0.39 sens50 -0.35 sat None dead 0.03 frozen 0.32 nbin 300 fat 0.391 | 23.3s
ex16|raw|1|0.9|div|3|2.0|50: static 0.322 sstatic 0.322 c1 0.999 c50 0.380 fac1 0.995 fac50 0.051 lock 0.00 move 0.043 period None osc 0.051@50 pr 4.6 sens10 0.08 sens50 0.44 sat None dead 0.04 frozen 1.00 nbin 1 fat 1.546 | 23.2s
ex16|raw|1|0.9|div|3|2.0|51: static 0.424 sstatic 0.424 c1 0.999 c50 0.480 fac1 0.994 fac50 0.060 lock 0.00 move 0.0376 period None osc 0.060@50 pr 4.5 sens10 -0.44 sens50 -0.13 sat None dead 0.03 frozen 1.00 nbin 1 fat 1.555 | 23.6s
ex16|raw|1|0.9|div|10|0.5|51: static 0.413 sstatic 0.413 c1 1.000 c50 0.559 fac1 0.995 fac50 0.176 lock 0.00 move 0.025 period None osc 0.176@50 pr 3.3 sens10 -0.35 sens50 -0.36 sat None dead 0.03 frozen 0.26 nbin 300 fat 0.390 | 23.8s
ex16|raw|1|0.9|div|10|0.5|50: static 0.508 sstatic 0.508 c1 1.000 c50 0.602 fac1 0.995 fac50 0.126 lock 0.00 move 0.0238 period None osc 0.126@50 pr 3.4 sens10 -0.03 sens50 0.06 sat None dead 0.04 frozen 0.32 nbin 300 fat 0.384 | 24.1s
ex16|raw|1|0.9|sub|100|0.5|50: static 0.017 sstatic 0.017 c1 0.999 c50 -0.191 fac1 0.996 fac50 -0.170 lock 0.01 move 0.0377 period None osc -0.170@50 pr 2.7 sens10 -0.01 sens50 -0.23 sat None dead 0.00 frozen 0.05 nbin 300 fat 0.145 | 41.5s
ex16|raw|1|0.9|sub|100|0.5|51: static 0.022 sstatic 0.022 c1 0.999 c50 -0.164 fac1 0.996 fac50 -0.150 lock 0.01 move 0.0369 period None osc -0.150@50 pr 2.7 sens10 -0.24 sens50 -0.45 sat None dead 0.00 frozen 0.05 nbin 300 fat 0.142 | 42.0s
ex16|raw|1|0.9|sub|300|0.5|51: static 0.074 sstatic 0.074 c1 1.000 c50 0.417 fac1 0.995 fac50 0.300 lock 0.03 move 0.0238 period None osc 0.300@50 pr 2.7 sens10 -0.25 sens50 -0.40 sat None dead 0.00 frozen 0.07 nbin 300 fat 0.087 | 39.5s
ex16|raw|1|0.9|sub|100|1.0|51: static 0.012 sstatic 0.012 c1 0.999 c50 -0.378 fac1 0.996 fac50 -0.317 lock 0.01 move 0.042 period None osc -0.317@50 pr 3.0 sens10 -0.26 sens50 -0.58 sat None dead 0.00 frozen 0.04 nbin 300 fat 0.265 | 41.2s
ex16|raw|1|0.9|div|3|0.5|50: static 0.395 sstatic 0.395 c1 1.000 c50 0.616 fac1 0.994 fac50 0.260 lock 0.00 move 0.0224 period None osc 0.260@50 pr 2.9 sens10 -0.02 sens50 0.04 sat None dead 0.04 frozen 0.26 nbin 300 fat 0.390 | 38.5s
ex16|raw|1|0.9|sub|300|0.5|50: static 0.078 sstatic 0.078 c1 1.000 c50 0.313 fac1 0.995 fac50 0.203 lock 0.03 move 0.027 period None osc 0.203@50 pr 2.9 sens10 0.00 sens50 -0.09 sat None dead 0.00 frozen 0.07 nbin 300 fat 0.091 | 42.6s
ex16|raw|1|0.9|div|10|2.0|50: static 0.288 sstatic 0.288 c1 0.999 c50 0.254 fac1 0.994 fac50 -0.047 lock 0.00 move 0.0527 period None osc -0.047@50 pr 5.8 sens10 0.02 sens50 0.56 sat None dead 0.04 frozen 0.75 nbin 300 fat 1.543 | 36.1s
ex16|raw|1|0.9|sub|300|1.0|51: static 0.044 sstatic 0.044 c1 1.000 c50 0.296 fac1 0.996 fac50 0.229 lock 0.03 move 0.0275 period None osc 0.229@50 pr 2.7 sens10 -0.25 sens50 -0.43 sat None dead 0.00 frozen 0.06 nbin 300 fat 0.147 | 42.8s
ex16|raw|1|0.9|div|10|2.0|51: static 0.190 sstatic 0.190 c1 0.999 c50 0.144 fac1 0.994 fac50 -0.060 lock 0.00 move 0.0526 period None osc -0.060@50 pr 5.6 sens10 -0.43 sens50 -0.13 sat None dead 0.03 frozen 0.72 nbin 300 fat 1.570 | 32.5s
ex16|raw|1|0.9|div|30|0.5|51: static 0.353 sstatic 0.353 c1 1.000 c50 0.399 fac1 0.995 fac50 0.037 lock 0.00 move 0.0284 period None osc 0.037@50 pr 4.0 sens10 -0.33 sens50 -0.32 sat None dead 0.03 frozen 0.22 nbin 300 fat 0.390 | 31.5s
ex16|raw|1|0.9|div|30|0.5|50: static 0.302 sstatic 0.302 c1 1.000 c50 0.372 fac1 0.995 fac50 0.082 lock 0.00 move 0.0294 period None osc 0.082@50 pr 3.7 sens10 -0.02 sens50 0.12 sat None dead 0.04 frozen 0.19 nbin 300 fat 0.387 | 35.7s
ex16|raw|1|0.9|div|30|2.0|50: static 0.251 sstatic 0.251 c1 0.999 c50 0.078 fac1 0.994 fac50 -0.194 lock 0.00 move 0.0482 period None osc -0.194@50 pr 5.8 sens10 -0.02 sens50 0.24 sat None dead 0.04 frozen 0.41 nbin 300 fat 1.550 | 32.3s
ex16|raw|1|0.9|div|100|0.5|51: static 0.284 sstatic 0.284 c1 1.000 c50 0.540 fac1 0.995 fac50 0.251 lock 0.00 move 0.0229 period None osc 0.251@50 pr 3.0 sens10 -0.35 sens50 -0.40 sat None dead 0.03 frozen 0.20 nbin 300 fat 0.390 | 32.3s
ex16|raw|1|0.9|div|100|0.5|50: static 0.244 sstatic 0.244 c1 1.000 c50 0.396 fac1 0.996 fac50 0.164 lock 0.00 move 0.0273 period None osc 0.164@50 pr 3.3 sens10 -0.03 sens50 -0.07 sat None dead 0.04 frozen 0.18 nbin 300 fat 0.388 | 35.9s
ex16|raw|1|0.9|div|100|2.0|51: static 0.209 sstatic 0.209 c1 0.999 c50 0.244 fac1 0.995 fac50 0.025 lock 0.00 move 0.0338 period None osc 0.025@50 pr 4.4 sens10 -0.51 sens50 -0.54 sat None dead 0.03 frozen 0.41 nbin 300 fat 1.558 | 30.3s
ex16|raw|1|0.9|div|100|2.0|50: static 0.238 sstatic 0.238 c1 0.999 c50 0.249 fac1 0.995 fac50 -0.005 lock 0.00 move 0.0353 period None osc -0.005@50 pr 4.5 sens10 -0.06 sens50 0.09 sat None dead 0.04 frozen 0.41 nbin 300 fat 1.550 | 36.7s
ex16|raw|1|0.9|div|30|2.0|51: static 0.189 sstatic 0.189 c1 0.999 c50 0.104 fac1 0.995 fac50 -0.095 lock 0.00 move 0.0452 period None osc -0.095@50 pr 5.5 sens10 -0.46 sens50 -0.29 sat None dead 0.03 frozen 0.39 nbin 300 fat 1.552 | 41.7s
ex16|raw|1|0.9|div|300|0.5|50: static 0.351 sstatic 0.351 c1 1.000 c50 0.580 fac1 0.995 fac50 0.272 lock 0.00 move 0.0217 period None osc 0.272@50 pr 2.9 sens10 -0.02 sens50 -0.06 sat None dead 0.04 frozen 0.26 nbin 300 fat 0.374 | 33.0s
ex16|raw|1|0.9|div|300|2.0|50: static 0.309 sstatic 0.309 c1 1.000 c50 0.502 fac1 0.995 fac50 0.206 lock 0.00 move 0.0257 period None osc 0.206@50 pr 3.3 sens10 -0.05 sens50 0.04 sat None dead 0.04 frozen 0.49 nbin 300 fat 1.493 | 29.9s
ex16|raw|1|0.9|div|300|0.5|51: static 0.277 sstatic 0.277 c1 1.000 c50 0.546 fac1 0.995 fac50 0.281 lock 0.00 move 0.0215 period None osc 0.281@50 pr 2.9 sens10 -0.35 sens50 -0.39 sat None dead 0.03 frozen 0.22 nbin 300 fat 0.376 | 31.0s
ex16|raw|1|0.9|dep|3|0.1|50: static 0.320 sstatic 0.320 c1 1.000 c50 0.705 fac1 0.995 fac50 0.413 lock 0.00 move 0.0174 period None osc 0.413@50 pr 2.1 sens10 0.00 sens50 -0.04 sat None dead 0.04 frozen 0.22 nbin 300 fat 0.853 | 33.3s
ex16|raw|1|0.9|div|300|2.0|51: static 0.264 sstatic 0.264 c1 1.000 c50 0.473 fac1 0.996 fac50 0.221 lock 0.00 move 0.0249 period None osc 0.221@50 pr 3.2 sens10 -0.54 sens50 -0.61 sat None dead 0.03 frozen 0.47 nbin 300 fat 1.503 | 41.7s
ex16|raw|1|0.9|dep|3|0.5|50: static 0.508 sstatic 0.508 c1 1.000 c50 0.778 fac1 0.994 fac50 0.382 lock 0.00 move 0.0176 period None osc 0.382@50 pr 2.2 sens10 0.10 sens50 0.31 sat None dead 0.04 frozen 0.29 nbin 300 fat 0.570 | 39.7s
ex16|raw|1|0.9|dep|3|0.5|51: static 0.642 sstatic 0.642 c1 1.000 c50 0.825 fac1 0.994 fac50 0.346 lock 0.00 move 0.0144 period None osc 0.346@50 pr 2.4 sens10 -0.18 sens50 -0.22 sat None dead 0.03 frozen 0.38 nbin 300 fat 0.565 | 38.7s
ex16|raw|1|0.9|dep|3|0.1|51: static 0.459 sstatic 0.459 c1 1.000 c50 0.790 fac1 0.994 fac50 0.431 lock 0.00 move 0.014 period None osc 0.431@50 pr 2.0 sens10 -0.23 sens50 -0.33 sat None dead 0.03 frozen 0.29 nbin 300 fat 0.850 | 45.9s
ex16|raw|1|0.9|dep|10|0.1|50: static 0.430 sstatic 0.430 c1 1.000 c50 0.670 fac1 0.995 fac50 0.310 lock 0.00 move 0.0201 period None osc 0.310@50 pr 2.7 sens10 0.08 sens50 0.28 sat None dead 0.04 frozen 0.25 nbin 300 fat 0.651 | 34.2s
ex16|raw|1|0.9|dep|10|0.5|50: static 0.620 sstatic 0.620 c1 1.000 c50 0.676 fac1 0.995 fac50 0.120 lock 0.00 move 0.029 period None osc 0.120@50 pr 3.7 sens10 0.38 sens50 1.05 sat None dead 0.04 frozen 0.31 nbin 300 fat 0.327 | 35.2s
ex16|raw|1|0.9|dep|10|0.5|51: static 0.478 sstatic 0.478 c1 1.000 c50 0.610 fac1 0.995 fac50 0.182 lock 0.00 move 0.0278 period None osc 0.182@50 pr 3.4 sens10 0.01 sens50 0.33 sat None dead 0.03 frozen 0.23 nbin 300 fat 0.323 | 37.2s
ex16|raw|1|0.9|dep|30|0.1|50: static 0.562 sstatic 0.562 c1 1.000 c50 0.575 fac1 0.994 fac50 -0.008 lock 0.00 move 0.0314 period None osc -0.008@50 pr 4.5 sens10 0.34 sens50 0.92 sat None dead 0.04 frozen 0.26 nbin 300 fat 0.408 | 38.3s
ex16|raw|1|0.9|dep|10|0.1|51: static 0.433 sstatic 0.433 c1 1.000 c50 0.701 fac1 0.994 fac50 0.337 lock 0.00 move 0.0186 period None osc 0.337@50 pr 2.5 sens10 -0.18 sens50 -0.24 sat None dead 0.03 frozen 0.24 nbin 300 fat 0.649 | 49.4s
ex16|raw|1|0.9|dep|30|0.1|51: static 0.355 sstatic 0.355 c1 1.000 c50 0.458 fac1 0.995 fac50 0.128 lock 0.00 move 0.0301 period None osc 0.128@50 pr 3.7 sens10 -0.09 sens50 -0.01 sat None dead 0.03 frozen 0.16 nbin 300 fat 0.401 | 43.3s
ex16|raw|1|0.9|dep|30|0.5|51: static 0.289 sstatic 0.289 c1 0.999 c50 0.408 fac1 0.995 fac50 0.123 lock 0.00 move 0.0412 period None osc 0.123@50 pr 4.1 sens10 0.30 sens50 1.05 sat None dead 0.03 frozen 0.11 nbin 300 fat 0.159 | 41.8s
ex16|raw|1|0.9|dep|100|0.1|50: static 0.412 sstatic 0.412 c1 0.999 c50 0.393 fac1 0.995 fac50 -0.066 lock 0.00 move 0.0449 period None osc -0.066@50 pr 5.5 sens10 0.61 sens50 1.29 sat None dead 0.04 frozen 0.16 nbin 300 fat 0.190 | 41.2s
ex16|raw|1|0.9|dep|100|0.5|51: static 0.286 sstatic 0.286 c1 0.999 c50 0.340 fac1 0.994 fac50 0.032 lock 0.00 move 0.0524 period None osc 0.032@50 pr 5.0 sens10 0.69 sens50 1.63 sat None dead 0.03 frozen 0.13 nbin 300 fat 0.082 | 36.2s
ex16|raw|1|0.9|dep|100|0.1|51: static 0.248 sstatic 0.248 c1 0.999 c50 0.251 fac1 0.994 fac50 -0.013 lock 0.00 move 0.0439 period None osc -0.013@50 pr 5.1 sens10 0.11 sens50 0.38 sat None dead 0.03 frozen 0.08 nbin 300 fat 0.182 | 44.0s
ex16|raw|1|0.9|dep|30|0.5|50: static 0.577 sstatic 0.577 c1 0.999 c50 0.607 fac1 0.994 fac50 0.038 lock 0.00 move 0.042 period None osc 0.038@50 pr 4.9 sens10 0.85 sens50 1.73 sat None dead 0.04 frozen 0.25 nbin 300 fat 0.164 | 48.6s
ex16|raw|1|0.9|dep|100|0.5|50: static 0.499 sstatic 0.499 c1 0.999 c50 0.486 fac1 0.994 fac50 -0.016 lock 0.00 move 0.0534 period None osc -0.016@50 pr 5.8 sens10 1.21 sens50 2.36 sat None dead 0.04 frozen 0.25 nbin 300 fat 0.087 | 45.3s
ex16|raw|1|0.9|dep|300|0.1|51: static 0.227 sstatic 0.227 c1 0.999 c50 0.200 fac1 0.995 fac50 -0.037 lock 0.00 move 0.0474 period None osc -0.037@50 pr 5.3 sens10 0.42 sens50 0.82 sat None dead 0.03 frozen 0.08 nbin 300 fat 0.087 | 40.3s
ex16|raw|1|0.9|dep|300|0.1|50: static 0.390 sstatic 0.390 c1 0.999 c50 0.324 fac1 0.995 fac50 -0.088 lock 0.00 move 0.0493 period None osc -0.088@50 pr 5.8 sens10 0.99 sens50 1.81 sat None dead 0.04 frozen 0.16 nbin 300 fat 0.093 | 43.5s
ex16|raw|1|0.9|dep|300|0.5|50: static 0.307 sstatic 0.307 c1 0.998 c50 0.232 fac1 0.993 fac50 -0.089 lock 0.00 move 0.0841 period None osc -0.089@50 pr 7.0 sens10 1.11 sens50 2.03 sat None dead 0.04 frozen 0.69 nbin 300 fat 0.076 | 43.1s
ex16|raw|0|0.0|div|3|2.0|51: static 0.008 sstatic 0.008 c1 0.015 c50 0.016 fac1 0.008 fac50 0.007 lock 0.00 move 1.4 period None osc -0.075@16 pr 20.0 sens10 0.25 sens50 1.34 sat None dead 0.03 frozen 0.03 nbin 300 fat 2.187 | 28.2s
ex16|raw|1|0.9|dep|300|0.5|51: static 0.157 sstatic 0.157 c1 0.998 c50 0.094 fac1 0.994 fac50 -0.081 lock 0.00 move 0.0718 period None osc -0.081@50 pr 6.5 sens10 0.65 sens50 1.36 sat None dead 0.03 frozen 0.65 nbin 300 fat 0.073 | 43.1s
ex16|raw|0|0.0|div|3|0.5|50: static 0.005 sstatic 0.005 c1 0.009 c50 0.009 fac1 0.005 fac50 0.003 lock 0.00 move 1.41 period None osc -0.042@39 pr 20.4 sens10 0.24 sens50 1.21 sat None dead 0.04 frozen 0.04 nbin 300 fat 2.194 | 42.1s
ex16|raw|0|0.0|div|3|0.5|51: static 0.006 sstatic 0.006 c1 0.019 c50 0.017 fac1 0.013 fac50 0.008 lock 0.00 move 1.4 period None osc -0.052@14 pr 20.0 sens10 0.23 sens50 1.27 sat None dead 0.03 frozen 0.03 nbin 300 fat 2.187 | 40.3s
ex16|raw|0|0.0|div|3|2.0|50: static 0.037 sstatic 0.037 c1 0.016 c50 0.012 fac1 -0.027 fac50 -0.021 lock 0.00 move 1.4 period None osc -0.056@6 pr 20.5 sens10 0.25 sens50 1.28 sat None dead 0.04 frozen 0.04 nbin 300 fat 2.186 | 36.1s
ex16|raw|0|0.0|div|10|0.5|51: static 0.012 sstatic 0.012 c1 0.045 c50 0.062 fac1 0.035 fac50 0.043 lock 0.00 move 1.38 period None osc -0.152@26 pr 18.1 sens10 0.07 sens50 0.37 sat None dead 0.03 frozen 0.03 nbin 300 fat 2.522 | 31.5s
ex16|raw|0|0.0|div|10|0.5|50: static 0.010 sstatic 0.010 c1 0.039 c50 0.032 fac1 0.029 fac50 0.020 lock 0.00 move 1.39 period None osc -0.085@35 pr 18.7 sens10 0.09 sens50 0.38 sat None dead 0.04 frozen 0.04 nbin 300 fat 2.511 | 34.0s
ex16|raw|0|0.0|div|10|2.0|50: static 0.037 sstatic 0.037 c1 0.040 c50 0.013 fac1 0.003 fac50 -0.020 lock 0.00 move 1.38 period None osc -0.113@6 pr 18.8 sens10 0.07 sens50 0.38 sat None dead 0.04 frozen 0.04 nbin 300 fat 2.520 | 35.0s
ex16|raw|0|0.0|div|30|2.0|51: static 0.008 sstatic 0.008 c1 0.083 c50 0.019 fac1 0.075 fac50 0.009 lock 0.00 move 1.35 period None osc -0.139@46 pr 16.9 sens10 0.03 sens50 0.16 sat None dead 0.03 frozen 0.03 nbin 300 fat 2.609 | 30.0s
ex16|raw|0|0.0|div|30|0.5|51: static 0.003 sstatic 0.003 c1 0.043 c50 0.030 fac1 0.042 fac50 0.023 lock 0.00 move 1.38 period None osc -0.110@15 pr 16.7 sens10 0.02 sens50 0.13 sat None dead 0.03 frozen 0.03 nbin 300 fat 2.581 | 33.9s
ex16|raw|0|0.0|div|10|2.0|51: static 0.025 sstatic 0.025 c1 0.019 c50 0.047 fac1 -0.006 fac50 0.017 lock 0.00 move 1.39 period None osc -0.113@35 pr 18.3 sens10 0.07 sens50 0.43 sat None dead 0.03 frozen 0.03 nbin 300 fat 2.504 | 38.1s
ex16|raw|0|0.0|div|30|0.5|50: static 0.007 sstatic 0.007 c1 0.067 c50 0.024 fac1 0.060 fac50 0.014 lock 0.00 move 1.36 period None osc -0.102@30 pr 17.4 sens10 0.05 sens50 0.13 sat None dead 0.04 frozen 0.04 nbin 300 fat 2.598 | 38.3s
ex16|raw|0|0.0|div|100|0.5|51: static 0.005 sstatic 0.005 c1 0.097 c50 0.049 fac1 0.095 fac50 0.036 lock 0.00 move 1.34 period None osc -0.129@46 pr 16.1 sens10 0.04 sens50 0.13 sat None dead 0.03 frozen 0.03 nbin 300 fat 2.662 | 29.1s
ex16|raw|0|0.0|div|30|2.0|50: static 0.037 sstatic 0.037 c1 0.053 c50 0.030 fac1 0.012 fac50 -0.007 lock 0.00 move 1.37 period None osc -0.102@19 pr 18.5 sens10 0.03 sens50 0.07 sat None dead 0.04 frozen 0.04 nbin 300 fat 2.628 | 40.7s
ex16|raw|0|0.0|div|300|0.5|50: static 0.009 sstatic 0.009 c1 -0.086 c50 0.025 fac1 -0.103 fac50 0.014 lock 0.00 move 1.45 period None osc -0.276@19 pr 14.7 sens10 0.03 sens50 0.13 sat None dead 0.04 frozen 0.04 nbin 300 fat 2.649 | 24.3s
ex16|raw|0|0.0|div|300|2.0|50: static 0.034 sstatic 0.034 c1 0.055 c50 0.045 fac1 0.024 fac50 0.012 lock 0.00 move 1.38 period None osc -0.183@6 pr 17.2 sens10 0.04 sens50 -0.03 sat None dead 0.04 frozen 0.04 nbin 300 fat 2.686 | 25.0s
ex16|raw|0|0.0|div|100|0.5|50: static 0.011 sstatic 0.011 c1 0.138 c50 0.073 fac1 0.133 fac50 0.054 lock 0.00 move 1.31 period None osc -0.154@2 pr 16.4 sens10 0.05 sens50 0.09 sat None dead 0.04 frozen 0.04 nbin 300 fat 2.636 | 34.6s
ex16|raw|0|0.0|div|300|0.5|51: static 0.042 sstatic 0.042 c1 0.002 c50 0.181 fac1 -0.042 fac50 0.122 lock 0.00 move 1.41 period None osc -0.266@46 pr 13.6 sens10 0.06 sens50 0.17 sat None dead 0.03 frozen 0.03 nbin 300 fat 2.651 | 31.1s
ex16|raw|0|0.0|dep|10|0.5|50: static 0.091 sstatic 0.091 c1 0.041 c50 0.060 fac1 -0.057 fac50 -0.025 lock 0.00 move 1.37 period None osc -0.058@6 pr 19.5 sens10 0.33 sens50 1.08 sat None dead 0.04 frozen 0.04 nbin 300 fat 0.339 | 25.3s
ex16|raw|0|0.0|dep|10|0.5|51: static 0.018 sstatic 0.018 c1 0.016 c50 0.047 fac1 -0.000 fac50 0.024 lock 0.00 move 1.4 period None osc -0.053@35 pr 18.5 sens10 0.37 sens50 1.33 sat None dead 0.03 frozen 0.03 nbin 300 fat 0.343 | 25.1s
ex16|raw|0|0.0|div|100|2.0|50: static 0.036 sstatic 0.036 c1 0.073 c50 -0.038 fac1 0.042 fac50 -0.066 lock 0.00 move 1.35 period None osc -0.131@19 pr 17.8 sens10 0.01 sens50 -0.03 sat None dead 0.04 frozen 0.04 nbin 300 fat 2.642 | 38.6s
ex16|raw|0|0.0|div|100|2.0|51: static 0.012 sstatic 0.012 c1 0.097 c50 -0.012 fac1 0.085 fac50 -0.023 lock 0.00 move 1.33 period None osc -0.159@46 pr 16.1 sens10 0.05 sens50 0.07 sat None dead 0.03 frozen 0.03 nbin 300 fat 2.641 | 37.8s
ex16|raw|0|0.0|dep|30|0.5|50: static 0.090 sstatic 0.090 c1 0.060 c50 0.059 fac1 -0.032 fac50 -0.028 lock 0.00 move 1.29 period None osc -0.074@6 pr 19.3 sens10 0.11 sens50 0.29 sat None dead 0.04 frozen 0.38 nbin 300 fat 0.315 | 25.3s
ex16|raw|0|0.0|dep|100|0.1|50: static 0.088 sstatic 0.088 c1 0.081 c50 0.049 fac1 -0.006 fac50 -0.034 lock 0.00 move 1.32 period None osc -0.092@6 pr 19.1 sens10 0.08 sens50 -0.04 sat None dead 0.04 frozen 0.09 nbin 300 fat 0.299 | 24.8s
ex16|raw|0|0.0|div|300|2.0|51: static 0.080 sstatic 0.080 c1 0.077 c50 -0.093 fac1 0.002 fac50 -0.162 lock 0.00 move 1.36 period None osc -0.211@38 pr 13.5 sens10 0.06 sens50 0.13 sat None dead 0.03 frozen 0.03 nbin 300 fat 2.653 | 40.2s
ex16|raw|0|0.0|dep|300|0.1|51: static 0.023 sstatic 0.023 c1 0.093 c50 -0.033 fac1 0.073 fac50 -0.051 lock 0.00 move 1.28 period None osc -0.168@35 pr 15.9 sens10 0.13 sens50 0.23 sat None dead 0.03 frozen 0.94 nbin 300 fat 0.302 | 24.6s
ex16|raw|0|0.0|dep|300|0.5|50: static 0.091 sstatic 0.091 c1 0.059 c50 0.058 fac1 -0.029 fac50 -0.028 lock 0.00 move 1.1 period None osc -0.090@6 pr 18.8 sens10 -0.02 sens50 -0.21 sat None dead 0.04 frozen 0.96 nbin 300 fat 0.290 | 24.8s
ex16|raw|0|0.0|dep|300|0.5|51: static 0.034 sstatic 0.034 c1 0.037 c50 0.061 fac1 0.000 fac50 0.023 lock 0.00 move 1.13 period None osc -0.182@46 pr 16.2 sens10 0.08 sens50 0.19 sat None dead 0.03 frozen 0.99 nbin 298 fat 0.302 | 24.8s
ex16|raw|0|0.5|div|3|0.5|51: static 0.026 sstatic 0.026 c1 0.922 c50 0.055 fac1 0.918 fac50 0.023 lock 0.00 move 0.391 period None osc -0.055@22 pr 16.4 sens10 0.16 sens50 2.34 sat None dead 0.03 frozen 0.03 nbin 300 fat 4.492 | 23.1s
ex16|raw|0|0.0|dep|30|0.5|51: static 0.027 sstatic 0.027 c1 0.021 c50 0.101 fac1 -0.007 fac50 0.064 lock 0.00 move 1.37 period None osc -0.090@46 pr 18.3 sens10 0.22 sens50 0.63 sat None dead 0.03 frozen 0.37 nbin 300 fat 0.320 | 45.2s
ex16|raw|0|0.5|div|3|0.5|50: static 0.022 sstatic 0.022 c1 0.922 c50 -0.019 fac1 0.918 fac50 -0.034 lock 0.00 move 0.392 period None osc -0.037@49 pr 16.6 sens10 0.26 sens50 2.07 sat None dead 0.04 frozen 0.04 nbin 300 fat 4.455 | 30.3s
ex16|raw|0|0.5|div|3|2.0|51: static 0.035 sstatic 0.035 c1 0.923 c50 0.027 fac1 0.918 fac50 -0.007 lock 0.00 move 0.389 period None osc -0.028@23 pr 16.4 sens10 0.18 sens50 1.84 sat None dead 0.03 frozen 0.03 nbin 300 fat 4.466 | 25.6s
ex16|raw|0|0.0|dep|100|0.1|51: static 0.047 sstatic 0.047 c1 0.064 c50 0.084 fac1 0.014 fac50 0.032 lock 0.00 move 1.35 period None osc -0.160@35 pr 16.5 sens10 0.13 sens50 0.26 sat None dead 0.03 frozen 0.11 nbin 300 fat 0.307 | 45.8s
ex16|raw|0|0.5|div|10|0.5|51: static 0.055 sstatic 0.055 c1 0.960 c50 0.081 fac1 0.956 fac50 0.021 lock 0.00 move 0.277 period None osc -0.081@21 pr 14.6 sens10 -0.19 sens50 0.53 sat None dead 0.03 frozen 0.03 nbin 300 fat 5.260 | 24.4s
ex16|raw|0|0.0|dep|100|0.5|50: static 0.092 sstatic 0.092 c1 0.064 c50 0.056 fac1 -0.023 fac50 -0.031 lock 0.00 move 1.15 period None osc -0.077@6 pr 19.0 sens10 0.02 sens50 -0.06 sat None dead 0.04 frozen 0.96 nbin 300 fat 0.296 | 46.1s
ex16|raw|0|0.5|div|10|2.0|50: static 0.072 sstatic 0.072 c1 0.959 c50 0.063 fac1 0.954 fac50 -0.008 lock 0.00 move 0.286 period None osc -0.092@11 pr 14.6 sens10 -0.21 sens50 0.54 sat None dead 0.04 frozen 0.04 nbin 300 fat 5.179 | 24.3s
ex16|raw|0|0.0|dep|100|0.5|51: static 0.046 sstatic 0.046 c1 0.076 c50 0.156 fac1 0.033 fac50 0.098 lock 0.00 move 1.23 period None osc -0.169@46 pr 16.8 sens10 0.11 sens50 0.27 sat None dead 0.03 frozen 0.99 nbin 299 fat 0.306 | 45.6s
ex16|raw|0|0.0|dep|300|0.1|50: static 0.093 sstatic 0.093 c1 0.075 c50 0.054 fac1 -0.014 fac50 -0.031 lock 0.00 move 1.2 period None osc -0.089@6 pr 18.9 sens10 0.01 sens50 -0.24 sat None dead 0.04 frozen 0.91 nbin 300 fat 0.291 | 46.2s
ex16|raw|0|0.5|div|3|2.0|50: static 0.043 sstatic 0.043 c1 0.920 c50 -0.004 fac1 0.914 fac50 -0.045 lock 0.00 move 0.401 period None osc -0.049@15 pr 16.9 sens10 0.22 sens50 2.15 sat None dead 0.04 frozen 0.04 nbin 300 fat 4.531 | 38.0s
ex16|raw|0|0.5|div|30|0.5|50: static 0.067 sstatic 0.067 c1 0.980 c50 0.029 fac1 0.976 fac50 -0.034 lock 0.00 move 0.194 period None osc -0.132@15 pr 12.3 sens10 -0.36 sens50 -0.04 sat None dead 0.04 frozen 0.04 nbin 300 fat 5.599 | 24.2s
ex16|raw|0|0.5|div|30|0.5|51: static 0.039 sstatic 0.039 c1 0.980 c50 0.002 fac1 0.976 fac50 -0.035 lock 0.00 move 0.195 period None osc -0.088@28 pr 12.3 sens10 -0.38 sens50 -0.14 sat None dead 0.03 frozen 0.03 nbin 300 fat 5.803 | 25.4s
ex16|raw|0|0.5|div|30|2.0|50: static 0.050 sstatic 0.050 c1 0.980 c50 0.033 fac1 0.976 fac50 -0.010 lock 0.00 move 0.202 period None osc -0.092@14 pr 12.5 sens10 -0.32 sens50 0.07 sat None dead 0.04 frozen 0.04 nbin 300 fat 5.794 | 26.0s
ex16|raw|0|0.5|div|10|0.5|50: static 0.028 sstatic 0.028 c1 0.960 c50 0.011 fac1 0.956 fac50 -0.011 lock 0.00 move 0.281 period None osc -0.023@11 pr 14.5 sens10 -0.20 sens50 0.66 sat None dead 0.04 frozen 0.04 nbin 300 fat 5.271 | 42.8s
ex16|raw|0|0.5|div|30|2.0|51: static 0.032 sstatic 0.032 c1 0.980 c50 -0.005 fac1 0.977 fac50 -0.034 lock 0.00 move 0.198 period None osc -0.062@14 pr 12.3 sens10 -0.37 sens50 -0.02 sat None dead 0.03 frozen 0.03 nbin 300 fat 5.806 | 23.8s
ex16|raw|0|0.5|div|10|2.0|51: static 0.024 sstatic 0.024 c1 0.961 c50 -0.017 fac1 0.958 fac50 -0.036 lock 0.00 move 0.277 period None osc -0.074@43 pr 14.3 sens10 -0.20 sens50 0.52 sat None dead 0.03 frozen 0.03 nbin 300 fat 5.251 | 42.5s
ex16|raw|0|0.5|div|100|0.5|51: static 0.066 sstatic 0.066 c1 0.991 c50 0.035 fac1 0.987 fac50 -0.030 lock 0.00 move 0.131 period None osc -0.117@26 pr 9.7 sens10 -0.45 sens50 -0.35 sat None dead 0.03 frozen 0.03 nbin 300 fat 6.175 | 25.1s
ex16|raw|0|0.5|div|300|0.5|50: static 0.070 sstatic 0.070 c1 0.994 c50 0.131 fac1 0.990 fac50 0.053 lock 0.00 move 0.109 period None osc -0.134@25 pr 8.0 sens10 -0.40 sens50 -0.36 sat None dead 0.04 frozen 0.04 nbin 300 fat 6.026 | 27.0s
ex16|raw|0|0.5|div|100|2.0|50: static 0.063 sstatic 0.063 c1 0.990 c50 0.002 fac1 0.986 fac50 -0.049 lock 0.00 move 0.145 period None osc -0.111@19 pr 10.1 sens10 -0.40 sens50 -0.31 sat None dead 0.04 frozen 0.04 nbin 300 fat 6.015 | 28.6s
ex16|raw|0|0.5|div|300|2.0|50: static 0.056 sstatic 0.056 c1 0.994 c50 0.125 fac1 0.991 fac50 0.062 lock 0.00 move 0.114 period None osc -0.130@30 pr 7.9 sens10 -0.48 sens50 -0.53 sat None dead 0.04 frozen 0.04 nbin 300 fat 6.110 | 28.4s
ex16|raw|0|0.5|div|100|0.5|50: static 0.056 sstatic 0.056 c1 0.991 c50 0.097 fac1 0.987 fac50 0.025 lock 0.00 move 0.134 period None osc -0.116@21 pr 9.9 sens10 -0.38 sens50 -0.39 sat None dead 0.04 frozen 0.04 nbin 300 fat 6.050 | 39.1s
ex16|raw|0|0.5|div|100|2.0|51: static 0.090 sstatic 0.090 c1 0.991 c50 0.084 fac1 0.986 fac50 -0.018 lock 0.00 move 0.133 period None osc -0.136@23 pr 9.9 sens10 -0.46 sens50 -0.35 sat None dead 0.03 frozen 0.04 nbin 300 fat 6.027 | 42.2s
ex16|raw|0|0.5|div|300|0.5|51: static 0.097 sstatic 0.097 c1 0.996 c50 0.033 fac1 0.992 fac50 -0.073 lock 0.00 move 0.0877 period None osc -0.163@32 pr 7.2 sens10 -0.50 sens50 -0.61 sat None dead 0.03 frozen 0.03 nbin 300 fat 6.157 | 40.3s
ex16|raw|0|0.5|dep|100|0.1|50: static 0.188 sstatic 0.188 c1 0.981 c50 0.173 fac1 0.974 fac50 -0.013 lock 0.00 move 0.23 period None osc -0.160@15 pr 11.0 sens10 0.23 sens50 0.63 sat None dead 0.04 frozen 0.04 nbin 300 fat 0.185 | 37.2s
ex16|raw|0|0.5|div|300|2.0|51: static 0.095 sstatic 0.095 c1 0.995 c50 0.000 fac1 0.991 fac50 -0.083 lock 0.00 move 0.0985 period None osc -0.241@28 pr 7.9 sens10 -0.49 sens50 -0.48 sat None dead 0.03 frozen 0.05 nbin 300 fat 6.116 | 41.6s
ex16|raw|0|0.5|dep|30|0.5|50: static 0.228 sstatic 0.228 c1 0.953 c50 0.224 fac1 0.940 fac50 -0.007 lock 0.00 move 0.368 period None osc -0.093@12 pr 14.4 sens10 0.40 sens50 1.76 sat None dead 0.04 frozen 0.14 nbin 300 fat 0.224 | 41.1s
ex16|raw|0|0.5|dep|100|0.5|51: static 0.038 sstatic 0.038 c1 0.971 c50 0.066 fac1 0.968 fac50 0.023 lock 0.00 move 0.377 period None osc -0.063@39 pr 12.4 sens10 0.13 sens50 0.72 sat None dead 0.03 frozen 0.90 nbin 300 fat 0.196 | 38.1s
ex16|raw|0|0.5|dep|30|0.5|51: static 0.041 sstatic 0.041 c1 0.955 c50 0.032 fac1 0.951 fac50 -0.005 lock 0.00 move 0.318 period None osc -0.028@23 pr 13.6 sens10 0.40 sens50 1.74 sat None dead 0.03 frozen 0.09 nbin 300 fat 0.226 | 47.1s
ex16|raw|0|0.5|dep|300|0.1|50: static 0.160 sstatic 0.160 c1 0.981 c50 0.145 fac1 0.975 fac50 -0.017 lock 0.00 move 0.39 period None osc -0.129@15 pr 11.7 sens10 0.22 sens50 0.36 sat None dead 0.04 frozen 0.46 nbin 300 fat 0.184 | 41.0s
ex16|raw|0|0.9|div|3|0.5|50: static 0.151 sstatic 0.151 c1 0.992 c50 0.129 fac1 0.987 fac50 -0.035 lock 0.00 move 0.125 period None osc -0.035@50 pr 8.3 sens10 0.11 sens50 1.79 sat None dead 0.04 frozen 0.04 nbin 300 fat 24.749 | 32.1s
ex16|raw|0|0.5|dep|100|0.1|51: static 0.032 sstatic 0.032 c1 0.982 c50 0.182 fac1 0.979 fac50 0.125 lock 0.00 move 0.195 period None osc -0.015@15 pr 9.8 sens10 0.13 sens50 0.58 sat None dead 0.03 frozen 0.03 nbin 300 fat 0.188 | 45.4s
ex16|raw|0|0.5|dep|100|0.5|50: static 0.188 sstatic 0.188 c1 0.969 c50 0.159 fac1 0.960 fac50 -0.023 lock 0.00 move 0.482 period None osc -0.121@12 pr 13.3 sens10 0.28 sens50 0.75 sat None dead 0.04 frozen 0.89 nbin 300 fat 0.194 | 49.1s
ex16|raw|0|0.9|div|3|0.5|51: static 0.201 sstatic 0.201 c1 0.992 c50 0.199 fac1 0.987 fac50 -0.016 lock 0.00 move 0.121 period None osc -0.016@50 pr 8.3 sens10 -0.20 sens50 1.33 sat None dead 0.03 frozen 0.04 nbin 300 fat 24.010 | 38.4s
ex16|raw|0|0.9|div|3|2.0|50: static 0.151 sstatic 0.151 c1 0.992 c50 0.123 fac1 0.987 fac50 -0.031 lock 0.00 move 0.126 period None osc -0.031@50 pr 8.2 sens10 0.08 sens50 1.66 sat None dead 0.04 frozen 0.04 nbin 300 fat 23.951 | 33.9s
ex16|raw|0|0.5|dep|300|0.5|50: static 0.169 sstatic 0.169 c1 0.981 c50 0.166 fac1 0.975 fac50 -0.003 lock 0.00 move 0.543 period None osc -0.151@16 pr 11.7 sens10 0.13 sens50 0.27 sat None dead 0.04 frozen 0.96 nbin 300 fat 0.179 | 46.8s
ex16|raw|0|0.5|dep|300|0.1|51: static 0.042 sstatic 0.042 c1 0.984 c50 0.007 fac1 0.980 fac50 -0.035 lock 0.00 move 0.265 period None osc -0.066@16 pr 10.8 sens10 0.03 sens50 0.28 sat None dead 0.03 frozen 0.41 nbin 300 fat 0.181 | 49.9s
ex16|raw|0|0.9|div|10|0.5|50: static 0.133 sstatic 0.133 c1 0.996 c50 0.049 fac1 0.991 fac50 -0.091 lock 0.00 move 0.0931 period None osc -0.091@50 pr 8.9 sens10 0.01 sens50 0.91 sat None dead 0.04 frozen 0.04 nbin 300 fat 26.101 | 32.4s
ex16|raw|0|0.5|dep|300|0.5|51: static 0.039 sstatic 0.039 c1 0.984 c50 0.062 fac1 0.981 fac50 0.014 lock 0.00 move 0.499 period None osc -0.046@24 pr 10.6 sens10 0.01 sens50 0.16 sat None dead 0.03 frozen 0.99 nbin 300 fat 0.182 | 48.7s
ex16|raw|0|0.9|div|10|0.5|51: static 0.109 sstatic 0.109 c1 0.996 c50 0.036 fac1 0.992 fac50 -0.066 lock 0.00 move 0.0935 period None osc -0.066@50 pr 8.5 sens10 -0.40 sens50 0.41 sat None dead 0.03 frozen 0.03 nbin 300 fat 26.675 | 30.9s
ex16|raw|0|0.9|div|10|2.0|50: static 0.144 sstatic 0.144 c1 0.996 c50 0.086 fac1 0.991 fac50 -0.061 lock 0.00 move 0.0944 period None osc -0.061@50 pr 8.8 sens10 -0.05 sens50 0.91 sat None dead 0.04 frozen 0.05 nbin 300 fat 25.846 | 31.5s
ex16|raw|0|0.9|div|3|2.0|51: static 0.172 sstatic 0.172 c1 0.993 c50 0.157 fac1 0.987 fac50 -0.027 lock 0.00 move 0.122 period None osc -0.027@50 pr 8.1 sens10 -0.21 sens50 1.20 sat None dead 0.03 frozen 0.04 nbin 300 fat 24.050 | 42.2s
ex16|raw|0|0.9|div|10|2.0|51: static 0.104 sstatic 0.104 c1 0.995 c50 0.033 fac1 0.991 fac50 -0.074 lock 0.00 move 0.094 period None osc -0.074@50 pr 8.7 sens10 -0.50 sens50 0.45 sat None dead 0.03 frozen 0.04 nbin 300 fat 25.677 | 37.5s
ex16|raw|0|0.9|div|30|0.5|50: static 0.142 sstatic 0.142 c1 0.998 c50 0.042 fac1 0.994 fac50 -0.106 lock 0.00 move 0.0619 period None osc -0.106@50 pr 7.1 sens10 -0.08 sens50 0.25 sat None dead 0.04 frozen 0.04 nbin 300 fat 29.457 | 36.7s
ex16|raw|0|0.9|div|100|0.5|50: static 0.187 sstatic 0.187 c1 0.999 c50 0.099 fac1 0.995 fac50 -0.113 lock 0.00 move 0.0399 period None osc -0.113@50 pr 5.1 sens10 -0.11 sens50 0.05 sat None dead 0.04 frozen 0.05 nbin 300 fat 32.513 | 36.8s
ex16|raw|0|0.9|div|100|2.0|50: static 0.208 sstatic 0.208 c1 0.999 c50 0.122 fac1 0.995 fac50 -0.095 lock 0.00 move 0.0399 period None osc -0.095@50 pr 5.0 sens10 -0.11 sens50 -0.05 sat None dead 0.04 frozen 0.14 nbin 300 fat 32.616 | 28.7s
ex16|raw|0|0.9|div|30|2.0|50: static 0.168 sstatic 0.168 c1 0.998 c50 0.020 fac1 0.994 fac50 -0.141 lock 0.00 move 0.0627 period None osc -0.141@50 pr 7.1 sens10 -0.06 sens50 0.26 sat None dead 0.04 frozen 0.08 nbin 300 fat 29.495 | 39.6s
ex16|raw|0|0.9|div|30|0.5|51: static 0.120 sstatic 0.120 c1 0.998 c50 -0.010 fac1 0.994 fac50 -0.132 lock 0.00 move 0.0621 period None osc -0.132@50 pr 6.9 sens10 -0.66 sens50 -0.31 sat None dead 0.03 frozen 0.03 nbin 300 fat 29.035 | 42.6s
ex16|raw|0|0.9|div|100|2.0|51: static 0.176 sstatic 0.176 c1 0.999 c50 0.081 fac1 0.995 fac50 -0.112 lock 0.00 move 0.0409 period None osc -0.112@50 pr 5.1 sens10 -0.77 sens50 -0.72 sat None dead 0.03 frozen 0.12 nbin 300 fat 31.903 | 31.7s
ex16|raw|0|0.9|div|30|2.0|51: static 0.145 sstatic 0.145 c1 0.998 c50 0.033 fac1 0.994 fac50 -0.122 lock 0.00 move 0.0609 period None osc -0.122@50 pr 6.8 sens10 -0.70 sens50 -0.44 sat None dead 0.03 frozen 0.06 nbin 300 fat 29.242 | 41.8s
ex16|raw|0|0.9|div|100|0.5|51: static 0.181 sstatic 0.181 c1 0.999 c50 0.081 fac1 0.995 fac50 -0.115 lock 0.00 move 0.04 period None osc -0.115@50 pr 5.1 sens10 -0.77 sens50 -0.71 sat None dead 0.03 frozen 0.04 nbin 300 fat 32.099 | 42.1s
ex16|raw|0|0.9|div|300|2.0|50: static 0.248 sstatic 0.248 c1 1.000 c50 0.381 fac1 0.995 fac50 0.130 lock 0.00 move 0.0274 period None osc 0.130@50 pr 3.6 sens10 -0.14 sens50 -0.09 sat None dead 0.04 frozen 0.22 nbin 300 fat 33.947 | 34.6s
ex16|raw|0|0.9|div|300|2.0|51: static 0.281 sstatic 0.281 c1 1.000 c50 0.455 fac1 0.996 fac50 0.178 lock 0.00 move 0.0251 period None osc 0.178@50 pr 3.3 sens10 -0.83 sens50 -0.87 sat None dead 0.03 frozen 0.26 nbin 300 fat 33.566 | 34.8s
ex16|raw|0|0.9|dep|100|0.5|50: static 0.841 sstatic 0.841 c1 1.000 c50 0.839 fac1 0.994 fac50 -0.009 lock 0.00 move 0.07 period None osc -0.009@50 pr 5.9 sens10 1.03 sens50 2.10 sat None dead 0.04 frozen 0.51 nbin 300 fat 0.082 | 33.3s
ex16|raw|0|0.9|dep|100|0.5|51: static 0.255 sstatic 0.255 c1 0.999 c50 0.326 fac1 0.994 fac50 0.058 lock 0.00 move 0.0708 period None osc 0.058@50 pr 4.7 sens10 0.65 sens50 1.70 sat None dead 0.03 frozen 0.15 nbin 300 fat 0.086 | 33.5s
ex16|raw|0|0.9|div|300|0.5|51: static 0.259 sstatic 0.259 c1 1.000 c50 0.366 fac1 0.995 fac50 0.111 lock 0.00 move 0.0265 period None osc 0.111@50 pr 3.5 sens10 -0.84 sens50 -0.89 sat None dead 0.03 frozen 0.08 nbin 300 fat 33.952 | 39.0s
ex16|raw|0|0.9|div|300|0.5|50: static 0.283 sstatic 0.283 c1 1.000 c50 0.359 fac1 0.995 fac50 0.079 lock 0.00 move 0.0277 period None osc 0.079@50 pr 3.7 sens10 -0.11 sens50 -0.07 sat None dead 0.04 frozen 0.09 nbin 300 fat 34.085 | 42.3s
ex16|raw|0|0.9|dep|300|0.5|50: static 0.455 sstatic 0.455 c1 0.998 c50 0.369 fac1 0.993 fac50 -0.098 lock 0.00 move 0.108 period None osc -0.098@50 pr 7.1 sens10 0.99 sens50 1.84 sat None dead 0.04 frozen 0.76 nbin 300 fat 0.078 | 39.9s
ex16|relu|1|0.0|none|0|0.0|50: static 0.920 sstatic 0.923 c1 0.911 c50 0.920 fac1 -0.102 fac50 -0.012 lock 0.00 move 0.436 period None osc -0.106@5 pr 15.3 sens10 0.18 sens50 0.88 sat None dead 0.04 frozen 0.47 nbin 300 fat None | 38.6s
ex16|raw|0|0.9|dep|300|0.5|51: static 0.146 sstatic 0.146 c1 0.998 c50 0.059 fac1 0.994 fac50 -0.088 lock 0.00 move 0.102 period None osc -0.088@50 pr 6.3 sens10 0.59 sens50 1.28 sat None dead 0.03 frozen 0.72 nbin 300 fat 0.077 | 47.0s
ex16|relu|1|0.0|none|0|0.0|51: static 0.958 sstatic 0.960 c1 0.961 c50 0.961 fac1 0.030 fac50 0.034 lock 0.00 move 0.286 period None osc -0.099@42 pr 14.1 sens10 0.16 sens50 0.77 sat None dead 0.03 frozen 0.62 nbin 300 fat None | 37.2s
ex16|relu|1|0.0|sub|10|1.0|51: static 0.000 sstatic 0.319 c1 -0.095 c50 0.002 fac1 -0.097 fac50 0.002 lock 0.00 move 1.48 period None osc -0.097@1 pr 20.8 sens10 0.74 sens50 3.68 sat None dead 0.03 frozen 0.03 nbin 300 fat 0.605 | 33.6s
ex16|relu|1|0.0|sub|3|0.5|50: static 0.195 sstatic 0.423 c1 -0.005 c50 0.185 fac1 -0.245 fac50 -0.003 lock 0.00 move 1.42 period None osc -0.245@1 pr 19.4 sens10 0.63 sens50 3.04 sat None dead 0.04 frozen 0.04 nbin 300 fat 0.354 | 46.8s
ex16|relu|1|0.0|sub|10|0.5|50: static 0.153 sstatic 0.400 c1 0.068 c50 0.142 fac1 -0.091 fac50 -0.005 lock 0.00 move 1.36 period None osc -0.091@1 pr 20.0 sens10 0.73 sens50 3.48 sat None dead 0.04 frozen 0.04 nbin 300 fat 0.317 | 44.8s
ex16|relu|1|0.0|sub|30|1.0|51: static 0.000 sstatic 0.319 c1 -0.035 c50 -0.009 fac1 -0.037 fac50 -0.008 lock 0.00 move 1.44 period None osc -0.037@1 pr 20.3 sens10 0.85 sens50 3.91 sat None dead 0.03 frozen 0.03 nbin 300 fat 0.556 | 35.1s
ex16|relu|1|0.0|sub|3|1.0|51: static 0.000 sstatic 0.320 c1 -0.270 c50 -0.010 fac1 -0.275 fac50 -0.010 lock 0.00 move 1.6 period None osc -0.275@1 pr 20.5 sens10 0.59 sens50 3.15 sat None dead 0.03 frozen 0.03 nbin 300 fat 0.633 | 47.8s
ex16|relu|1|0.0|sub|3|0.5|51: static 0.187 sstatic 0.414 c1 -0.014 c50 0.180 fac1 -0.248 fac50 -0.002 lock 0.00 move 1.43 period None osc -0.248@1 pr 19.1 sens10 0.62 sens50 3.20 sat None dead 0.03 frozen 0.03 nbin 300 fat 0.347 | 51.5s
ex16|relu|1|0.0|sub|30|1.0|50: static 0.000 sstatic 0.319 c1 -0.038 c50 -0.000 fac1 -0.040 fac50 -0.000 lock 0.00 move 1.44 period None osc -0.040@1 pr 20.4 sens10 0.82 sens50 3.77 sat None dead 0.04 frozen 0.04 nbin 300 fat 0.557 | 37.9s
ex16|relu|1|0.0|sub|3|1.0|50: static 0.000 sstatic 0.319 c1 -0.268 c50 0.003 fac1 -0.272 fac50 0.002 lock 0.00 move 1.6 period None osc -0.272@1 pr 20.7 sens10 0.59 sens50 3.01 sat None dead 0.04 frozen 0.04 nbin 300 fat 0.631 | 53.1s
ex16|relu|1|0.0|sub|30|0.5|51: static 0.138 sstatic 0.385 c1 0.111 c50 0.137 fac1 -0.028 fac50 0.003 lock 0.00 move 1.33 period None osc -0.035@6 pr 19.3 sens10 0.80 sens50 3.54 sat None dead 0.03 frozen 0.03 nbin 300 fat 0.319 | 39.4s
ex16|relu|1|0.0|sub|10|0.5|51: static 0.145 sstatic 0.391 c1 0.069 c50 0.139 fac1 -0.084 fac50 -0.005 lock 0.00 move 1.36 period None osc -0.084@1 pr 19.7 sens10 0.71 sens50 3.53 sat None dead 0.03 frozen 0.03 nbin 300 fat 0.332 | 46.8s
ex16|relu|1|0.0|sub|10|1.0|50: static 0.000 sstatic 0.319 c1 -0.089 c50 0.006 fac1 -0.091 fac50 0.005 lock 0.00 move 1.48 period None osc -0.091@1 pr 21.1 sens10 0.75 sens50 3.63 sat None dead 0.04 frozen 0.04 nbin 300 fat 0.603 | 47.0s
ex16|relu|1|0.0|sub|30|0.5|50: static 0.143 sstatic 0.394 c1 0.101 c50 0.147 fac1 -0.044 fac50 0.004 lock 0.00 move 1.34 period None osc -0.044@1 pr 19.4 sens10 0.78 sens50 3.51 sat None dead 0.04 frozen 0.04 nbin 300 fat 0.323 | 45.0s
ex16|relu|1|0.0|sub|100|0.5|50: static 0.143 sstatic 0.393 c1 0.117 c50 0.132 fac1 -0.029 fac50 -0.007 lock 0.04 move 1.33 period None osc -0.029@1 pr 19.5 sens10 0.78 sens50 3.68 sat None dead 0.00 frozen 0.04 nbin 300 fat 0.313 | 51.0s
ex16|relu|1|0.0|sub|100|1.0|51: static 0.001 sstatic 0.319 c1 -0.015 c50 -0.002 fac1 -0.016 fac50 -0.003 lock 0.02 move 1.43 period None osc -0.017@3 pr 20.3 sens10 0.80 sens50 3.91 sat None dead 0.00 frozen 0.03 nbin 300 fat 0.544 | 43.8s
ex16|relu|1|0.0|sub|100|0.5|51: static 0.137 sstatic 0.386 c1 0.116 c50 0.129 fac1 -0.023 fac50 -0.006 lock 0.03 move 1.33 period None osc -0.023@1 pr 19.3 sens10 0.82 sens50 3.72 sat None dead 0.00 frozen 0.03 nbin 300 fat 0.321 | 48.2s
ex16|relu|1|0.0|sub|100|1.0|50: static 0.001 sstatic 0.319 c1 -0.009 c50 -0.006 fac1 -0.010 fac50 -0.005 lock 0.03 move 1.42 period None osc -0.025@2 pr 20.4 sens10 0.82 sens50 3.87 sat None dead 0.00 frozen 0.04 nbin 300 fat 0.581 | 51.7s
ex16|relu|1|0.0|sub|300|0.5|51: static 0.150 sstatic 0.391 c1 0.141 c50 0.147 fac1 -0.007 fac50 0.000 lock 0.03 move 1.31 period None osc -0.020@5 pr 19.2 sens10 0.75 sens50 3.67 sat None dead 0.00 frozen 0.03 nbin 300 fat 0.302 | 49.7s
ex16|relu|1|0.0|sub|300|1.0|51: static 0.008 sstatic 0.323 c1 0.003 c50 0.006 fac1 -0.006 fac50 -0.003 lock 0.03 move 1.41 period None osc -0.013@4 pr 20.3 sens10 0.86 sens50 3.92 sat None dead 0.00 frozen 0.03 nbin 300 fat 0.534 | 49.2s
ex16|relu|1|0.0|sub|300|0.5|50: static 0.154 sstatic 0.400 c1 0.134 c50 0.149 fac1 -0.024 fac50 -0.006 lock 0.04 move 1.32 period None osc -0.024@1 pr 19.3 sens10 0.75 sens50 3.68 sat None dead 0.00 frozen 0.04 nbin 300 fat 0.309 | 53.4s
ex16|relu|1|0.0|sub|300|1.0|50: static 0.008 sstatic 0.324 c1 -0.008 c50 0.009 fac1 -0.016 fac50 0.001 lock 0.04 move 1.42 period None osc -0.018@6 pr 20.4 sens10 0.84 sens50 3.87 sat None dead 0.00 frozen 0.04 nbin 300 fat 0.540 | 51.8s
ex16|relu|1|0.0|div|3|2.0|50: static 0.581 sstatic 0.683 c1 0.494 c50 0.583 fac1 -0.204 fac50 0.007 lock 0.00 move 1.01 period None osc -0.204@1 pr 17.1 sens10 0.61 sens50 3.16 sat None dead 0.04 frozen 0.43 nbin 300 fat 1.321 | 48.1s
ex16|relu|1|0.0|div|3|2.0|51: static 0.581 sstatic 0.682 c1 0.500 c50 0.587 fac1 -0.207 fac50 0.004 lock 0.00 move 1.01 period None osc -0.207@1 pr 16.6 sens10 0.72 sens50 3.32 sat None dead 0.03 frozen 0.46 nbin 300 fat 1.282 | 48.5s
ex16|relu|1|0.0|div|10|0.5|50: static 0.634 sstatic 0.699 c1 0.605 c50 0.634 fac1 -0.083 fac50 -0.008 lock 0.00 move 0.902 period None osc -0.083@1 pr 17.6 sens10 0.45 sens50 2.26 sat None dead 0.04 frozen 0.19 nbin 300 fat 0.385 | 48.4s
ex16|relu|1|0.0|div|3|0.5|50: static 0.701 sstatic 0.757 c1 0.643 c50 0.699 fac1 -0.188 fac50 -0.009 lock 0.00 move 0.85 period None osc -0.188@1 pr 16.9 sens10 0.43 sens50 2.29 sat None dead 0.04 frozen 0.23 nbin 300 fat 0.386 | 51.9s
ex16|relu|1|0.0|div|3|0.5|51: static 0.691 sstatic 0.744 c1 0.624 c50 0.687 fac1 -0.205 fac50 -0.008 lock 0.00 move 0.87 period None osc -0.205@1 pr 16.4 sens10 0.52 sens50 2.51 sat None dead 0.03 frozen 0.24 nbin 300 fat 0.387 | 52.2s
ex16|relu|1|0.0|div|10|2.0|50: static 0.487 sstatic 0.605 c1 0.445 c50 0.480 fac1 -0.083 fac50 -0.008 lock 0.00 move 1.06 period None osc -0.083@1 pr 17.8 sens10 0.48 sens50 2.61 sat None dead 0.04 frozen 0.29 nbin 300 fat 1.379 | 48.3s
ex16|relu|1|0.0|div|10|0.5|51: static 0.617 sstatic 0.689 c1 0.594 c50 0.607 fac1 -0.064 fac50 -0.011 lock 0.00 move 0.908 period None osc -0.064@1 pr 17.0 sens10 0.51 sens50 2.49 sat None dead 0.03 frozen 0.18 nbin 300 fat 0.387 | 52.9s
ex16|relu|1|0.0|div|10|2.0|51: static 0.486 sstatic 0.601 c1 0.447 c50 0.485 fac1 -0.086 fac50 -0.003 lock 0.00 move 1.06 period None osc -0.086@1 pr 17.3 sens10 0.66 sens50 3.07 sat None dead 0.03 frozen 0.31 nbin 300 fat 1.347 | 50.7s
ex16|relu|1|0.0|div|30|2.0|50: static 0.460 sstatic 0.585 c1 0.444 c50 0.465 fac1 -0.035 fac50 0.003 lock 0.00 move 1.06 period None osc -0.037@2 pr 17.9 sens10 0.49 sens50 2.61 sat None dead 0.04 frozen 0.26 nbin 300 fat 1.395 | 38.5s
ex16|relu|1|0.0|div|30|0.5|50: static 0.612 sstatic 0.685 c1 0.596 c50 0.618 fac1 -0.050 fac50 0.003 lock 0.00 move 0.911 period None osc -0.054@3 pr 17.7 sens10 0.50 sens50 2.24 sat None dead 0.04 frozen 0.18 nbin 300 fat 0.386 | 49.1s
ex16|relu|1|0.0|div|30|0.5|51: static 0.598 sstatic 0.670 c1 0.586 c50 0.600 fac1 -0.040 fac50 0.000 lock 0.00 move 0.919 period None osc -0.040@1 pr 17.2 sens10 0.53 sens50 2.59 sat None dead 0.03 frozen 0.17 nbin 300 fat 0.387 | 46.4s
ex16|relu|1|0.0|div|100|0.5|51: static 0.596 sstatic 0.665 c1 0.589 c50 0.594 fac1 -0.020 fac50 -0.000 lock 0.00 move 0.919 period None osc -0.026@19 pr 17.1 sens10 0.47 sens50 2.44 sat None dead 0.03 frozen 0.17 nbin 300 fat 0.388 | 27.7s
ex16|relu|1|0.0|div|30|2.0|51: static 0.458 sstatic 0.576 c1 0.449 c50 0.462 fac1 -0.031 fac50 -0.003 lock 0.00 move 1.06 period None osc -0.031@1 pr 17.5 sens10 0.65 sens50 3.10 sat None dead 0.03 frozen 0.28 nbin 300 fat 1.352 | 41.4s
ex16|relu|1|0.0|div|100|2.0|51: static 0.449 sstatic 0.569 c1 0.443 c50 0.450 fac1 -0.019 fac50 -0.005 lock 0.00 move 1.06 period None osc -0.024@33 pr 17.5 sens10 0.64 sens50 2.88 sat None dead 0.03 frozen 0.27 nbin 300 fat 1.361 | 34.4s
ex16|relu|1|0.0|div|300|0.5|50: static 0.612 sstatic 0.687 c1 0.600 c50 0.613 fac1 -0.041 fac50 -0.000 lock 0.00 move 0.907 period None osc -0.041@1 pr 17.8 sens10 0.47 sens50 2.34 sat None dead 0.04 frozen 0.17 nbin 300 fat 0.372 | 37.1s
ex16|relu|1|0.0|div|100|2.0|50: static 0.453 sstatic 0.577 c1 0.442 c50 0.451 fac1 -0.026 fac50 -0.002 lock 0.00 move 1.06 period None osc -0.026@1 pr 18.0 sens10 0.51 sens50 2.55 sat None dead 0.04 frozen 0.25 nbin 300 fat 1.399 | 38.3s
ex16|relu|1|0.0|div|300|2.0|50: static 0.451 sstatic 0.574 c1 0.443 c50 0.456 fac1 -0.022 fac50 0.001 lock 0.00 move 1.06 period None osc -0.022@1 pr 17.9 sens10 0.52 sens50 2.64 sat None dead 0.04 frozen 0.24 nbin 300 fat 1.380 | 39.1s
ex16|relu|1|0.0|dep|3|0.1|51: static 0.851 sstatic 0.863 c1 0.831 c50 0.852 fac1 -0.151 fac50 -0.009 lock 0.00 move 0.602 period None osc -0.151@1 pr 15.8 sens10 0.32 sens50 1.65 sat None dead 0.03 frozen 0.33 nbin 300 fat 0.924 | 35.6s
ex16|relu|1|0.0|div|100|0.5|50: static 0.608 sstatic 0.681 c1 0.588 c50 0.604 fac1 -0.047 fac50 -0.005 lock 0.00 move 0.921 period None osc -0.047@1 pr 17.8 sens10 0.53 sens50 2.44 sat None dead 0.04 frozen 0.17 nbin 300 fat 0.386 | 46.5s
ex16|relu|1|0.0|div|300|0.5|51: static 0.596 sstatic 0.671 c1 0.594 c50 0.600 fac1 -0.024 fac50 0.001 lock 0.00 move 0.917 period None osc -0.024@1 pr 17.2 sens10 0.51 sens50 2.48 sat None dead 0.03 frozen 0.17 nbin 300 fat 0.374 | 41.2s
ex16|relu|1|0.0|div|300|2.0|51: static 0.445 sstatic 0.567 c1 0.444 c50 0.452 fac1 -0.014 fac50 -0.004 lock 0.00 move 1.06 period None osc -0.018@35 pr 17.5 sens10 0.60 sens50 2.94 sat None dead 0.03 frozen 0.26 nbin 300 fat 1.348 | 41.9s
ex16|relu|1|0.0|dep|3|0.1|50: static 0.831 sstatic 0.849 c1 0.804 c50 0.831 fac1 -0.174 fac50 -0.012 lock 0.00 move 0.637 period None osc -0.174@1 pr 16.5 sens10 0.35 sens50 1.77 sat None dead 0.04 frozen 0.29 nbin 300 fat 0.922 | 42.5s
ex16|relu|1|0.0|dep|3|0.5|51: static 0.805 sstatic 0.821 c1 0.759 c50 0.804 fac1 -0.261 fac50 -0.011 lock 0.00 move 0.716 period None osc -0.261@1 pr 17.2 sens10 0.82 sens50 3.35 sat None dead 0.03 frozen 0.27 nbin 300 fat 0.768 | 41.5s
ex16|relu|1|0.0|dep|3|0.5|50: static 0.806 sstatic 0.822 c1 0.760 c50 0.807 fac1 -0.228 fac50 0.008 lock 0.00 move 0.707 period None osc -0.228@1 pr 18.1 sens10 0.71 sens50 3.12 sat None dead 0.04 frozen 0.26 nbin 300 fat 0.761 | 48.3s
ex16|relu|1|0.0|dep|10|0.5|50: static 0.522 sstatic 0.618 c1 0.461 c50 0.518 fac1 -0.138 fac50 -0.006 lock 0.00 move 1.04 period None osc -0.138@1 pr 20.0 sens10 1.05 sens50 3.87 sat None dead 0.04 frozen 0.16 nbin 300 fat 0.613 | 31.8s
ex16|relu|1|0.0|dep|10|0.1|51: static 0.629 sstatic 0.690 c1 0.603 c50 0.634 fac1 -0.079 fac50 0.006 lock 0.00 move 0.902 period None osc -0.079@1 pr 18.4 sens10 0.63 sens50 3.07 sat None dead 0.03 frozen 0.10 nbin 300 fat 0.803 | 38.3s
ex16|relu|1|0.0|dep|10|0.5|51: static 0.509 sstatic 0.606 c1 0.454 c50 0.515 fac1 -0.134 fac50 -0.005 lock 0.00 move 1.05 period None osc -0.134@1 pr 19.9 sens10 1.08 sens50 3.97 sat None dead 0.03 frozen 0.20 nbin 300 fat 0.625 | 37.3s
ex16|relu|1|0.0|dep|10|0.1|50: static 0.652 sstatic 0.709 c1 0.619 c50 0.650 fac1 -0.096 fac50 -0.004 lock 0.00 move 0.881 period None osc -0.096@1 pr 19.0 sens10 0.61 sens50 2.99 sat None dead 0.04 frozen 0.12 nbin 300 fat 0.799 | 46.9s
ex16|relu|1|0.0|dep|30|0.1|51: static 0.470 sstatic 0.575 c1 0.450 c50 0.477 fac1 -0.046 fac50 -0.001 lock 0.00 move 1.06 period None osc -0.046@1 pr 20.2 sens10 0.93 sens50 3.88 sat None dead 0.03 frozen 0.05 nbin 300 fat 0.618 | 34.3s
ex16|relu|1|0.0|dep|30|0.1|50: static 0.480 sstatic 0.596 c1 0.457 c50 0.474 fac1 -0.048 fac50 -0.007 lock 0.00 move 1.05 period None osc -0.048@1 pr 20.5 sens10 0.87 sens50 3.74 sat None dead 0.04 frozen 0.06 nbin 300 fat 0.609 | 45.5s
ex16|relu|1|0.0|dep|30|0.5|50: static 0.421 sstatic 0.557 c1 0.386 c50 0.426 fac1 -0.063 fac50 0.001 lock 0.00 move 1.11 period None osc -0.063@1 pr 20.2 sens10 0.90 sens50 3.80 sat None dead 0.04 frozen 0.56 nbin 300 fat 0.538 | 41.1s
ex16|relu|1|0.0|dep|30|0.5|51: static 0.413 sstatic 0.545 c1 0.394 c50 0.418 fac1 -0.055 fac50 -0.006 lock 0.00 move 1.11 period None osc -0.055@1 pr 20.2 sens10 1.09 sens50 3.99 sat None dead 0.03 frozen 0.62 nbin 300 fat 0.566 | 41.2s
ex16|relu|1|0.0|dep|100|0.1|51: static 0.380 sstatic 0.520 c1 0.377 c50 0.395 fac1 -0.016 fac50 0.003 lock 0.00 move 1.12 period None osc -0.024@7 pr 20.3 sens10 1.02 sens50 3.98 sat None dead 0.03 frozen 0.21 nbin 300 fat 0.537 | 39.2s
ex16|relu|1|0.0|dep|100|0.5|51: static 0.380 sstatic 0.518 c1 0.379 c50 0.390 fac1 -0.019 fac50 0.001 lock 0.00 move 1.11 period None osc -0.019@1 pr 20.3 sens10 1.02 sens50 3.80 sat None dead 0.03 frozen 0.99 nbin 299 fat 0.533 | 39.2s
ex16|relu|1|0.0|dep|100|0.1|50: static 0.386 sstatic 0.532 c1 0.374 c50 0.393 fac1 -0.027 fac50 0.000 lock 0.00 move 1.12 period None osc -0.027@1 pr 20.4 sens10 0.88 sens50 3.82 sat None dead 0.04 frozen 0.17 nbin 300 fat 0.510 | 44.5s
ex16|relu|1|0.0|dep|300|0.1|50: static 0.366 sstatic 0.520 c1 0.364 c50 0.375 fac1 -0.009 fac50 0.002 lock 0.00 move 1.11 period None osc -0.015@37 pr 19.9 sens10 0.80 sens50 3.54 sat None dead 0.04 frozen 0.83 nbin 300 fat 0.487 | 45.2s
ex16|relu|1|0.0|dep|100|0.5|50: static 0.382 sstatic 0.527 c1 0.372 c50 0.388 fac1 -0.024 fac50 0.000 lock 0.00 move 1.09 period None osc -0.024@1 pr 20.0 sens10 0.88 sens50 3.52 sat None dead 0.04 frozen 0.96 nbin 300 fat 0.495 | 48.2s
ex16|relu|1|0.0|dep|300|0.1|51: static 0.366 sstatic 0.509 c1 0.376 c50 0.373 fac1 0.001 fac50 -0.007 lock 0.00 move 1.12 period None osc -0.013@30 pr 20.2 sens10 1.02 sens50 3.97 sat None dead 0.03 frozen 0.91 nbin 300 fat 0.521 | 48.1s
ex16|relu|1|0.0|dep|300|0.5|50: static 0.350 sstatic 0.500 c1 0.364 c50 0.368 fac1 -0.010 fac50 -0.007 lock 0.00 move 1.09 period None osc -0.014@37 pr 19.0 sens10 0.74 sens50 3.07 sat None dead 0.04 frozen 0.96 nbin 300 fat 0.476 | 46.2s
ex16|relu|1|0.0|dep|300|0.5|51: static 0.366 sstatic 0.502 c1 0.382 c50 0.382 fac1 0.009 fac50 -0.009 lock 0.00 move 1.1 period None osc -0.013@35 pr 20.0 sens10 0.93 sens50 3.54 sat None dead 0.03 frozen 0.99 nbin 298 fat 0.517 | 40.3s
ex16|relu|1|0.5|none|0|0.0|50: static 0.991 sstatic 0.991 c1 1.000 c50 0.989 fac1 0.982 fac50 -0.132 lock 0.07 move 0.0343 period None osc -0.132@50 pr 7.2 sens10 -0.27 sens50 -0.41 sat None dead 0.04 frozen 0.84 nbin 300 fat None | 41.4s
ex16|relu|1|0.5|none|0|0.0|51: static 0.980 sstatic 0.980 c1 1.000 c50 0.975 fac1 0.993 fac50 -0.143 lock 0.87 move 0.016 period None osc -0.143@50 pr 3.1 sens10 -0.28 sens50 -0.36 sat None dead 0.03 frozen 0.81 nbin 300 fat None | 38.0s
ex16|relu|1|0.5|sub|3|0.5|51: static 0.541 sstatic 0.622 c1 0.931 c50 0.596 fac1 0.849 fac50 0.096 lock 0.00 move 0.376 period None osc -0.445@6 pr 12.7 sens10 0.09 sens50 0.98 sat None dead 0.03 frozen 0.16 nbin 300 fat 0.463 | 40.6s
ex16|relu|1|0.5|sub|3|0.5|50: static 0.558 sstatic 0.644 c1 0.933 c50 0.602 fac1 0.852 fac50 0.092 lock 0.00 move 0.37 period None osc -0.431@6 pr 12.5 sens10 0.04 sens50 0.79 sat None dead 0.04 frozen 0.17 nbin 300 fat 0.456 | 42.8s
ex16|relu|1|0.5|sub|3|1.0|50: static 0.000 sstatic 0.321 c1 0.700 c50 -0.002 fac1 0.703 fac50 -0.002 lock 0.00 move 0.774 period None osc -0.422@5 pr 17.2 sens10 0.09 sens50 1.05 sat None dead 0.04 frozen 0.04 nbin 300 fat 0.836 | 43.3s
ex16|relu|1|0.5|sub|10|0.5|51: static 0.237 sstatic 0.440 c1 0.938 c50 0.254 fac1 0.919 fac50 0.022 lock 0.00 move 0.346 period None osc -0.317@10 pr 13.8 sens10 0.05 sens50 0.92 sat None dead 0.03 frozen 0.04 nbin 300 fat 0.393 | 38.8s
ex16|relu|1|0.5|sub|10|0.5|50: static 0.247 sstatic 0.457 c1 0.939 c50 0.237 fac1 0.919 fac50 -0.012 lock 0.00 move 0.348 period None osc -0.345@10 pr 13.7 sens10 0.10 sens50 1.03 sat None dead 0.04 frozen 0.04 nbin 300 fat 0.418 | 40.9s
ex16|relu|1|0.5|sub|10|1.0|50: static 0.000 sstatic 0.322 c1 0.894 c50 -0.003 fac1 0.894 fac50 -0.004 lock 0.00 move 0.456 period None osc -0.314@9 pr 15.5 sens10 -0.03 sens50 0.76 sat None dead 0.04 frozen 0.04 nbin 300 fat 0.716 | 39.1s
ex16|relu|1|0.5|sub|3|1.0|51: static 0.000 sstatic 0.321 c1 0.706 c50 -0.001 fac1 0.709 fac50 -0.003 lock 0.00 move 0.762 period None osc -0.439@5 pr 16.5 sens10 0.09 sens50 1.08 sat None dead 0.03 frozen 0.03 nbin 300 fat 0.832 | 48.8s
ex16|relu|1|0.5|sub|30|0.5|51: static 0.183 sstatic 0.414 c1 0.960 c50 0.184 fac1 0.949 fac50 0.000 lock 0.00 move 0.281 period None osc -0.187@14 pr 13.2 sens10 0.07 sens50 1.07 sat None dead 0.03 frozen 0.03 nbin 300 fat 0.347 | 35.6s
ex16|relu|1|0.5|sub|30|0.5|50: static 0.189 sstatic 0.426 c1 0.962 c50 0.181 fac1 0.951 fac50 -0.007 lock 0.00 move 0.276 period None osc -0.182@15 pr 12.9 sens10 0.09 sens50 1.16 sat None dead 0.04 frozen 0.04 nbin 300 fat 0.354 | 39.9s
ex16|relu|1|0.5|sub|30|1.0|50: static 0.001 sstatic 0.324 c1 0.938 c50 -0.023 fac1 0.937 fac50 -0.022 lock 0.00 move 0.349 period None osc -0.185@13 pr 14.6 sens10 0.13 sens50 1.25 sat None dead 0.04 frozen 0.04 nbin 300 fat 0.686 | 36.4s
ex16|relu|1|0.5|sub|10|1.0|51: static 0.000 sstatic 0.322 c1 0.896 c50 0.038 fac1 0.896 fac50 0.031 lock 0.00 move 0.451 period None osc -0.320@9 pr 15.5 sens10 0.01 sens50 0.91 sat None dead 0.03 frozen 0.03 nbin 300 fat 0.717 | 45.0s
ex16|relu|1|0.5|sub|100|0.5|50: static 0.176 sstatic 0.419 c1 0.970 c50 0.140 fac1 0.961 fac50 -0.033 lock 0.04 move 0.246 period None osc -0.090@18 pr 12.8 sens10 0.11 sens50 1.26 sat None dead 0.00 frozen 0.04 nbin 300 fat 0.327 | 39.1s
ex16|relu|1|0.5|sub|100|0.5|51: static 0.167 sstatic 0.408 c1 0.971 c50 0.127 fac1 0.963 fac50 -0.046 lock 0.03 move 0.24 period None osc -0.098@18 pr 12.5 sens10 0.08 sens50 1.15 sat None dead 0.00 frozen 0.03 nbin 300 fat 0.350 | 42.6s
ex16|relu|1|0.5|sub|30|1.0|51: static 0.001 sstatic 0.323 c1 0.941 c50 -0.002 fac1 0.940 fac50 -0.002 lock 0.00 move 0.338 period None osc -0.186@13 pr 14.4 sens10 0.09 sens50 1.06 sat None dead 0.03 frozen 0.03 nbin 300 fat 0.639 | 47.3s
ex16|relu|1|0.5|sub|100|1.0|51: static 0.005 sstatic 0.327 c1 0.959 c50 -0.051 fac1 0.957 fac50 -0.046 lock 0.01 move 0.283 period None osc -0.083@35 pr 13.6 sens10 0.07 sens50 1.25 sat None dead 0.00 frozen 0.03 nbin 300 fat 0.600 | 41.7s
ex16|relu|1|0.5|sub|300|0.5|51: static 0.187 sstatic 0.423 c1 0.975 c50 0.134 fac1 0.966 fac50 -0.059 lock 0.03 move 0.223 period None osc -0.070@44 pr 12.5 sens10 0.09 sens50 1.35 sat None dead 0.00 frozen 0.03 nbin 300 fat 0.328 | 39.4s
ex16|relu|1|0.5|sub|100|1.0|50: static 0.005 sstatic 0.327 c1 0.958 c50 -0.061 fac1 0.956 fac50 -0.053 lock 0.03 move 0.289 period None osc -0.094@18 pr 13.9 sens10 0.09 sens50 1.11 sat None dead 0.00 frozen 0.04 nbin 300 fat 0.611 | 48.3s
ex16|relu|1|0.5|sub|300|0.5|50: static 0.194 sstatic 0.430 c1 0.975 c50 0.170 fac1 0.966 fac50 -0.035 lock 0.04 move 0.224 period None osc -0.055@20 pr 12.3 sens10 0.15 sens50 1.28 sat None dead 0.00 frozen 0.04 nbin 300 fat 0.331 | 41.5s
ex16|relu|1|0.5|sub|300|1.0|50: static 0.023 sstatic 0.338 c1 0.964 c50 -0.039 fac1 0.961 fac50 -0.054 lock 0.04 move 0.27 period None osc -0.067@23 pr 13.5 sens10 0.23 sens50 1.27 sat None dead 0.00 frozen 0.04 nbin 300 fat 0.585 | 40.4s
ex16|relu|1|0.5|div|10|0.5|50: static 0.821 sstatic 0.850 c1 0.993 c50 0.821 fac1 0.957 fac50 -0.006 lock 0.00 move 0.132 period None osc -0.321@13 pr 10.1 sens10 -0.15 sens50 0.34 sat None dead 0.04 frozen 0.42 nbin 300 fat 0.389 | 30.5s
ex16|relu|1|0.5|div|3|0.5|51: static 0.969 sstatic 0.972 c1 0.999 c50 0.967 fac1 0.969 fac50 -0.064 lock 0.00 move 0.0522 period None osc -0.069@14 pr 7.9 sens10 -0.14 sens50 0.34 sat None dead 0.03 frozen 0.73 nbin 300 fat 0.390 | 37.8s
ex16|relu|1|0.5|sub|300|1.0|51: static 0.023 sstatic 0.334 c1 0.964 c50 -0.042 fac1 0.961 fac50 -0.058 lock 0.03 move 0.268 period None osc -0.062@48 pr 13.6 sens10 0.07 sens50 1.42 sat None dead 0.00 frozen 0.03 nbin 300 fat 0.578 | 43.3s
ex16|relu|1|0.5|div|3|0.5|50: static 0.966 sstatic 0.970 c1 0.998 c50 0.966 fac1 0.952 fac50 -0.017 lock 0.00 move 0.0816 period None osc -0.104@11 pr 9.5 sens10 -0.19 sens50 0.35 sat None dead 0.04 frozen 0.70 nbin 300 fat 0.386 | 43.4s
ex16|relu|1|0.5|div|3|2.0|51: static 0.860 sstatic 0.889 c1 0.985 c50 0.852 fac1 0.894 fac50 -0.028 lock 0.00 move 0.182 period None osc -0.250@7 pr 10.2 sens10 0.08 sens50 1.21 sat None dead 0.03 frozen 0.94 nbin 283 fat 1.548 | 38.3s
ex16|relu|1|0.5|div|3|2.0|50: static 0.859 sstatic 0.890 c1 0.984 c50 0.853 fac1 0.888 fac50 -0.033 lock 0.00 move 0.209 period None osc -0.272@8 pr 10.4 sens10 -0.00 sens50 0.93 sat None dead 0.04 frozen 0.93 nbin 293 fat 1.520 | 42.1s
ex16|relu|1|0.5|div|10|0.5|51: static 0.798 sstatic 0.829 c1 0.992 c50 0.800 fac1 0.958 fac50 0.007 lock 0.00 move 0.128 period None osc -0.311@13 pr 9.4 sens10 -0.16 sens50 0.35 sat None dead 0.03 frozen 0.41 nbin 300 fat 0.392 | 42.5s
ex16|relu|1|0.5|div|10|2.0|50: static 0.641 sstatic 0.722 c1 0.974 c50 0.617 fac1 0.929 fac50 -0.057 lock 0.00 move 0.243 period None osc -0.269@10 pr 12.1 sens10 0.01 sens50 0.75 sat None dead 0.04 frozen 0.43 nbin 300 fat 1.537 | 46.7s
ex16|relu|1|0.5|div|30|0.5|50: static 0.732 sstatic 0.778 c1 0.992 c50 0.732 fac1 0.969 fac50 0.012 lock 0.00 move 0.133 period None osc -0.241@18 pr 10.1 sens10 -0.14 sens50 0.40 sat None dead 0.04 frozen 0.33 nbin 300 fat 0.388 | 43.6s
ex16|relu|1|0.5|div|10|2.0|51: static 0.620 sstatic 0.709 c1 0.975 c50 0.582 fac1 0.931 fac50 -0.082 lock 0.00 move 0.23 period None osc -0.270@10 pr 11.7 sens10 -0.06 sens50 0.81 sat None dead 0.03 frozen 0.43 nbin 300 fat 1.535 | 49.1s
ex16|relu|1|0.5|div|30|2.0|51: static 0.533 sstatic 0.637 c1 0.981 c50 0.533 fac1 0.957 fac50 0.004 lock 0.00 move 0.199 period None osc -0.170@15 pr 11.8 sens10 -0.12 sens50 0.60 sat None dead 0.03 frozen 0.37 nbin 300 fat 1.558 | 40.3s
ex16|relu|1|0.5|div|100|0.5|51: static 0.669 sstatic 0.730 c1 0.993 c50 0.640 fac1 0.976 fac50 -0.074 lock 0.00 move 0.12 period None osc -0.087@31 pr 9.8 sens10 -0.14 sens50 0.64 sat None dead 0.03 frozen 0.30 nbin 300 fat 0.390 | 38.6s
ex16|relu|1|0.5|div|300|0.5|50: static 0.699 sstatic 0.750 c1 0.994 c50 0.670 fac1 0.977 fac50 -0.078 lock 0.00 move 0.122 period None osc -0.084@20 pr 10.2 sens10 -0.13 sens50 0.44 sat None dead 0.04 frozen 0.31 nbin 300 fat 0.374 | 30.0s
ex16|relu|1|0.5|div|300|0.5|51: static 0.658 sstatic 0.720 c1 0.995 c50 0.607 fac1 0.981 fac50 -0.102 lock 0.00 move 0.107 period None osc -0.106@47 pr 9.4 sens10 -0.10 sens50 0.69 sat None dead 0.03 frozen 0.30 nbin 300 fat 0.376 | 27.0s
ex16|relu|1|0.5|div|30|0.5|51: static 0.713 sstatic 0.760 c1 0.992 c50 0.697 fac1 0.970 fac50 -0.043 lock 0.00 move 0.127 period None osc -0.194@18 pr 10.1 sens10 -0.17 sens50 0.57 sat None dead 0.03 frozen 0.33 nbin 300 fat 0.391 | 47.4s
ex16|relu|1|0.5|div|100|2.0|50: static 0.508 sstatic 0.622 c1 0.986 c50 0.472 fac1 0.969 fac50 -0.050 lock 0.00 move 0.186 period None osc -0.115@32 pr 11.2 sens10 -0.10 sens50 0.48 sat None dead 0.04 frozen 0.34 nbin 300 fat 1.544 | 36.1s
ex16|relu|1|0.5|div|100|0.5|50: static 0.694 sstatic 0.748 c1 0.994 c50 0.666 fac1 0.977 fac50 -0.075 lock 0.00 move 0.12 period None osc -0.121@26 pr 10.1 sens10 -0.11 sens50 0.62 sat None dead 0.04 frozen 0.30 nbin 300 fat 0.388 | 42.2s
ex16|relu|1|0.5|div|30|2.0|50: static 0.549 sstatic 0.650 c1 0.982 c50 0.548 fac1 0.957 fac50 0.000 lock 0.00 move 0.209 period None osc -0.200@17 pr 11.6 sens10 -0.12 sens50 0.60 sat None dead 0.04 frozen 0.36 nbin 300 fat 1.542 | 47.8s
ex16|relu|1|0.5|dep|3|0.1|50: static 0.987 sstatic 0.987 c1 1.000 c50 0.984 fac1 0.974 fac50 -0.107 lock 0.00 move 0.0466 period None osc -0.107@50 pr 8.5 sens10 -0.19 sens50 -0.34 sat None dead 0.04 frozen 0.81 nbin 300 fat 0.924 | 32.7s
ex16|relu|1|0.5|div|100|2.0|51: static 0.495 sstatic 0.609 c1 0.986 c50 0.462 fac1 0.969 fac50 -0.049 lock 0.00 move 0.172 period None osc -0.103@21 pr 11.2 sens10 -0.15 sens50 0.42 sat None dead 0.03 frozen 0.35 nbin 300 fat 1.553 | 44.0s
ex16|relu|1|0.5|div|300|2.0|51: static 0.483 sstatic 0.600 c1 0.989 c50 0.471 fac1 0.974 fac50 -0.028 lock 0.00 move 0.156 period None osc -0.043@22 pr 10.7 sens10 -0.18 sens50 0.59 sat None dead 0.03 frozen 0.34 nbin 300 fat 1.500 | 42.9s
ex16|relu|1|0.5|div|300|2.0|50: static 0.515 sstatic 0.622 c1 0.988 c50 0.509 fac1 0.972 fac50 -0.011 lock 0.00 move 0.177 period None osc -0.075@23 pr 11.1 sens10 -0.10 sens50 0.65 sat None dead 0.04 frozen 0.34 nbin 300 fat 1.491 | 43.6s
ex16|relu|1|0.5|dep|3|0.5|51: static 0.980 sstatic 0.980 c1 1.000 c50 0.980 fac1 0.980 fac50 0.002 lock 0.00 move 0.0397 period None osc -0.034@34 pr 7.2 sens10 0.03 sens50 0.79 sat None dead 0.03 frozen 0.78 nbin 300 fat 0.787 | 27.0s
ex16|relu|1|0.5|dep|10|0.5|50: static 0.879 sstatic 0.886 c1 0.984 c50 0.884 fac1 0.868 fac50 0.025 lock 0.00 move 0.208 period None osc -0.213@8 pr 14.9 sens10 0.54 sens50 2.45 sat None dead 0.04 frozen 0.41 nbin 300 fat 0.630 | 27.5s
ex16|relu|1|0.5|dep|10|0.5|51: static 0.864 sstatic 0.874 c1 0.984 c50 0.869 fac1 0.876 fac50 0.019 lock 0.00 move 0.193 period None osc -0.229@8 pr 14.3 sens10 0.63 sens50 2.56 sat None dead 0.03 frozen 0.41 nbin 300 fat 0.642 | 27.5s
ex16|relu|1|0.5|dep|30|0.1|50: static 0.667 sstatic 0.726 c1 0.977 c50 0.664 fac1 0.931 fac50 -0.008 lock 0.00 move 0.224 period None osc -0.205@11 pr 14.4 sens10 0.21 sens50 1.50 sat None dead 0.04 frozen 0.16 nbin 300 fat 0.639 | 27.6s
ex16|relu|1|0.5|dep|30|0.5|50: static 0.600 sstatic 0.673 c1 0.942 c50 0.605 fac1 0.861 fac50 -0.001 lock 0.00 move 0.386 period None osc -0.182@9 pr 16.2 sens10 0.70 sens50 3.14 sat None dead 0.04 frozen 0.32 nbin 300 fat 0.489 | 27.5s
ex16|relu|1|0.5|dep|10|0.1|50: static 0.904 sstatic 0.911 c1 0.995 c50 0.901 fac1 0.951 fac50 -0.007 lock 0.00 move 0.11 period None osc -0.277@11 pr 11.2 sens10 0.04 sens50 0.59 sat None dead 0.04 frozen 0.49 nbin 300 fat 0.818 | 31.9s
ex16|relu|1|0.5|dep|30|0.5|51: static 0.564 sstatic 0.648 c1 0.945 c50 0.586 fac1 0.868 fac50 0.020 lock 0.00 move 0.352 period None osc -0.194@8 pr 16.1 sens10 0.79 sens50 3.24 sat None dead 0.03 frozen 0.33 nbin 300 fat 0.501 | 29.4s
ex16|relu|1|0.5|dep|3|0.1|51: static 0.993 sstatic 0.993 c1 1.000 c50 0.991 fac1 0.990 fac50 -0.303 lock 0.79 move 0.0184 period None osc -0.305@45 pr 3.9 sens10 -0.26 sens50 -0.25 sat None dead 0.03 frozen 0.89 nbin 300 fat 0.927 | 50.3s
ex16|relu|1|0.5|dep|3|0.5|50: static 0.971 sstatic 0.972 c1 0.999 c50 0.967 fac1 0.967 fac50 -0.080 lock 0.00 move 0.078 period None osc -0.109@33 pr 8.8 sens10 -0.04 sens50 -0.08 sat None dead 0.04 frozen 0.70 nbin 300 fat 0.781 | 49.7s
ex16|relu|1|0.5|dep|100|0.1|51: static 0.451 sstatic 0.568 c1 0.961 c50 0.446 fac1 0.925 fac50 -0.015 lock 0.00 move 0.285 period None osc -0.135@13 pr 15.2 sens10 0.41 sens50 1.98 sat None dead 0.03 frozen 0.08 nbin 300 fat 0.413 | 27.5s
ex16|relu|1|0.5|dep|10|0.1|51: static 0.898 sstatic 0.902 c1 0.995 c50 0.899 fac1 0.952 fac50 -0.001 lock 0.00 move 0.0998 period None osc -0.339@12 pr 9.7 sens10 0.00 sens50 0.48 sat None dead 0.03 frozen 0.50 nbin 300 fat 0.822 | 47.9s
ex16|relu|1|0.5|dep|30|0.1|51: static 0.629 sstatic 0.696 c1 0.977 c50 0.643 fac1 0.932 fac50 0.015 lock 0.00 move 0.22 period None osc -0.218@11 pr 14.3 sens10 0.25 sens50 1.67 sat None dead 0.03 frozen 0.14 nbin 300 fat 0.641 | 46.5s
ex16|relu|1|0.9|none|0|0.0|50: static 0.997 sstatic 0.997 c1 1.000 c50 0.999 fac1 0.993 fac50 0.401 lock 0.96 move 0.00489 period None osc 0.401@50 pr 2.0 sens10 -0.06 sens50 -0.06 sat None dead 0.04 frozen 0.94 nbin 294 fat None | 22.2s
ex16|relu|1|0.9|none|0|0.0|51: static 0.993 sstatic 0.993 c1 1.000 c50 0.998 fac1 0.993 fac50 0.484 lock 0.99 move 0.00272 period None osc 0.484@50 pr 1.5 sens10 -0.24 sens50 -0.34 sat None dead 0.03 frozen 0.92 nbin 296 fat None | 22.5s
ex16|relu|1|0.5|dep|300|0.1|51: static 0.373 sstatic 0.510 c1 0.961 c50 0.368 fac1 0.936 fac50 -0.029 lock 0.00 move 0.312 period None osc -0.074@18 pr 14.4 sens10 0.53 sens50 2.23 sat None dead 0.03 frozen 0.32 nbin 300 fat 0.350 | 28.6s
ex16|relu|1|0.5|dep|100|0.1|50: static 0.477 sstatic 0.593 c1 0.959 c50 0.475 fac1 0.923 fac50 -0.014 lock 0.00 move 0.3 period None osc -0.133@13 pr 15.5 sens10 0.48 sens50 2.27 sat None dead 0.04 frozen 0.08 nbin 300 fat 0.407 | 49.5s
ex16|relu|1|0.5|dep|300|0.5|50: static 0.399 sstatic 0.543 c1 0.956 c50 0.389 fac1 0.928 fac50 -0.039 lock 0.00 move 0.539 period None osc -0.077@18 pr 14.9 sens10 0.42 sens50 2.16 sat None dead 0.04 frozen 0.96 nbin 300 fat 0.348 | 28.0s
ex16|relu|1|0.9|sub|3|0.5|50: static 0.996 sstatic 0.996 c1 1.000 c50 0.997 fac1 0.994 fac50 0.243 lock 0.92 move 0.0158 period None osc 0.243@50 pr 3.3 sens10 -0.35 sens50 -0.52 sat None dead 0.04 frozen 0.95 nbin 300 fat 0.500 | 25.6s
ex16|relu|1|0.5|dep|300|0.5|51: static 0.378 sstatic 0.515 c1 0.961 c50 0.380 fac1 0.935 fac50 -0.025 lock 0.00 move 0.488 period None osc -0.076@16 pr 14.5 sens10 0.48 sens50 2.36 sat None dead 0.03 frozen 0.99 nbin 300 fat 0.357 | 28.1s
ex16|relu|1|0.9|sub|3|0.5|51: static 0.996 sstatic 0.995 c1 1.000 c50 0.998 fac1 0.993 fac50 0.415 lock 0.99 move 0.00833 period None osc 0.415@50 pr 2.0 sens10 -0.43 sens50 -0.46 sat None dead 0.03 frozen 0.95 nbin 278 fat 0.500 | 25.6s
ex16|relu|1|0.5|dep|100|0.5|50: static 0.458 sstatic 0.581 c1 0.946 c50 0.459 fac1 0.903 fac50 -0.015 lock 0.00 move 0.485 period None osc -0.125@11 pr 15.8 sens10 0.50 sens50 2.20 sat None dead 0.04 frozen 0.82 nbin 300 fat 0.397 | 48.5s
ex16|relu|1|0.9|sub|10|0.5|50: static 0.763 sstatic 0.796 c1 0.999 c50 0.654 fac1 0.993 fac50 -0.373 lock 0.00 move 0.0463 period None osc -0.443@40 pr 5.2 sens10 -0.05 sens50 -0.09 sat None dead 0.04 frozen 0.51 nbin 300 fat 0.487 | 25.4s
ex16|relu|1|0.5|dep|100|0.5|51: static 0.431 sstatic 0.555 c1 0.951 c50 0.427 fac1 0.912 fac50 -0.020 lock 0.00 move 0.393 period None osc -0.130@11 pr 15.4 sens10 0.39 sens50 2.53 sat None dead 0.03 frozen 0.84 nbin 300 fat 0.401 | 46.9s
ex16|relu|1|0.5|dep|300|0.1|50: static 0.400 sstatic 0.542 c1 0.957 c50 0.403 fac1 0.930 fac50 -0.025 lock 0.00 move 0.39 period None osc -0.072@16 pr 14.8 sens10 0.43 sens50 1.87 sat None dead 0.04 frozen 0.32 nbin 300 fat 0.353 | 47.7s
ex16|relu|1|0.9|sub|10|1.0|51: static 0.002 sstatic 0.329 c1 0.989 c50 0.078 fac1 0.985 fac50 0.065 lock 0.00 move 0.15 period None osc -0.422@25 pr 8.4 sens10 -0.24 sens50 -0.05 sat None dead 0.03 frozen 0.04 nbin 300 fat 0.858 | 25.2s
ex16|relu|1|0.9|sub|30|0.5|50: static 0.357 sstatic 0.529 c1 0.998 c50 0.088 fac1 0.994 fac50 -0.331 lock 0.00 move 0.061 period None osc -0.336@47 pr 6.2 sens10 -0.02 sens50 0.07 sat None dead 0.03 frozen 0.16 nbin 300 fat 0.427 | 25.2s
ex16|relu|1|0.9|sub|30|0.5|51: static 0.333 sstatic 0.512 c1 0.998 c50 0.063 fac1 0.994 fac50 -0.346 lock 0.00 move 0.0614 period None osc -0.349@48 pr 6.1 sens10 -0.14 sens50 0.02 sat None dead 0.03 frozen 0.15 nbin 300 fat 0.425 | 25.4s
ex16|relu|1|0.9|sub|3|1.0|50: static 0.001 sstatic 0.321 c1 0.948 c50 -0.023 fac1 0.946 fac50 -0.022 lock 0.00 move 0.329 period None osc -0.362@12 pr 13.3 sens10 -0.16 sens50 0.40 sat None dead 0.04 frozen 0.67 nbin 300 fat 0.982 | 45.0s
ex16|relu|1|0.9|sub|30|1.0|51: static 0.008 sstatic 0.339 c1 0.996 c50 -0.388 fac1 0.992 fac50 -0.325 lock 0.00 move 0.0913 period None osc -0.363@42 pr 7.0 sens10 -0.16 sens50 -0.11 sat None dead 0.03 frozen 0.03 nbin 300 fat 0.774 | 25.0s
ex16|relu|1|0.9|sub|100|0.5|51: static 0.247 sstatic 0.470 c1 0.999 c50 0.137 fac1 0.995 fac50 -0.131 lock 0.01 move 0.0468 period None osc -0.131@50 pr 5.3 sens10 -0.15 sens50 0.04 sat None dead 0.00 frozen 0.11 nbin 300 fat 0.373 | 25.0s
ex16|relu|1|0.9|sub|3|1.0|51: static 0.001 sstatic 0.321 c1 0.948 c50 0.000 fac1 0.947 fac50 0.001 lock 0.00 move 0.32 period None osc -0.369@12 pr 12.8 sens10 -0.12 sens50 0.34 sat None dead 0.03 frozen 0.66 nbin 300 fat 0.992 | 45.7s
ex16|relu|1|0.9|sub|100|1.0|50: static 0.032 sstatic 0.357 c1 0.998 c50 -0.206 fac1 0.995 fac50 -0.196 lock 0.01 move 0.0614 period None osc -0.196@50 pr 6.1 sens10 -0.02 sens50 0.06 sat None dead 0.00 frozen 0.04 nbin 300 fat 0.683 | 25.1s
ex16|relu|1|0.9|sub|300|0.5|50: static 0.324 sstatic 0.516 c1 0.999 c50 0.326 fac1 0.995 fac50 -0.021 lock 0.04 move 0.0384 period None osc -0.021@50 pr 4.6 sens10 0.00 sens50 0.21 sat None dead 0.00 frozen 0.14 nbin 300 fat 0.343 | 24.9s
ex16|relu|1|0.9|sub|10|1.0|50: static 0.003 sstatic 0.331 c1 0.989 c50 0.130 fac1 0.986 fac50 0.109 lock 0.00 move 0.153 period None osc -0.436@24 pr 8.7 sens10 -0.16 sens50 -0.04 sat None dead 0.04 frozen 0.04 nbin 300 fat 0.921 | 43.4s
ex16|relu|1|0.9|sub|10|0.5|51: static 0.754 sstatic 0.786 c1 0.999 c50 0.649 fac1 0.993 fac50 -0.352 lock 0.00 move 0.0432 period None osc -0.395@41 pr 5.6 sens10 -0.16 sens50 -0.06 sat None dead 0.03 frozen 0.52 nbin 300 fat 0.491 | 44.6s
ex16|relu|1|0.9|sub|30|1.0|50: static 0.008 sstatic 0.338 c1 0.996 c50 -0.383 fac1 0.993 fac50 -0.323 lock 0.00 move 0.0913 period None osc -0.373@40 pr 7.1 sens10 -0.03 sens50 0.04 sat None dead 0.03 frozen 0.04 nbin 300 fat 0.781 | 44.1s
ex16|relu|1|0.9|sub|100|0.5|50: static 0.251 sstatic 0.471 c1 0.999 c50 0.114 fac1 0.995 fac50 -0.161 lock 0.01 move 0.0475 period None osc -0.161@50 pr 5.4 sens10 -0.04 sens50 0.17 sat None dead 0.00 frozen 0.11 nbin 300 fat 0.377 | 43.9s
ex16|relu|1|0.9|sub|300|1.0|51: static 0.103 sstatic 0.400 c1 0.999 c50 0.098 fac1 0.995 fac50 -0.027 lock 0.03 move 0.0463 period None osc -0.027@50 pr 4.9 sens10 -0.14 sens50 0.18 sat None dead 0.00 frozen 0.06 nbin 300 fat 0.611 | 25.5s
ex16|relu|1|0.9|div|3|0.5|50: static 0.996 sstatic 0.996 c1 1.000 c50 0.997 fac1 0.994 fac50 0.190 lock 0.96 move 0.00952 period None osc 0.190@50 pr 3.1 sens10 -0.12 sens50 -0.18 sat None dead 0.04 frozen 0.94 nbin 299 fat 0.389 | 25.6s
ex16|relu|1|0.9|div|3|0.5|51: static 0.984 sstatic 0.985 c1 1.000 c50 0.990 fac1 0.994 fac50 0.254 lock 0.99 move 0.00585 period None osc 0.254@50 pr 2.6 sens10 -0.38 sens50 -0.37 sat None dead 0.03 frozen 0.88 nbin 300 fat 0.389 | 25.6s
ex16|relu|1|0.9|sub|100|1.0|51: static 0.027 sstatic 0.353 c1 0.998 c50 -0.202 fac1 0.995 fac50 -0.198 lock 0.01 move 0.0609 period None osc -0.198@50 pr 6.1 sens10 -0.15 sens50 -0.03 sat None dead 0.00 frozen 0.03 nbin 300 fat 0.670 | 44.8s
ex16|relu|1|0.9|div|3|2.0|51: static 0.953 sstatic 0.964 c1 1.000 c50 0.958 fac1 0.995 fac50 0.131 lock 0.77 move 0.015 period None osc 0.131@50 pr 3.1 sens10 -0.44 sens50 -0.18 sat None dead 0.03 frozen 1.00 nbin 1 fat 1.565 | 25.7s
ex16|relu|1|0.9|div|10|0.5|50: static 0.986 sstatic 0.987 c1 1.000 c50 0.991 fac1 0.994 fac50 0.246 lock 0.95 move 0.0103 period None osc 0.246@50 pr 2.8 sens10 -0.08 sens50 0.04 sat None dead 0.04 frozen 0.88 nbin 300 fat 0.389 | 25.7s
ex16|relu|1|0.9|div|10|2.0|50: static 0.939 sstatic 0.951 c1 1.000 c50 0.923 fac1 0.994 fac50 -0.212 lock 0.01 move 0.0281 period None osc -0.212@50 pr 5.0 sens10 -0.05 sens50 0.24 sat None dead 0.04 frozen 1.00 nbin 3 fat 1.556 | 25.7s
ex16|relu|1|0.9|sub|300|0.5|51: static 0.264 sstatic 0.473 c1 0.999 c50 0.290 fac1 0.995 fac50 0.002 lock 0.03 move 0.0388 period None osc 0.002@50 pr 4.5 sens10 -0.15 sens50 -0.00 sat None dead 0.00 frozen 0.13 nbin 300 fat 0.341 | 43.1s
ex16|relu|1|0.9|sub|300|1.0|50: static 0.110 sstatic 0.401 c1 0.999 c50 0.024 fac1 0.995 fac50 -0.087 lock 0.04 move 0.0487 period None osc -0.087@50 pr 5.2 sens10 0.03 sens50 0.29 sat None dead 0.00 frozen 0.06 nbin 300 fat 0.610 | 44.6s
ex16|relu|1|0.9|div|10|2.0|51: static 0.914 sstatic 0.935 c1 1.000 c50 0.896 fac1 0.994 fac50 -0.175 lock 0.00 move 0.0235 period None osc -0.175@50 pr 5.0 sens10 -0.35 sens50 -0.00 sat None dead 0.03 frozen 1.00 nbin 9 fat 1.562 | 25.3s
ex16|relu|1|0.9|div|3|2.0|50: static 0.967 sstatic 0.975 c1 1.000 c50 0.968 fac1 0.994 fac50 0.001 lock 0.75 move 0.0221 period None osc 0.001@50 pr 3.5 sens10 -0.12 sens50 0.05 sat None dead 0.04 frozen 1.00 nbin 1 fat 1.553 | 43.5s
ex16|relu|1|0.9|div|100|0.5|50: static 0.811 sstatic 0.841 c1 1.000 c50 0.793 fac1 0.996 fac50 -0.043 lock 0.00 move 0.0202 period None osc -0.043@50 pr 4.0 sens10 -0.05 sens50 0.14 sat None dead 0.04 frozen 0.55 nbin 300 fat 0.387 | 24.9s
ex16|relu|1|0.9|div|10|0.5|51: static 0.990 sstatic 0.990 c1 1.000 c50 0.992 fac1 0.993 fac50 0.102 lock 0.99 move 0.00586 period None osc 0.102@50 pr 3.3 sens10 -0.31 sens50 -0.28 sat None dead 0.03 frozen 0.89 nbin 299 fat 0.389 | 44.7s
ex16|relu|1|0.9|div|100|0.5|51: static 0.764 sstatic 0.804 c1 1.000 c50 0.760 fac1 0.995 fac50 -0.032 lock 0.00 move 0.0204 period None osc -0.032@50 pr 3.9 sens10 -0.30 sens50 -0.26 sat None dead 0.03 frozen 0.52 nbin 300 fat 0.390 | 24.9s
ex16|relu|1|0.9|div|100|2.0|50: static 0.614 sstatic 0.705 c1 1.000 c50 0.568 fac1 0.995 fac50 -0.090 lock 0.00 move 0.0352 period None osc -0.090@50 pr 4.6 sens10 -0.10 sens50 0.05 sat None dead 0.04 frozen 0.58 nbin 300 fat 1.553 | 25.0s
ex16|relu|1|0.9|div|300|0.5|50: static 0.763 sstatic 0.803 c1 1.000 c50 0.816 fac1 0.995 fac50 0.172 lock 0.00 move 0.0184 period None osc 0.172@50 pr 3.2 sens10 -0.07 sens50 0.17 sat None dead 0.04 frozen 0.52 nbin 300 fat 0.375 | 24.9s
ex16|relu|1|0.9|div|300|0.5|51: static 0.750 sstatic 0.796 c1 1.000 c50 0.801 fac1 0.995 fac50 0.145 lock 0.00 move 0.0174 period None osc 0.145@50 pr 3.4 sens10 -0.30 sens50 -0.28 sat None dead 0.03 frozen 0.52 nbin 300 fat 0.377 | 25.0s
ex16|relu|1|0.9|div|300|2.0|50: static 0.598 sstatic 0.691 c1 1.000 c50 0.657 fac1 0.995 fac50 0.123 lock 0.00 move 0.0286 period None osc 0.123@50 pr 3.7 sens10 -0.11 sens50 0.07 sat None dead 0.04 frozen 0.57 nbin 300 fat 1.496 | 25.1s
ex16|relu|1|0.9|div|30|0.5|50: static 0.922 sstatic 0.929 c1 1.000 c50 0.904 fac1 0.995 fac50 -0.168 lock 0.04 move 0.0167 period None osc -0.168@50 pr 4.4 sens10 -0.06 sens50 0.11 sat None dead 0.04 frozen 0.69 nbin 300 fat 0.388 | 44.2s
ex16|relu|1|0.9|div|30|0.5|51: static 0.924 sstatic 0.933 c1 1.000 c50 0.906 fac1 0.995 fac50 -0.184 lock 0.10 move 0.0142 period None osc -0.184@50 pr 4.0 sens10 -0.28 sens50 -0.20 sat None dead 0.03 frozen 0.70 nbin 300 fat 0.391 | 45.6s
ex16|relu|1|0.9|dep|3|0.1|50: static 0.997 sstatic 0.997 c1 1.000 c50 0.999 fac1 0.992 fac50 0.350 lock 0.96 move 0.00632 period None osc 0.350@50 pr 2.3 sens10 -0.03 sens50 0.02 sat None dead 0.04 frozen 0.93 nbin 299 fat 0.924 | 27.6s
ex16|relu|1|0.9|dep|3|0.1|51: static 0.997 sstatic 0.997 c1 1.000 c50 0.999 fac1 0.993 fac50 0.410 lock 0.99 move 0.00295 period None osc 0.410@50 pr 1.9 sens10 -0.23 sens50 -0.39 sat None dead 0.03 frozen 0.95 nbin 259 fat 0.927 | 27.4s
ex16|relu|1|0.9|div|30|2.0|51: static 0.723 sstatic 0.781 c1 0.999 c50 0.605 fac1 0.994 fac50 -0.339 lock 0.00 move 0.0382 period None osc -0.339@50 pr 5.8 sens10 -0.37 sens50 -0.17 sat None dead 0.03 frozen 0.71 nbin 300 fat 1.560 | 43.6s
ex16|relu|1|0.9|div|30|2.0|50: static 0.745 sstatic 0.803 c1 0.999 c50 0.647 fac1 0.994 fac50 -0.301 lock 0.00 move 0.0401 period None osc -0.301@50 pr 5.6 sens10 -0.07 sens50 0.27 sat None dead 0.04 frozen 0.73 nbin 300 fat 1.550 | 44.9s
ex16|relu|1|0.9|div|100|2.0|51: static 0.579 sstatic 0.673 c1 0.999 c50 0.523 fac1 0.995 fac50 -0.103 lock 0.00 move 0.0334 period None osc -0.103@50 pr 4.8 sens10 -0.45 sens50 -0.37 sat None dead 0.03 frozen 0.57 nbin 300 fat 1.562 | 42.0s
ex16|relu|1|0.9|div|300|2.0|51: static 0.590 sstatic 0.675 c1 1.000 c50 0.583 fac1 0.995 fac50 -0.010 lock 0.00 move 0.0285 period None osc -0.010@50 pr 4.3 sens10 -0.43 sens50 -0.25 sat None dead 0.03 frozen 0.56 nbin 300 fat 1.505 | 42.5s
ex16|relu|1|0.9|dep|3|0.5|51: static 0.991 sstatic 0.991 c1 1.000 c50 0.994 fac1 0.995 fac50 0.291 lock 0.99 move 0.00573 period None osc 0.291@50 pr 2.6 sens10 -0.18 sens50 -0.16 sat None dead 0.03 frozen 0.90 nbin 298 fat 0.787 | 27.2s
ex16|relu|1|0.9|dep|10|0.1|51: static 0.989 sstatic 0.989 c1 1.000 c50 0.993 fac1 0.995 fac50 0.300 lock 0.99 move 0.00496 period None osc 0.300@50 pr 2.5 sens10 -0.16 sens50 -0.09 sat None dead 0.03 frozen 0.89 nbin 296 fat 0.828 | 27.2s
ex16|relu|1|0.9|dep|10|0.5|50: static 0.978 sstatic 0.978 c1 1.000 c50 0.981 fac1 0.994 fac50 0.058 lock 0.84 move 0.0189 period None osc 0.058@50 pr 4.2 sens10 0.37 sens50 1.06 sat None dead 0.04 frozen 0.81 nbin 300 fat 0.660 | 27.5s
ex16|relu|1|0.9|dep|10|0.5|51: static 0.970 sstatic 0.971 c1 1.000 c50 0.971 fac1 0.995 fac50 0.030 lock 0.86 move 0.0127 period None osc 0.030@50 pr 4.1 sens10 0.05 sens50 0.34 sat None dead 0.03 frozen 0.79 nbin 300 fat 0.668 | 27.2s
ex16|relu|1|0.9|dep|30|0.1|50: static 0.957 sstatic 0.959 c1 1.000 c50 0.944 fac1 0.994 fac50 -0.221 lock 0.05 move 0.0198 period None osc -0.221@50 pr 5.8 sens10 0.26 sens50 0.80 sat None dead 0.04 frozen 0.72 nbin 300 fat 0.699 | 27.1s
ex16|relu|1|0.9|dep|30|0.1|51: static 0.943 sstatic 0.944 c1 1.000 c50 0.925 fac1 0.994 fac50 -0.246 lock 0.01 move 0.0184 period None osc -0.249@48 pr 5.8 sens10 0.01 sens50 0.37 sat None dead 0.03 frozen 0.69 nbin 300 fat 0.708 | 27.1s
ex16|relu|1|0.9|dep|100|0.1|50: static 0.717 sstatic 0.760 c1 0.999 c50 0.632 fac1 0.992 fac50 -0.214 lock 0.00 move 0.0548 period None osc -0.219@45 pr 7.9 sens10 0.42 sens50 1.56 sat None dead 0.04 frozen 0.30 nbin 300 fat 0.486 | 27.2s
ex16|relu|1|0.9|dep|3|0.5|50: static 0.982 sstatic 0.983 c1 1.000 c50 0.989 fac1 0.995 fac50 0.291 lock 0.96 move 0.011 period None osc 0.291@50 pr 2.7 sens10 0.05 sens50 0.15 sat None dead 0.04 frozen 0.85 nbin 300 fat 0.782 | 47.9s
ex16|relu|1|0.9|dep|100|0.5|50: static 0.705 sstatic 0.752 c1 0.997 c50 0.664 fac1 0.984 fac50 -0.129 lock 0.00 move 0.0871 period None osc -0.160@38 pr 10.0 sens10 1.02 sens50 3.07 sat None dead 0.04 frozen 0.31 nbin 300 fat 0.352 | 31.6s
ex16|relu|1|0.9|dep|10|0.1|50: static 0.990 sstatic 0.990 c1 1.000 c50 0.992 fac1 0.995 fac50 0.143 lock 0.96 move 0.00964 period None osc 0.143@50 pr 3.3 sens10 0.04 sens50 0.16 sat None dead 0.04 frozen 0.88 nbin 300 fat 0.823 | 47.7s
ex16|relu|0|0.0|div|3|0.5|50: static 0.598 sstatic 0.695 c1 0.510 c50 0.602 fac1 -0.226 fac50 0.005 lock 0.00 move 0.999 period None osc -0.226@1 pr 16.7 sens10 0.61 sens50 3.10 sat None dead 0.04 frozen 0.12 nbin 300 fat 1.237 | 23.5s
ex16|relu|1|0.9|dep|300|0.5|50: static 0.496 sstatic 0.605 c1 0.996 c50 0.442 fac1 0.988 fac50 -0.119 lock 0.00 move 0.0992 period None osc -0.138@37 pr 9.1 sens10 1.10 sens50 2.68 sat None dead 0.04 frozen 0.52 nbin 300 fat 0.226 | 28.6s
ex16|relu|0|0.0|div|3|0.5|51: static 0.591 sstatic 0.689 c1 0.511 c50 0.595 fac1 -0.215 fac50 0.006 lock 0.00 move 1 period None osc -0.215@1 pr 16.4 sens10 0.63 sens50 3.17 sat None dead 0.03 frozen 0.13 nbin 300 fat 1.176 | 24.3s
ex16|relu|0|0.0|div|3|2.0|50: static 0.585 sstatic 0.683 c1 0.496 c50 0.583 fac1 -0.209 fac50 -0.010 lock 0.00 move 1.01 period None osc -0.209@1 pr 17.0 sens10 0.58 sens50 2.98 sat None dead 0.04 frozen 0.47 nbin 300 fat 1.266 | 24.5s
ex16|relu|1|0.9|dep|300|0.5|51: static 0.473 sstatic 0.578 c1 0.996 c50 0.401 fac1 0.989 fac50 -0.143 lock 0.00 move 0.0945 period None osc -0.154@42 pr 8.8 sens10 0.70 sens50 2.07 sat None dead 0.03 frozen 0.51 nbin 300 fat 0.219 | 28.7s
ex16|relu|1|0.9|dep|30|0.5|50: static 0.929 sstatic 0.933 c1 0.999 c50 0.912 fac1 0.989 fac50 -0.169 lock 0.00 move 0.0397 period None osc -0.179@45 pr 8.1 sens10 1.01 sens50 2.41 sat None dead 0.04 frozen 0.60 nbin 300 fat 0.550 | 49.6s
ex16|relu|0|0.0|div|3|2.0|51: static 0.589 sstatic 0.687 c1 0.508 c50 0.577 fac1 -0.210 fac50 -0.028 lock 0.00 move 1 period None osc -0.210@1 pr 16.5 sens10 0.63 sens50 3.24 sat None dead 0.03 frozen 0.51 nbin 300 fat 1.193 | 24.5s
ex16|relu|1|0.9|dep|30|0.5|51: static 0.915 sstatic 0.919 c1 0.999 c50 0.898 fac1 0.990 fac50 -0.157 lock 0.00 move 0.037 period None osc -0.168@44 pr 8.0 sens10 0.47 sens50 1.97 sat None dead 0.03 frozen 0.59 nbin 300 fat 0.561 | 49.9s
ex16|relu|0|0.0|div|10|0.5|50: static 0.492 sstatic 0.606 c1 0.451 c50 0.497 fac1 -0.088 fac50 0.003 lock 0.00 move 1.06 period None osc -0.088@1 pr 17.4 sens10 0.55 sens50 2.85 sat None dead 0.04 frozen 0.09 nbin 300 fat 1.374 | 24.3s
ex16|relu|1|0.9|dep|100|0.1|51: static 0.683 sstatic 0.737 c1 0.999 c50 0.604 fac1 0.992 fac50 -0.214 lock 0.00 move 0.0555 period None osc -0.227@44 pr 8.1 sens10 0.23 sens50 0.97 sat None dead 0.03 frozen 0.28 nbin 300 fat 0.482 | 50.6s
ex16|relu|1|0.9|dep|100|0.5|51: static 0.665 sstatic 0.721 c1 0.996 c50 0.620 fac1 0.985 fac50 -0.123 lock 0.00 move 0.0895 period None osc -0.155@36 pr 9.8 sens10 0.76 sens50 2.85 sat None dead 0.03 frozen 0.29 nbin 300 fat 0.350 | 49.3s
ex16|relu|1|0.9|dep|300|0.1|50: static 0.541 sstatic 0.638 c1 0.998 c50 0.449 fac1 0.991 fac50 -0.176 lock 0.00 move 0.0723 period None osc -0.179@42 pr 8.7 sens10 0.85 sens50 1.77 sat None dead 0.04 frozen 0.17 nbin 300 fat 0.274 | 49.1s
ex16|relu|1|0.9|dep|300|0.1|51: static 0.502 sstatic 0.615 c1 0.997 c50 0.413 fac1 0.991 fac50 -0.154 lock 0.00 move 0.0732 period None osc -0.160@44 pr 8.7 sens10 0.36 sens50 1.38 sat None dead 0.03 frozen 0.15 nbin 300 fat 0.267 | 46.2s
ex16|relu|0|0.0|div|10|2.0|50: static 0.487 sstatic 0.604 c1 0.449 c50 0.488 fac1 -0.080 fac50 -0.002 lock 0.00 move 1.06 period None osc -0.080@1 pr 17.7 sens10 0.51 sens50 2.61 sat None dead 0.04 frozen 0.30 nbin 300 fat 1.430 | 24.0s
ex16|relu|0|0.0|div|30|0.5|50: static 0.465 sstatic 0.584 c1 0.448 c50 0.464 fac1 -0.039 fac50 -0.002 lock 0.00 move 1.06 period None osc -0.039@1 pr 17.6 sens10 0.59 sens50 2.88 sat None dead 0.04 frozen 0.08 nbin 300 fat 1.413 | 23.8s
ex16|relu|0|0.0|div|30|0.5|51: static 0.454 sstatic 0.573 c1 0.446 c50 0.471 fac1 -0.026 fac50 0.012 lock 0.00 move 1.06 period None osc -0.032@2 pr 17.3 sens10 0.60 sens50 2.97 sat None dead 0.03 frozen 0.08 nbin 300 fat 1.390 | 24.0s
ex16|relu|0|0.0|div|30|2.0|50: static 0.458 sstatic 0.580 c1 0.442 c50 0.459 fac1 -0.037 fac50 -0.006 lock 0.00 move 1.07 period None osc -0.043@3 pr 17.8 sens10 0.58 sens50 2.59 sat None dead 0.04 frozen 0.26 nbin 300 fat 1.467 | 23.9s
ex16|relu|0|0.0|div|30|2.0|51: static 0.454 sstatic 0.575 c1 0.448 c50 0.457 fac1 -0.024 fac50 -0.006 lock 0.00 move 1.06 period None osc -0.039@2 pr 17.3 sens10 0.53 sens50 2.81 sat None dead 0.03 frozen 0.28 nbin 300 fat 1.375 | 23.9s
ex16|relu|0|0.0|div|100|0.5|50: static 0.450 sstatic 0.573 c1 0.446 c50 0.457 fac1 -0.015 fac50 -0.003 lock 0.00 move 1.06 period None osc -0.022@32 pr 17.6 sens10 0.59 sens50 2.88 sat None dead 0.04 frozen 0.08 nbin 300 fat 1.430 | 23.9s
ex16|relu|0|0.0|div|100|2.0|50: static 0.445 sstatic 0.571 c1 0.440 c50 0.454 fac1 -0.015 fac50 0.004 lock 0.00 move 1.07 period None osc -0.022@25 pr 17.8 sens10 0.55 sens50 2.57 sat None dead 0.04 frozen 0.25 nbin 300 fat 1.483 | 23.9s
ex16|relu|0|0.0|div|10|0.5|51: static 0.481 sstatic 0.599 c1 0.455 c50 0.490 fac1 -0.070 fac50 0.003 lock 0.00 move 1.05 period None osc -0.072@2 pr 17.1 sens10 0.59 sens50 3.00 sat None dead 0.03 frozen 0.09 nbin 300 fat 1.337 | 43.3s
ex16|relu|0|0.0|div|300|0.5|50: static 0.448 sstatic 0.570 c1 0.449 c50 0.452 fac1 -0.002 fac50 -0.001 lock 0.00 move 1.06 period None osc -0.015@26 pr 17.6 sens10 0.59 sens50 2.83 sat None dead 0.04 frozen 0.08 nbin 300 fat 1.448 | 23.4s
ex16|relu|0|0.0|div|10|2.0|51: static 0.486 sstatic 0.601 c1 0.452 c50 0.496 fac1 -0.071 fac50 0.008 lock 0.00 move 1.05 period None osc -0.075@2 pr 17.1 sens10 0.60 sens50 3.02 sat None dead 0.03 frozen 0.32 nbin 300 fat 1.356 | 42.3s
ex16|relu|0|0.0|dep|10|0.5|51: static 0.519 sstatic 0.611 c1 0.465 c50 0.520 fac1 -0.125 fac50 -0.003 lock 0.00 move 1.04 period None osc -0.125@1 pr 19.7 sens10 1.05 sens50 3.95 sat None dead 0.03 frozen 0.27 nbin 300 fat 0.662 | 25.9s
ex16|relu|0|0.0|div|100|0.5|51: static 0.438 sstatic 0.563 c1 0.449 c50 0.447 fac1 0.009 fac50 -0.008 lock 0.00 move 1.06 period None osc -0.022@42 pr 17.4 sens10 0.55 sens50 2.87 sat None dead 0.03 frozen 0.08 nbin 300 fat 1.426 | 41.6s
ex16|relu|0|0.0|dep|30|0.1|50: static 0.498 sstatic 0.599 c1 0.489 c50 0.505 fac1 -0.038 fac50 -0.005 lock 0.00 move 1.01 period None osc -0.038@1 pr 19.7 sens10 0.85 sens50 3.74 sat None dead 0.04 frozen 0.05 nbin 300 fat 0.567 | 26.4s
ex16|relu|0|0.0|div|100|2.0|51: static 0.433 sstatic 0.557 c1 0.441 c50 0.437 fac1 -0.002 fac50 -0.025 lock 0.00 move 1.07 period None osc -0.027@36 pr 17.4 sens10 0.56 sens50 2.83 sat None dead 0.03 frozen 0.27 nbin 300 fat 1.391 | 43.2s
ex16|relu|0|0.0|dep|30|0.1|51: static 0.476 sstatic 0.578 c1 0.472 c50 0.486 fac1 -0.033 fac50 -0.008 lock 0.00 move 1.03 period None osc -0.033@1 pr 19.4 sens10 0.86 sens50 3.90 sat None dead 0.03 frozen 0.05 nbin 300 fat 0.581 | 26.8s
ex16|relu|0|0.0|dep|30|0.5|50: static 0.434 sstatic 0.564 c1 0.406 c50 0.432 fac1 -0.058 fac50 -0.005 lock 0.00 move 1.09 period None osc -0.058@1 pr 20.1 sens10 0.86 sens50 3.68 sat None dead 0.04 frozen 0.70 nbin 300 fat 0.573 | 27.0s
ex16|relu|0|0.0|dep|100|0.1|50: static 0.402 sstatic 0.541 c1 0.397 c50 0.406 fac1 -0.017 fac50 -0.002 lock 0.00 move 1.11 period None osc -0.017@1 pr 20.3 sens10 0.86 sens50 3.78 sat None dead 0.04 frozen 0.27 nbin 300 fat 0.551 | 26.8s
ex16|relu|0|0.0|dep|30|0.5|51: static 0.427 sstatic 0.552 c1 0.399 c50 0.435 fac1 -0.056 fac50 -0.003 lock 0.00 move 1.1 period None osc -0.056@1 pr 20.1 sens10 1.05 sens50 3.93 sat None dead 0.03 frozen 0.76 nbin 300 fat 0.598 | 27.1s
ex16|relu|0|0.0|div|300|0.5|51: static 0.414 sstatic 0.531 c1 0.455 c50 0.445 fac1 0.051 fac50 -0.026 lock 0.00 move 1.05 period None osc -0.029@47 pr 17.0 sens10 0.54 sens50 2.69 sat None dead 0.03 frozen 0.07 nbin 300 fat 1.430 | 43.8s
ex16|relu|0|0.0|dep|100|0.1|51: static 0.398 sstatic 0.531 c1 0.398 c50 0.408 fac1 -0.015 fac50 -0.001 lock 0.00 move 1.11 period None osc -0.020@21 pr 20.2 sens10 1.06 sens50 3.96 sat None dead 0.03 frozen 0.33 nbin 300 fat 0.578 | 27.0s
ex16|relu|0|0.0|div|300|2.0|50: static 0.442 sstatic 0.568 c1 0.441 c50 0.444 fac1 -0.009 fac50 -0.006 lock 0.00 move 1.07 period None osc -0.026@48 pr 17.8 sens10 0.61 sens50 2.61 sat None dead 0.04 frozen 0.25 nbin 300 fat 1.507 | 44.2s
ex16|relu|0|0.0|div|300|2.0|51: static 0.440 sstatic 0.560 c1 0.437 c50 0.439 fac1 -0.017 fac50 -0.014 lock 0.00 move 1.07 period None osc -0.017@19 pr 17.3 sens10 0.57 sens50 2.87 sat None dead 0.03 frozen 0.27 nbin 300 fat 1.421 | 43.3s
ex16|relu|0|0.0|dep|100|0.5|51: static 0.396 sstatic 0.529 c1 0.399 c50 0.405 fac1 -0.008 fac50 -0.003 lock 0.00 move 1.1 period None osc -0.018@5 pr 20.2 sens10 0.93 sens50 3.83 sat None dead 0.03 frozen 0.99 nbin 300 fat 0.572 | 26.6s
ex16|relu|0|0.0|dep|10|0.5|50: static 0.520 sstatic 0.618 c1 0.465 c50 0.520 fac1 -0.133 fac50 -0.003 lock 0.00 move 1.05 period None osc -0.133@1 pr 19.9 sens10 0.96 sens50 3.80 sat None dead 0.04 frozen 0.22 nbin 300 fat 0.639 | 45.1s
ex16|relu|0|0.0|dep|300|0.1|51: static 0.385 sstatic 0.518 c1 0.400 c50 0.391 fac1 0.013 fac50 -0.011 lock 0.00 move 1.1 period None osc -0.014@43 pr 20.1 sens10 0.94 sens50 3.94 sat None dead 0.03 frozen 0.96 nbin 299 fat 0.566 | 26.3s
ex16|relu|0|0.0|dep|300|0.5|51: static 0.385 sstatic 0.522 c1 0.391 c50 0.390 fac1 -0.005 fac50 -0.011 lock 0.00 move 1.1 period None osc -0.016@21 pr 20.1 sens10 0.89 sens50 3.53 sat None dead 0.03 frozen 0.99 nbin 298 fat 0.561 | 26.8s
ex16|relu|0|0.5|div|3|0.5|51: static 0.798 sstatic 0.854 c1 0.971 c50 0.796 fac1 0.858 fac50 0.005 lock 0.00 move 0.24 period None osc -0.257@7 pr 10.8 sens10 0.23 sens50 1.78 sat None dead 0.03 frozen 0.38 nbin 300 fat 2.825 | 24.4s
ex16|relu|0|0.5|div|3|2.0|50: static 0.801 sstatic 0.850 c1 0.969 c50 0.799 fac1 0.850 fac50 -0.016 lock 0.00 move 0.265 period None osc -0.247@7 pr 11.1 sens10 0.15 sens50 1.54 sat None dead 0.04 frozen 0.50 nbin 300 fat 2.957 | 24.4s
ex16|relu|0|0.5|div|3|2.0|51: static 0.802 sstatic 0.855 c1 0.972 c50 0.806 fac1 0.856 fac50 0.024 lock 0.00 move 0.245 period None osc -0.281@7 pr 10.7 sens10 0.23 sens50 1.66 sat None dead 0.03 frozen 0.55 nbin 300 fat 2.846 | 24.4s
ex16|relu|0|0.5|div|10|0.5|50: static 0.562 sstatic 0.670 c1 0.967 c50 0.577 fac1 0.922 fac50 0.026 lock 0.00 move 0.257 period None osc -0.279@10 pr 12.2 sens10 -0.00 sens50 1.00 sat None dead 0.04 frozen 0.16 nbin 300 fat 3.361 | 24.4s
ex16|relu|0|0.0|dep|100|0.5|50: static 0.393 sstatic 0.534 c1 0.379 c50 0.399 fac1 -0.030 fac50 -0.003 lock 0.00 move 1.09 period None osc -0.030@1 pr 19.8 sens10 0.73 sens50 3.40 sat None dead 0.04 frozen 0.96 nbin 300 fat 0.532 | 47.7s
ex16|relu|0|0.5|div|10|2.0|50: static 0.566 sstatic 0.673 c1 0.965 c50 0.548 fac1 0.921 fac50 -0.039 lock 0.00 move 0.272 period None osc -0.261@10 pr 12.5 sens10 0.04 sens50 1.13 sat None dead 0.04 frozen 0.31 nbin 300 fat 3.342 | 24.5s
ex16|relu|0|0.5|div|30|0.5|51: static 0.467 sstatic 0.594 c1 0.976 c50 0.463 fac1 0.954 fac50 -0.013 lock 0.00 move 0.216 period None osc -0.150@19 pr 12.1 sens10 -0.05 sens50 0.80 sat None dead 0.03 frozen 0.12 nbin 300 fat 3.482 | 24.1s
ex16|relu|0|0.0|dep|300|0.1|50: static 0.382 sstatic 0.526 c1 0.382 c50 0.386 fac1 -0.009 fac50 -0.002 lock 0.00 move 1.1 period None osc -0.014@37 pr 19.8 sens10 0.69 sens50 3.45 sat None dead 0.04 frozen 0.92 nbin 300 fat 0.524 | 48.0s
ex16|relu|0|0.0|dep|300|0.5|50: static 0.362 sstatic 0.506 c1 0.370 c50 0.384 fac1 -0.015 fac50 -0.000 lock 0.00 move 1.09 period None osc -0.015@1 pr 18.8 sens10 0.68 sens50 2.95 sat None dead 0.04 frozen 0.96 nbin 299 fat 0.512 | 45.5s
ex16|relu|0|0.5|div|3|0.5|50: static 0.803 sstatic 0.854 c1 0.972 c50 0.798 fac1 0.856 fac50 -0.028 lock 0.00 move 0.239 period None osc -0.271@7 pr 10.6 sens10 0.18 sens50 1.58 sat None dead 0.04 frozen 0.39 nbin 300 fat 2.928 | 42.8s
ex16|relu|0|0.5|div|30|2.0|51: static 0.466 sstatic 0.588 c1 0.977 c50 0.459 fac1 0.955 fac50 -0.020 lock 0.00 move 0.215 period None osc -0.159@14 pr 11.9 sens10 -0.10 sens50 0.74 sat None dead 0.03 frozen 0.27 nbin 300 fat 3.491 | 24.5s
ex16|relu|0|0.5|div|10|0.5|51: static 0.559 sstatic 0.665 c1 0.966 c50 0.564 fac1 0.920 fac50 0.005 lock 0.00 move 0.261 period None osc -0.293@9 pr 12.3 sens10 -0.09 sens50 0.93 sat None dead 0.03 frozen 0.16 nbin 300 fat 3.233 | 41.9s
ex16|relu|0|0.5|div|10|2.0|51: static 0.556 sstatic 0.662 c1 0.967 c50 0.561 fac1 0.923 fac50 0.002 lock 0.00 move 0.259 period None osc -0.277@10 pr 12.3 sens10 0.01 sens50 1.01 sat None dead 0.03 frozen 0.31 nbin 300 fat 3.265 | 44.4s
ex16|relu|0|0.5|div|100|0.5|50: static 0.435 sstatic 0.566 c1 0.984 c50 0.414 fac1 0.969 fac50 -0.055 lock 0.00 move 0.179 period None osc -0.107@38 pr 11.3 sens10 -0.11 sens50 0.71 sat None dead 0.04 frozen 0.11 nbin 300 fat 3.727 | 25.3s
ex16|relu|0|0.5|div|100|0.5|51: static 0.426 sstatic 0.558 c1 0.984 c50 0.413 fac1 0.969 fac50 -0.045 lock 0.00 move 0.178 period None osc -0.112@24 pr 11.2 sens10 -0.16 sens50 0.68 sat None dead 0.03 frozen 0.11 nbin 300 fat 3.706 | 25.3s
ex16|relu|0|0.5|div|100|2.0|50: static 0.433 sstatic 0.565 c1 0.985 c50 0.411 fac1 0.970 fac50 -0.037 lock 0.00 move 0.188 period None osc -0.100@19 pr 11.4 sens10 -0.10 sens50 0.59 sat None dead 0.04 frozen 0.24 nbin 300 fat 3.859 | 25.4s
ex16|relu|0|0.5|div|100|2.0|51: static 0.427 sstatic 0.560 c1 0.984 c50 0.400 fac1 0.969 fac50 -0.058 lock 0.00 move 0.18 period None osc -0.093@24 pr 11.3 sens10 -0.10 sens50 0.68 sat None dead 0.03 frozen 0.25 nbin 300 fat 3.799 | 25.4s
ex16|relu|0|0.5|div|30|0.5|50: static 0.469 sstatic 0.599 c1 0.977 c50 0.485 fac1 0.955 fac50 0.014 lock 0.00 move 0.211 period None osc -0.185@15 pr 11.8 sens10 -0.12 sens50 0.87 sat None dead 0.04 frozen 0.12 nbin 300 fat 3.534 | 43.7s
ex16|relu|0|0.5|div|300|0.5|50: static 0.421 sstatic 0.557 c1 0.988 c50 0.389 fac1 0.977 fac50 -0.072 lock 0.00 move 0.154 period None osc -0.093@43 pr 9.9 sens10 -0.12 sens50 0.83 sat None dead 0.04 frozen 0.11 nbin 300 fat 3.761 | 25.3s
ex16|relu|0|0.5|div|300|2.0|50: static 0.412 sstatic 0.550 c1 0.985 c50 0.419 fac1 0.974 fac50 -0.019 lock 0.00 move 0.18 period None osc -0.051@35 pr 10.5 sens10 -0.16 sens50 0.61 sat None dead 0.04 frozen 0.25 nbin 300 fat 3.823 | 25.4s
ex16|relu|0|0.5|div|30|2.0|50: static 0.470 sstatic 0.595 c1 0.977 c50 0.475 fac1 0.955 fac50 0.001 lock 0.00 move 0.226 period None osc -0.175@15 pr 12.0 sens10 -0.20 sens50 0.45 sat None dead 0.04 frozen 0.26 nbin 300 fat 3.582 | 43.3s
ex16|relu|0|0.5|div|300|2.0|51: static 0.399 sstatic 0.539 c1 0.988 c50 0.380 fac1 0.977 fac50 -0.060 lock 0.00 move 0.157 period None osc -0.062@47 pr 10.2 sens10 -0.23 sens50 0.56 sat None dead 0.03 frozen 0.25 nbin 300 fat 3.721 | 24.9s
ex16|relu|0|0.5|div|300|0.5|51: static 0.396 sstatic 0.534 c1 0.987 c50 0.349 fac1 0.976 fac50 -0.100 lock 0.00 move 0.155 period None osc -0.100@50 pr 9.9 sens10 -0.20 sens50 0.47 sat None dead 0.03 frozen 0.11 nbin 300 fat 3.695 | 41.7s
ex16|relu|0|0.5|dep|100|0.5|50: static 0.463 sstatic 0.589 c1 0.950 c50 0.468 fac1 0.909 fac50 -0.009 lock 0.00 move 0.496 period None osc -0.114@11 pr 15.7 sens10 0.45 sens50 2.31 sat None dead 0.04 frozen 0.88 nbin 300 fat 0.415 | 26.9s
ex16|relu|0|0.5|dep|100|0.5|51: static 0.432 sstatic 0.556 c1 0.955 c50 0.437 fac1 0.919 fac50 -0.016 lock 0.00 move 0.408 period None osc -0.135@12 pr 15.2 sens10 0.52 sens50 2.31 sat None dead 0.03 frozen 0.91 nbin 300 fat 0.426 | 27.3s
ex16|relu|0|0.5|dep|300|0.1|50: static 0.402 sstatic 0.538 c1 0.961 c50 0.400 fac1 0.935 fac50 -0.022 lock 0.00 move 0.413 period None osc -0.078@17 pr 14.6 sens10 0.38 sens50 1.96 sat None dead 0.04 frozen 0.43 nbin 300 fat 0.379 | 27.5s
ex16|relu|0|0.9|div|3|0.5|50: static 0.830 sstatic 0.902 c1 0.999 c50 0.813 fac1 0.988 fac50 -0.087 lock 0.00 move 0.053 period None osc -0.087@50 pr 5.3 sens10 0.00 sens50 1.79 sat None dead 0.04 frozen 0.62 nbin 300 fat 18.563 | 25.0s
ex16|relu|0|0.5|dep|300|0.1|51: static 0.371 sstatic 0.511 c1 0.964 c50 0.375 fac1 0.941 fac50 -0.032 lock 0.00 move 0.317 period None osc -0.075@21 pr 14.0 sens10 0.51 sens50 2.14 sat None dead 0.03 frozen 0.42 nbin 300 fat 0.377 | 27.6s
ex16|relu|0|0.5|dep|300|0.5|51: static 0.378 sstatic 0.519 c1 0.963 c50 0.380 fac1 0.940 fac50 -0.024 lock 0.00 move 0.501 period None osc -0.079@16 pr 14.2 sens10 0.41 sens50 2.10 sat None dead 0.03 frozen 0.99 nbin 300 fat 0.377 | 27.5s
ex16|relu|0|0.9|div|3|2.0|50: static 0.826 sstatic 0.902 c1 0.998 c50 0.803 fac1 0.989 fac50 -0.078 lock 0.00 move 0.0621 period None osc -0.078@50 pr 5.5 sens10 0.07 sens50 1.51 sat None dead 0.04 frozen 0.43 nbin 300 fat 18.882 | 25.0s
ex16|relu|0|0.5|dep|10|0.5|50: static 0.999 sstatic 0.999 c1 1.000 c50 0.999 fac1 0.961 fac50 -0.037 lock 0.50 move 0.0187 period None osc -0.037@50 pr 9.4 sens10 -0.06 sens50 -0.18 sat None dead 0.04 frozen 0.92 nbin 300 fat 0.600 | 50.3s
ex16|relu|0|0.5|dep|30|0.5|51: static 0.565 sstatic 0.644 c1 0.949 c50 0.563 fac1 0.878 fac50 -0.013 lock 0.00 move 0.345 period None osc -0.196@9 pr 15.9 sens10 0.61 sens50 2.94 sat None dead 0.03 frozen 0.40 nbin 300 fat 0.523 | 40.9s
ex16|relu|0|0.5|dep|10|0.5|51: static 0.944 sstatic 0.945 c1 0.995 c50 0.944 fac1 0.913 fac50 -0.028 lock 0.00 move 0.1 period None osc -0.210@10 pr 12.3 sens10 0.54 sens50 1.95 sat None dead 0.03 frozen 0.58 nbin 300 fat 0.635 | 48.7s
ex16|relu|0|0.5|dep|30|0.5|50: static 0.606 sstatic 0.677 c1 0.946 c50 0.601 fac1 0.869 fac50 -0.009 lock 0.00 move 0.401 period None osc -0.178@9 pr 16.1 sens10 0.62 sens50 2.92 sat None dead 0.04 frozen 0.40 nbin 300 fat 0.512 | 49.7s
ex16|relu|0|0.5|dep|100|0.1|50: static 0.472 sstatic 0.580 c1 0.960 c50 0.480 fac1 0.926 fac50 -0.004 lock 0.00 move 0.304 period None osc -0.136@12 pr 15.0 sens10 0.36 sens50 2.05 sat None dead 0.04 frozen 0.09 nbin 300 fat 0.415 | 47.9s
ex16|relu|0|0.9|div|3|0.5|51: static 0.817 sstatic 0.891 c1 0.999 c50 0.807 fac1 0.989 fac50 -0.042 lock 0.00 move 0.0531 period None osc -0.042@50 pr 5.3 sens10 -0.25 sens50 1.11 sat None dead 0.03 frozen 0.60 nbin 300 fat 18.413 | 38.8s
ex16|relu|0|0.5|dep|100|0.1|51: static 0.436 sstatic 0.551 c1 0.962 c50 0.454 fac1 0.930 fac50 -0.017 lock 0.00 move 0.28 period None osc -0.128@12 pr 14.3 sens10 0.39 sens50 2.08 sat None dead 0.03 frozen 0.09 nbin 300 fat 0.414 | 48.3s
ex16|relu|0|0.5|dep|300|0.5|50: static 0.407 sstatic 0.541 c1 0.956 c50 0.395 fac1 0.927 fac50 -0.033 lock 0.00 move 0.545 period None osc -0.065@13 pr 14.9 sens10 0.40 sens50 1.76 sat None dead 0.04 frozen 0.96 nbin 300 fat 0.374 | 47.3s
ex16|relu|0|0.9|div|10|0.5|50: static 0.693 sstatic 0.791 c1 0.997 c50 0.649 fac1 0.988 fac50 -0.133 lock 0.00 move 0.0726 period None osc -0.196@32 pr 7.5 sens10 -0.01 sens50 0.94 sat None dead 0.04 frozen 0.46 nbin 300 fat 19.695 | 25.0s
ex16|relu|0|0.9|div|10|0.5|51: static 0.691 sstatic 0.784 c1 0.997 c50 0.658 fac1 0.988 fac50 -0.098 lock 0.00 move 0.0737 period None osc -0.193@32 pr 7.7 sens10 -0.39 sens50 0.37 sat None dead 0.03 frozen 0.45 nbin 300 fat 18.631 | 25.2s
ex16|relu|0|0.9|div|10|2.0|50: static 0.694 sstatic 0.792 c1 0.997 c50 0.662 fac1 0.988 fac50 -0.099 lock 0.00 move 0.0771 period None osc -0.185@31 pr 7.7 sens10 0.01 sens50 0.76 sat None dead 0.04 frozen 0.34 nbin 300 fat 19.128 | 25.2s
ex16|relu|0|0.9|div|10|2.0|51: static 0.682 sstatic 0.781 c1 0.997 c50 0.644 fac1 0.988 fac50 -0.115 lock 0.00 move 0.0754 period None osc -0.200@33 pr 7.6 sens10 -0.43 sens50 0.23 sat None dead 0.03 frozen 0.34 nbin 300 fat 19.142 | 25.3s
ex16|relu|0|0.9|div|30|0.5|50: static 0.530 sstatic 0.657 c1 0.998 c50 0.386 fac1 0.993 fac50 -0.250 lock 0.00 move 0.0596 period None osc -0.255@48 pr 7.0 sens10 -0.14 sens50 0.39 sat None dead 0.04 frozen 0.29 nbin 300 fat 20.267 | 25.1s
ex16|relu|0|0.9|div|30|0.5|51: static 0.533 sstatic 0.654 c1 0.998 c50 0.404 fac1 0.993 fac50 -0.217 lock 0.00 move 0.0591 period None osc -0.224@43 pr 7.1 sens10 -0.61 sens50 -0.18 sat None dead 0.03 frozen 0.29 nbin 300 fat 20.264 | 25.1s
ex16|relu|0|0.9|div|30|2.0|50: static 0.525 sstatic 0.652 c1 0.998 c50 0.390 fac1 0.993 fac50 -0.229 lock 0.00 move 0.0617 period None osc -0.232@43 pr 6.8 sens10 -0.11 sens50 0.51 sat None dead 0.04 frozen 0.30 nbin 300 fat 20.602 | 24.9s
ex16|relu|0|0.9|div|100|0.5|50: static 0.454 sstatic 0.593 c1 0.999 c50 0.373 fac1 0.995 fac50 -0.132 lock 0.00 move 0.0422 period None osc -0.132@50 pr 5.4 sens10 -0.18 sens50 0.11 sat None dead 0.04 frozen 0.24 nbin 300 fat 22.703 | 24.7s
ex16|relu|0|0.9|div|3|2.0|51: static 0.816 sstatic 0.891 c1 0.999 c50 0.802 fac1 0.989 fac50 -0.056 lock 0.00 move 0.0559 period None osc -0.056@50 pr 5.6 sens10 -0.21 sens50 0.80 sat None dead 0.03 frozen 0.45 nbin 300 fat 18.209 | 43.6s
ex16|relu|0|0.9|div|300|2.0|51: static 0.439 sstatic 0.572 c1 0.999 c50 0.440 fac1 0.996 fac50 -0.040 lock 0.00 move 0.0342 period None osc -0.040@50 pr 4.3 sens10 -0.72 sens50 -0.58 sat None dead 0.03 frozen 0.33 nbin 300 fat 23.274 | 23.6s
ex16|relu|0|0.9|div|30|2.0|51: static 0.518 sstatic 0.650 c1 0.998 c50 0.371 fac1 0.993 fac50 -0.252 lock 0.00 move 0.0607 period None osc -0.257@46 pr 7.0 sens10 -0.58 sens50 -0.25 sat None dead 0.03 frozen 0.31 nbin 300 fat 20.600 | 42.6s
ex16|relu|0|0.9|dep|100|0.5|50: static 0.744 sstatic 0.784 c1 0.997 c50 0.706 fac1 0.987 fac50 -0.126 lock 0.00 move 0.0944 period None osc -0.153@37 pr 9.2 sens10 0.90 sens50 2.82 sat None dead 0.04 frozen 0.39 nbin 300 fat 0.380 | 27.9s
ex16|relu|0|0.9|dep|100|0.5|51: static 0.658 sstatic 0.714 c1 0.996 c50 0.620 fac1 0.986 fac50 -0.126 lock 0.00 move 0.0954 period None osc -0.161@35 pr 9.7 sens10 0.98 sens50 2.63 sat None dead 0.03 frozen 0.31 nbin 300 fat 0.357 | 28.3s
ex16|relu|0|0.9|dep|300|0.1|50: static 0.924 sstatic 0.924 c1 1.000 c50 1.000 fac1 0.990 fac50 0.500 lock 1.00 move 0.00338 period None osc 0.500@50 pr 1.0 sens10 0.40 sens50 0.19 sat None dead 0.04 frozen 0.98 nbin 123 fat 0.491 | 28.3s
ex16|relu|0|0.9|dep|300|0.1|51: static 0.782 sstatic 0.782 c1 1.000 c50 1.000 fac1 0.988 fac50 0.474 lock 1.00 move 0.00625 period None osc 0.474@50 pr 1.0 sens10 0.20 sens50 0.02 sat None dead 0.03 frozen 0.98 nbin 111 fat 0.497 | 28.4s
ex16|relu|0|0.9|dep|300|0.5|50: static 0.504 sstatic 0.619 c1 0.996 c50 0.438 fac1 0.988 fac50 -0.136 lock 0.00 move 0.111 period None osc -0.149@40 pr 8.8 sens10 0.84 sens50 2.46 sat None dead 0.04 frozen 0.58 nbin 300 fat 0.243 | 28.3s
ex16|relu|0|0.9|div|100|0.5|51: static 0.458 sstatic 0.589 c1 0.999 c50 0.356 fac1 0.995 fac50 -0.172 lock 0.00 move 0.0426 period None osc -0.172@50 pr 5.5 sens10 -0.68 sens50 -0.53 sat None dead 0.03 frozen 0.24 nbin 300 fat 21.908 | 45.3s
ex16|relu|0|0.9|dep|300|0.5|51: static 0.464 sstatic 0.579 c1 0.996 c50 0.386 fac1 0.989 fac50 -0.149 lock 0.00 move 0.106 period None osc -0.158@42 pr 8.7 sens10 0.81 sens50 2.09 sat None dead 0.03 frozen 0.58 nbin 300 fat 0.227 | 28.4s
ex16|relu|0|0.9|div|100|2.0|50: static 0.477 sstatic 0.611 c1 0.999 c50 0.379 fac1 0.995 fac50 -0.165 lock 0.00 move 0.0443 period None osc -0.165@50 pr 5.6 sens10 -0.19 sens50 0.14 sat None dead 0.04 frozen 0.31 nbin 300 fat 21.971 | 46.2s
ex16|relu|0|0.9|div|300|0.5|50: static 0.433 sstatic 0.574 c1 0.999 c50 0.424 fac1 0.995 fac50 -0.031 lock 0.00 move 0.0336 period None osc -0.031@50 pr 4.3 sens10 -0.20 sens50 -0.00 sat None dead 0.04 frozen 0.23 nbin 300 fat 23.152 | 44.7s
ex16|relu|0|0.9|div|100|2.0|51: static 0.462 sstatic 0.594 c1 0.999 c50 0.353 fac1 0.995 fac50 -0.179 lock 0.00 move 0.0428 period None osc -0.179@50 pr 5.5 sens10 -0.70 sens50 -0.57 sat None dead 0.03 frozen 0.32 nbin 300 fat 21.841 | 45.7s
ex16|tri1.0|1|0.0|none|0|0.0|50: static 0.909 sstatic 0.916 c1 0.909 c50 0.909 fac1 -0.015 fac50 -0.022 lock 0.00 move 0.439 period None osc -0.092@7 pr 15.3 sens10 0.16 sens50 0.83 sat None dead 0.04 frozen 0.45 nbin 300 fat None | 32.9s
ex16|relu|0|0.9|div|300|0.5|51: static 0.435 sstatic 0.576 c1 0.999 c50 0.449 fac1 0.996 fac50 -0.006 lock 0.00 move 0.033 period None osc -0.006@50 pr 4.3 sens10 -0.75 sens50 -0.68 sat None dead 0.03 frozen 0.24 nbin 300 fat 23.338 | 44.9s
ex16|relu|0|0.9|div|300|2.0|50: static 0.456 sstatic 0.590 c1 0.999 c50 0.496 fac1 0.995 fac50 0.029 lock 0.00 move 0.0329 period None osc 0.029@50 pr 4.1 sens10 -0.21 sens50 0.10 sat None dead 0.04 frozen 0.34 nbin 300 fat 23.660 | 43.7s
ex16|tri1.0|1|0.0|sub|3|0.5|50: static 0.195 sstatic 0.422 c1 0.009 c50 0.184 fac1 -0.234 fac50 -0.008 lock 0.00 move 1.41 period None osc -0.234@1 pr 19.5 sens10 0.59 sens50 3.17 sat None dead 0.04 frozen 0.04 nbin 300 fat 0.350 | 35.8s
ex16|tri1.0|1|0.0|sub|10|0.5|51: static 0.149 sstatic 0.398 c1 0.085 c50 0.152 fac1 -0.078 fac50 0.004 lock 0.00 move 1.36 period None osc -0.078@1 pr 19.7 sens10 0.73 sens50 3.55 sat None dead 0.03 frozen 0.03 nbin 300 fat 0.308 | 36.2s
ex16|tri1.0|1|0.0|sub|3|1.0|50: static 0.000 sstatic 0.320 c1 -0.266 c50 -0.000 fac1 -0.271 fac50 -0.001 lock 0.00 move 1.59 period None osc -0.271@1 pr 20.7 sens10 0.53 sens50 3.00 sat None dead 0.04 frozen 0.04 nbin 300 fat 0.630 | 38.6s
ex16|tri1.0|1|0.0|sub|3|1.0|51: static 0.000 sstatic 0.320 c1 -0.270 c50 -0.006 fac1 -0.274 fac50 -0.005 lock 0.00 move 1.6 period None osc -0.274@1 pr 20.5 sens10 0.57 sens50 3.13 sat None dead 0.03 frozen 0.03 nbin 300 fat 0.643 | 38.4s
ex16|tri1.0|1|0.0|sub|10|0.5|50: static 0.152 sstatic 0.398 c1 0.081 c50 0.149 fac1 -0.084 fac50 0.001 lock 0.00 move 1.36 period None osc -0.084@1 pr 20.0 sens10 0.70 sens50 3.47 sat None dead 0.04 frozen 0.04 nbin 300 fat 0.320 | 38.7s
ex16|tri1.0|1|0.0|sub|10|1.0|50: static 0.000 sstatic 0.320 c1 -0.089 c50 -0.002 fac1 -0.091 fac50 -0.002 lock 0.00 move 1.48 period None osc -0.091@1 pr 21.0 sens10 0.73 sens50 3.61 sat None dead 0.04 frozen 0.04 nbin 300 fat 0.584 | 39.5s
ex16|tri1.0|1|0.0|none|0|0.0|51: static 0.943 sstatic 0.946 c1 0.941 c50 0.949 fac1 -0.061 fac50 0.077 lock 0.00 move 0.359 period None osc -0.108@17 pr 13.3 sens10 0.20 sens50 0.93 sat None dead 0.03 frozen 0.56 nbin 300 fat None | 59.8s
ex16|tri1.0|1|0.0|sub|30|0.5|50: static 0.142 sstatic 0.393 c1 0.114 c50 0.132 fac1 -0.030 fac50 -0.008 lock 0.00 move 1.33 period None osc -0.036@3 pr 19.4 sens10 0.68 sens50 3.48 sat None dead 0.04 frozen 0.04 nbin 300 fat 0.321 | 36.9s
ex16|tri1.0|1|0.0|sub|100|0.5|50: static 0.142 sstatic 0.393 c1 0.131 c50 0.140 fac1 -0.011 fac50 -0.002 lock 0.04 move 1.32 period None osc -0.019@3 pr 19.5 sens10 0.75 sens50 3.52 sat None dead 0.00 frozen 0.04 nbin 300 fat 0.313 | 42.2s
ex16|tri1.0|1|0.0|sub|10|1.0|51: static 0.000 sstatic 0.320 c1 -0.093 c50 0.004 fac1 -0.094 fac50 0.003 lock 0.00 move 1.48 period None osc -0.094@1 pr 20.8 sens10 0.73 sens50 3.61 sat None dead 0.03 frozen 0.03 nbin 300 fat 0.595 | 54.3s
ex16|tri1.0|1|0.0|sub|3|0.5|51: static 0.195 sstatic 0.422 c1 0.000 c50 0.189 fac1 -0.240 fac50 -0.005 lock 0.00 move 1.42 period None osc -0.240@1 pr 19.1 sens10 0.60 sens50 3.16 sat None dead 0.03 frozen 0.03 nbin 300 fat 0.357 | 63.8s
ex16|tri1.0|1|0.0|sub|30|1.0|50: static 0.000 sstatic 0.320 c1 -0.033 c50 0.000 fac1 -0.033 fac50 0.001 lock 0.00 move 1.44 period None osc -0.033@1 pr 20.4 sens10 0.76 sens50 3.74 sat None dead 0.04 frozen 0.04 nbin 300 fat 0.562 | 53.9s
ex16|tri1.0|1|0.0|sub|100|0.5|51: static 0.143 sstatic 0.393 c1 0.127 c50 0.137 fac1 -0.017 fac50 -0.005 lock 0.03 move 1.32 period None osc -0.017@31 pr 19.3 sens10 0.75 sens50 3.65 sat None dead 0.00 frozen 0.03 nbin 300 fat 0.312 | 55.3s
ex16|tri1.0|1|0.0|sub|30|1.0|51: static 0.000 sstatic 0.320 c1 -0.027 c50 -0.005 fac1 -0.029 fac50 -0.004 lock 0.00 move 1.43 period None osc -0.033@4 pr 20.2 sens10 0.83 sens50 3.79 sat None dead 0.03 frozen 0.03 nbin 300 fat 0.570 | 63.4s
ex16|tri1.0|1|0.0|sub|100|1.0|50: static 0.001 sstatic 0.320 c1 -0.014 c50 -0.006 fac1 -0.015 fac50 -0.005 lock 0.03 move 1.42 period None osc -0.019@3 pr 20.4 sens10 0.85 sens50 3.86 sat None dead 0.00 frozen 0.04 nbin 300 fat 0.567 | 59.0s
ex16|tri1.0|1|0.0|sub|30|0.5|51: static 0.142 sstatic 0.393 c1 0.115 c50 0.142 fac1 -0.034 fac50 0.002 lock 0.00 move 1.33 period None osc -0.035@3 pr 19.3 sens10 0.75 sens50 3.62 sat None dead 0.03 frozen 0.03 nbin 300 fat 0.304 | 65.1s
ex16|tri1.0|1|0.0|sub|300|0.5|51: static 0.154 sstatic 0.399 c1 0.143 c50 0.144 fac1 -0.016 fac50 -0.009 lock 0.03 move 1.31 period None osc -0.016@1 pr 19.2 sens10 0.77 sens50 3.61 sat None dead 0.00 frozen 0.03 nbin 300 fat 0.313 | 46.2s
ex16|tri1.0|1|0.0|sub|100|1.0|51: static 0.001 sstatic 0.320 c1 -0.017 c50 -0.006 fac1 -0.018 fac50 -0.006 lock 0.02 move 1.43 period None osc -0.018@8 pr 20.3 sens10 0.87 sens50 3.94 sat None dead 0.00 frozen 0.03 nbin 300 fat 0.570 | 61.2s
ex16|tri1.0|1|0.0|div|3|2.0|50: static 0.563 sstatic 0.672 c1 0.477 c50 0.564 fac1 -0.203 fac50 0.003 lock 0.00 move 1.03 period None osc -0.203@1 pr 17.1 sens10 0.59 sens50 3.05 sat None dead 0.04 frozen 0.43 nbin 300 fat 1.281 | 50.6s
ex16|tri1.0|1|0.0|div|3|0.5|51: static 0.700 sstatic 0.749 c1 0.642 c50 0.698 fac1 -0.201 fac50 -0.006 lock 0.00 move 0.867 period None osc -0.201@1 pr 16.2 sens10 0.47 sens50 2.36 sat None dead 0.03 frozen 0.24 nbin 300 fat 0.385 | 53.8s
ex16|tri1.0|1|0.0|sub|300|0.5|50: static 0.154 sstatic 0.398 c1 0.142 c50 0.144 fac1 -0.017 fac50 -0.008 lock 0.04 move 1.31 period None osc -0.018@3 pr 19.4 sens10 0.73 sens50 3.62 sat None dead 0.00 frozen 0.04 nbin 300 fat 0.309 | 59.3s
ex16|tri1.0|1|0.0|div|3|0.5|50: static 0.673 sstatic 0.734 c1 0.615 c50 0.676 fac1 -0.177 fac50 0.005 lock 0.00 move 0.881 period None osc -0.177@1 pr 17.1 sens10 0.46 sens50 2.50 sat None dead 0.04 frozen 0.21 nbin 300 fat 0.385 | 57.0s
ex16|tri1.0|1|0.0|sub|300|1.0|51: static 0.008 sstatic 0.324 c1 -0.003 c50 0.001 fac1 -0.011 fac50 -0.007 lock 0.03 move 1.42 period None osc -0.014@12 pr 20.2 sens10 0.83 sens50 3.88 sat None dead 0.00 frozen 0.03 nbin 300 fat 0.546 | 63.9s
ex16|tri1.0|1|0.0|sub|300|1.0|50: static 0.009 sstatic 0.324 c1 0.003 c50 0.002 fac1 -0.006 fac50 -0.005 lock 0.04 move 1.41 period None osc -0.013@7 pr 20.4 sens10 0.83 sens50 3.87 sat None dead 0.00 frozen 0.04 nbin 300 fat 0.549 | 65.7s
ex16|tri1.0|1|0.0|div|3|2.0|51: static 0.576 sstatic 0.681 c1 0.498 c50 0.572 fac1 -0.203 fac50 -0.007 lock 0.00 move 1.02 period None osc -0.203@1 pr 16.5 sens10 0.62 sens50 3.28 sat None dead 0.03 frozen 0.46 nbin 300 fat 1.290 | 57.6s
ex16|tri1.0|1|0.0|div|10|2.0|51: static 0.484 sstatic 0.604 c1 0.444 c50 0.488 fac1 -0.080 fac50 0.000 lock 0.00 move 1.06 period None osc -0.080@1 pr 17.2 sens10 0.60 sens50 2.90 sat None dead 0.03 frozen 0.31 nbin 300 fat 1.342 | 45.5s
ex16|tri1.0|1|0.0|div|10|0.5|50: static 0.605 sstatic 0.682 c1 0.584 c50 0.610 fac1 -0.064 fac50 0.004 lock 0.00 move 0.917 period None osc -0.067@2 pr 17.5 sens10 0.42 sens50 2.32 sat None dead 0.04 frozen 0.17 nbin 300 fat 0.387 | 55.9s
ex16|tri1.0|1|0.0|div|10|2.0|50: static 0.475 sstatic 0.596 c1 0.437 c50 0.467 fac1 -0.069 fac50 -0.007 lock 0.00 move 1.06 period None osc -0.069@1 pr 17.9 sens10 0.56 sens50 2.72 sat None dead 0.04 frozen 0.29 nbin 300 fat 1.354 | 56.9s
ex16|tri1.0|1|0.0|div|10|0.5|51: static 0.631 sstatic 0.694 c1 0.600 c50 0.625 fac1 -0.081 fac50 -0.013 lock 0.00 move 0.911 period None osc -0.081@1 pr 16.9 sens10 0.43 sens50 2.36 sat None dead 0.03 frozen 0.19 nbin 300 fat 0.389 | 62.7s
ex16|tri1.0|1|0.0|div|30|0.5|51: static 0.610 sstatic 0.680 c1 0.599 c50 0.611 fac1 -0.043 fac50 0.001 lock 0.00 move 0.915 period None osc -0.043@1 pr 17.0 sens10 0.52 sens50 2.44 sat None dead 0.03 frozen 0.18 nbin 300 fat 0.389 | 51.4s
ex16|tri1.0|1|0.0|div|30|0.5|50: static 0.587 sstatic 0.666 c1 0.578 c50 0.592 fac1 -0.028 fac50 0.005 lock 0.00 move 0.923 period None osc -0.040@3 pr 17.7 sens10 0.55 sens50 2.58 sat None dead 0.04 frozen 0.16 nbin 300 fat 0.386 | 53.1s
ex16|tri1.0|1|0.0|div|30|2.0|50: static 0.450 sstatic 0.576 c1 0.428 c50 0.455 fac1 -0.039 fac50 0.006 lock 0.00 move 1.08 period None osc -0.039@1 pr 18.0 sens10 0.50 sens50 2.76 sat None dead 0.04 frozen 0.25 nbin 300 fat 1.374 | 55.4s
ex16|tri1.0|1|0.0|div|30|2.0|51: static 0.463 sstatic 0.586 c1 0.454 c50 0.460 fac1 -0.020 fac50 -0.002 lock 0.00 move 1.05 period None osc -0.038@2 pr 17.4 sens10 0.55 sens50 2.89 sat None dead 0.03 frozen 0.28 nbin 300 fat 1.365 | 48.7s
ex16|tri1.0|1|0.0|div|100|0.5|51: static 0.605 sstatic 0.679 c1 0.599 c50 0.604 fac1 -0.027 fac50 -0.009 lock 0.00 move 0.914 period None osc -0.029@22 pr 17.1 sens10 0.47 sens50 2.48 sat None dead 0.03 frozen 0.18 nbin 300 fat 0.389 | 47.7s
ex16|tri1.0|1|0.0|div|100|0.5|50: static 0.583 sstatic 0.665 c1 0.573 c50 0.583 fac1 -0.027 fac50 -0.007 lock 0.00 move 0.931 period None osc -0.040@3 pr 17.7 sens10 0.51 sens50 2.46 sat None dead 0.04 frozen 0.16 nbin 300 fat 0.386 | 50.6s
ex16|tri1.0|1|0.0|div|100|2.0|50: static 0.441 sstatic 0.569 c1 0.433 c50 0.443 fac1 -0.017 fac50 0.001 lock 0.00 move 1.07 period None osc -0.023@9 pr 18.0 sens10 0.60 sens50 2.68 sat None dead 0.04 frozen 0.25 nbin 300 fat 1.380 | 54.1s
ex16|tri1.0|1|0.0|div|300|0.5|50: static 0.585 sstatic 0.662 c1 0.588 c50 0.590 fac1 -0.003 fac50 0.007 lock 0.00 move 0.917 period None osc -0.033@14 pr 17.6 sens10 0.53 sens50 2.56 sat None dead 0.04 frozen 0.16 nbin 300 fat 0.373 | 54.6s
ex16|tri1.0|1|0.0|div|100|2.0|51: static 0.453 sstatic 0.577 c1 0.455 c50 0.457 fac1 -0.001 fac50 0.004 lock 0.00 move 1.05 period None osc -0.032@7 pr 17.4 sens10 0.58 sens50 2.82 sat None dead 0.03 frozen 0.27 nbin 300 fat 1.373 | 59.8s
ex16|tri1.0|1|0.0|dep|3|0.1|50: static 0.808 sstatic 0.831 c1 0.772 c50 0.809 fac1 -0.179 fac50 0.007 lock 0.00 move 0.683 period None osc -0.179@1 pr 16.4 sens10 0.43 sens50 1.87 sat None dead 0.04 frozen 0.26 nbin 300 fat 0.923 | 47.4s
ex16|tri1.0|1|0.0|div|300|0.5|51: static 0.601 sstatic 0.676 c1 0.604 c50 0.598 fac1 -0.000 fac50 -0.003 lock 0.00 move 0.906 period None osc -0.030@21 pr 17.0 sens10 0.52 sens50 2.50 sat None dead 0.03 frozen 0.17 nbin 300 fat 0.375 | 58.4s
ex16|tri1.0|1|0.0|dep|3|0.5|50: static 0.776 sstatic 0.806 c1 0.728 c50 0.778 fac1 -0.224 fac50 0.013 lock 0.00 move 0.747 period None osc -0.224@1 pr 18.2 sens10 0.75 sens50 3.26 sat None dead 0.04 frozen 0.23 nbin 300 fat 0.761 | 45.5s
ex16|tri1.0|1|0.0|dep|3|0.1|51: static 0.850 sstatic 0.863 c1 0.827 c50 0.847 fac1 -0.154 fac50 -0.021 lock 0.00 move 0.603 period None osc -0.154@1 pr 15.7 sens10 0.36 sens50 1.70 sat None dead 0.03 frozen 0.33 nbin 300 fat 0.923 | 52.0s
ex16|tri1.0|1|0.0|div|300|2.0|51: static 0.453 sstatic 0.577 c1 0.462 c50 0.454 fac1 0.007 fac50 -0.006 lock 0.00 move 1.05 period None osc -0.016@7 pr 17.4 sens10 0.60 sens50 2.93 sat None dead 0.03 frozen 0.26 nbin 300 fat 1.358 | 55.9s
ex16|tri1.0|1|0.0|dep|10|0.1|50: static 0.629 sstatic 0.692 c1 0.600 c50 0.626 fac1 -0.085 fac50 -0.015 lock 0.00 move 0.902 period None osc -0.085@1 pr 19.0 sens10 0.59 sens50 2.98 sat None dead 0.04 frozen 0.10 nbin 300 fat 0.801 | 43.9s
ex16|tri1.0|1|0.0|div|300|2.0|50: static 0.436 sstatic 0.566 c1 0.432 c50 0.435 fac1 -0.018 fac50 -0.006 lock 0.00 move 1.07 period None osc -0.018@1 pr 18.0 sens10 0.47 sens50 2.57 sat None dead 0.04 frozen 0.24 nbin 300 fat 1.365 | 62.8s
ex16|tri1.0|1|0.0|dep|10|0.5|51: static 0.514 sstatic 0.618 c1 0.453 c50 0.515 fac1 -0.131 fac50 -0.002 lock 0.00 move 1.05 period None osc -0.131@1 pr 19.7 sens10 1.14 sens50 3.95 sat None dead 0.03 frozen 0.20 nbin 300 fat 0.630 | 38.8s
ex16|tri1.0|1|0.0|dep|30|0.1|50: static 0.476 sstatic 0.586 c1 0.449 c50 0.471 fac1 -0.051 fac50 -0.010 lock 0.00 move 1.06 period None osc -0.051@1 pr 20.5 sens10 0.90 sens50 3.67 sat None dead 0.04 frozen 0.06 nbin 300 fat 0.614 | 37.1s
ex16|tri1.0|1|0.0|dep|30|0.1|51: static 0.477 sstatic 0.590 c1 0.456 c50 0.477 fac1 -0.047 fac50 0.001 lock 0.00 move 1.05 period None osc -0.047@1 pr 20.2 sens10 0.90 sens50 3.81 sat None dead 0.03 frozen 0.06 nbin 300 fat 0.615 | 37.0s
ex16|tri1.0|1|0.0|dep|10|0.1|51: static 0.641 sstatic 0.698 c1 0.612 c50 0.645 fac1 -0.091 fac50 0.011 lock 0.00 move 0.892 period None osc -0.091@1 pr 18.3 sens10 0.60 sens50 2.94 sat None dead 0.03 frozen 0.12 nbin 300 fat 0.801 | 60.3s
ex16|tri1.0|1|0.0|dep|3|0.5|51: static 0.805 sstatic 0.829 c1 0.757 c50 0.805 fac1 -0.251 fac50 -0.007 lock 0.00 move 0.714 period None osc -0.251@1 pr 17.3 sens10 0.75 sens50 3.33 sat None dead 0.03 frozen 0.27 nbin 300 fat 0.762 | 68.0s
ex16|tri1.0|1|0.0|dep|30|0.5|51: static 0.421 sstatic 0.553 c1 0.399 c50 0.422 fac1 -0.049 fac50 -0.006 lock 0.00 move 1.1 period None osc -0.049@2 pr 20.2 sens10 1.04 sens50 3.97 sat None dead 0.03 frozen 0.63 nbin 300 fat 0.561 | 36.6s
ex16|tri1.0|1|0.0|dep|10|0.5|50: static 0.513 sstatic 0.608 c1 0.448 c50 0.508 fac1 -0.133 fac50 -0.003 lock 0.00 move 1.06 period None osc -0.133@1 pr 20.0 sens10 1.05 sens50 3.89 sat None dead 0.04 frozen 0.15 nbin 300 fat 0.617 | 65.7s
ex16|tri1.0|1|0.0|dep|100|0.1|51: static 0.386 sstatic 0.529 c1 0.388 c50 0.390 fac1 -0.009 fac50 -0.006 lock 0.00 move 1.11 period None osc -0.018@7 pr 20.3 sens10 0.94 sens50 3.98 sat None dead 0.03 frozen 0.21 nbin 300 fat 0.532 | 36.6s
ex16|tri1.0|1|0.0|dep|100|0.5|51: static 0.388 sstatic 0.531 c1 0.387 c50 0.396 fac1 -0.021 fac50 -0.005 lock 0.00 move 1.11 period None osc -0.021@1 pr 20.3 sens10 1.03 sens50 3.83 sat None dead 0.03 frozen 0.99 nbin 299 fat 0.536 | 36.6s
ex16|tri1.0|1|0.0|dep|300|0.1|50: static 0.365 sstatic 0.512 c1 0.361 c50 0.369 fac1 -0.009 fac50 -0.005 lock 0.00 move 1.11 period None osc -0.011@3 pr 20.0 sens10 0.81 sens50 3.65 sat None dead 0.04 frozen 0.85 nbin 300 fat 0.495 | 36.6s
ex16|tri1.0|1|0.0|dep|300|0.5|50: static 0.345 sstatic 0.495 c1 0.356 c50 0.364 fac1 -0.007 fac50 0.002 lock 0.00 move 1.09 period None osc -0.013@30 pr 19.0 sens10 0.73 sens50 3.14 sat None dead 0.04 frozen 0.96 nbin 300 fat 0.482 | 36.5s
ex16|tri1.0|1|0.5|none|0|0.0|50: static 0.988 sstatic 0.988 c1 1.000 c50 0.986 fac1 0.982 fac50 -0.066 lock 0.01 move 0.0364 period None osc -0.203@41 pr 7.3 sens10 -0.27 sens50 -0.42 sat None dead 0.04 frozen 0.82 nbin 300 fat None | 30.6s
ex16|tri1.0|1|0.5|none|0|0.0|51: static 0.984 sstatic 0.985 c1 1.000 c50 0.978 fac1 0.994 fac50 -0.311 lock 0.72 move 0.0158 period None osc -0.311@50 pr 3.3 sens10 -0.26 sens50 -0.18 sat None dead 0.03 frozen 0.84 nbin 300 fat None | 30.6s
ex16|tri1.0|1|0.5|sub|3|0.5|50: static 0.537 sstatic 0.635 c1 0.929 c50 0.576 fac1 0.848 fac50 0.066 lock 0.00 move 0.38 period None osc -0.443@6 pr 12.9 sens10 0.01 sens50 0.75 sat None dead 0.04 frozen 0.15 nbin 300 fat 0.456 | 33.7s
ex16|tri1.0|1|0.0|dep|30|0.5|50: static 0.416 sstatic 0.546 c1 0.382 c50 0.416 fac1 -0.056 fac50 -0.003 lock 0.00 move 1.11 period None osc -0.056@1 pr 20.3 sens10 0.95 sens50 3.79 sat None dead 0.04 frozen 0.57 nbin 300 fat 0.546 | 66.4s
ex16|tri1.0|1|0.0|dep|100|0.1|50: static 0.382 sstatic 0.525 c1 0.381 c50 0.389 fac1 -0.012 fac50 -0.004 lock 0.00 move 1.11 period None osc -0.023@3 pr 20.5 sens10 0.95 sens50 3.84 sat None dead 0.04 frozen 0.17 nbin 300 fat 0.516 | 66.3s
ex16|tri1.0|1|0.5|sub|3|1.0|51: static 0.000 sstatic 0.321 c1 0.710 c50 0.067 fac1 0.713 fac50 0.056 lock 0.00 move 0.754 period None osc -0.429@5 pr 16.1 sens10 0.12 sens50 1.11 sat None dead 0.03 frozen 0.03 nbin 300 fat 0.824 | 34.1s
ex16|tri1.0|1|0.5|sub|10|0.5|51: static 0.237 sstatic 0.449 c1 0.941 c50 0.209 fac1 0.922 fac50 -0.031 lock 0.00 move 0.34 period None osc -0.318@10 pr 13.5 sens10 0.00 sens50 0.85 sat None dead 0.03 frozen 0.04 nbin 300 fat 0.385 | 34.5s
ex16|tri1.0|1|0.0|dep|100|0.5|50: static 0.376 sstatic 0.520 c1 0.370 c50 0.376 fac1 -0.021 fac50 -0.002 lock 0.00 move 1.1 period None osc -0.021@1 pr 20.1 sens10 0.74 sens50 3.51 sat None dead 0.04 frozen 0.96 nbin 300 fat 0.503 | 67.8s
ex16|tri1.0|1|0.0|dep|300|0.1|51: static 0.374 sstatic 0.518 c1 0.379 c50 0.383 fac1 0.001 fac50 -0.006 lock 0.00 move 1.12 period None osc -0.015@27 pr 20.3 sens10 0.98 sens50 3.91 sat None dead 0.03 frozen 0.91 nbin 300 fat 0.522 | 65.8s
ex16|tri1.0|1|0.5|sub|10|1.0|50: static 0.000 sstatic 0.322 c1 0.893 c50 -0.007 fac1 0.893 fac50 -0.006 lock 0.00 move 0.457 period None osc -0.322@9 pr 15.6 sens10 0.06 sens50 0.95 sat None dead 0.04 frozen 0.04 nbin 300 fat 0.717 | 34.7s
ex16|tri1.0|1|0.0|dep|300|0.5|51: static 0.375 sstatic 0.525 c1 0.386 c50 0.388 fac1 -0.003 fac50 -0.003 lock 0.00 move 1.1 period None osc -0.013@27 pr 20.2 sens10 0.89 sens50 3.44 sat None dead 0.03 frozen 0.99 nbin 298 fat 0.524 | 68.7s
ex16|tri1.0|1|0.5|sub|10|1.0|51: static 0.000 sstatic 0.322 c1 0.897 c50 -0.030 fac1 0.897 fac50 -0.026 lock 0.00 move 0.446 period None osc -0.318@9 pr 15.3 sens10 0.02 sens50 0.77 sat None dead 0.03 frozen 0.03 nbin 300 fat 0.682 | 34.9s
ex16|tri1.0|1|0.5|sub|30|0.5|50: static 0.189 sstatic 0.423 c1 0.961 c50 0.197 fac1 0.949 fac50 0.001 lock 0.00 move 0.281 period None osc -0.185@14 pr 13.0 sens10 0.08 sens50 1.18 sat None dead 0.04 frozen 0.04 nbin 300 fat 0.357 | 34.8s
ex16|tri1.0|1|0.5|sub|30|0.5|51: static 0.185 sstatic 0.420 c1 0.962 c50 0.163 fac1 0.951 fac50 -0.023 lock 0.00 move 0.274 period None osc -0.179@14 pr 13.2 sens10 0.04 sens50 1.10 sat None dead 0.03 frozen 0.03 nbin 300 fat 0.344 | 34.7s
ex16|tri1.0|1|0.5|sub|30|1.0|50: static 0.001 sstatic 0.324 c1 0.939 c50 -0.021 fac1 0.938 fac50 -0.020 lock 0.00 move 0.347 period None osc -0.193@13 pr 14.4 sens10 0.09 sens50 0.91 sat None dead 0.04 frozen 0.04 nbin 300 fat 0.620 | 34.6s
ex16|tri1.0|1|0.5|sub|3|0.5|51: static 0.540 sstatic 0.628 c1 0.932 c50 0.573 fac1 0.853 fac50 0.061 lock 0.00 move 0.369 period None osc -0.448@6 pr 12.1 sens10 0.03 sens50 0.80 sat None dead 0.03 frozen 0.16 nbin 300 fat 0.451 | 60.8s
ex16|tri1.0|1|0.5|sub|30|1.0|51: static 0.001 sstatic 0.323 c1 0.943 c50 0.005 fac1 0.941 fac50 0.004 lock 0.00 move 0.335 period None osc -0.201@13 pr 14.1 sens10 0.03 sens50 1.10 sat None dead 0.03 frozen 0.03 nbin 300 fat 0.616 | 34.6s
ex16|tri1.0|1|0.5|sub|3|1.0|50: static 0.000 sstatic 0.321 c1 0.702 c50 -0.003 fac1 0.705 fac50 -0.002 lock 0.00 move 0.769 period None osc -0.420@5 pr 17.0 sens10 0.11 sens50 1.14 sat None dead 0.04 frozen 0.04 nbin 300 fat 0.845 | 62.4s
ex16|tri1.0|1|0.5|sub|10|0.5|50: static 0.245 sstatic 0.452 c1 0.940 c50 0.257 fac1 0.919 fac50 0.008 lock 0.00 move 0.346 period None osc -0.308@10 pr 14.0 sens10 0.12 sens50 0.88 sat None dead 0.04 frozen 0.04 nbin 300 fat 0.386 | 62.3s
ex16|tri1.0|1|0.5|sub|100|1.0|50: static 0.005 sstatic 0.327 c1 0.960 c50 -0.060 fac1 0.958 fac50 -0.053 lock 0.03 move 0.282 period None osc -0.095@23 pr 13.8 sens10 0.09 sens50 1.15 sat None dead 0.00 frozen 0.04 nbin 300 fat 0.608 | 34.3s
ex16|tri1.0|1|0.5|sub|100|1.0|51: static 0.005 sstatic 0.327 c1 0.959 c50 -0.049 fac1 0.957 fac50 -0.044 lock 0.01 move 0.282 period None osc -0.091@19 pr 13.7 sens10 0.13 sens50 1.32 sat None dead 0.00 frozen 0.03 nbin 300 fat 0.601 | 34.3s
ex16|tri1.0|1|0.5|sub|300|1.0|50: static 0.023 sstatic 0.338 c1 0.964 c50 -0.038 fac1 0.960 fac50 -0.050 lock 0.04 move 0.268 period None osc -0.051@49 pr 13.6 sens10 0.23 sens50 1.41 sat None dead 0.00 frozen 0.04 nbin 300 fat 0.591 | 34.4s
ex16|tri1.0|1|0.5|div|3|0.5|50: static 0.934 sstatic 0.942 c1 0.997 c50 0.927 fac1 0.959 fac50 -0.060 lock 0.00 move 0.0927 period None osc -0.060@50 pr 8.8 sens10 -0.17 sens50 0.36 sat None dead 0.04 frozen 0.61 nbin 300 fat 0.389 | 34.4s
ex16|tri1.0|1|0.5|div|3|0.5|51: static 0.947 sstatic 0.950 c1 0.998 c50 0.958 fac1 0.962 fac50 0.178 lock 0.00 move 0.0697 period None osc -0.293@13 pr 7.1 sens10 -0.09 sens50 0.29 sat None dead 0.03 frozen 0.66 nbin 300 fat 0.392 | 34.3s
ex16|tri1.0|1|0.5|div|3|2.0|50: static 0.835 sstatic 0.875 c1 0.981 c50 0.835 fac1 0.886 fac50 -0.005 lock 0.00 move 0.222 period None osc -0.215@8 pr 11.1 sens10 0.02 sens50 1.24 sat None dead 0.04 frozen 0.90 nbin 298 fat 1.538 | 34.3s
ex16|tri1.0|1|0.5|sub|100|0.5|50: static 0.177 sstatic 0.418 c1 0.970 c50 0.123 fac1 0.961 fac50 -0.056 lock 0.04 move 0.247 period None osc -0.098@18 pr 12.7 sens10 0.08 sens50 1.16 sat None dead 0.00 frozen 0.04 nbin 300 fat 0.334 | 60.0s
ex16|tri1.0|1|0.5|div|3|2.0|51: static 0.841 sstatic 0.870 c1 0.984 c50 0.833 fac1 0.896 fac50 -0.029 lock 0.00 move 0.192 period None osc -0.225@8 pr 10.4 sens10 0.11 sens50 1.31 sat None dead 0.03 frozen 0.92 nbin 299 fat 1.550 | 34.3s
ex16|tri1.0|1|0.5|sub|100|0.5|51: static 0.172 sstatic 0.415 c1 0.970 c50 0.111 fac1 0.961 fac50 -0.066 lock 0.03 move 0.244 period None osc -0.093@24 pr 12.8 sens10 0.07 sens50 1.22 sat None dead 0.00 frozen 0.03 nbin 300 fat 0.338 | 57.1s
ex16|tri1.0|1|0.5|div|10|0.5|51: static 0.803 sstatic 0.827 c1 0.993 c50 0.812 fac1 0.960 fac50 0.054 lock 0.00 move 0.126 period None osc -0.303@13 pr 10.2 sens10 -0.15 sens50 0.35 sat None dead 0.03 frozen 0.40 nbin 300 fat 0.389 | 34.4s
ex16|tri1.0|1|0.5|sub|300|0.5|50: static 0.199 sstatic 0.428 c1 0.977 c50 0.161 fac1 0.968 fac50 -0.032 lock 0.04 move 0.222 period None osc -0.071@27 pr 12.0 sens10 0.07 sens50 1.33 sat None dead 0.00 frozen 0.04 nbin 300 fat 0.338 | 53.9s
ex16|tri1.0|1|0.5|sub|300|0.5|51: static 0.185 sstatic 0.422 c1 0.977 c50 0.170 fac1 0.969 fac50 -0.013 lock 0.03 move 0.212 period None osc -0.055@34 pr 12.0 sens10 0.08 sens50 1.34 sat None dead 0.00 frozen 0.03 nbin 300 fat 0.321 | 54.0s
ex16|tri1.0|1|0.5|sub|300|1.0|51: static 0.024 sstatic 0.336 c1 0.965 c50 0.006 fac1 0.962 fac50 -0.018 lock 0.03 move 0.261 period None osc -0.054@28 pr 13.5 sens10 0.04 sens50 1.14 sat None dead 0.00 frozen 0.03 nbin 300 fat 0.572 | 51.9s
ex16|tri1.0|1|0.5|div|10|0.5|50: static 0.792 sstatic 0.827 c1 0.991 c50 0.785 fac1 0.955 fac50 -0.031 lock 0.00 move 0.144 period None osc -0.286@13 pr 10.6 sens10 -0.01 sens50 0.54 sat None dead 0.04 frozen 0.38 nbin 300 fat 0.390 | 48.8s
ex16|tri1.0|1|0.5|div|300|2.0|50: static 0.500 sstatic 0.611 c1 0.987 c50 0.439 fac1 0.972 fac50 -0.102 lock 0.00 move 0.177 period None osc -0.105@47 pr 11.0 sens10 -0.06 sens50 0.84 sat None dead 0.04 frozen 0.32 nbin 300 fat 1.494 | 76.4s
ex16|tri1.0|1|0.5|div|10|2.0|51: static 0.618 sstatic 0.702 c1 0.976 c50 0.627 fac1 0.935 fac50 0.011 lock 0.00 move 0.226 period None osc -0.281@11 pr 11.7 sens10 0.02 sens50 1.09 sat None dead 0.03 frozen 0.43 nbin 300 fat 1.558 | 77.3s
ex16|tri1.0|1|0.5|div|30|2.0|50: static 0.537 sstatic 0.640 c1 0.980 c50 0.542 fac1 0.956 fac50 0.013 lock 0.00 move 0.215 period None osc -0.178@15 pr 12.0 sens10 -0.08 sens50 0.71 sat None dead 0.04 frozen 0.35 nbin 300 fat 1.546 | 77.6s
ex16|tri1.0|1|0.5|div|300|0.5|50: static 0.663 sstatic 0.725 c1 0.994 c50 0.634 fac1 0.979 fac50 -0.068 lock 0.00 move 0.119 period None osc -0.071@45 pr 9.4 sens10 -0.12 sens50 0.47 sat None dead 0.04 frozen 0.29 nbin 300 fat 0.374 | 78.0s
ex16|tri1.0|1|0.5|div|100|0.5|51: static 0.672 sstatic 0.725 c1 0.994 c50 0.633 fac1 0.978 fac50 -0.084 lock 0.00 move 0.113 period None osc -0.138@24 pr 9.6 sens10 -0.08 sens50 0.54 sat None dead 0.03 frozen 0.31 nbin 300 fat 0.391 | 79.4s
ex16|tri1.0|1|0.5|div|30|2.0|51: static 0.534 sstatic 0.637 c1 0.982 c50 0.527 fac1 0.958 fac50 -0.024 lock 0.00 move 0.196 period None osc -0.189@15 pr 11.8 sens10 -0.15 sens50 0.95 sat None dead 0.03 frozen 0.36 nbin 300 fat 1.557 | 79.9s
ex16|tri1.0|1|0.5|div|10|2.0|50: static 0.622 sstatic 0.708 c1 0.973 c50 0.623 fac1 0.928 fac50 0.005 lock 0.00 move 0.25 period None osc -0.276@10 pr 12.2 sens10 -0.01 sens50 1.04 sat None dead 0.04 frozen 0.41 nbin 300 fat 1.549 | 80.0s
ex16|tri1.0|1|0.5|div|30|0.5|51: static 0.716 sstatic 0.763 c1 0.993 c50 0.733 fac1 0.971 fac50 0.061 lock 0.00 move 0.124 period None osc -0.187@30 pr 9.6 sens10 -0.16 sens50 0.49 sat None dead 0.03 frozen 0.32 nbin 300 fat 0.391 | 80.4s
ex16|tri1.0|1|0.5|div|100|2.0|50: static 0.501 sstatic 0.610 c1 0.985 c50 0.482 fac1 0.967 fac50 -0.032 lock 0.00 move 0.194 period None osc -0.089@18 pr 11.7 sens10 -0.05 sens50 0.66 sat None dead 0.04 frozen 0.34 nbin 300 fat 1.545 | 80.8s
ex16|tri1.0|1|0.5|div|100|2.0|51: static 0.499 sstatic 0.610 c1 0.987 c50 0.459 fac1 0.971 fac50 -0.071 lock 0.00 move 0.165 period None osc -0.081@20 pr 11.0 sens10 -0.18 sens50 0.56 sat None dead 0.03 frozen 0.35 nbin 300 fat 1.555 | 81.0s
ex16|tri1.0|1|0.5|div|300|0.5|51: static 0.670 sstatic 0.724 c1 0.995 c50 0.646 fac1 0.981 fac50 -0.052 lock 0.00 move 0.103 period None osc -0.100@27 pr 9.4 sens10 -0.18 sens50 0.37 sat None dead 0.03 frozen 0.31 nbin 300 fat 0.376 | 81.4s
ex16|tri1.0|1|0.5|div|300|2.0|51: static 0.497 sstatic 0.606 c1 0.989 c50 0.448 fac1 0.975 fac50 -0.061 lock 0.00 move 0.153 period None osc -0.071@44 pr 10.6 sens10 -0.14 sens50 0.75 sat None dead 0.03 frozen 0.34 nbin 300 fat 1.502 | 82.2s
ex16|tri1.0|1|0.5|div|100|0.5|50: static 0.664 sstatic 0.726 c1 0.993 c50 0.636 fac1 0.978 fac50 -0.063 lock 0.00 move 0.123 period None osc -0.105@30 pr 9.5 sens10 -0.15 sens50 0.43 sat None dead 0.04 frozen 0.29 nbin 300 fat 0.388 | 82.7s
ex16|tri1.0|1|0.5|div|30|0.5|50: static 0.703 sstatic 0.758 c1 0.992 c50 0.680 fac1 0.970 fac50 -0.064 lock 0.00 move 0.138 period None osc -0.200@17 pr 10.4 sens10 -0.02 sens50 0.60 sat None dead 0.04 frozen 0.31 nbin 300 fat 0.387 | 83.9s
ex16|tri1.0|1|0.5|dep|3|0.1|50: static 0.980 sstatic 0.981 c1 1.000 c50 0.979 fac1 0.974 fac50 -0.065 lock 0.00 move 0.0494 period None osc -0.074@47 pr 8.5 sens10 -0.19 sens50 -0.01 sat None dead 0.04 frozen 0.77 nbin 300 fat 0.926 | 84.9s
ex16|tri1.0|1|0.5|dep|3|0.1|51: static 0.997 sstatic 0.997 c1 1.000 c50 0.997 fac1 0.987 fac50 0.003 lock 0.91 move 0.0179 period None osc -0.179@22 pr 5.2 sens10 -0.24 sens50 -0.27 sat None dead 0.03 frozen 0.91 nbin 300 fat 0.925 | 85.5s
ex16|tri1.0|1|0.5|dep|10|0.5|50: static 0.860 sstatic 0.873 c1 0.981 c50 0.863 fac1 0.865 fac50 0.013 lock 0.00 move 0.22 period None osc -0.207@8 pr 14.9 sens10 0.65 sens50 2.74 sat None dead 0.04 frozen 0.38 nbin 300 fat 0.634 | 75.6s
ex16|tri1.0|1|0.5|dep|3|0.5|50: static 0.968 sstatic 0.972 c1 0.999 c50 0.969 fac1 0.958 fac50 0.026 lock 0.00 move 0.0818 period None osc -0.052@36 pr 10.1 sens10 0.04 sens50 0.43 sat None dead 0.04 frozen 0.69 nbin 300 fat 0.785 | 83.6s
ex16|tri1.0|1|0.5|dep|10|0.1|50: static 0.886 sstatic 0.900 c1 0.994 c50 0.886 fac1 0.949 fac50 -0.002 lock 0.00 move 0.117 period None osc -0.266@12 pr 11.4 sens10 0.07 sens50 0.76 sat None dead 0.04 frozen 0.45 nbin 300 fat 0.821 | 84.6s
ex16|tri1.0|1|0.5|dep|30|0.1|50: static 0.648 sstatic 0.712 c1 0.976 c50 0.644 fac1 0.931 fac50 -0.011 lock 0.00 move 0.228 period None osc -0.207@11 pr 14.2 sens10 0.30 sens50 1.38 sat None dead 0.04 frozen 0.14 nbin 300 fat 0.641 | 82.1s
ex16|tri1.0|1|0.5|dep|3|0.5|51: static 0.985 sstatic 0.985 c1 1.000 c50 0.988 fac1 0.983 fac50 0.151 lock 0.00 move 0.0348 period None osc -0.140@28 pr 6.5 sens10 -0.05 sens50 0.47 sat None dead 0.03 frozen 0.81 nbin 300 fat 0.784 | 87.2s
ex16|tri1.0|1|0.5|dep|30|0.5|51: static 0.566 sstatic 0.650 c1 0.945 c50 0.574 fac1 0.869 fac50 -0.003 lock 0.00 move 0.351 period None osc -0.201@9 pr 16.0 sens10 0.76 sens50 3.13 sat None dead 0.03 frozen 0.33 nbin 300 fat 0.497 | 85.7s
ex16|tri1.0|1|0.5|dep|100|0.1|51: static 0.449 sstatic 0.574 c1 0.962 c50 0.449 fac1 0.926 fac50 -0.023 lock 0.00 move 0.283 period None osc -0.132@14 pr 15.2 sens10 0.44 sens50 2.07 sat None dead 0.03 frozen 0.08 nbin 300 fat 0.409 | 84.6s
ex16|tri1.0|1|0.5|dep|10|0.5|51: static 0.864 sstatic 0.872 c1 0.984 c50 0.863 fac1 0.877 fac50 0.014 lock 0.00 move 0.192 period None osc -0.239@8 pr 14.2 sens10 0.61 sens50 2.60 sat None dead 0.03 frozen 0.40 nbin 300 fat 0.636 | 87.2s
ex16|tri1.0|1|0.5|dep|100|0.1|50: static 0.470 sstatic 0.585 c1 0.958 c50 0.469 fac1 0.922 fac50 -0.016 lock 0.00 move 0.303 period None osc -0.125@13 pr 15.6 sens10 0.53 sens50 2.20 sat None dead 0.04 frozen 0.08 nbin 300 fat 0.415 | 86.6s
ex16|tri1.0|1|0.5|dep|100|0.5|51: static 0.428 sstatic 0.557 c1 0.952 c50 0.438 fac1 0.914 fac50 -0.008 lock 0.00 move 0.39 period None osc -0.122@11 pr 15.4 sens10 0.50 sens50 2.51 sat None dead 0.03 frozen 0.84 nbin 300 fat 0.400 | 85.4s
ex16|tri1.0|1|0.5|dep|100|0.5|50: static 0.453 sstatic 0.570 c1 0.945 c50 0.456 fac1 0.904 fac50 -0.016 lock 0.00 move 0.48 period None osc -0.114@11 pr 15.9 sens10 0.54 sens50 2.62 sat None dead 0.04 frozen 0.82 nbin 300 fat 0.399 | 86.7s
ex16|tri1.0|1|0.5|dep|30|0.5|50: static 0.587 sstatic 0.663 c1 0.940 c50 0.598 fac1 0.860 fac50 0.004 lock 0.00 move 0.394 period None osc -0.186@9 pr 16.4 sens10 0.65 sens50 2.91 sat None dead 0.04 frozen 0.32 nbin 300 fat 0.497 | 88.9s
ex16|tri1.0|1|0.5|dep|30|0.1|51: static 0.638 sstatic 0.704 c1 0.977 c50 0.632 fac1 0.934 fac50 -0.015 lock 0.00 move 0.217 period None osc -0.212@12 pr 13.9 sens10 0.22 sens50 1.38 sat None dead 0.03 frozen 0.15 nbin 300 fat 0.635 | 89.7s
ex16|tri1.0|1|0.5|dep|10|0.1|51: static 0.896 sstatic 0.900 c1 0.995 c50 0.906 fac1 0.952 fac50 0.078 lock 0.00 move 0.101 period None osc -0.381@12 pr 8.7 sens10 -0.01 sens50 0.61 sat None dead 0.03 frozen 0.49 nbin 300 fat 0.818 | 92.6s
ex16|tri1.0|1|0.5|dep|300|0.1|50: static 0.389 sstatic 0.525 c1 0.957 c50 0.381 fac1 0.930 fac50 -0.033 lock 0.00 move 0.388 period None osc -0.069@16 pr 14.8 sens10 0.43 sens50 2.19 sat None dead 0.04 frozen 0.30 nbin 300 fat 0.354 | 87.8s
ex16|tri1.0|1|0.5|dep|300|0.1|51: static 0.375 sstatic 0.513 c1 0.963 c50 0.361 fac1 0.938 fac50 -0.041 lock 0.00 move 0.308 period None osc -0.077@16 pr 14.2 sens10 0.54 sens50 2.39 sat None dead 0.03 frozen 0.34 nbin 300 fat 0.359 | 88.0s
ex16|tri1.0|1|0.9|none|0|0.0|50: static 0.995 sstatic 0.995 c1 1.000 c50 0.998 fac1 0.994 fac50 0.342 lock 0.96 move 0.00511 period None osc 0.342@50 pr 2.4 sens10 -0.08 sens50 -0.08 sat None dead 0.04 frozen 0.92 nbin 300 fat None | 47.6s
ex16|tri1.0|1|0.9|sub|10|0.5|50: static 0.756 sstatic 0.797 c1 0.999 c50 0.670 fac1 0.992 fac50 -0.297 lock 0.00 move 0.0476 period None osc -0.412@39 pr 6.0 sens10 -0.07 sens50 0.14 sat None dead 0.04 frozen 0.50 nbin 300 fat 0.485 | 44.6s
ex16|tri1.0|1|0.9|sub|30|0.5|50: static 0.343 sstatic 0.520 c1 0.998 c50 0.061 fac1 0.994 fac50 -0.365 lock 0.00 move 0.0617 period None osc -0.365@50 pr 5.8 sens10 0.00 sens50 0.23 sat None dead 0.03 frozen 0.15 nbin 300 fat 0.423 | 44.2s
ex16|tri1.0|1|0.9|none|0|0.0|51: static 0.991 sstatic 0.991 c1 1.000 c50 0.997 fac1 0.993 fac50 0.440 lock 0.99 move 0.00283 period None osc 0.440@50 pr 1.8 sens10 -0.24 sens50 -0.36 sat None dead 0.03 frozen 0.90 nbin 285 fat None | 60.8s
ex16|tri1.0|1|0.9|sub|10|1.0|51: static 0.002 sstatic 0.329 c1 0.989 c50 0.087 fac1 0.986 fac50 0.074 lock 0.00 move 0.149 period None osc -0.428@25 pr 8.7 sens10 -0.23 sens50 -0.04 sat None dead 0.03 frozen 0.04 nbin 300 fat 0.875 | 58.4s
ex16|tri1.0|1|0.9|sub|10|1.0|50: static 0.003 sstatic 0.330 c1 0.988 c50 0.069 fac1 0.985 fac50 0.058 lock 0.00 move 0.153 period None osc -0.422@24 pr 9.5 sens10 -0.14 sens50 0.05 sat None dead 0.04 frozen 0.04 nbin 300 fat 0.889 | 61.2s
ex16|tri1.0|1|0.9|sub|3|0.5|51: static 0.994 sstatic 0.994 c1 1.000 c50 0.997 fac1 0.993 fac50 0.401 lock 0.99 move 0.00773 period None osc 0.401@50 pr 2.2 sens10 -0.45 sens50 -0.57 sat None dead 0.03 frozen 0.95 nbin 288 fat 0.500 | 65.4s
ex16|tri1.0|1|0.9|sub|3|1.0|50: static 0.001 sstatic 0.322 c1 0.947 c50 0.000 fac1 0.945 fac50 0.002 lock 0.00 move 0.331 period None osc -0.373@12 pr 13.5 sens10 -0.14 sens50 0.45 sat None dead 0.04 frozen 0.69 nbin 300 fat 0.972 | 65.5s
ex16|tri1.0|1|0.9|sub|3|1.0|51: static 0.001 sstatic 0.322 c1 0.949 c50 -0.037 fac1 0.947 fac50 -0.034 lock 0.00 move 0.319 period None osc -0.376@12 pr 13.0 sens10 -0.18 sens50 0.40 sat None dead 0.03 frozen 0.69 nbin 300 fat 0.985 | 65.7s
ex16|tri1.0|1|0.9|sub|30|1.0|50: static 0.008 sstatic 0.340 c1 0.996 c50 -0.397 fac1 0.993 fac50 -0.336 lock 0.00 move 0.0902 period None osc -0.377@43 pr 7.0 sens10 -0.03 sens50 0.12 sat None dead 0.03 frozen 0.04 nbin 300 fat 0.778 | 60.8s
ex16|tri1.0|1|0.9|sub|3|0.5|50: static 0.993 sstatic 0.994 c1 1.000 c50 0.996 fac1 0.995 fac50 0.350 lock 0.93 move 0.016 period None osc 0.350@50 pr 2.7 sens10 -0.35 sens50 -0.44 sat None dead 0.04 frozen 0.94 nbin 299 fat 0.500 | 69.4s
ex16|tri1.0|1|0.5|dep|300|0.5|51: static 0.379 sstatic 0.518 c1 0.963 c50 0.370 fac1 0.937 fac50 -0.041 lock 0.00 move 0.487 period None osc -0.062@17 pr 14.3 sens10 0.52 sens50 2.45 sat None dead 0.03 frozen 0.99 nbin 300 fat 0.351 | 73.7s
ex16|tri1.0|1|0.5|dep|300|0.5|50: static 0.393 sstatic 0.532 c1 0.954 c50 0.385 fac1 0.925 fac50 -0.033 lock 0.00 move 0.536 period None osc -0.062@14 pr 14.9 sens10 0.48 sens50 2.16 sat None dead 0.04 frozen 0.96 nbin 300 fat 0.344 | 80.3s
ex16|tri1.0|1|0.9|sub|10|0.5|51: static 0.766 sstatic 0.804 c1 0.999 c50 0.663 fac1 0.993 fac50 -0.326 lock 0.00 move 0.0425 period None osc -0.389@41 pr 5.8 sens10 -0.17 sens50 -0.03 sat None dead 0.03 frozen 0.52 nbin 300 fat 0.489 | 69.4s
ex16|tri1.0|1|0.9|sub|30|0.5|51: static 0.336 sstatic 0.517 c1 0.998 c50 0.034 fac1 0.994 fac50 -0.384 lock 0.00 move 0.0608 period None osc -0.385@49 pr 5.7 sens10 -0.12 sens50 -0.08 sat None dead 0.03 frozen 0.15 nbin 300 fat 0.424 | 69.4s
ex16|tri1.0|1|0.9|sub|30|1.0|51: static 0.008 sstatic 0.341 c1 0.996 c50 -0.380 fac1 0.993 fac50 -0.327 lock 0.00 move 0.0909 period None osc -0.361@40 pr 7.0 sens10 -0.17 sens50 -0.06 sat None dead 0.03 frozen 0.03 nbin 300 fat 0.786 | 67.5s
ex16|tri1.0|1|0.9|sub|100|0.5|50: static 0.252 sstatic 0.472 c1 0.999 c50 0.143 fac1 0.995 fac50 -0.128 lock 0.01 move 0.0465 period None osc -0.128@50 pr 4.8 sens10 -0.04 sens50 0.14 sat None dead 0.00 frozen 0.12 nbin 300 fat 0.369 | 73.5s
ex16|tri1.0|1|0.9|sub|100|0.5|51: static 0.247 sstatic 0.470 c1 0.999 c50 0.119 fac1 0.995 fac50 -0.138 lock 0.01 move 0.0465 period None osc -0.138@50 pr 5.1 sens10 -0.14 sens50 0.03 sat None dead 0.00 frozen 0.11 nbin 300 fat 0.372 | 71.7s
ex16|tri1.0|1|0.9|sub|100|1.0|50: static 0.034 sstatic 0.360 c1 0.998 c50 -0.185 fac1 0.994 fac50 -0.187 lock 0.01 move 0.061 period None osc -0.187@50 pr 5.9 sens10 -0.05 sens50 0.08 sat None dead 0.00 frozen 0.04 nbin 300 fat 0.673 | 73.2s
ex16|tri1.0|1|0.9|div|3|0.5|50: static 0.975 sstatic 0.980 c1 1.000 c50 0.981 fac1 0.995 fac50 0.199 lock 0.95 move 0.0106 period None osc 0.199@50 pr 3.0 sens10 -0.12 sens50 0.03 sat None dead 0.04 frozen 0.84 nbin 300 fat 0.386 | 65.0s
ex16|tri1.0|1|0.9|sub|100|1.0|51: static 0.033 sstatic 0.359 c1 0.998 c50 -0.213 fac1 0.995 fac50 -0.203 lock 0.01 move 0.0596 period None osc -0.203@50 pr 5.9 sens10 -0.15 sens50 -0.10 sat None dead 0.00 frozen 0.03 nbin 300 fat 0.674 | 80.0s
ex16|tri1.0|1|0.9|sub|300|0.5|51: static 0.295 sstatic 0.499 c1 0.999 c50 0.307 fac1 0.995 fac50 -0.011 lock 0.03 move 0.0377 period None osc -0.011@50 pr 4.6 sens10 -0.16 sens50 0.03 sat None dead 0.00 frozen 0.14 nbin 300 fat 0.341 | 73.4s
ex16|tri1.0|1|0.9|sub|300|0.5|50: static 0.280 sstatic 0.489 c1 0.999 c50 0.284 fac1 0.995 fac50 -0.011 lock 0.04 move 0.0386 period None osc -0.011@50 pr 4.5 sens10 0.02 sens50 0.49 sat None dead 0.00 frozen 0.13 nbin 300 fat 0.342 | 75.6s
ex16|tri1.0|1|0.9|div|3|0.5|51: static 0.976 sstatic 0.978 c1 1.000 c50 0.983 fac1 0.994 fac50 0.202 lock 0.99 move 0.00662 period None osc 0.202@50 pr 2.8 sens10 -0.40 sens50 -0.45 sat None dead 0.03 frozen 0.85 nbin 300 fat 0.390 | 73.3s
ex16|tri1.0|1|0.9|div|3|2.0|50: static 0.947 sstatic 0.960 c1 1.000 c50 0.960 fac1 0.994 fac50 0.172 lock 0.68 move 0.0236 period None osc 0.172@50 pr 3.0 sens10 -0.12 sens50 0.15 sat None dead 0.04 frozen 1.00 nbin 1 fat 1.550 | 74.2s
ex16|tri1.0|1|0.9|sub|300|1.0|50: static 0.102 sstatic 0.395 c1 0.999 c50 0.095 fac1 0.995 fac50 -0.023 lock 0.04 move 0.0454 period None osc -0.023@50 pr 4.9 sens10 -0.00 sens50 0.17 sat None dead 0.00 frozen 0.06 nbin 300 fat 0.602 | 75.8s
ex16|tri1.0|1|0.9|div|3|2.0|51: static 0.936 sstatic 0.949 c1 1.000 c50 0.950 fac1 0.995 fac50 0.162 lock 0.64 move 0.0153 period None osc 0.162@50 pr 2.9 sens10 -0.46 sens50 -0.16 sat None dead 0.03 frozen 1.00 nbin 1 fat 1.566 | 75.0s
ex16|tri1.0|1|0.9|div|10|0.5|51: static 0.973 sstatic 0.976 c1 1.000 c50 0.975 fac1 0.994 fac50 -0.010 lock 0.98 move 0.00822 period None osc -0.010@50 pr 3.5 sens10 -0.32 sens50 -0.31 sat None dead 0.03 frozen 0.83 nbin 300 fat 0.391 | 71.8s
ex16|tri1.0|1|0.9|div|10|0.5|50: static 0.973 sstatic 0.976 c1 1.000 c50 0.975 fac1 0.995 fac50 0.044 lock 0.93 move 0.0119 period None osc 0.044@50 pr 3.6 sens10 -0.09 sens50 0.11 sat None dead 0.04 frozen 0.83 nbin 300 fat 0.386 | 75.2s
ex16|tri1.0|1|0.9|sub|300|1.0|51: static 0.101 sstatic 0.396 c1 0.999 c50 0.090 fac1 0.995 fac50 -0.022 lock 0.03 move 0.0451 period None osc -0.022@50 pr 4.9 sens10 -0.16 sens50 0.10 sat None dead 0.00 frozen 0.05 nbin 300 fat 0.600 | 79.7s
ex16|tri1.0|1|0.9|div|10|2.0|50: static 0.907 sstatic 0.930 c1 1.000 c50 0.895 fac1 0.994 fac50 -0.105 lock 0.00 move 0.0307 period None osc -0.105@50 pr 5.0 sens10 -0.05 sens50 0.38 sat None dead 0.04 frozen 1.00 nbin 9 fat 1.549 | 75.9s
ex16|tri1.0|1|0.9|div|10|2.0|51: static 0.906 sstatic 0.927 c1 1.000 c50 0.887 fac1 0.994 fac50 -0.177 lock 0.01 move 0.0249 period None osc -0.177@50 pr 5.1 sens10 -0.36 sens50 0.05 sat None dead 0.03 frozen 1.00 nbin 17 fat 1.561 | 75.8s
ex16|tri1.0|1|0.9|div|30|0.5|50: static 0.897 sstatic 0.913 c1 1.000 c50 0.870 fac1 0.995 fac50 -0.218 lock 0.01 move 0.0187 period None osc -0.218@50 pr 4.4 sens10 -0.07 sens50 0.18 sat None dead 0.04 frozen 0.65 nbin 300 fat 0.387 | 77.3s
ex16|tri1.0|1|0.9|div|30|2.0|50: static 0.718 sstatic 0.781 c1 0.999 c50 0.613 fac1 0.994 fac50 -0.311 lock 0.00 move 0.0415 period None osc -0.311@50 pr 5.4 sens10 -0.06 sens50 0.33 sat None dead 0.04 frozen 0.70 nbin 300 fat 1.548 | 77.1s
ex16|tri1.0|1|0.9|div|30|0.5|51: static 0.902 sstatic 0.911 c1 1.000 c50 0.865 fac1 0.995 fac50 -0.279 lock 0.01 move 0.0171 period None osc -0.279@50 pr 4.4 sens10 -0.29 sens50 -0.16 sat None dead 0.03 frozen 0.65 nbin 300 fat 0.391 | 80.9s
ex16|tri1.0|1|0.9|div|100|0.5|51: static 0.779 sstatic 0.816 c1 1.000 c50 0.780 fac1 0.995 fac50 0.002 lock 0.00 move 0.0195 period None osc 0.002@50 pr 3.9 sens10 -0.30 sens50 -0.24 sat None dead 0.03 frozen 0.53 nbin 300 fat 0.391 | 72.7s
ex16|tri1.0|1|0.9|div|30|2.0|51: static 0.711 sstatic 0.778 c1 0.999 c50 0.608 fac1 0.994 fac50 -0.295 lock 0.00 move 0.0379 period None osc -0.295@50 pr 5.6 sens10 -0.41 sens50 -0.32 sat None dead 0.03 frozen 0.70 nbin 300 fat 1.557 | 79.5s
ex16|tri1.0|1|0.9|div|100|0.5|50: static 0.776 sstatic 0.815 c1 1.000 c50 0.781 fac1 0.995 fac50 0.012 lock 0.00 move 0.0207 period None osc 0.012@50 pr 4.0 sens10 -0.08 sens50 0.16 sat None dead 0.04 frozen 0.51 nbin 300 fat 0.388 | 78.8s
ex16|tri1.0|1|0.9|div|100|2.0|50: static 0.589 sstatic 0.687 c1 0.999 c50 0.555 fac1 0.995 fac50 -0.086 lock 0.00 move 0.0359 period None osc -0.086@50 pr 4.8 sens10 -0.09 sens50 0.30 sat None dead 0.04 frozen 0.56 nbin 300 fat 1.550 | 78.3s
ex16|tri1.0|1|0.9|div|300|2.0|50: static 0.576 sstatic 0.672 c1 1.000 c50 0.593 fac1 0.995 fac50 0.013 lock 0.00 move 0.031 period None osc 0.013@50 pr 4.3 sens10 -0.11 sens50 0.26 sat None dead 0.04 frozen 0.54 nbin 300 fat 1.495 | 74.5s
ex16|tri1.0|1|0.9|div|300|2.0|51: static 0.583 sstatic 0.677 c1 1.000 c50 0.601 fac1 0.995 fac50 0.004 lock 0.00 move 0.0285 period None osc 0.004@50 pr 4.3 sens10 -0.45 sens50 -0.27 sat None dead 0.03 frozen 0.56 nbin 300 fat 1.506 | 76.0s
ex16|tri1.0|1|0.9|div|100|2.0|51: static 0.598 sstatic 0.690 c1 0.999 c50 0.532 fac1 0.995 fac50 -0.148 lock 0.00 move 0.0334 period None osc -0.148@50 pr 4.9 sens10 -0.42 sens50 -0.22 sat None dead 0.03 frozen 0.57 nbin 300 fat 1.561 | 79.8s
ex16|tri1.0|1|0.9|div|300|0.5|50: static 0.743 sstatic 0.786 c1 1.000 c50 0.804 fac1 0.995 fac50 0.170 lock 0.00 move 0.0185 period None osc 0.170@50 pr 3.3 sens10 -0.09 sens50 0.17 sat None dead 0.04 frozen 0.50 nbin 300 fat 0.375 | 79.5s
ex16|tri1.0|1|0.9|div|300|0.5|51: static 0.771 sstatic 0.810 c1 1.000 c50 0.807 fac1 0.995 fac50 0.088 lock 0.00 move 0.0171 period None osc 0.088@50 pr 3.7 sens10 -0.31 sens50 -0.30 sat None dead 0.03 frozen 0.53 nbin 300 fat 0.377 | 80.0s
ex16|tri1.0|1|0.9|dep|3|0.1|51: static 0.997 sstatic 0.997 c1 1.000 c50 0.998 fac1 0.995 fac50 0.370 lock 0.99 move 0.00309 period None osc 0.370@50 pr 2.2 sens10 -0.23 sens50 -0.36 sat None dead 0.03 frozen 0.94 nbin 285 fat 0.925 | 78.3s
ex16|tri1.0|1|0.9|dep|3|0.1|50: static 0.993 sstatic 0.994 c1 1.000 c50 0.997 fac1 0.993 fac50 0.354 lock 0.96 move 0.00633 period None osc 0.354@50 pr 2.1 sens10 -0.05 sens50 -0.02 sat None dead 0.04 frozen 0.91 nbin 299 fat 0.926 | 84.1s
ex16|tri1.0|1|0.9|dep|3|0.5|50: static 0.984 sstatic 0.985 c1 1.000 c50 0.991 fac1 0.994 fac50 0.277 lock 0.96 move 0.0111 period None osc 0.277@50 pr 2.7 sens10 0.06 sens50 0.19 sat None dead 0.04 frozen 0.86 nbin 300 fat 0.786 | 84.6s
ex16|tri1.0|1|0.9|dep|3|0.5|51: static 0.992 sstatic 0.992 c1 1.000 c50 0.995 fac1 0.994 fac50 0.306 lock 0.99 move 0.00549 period None osc 0.306@50 pr 2.5 sens10 -0.17 sens50 -0.17 sat None dead 0.03 frozen 0.90 nbin 296 fat 0.784 | 84.2s
ex16|tri1.0|1|0.9|dep|10|0.1|50: static 0.985 sstatic 0.986 c1 1.000 c50 0.988 fac1 0.995 fac50 0.177 lock 0.96 move 0.00971 period None osc 0.177@50 pr 3.1 sens10 0.03 sens50 0.21 sat None dead 0.04 frozen 0.86 nbin 300 fat 0.827 | 79.1s
ex16|tri1.0|1|0.9|dep|10|0.1|51: static 0.996 sstatic 0.996 c1 1.000 c50 0.998 fac1 0.995 fac50 0.312 lock 0.99 move 0.00425 period None osc 0.312@50 pr 2.4 sens10 -0.17 sens50 -0.27 sat None dead 0.03 frozen 0.93 nbin 291 fat 0.826 | 79.5s
ex16|tri1.0|1|0.9|dep|10|0.5|51: static 0.981 sstatic 0.981 c1 1.000 c50 0.982 fac1 0.995 fac50 0.053 lock 0.96 move 0.0113 period None osc 0.053@50 pr 3.9 sens10 0.03 sens50 0.48 sat None dead 0.03 frozen 0.84 nbin 300 fat 0.666 | 69.8s
ex16|tri1.0|1|0.9|dep|10|0.5|50: static 0.976 sstatic 0.978 c1 1.000 c50 0.974 fac1 0.995 fac50 -0.045 lock 0.72 move 0.02 period None osc -0.045@50 pr 4.7 sens10 0.37 sens50 1.02 sat None dead 0.04 frozen 0.80 nbin 300 fat 0.665 | 81.8s
ex16|tri1.0|1|0.9|dep|30|0.1|51: static 0.944 sstatic 0.944 c1 1.000 c50 0.924 fac1 0.994 fac50 -0.288 lock 0.01 move 0.0188 period None osc -0.291@49 pr 5.8 sens10 -0.02 sens50 0.29 sat None dead 0.03 frozen 0.68 nbin 300 fat 0.703 | 66.6s
ex16|tri1.0|1|0.9|dep|30|0.5|50: static 0.928 sstatic 0.932 c1 0.999 c50 0.916 fac1 0.988 fac50 -0.130 lock 0.00 move 0.0403 period None osc -0.179@39 pr 8.4 sens10 0.91 sens50 2.38 sat None dead 0.04 frozen 0.59 nbin 300 fat 0.553 | 69.2s
ex16|tri1.0|1|0.9|dep|100|0.5|51: static 0.669 sstatic 0.725 c1 0.996 c50 0.623 fac1 0.985 fac50 -0.131 lock 0.00 move 0.0892 period None osc -0.162@36 pr 9.7 sens10 0.73 sens50 2.65 sat None dead 0.03 frozen 0.30 nbin 300 fat 0.351 | 65.2s
ex16|tri1.0|1|0.9|dep|30|0.1|50: static 0.942 sstatic 0.946 c1 1.000 c50 0.921 fac1 0.994 fac50 -0.258 lock 0.00 move 0.022 period None osc -0.258@50 pr 5.6 sens10 0.23 sens50 0.77 sat None dead 0.04 frozen 0.67 nbin 300 fat 0.704 | 78.0s
ex16|tri1.0|1|0.9|dep|30|0.5|51: static 0.924 sstatic 0.928 c1 0.999 c50 0.912 fac1 0.989 fac50 -0.144 lock 0.00 move 0.0356 period None osc -0.172@37 pr 8.2 sens10 0.47 sens50 1.71 sat None dead 0.03 frozen 0.60 nbin 300 fat 0.549 | 76.0s
ex16|tri1.0|1|0.9|dep|100|0.1|50: static 0.694 sstatic 0.746 c1 0.999 c50 0.609 fac1 0.992 fac50 -0.221 lock 0.00 move 0.0566 period None osc -0.230@45 pr 8.0 sens10 0.51 sens50 1.56 sat None dead 0.04 frozen 0.27 nbin 300 fat 0.487 | 77.2s
ex16|tri1.0|1|0.9|dep|100|0.1|51: static 0.680 sstatic 0.739 c1 0.999 c50 0.596 fac1 0.992 fac50 -0.229 lock 0.00 move 0.0548 period None osc -0.233@44 pr 7.9 sens10 0.15 sens50 0.85 sat None dead 0.03 frozen 0.28 nbin 300 fat 0.482 | 77.6s
ex16|tri1.0|1|0.9|dep|300|0.1|50: static 0.525 sstatic 0.632 c1 0.997 c50 0.429 fac1 0.992 fac50 -0.169 lock 0.00 move 0.0738 period None osc -0.175@47 pr 8.6 sens10 0.80 sens50 1.85 sat None dead 0.04 frozen 0.17 nbin 300 fat 0.279 | 74.0s
ex16|tri1.0|1|0.9|dep|100|0.5|50: static 0.691 sstatic 0.744 c1 0.996 c50 0.645 fac1 0.985 fac50 -0.132 lock 0.00 move 0.089 period None osc -0.158@38 pr 9.9 sens10 0.99 sens50 2.82 sat None dead 0.04 frozen 0.30 nbin 300 fat 0.355 | 77.7s
ex16|tri1.0|1|0.9|dep|300|0.1|51: static 0.504 sstatic 0.613 c1 0.997 c50 0.415 fac1 0.992 fac50 -0.154 lock 0.00 move 0.0716 period None osc -0.154@50 pr 8.6 sens10 0.42 sens50 1.36 sat None dead 0.03 frozen 0.15 nbin 300 fat 0.265 | 74.2s
ex16|tri1.0|1|0.9|dep|300|0.5|50: static 0.486 sstatic 0.598 c1 0.996 c50 0.415 fac1 0.988 fac50 -0.140 lock 0.00 move 0.1 period None osc -0.154@41 pr 9.0 sens10 1.08 sens50 2.80 sat None dead 0.04 frozen 0.51 nbin 300 fat 0.230 | 69.9s
ex16|tri1.0|1|0.9|dep|300|0.5|51: static 0.470 sstatic 0.590 c1 0.996 c50 0.401 fac1 0.989 fac50 -0.134 lock 0.00 move 0.0939 period None osc -0.148@40 pr 8.9 sens10 0.66 sens50 2.19 sat None dead 0.03 frozen 0.52 nbin 300 fat 0.221 | 73.0s
ex16|tri1.0|0|0.0|div|10|0.5|50: static 0.484 sstatic 0.602 c1 0.451 c50 0.490 fac1 -0.074 fac50 0.002 lock 0.00 move 1.06 period None osc -0.075@3 pr 17.5 sens10 0.62 sens50 2.92 sat None dead 0.04 frozen 0.08 nbin 300 fat 1.316 | 41.6s
ex16|tri1.0|0|0.0|div|3|2.0|50: static 0.568 sstatic 0.673 c1 0.488 c50 0.573 fac1 -0.198 fac50 0.004 lock 0.00 move 1.02 period None osc -0.198@1 pr 17.1 sens10 0.59 sens50 2.95 sat None dead 0.04 frozen 0.47 nbin 300 fat 1.196 | 45.2s
ex16|tri1.0|0|0.0|div|3|0.5|50: static 0.579 sstatic 0.683 c1 0.503 c50 0.580 fac1 -0.203 fac50 -0.012 lock 0.00 move 1.01 period None osc -0.203@1 pr 16.9 sens10 0.64 sens50 3.24 sat None dead 0.04 frozen 0.12 nbin 300 fat 1.147 | 59.8s
ex16|tri1.0|0|0.0|div|10|2.0|50: static 0.472 sstatic 0.594 c1 0.441 c50 0.475 fac1 -0.067 fac50 0.004 lock 0.00 move 1.07 period None osc -0.067@1 pr 17.7 sens10 0.49 sens50 2.66 sat None dead 0.04 frozen 0.31 nbin 300 fat 1.341 | 48.9s
ex16|tri1.0|0|0.0|div|10|0.5|51: static 0.490 sstatic 0.607 c1 0.453 c50 0.487 fac1 -0.073 fac50 -0.003 lock 0.00 move 1.05 period None osc -0.073@1 pr 17.1 sens10 0.58 sens50 2.89 sat None dead 0.03 frozen 0.09 nbin 300 fat 1.325 | 52.1s
ex16|tri1.0|0|0.0|div|3|0.5|51: static 0.588 sstatic 0.684 c1 0.506 c50 0.596 fac1 -0.208 fac50 0.016 lock 0.00 move 1.01 period None osc -0.208@1 pr 16.5 sens10 0.62 sens50 3.06 sat None dead 0.03 frozen 0.12 nbin 300 fat 1.164 | 60.0s
ex16|tri1.0|0|0.0|div|30|0.5|50: static 0.458 sstatic 0.579 c1 0.440 c50 0.462 fac1 -0.038 fac50 0.005 lock 0.00 move 1.07 period None osc -0.038@1 pr 17.7 sens10 0.55 sens50 2.89 sat None dead 0.04 frozen 0.08 nbin 300 fat 1.374 | 45.7s
ex16|tri1.0|0|0.0|div|3|2.0|51: static 0.587 sstatic 0.683 c1 0.505 c50 0.588 fac1 -0.203 fac50 0.000 lock 0.00 move 1.01 period None osc -0.203@1 pr 16.5 sens10 0.65 sens50 3.22 sat None dead 0.03 frozen 0.51 nbin 300 fat 1.179 | 65.3s
ex16|tri1.0|0|0.0|div|10|2.0|51: static 0.489 sstatic 0.607 c1 0.458 c50 0.492 fac1 -0.075 fac50 0.007 lock 0.00 move 1.05 period None osc -0.075@1 pr 17.1 sens10 0.53 sens50 2.94 sat None dead 0.03 frozen 0.33 nbin 300 fat 1.312 | 57.7s
ex16|tri1.0|0|0.0|div|30|0.5|51: static 0.461 sstatic 0.584 c1 0.453 c50 0.468 fac1 -0.022 fac50 0.004 lock 0.00 move 1.06 period None osc -0.027@11 pr 17.3 sens10 0.56 sens50 2.71 sat None dead 0.03 frozen 0.08 nbin 300 fat 1.358 | 49.7s
ex16|tri1.0|0|0.0|div|30|2.0|51: static 0.458 sstatic 0.586 c1 0.444 c50 0.463 fac1 -0.030 fac50 -0.003 lock 0.00 move 1.06 period None osc -0.033@11 pr 17.4 sens10 0.60 sens50 2.87 sat None dead 0.03 frozen 0.29 nbin 300 fat 1.391 | 50.0s
ex16|tri1.0|0|0.0|div|30|2.0|50: static 0.447 sstatic 0.571 c1 0.428 c50 0.448 fac1 -0.040 fac50 -0.002 lock 0.00 move 1.08 period None osc -0.040@1 pr 17.9 sens10 0.51 sens50 2.66 sat None dead 0.04 frozen 0.26 nbin 300 fat 1.405 | 50.8s
ex16|tri1.0|0|0.0|div|100|0.5|51: static 0.444 sstatic 0.574 c1 0.455 c50 0.452 fac1 0.001 fac50 -0.008 lock 0.00 move 1.05 period None osc -0.018@21 pr 17.4 sens10 0.53 sens50 2.83 sat None dead 0.03 frozen 0.08 nbin 300 fat 1.399 | 54.2s
ex16|tri1.0|0|0.0|div|100|2.0|50: static 0.437 sstatic 0.562 c1 0.431 c50 0.439 fac1 -0.015 fac50 -0.006 lock 0.00 move 1.08 period None osc -0.018@33 pr 17.9 sens10 0.54 sens50 2.60 sat None dead 0.04 frozen 0.25 nbin 300 fat 1.417 | 53.3s
ex16|tri1.0|0|0.0|div|100|0.5|50: static 0.446 sstatic 0.571 c1 0.443 c50 0.448 fac1 -0.011 fac50 -0.009 lock 0.00 move 1.06 period None osc -0.026@30 pr 17.7 sens10 0.57 sens50 3.00 sat None dead 0.04 frozen 0.07 nbin 300 fat 1.385 | 58.5s
ex16|tri1.0|0|0.0|div|100|2.0|51: static 0.450 sstatic 0.576 c1 0.453 c50 0.454 fac1 -0.008 fac50 0.001 lock 0.00 move 1.06 period None osc -0.032@11 pr 17.4 sens10 0.58 sens50 2.79 sat None dead 0.03 frozen 0.28 nbin 300 fat 1.394 | 60.9s
ex16|tri1.0|0|0.0|div|300|0.5|50: static 0.430 sstatic 0.553 c1 0.443 c50 0.442 fac1 0.017 fac50 -0.013 lock 0.00 move 1.07 period None osc -0.020@47 pr 17.7 sens10 0.62 sens50 2.83 sat None dead 0.04 frozen 0.07 nbin 300 fat 1.389 | 49.1s
ex16|tri1.0|0|0.0|div|300|0.5|51: static 0.427 sstatic 0.547 c1 0.461 c50 0.452 fac1 0.040 fac50 -0.008 lock 0.00 move 1.05 period None osc -0.018@47 pr 17.2 sens10 0.56 sens50 2.81 sat None dead 0.03 frozen 0.07 nbin 300 fat 1.383 | 52.2s
ex16|tri1.0|0|0.0|div|300|2.0|50: static 0.438 sstatic 0.564 c1 0.436 c50 0.439 fac1 -0.015 fac50 -0.000 lock 0.00 move 1.08 period None osc -0.015@1 pr 17.9 sens10 0.51 sens50 2.66 sat None dead 0.04 frozen 0.25 nbin 300 fat 1.426 | 52.9s
ex16|tri1.0|0|0.0|div|300|2.0|51: static 0.440 sstatic 0.561 c1 0.447 c50 0.447 fac1 0.007 fac50 -0.014 lock 0.00 move 1.06 period None osc -0.014@50 pr 17.4 sens10 0.56 sens50 2.84 sat None dead 0.03 frozen 0.25 nbin 300 fat 1.390 | 56.7s
ex16|tri1.0|0|0.0|dep|10|0.5|50: static 0.515 sstatic 0.608 c1 0.456 c50 0.513 fac1 -0.121 fac50 -0.003 lock 0.00 move 1.05 period None osc -0.121@1 pr 19.9 sens10 0.89 sens50 3.82 sat None dead 0.04 frozen 0.23 nbin 300 fat 0.651 | 60.1s
ex16|tri1.0|0|0.0|dep|30|0.5|51: static 0.434 sstatic 0.562 c1 0.416 c50 0.437 fac1 -0.050 fac50 -0.006 lock 0.00 move 1.09 period None osc -0.050@1 pr 20.1 sens10 0.99 sens50 3.97 sat None dead 0.03 frozen 0.78 nbin 300 fat 0.605 | 52.0s
ex16|tri1.0|0|0.0|dep|30|0.1|51: static 0.482 sstatic 0.591 c1 0.468 c50 0.483 fac1 -0.039 fac50 -0.004 lock 0.00 move 1.04 period None osc -0.039@1 pr 19.6 sens10 0.86 sens50 3.80 sat None dead 0.03 frozen 0.05 nbin 300 fat 0.580 | 57.2s
ex16|tri1.0|0|0.0|dep|30|0.1|50: static 0.487 sstatic 0.587 c1 0.469 c50 0.493 fac1 -0.047 fac50 0.001 lock 0.00 move 1.03 period None osc -0.047@1 pr 20.0 sens10 0.90 sens50 3.86 sat None dead 0.04 frozen 0.05 nbin 300 fat 0.580 | 65.0s
ex16|tri1.0|0|0.0|dep|10|0.5|51: static 0.521 sstatic 0.618 c1 0.466 c50 0.521 fac1 -0.122 fac50 -0.002 lock 0.00 move 1.04 period None osc -0.122@1 pr 19.7 sens10 1.01 sens50 3.94 sat None dead 0.03 frozen 0.27 nbin 300 fat 0.657 | 66.7s
ex16|tri1.0|0|0.0|dep|100|0.1|50: static 0.395 sstatic 0.532 c1 0.391 c50 0.400 fac1 -0.016 fac50 -0.007 lock 0.00 move 1.11 period None osc -0.019@2 pr 20.3 sens10 0.81 sens50 3.71 sat None dead 0.04 frozen 0.28 nbin 300 fat 0.556 | 62.6s
ex16|tri1.0|0|0.0|dep|100|0.1|51: static 0.402 sstatic 0.542 c1 0.402 c50 0.408 fac1 -0.013 fac50 -0.008 lock 0.00 move 1.1 period None osc -0.019@7 pr 20.1 sens10 0.91 sens50 3.94 sat None dead 0.03 frozen 0.35 nbin 300 fat 0.577 | 63.2s
ex16|tri1.0|0|0.0|dep|30|0.5|50: static 0.428 sstatic 0.553 c1 0.397 c50 0.431 fac1 -0.060 fac50 -0.003 lock 0.00 move 1.09 period None osc -0.060@1 pr 20.1 sens10 0.85 sens50 3.70 sat None dead 0.04 frozen 0.71 nbin 300 fat 0.580 | 66.4s
ex16|tri1.0|0|0.0|dep|100|0.5|50: static 0.387 sstatic 0.526 c1 0.374 c50 0.389 fac1 -0.026 fac50 -0.000 lock 0.00 move 1.09 period None osc -0.026@1 pr 19.9 sens10 0.71 sens50 3.40 sat None dead 0.04 frozen 0.96 nbin 300 fat 0.541 | 58.2s
ex16|tri1.0|0|0.0|dep|300|0.1|50: static 0.383 sstatic 0.521 c1 0.378 c50 0.385 fac1 -0.005 fac50 -0.003 lock 0.00 move 1.1 period None osc -0.011@16 pr 19.9 sens10 0.71 sens50 3.40 sat None dead 0.04 frozen 0.93 nbin 300 fat 0.533 | 64.2s
ex16|tri1.0|0|0.0|dep|100|0.5|51: static 0.406 sstatic 0.540 c1 0.410 c50 0.412 fac1 -0.014 fac50 -0.000 lock 0.00 move 1.1 period None osc -0.019@5 pr 20.2 sens10 0.89 sens50 3.78 sat None dead 0.03 frozen 0.99 nbin 298 fat 0.577 | 67.4s
ex16|tri1.0|0|0.0|dep|300|0.1|51: static 0.394 sstatic 0.535 c1 0.402 c50 0.399 fac1 0.000 fac50 -0.005 lock 0.00 move 1.1 period None osc -0.012@27 pr 20.1 sens10 0.96 sens50 3.87 sat None dead 0.03 frozen 0.98 nbin 299 fat 0.568 | 60.3s
ex16|tri1.0|0|0.0|dep|300|0.5|50: static 0.360 sstatic 0.501 c1 0.370 c50 0.369 fac1 -0.004 fac50 -0.007 lock 0.00 move 1.09 period None osc -0.014@19 pr 18.9 sens10 0.58 sens50 2.94 sat None dead 0.04 frozen 0.96 nbin 299 fat 0.518 | 68.3s
ex16|tri1.0|0|0.5|div|3|0.5|50: static 0.790 sstatic 0.845 c1 0.970 c50 0.777 fac1 0.857 fac50 -0.050 lock 0.00 move 0.243 period None osc -0.256@7 pr 10.9 sens10 0.17 sens50 1.69 sat None dead 0.04 frozen 0.37 nbin 300 fat 2.841 | 56.0s
ex16|tri1.0|0|0.5|div|3|2.0|50: static 0.780 sstatic 0.840 c1 0.968 c50 0.779 fac1 0.853 fac50 -0.012 lock 0.00 move 0.273 period None osc -0.252@7 pr 11.2 sens10 0.22 sens50 1.54 sat None dead 0.04 frozen 0.50 nbin 300 fat 2.803 | 52.2s
ex16|tri1.0|0|0.0|dep|300|0.5|51: static 0.391 sstatic 0.534 c1 0.407 c50 0.401 fac1 0.005 fac50 -0.011 lock 0.00 move 1.1 period None osc -0.014@49 pr 20.1 sens10 0.87 sens50 3.41 sat None dead 0.03 frozen 0.99 nbin 299 fat 0.563 | 72.3s
ex16|tri1.0|0|0.5|div|10|0.5|51: static 0.552 sstatic 0.661 c1 0.967 c50 0.541 fac1 0.924 fac50 -0.025 lock 0.00 move 0.256 period None osc -0.260@10 pr 12.2 sens10 0.07 sens50 1.14 sat None dead 0.03 frozen 0.15 nbin 300 fat 3.247 | 50.0s
ex16|tri1.0|0|0.5|div|3|0.5|51: static 0.783 sstatic 0.834 c1 0.969 c50 0.782 fac1 0.861 fac50 -0.009 lock 0.00 move 0.248 period None osc -0.259@7 pr 11.1 sens10 0.14 sens50 1.76 sat None dead 0.03 frozen 0.35 nbin 300 fat 2.785 | 62.5s
ex16|tri1.0|0|0.5|div|10|0.5|50: static 0.553 sstatic 0.666 c1 0.966 c50 0.554 fac1 0.923 fac50 -0.000 lock 0.00 move 0.258 period None osc -0.238@10 pr 12.2 sens10 -0.02 sens50 1.03 sat None dead 0.04 frozen 0.15 nbin 300 fat 3.235 | 54.3s
ex16|tri1.0|0|0.5|div|3|2.0|51: static 0.781 sstatic 0.839 c1 0.970 c50 0.774 fac1 0.864 fac50 -0.028 lock 0.00 move 0.247 period None osc -0.238@7 pr 10.9 sens10 0.12 sens50 1.86 sat None dead 0.03 frozen 0.53 nbin 300 fat 2.800 | 63.7s
ex16|tri1.0|0|0.5|div|10|2.0|50: static 0.556 sstatic 0.666 c1 0.964 c50 0.536 fac1 0.919 fac50 -0.034 lock 0.00 move 0.277 period None osc -0.263@10 pr 12.6 sens10 -0.03 sens50 1.07 sat None dead 0.04 frozen 0.30 nbin 300 fat 3.193 | 65.5s
ex16|tri1.0|0|0.5|div|30|0.5|50: static 0.458 sstatic 0.593 c1 0.977 c50 0.488 fac1 0.955 fac50 0.038 lock 0.00 move 0.211 period None osc -0.156@15 pr 11.8 sens10 -0.05 sens50 0.78 sat None dead 0.04 frozen 0.12 nbin 300 fat 3.522 | 61.2s
ex16|tri1.0|0|0.5|div|30|2.0|50: static 0.468 sstatic 0.594 c1 0.976 c50 0.460 fac1 0.954 fac50 -0.016 lock 0.00 move 0.228 period None osc -0.156@14 pr 12.3 sens10 -0.09 sens50 0.86 sat None dead 0.04 frozen 0.25 nbin 300 fat 3.489 | 59.1s
ex16|tri1.0|0|0.5|div|10|2.0|51: static 0.551 sstatic 0.661 c1 0.966 c50 0.553 fac1 0.924 fac50 -0.004 lock 0.00 move 0.26 period None osc -0.252@10 pr 12.2 sens10 -0.01 sens50 1.09 sat None dead 0.03 frozen 0.31 nbin 300 fat 3.282 | 64.2s
ex16|tri1.0|0|0.5|div|30|0.5|51: static 0.466 sstatic 0.595 c1 0.977 c50 0.462 fac1 0.956 fac50 -0.006 lock 0.00 move 0.21 period None osc -0.168@15 pr 12.0 sens10 -0.15 sens50 0.65 sat None dead 0.03 frozen 0.12 nbin 300 fat 3.439 | 62.0s
ex16|tri1.0|0|0.5|div|30|2.0|51: static 0.468 sstatic 0.595 c1 0.977 c50 0.469 fac1 0.955 fac50 0.002 lock 0.00 move 0.214 period None osc -0.149@14 pr 12.2 sens10 -0.14 sens50 0.82 sat None dead 0.03 frozen 0.27 nbin 300 fat 3.443 | 60.2s
ex16|tri1.0|0|0.5|div|100|2.0|51: static 0.424 sstatic 0.561 c1 0.985 c50 0.391 fac1 0.972 fac50 -0.060 lock 0.00 move 0.172 period None osc -0.103@23 pr 11.0 sens10 -0.15 sens50 0.56 sat None dead 0.03 frozen 0.26 nbin 300 fat 3.656 | 40.3s
ex16|tri1.0|0|0.5|div|100|0.5|50: static 0.424 sstatic 0.561 c1 0.985 c50 0.392 fac1 0.972 fac50 -0.062 lock 0.00 move 0.172 period None osc -0.080@41 pr 10.9 sens10 -0.16 sens50 0.65 sat None dead 0.04 frozen 0.11 nbin 300 fat 3.657 | 62.6s
ex16|tri1.0|0|0.5|div|100|0.5|51: static 0.426 sstatic 0.561 c1 0.984 c50 0.403 fac1 0.971 fac50 -0.056 lock 0.00 move 0.173 period None osc -0.124@18 pr 10.9 sens10 -0.14 sens50 0.52 sat None dead 0.03 frozen 0.11 nbin 300 fat 3.630 | 66.4s
ex16|tri1.0|0|0.5|div|100|2.0|50: static 0.429 sstatic 0.561 c1 0.983 c50 0.408 fac1 0.968 fac50 -0.043 lock 0.00 move 0.197 period None osc -0.101@37 pr 11.4 sens10 -0.15 sens50 0.53 sat None dead 0.04 frozen 0.24 nbin 300 fat 3.566 | 58.6s
ex16|tri1.0|0|0.5|div|300|0.5|51: static 0.417 sstatic 0.550 c1 0.987 c50 0.395 fac1 0.976 fac50 -0.047 lock 0.00 move 0.156 period None osc -0.079@29 pr 10.3 sens10 -0.22 sens50 0.69 sat None dead 0.03 frozen 0.11 nbin 300 fat 3.688 | 50.7s
ex16|tri1.0|0|0.5|div|300|2.0|50: static 0.405 sstatic 0.540 c1 0.986 c50 0.388 fac1 0.976 fac50 -0.049 lock 0.00 move 0.174 period None osc -0.065@37 pr 10.1 sens10 -0.17 sens50 0.57 sat None dead 0.04 frozen 0.23 nbin 300 fat 3.746 | 49.7s
ex16|tri1.0|0|0.5|div|300|0.5|50: static 0.401 sstatic 0.544 c1 0.988 c50 0.389 fac1 0.977 fac50 -0.042 lock 0.00 move 0.154 period None osc -0.043@47 pr 10.1 sens10 -0.21 sens50 0.61 sat None dead 0.04 frozen 0.10 nbin 300 fat 3.668 | 55.2s
ex16|tri1.0|0|0.5|div|300|2.0|51: static 0.408 sstatic 0.547 c1 0.987 c50 0.382 fac1 0.975 fac50 -0.068 lock 0.00 move 0.163 period None osc -0.068@50 pr 10.4 sens10 -0.25 sens50 0.59 sat None dead 0.03 frozen 0.26 nbin 300 fat 3.666 | 52.1s
ex16|tri1.0|0|0.5|dep|10|0.5|50: static 0.917 sstatic 0.923 c1 0.991 c50 0.917 fac1 0.886 fac50 -0.021 lock 0.00 move 0.163 period None osc -0.204@8 pr 14.1 sens10 0.45 sens50 1.90 sat None dead 0.04 frozen 0.48 nbin 300 fat 0.625 | 50.7s
ex16|tri1.0|0|0.5|dep|100|0.1|50: static 0.463 sstatic 0.572 c1 0.959 c50 0.475 fac1 0.925 fac50 -0.009 lock 0.00 move 0.307 period None osc -0.126@15 pr 15.0 sens10 0.48 sens50 2.05 sat None dead 0.04 frozen 0.08 nbin 300 fat 0.414 | 42.2s
ex16|tri1.0|0|0.5|dep|100|0.5|50: static 0.458 sstatic 0.574 c1 0.949 c50 0.452 fac1 0.910 fac50 -0.017 lock 0.00 move 0.497 period None osc -0.121@13 pr 15.6 sens10 0.46 sens50 2.14 sat None dead 0.04 frozen 0.89 nbin 300 fat 0.429 | 49.7s
ex16|tri1.0|0|0.5|dep|30|0.5|51: static 0.565 sstatic 0.651 c1 0.949 c50 0.585 fac1 0.880 fac50 0.010 lock 0.00 move 0.343 period None osc -0.201@9 pr 15.7 sens10 0.61 sens50 2.94 sat None dead 0.03 frozen 0.41 nbin 300 fat 0.521 | 52.5s
ex16|tri1.0|0|0.5|dep|10|0.5|51: static 0.921 sstatic 0.924 c1 0.992 c50 0.924 fac1 0.900 fac50 0.029 lock 0.00 move 0.127 period None osc -0.226@9 pr 12.9 sens10 0.48 sens50 2.13 sat None dead 0.03 frozen 0.52 nbin 300 fat 0.631 | 68.8s
ex16|tri1.0|0|0.5|dep|30|0.5|50: static 0.589 sstatic 0.673 c1 0.944 c50 0.587 fac1 0.868 fac50 -0.016 lock 0.00 move 0.404 period None osc -0.182@8 pr 16.0 sens10 0.59 sens50 2.89 sat None dead 0.04 frozen 0.39 nbin 300 fat 0.521 | 66.4s
ex16|tri1.0|0|0.9|div|3|0.5|51: static 0.811 sstatic 0.883 c1 0.998 c50 0.791 fac1 0.988 fac50 -0.078 lock 0.00 move 0.0572 period None osc -0.078@50 pr 5.7 sens10 -0.26 sens50 1.38 sat None dead 0.03 frozen 0.57 nbin 300 fat 18.107 | 36.0s
ex16|tri1.0|0|0.5|dep|100|0.1|51: static 0.446 sstatic 0.568 c1 0.962 c50 0.451 fac1 0.928 fac50 -0.022 lock 0.00 move 0.279 period None osc -0.120@13 pr 14.6 sens10 0.48 sens50 2.33 sat None dead 0.03 frozen 0.09 nbin 300 fat 0.422 | 66.8s
ex16|tri1.0|0|0.9|div|3|0.5|50: static 0.813 sstatic 0.892 c1 0.999 c50 0.811 fac1 0.989 fac50 -0.007 lock 0.00 move 0.0526 period None osc -0.007@50 pr 5.3 sens10 0.06 sens50 1.52 sat None dead 0.04 frozen 0.59 nbin 300 fat 18.054 | 41.6s
ex16|tri1.0|0|0.5|dep|300|0.5|51: static 0.374 sstatic 0.518 c1 0.966 c50 0.369 fac1 0.943 fac50 -0.036 lock 0.00 move 0.5 period None osc -0.080@15 pr 13.9 sens10 0.49 sens50 2.14 sat None dead 0.03 frozen 0.99 nbin 300 fat 0.371 | 45.4s
ex16|tri1.0|0|0.5|dep|100|0.5|51: static 0.437 sstatic 0.563 c1 0.957 c50 0.435 fac1 0.920 fac50 -0.016 lock 0.00 move 0.405 period None osc -0.126@12 pr 15.2 sens10 0.41 sens50 2.43 sat None dead 0.03 frozen 0.92 nbin 300 fat 0.427 | 63.7s
ex16|tri1.0|0|0.5|dep|300|0.1|50: static 0.399 sstatic 0.533 c1 0.959 c50 0.393 fac1 0.934 fac50 -0.030 lock 0.00 move 0.412 period None osc -0.069@15 pr 14.8 sens10 0.44 sens50 2.04 sat None dead 0.04 frozen 0.42 nbin 300 fat 0.379 | 70.8s
ex16|tri1.0|0|0.5|dep|300|0.1|51: static 0.380 sstatic 0.527 c1 0.966 c50 0.386 fac1 0.942 fac50 -0.022 lock 0.00 move 0.314 period None osc -0.080@22 pr 14.3 sens10 0.44 sens50 2.28 sat None dead 0.03 frozen 0.45 nbin 300 fat 0.383 | 67.5s
ex16|tri1.0|0|0.9|div|3|2.0|51: static 0.799 sstatic 0.883 c1 0.998 c50 0.791 fac1 0.989 fac50 -0.053 lock 0.00 move 0.0588 period None osc -0.053@50 pr 5.6 sens10 -0.18 sens50 1.19 sat None dead 0.03 frozen 0.44 nbin 300 fat 18.095 | 48.7s
ex16|tri1.0|0|0.9|div|3|2.0|50: static 0.821 sstatic 0.896 c1 0.999 c50 0.797 fac1 0.988 fac50 -0.084 lock 0.00 move 0.0623 period None osc -0.084@50 pr 5.5 sens10 0.00 sens50 1.57 sat None dead 0.04 frozen 0.44 nbin 300 fat 18.178 | 52.6s
ex16|tri1.0|0|0.9|div|10|0.5|50: static 0.679 sstatic 0.778 c1 0.997 c50 0.640 fac1 0.988 fac50 -0.101 lock 0.00 move 0.0747 period None osc -0.200@29 pr 7.8 sens10 -0.09 sens50 0.99 sat None dead 0.04 frozen 0.44 nbin 300 fat 18.647 | 50.8s
ex16|tri1.0|0|0.9|div|10|0.5|51: static 0.673 sstatic 0.773 c1 0.997 c50 0.638 fac1 0.989 fac50 -0.103 lock 0.00 move 0.073 period None osc -0.183@33 pr 7.9 sens10 -0.40 sens50 0.17 sat None dead 0.03 frozen 0.43 nbin 300 fat 18.805 | 47.8s
ex16|tri1.0|0|0.5|dep|300|0.5|50: static 0.403 sstatic 0.537 c1 0.957 c50 0.402 fac1 0.929 fac50 -0.022 lock 0.00 move 0.547 period None osc -0.066@16 pr 15.0 sens10 0.43 sens50 2.12 sat None dead 0.04 frozen 0.96 nbin 300 fat 0.375 | 69.4s
ex16|tri1.0|0|0.9|div|10|2.0|51: static 0.668 sstatic 0.766 c1 0.997 c50 0.627 fac1 0.989 fac50 -0.101 lock 0.00 move 0.0745 period None osc -0.163@32 pr 7.7 sens10 -0.35 sens50 0.39 sat None dead 0.03 frozen 0.33 nbin 300 fat 18.545 | 53.8s
ex16|tri1.0|0|0.9|div|10|2.0|50: static 0.681 sstatic 0.777 c1 0.997 c50 0.638 fac1 0.989 fac50 -0.103 lock 0.00 move 0.0767 period None osc -0.171@34 pr 7.7 sens10 0.01 sens50 1.32 sat None dead 0.04 frozen 0.33 nbin 300 fat 18.713 | 64.5s
ex16|tri1.0|0|0.9|div|100|0.5|50: static 0.460 sstatic 0.592 c1 0.999 c50 0.378 fac1 0.995 fac50 -0.138 lock 0.00 move 0.0422 period None osc -0.138@50 pr 5.5 sens10 -0.17 sens50 0.17 sat None dead 0.04 frozen 0.23 nbin 300 fat 21.348 | 54.5s
ex16|tri1.0|0|0.9|div|30|0.5|51: static 0.525 sstatic 0.651 c1 0.998 c50 0.375 fac1 0.993 fac50 -0.265 lock 0.00 move 0.058 period None osc -0.268@47 pr 6.8 sens10 -0.58 sens50 -0.16 sat None dead 0.03 frozen 0.29 nbin 300 fat 20.285 | 60.6s
ex16|tri1.0|0|0.9|div|30|2.0|50: static 0.529 sstatic 0.655 c1 0.998 c50 0.404 fac1 0.993 fac50 -0.221 lock 0.00 move 0.0619 period None osc -0.241@44 pr 7.1 sens10 -0.13 sens50 0.55 sat None dead 0.04 frozen 0.30 nbin 300 fat 20.216 | 58.1s
ex16|tri1.0|0|0.9|div|100|0.5|51: static 0.459 sstatic 0.591 c1 0.999 c50 0.376 fac1 0.995 fac50 -0.142 lock 0.00 move 0.0422 period None osc -0.142@50 pr 5.5 sens10 -0.70 sens50 -0.49 sat None dead 0.03 frozen 0.23 nbin 300 fat 21.656 | 55.2s
ex16|tri1.0|0|0.9|div|30|0.5|50: static 0.524 sstatic 0.652 c1 0.998 c50 0.392 fac1 0.993 fac50 -0.236 lock 0.00 move 0.06 period None osc -0.243@47 pr 7.0 sens10 -0.17 sens50 0.29 sat None dead 0.04 frozen 0.28 nbin 300 fat 19.990 | 68.9s
ex16|tri1.0|0|0.9|div|100|2.0|50: static 0.454 sstatic 0.593 c1 0.999 c50 0.354 fac1 0.995 fac50 -0.166 lock 0.00 move 0.0447 period None osc -0.166@50 pr 5.7 sens10 -0.14 sens50 0.28 sat None dead 0.04 frozen 0.30 nbin 300 fat 21.849 | 68.1s
ex16|tri1.0|0|0.9|div|300|2.0|50: static 0.449 sstatic 0.583 c1 0.999 c50 0.469 fac1 0.995 fac50 0.023 lock 0.00 move 0.0343 period None osc 0.023@50 pr 4.2 sens10 -0.19 sens50 0.20 sat None dead 0.04 frozen 0.33 nbin 300 fat 22.674 | 56.6s
ex16|tri1.0|0|0.9|div|30|2.0|51: static 0.524 sstatic 0.649 c1 0.998 c50 0.398 fac1 0.993 fac50 -0.211 lock 0.00 move 0.0597 period None osc -0.221@44 pr 7.1 sens10 -0.62 sens50 -0.21 sat None dead 0.03 frozen 0.31 nbin 300 fat 20.438 | 72.2s
ex16|tri1.0|0|0.9|div|300|0.5|51: static 0.454 sstatic 0.586 c1 0.999 c50 0.422 fac1 0.995 fac50 -0.040 lock 0.00 move 0.0341 period None osc -0.040@50 pr 4.5 sens10 -0.75 sens50 -0.62 sat None dead 0.03 frozen 0.24 nbin 300 fat 23.207 | 64.4s
ex16|tri1.0|0|0.9|div|300|0.5|50: static 0.441 sstatic 0.579 c1 0.999 c50 0.436 fac1 0.995 fac50 -0.030 lock 0.00 move 0.034 period None osc -0.030@50 pr 4.5 sens10 -0.21 sens50 0.14 sat None dead 0.04 frozen 0.24 nbin 300 fat 22.722 | 66.2s
ex16|tri1.0|0|0.9|div|100|2.0|51: static 0.456 sstatic 0.593 c1 0.999 c50 0.370 fac1 0.995 fac50 -0.150 lock 0.00 move 0.0422 period None osc -0.150@50 pr 5.5 sens10 -0.70 sens50 -0.48 sat None dead 0.03 frozen 0.32 nbin 300 fat 21.618 | 69.1s
ex16|tri1.0|0|0.9|div|300|2.0|51: static 0.446 sstatic 0.586 c1 0.999 c50 0.444 fac1 0.995 fac50 -0.035 lock 0.00 move 0.0337 period None osc -0.035@50 pr 4.4 sens10 -0.76 sens50 -0.72 sat None dead 0.03 frozen 0.34 nbin 300 fat 23.005 | 71.7s
ex16|tri1.0|0|0.9|dep|100|0.5|51: static 0.663 sstatic 0.719 c1 0.996 c50 0.617 fac1 0.985 fac50 -0.132 lock 0.00 move 0.0961 period None osc -0.170@36 pr 9.7 sens10 0.70 sens50 2.34 sat None dead 0.03 frozen 0.32 nbin 300 fat 0.350 | 74.5s
ex16|tri1.0|0|0.9|dep|100|0.5|50: static 0.722 sstatic 0.776 c1 0.997 c50 0.680 fac1 0.986 fac50 -0.130 lock 0.00 move 0.0965 period None osc -0.160@38 pr 9.5 sens10 0.86 sens50 2.69 sat None dead 0.04 frozen 0.37 nbin 300 fat 0.380 | 76.6s
ex16|tri1.0|0|0.9|dep|300|0.1|50: static 0.600 sstatic 0.600 c1 1.000 c50 0.996 fac1 0.987 fac50 0.433 lock 0.12 move 0.0103 period None osc 0.433@50 pr 1.0 sens10 0.45 sens50 0.72 sat None dead 0.04 frozen 0.89 nbin 289 fat 0.466 | 72.1s
ex16|kwta4|1|0.0|none|0|0.0|50: static 0.196 sstatic 0.195 c1 0.197 c50 0.184 fac1 -0.002 fac50 -0.007 lock 0.00 move 1.27 period None osc -0.009@48 pr 19.4 sens10 -1.62 sens50 -2.89 sat None dead 0.04 frozen 0.04 nbin 300 fat None | 58.1s
ex16|tri1.0|0|0.9|dep|300|0.1|51: static 0.647 sstatic 0.646 c1 1.000 c50 0.999 fac1 0.987 fac50 0.446 lock 1.00 move 0.00908 period None osc 0.446@50 pr 1.0 sens10 0.21 sens50 0.11 sat None dead 0.03 frozen 0.95 nbin 235 fat 0.485 | 67.8s
ex16|kwta4|1|0.0|sub|3|0.5|50: static 0.053 sstatic 0.138 c1 -0.088 c50 0.046 fac1 -0.149 fac50 -0.004 lock 0.00 move 1.48 period None osc -0.149@1 pr 21.1 sens10 -1.44 sens50 -2.82 sat None dead 0.04 frozen 0.04 nbin 300 fat 0.272 | 58.8s
ex16|kwta4|1|0.0|none|0|0.0|51: static 0.200 sstatic 0.200 c1 0.192 c50 0.188 fac1 -0.005 fac50 -0.004 lock 0.00 move 1.27 period None osc -0.010@5 pr 19.1 sens10 -1.57 sens50 -2.93 sat None dead 0.03 frozen 0.03 nbin 300 fat None | 59.2s
ex16|tri1.0|0|0.9|dep|300|0.5|50: static 0.500 sstatic 0.617 c1 0.996 c50 0.429 fac1 0.989 fac50 -0.138 lock 0.00 move 0.111 period None osc -0.148@41 pr 8.7 sens10 0.90 sens50 2.00 sat None dead 0.04 frozen 0.59 nbin 300 fat 0.253 | 68.5s
ex16|kwta4|1|0.0|sub|3|1.0|50: static 0.000 sstatic 0.118 c1 -0.197 c50 -0.001 fac1 -0.200 fac50 -0.001 lock 0.00 move 1.55 period None osc -0.200@1 pr 21.7 sens10 -1.29 sens50 -2.79 sat None dead 0.04 frozen 0.04 nbin 300 fat 0.523 | 58.9s
ex16|kwta4|1|0.0|sub|3|1.0|51: static 0.000 sstatic 0.118 c1 -0.197 c50 -0.001 fac1 -0.201 fac50 -0.002 lock 0.00 move 1.55 period None osc -0.201@1 pr 21.5 sens10 -1.27 sens50 -2.79 sat None dead 0.03 frozen 0.03 nbin 300 fat 0.518 | 58.7s
ex16|tri1.0|0|0.9|dep|300|0.5|51: static 0.459 sstatic 0.582 c1 0.996 c50 0.396 fac1 0.989 fac50 -0.133 lock 0.00 move 0.107 period None osc -0.142@44 pr 8.7 sens10 0.66 sens50 1.78 sat None dead 0.03 frozen 0.57 nbin 300 fat 0.220 | 76.5s
ex16|kwta4|1|0.0|sub|3|0.5|51: static 0.052 sstatic 0.138 c1 -0.087 c50 0.048 fac1 -0.149 fac50 -0.002 lock 0.00 move 1.48 period None osc -0.149@1 pr 20.8 sens10 -1.49 sens50 -2.82 sat None dead 0.03 frozen 0.03 nbin 300 fat 0.267 | 63.2s
ex16|kwta4|1|0.0|sub|10|1.0|50: static 0.000 sstatic 0.118 c1 -0.058 c50 0.001 fac1 -0.060 fac50 0.000 lock 0.00 move 1.46 period None osc -0.060@1 pr 21.8 sens10 -1.19 sens50 -2.67 sat None dead 0.04 frozen 0.04 nbin 300 fat 0.417 | 58.5s
ex16|kwta4|1|0.0|sub|10|0.5|51: static 0.040 sstatic 0.133 c1 -0.008 c50 0.035 fac1 -0.052 fac50 -0.004 lock 0.00 move 1.42 period None osc -0.052@1 pr 21.1 sens10 -1.39 sens50 -2.79 sat None dead 0.03 frozen 0.03 nbin 300 fat 0.210 | 61.9s
ex16|kwta4|1|0.0|sub|10|1.0|51: static 0.000 sstatic 0.118 c1 -0.061 c50 0.002 fac1 -0.061 fac50 0.002 lock 0.00 move 1.46 period None osc -0.061@1 pr 21.7 sens10 -1.20 sens50 4.15 sat None dead 0.03 frozen 0.03 nbin 300 fat 0.401 | 53.2s
ex16|kwta4|1|0.0|sub|10|0.5|50: static 0.040 sstatic 0.133 c1 -0.009 c50 0.038 fac1 -0.053 fac50 -0.001 lock 0.00 move 1.42 period None osc -0.053@1 pr 21.3 sens10 -1.37 sens50 -2.78 sat None dead 0.04 frozen 0.04 nbin 300 fat 0.211 | 66.9s
ex16|kwta4|1|0.0|sub|30|0.5|51: static 0.038 sstatic 0.132 c1 0.019 c50 0.029 fac1 -0.020 fac50 -0.007 lock 0.00 move 1.4 period None osc -0.020@1 pr 20.6 sens10 -1.50 sens50 -2.38 sat None dead 0.03 frozen 0.03 nbin 300 fat 0.191 | 55.1s
ex16|kwta4|1|0.0|sub|30|0.5|50: static 0.038 sstatic 0.132 c1 0.020 c50 0.032 fac1 -0.018 fac50 -0.005 lock 0.00 move 1.4 period None osc -0.025@2 pr 20.6 sens10 -1.48 sens50 -2.38 sat None dead 0.04 frozen 0.04 nbin 300 fat 0.193 | 60.1s
ex16|kwta4|1|0.0|sub|30|1.0|51: static 0.000 sstatic 0.118 c1 -0.020 c50 -0.002 fac1 -0.020 fac50 -0.002 lock 0.00 move 1.43 period None osc -0.022@4 pr 21.0 sens10 4.06 sens50 4.15 sat None dead 0.03 frozen 0.03 nbin 300 fat 0.359 | 50.6s
ex16|kwta4|1|0.0|sub|30|1.0|50: static 0.000 sstatic 0.118 c1 -0.020 c50 -0.003 fac1 -0.022 fac50 -0.004 lock 0.00 move 1.43 period None osc -0.028@2 pr 21.1 sens10 -1.27 sens50 -2.05 sat None dead 0.04 frozen 0.04 nbin 300 fat 0.367 | 61.5s
ex16|kwta4|1|0.0|sub|100|0.5|51: static 0.038 sstatic 0.132 c1 0.032 c50 0.036 fac1 -0.007 fac50 -0.002 lock 0.03 move 1.39 period None osc -0.009@17 pr 20.6 sens10 -1.44 sens50 -2.37 sat None dead 0.00 frozen 0.03 nbin 300 fat 0.182 | 54.0s
ex16|kwta4|1|0.0|sub|100|1.0|50: static 0.001 sstatic 0.119 c1 -0.008 c50 0.001 fac1 -0.009 fac50 0.001 lock 0.03 move 1.42 period None osc -0.010@3 pr 21.2 sens10 4.12 sens50 4.14 sat None dead 0.00 frozen 0.04 nbin 300 fat 0.357 | 55.5s
ex16|kwta4|1|0.0|sub|100|0.5|50: static 0.038 sstatic 0.132 c1 0.033 c50 0.036 fac1 -0.004 fac50 0.001 lock 0.04 move 1.39 period None osc -0.010@14 pr 20.7 sens10 -1.56 sens50 -2.37 sat None dead 0.00 frozen 0.04 nbin 300 fat 0.188 | 60.4s
ex16|kwta4|1|0.0|div|3|0.5|50: static 0.174 sstatic 0.183 c1 0.127 c50 0.169 fac1 -0.058 fac50 -0.002 lock 0.00 move 1.32 period None osc -0.058@1 pr 20.4 sens10 -1.86 sens50 -2.91 sat None dead 0.04 frozen 0.04 nbin 300 fat 0.381 | 47.0s
ex16|kwta4|1|0.0|sub|300|0.5|51: static 0.042 sstatic 0.134 c1 0.034 c50 0.040 fac1 -0.009 fac50 -0.002 lock 0.03 move 1.39 period None osc -0.009@1 pr 20.5 sens10 -1.41 sens50 -2.61 sat None dead 0.00 frozen 0.03 nbin 300 fat 0.180 | 55.6s
ex16|kwta4|1|0.0|div|3|0.5|51: static 0.176 sstatic 0.186 c1 0.129 c50 0.171 fac1 -0.055 fac50 -0.002 lock 0.00 move 1.32 period None osc -0.055@1 pr 20.0 sens10 -1.84 sens50 -2.92 sat None dead 0.03 frozen 0.03 nbin 300 fat 0.375 | 49.6s
ex16|kwta4|1|0.0|sub|100|1.0|51: static 0.001 sstatic 0.118 c1 -0.005 c50 -0.001 fac1 -0.006 fac50 -0.001 lock 0.02 move 1.42 period None osc -0.010@6 pr 21.1 sens10 -1.45 sens50 -2.11 sat None dead 0.00 frozen 0.03 nbin 300 fat 0.347 | 67.7s
ex16|kwta4|1|0.0|sub|300|0.5|50: static 0.043 sstatic 0.134 c1 0.038 c50 0.041 fac1 -0.004 fac50 -0.002 lock 0.04 move 1.39 period None osc -0.008@2 pr 20.6 sens10 -1.57 sens50 -2.63 sat None dead 0.00 frozen 0.04 nbin 300 fat 0.177 | 64.0s
ex16|kwta4|1|0.0|sub|300|1.0|50: static 0.003 sstatic 0.119 c1 0.000 c50 0.000 fac1 -0.003 fac50 -0.002 lock 0.04 move 1.42 period None osc -0.010@6 pr 21.1 sens10 -1.39 sens50 -2.34 sat None dead 0.00 frozen 0.04 nbin 300 fat 0.334 | 66.3s
ex16|kwta4|1|0.0|sub|300|1.0|51: static 0.003 sstatic 0.119 c1 -0.001 c50 0.001 fac1 -0.004 fac50 -0.003 lock 0.03 move 1.41 period None osc -0.008@5 pr 21.0 sens10 -1.48 sens50 -2.38 sat None dead 0.00 frozen 0.03 nbin 300 fat 0.335 | 64.8s
ex16|kwta4|1|0.0|div|3|2.0|51: static 0.164 sstatic 0.176 c1 0.099 c50 0.158 fac1 -0.076 fac50 -0.002 lock 0.00 move 1.34 period None osc -0.076@1 pr 20.2 sens10 -1.75 sens50 -2.95 sat None dead 0.03 frozen 0.22 nbin 300 fat 1.021 | 60.3s
ex16|kwta4|1|0.0|div|3|2.0|50: static 0.163 sstatic 0.174 c1 0.100 c50 0.160 fac1 -0.076 fac50 0.001 lock 0.00 move 1.34 period None osc -0.076@1 pr 20.6 sens10 -1.81 sens50 -2.96 sat None dead 0.04 frozen 0.18 nbin 300 fat 1.053 | 63.9s
ex16|kwta4|1|0.0|div|10|0.5|50: static 0.168 sstatic 0.175 c1 0.148 c50 0.161 fac1 -0.019 fac50 -0.001 lock 0.00 move 1.3 period None osc -0.023@2 pr 20.3 sens10 -1.57 sens50 -2.85 sat None dead 0.04 frozen 0.04 nbin 300 fat 0.381 | 59.3s
ex16|kwta4|1|0.0|div|10|2.0|50: static 0.149 sstatic 0.164 c1 0.120 c50 0.147 fac1 -0.034 fac50 -0.004 lock 0.00 move 1.33 period None osc -0.034@1 pr 20.6 sens10 -1.38 sens50 -2.78 sat None dead 0.04 frozen 0.08 nbin 300 fat 1.217 | 51.6s
ex16|kwta4|1|0.0|div|10|0.5|51: static 0.166 sstatic 0.177 c1 0.144 c50 0.158 fac1 -0.023 fac50 -0.003 lock 0.00 move 1.31 period None osc -0.023@1 pr 20.0 sens10 -1.52 sens50 -2.84 sat None dead 0.03 frozen 0.03 nbin 300 fat 0.379 | 58.3s
ex16|kwta4|1|0.0|div|30|0.5|50: static 0.165 sstatic 0.174 c1 0.154 c50 0.162 fac1 -0.012 fac50 -0.001 lock 0.00 move 1.3 period None osc -0.012@3 pr 20.4 sens10 -1.60 sens50 -2.47 sat None dead 0.04 frozen 0.04 nbin 300 fat 0.383 | 54.8s
ex16|kwta4|1|0.0|div|30|2.0|50: static 0.148 sstatic 0.160 c1 0.137 c50 0.139 fac1 -0.011 fac50 -0.005 lock 0.00 move 1.31 period None osc -0.015@8 pr 20.6 sens10 -1.55 sens50 -2.20 sat None dead 0.04 frozen 0.07 nbin 300 fat 1.267 | 52.9s
ex16|kwta4|1|0.0|div|10|2.0|51: static 0.152 sstatic 0.166 c1 0.123 c50 0.147 fac1 -0.033 fac50 -0.003 lock 0.00 move 1.32 period None osc -0.033@1 pr 20.2 sens10 -1.34 sens50 4.12 sat None dead 0.03 frozen 0.09 nbin 300 fat 1.172 | 59.0s
ex16|kwta4|1|0.0|div|30|0.5|51: static 0.163 sstatic 0.174 c1 0.153 c50 0.159 fac1 -0.010 fac50 -0.002 lock 0.00 move 1.3 period None osc -0.012@7 pr 20.0 sens10 2.06 sens50 4.10 sat None dead 0.03 frozen 0.03 nbin 300 fat 0.383 | 59.6s
ex16|kwta4|1|0.0|div|100|2.0|50: static 0.143 sstatic 0.159 c1 0.134 c50 0.140 fac1 -0.007 fac50 0.000 lock 0.00 move 1.31 period None osc -0.011@19 pr 20.6 sens10 -1.78 sens50 -2.23 sat None dead 0.04 frozen 0.06 nbin 300 fat 1.284 | 43.5s
ex16|kwta4|1|0.0|div|300|0.5|50: static 0.164 sstatic 0.174 c1 0.157 c50 0.159 fac1 -0.004 fac50 -0.000 lock 0.00 move 1.3 period None osc -0.010@18 pr 20.3 sens10 -1.68 sens50 -2.66 sat None dead 0.04 frozen 0.04 nbin 300 fat 0.371 | 43.9s
ex16|kwta4|1|0.0|div|30|2.0|51: static 0.143 sstatic 0.162 c1 0.134 c50 0.139 fac1 -0.009 fac50 -0.005 lock 0.00 move 1.31 period None osc -0.014@6 pr 20.3 sens10 -1.51 sens50 -2.18 sat None dead 0.03 frozen 0.07 nbin 300 fat 1.235 | 58.4s
ex16|kwta4|1|0.0|div|100|0.5|50: static 0.162 sstatic 0.173 c1 0.157 c50 0.157 fac1 -0.007 fac50 -0.005 lock 0.00 move 1.3 period None osc -0.011@6 pr 20.3 sens10 -1.61 sens50 -2.46 sat None dead 0.04 frozen 0.04 nbin 300 fat 0.384 | 61.9s
ex16|kwta4|1|0.0|div|100|0.5|51: static 0.162 sstatic 0.175 c1 0.162 c50 0.162 fac1 -0.004 fac50 0.000 lock 0.00 move 1.3 period None osc -0.009@21 pr 20.0 sens10 -1.55 sens50 -2.46 sat None dead 0.03 frozen 0.03 nbin 300 fat 0.384 | 60.7s
ex16|kwta4|1|0.0|div|100|2.0|51: static 0.143 sstatic 0.162 c1 0.137 c50 0.141 fac1 -0.010 fac50 -0.003 lock 0.00 move 1.31 period None osc -0.010@1 pr 20.2 sens10 3.91 sens50 4.12 sat None dead 0.03 frozen 0.06 nbin 300 fat 1.245 | 58.4s
ex16|kwta4|1|0.0|div|300|0.5|51: static 0.164 sstatic 0.175 c1 0.161 c50 0.164 fac1 -0.002 fac50 -0.002 lock 0.00 move 1.3 period None osc -0.008@4 pr 20.0 sens10 -1.61 sens50 -2.69 sat None dead 0.03 frozen 0.03 nbin 300 fat 0.371 | 58.1s
ex16|kwta4|1|0.0|div|300|2.0|50: static 0.144 sstatic 0.160 c1 0.137 c50 0.143 fac1 -0.010 fac50 -0.001 lock 0.00 move 1.31 period None osc -0.010@1 pr 20.6 sens10 4.04 sens50 4.09 sat None dead 0.04 frozen 0.06 nbin 300 fat 1.284 | 57.8s
ex16|kwta4|1|0.0|div|300|2.0|51: static 0.144 sstatic 0.162 c1 0.137 c50 0.139 fac1 -0.009 fac50 -0.006 lock 0.00 move 1.31 period None osc -0.009@1 pr 20.1 sens10 -1.65 sens50 -2.41 sat None dead 0.03 frozen 0.07 nbin 300 fat 1.246 | 57.0s
ex16|kwta4|1|0.0|dep|3|0.1|50: static 0.188 sstatic 0.191 c1 0.165 c50 0.182 fac1 -0.025 fac50 0.000 lock 0.00 move 1.29 period None osc -0.025@1 pr 19.8 sens10 -1.65 sens50 -2.91 sat None dead 0.04 frozen 0.04 nbin 300 fat 0.966 | 57.0s
ex16|kwta4|1|0.0|dep|3|0.1|51: static 0.192 sstatic 0.197 c1 0.170 c50 0.186 fac1 -0.025 fac50 -0.002 lock 0.00 move 1.29 period None osc -0.025@1 pr 19.3 sens10 -1.64 sens50 -2.87 sat None dead 0.03 frozen 0.03 nbin 300 fat 0.966 | 55.0s
ex16|kwta4|1|0.0|dep|3|0.5|50: static 0.188 sstatic 0.189 c1 0.155 c50 0.178 fac1 -0.041 fac50 -0.004 lock 0.00 move 1.3 period None osc -0.041@1 pr 19.9 sens10 -1.81 sens50 -2.93 sat None dead 0.04 frozen 0.04 nbin 300 fat 0.862 | 57.6s
ex16|kwta4|1|0.0|dep|3|0.5|51: static 0.187 sstatic 0.193 c1 0.152 c50 0.184 fac1 -0.044 fac50 0.000 lock 0.00 move 1.3 period None osc -0.044@1 pr 19.5 sens10 3.76 sens50 4.11 sat None dead 0.03 frozen 0.03 nbin 300 fat 0.864 | 53.2s
ex16|kwta4|1|0.0|dep|10|0.1|51: static 0.171 sstatic 0.186 c1 0.154 c50 0.170 fac1 -0.020 fac50 -0.002 lock 0.00 move 1.3 period None osc -0.021@2 pr 20.2 sens10 -1.52 sens50 -2.84 sat None dead 0.03 frozen 0.03 nbin 300 fat 0.899 | 57.5s
ex16|kwta4|1|0.0|dep|30|0.1|50: static 0.150 sstatic 0.175 c1 0.134 c50 0.147 fac1 -0.018 fac50 -0.002 lock 0.00 move 1.32 period None osc -0.018@1 pr 21.4 sens10 3.87 sens50 4.10 sat None dead 0.04 frozen 0.04 nbin 300 fat 0.760 | 47.8s
ex16|kwta4|1|0.0|dep|10|0.1|50: static 0.170 sstatic 0.184 c1 0.152 c50 0.164 fac1 -0.023 fac50 -0.004 lock 0.00 move 1.3 period None osc -0.023@2 pr 20.5 sens10 -1.67 sens50 -2.88 sat None dead 0.04 frozen 0.04 nbin 300 fat 0.899 | 70.9s
ex16|kwta4|1|0.0|dep|30|0.1|51: static 0.145 sstatic 0.172 c1 0.130 c50 0.139 fac1 -0.021 fac50 -0.004 lock 0.00 move 1.32 period None osc -0.021@1 pr 21.1 sens10 -1.56 sens50 -2.64 sat None dead 0.03 frozen 0.03 nbin 300 fat 0.760 | 57.2s
ex16|kwta4|1|0.0|dep|10|0.5|51: static 0.147 sstatic 0.173 c1 0.103 c50 0.147 fac1 -0.052 fac50 0.004 lock 0.00 move 1.34 period None osc -0.052@1 pr 20.8 sens10 -1.52 sens50 -2.98 sat None dead 0.03 frozen 0.05 nbin 300 fat 0.718 | 67.6s
ex16|kwta4|1|0.0|dep|10|0.5|50: static 0.150 sstatic 0.172 c1 0.103 c50 0.149 fac1 -0.050 fac50 -0.000 lock 0.00 move 1.33 period None osc -0.050@1 pr 21.0 sens10 -1.59 sens50 -2.96 sat None dead 0.04 frozen 0.04 nbin 300 fat 0.706 | 69.9s
ex16|kwta4|1|0.0|dep|100|0.1|51: static 0.118 sstatic 0.160 c1 0.115 c50 0.118 fac1 -0.012 fac50 -0.003 lock 0.00 move 1.33 period None osc -0.016@3 pr 21.2 sens10 4.07 sens50 4.11 sat None dead 0.03 frozen 0.03 nbin 300 fat 0.543 | 45.9s
ex16|kwta4|1|0.0|dep|30|0.5|51: static 0.127 sstatic 0.164 c1 0.107 c50 0.128 fac1 -0.029 fac50 -0.001 lock 0.00 move 1.33 period None osc -0.029@1 pr 21.5 sens10 3.84 sens50 4.11 sat None dead 0.03 frozen 0.21 nbin 300 fat 0.619 | 53.9s
ex16|kwta4|1|0.0|dep|100|0.1|50: static 0.118 sstatic 0.159 c1 0.113 c50 0.118 fac1 -0.010 fac50 -0.003 lock 0.00 move 1.33 period None osc -0.013@3 pr 21.5 sens10 -1.50 sens50 -2.14 sat None dead 0.04 frozen 0.04 nbin 300 fat 0.534 | 54.9s
ex16|kwta4|1|0.0|dep|30|0.5|50: static 0.128 sstatic 0.164 c1 0.103 c50 0.127 fac1 -0.030 fac50 -0.001 lock 0.00 move 1.29 period None osc -0.030@3 pr 21.5 sens10 -1.40 sens50 -2.41 sat None dead 0.04 frozen 0.16 nbin 300 fat 0.602 | 59.8s
ex16|kwta4|1|0.0|dep|100|0.5|50: static 0.114 sstatic 0.157 c1 0.106 c50 0.114 fac1 -0.014 fac50 -0.005 lock 0.00 move 1.19 period None osc -0.014@3 pr 21.4 sens10 -1.67 sens50 -2.10 sat None dead 0.04 frozen 0.87 nbin 300 fat 0.527 | 59.4s
ex16|kwta4|1|0.0|dep|300|0.1|51: static 0.114 sstatic 0.157 c1 0.112 c50 0.116 fac1 -0.006 fac50 -0.003 lock 0.00 move 1.31 period None osc -0.009@5 pr 21.3 sens10 -1.35 sens50 -1.76 sat None dead 0.03 frozen 0.34 nbin 300 fat 0.525 | 56.1s
ex16|kwta4|1|0.0|dep|100|0.5|51: static 0.117 sstatic 0.160 c1 0.108 c50 0.115 fac1 -0.014 fac50 -0.004 lock 0.00 move 1.28 period None osc -0.014@1 pr 21.4 sens10 -1.45 sens50 -1.92 sat None dead 0.03 frozen 0.93 nbin 300 fat 0.550 | 65.0s
ex16|kwta4|1|0.0|dep|300|0.1|50: static 0.111 sstatic 0.156 c1 0.112 c50 0.114 fac1 -0.005 fac50 -0.002 lock 0.00 move 1.27 period None osc -0.009@16 pr 21.2 sens10 -1.86 sens50 -2.09 sat None dead 0.04 frozen 0.25 nbin 300 fat 0.502 | 60.6s
ex16|kwta4|1|0.0|dep|300|0.5|50: static 0.107 sstatic 0.152 c1 0.110 c50 0.117 fac1 -0.007 fac50 0.002 lock 0.00 move 1.11 period None osc -0.008@18 pr 20.7 sens10 -1.73 sens50 -1.98 sat None dead 0.04 frozen 0.96 nbin 300 fat 0.490 | 59.1s
ex16|kwta4|1|0.0|dep|300|0.5|51: static 0.115 sstatic 0.156 c1 0.113 c50 0.113 fac1 -0.009 fac50 -0.005 lock 0.00 move 1.16 period None osc -0.009@24 pr 21.3 sens10 -1.28 sens50 -1.60 sat None dead 0.03 frozen 0.99 nbin 299 fat 0.518 | 57.6s
ex16|kwta4|1|0.5|none|0|0.0|50: static 0.342 sstatic 0.266 c1 0.929 c50 0.327 fac1 0.891 fac50 -0.023 lock 0.00 move 0.375 period None osc -0.040@17 pr 13.9 sens10 -1.18 sens50 -2.96 sat None dead 0.04 frozen 0.04 nbin 300 fat None | 49.3s
ex16|kwta4|1|0.5|none|0|0.0|51: static 0.359 sstatic 0.285 c1 0.936 c50 0.339 fac1 0.899 fac50 -0.031 lock 0.00 move 0.355 period None osc -0.035@45 pr 13.4 sens10 -1.17 sens50 -2.93 sat None dead 0.03 frozen 0.04 nbin 300 fat None | 51.3s
ex16|kwta4|1|0.5|sub|3|1.0|50: static 0.000 sstatic 0.119 c1 0.475 c50 0.002 fac1 0.478 fac50 0.004 lock 0.00 move 1.02 period None osc -0.240@4 pr 20.5 sens10 -1.01 sens50 -2.71 sat None dead 0.04 frozen 0.04 nbin 300 fat 0.740 | 45.1s
ex16|kwta4|1|0.5|sub|10|0.5|50: static 0.087 sstatic 0.152 c1 0.811 c50 0.084 fac1 0.796 fac50 0.001 lock 0.00 move 0.608 period None osc -0.149@8 pr 17.7 sens10 -1.13 sens50 -2.63 sat None dead 0.04 frozen 0.04 nbin 300 fat 0.294 | 47.1s
ex16|kwta4|1|0.5|sub|3|0.5|51: static 0.166 sstatic 0.185 c1 0.726 c50 0.170 fac1 0.675 fac50 0.004 lock 0.00 move 0.734 period None osc -0.162@5 pr 17.4 sens10 -1.25 sens50 -2.78 sat None dead 0.03 frozen 0.03 nbin 300 fat 0.405 | 49.9s
ex16|kwta4|1|0.5|sub|3|0.5|50: static 0.173 sstatic 0.186 c1 0.720 c50 0.167 fac1 0.668 fac50 -0.004 lock 0.00 move 0.74 period None osc -0.166@5 pr 17.8 sens10 -1.21 sens50 -2.76 sat None dead 0.04 frozen 0.04 nbin 300 fat 0.409 | 54.8s
ex16|kwta4|1|0.5|sub|3|1.0|51: static 0.000 sstatic 0.119 c1 0.483 c50 0.000 fac1 0.486 fac50 -0.000 lock 0.00 move 1.01 period None osc -0.244@4 pr 20.2 sens10 -0.98 sens50 -2.70 sat None dead 0.03 frozen 0.03 nbin 300 fat 0.733 | 55.4s
ex16|kwta4|1|0.5|sub|10|1.0|51: static 0.000 sstatic 0.121 c1 0.764 c50 -0.001 fac1 0.767 fac50 -0.001 lock 0.00 move 0.678 period None osc -0.182@8 pr 18.6 sens10 -0.89 sens50 -2.27 sat None dead 0.03 frozen 0.03 nbin 300 fat 0.565 | 51.9s
ex16|kwta4|1|0.5|sub|10|1.0|50: static 0.000 sstatic 0.121 c1 0.759 c50 0.003 fac1 0.763 fac50 0.004 lock 0.00 move 0.685 period None osc -0.180@7 pr 18.8 sens10 -0.85 sens50 -2.17 sat None dead 0.04 frozen 0.04 nbin 300 fat 0.563 | 52.3s
ex16|kwta4|1|0.5|sub|10|0.5|51: static 0.083 sstatic 0.152 c1 0.818 c50 0.089 fac1 0.804 fac50 0.006 lock 0.00 move 0.594 period None osc -0.150@8 pr 17.3 sens10 -1.06 sens50 -2.61 sat None dead 0.03 frozen 0.03 nbin 300 fat 0.318 | 56.6s
ex16|kwta4|1|0.5|sub|30|0.5|50: static 0.069 sstatic 0.148 c1 0.860 c50 0.056 fac1 0.851 fac50 -0.011 lock 0.00 move 0.523 period None osc -0.093@12 pr 16.5 sens10 -1.14 sens50 -2.03 sat None dead 0.04 frozen 0.04 nbin 300 fat 0.264 | 43.8s
ex16|kwta4|1|0.5|sub|30|1.0|50: static 0.001 sstatic 0.122 c1 0.837 c50 -0.017 fac1 0.840 fac50 -0.017 lock 0.00 move 0.561 period None osc -0.103@12 pr 17.4 sens10 -1.05 sens50 -1.70 sat None dead 0.04 frozen 0.04 nbin 300 fat 0.505 | 53.6s
ex16|kwta4|1|0.5|sub|30|0.5|51: static 0.068 sstatic 0.147 c1 0.861 c50 0.047 fac1 0.851 fac50 -0.018 lock 0.00 move 0.522 period None osc -0.093@12 pr 16.5 sens10 -1.16 sens50 -2.02 sat None dead 0.03 frozen 0.03 nbin 300 fat 0.251 | 56.2s
ex16|kwta4|1|0.5|sub|100|0.5|50: static 0.064 sstatic 0.146 c1 0.876 c50 0.045 fac1 0.867 fac50 -0.018 lock 0.04 move 0.495 period None osc -0.043@15 pr 16.4 sens10 3.65 sens50 4.14 sat None dead 0.00 frozen 0.04 nbin 300 fat 0.219 | 52.3s
ex16|kwta4|1|0.5|sub|100|1.0|50: static 0.005 sstatic 0.125 c1 0.864 c50 -0.018 fac1 0.865 fac50 -0.020 lock 0.03 move 0.516 period None osc -0.050@22 pr 16.9 sens10 -1.09 sens50 -1.61 sat None dead 0.00 frozen 0.04 nbin 300 fat 0.449 | 50.9s
ex16|kwta4|1|0.5|sub|30|1.0|51: static 0.001 sstatic 0.122 c1 0.836 c50 -0.010 fac1 0.839 fac50 -0.012 lock 0.00 move 0.563 period None osc -0.096@11 pr 17.4 sens10 -1.10 sens50 -1.76 sat None dead 0.03 frozen 0.03 nbin 300 fat 0.473 | 58.9s
ex16|kwta4|1|0.5|sub|100|0.5|51: static 0.063 sstatic 0.146 c1 0.882 c50 0.039 fac1 0.875 fac50 -0.023 lock 0.03 move 0.479 period None osc -0.048@17 pr 16.1 sens10 -1.18 sens50 -2.05 sat None dead 0.00 frozen 0.03 nbin 300 fat 0.220 | 53.5s
ex16|kwta4|1|0.5|sub|300|0.5|50: static 0.076 sstatic 0.151 c1 0.887 c50 0.052 fac1 0.878 fac50 -0.023 lock 0.04 move 0.469 period None osc -0.029@39 pr 16.0 sens10 2.35 sens50 4.12 sat None dead 0.00 frozen 0.04 nbin 300 fat 0.227 | 43.5s
ex16|kwta4|1|0.5|sub|100|1.0|51: static 0.005 sstatic 0.124 c1 0.868 c50 -0.020 fac1 0.869 fac50 -0.020 lock 0.01 move 0.505 period None osc -0.047@17 pr 16.9 sens10 3.46 sens50 4.14 sat None dead 0.00 frozen 0.03 nbin 300 fat 0.433 | 53.6s
ex16|kwta4|1|0.5|sub|300|1.0|51: static 0.014 sstatic 0.127 c1 0.875 c50 -0.002 fac1 0.873 fac50 -0.012 lock 0.03 move 0.494 period None osc -0.028@20 pr 16.7 sens10 3.56 sens50 4.14 sat None dead 0.00 frozen 0.03 nbin 300 fat 0.411 | 44.7s
ex16|kwta4|1|0.5|div|3|0.5|50: static 0.353 sstatic 0.257 c1 0.847 c50 0.346 fac1 0.765 fac50 -0.010 lock 0.00 move 0.55 period None osc -0.065@8 pr 16.3 sens10 -1.52 sens50 -2.98 sat None dead 0.04 frozen 0.05 nbin 300 fat 0.381 | 41.7s
ex16|kwta4|1|0.5|div|3|0.5|51: static 0.355 sstatic 0.259 c1 0.853 c50 0.354 fac1 0.771 fac50 -0.008 lock 0.00 move 0.54 period None osc -0.058@8 pr 16.1 sens10 -1.68 sens50 -2.98 sat None dead 0.03 frozen 0.05 nbin 300 fat 0.384 | 41.0s
ex16|kwta4|1|0.5|sub|300|0.5|51: static 0.075 sstatic 0.151 c1 0.889 c50 0.053 fac1 0.880 fac50 -0.021 lock 0.03 move 0.466 period None osc -0.033@32 pr 15.9 sens10 -1.04 sens50 -2.29 sat None dead 0.00 frozen 0.03 nbin 300 fat 0.227 | 59.1s
ex16|kwta4|1|0.5|sub|300|1.0|50: static 0.014 sstatic 0.128 c1 0.869 c50 -0.016 fac1 0.868 fac50 -0.024 lock 0.04 move 0.503 period None osc -0.029@27 pr 16.8 sens10 -0.52 sens50 -1.73 sat None dead 0.00 frozen 0.04 nbin 300 fat 0.403 | 63.1s
ex16|kwta4|1|0.5|div|10|0.5|51: static 0.288 sstatic 0.225 c1 0.881 c50 0.272 fac1 0.832 fac50 -0.020 lock 0.00 move 0.485 period None osc -0.096@10 pr 15.8 sens10 -1.38 sens50 -2.85 sat None dead 0.03 frozen 0.05 nbin 300 fat 0.389 | 33.6s
ex16|kwta4|1|0.5|div|10|2.0|50: static 0.243 sstatic 0.187 c1 0.828 c50 0.241 fac1 0.775 fac50 -0.008 lock 0.00 move 0.583 period None osc -0.106@9 pr 17.6 sens10 -1.11 sens50 -2.66 sat None dead 0.04 frozen 0.11 nbin 300 fat 1.490 | 33.6s
ex16|kwta4|1|0.5|div|10|2.0|51: static 0.248 sstatic 0.191 c1 0.834 c50 0.232 fac1 0.782 fac50 -0.012 lock 0.00 move 0.571 period None osc -0.106@9 pr 17.1 sens10 -1.30 sens50 4.08 sat None dead 0.03 frozen 0.11 nbin 300 fat 1.485 | 37.2s
ex16|kwta4|1|0.5|div|3|2.0|51: static 0.320 sstatic 0.213 c1 0.742 c50 0.316 fac1 0.623 fac50 -0.003 lock 0.00 move 0.715 period None osc -0.109@6 pr 17.9 sens10 3.90 sens50 4.08 sat None dead 0.03 frozen 0.22 nbin 300 fat 1.396 | 62.1s
ex16|kwta4|1|0.5|div|3|2.0|50: static 0.318 sstatic 0.209 c1 0.730 c50 0.310 fac1 0.610 fac50 -0.007 lock 0.00 move 0.731 period None osc -0.101@6 pr 18.4 sens10 -1.39 sens50 -2.99 sat None dead 0.04 frozen 0.19 nbin 300 fat 1.407 | 64.8s
ex16|kwta4|1|0.5|div|30|2.0|51: static 0.217 sstatic 0.183 c1 0.881 c50 0.201 fac1 0.850 fac50 -0.017 lock 0.00 move 0.482 period None osc -0.080@11 pr 16.4 sens10 -1.39 sens50 -2.05 sat None dead 0.03 frozen 0.10 nbin 300 fat 1.508 | 35.0s
ex16|kwta4|1|0.5|div|10|0.5|50: static 0.283 sstatic 0.221 c1 0.875 c50 0.276 fac1 0.826 fac50 -0.006 lock 0.00 move 0.498 period None osc -0.090@9 pr 16.3 sens10 -1.22 sens50 -2.83 sat None dead 0.04 frozen 0.05 nbin 300 fat 0.391 | 61.2s
ex16|kwta4|1|0.5|div|100|0.5|50: static 0.253 sstatic 0.206 c1 0.911 c50 0.228 fac1 0.882 fac50 -0.015 lock 0.00 move 0.42 period None osc -0.038@31 pr 15.4 sens10 -1.19 sens50 -2.28 sat None dead 0.04 frozen 0.04 nbin 300 fat 0.387 | 35.6s
ex16|kwta4|1|0.5|div|100|2.0|50: static 0.211 sstatic 0.179 c1 0.896 c50 0.184 fac1 0.871 fac50 -0.030 lock 0.00 move 0.454 period None osc -0.041@18 pr 16.3 sens10 -1.37 sens50 -2.09 sat None dead 0.04 frozen 0.09 nbin 300 fat 1.526 | 35.5s
ex16|kwta4|1|0.5|div|100|0.5|51: static 0.253 sstatic 0.211 c1 0.913 c50 0.232 fac1 0.882 fac50 -0.025 lock 0.00 move 0.413 period None osc -0.041@31 pr 15.2 sens10 -1.30 sens50 -2.33 sat None dead 0.03 frozen 0.04 nbin 300 fat 0.390 | 38.8s
ex16|kwta4|1|0.5|div|100|2.0|51: static 0.209 sstatic 0.183 c1 0.902 c50 0.185 fac1 0.876 fac50 -0.029 lock 0.00 move 0.438 period None osc -0.043@22 pr 16.0 sens10 -1.45 sens50 -2.11 sat None dead 0.03 frozen 0.10 nbin 300 fat 1.521 | 39.3s
ex16|kwta4|1|0.5|div|30|0.5|51: static 0.266 sstatic 0.215 c1 0.902 c50 0.261 fac1 0.867 fac50 -0.009 lock 0.00 move 0.439 period None osc -0.060@13 pr 15.5 sens10 -1.37 sens50 -2.32 sat None dead 0.03 frozen 0.04 nbin 300 fat 0.390 | 55.7s
ex16|kwta4|1|0.5|div|30|0.5|50: static 0.259 sstatic 0.209 c1 0.901 c50 0.246 fac1 0.867 fac50 -0.013 lock 0.00 move 0.442 period None osc -0.070@15 pr 15.7 sens10 -1.31 sens50 -2.27 sat None dead 0.04 frozen 0.04 nbin 300 fat 0.386 | 59.6s
ex16|kwta4|1|0.5|div|30|2.0|50: static 0.217 sstatic 0.181 c1 0.872 c50 0.201 fac1 0.838 fac50 -0.020 lock 0.00 move 0.502 period None osc -0.068@12 pr 17.0 sens10 3.91 sens50 4.10 sat None dead 0.04 frozen 0.09 nbin 300 fat 1.520 | 60.0s
ex16|kwta4|1|0.5|div|300|0.5|50: static 0.254 sstatic 0.209 c1 0.913 c50 0.237 fac1 0.883 fac50 -0.023 lock 0.00 move 0.414 period None osc -0.038@39 pr 15.2 sens10 -1.18 sens50 -2.57 sat None dead 0.04 frozen 0.04 nbin 300 fat 0.373 | 42.9s
ex16|kwta4|1|0.5|div|300|2.0|50: static 0.212 sstatic 0.181 c1 0.902 c50 0.199 fac1 0.877 fac50 -0.015 lock 0.00 move 0.443 period None osc -0.031@25 pr 16.1 sens10 -1.21 sens50 -2.36 sat None dead 0.04 frozen 0.09 nbin 300 fat 1.479 | 43.7s
ex16|kwta4|1|0.5|div|300|2.0|51: static 0.208 sstatic 0.183 c1 0.908 c50 0.179 fac1 0.884 fac50 -0.030 lock 0.00 move 0.424 period None osc -0.030@34 pr 15.7 sens10 3.33 sens50 4.10 sat None dead 0.03 frozen 0.09 nbin 300 fat 1.476 | 45.0s
ex16|kwta4|1|0.5|div|300|0.5|51: static 0.251 sstatic 0.211 c1 0.915 c50 0.233 fac1 0.887 fac50 -0.023 lock 0.00 move 0.406 period None osc -0.028@27 pr 15.0 sens10 -1.30 sens50 -2.61 sat None dead 0.03 frozen 0.04 nbin 300 fat 0.376 | 56.1s
ex16|kwta4|1|0.5|dep|3|0.1|51: static 0.363 sstatic 0.283 c1 0.922 c50 0.339 fac1 0.877 fac50 -0.027 lock 0.00 move 0.392 period None osc -0.033@23 pr 14.0 sens10 -1.24 sens50 -2.95 sat None dead 0.03 frozen 0.04 nbin 300 fat 0.969 | 51.1s
ex16|kwta4|1|0.5|dep|3|0.1|50: static 0.347 sstatic 0.264 c1 0.920 c50 0.337 fac1 0.878 fac50 -0.015 lock 0.00 move 0.396 period None osc -0.036@31 pr 14.3 sens10 3.70 sens50 4.06 sat None dead 0.04 frozen 0.04 nbin 300 fat 0.969 | 55.9s
ex16|kwta4|1|0.5|dep|3|0.5|50: static 0.362 sstatic 0.281 c1 0.913 c50 0.346 fac1 0.866 fac50 -0.031 lock 0.00 move 0.412 period None osc -0.037@14 pr 14.3 sens10 -1.00 sens50 -2.95 sat None dead 0.04 frozen 0.04 nbin 300 fat 0.899 | 53.5s
ex16|kwta4|1|0.5|dep|10|0.1|51: static 0.338 sstatic 0.267 c1 0.894 c50 0.331 fac1 0.840 fac50 -0.015 lock 0.00 move 0.456 period None osc -0.062@11 pr 15.5 sens10 -1.15 sens50 -2.92 sat None dead 0.03 frozen 0.04 nbin 300 fat 0.910 | 52.7s
ex16|kwta4|1|0.5|dep|3|0.5|51: static 0.398 sstatic 0.303 c1 0.923 c50 0.372 fac1 0.872 fac50 -0.036 lock 0.00 move 0.388 period None osc -0.036@50 pr 13.6 sens10 3.28 sens50 4.03 sat None dead 0.03 frozen 0.05 nbin 300 fat 0.902 | 58.7s
ex16|kwta4|1|0.5|dep|10|0.5|50: static 0.361 sstatic 0.270 c1 0.806 c50 0.362 fac1 0.701 fac50 -0.006 lock 0.00 move 0.616 period None osc -0.078@8 pr 17.7 sens10 -1.16 sens50 -2.91 sat None dead 0.04 frozen 0.05 nbin 300 fat 0.751 | 53.4s
ex16|kwta4|1|0.5|dep|10|0.1|50: static 0.328 sstatic 0.259 c1 0.889 c50 0.318 fac1 0.837 fac50 -0.016 lock 0.00 move 0.466 period None osc -0.066@11 pr 15.9 sens10 3.78 sens50 4.06 sat None dead 0.04 frozen 0.04 nbin 300 fat 0.910 | 63.6s
ex16|kwta4|1|0.5|dep|10|0.5|51: static 0.352 sstatic 0.274 c1 0.810 c50 0.344 fac1 0.708 fac50 -0.010 lock 0.00 move 0.612 period None osc -0.083@8 pr 17.3 sens10 3.83 sens50 4.06 sat None dead 0.03 frozen 0.05 nbin 300 fat 0.756 | 55.7s
ex16|kwta4|1|0.5|dep|30|0.1|50: static 0.270 sstatic 0.229 c1 0.867 c50 0.253 fac1 0.821 fac50 -0.011 lock 0.00 move 0.513 period None osc -0.073@11 pr 17.4 sens10 -0.92 sens50 -2.41 sat None dead 0.04 frozen 0.04 nbin 300 fat 0.786 | 54.1s
ex16|kwta4|1|0.5|dep|30|0.5|51: static 0.246 sstatic 0.217 c1 0.771 c50 0.242 fac1 0.694 fac50 -0.008 lock 0.00 move 0.67 period None osc -0.080@9 pr 18.9 sens10 -1.31 sens50 -2.27 sat None dead 0.03 frozen 0.12 nbin 300 fat 0.616 | 52.0s
ex16|kwta4|1|0.5|dep|30|0.1|51: static 0.263 sstatic 0.227 c1 0.871 c50 0.254 fac1 0.825 fac50 -0.013 lock 0.00 move 0.503 period None osc -0.076@10 pr 17.0 sens10 -1.15 sens50 -2.68 sat None dead 0.03 frozen 0.03 nbin 300 fat 0.785 | 60.4s
ex16|kwta4|1|0.5|dep|100|0.1|50: static 0.204 sstatic 0.200 c1 0.847 c50 0.193 fac1 0.808 fac50 -0.015 lock 0.00 move 0.55 period None osc -0.058@12 pr 18.4 sens10 -0.92 sens50 -2.12 sat None dead 0.04 frozen 0.04 nbin 300 fat 0.557 | 54.5s
ex16|kwta4|1|0.5|dep|30|0.5|50: static 0.258 sstatic 0.225 c1 0.764 c50 0.256 fac1 0.683 fac50 -0.007 lock 0.00 move 0.664 period None osc -0.080@9 pr 19.1 sens10 -1.02 sens50 -2.11 sat None dead 0.04 frozen 0.10 nbin 300 fat 0.616 | 62.9s
ex16|kwta4|1|0.5|dep|100|0.1|51: static 0.198 sstatic 0.196 c1 0.850 c50 0.182 fac1 0.815 fac50 -0.024 lock 0.00 move 0.544 period None osc -0.056@12 pr 18.1 sens10 -1.14 sens50 -2.10 sat None dead 0.03 frozen 0.03 nbin 300 fat 0.556 | 59.7s
ex16|kwta4|1|0.5|dep|300|0.1|51: static 0.160 sstatic 0.174 c1 0.848 c50 0.143 fac1 0.823 fac50 -0.029 lock 0.00 move 0.543 period None osc -0.040@14 pr 17.2 sens10 -1.16 sens50 4.10 sat None dead 0.03 frozen 0.07 nbin 300 fat 0.409 | 51.1s
ex16|kwta4|1|0.5|dep|100|0.5|50: static 0.196 sstatic 0.193 c1 0.796 c50 0.187 fac1 0.748 fac50 -0.015 lock 0.00 move 0.603 period None osc -0.055@11 pr 18.7 sens10 -0.83 sens50 -1.58 sat None dead 0.04 frozen 0.50 nbin 300 fat 0.485 | 67.6s
ex16|kwta4|1|0.5|dep|100|0.5|51: static 0.187 sstatic 0.190 c1 0.809 c50 0.184 fac1 0.766 fac50 -0.014 lock 0.00 move 0.607 period None osc -0.057@11 pr 18.5 sens10 -1.29 sens50 -1.83 sat None dead 0.03 frozen 0.54 nbin 300 fat 0.486 | 59.5s
ex16|kwta4|1|0.5|dep|300|0.5|51: static 0.164 sstatic 0.180 c1 0.845 c50 0.155 fac1 0.816 fac50 -0.023 lock 0.00 move 0.554 period None osc -0.033@23 pr 17.5 sens10 3.58 sens50 3.91 sat None dead 0.03 frozen 0.99 nbin 300 fat 0.413 | 50.4s
ex16|kwta4|1|0.9|none|0|0.0|50: static 0.457 sstatic 0.356 c1 0.998 c50 0.399 fac1 0.993 fac50 -0.100 lock 0.00 move 0.0562 period None osc -0.100@50 pr 5.9 sens10 -0.16 sens50 3.09 sat None dead 0.04 frozen 0.14 nbin 300 fat None | 49.2s
ex16|kwta4|1|0.5|dep|300|0.1|50: static 0.167 sstatic 0.178 c1 0.837 c50 0.163 fac1 0.813 fac50 -0.018 lock 0.00 move 0.567 period None osc -0.036@14 pr 17.5 sens10 3.59 sens50 4.04 sat None dead 0.04 frozen 0.06 nbin 300 fat 0.409 | 60.2s
ex16|kwta4|1|0.5|dep|300|0.5|50: static 0.163 sstatic 0.177 c1 0.833 c50 0.157 fac1 0.801 fac50 -0.017 lock 0.00 move 0.563 period None osc -0.037@16 pr 17.6 sens10 3.42 sens50 3.65 sat None dead 0.04 frozen 0.95 nbin 300 fat 0.419 | 59.6s
ex16|kwta4|1|0.9|sub|3|0.5|50: static 0.433 sstatic 0.346 c1 0.997 c50 0.423 fac1 0.991 fac50 -0.042 lock 0.00 move 0.078 period None osc -0.042@50 pr 6.3 sens10 -0.47 sens50 -1.39 sat None dead 0.04 frozen 0.26 nbin 300 fat 0.497 | 49.9s
ex16|kwta4|1|0.9|sub|3|1.0|51: static 0.001 sstatic 0.122 c1 0.892 c50 -0.004 fac1 0.892 fac50 -0.005 lock 0.00 move 0.458 period None osc -0.224@10 pr 16.3 sens10 3.51 sens50 4.13 sat None dead 0.03 frozen 0.13 nbin 300 fat 0.966 | 39.1s
ex16|kwta4|1|0.9|sub|3|0.5|51: static 0.456 sstatic 0.368 c1 0.997 c50 0.444 fac1 0.991 fac50 -0.049 lock 0.00 move 0.0738 period None osc -0.049@50 pr 6.2 sens10 1.05 sens50 3.47 sat None dead 0.03 frozen 0.27 nbin 300 fat 0.496 | 49.9s
ex16|kwta4|1|0.9|none|0|0.0|51: static 0.483 sstatic 0.380 c1 0.999 c50 0.462 fac1 0.993 fac50 -0.059 lock 0.00 move 0.0527 period None osc -0.059@50 pr 5.6 sens10 -0.36 sens50 -1.40 sat None dead 0.03 frozen 0.17 nbin 300 fat None | 58.7s
ex16|kwta4|1|0.9|sub|10|0.5|50: static 0.271 sstatic 0.245 c1 0.992 c50 0.182 fac1 0.986 fac50 -0.106 lock 0.00 move 0.125 period None osc -0.187@32 pr 9.7 sens10 -0.24 sens50 3.46 sat None dead 0.04 frozen 0.08 nbin 300 fat 0.444 | 43.6s
ex16|kwta4|1|0.9|sub|3|1.0|50: static 0.001 sstatic 0.121 c1 0.890 c50 0.000 fac1 0.889 fac50 -0.000 lock 0.00 move 0.467 period None osc -0.221@10 pr 16.5 sens10 -0.78 sens50 -1.77 sat None dead 0.04 frozen 0.16 nbin 300 fat 0.941 | 55.8s
ex16|kwta4|1|0.9|sub|10|0.5|51: static 0.258 sstatic 0.236 c1 0.992 c50 0.195 fac1 0.986 fac50 -0.071 lock 0.00 move 0.124 period None osc -0.173@31 pr 9.7 sens10 -0.48 sens50 -1.60 sat None dead 0.03 frozen 0.08 nbin 300 fat 0.448 | 47.1s
ex16|kwta4|1|0.9|sub|30|0.5|51: static 0.145 sstatic 0.198 c1 0.995 c50 -0.046 fac1 0.990 fac50 -0.195 lock 0.00 move 0.104 period None osc -0.209@42 pr 8.4 sens10 -0.39 sens50 -1.19 sat None dead 0.03 frozen 0.04 nbin 300 fat 0.354 | 35.2s
ex16|kwta4|1|0.9|sub|10|1.0|50: static 0.003 sstatic 0.132 c1 0.978 c50 0.003 fac1 0.975 fac50 0.004 lock 0.00 move 0.209 period None osc -0.283@22 pr 12.0 sens10 -0.56 sens50 -0.95 sat None dead 0.04 frozen 0.04 nbin 300 fat 0.826 | 55.1s
ex16|kwta4|1|0.9|sub|30|1.0|51: static 0.009 sstatic 0.142 c1 0.991 c50 -0.215 fac1 0.988 fac50 -0.186 lock 0.00 move 0.129 period None osc -0.233@36 pr 9.4 sens10 2.65 sens50 3.85 sat None dead 0.03 frozen 0.03 nbin 300 fat 0.681 | 33.5s
ex16|kwta4|1|0.9|sub|100|0.5|50: static 0.115 sstatic 0.189 c1 0.996 c50 -0.014 fac1 0.992 fac50 -0.128 lock 0.01 move 0.0861 period None osc -0.128@50 pr 7.4 sens10 -0.06 sens50 3.06 sat None dead 0.00 frozen 0.04 nbin 300 fat 0.287 | 33.3s
ex16|kwta4|1|0.9|sub|100|1.0|50: static 0.032 sstatic 0.161 c1 0.995 c50 -0.144 fac1 0.992 fac50 -0.150 lock 0.01 move 0.0951 period None osc -0.150@50 pr 7.9 sens10 -0.11 sens50 1.89 sat None dead 0.00 frozen 0.04 nbin 300 fat 0.534 | 32.9s
ex16|kwta4|1|0.9|sub|100|1.0|51: static 0.030 sstatic 0.159 c1 0.995 c50 -0.153 fac1 0.992 fac50 -0.155 lock 0.01 move 0.0952 period None osc -0.155@50 pr 8.0 sens10 2.46 sens50 3.70 sat None dead 0.00 frozen 0.03 nbin 300 fat 0.537 | 33.0s
ex16|kwta4|1|0.9|sub|300|0.5|50: static 0.154 sstatic 0.209 c1 0.997 c50 0.067 fac1 0.993 fac50 -0.094 lock 0.04 move 0.0772 period None osc -0.094@50 pr 6.9 sens10 0.70 sens50 3.24 sat None dead 0.00 frozen 0.04 nbin 300 fat 0.243 | 32.9s
ex16|kwta4|1|0.9|sub|10|1.0|51: static 0.003 sstatic 0.132 c1 0.978 c50 0.003 fac1 0.975 fac50 0.001 lock 0.00 move 0.209 period None osc -0.284@22 pr 12.0 sens10 -0.76 sens50 -1.19 sat None dead 0.03 frozen 0.03 nbin 300 fat 0.840 | 59.6s
ex16|kwta4|1|0.9|sub|300|1.0|51: static 0.077 sstatic 0.180 c1 0.997 c50 -0.017 fac1 0.993 fac50 -0.094 lock 0.03 move 0.0805 period None osc -0.094@50 pr 7.0 sens10 0.05 sens50 -1.09 sat None dead 0.00 frozen 0.03 nbin 300 fat 0.449 | 32.9s
ex16|kwta4|1|0.9|sub|30|0.5|50: static 0.139 sstatic 0.195 c1 0.994 c50 -0.069 fac1 0.990 fac50 -0.204 lock 0.00 move 0.107 period None osc -0.217@43 pr 8.5 sens10 2.14 sens50 3.81 sat None dead 0.03 frozen 0.04 nbin 300 fat 0.365 | 57.5s
ex16|kwta4|1|0.9|div|3|0.5|51: static 0.466 sstatic 0.348 c1 0.998 c50 0.449 fac1 0.992 fac50 -0.027 lock 0.00 move 0.0663 period None osc -0.027@50 pr 5.9 sens10 1.99 sens50 3.67 sat None dead 0.03 frozen 0.18 nbin 300 fat 0.391 | 32.9s
ex16|kwta4|1|0.9|sub|30|1.0|50: static 0.009 sstatic 0.145 c1 0.991 c50 -0.218 fac1 0.988 fac50 -0.186 lock 0.00 move 0.13 period None osc -0.233@37 pr 9.4 sens10 2.32 sens50 3.71 sat None dead 0.03 frozen 0.04 nbin 300 fat 0.678 | 61.3s
ex16|kwta4|1|0.9|sub|100|0.5|51: static 0.123 sstatic 0.197 c1 0.997 c50 -0.015 fac1 0.992 fac50 -0.132 lock 0.01 move 0.0827 period None osc -0.132@50 pr 7.2 sens10 1.32 sens50 3.53 sat None dead 0.00 frozen 0.04 nbin 300 fat 0.286 | 61.2s
ex16|kwta4|1|0.9|div|3|2.0|50: static 0.503 sstatic 0.346 c1 0.993 c50 0.466 fac1 0.982 fac50 -0.063 lock 0.00 move 0.12 period None osc -0.063@50 pr 8.1 sens10 3.02 sens50 3.96 sat None dead 0.04 frozen 0.99 nbin 51 fat 1.552 | 33.1s
ex16|kwta4|1|0.9|div|10|0.5|50: static 0.436 sstatic 0.312 c1 0.996 c50 0.355 fac1 0.990 fac50 -0.111 lock 0.00 move 0.087 period None osc -0.112@49 pr 8.0 sens10 -0.14 sens50 -0.67 sat None dead 0.04 frozen 0.15 nbin 300 fat 0.384 | 33.1s
ex16|kwta4|1|0.9|div|10|0.5|51: static 0.429 sstatic 0.309 c1 0.996 c50 0.357 fac1 0.990 fac50 -0.111 lock 0.00 move 0.0857 period None osc -0.111@50 pr 7.9 sens10 -0.54 sens50 -1.86 sat None dead 0.03 frozen 0.15 nbin 300 fat 0.392 | 33.1s
ex16|kwta4|1|0.9|sub|300|0.5|51: static 0.152 sstatic 0.214 c1 0.997 c50 0.078 fac1 0.993 fac50 -0.082 lock 0.03 move 0.0765 period None osc -0.082@50 pr 6.7 sens10 -0.06 sens50 -1.01 sat None dead 0.00 frozen 0.04 nbin 300 fat 0.247 | 58.7s
ex16|kwta4|1|0.9|div|10|2.0|50: static 0.380 sstatic 0.230 c1 0.990 c50 0.329 fac1 0.981 fac50 -0.069 lock 0.00 move 0.139 period None osc -0.147@29 pr 10.9 sens10 2.61 sens50 3.97 sat None dead 0.04 frozen 0.31 nbin 300 fat 1.555 | 33.1s
ex16|kwta4|1|0.9|div|10|2.0|51: static 0.385 sstatic 0.233 c1 0.991 c50 0.329 fac1 0.982 fac50 -0.079 lock 0.00 move 0.135 period None osc -0.147@30 pr 10.7 sens10 -0.66 sens50 -1.63 sat None dead 0.03 frozen 0.34 nbin 300 fat 1.561 | 33.2s
ex16|kwta4|1|0.9|div|30|0.5|50: static 0.355 sstatic 0.264 c1 0.997 c50 0.230 fac1 0.991 fac50 -0.154 lock 0.00 move 0.0828 period None osc -0.154@49 pr 8.0 sens10 2.01 sens50 3.71 sat None dead 0.04 frozen 0.12 nbin 300 fat 0.389 | 33.2s
ex16|kwta4|1|0.9|sub|300|1.0|50: static 0.084 sstatic 0.186 c1 0.997 c50 0.004 fac1 0.992 fac50 -0.080 lock 0.04 move 0.0825 period None osc -0.080@50 pr 7.1 sens10 0.39 sens50 3.53 sat None dead 0.00 frozen 0.04 nbin 300 fat 0.449 | 61.4s
ex16|kwta4|1|0.9|div|3|0.5|50: static 0.464 sstatic 0.350 c1 0.998 c50 0.428 fac1 0.992 fac50 -0.055 lock 0.00 move 0.0705 period None osc -0.055@50 pr 6.4 sens10 -0.19 sens50 3.63 sat None dead 0.04 frozen 0.18 nbin 300 fat 0.391 | 59.7s
ex16|kwta4|1|0.9|div|30|2.0|50: static 0.307 sstatic 0.209 c1 0.994 c50 0.171 fac1 0.988 fac50 -0.153 lock 0.00 move 0.108 period None osc -0.167@39 pr 9.3 sens10 -0.13 sens50 -0.54 sat None dead 0.04 frozen 0.26 nbin 300 fat 1.548 | 32.8s
ex16|kwta4|1|0.9|div|100|0.5|50: static 0.325 sstatic 0.253 c1 0.997 c50 0.248 fac1 0.993 fac50 -0.096 lock 0.00 move 0.0713 period None osc -0.096@50 pr 7.0 sens10 -0.15 sens50 2.96 sat None dead 0.04 frozen 0.12 nbin 300 fat 0.387 | 32.8s
ex16|kwta4|1|0.9|div|3|2.0|51: static 0.514 sstatic 0.367 c1 0.994 c50 0.485 fac1 0.983 fac50 -0.054 lock 0.00 move 0.115 period None osc -0.054@50 pr 8.0 sens10 2.94 sens50 3.99 sat None dead 0.03 frozen 0.99 nbin 45 fat 1.554 | 60.4s
ex16|kwta4|1|0.9|div|100|2.0|51: static 0.271 sstatic 0.218 c1 0.997 c50 0.160 fac1 0.992 fac50 -0.125 lock 0.00 move 0.0811 period None osc -0.125@50 pr 7.9 sens10 -0.64 sens50 3.14 sat None dead 0.03 frozen 0.28 nbin 300 fat 1.562 | 32.6s
ex16|kwta4|1|0.9|div|300|0.5|50: static 0.337 sstatic 0.267 c1 0.998 c50 0.258 fac1 0.993 fac50 -0.098 lock 0.00 move 0.0661 period None osc -0.098@50 pr 6.6 sens10 -0.17 sens50 -0.70 sat None dead 0.04 frozen 0.13 nbin 300 fat 0.375 | 32.6s
ex16|kwta4|1|0.9|div|300|0.5|51: static 0.335 sstatic 0.271 c1 0.998 c50 0.288 fac1 0.993 fac50 -0.068 lock 0.00 move 0.064 period None osc -0.068@50 pr 6.3 sens10 -0.47 sens50 -1.53 sat None dead 0.03 frozen 0.14 nbin 300 fat 0.377 | 32.7s
ex16|kwta4|1|0.9|div|300|2.0|51: static 0.285 sstatic 0.237 c1 0.998 c50 0.212 fac1 0.993 fac50 -0.089 lock 0.00 move 0.0684 period None osc -0.089@50 pr 6.8 sens10 -0.67 sens50 -1.71 sat None dead 0.03 frozen 0.30 nbin 300 fat 1.506 | 32.4s
ex16|kwta4|1|0.9|div|30|0.5|51: static 0.369 sstatic 0.270 c1 0.997 c50 0.247 fac1 0.992 fac50 -0.149 lock 0.00 move 0.0802 period None osc -0.149@50 pr 7.7 sens10 -0.50 sens50 -1.57 sat None dead 0.03 frozen 0.13 nbin 300 fat 0.390 | 59.2s
ex16|kwta4|1|0.9|dep|3|0.1|50: static 0.453 sstatic 0.356 c1 0.998 c50 0.430 fac1 0.993 fac50 -0.045 lock 0.00 move 0.0565 period None osc -0.045@50 pr 5.8 sens10 2.13 sens50 3.58 sat None dead 0.04 frozen 0.15 nbin 300 fat 0.972 | 36.2s
ex16|kwta4|1|0.9|dep|3|0.1|51: static 0.478 sstatic 0.359 c1 0.998 c50 0.444 fac1 0.993 fac50 -0.065 lock 0.00 move 0.0555 period None osc -0.065@50 pr 5.8 sens10 -0.36 sens50 -1.36 sat None dead 0.03 frozen 0.15 nbin 300 fat 0.972 | 36.3s
ex16|kwta4|1|0.9|div|30|2.0|51: static 0.299 sstatic 0.215 c1 0.995 c50 0.181 fac1 0.989 fac50 -0.139 lock 0.00 move 0.105 period None osc -0.164@39 pr 9.4 sens10 -0.65 sens50 3.27 sat None dead 0.03 frozen 0.26 nbin 300 fat 1.554 | 58.1s
ex16|kwta4|1|0.9|dep|10|0.1|50: static 0.474 sstatic 0.358 c1 0.998 c50 0.455 fac1 0.992 fac50 -0.044 lock 0.00 move 0.0664 period None osc -0.044@50 pr 6.2 sens10 -0.05 sens50 3.18 sat None dead 0.04 frozen 0.14 nbin 300 fat 0.930 | 36.4s
ex16|kwta4|1|0.9|div|100|0.5|51: static 0.338 sstatic 0.269 c1 0.998 c50 0.274 fac1 0.993 fac50 -0.085 lock 0.00 move 0.0691 period None osc -0.085@50 pr 6.7 sens10 -0.48 sens50 -1.55 sat None dead 0.03 frozen 0.13 nbin 300 fat 0.390 | 61.4s
ex16|kwta4|1|0.9|dep|10|0.1|51: static 0.461 sstatic 0.349 c1 0.998 c50 0.441 fac1 0.993 fac50 -0.034 lock 0.00 move 0.0622 period None osc -0.034@50 pr 5.8 sens10 2.62 sens50 3.78 sat None dead 0.03 frozen 0.14 nbin 300 fat 0.930 | 36.6s
ex16|kwta4|1|0.9|div|100|2.0|50: static 0.280 sstatic 0.219 c1 0.997 c50 0.167 fac1 0.992 fac50 -0.128 lock 0.00 move 0.0837 period None osc -0.128@50 pr 7.9 sens10 2.46 sens50 3.78 sat None dead 0.04 frozen 0.28 nbin 300 fat 1.549 | 61.1s
ex16|kwta4|1|0.9|div|300|2.0|50: static 0.286 sstatic 0.232 c1 0.997 c50 0.220 fac1 0.993 fac50 -0.089 lock 0.00 move 0.0723 period None osc -0.089@50 pr 6.9 sens10 1.80 sens50 3.40 sat None dead 0.04 frozen 0.28 nbin 300 fat 1.496 | 58.1s
ex16|kwta4|1|0.9|dep|10|0.5|51: static 0.507 sstatic 0.383 c1 0.998 c50 0.513 fac1 0.991 fac50 -0.028 lock 0.00 move 0.0676 period None osc -0.028@50 pr 5.7 sens10 1.19 sens50 3.57 sat None dead 0.03 frozen 0.16 nbin 300 fat 0.866 | 37.0s
ex16|kwta4|1|0.9|dep|30|0.1|50: static 0.445 sstatic 0.337 c1 0.995 c50 0.347 fac1 0.988 fac50 -0.139 lock 0.00 move 0.0955 period None osc -0.142@48 pr 8.5 sens10 1.78 sens50 3.78 sat None dead 0.04 frozen 0.11 nbin 300 fat 0.846 | 36.9s
ex16|kwta4|1|0.9|dep|30|0.1|51: static 0.441 sstatic 0.335 c1 0.996 c50 0.343 fac1 0.989 fac50 -0.153 lock 0.00 move 0.092 period None osc -0.153@50 pr 8.1 sens10 -0.28 sens50 3.36 sat None dead 0.03 frozen 0.10 nbin 300 fat 0.847 | 37.0s
ex16|kwta4|1|0.9|dep|30|0.5|50: static 0.557 sstatic 0.405 c1 0.991 c50 0.499 fac1 0.976 fac50 -0.113 lock 0.00 move 0.134 period None osc -0.115@47 pr 9.0 sens10 2.40 sens50 3.88 sat None dead 0.04 frozen 0.15 nbin 300 fat 0.750 | 36.9s
ex16|kwta4|1|0.9|dep|3|0.5|51: static 0.458 sstatic 0.362 c1 0.999 c50 0.441 fac1 0.993 fac50 -0.044 lock 0.00 move 0.0541 period None osc -0.044@50 pr 5.5 sens10 -0.32 sens50 3.19 sat None dead 0.03 frozen 0.15 nbin 300 fat 0.922 | 66.9s
ex16|kwta4|1|0.9|dep|3|0.5|50: static 0.420 sstatic 0.334 c1 0.998 c50 0.379 fac1 0.993 fac50 -0.059 lock 0.00 move 0.0586 period None osc -0.059@50 pr 5.7 sens10 -0.04 sens50 -0.38 sat None dead 0.04 frozen 0.13 nbin 300 fat 0.923 | 68.4s
ex16|kwta4|1|0.9|dep|100|0.1|50: static 0.320 sstatic 0.265 c1 0.993 c50 0.208 fac1 0.986 fac50 -0.132 lock 0.00 move 0.117 period None osc -0.135@47 pr 9.9 sens10 2.06 sens50 3.92 sat None dead 0.04 frozen 0.06 nbin 300 fat 0.649 | 37.2s
ex16|kwta4|1|0.9|dep|100|0.1|51: static 0.312 sstatic 0.263 c1 0.993 c50 0.197 fac1 0.987 fac50 -0.129 lock 0.00 move 0.117 period None osc -0.134@48 pr 9.7 sens10 -0.18 sens50 -0.99 sat None dead 0.03 frozen 0.06 nbin 300 fat 0.647 | 37.4s
ex16|kwta4|1|0.9|dep|100|0.5|51: static 0.346 sstatic 0.274 c1 0.979 c50 0.265 fac1 0.965 fac50 -0.119 lock 0.00 move 0.202 period None osc -0.121@44 pr 11.4 sens10 2.97 sens50 4.03 sat None dead 0.03 frozen 0.11 nbin 300 fat 0.505 | 37.0s
ex16|kwta4|1|0.9|dep|10|0.5|50: static 0.508 sstatic 0.385 c1 0.998 c50 0.472 fac1 0.991 fac50 -0.073 lock 0.00 move 0.0713 period None osc -0.073@50 pr 5.9 sens10 1.93 sens50 3.66 sat None dead 0.04 frozen 0.17 nbin 300 fat 0.870 | 68.0s
ex16|kwta4|1|0.9|dep|300|0.1|51: static 0.243 sstatic 0.234 c1 0.992 c50 0.142 fac1 0.985 fac50 -0.104 lock 0.00 move 0.128 period None osc -0.105@49 pr 10.1 sens10 2.81 sens50 4.02 sat None dead 0.03 frozen 0.04 nbin 300 fat 0.412 | 37.3s
ex16|kwta4|0|0.0|div|3|0.5|50: static 0.161 sstatic 0.174 c1 0.103 c50 0.160 fac1 -0.070 fac50 -0.000 lock 0.00 move 1.34 period None osc -0.070@1 pr 20.4 sens10 -1.83 sens50 -2.96 sat None dead 0.04 frozen 0.04 nbin 300 fat 0.872 | 32.0s
ex16|kwta4|0|0.0|div|3|0.5|51: static 0.164 sstatic 0.177 c1 0.105 c50 0.161 fac1 -0.071 fac50 -0.001 lock 0.00 move 1.34 period None osc -0.071@1 pr 20.0 sens10 -1.84 sens50 -2.96 sat None dead 0.03 frozen 0.03 nbin 300 fat 0.828 | 31.9s
ex16|kwta4|0|0.0|div|3|2.0|50: static 0.165 sstatic 0.174 c1 0.102 c50 0.152 fac1 -0.074 fac50 -0.009 lock 0.00 move 1.34 period None osc -0.074@1 pr 20.5 sens10 -1.84 sens50 -2.98 sat None dead 0.04 frozen 0.26 nbin 300 fat 0.880 | 32.0s
ex16|kwta4|0|0.0|div|3|2.0|51: static 0.168 sstatic 0.178 c1 0.102 c50 0.162 fac1 -0.073 fac50 -0.001 lock 0.00 move 1.34 period None osc -0.073@1 pr 20.1 sens10 -1.78 sens50 -2.99 sat None dead 0.03 frozen 0.32 nbin 300 fat 0.853 | 31.9s
ex16|kwta4|1|0.9|dep|30|0.5|51: static 0.546 sstatic 0.396 c1 0.991 c50 0.485 fac1 0.978 fac50 -0.101 lock 0.00 move 0.132 period None osc -0.101@50 pr 8.6 sens10 0.13 sens50 -0.62 sat None dead 0.03 frozen 0.14 nbin 300 fat 0.765 | 68.6s
ex16|kwta4|0|0.0|div|10|2.0|50: static 0.149 sstatic 0.163 c1 0.118 c50 0.145 fac1 -0.033 fac50 -0.002 lock 0.00 move 1.32 period None osc -0.033@1 pr 20.5 sens10 -1.39 sens50 -2.78 sat None dead 0.04 frozen 0.09 nbin 300 fat 1.089 | 32.0s
ex16|kwta4|1|0.9|dep|100|0.5|50: static 0.372 sstatic 0.292 c1 0.979 c50 0.292 fac1 0.964 fac50 -0.110 lock 0.00 move 0.197 period None osc -0.116@41 pr 11.4 sens10 2.71 sens50 4.03 sat None dead 0.04 frozen 0.12 nbin 300 fat 0.521 | 68.1s
ex16|kwta4|0|0.0|div|10|2.0|51: static 0.150 sstatic 0.166 c1 0.123 c50 0.145 fac1 -0.030 fac50 -0.003 lock 0.00 move 1.32 period None osc -0.030@1 pr 20.1 sens10 -1.38 sens50 -2.79 sat None dead 0.03 frozen 0.12 nbin 300 fat 1.027 | 31.9s
ex16|kwta4|0|0.0|div|30|0.5|50: static 0.145 sstatic 0.159 c1 0.135 c50 0.144 fac1 -0.012 fac50 -0.002 lock 0.00 move 1.32 period None osc -0.013@2 pr 20.4 sens10 -1.62 sens50 -2.21 sat None dead 0.04 frozen 0.04 nbin 300 fat 1.123 | 31.9s
ex16|kwta4|1|0.9|dep|300|0.1|50: static 0.242 sstatic 0.230 c1 0.992 c50 0.144 fac1 0.986 fac50 -0.108 lock 0.00 move 0.128 period None osc -0.110@49 pr 10.2 sens10 0.45 sens50 3.49 sat None dead 0.04 frozen 0.05 nbin 300 fat 0.415 | 68.6s
ex16|kwta4|0|0.0|div|30|2.0|50: static 0.147 sstatic 0.159 c1 0.131 c50 0.137 fac1 -0.014 fac50 -0.005 lock 0.00 move 1.31 period None osc -0.014@1 pr 20.5 sens10 -1.58 sens50 -2.13 sat None dead 0.04 frozen 0.08 nbin 300 fat 1.163 | 32.0s
ex16|kwta4|1|0.9|dep|300|0.5|50: static 0.243 sstatic 0.227 c1 0.982 c50 0.176 fac1 0.972 fac50 -0.085 lock 0.00 move 0.174 period None osc -0.091@41 pr 10.9 sens10 0.67 sens50 3.96 sat None dead 0.04 frozen 0.26 nbin 300 fat 0.338 | 69.1s
ex16|kwta4|1|0.9|dep|300|0.5|51: static 0.238 sstatic 0.223 c1 0.982 c50 0.151 fac1 0.973 fac50 -0.102 lock 0.00 move 0.184 period None osc -0.104@45 pr 10.8 sens10 2.49 sens50 4.08 sat None dead 0.03 frozen 0.26 nbin 300 fat 0.320 | 67.5s
ex16|kwta4|0|0.0|div|30|2.0|51: static 0.146 sstatic 0.162 c1 0.135 c50 0.141 fac1 -0.013 fac50 -0.004 lock 0.00 move 1.32 period None osc -0.013@1 pr 20.1 sens10 -1.55 sens50 -2.11 sat None dead 0.03 frozen 0.09 nbin 300 fat 1.112 | 32.0s
ex16|kwta4|0|0.0|div|100|0.5|50: static 0.143 sstatic 0.158 c1 0.137 c50 0.142 fac1 -0.008 fac50 -0.002 lock 0.00 move 1.31 period None osc -0.009@48 pr 20.3 sens10 -1.65 sens50 -1.87 sat None dead 0.04 frozen 0.04 nbin 300 fat 1.146 | 32.0s
ex16|kwta4|0|0.0|div|100|0.5|51: static 0.143 sstatic 0.160 c1 0.139 c50 0.138 fac1 -0.003 fac50 -0.008 lock 0.00 move 1.31 period None osc -0.009@14 pr 20.0 sens10 -1.56 sens50 -2.01 sat None dead 0.03 frozen 0.03 nbin 300 fat 1.126 | 32.1s
ex16|kwta4|0|0.0|div|10|0.5|50: static 0.151 sstatic 0.163 c1 0.123 c50 0.145 fac1 -0.030 fac50 -0.003 lock 0.00 move 1.32 period None osc -0.030@1 pr 20.4 sens10 -1.34 sens50 -2.78 sat None dead 0.04 frozen 0.04 nbin 300 fat 1.059 | 58.5s
ex16|kwta4|0|0.0|div|10|0.5|51: static 0.151 sstatic 0.166 c1 0.126 c50 0.145 fac1 -0.030 fac50 -0.003 lock 0.00 move 1.32 period None osc -0.030@1 pr 20.1 sens10 -1.35 sens50 -2.76 sat None dead 0.03 frozen 0.03 nbin 300 fat 1.030 | 59.4s
ex16|kwta4|0|0.0|div|100|2.0|50: static 0.145 sstatic 0.158 c1 0.136 c50 0.135 fac1 -0.006 fac50 -0.006 lock 0.00 move 1.31 period None osc -0.009@35 pr 20.4 sens10 -1.51 sens50 -1.79 sat None dead 0.04 frozen 0.07 nbin 300 fat 1.179 | 31.7s
ex16|kwta4|0|0.0|div|300|0.5|50: static 0.139 sstatic 0.154 c1 0.142 c50 0.142 fac1 -0.003 fac50 -0.002 lock 0.00 move 1.31 period None osc -0.007@41 pr 20.2 sens10 -1.39 sens50 -1.69 sat None dead 0.04 frozen 0.04 nbin 300 fat 1.177 | 31.6s
ex16|kwta4|0|0.0|div|300|2.0|50: static 0.145 sstatic 0.159 c1 0.141 c50 0.136 fac1 -0.003 fac50 -0.005 lock 0.00 move 1.31 period None osc -0.009@48 pr 20.3 sens10 -1.57 sens50 -1.89 sat None dead 0.04 frozen 0.07 nbin 300 fat 1.195 | 31.7s
ex16|kwta4|0|0.0|div|300|2.0|51: static 0.140 sstatic 0.157 c1 0.140 c50 0.142 fac1 0.000 fac50 -0.004 lock 0.00 move 1.31 period None osc -0.008@40 pr 19.8 sens10 -1.74 sens50 -2.25 sat None dead 0.03 frozen 0.06 nbin 300 fat 1.129 | 31.6s
ex16|kwta4|0|0.0|div|30|0.5|51: static 0.142 sstatic 0.162 c1 0.131 c50 0.140 fac1 -0.012 fac50 -0.005 lock 0.00 move 1.32 period None osc -0.015@8 pr 20.0 sens10 4.01 sens50 4.11 sat None dead 0.03 frozen 0.03 nbin 300 fat 1.115 | 58.8s
ex16|kwta4|0|0.0|dep|10|0.5|51: static 0.151 sstatic 0.174 c1 0.112 c50 0.152 fac1 -0.047 fac50 0.001 lock 0.00 move 1.33 period None osc -0.047@1 pr 20.9 sens10 -1.54 sens50 -2.96 sat None dead 0.03 frozen 0.08 nbin 300 fat 0.746 | 35.1s
ex16|kwta4|0|0.0|div|100|2.0|51: static 0.142 sstatic 0.161 c1 0.140 c50 0.139 fac1 -0.005 fac50 -0.004 lock 0.00 move 1.31 period None osc -0.008@11 pr 20.0 sens10 -1.29 sens50 -1.52 sat None dead 0.03 frozen 0.07 nbin 300 fat 1.166 | 57.4s
ex16|kwta4|0|0.0|dep|100|0.1|50: static 0.121 sstatic 0.160 c1 0.115 c50 0.124 fac1 -0.010 fac50 0.001 lock 0.00 move 1.32 period None osc -0.014@5 pr 21.2 sens10 -1.53 sens50 -2.17 sat None dead 0.04 frozen 0.04 nbin 300 fat 0.564 | 35.2s
ex16|kwta4|0|0.0|dep|100|0.1|51: static 0.118 sstatic 0.159 c1 0.111 c50 0.123 fac1 -0.013 fac50 -0.004 lock 0.00 move 1.33 period None osc -0.013@1 pr 21.1 sens10 -1.33 sens50 -1.79 sat None dead 0.03 frozen 0.04 nbin 300 fat 0.580 | 35.3s
ex16|kwta4|0|0.0|dep|100|0.5|50: static 0.115 sstatic 0.159 c1 0.109 c50 0.119 fac1 -0.015 fac50 -0.003 lock 0.00 move 1.19 period None osc -0.015@1 pr 21.2 sens10 -1.70 sens50 -2.05 sat None dead 0.04 frozen 0.94 nbin 300 fat 0.565 | 35.3s
ex16|kwta4|0|0.0|div|300|0.5|51: static 0.141 sstatic 0.159 c1 0.139 c50 0.140 fac1 0.000 fac50 -0.002 lock 0.00 move 1.31 period None osc -0.007@15 pr 19.9 sens10 -1.42 sens50 -1.63 sat None dead 0.03 frozen 0.03 nbin 300 fat 1.132 | 56.4s
ex16|kwta4|0|0.0|dep|300|0.1|51: static 0.120 sstatic 0.160 c1 0.121 c50 0.123 fac1 -0.003 fac50 -0.003 lock 0.00 move 1.31 period None osc -0.007@29 pr 21.2 sens10 -1.63 sens50 -2.11 sat None dead 0.03 frozen 0.54 nbin 300 fat 0.570 | 35.3s
ex16|kwta4|0|0.0|dep|300|0.5|50: static 0.109 sstatic 0.152 c1 0.113 c50 0.116 fac1 -0.009 fac50 -0.002 lock 0.00 move 1.11 period None osc -0.010@37 pr 20.6 sens10 3.37 sens50 3.57 sat None dead 0.04 frozen 0.96 nbin 300 fat 0.530 | 35.2s
ex16|kwta4|0|0.0|dep|300|0.5|51: static 0.117 sstatic 0.158 c1 0.120 c50 0.120 fac1 -0.003 fac50 -0.004 lock 0.00 move 1.16 period None osc -0.008@11 pr 21.2 sens10 -1.09 sens50 -1.33 sat None dead 0.03 frozen 0.99 nbin 298 fat 0.562 | 35.3s
ex16|kwta4|0|0.5|div|3|0.5|50: static 0.314 sstatic 0.209 c1 0.733 c50 0.305 fac1 0.614 fac50 -0.008 lock 0.00 move 0.727 period None osc -0.105@6 pr 18.2 sens10 -1.46 sens50 3.84 sat None dead 0.04 frozen 0.04 nbin 300 fat 1.436 | 32.2s
ex16|kwta4|0|0.0|dep|10|0.5|50: static 0.152 sstatic 0.173 c1 0.114 c50 0.151 fac1 -0.047 fac50 -0.000 lock 0.00 move 1.32 period None osc -0.047@1 pr 21.1 sens10 -1.62 sens50 -3.03 sat None dead 0.04 frozen 0.06 nbin 300 fat 0.736 | 65.4s
ex16|kwta4|0|0.0|dep|30|0.5|50: static 0.131 sstatic 0.166 c1 0.111 c50 0.128 fac1 -0.030 fac50 -0.003 lock 0.00 move 1.28 period None osc -0.030@1 pr 21.4 sens10 -1.49 sens50 -2.40 sat None dead 0.04 frozen 0.26 nbin 300 fat 0.637 | 65.4s
ex16|kwta4|0|0.5|div|3|2.0|50: static 0.315 sstatic 0.208 c1 0.730 c50 0.307 fac1 0.609 fac50 -0.008 lock 0.00 move 0.732 period None osc -0.108@6 pr 18.3 sens10 -1.44 sens50 -3.00 sat None dead 0.04 frozen 0.20 nbin 300 fat 1.469 | 32.5s
ex16|kwta4|0|0.0|dep|30|0.5|51: static 0.133 sstatic 0.166 c1 0.112 c50 0.132 fac1 -0.025 fac50 0.001 lock 0.00 move 1.32 period None osc -0.025@1 pr 21.4 sens10 -1.49 sens50 -2.39 sat None dead 0.03 frozen 0.32 nbin 300 fat 0.650 | 65.6s
ex16|kwta4|0|0.5|div|10|0.5|50: static 0.238 sstatic 0.182 c1 0.822 c50 0.233 fac1 0.771 fac50 0.003 lock 0.00 move 0.589 period None osc -0.109@9 pr 17.5 sens10 -1.22 sens50 -2.66 sat None dead 0.04 frozen 0.04 nbin 300 fat 2.072 | 32.4s
ex16|kwta4|0|0.0|dep|100|0.5|51: static 0.122 sstatic 0.161 c1 0.112 c50 0.118 fac1 -0.014 fac50 -0.005 lock 0.00 move 1.27 period None osc -0.014@1 pr 21.3 sens10 -1.62 sens50 -2.07 sat None dead 0.03 frozen 0.98 nbin 300 fat 0.588 | 65.8s
ex16|kwta4|0|0.5|div|10|0.5|51: static 0.237 sstatic 0.187 c1 0.827 c50 0.239 fac1 0.777 fac50 -0.004 lock 0.00 move 0.579 period None osc -0.115@8 pr 17.1 sens10 -1.23 sens50 -2.65 sat None dead 0.03 frozen 0.03 nbin 300 fat 2.038 | 32.7s
ex16|kwta4|0|0.5|div|10|2.0|50: static 0.240 sstatic 0.183 c1 0.820 c50 0.230 fac1 0.769 fac50 -0.005 lock 0.00 move 0.595 period None osc -0.111@8 pr 17.6 sens10 -1.23 sens50 -2.66 sat None dead 0.04 frozen 0.09 nbin 300 fat 2.066 | 32.6s
ex16|kwta4|0|0.0|dep|300|0.1|50: static 0.116 sstatic 0.158 c1 0.116 c50 0.120 fac1 -0.009 fac50 -0.007 lock 0.00 move 1.26 period None osc -0.009@1 pr 21.1 sens10 -1.79 sens50 -2.17 sat None dead 0.04 frozen 0.44 nbin 300 fat 0.543 | 65.9s
ex16|kwta4|0|0.5|div|30|0.5|50: static 0.201 sstatic 0.174 c1 0.874 c50 0.178 fac1 0.844 fac50 -0.023 lock 0.00 move 0.496 period None osc -0.077@13 pr 16.6 sens10 -1.28 sens50 -1.87 sat None dead 0.04 frozen 0.04 nbin 300 fat 2.333 | 32.5s
ex16|kwta4|0|0.5|div|30|0.5|51: static 0.203 sstatic 0.177 c1 0.877 c50 0.193 fac1 0.850 fac50 -0.011 lock 0.00 move 0.485 period None osc -0.074@13 pr 16.4 sens10 3.76 sens50 4.10 sat None dead 0.03 frozen 0.03 nbin 300 fat 2.387 | 32.5s
ex16|kwta4|0|0.5|div|3|0.5|51: static 0.316 sstatic 0.213 c1 0.739 c50 0.309 fac1 0.620 fac50 -0.006 lock 0.00 move 0.72 period None osc -0.105@5 pr 17.8 sens10 3.58 sens50 4.07 sat None dead 0.03 frozen 0.03 nbin 300 fat 1.446 | 60.0s
ex16|kwta4|0|0.5|div|30|2.0|50: static 0.209 sstatic 0.173 c1 0.868 c50 0.189 fac1 0.837 fac50 -0.017 lock 0.00 move 0.507 period None osc -0.073@12 pr 16.8 sens10 -1.29 sens50 -1.94 sat None dead 0.04 frozen 0.08 nbin 300 fat 2.424 | 32.6s
ex16|kwta4|0|0.5|div|30|2.0|51: static 0.207 sstatic 0.176 c1 0.876 c50 0.192 fac1 0.848 fac50 -0.014 lock 0.00 move 0.488 period None osc -0.070@13 pr 16.4 sens10 -1.45 sens50 -1.96 sat None dead 0.03 frozen 0.08 nbin 300 fat 2.349 | 32.5s
ex16|kwta4|0|0.5|div|3|2.0|51: static 0.318 sstatic 0.212 c1 0.742 c50 0.307 fac1 0.623 fac50 -0.009 lock 0.00 move 0.718 period None osc -0.106@6 pr 17.8 sens10 -1.52 sens50 -3.00 sat None dead 0.03 frozen 0.24 nbin 300 fat 1.451 | 60.5s
ex16|kwta4|0|0.5|div|100|2.0|50: static 0.195 sstatic 0.169 c1 0.896 c50 0.163 fac1 0.875 fac50 -0.035 lock 0.00 move 0.448 period None osc -0.042@28 pr 16.0 sens10 -1.36 sens50 -1.90 sat None dead 0.04 frozen 0.07 nbin 300 fat 2.581 | 32.6s
ex16|kwta4|0|0.5|div|10|2.0|51: static 0.237 sstatic 0.186 c1 0.828 c50 0.237 fac1 0.776 fac50 0.004 lock 0.00 move 0.583 period None osc -0.110@9 pr 17.1 sens10 -1.21 sens50 -2.63 sat None dead 0.03 frozen 0.09 nbin 300 fat 2.044 | 57.3s
ex16|kwta4|0|0.5|div|300|0.5|50: static 0.187 sstatic 0.167 c1 0.904 c50 0.172 fac1 0.886 fac50 -0.024 lock 0.00 move 0.426 period None osc -0.033@26 pr 14.9 sens10 3.31 sens50 4.15 sat None dead 0.04 frozen 0.04 nbin 300 fat 2.626 | 32.3s
ex16|kwta4|0|0.5|div|300|2.0|50: static 0.188 sstatic 0.170 c1 0.903 c50 0.179 fac1 0.886 fac50 -0.021 lock 0.00 move 0.43 period None osc -0.033@27 pr 15.4 sens10 -1.25 sens50 -1.93 sat None dead 0.04 frozen 0.07 nbin 300 fat 2.674 | 32.2s
ex16|kwta4|0|0.5|div|300|2.0|51: static 0.187 sstatic 0.173 c1 0.908 c50 0.174 fac1 0.891 fac50 -0.023 lock 0.00 move 0.416 period None osc -0.042@41 pr 15.0 sens10 -1.22 sens50 -1.68 sat None dead 0.03 frozen 0.08 nbin 300 fat 2.621 | 32.2s
ex16|kwta4|0|0.5|dep|10|0.5|51: static 0.352 sstatic 0.274 c1 0.811 c50 0.348 fac1 0.714 fac50 -0.010 lock 0.00 move 0.606 period None osc -0.077@8 pr 16.8 sens10 -1.26 sens50 -2.96 sat None dead 0.03 frozen 0.06 nbin 300 fat 0.765 | 36.2s
ex16|kwta4|0|0.5|div|100|0.5|50: static 0.191 sstatic 0.170 c1 0.895 c50 0.163 fac1 0.874 fac50 -0.032 lock 0.00 move 0.449 period None osc -0.045@37 pr 15.8 sens10 -1.22 sens50 -1.77 sat None dead 0.04 frozen 0.04 nbin 300 fat 2.585 | 60.2s
ex16|kwta4|0|0.5|dep|30|0.5|50: static 0.259 sstatic 0.226 c1 0.771 c50 0.263 fac1 0.692 fac50 -0.004 lock 0.00 move 0.65 period None osc -0.078@9 pr 18.9 sens10 -1.08 sens50 -2.14 sat None dead 0.04 frozen 0.15 nbin 300 fat 0.635 | 36.5s
ex16|kwta4|0|0.5|dep|100|0.5|50: static 0.197 sstatic 0.193 c1 0.805 c50 0.196 fac1 0.762 fac50 -0.012 lock 0.00 move 0.59 period None osc -0.056@11 pr 18.5 sens10 -0.91 sens50 -1.71 sat None dead 0.04 frozen 0.63 nbin 300 fat 0.505 | 36.7s
ex16|kwta4|0|0.5|div|100|2.0|51: static 0.193 sstatic 0.172 c1 0.901 c50 0.167 fac1 0.879 fac50 -0.031 lock 0.00 move 0.436 period None osc -0.042@37 pr 15.5 sens10 -1.52 sens50 -1.94 sat None dead 0.03 frozen 0.07 nbin 300 fat 2.624 | 58.1s
ex16|kwta4|0|0.5|div|100|0.5|51: static 0.195 sstatic 0.174 c1 0.901 c50 0.176 fac1 0.881 fac50 -0.023 lock 0.00 move 0.433 period None osc -0.043@31 pr 15.4 sens10 3.27 sens50 4.09 sat None dead 0.03 frozen 0.03 nbin 300 fat 2.639 | 60.6s
ex16|kwta4|0|0.5|dep|100|0.5|51: static 0.189 sstatic 0.192 c1 0.819 c50 0.182 fac1 0.777 fac50 -0.016 lock 0.00 move 0.591 period None osc -0.057@12 pr 18.4 sens10 -1.26 sens50 -1.57 sat None dead 0.03 frozen 0.67 nbin 300 fat 0.513 | 36.4s
ex16|kwta4|0|0.5|div|300|0.5|51: static 0.186 sstatic 0.169 c1 0.907 c50 0.169 fac1 0.890 fac50 -0.030 lock 0.00 move 0.418 period None osc -0.036@40 pr 14.7 sens10 -1.35 sens50 -2.22 sat None dead 0.03 frozen 0.03 nbin 300 fat 2.621 | 60.7s
ex16|kwta4|0|0.5|dep|300|0.1|51: static 0.162 sstatic 0.177 c1 0.852 c50 0.163 fac1 0.826 fac50 -0.014 lock 0.00 move 0.535 period None osc -0.031@14 pr 17.1 sens10 -1.19 sens50 -1.62 sat None dead 0.03 frozen 0.11 nbin 300 fat 0.439 | 36.7s
ex16|kwta4|0|0.9|div|3|0.5|50: static 0.489 sstatic 0.207 c1 0.967 c50 0.467 fac1 0.932 fac50 -0.029 lock 0.00 move 0.258 period None osc -0.035@26 pr 13.6 sens10 -0.08 sens50 4.00 sat None dead 0.04 frozen 0.11 nbin 300 fat 6.477 | 32.6s
ex16|kwta4|0|0.9|div|3|0.5|51: static 0.494 sstatic 0.215 c1 0.968 c50 0.473 fac1 0.934 fac50 -0.031 lock 0.00 move 0.252 period None osc -0.045@29 pr 13.2 sens10 -0.55 sens50 -1.65 sat None dead 0.03 frozen 0.11 nbin 300 fat 6.593 | 32.6s
ex16|kwta4|0|0.5|dep|300|0.5|51: static 0.166 sstatic 0.178 c1 0.848 c50 0.152 fac1 0.823 fac50 -0.022 lock 0.00 move 0.552 period None osc -0.037@17 pr 17.5 sens10 3.31 sens50 3.91 sat None dead 0.03 frozen 0.99 nbin 300 fat 0.442 | 36.5s
ex16|kwta4|0|0.5|dep|10|0.5|50: static 0.352 sstatic 0.269 c1 0.809 c50 0.351 fac1 0.711 fac50 -0.007 lock 0.00 move 0.605 period None osc -0.077@8 pr 16.6 sens10 -1.02 sens50 -2.29 sat None dead 0.04 frozen 0.04 nbin 300 fat 0.748 | 67.9s
ex16|kwta4|0|0.9|div|3|2.0|50: static 0.491 sstatic 0.206 c1 0.966 c50 0.463 fac1 0.932 fac50 -0.036 lock 0.00 move 0.259 period None osc -0.043@22 pr 13.5 sens10 -0.04 sens50 -0.41 sat None dead 0.04 frozen 0.16 nbin 300 fat 6.580 | 32.4s
ex16|kwta4|0|0.5|dep|30|0.5|51: static 0.243 sstatic 0.219 c1 0.781 c50 0.241 fac1 0.709 fac50 -0.007 lock 0.00 move 0.656 period None osc -0.088@9 pr 18.8 sens10 3.89 sens50 4.08 sat None dead 0.03 frozen 0.17 nbin 300 fat 0.638 | 67.1s
ex16|kwta4|0|0.9|div|10|0.5|50: static 0.313 sstatic 0.183 c1 0.984 c50 0.265 fac1 0.973 fac50 -0.052 lock 0.00 move 0.178 period None osc -0.134@27 pr 12.5 sens10 2.89 sens50 4.00 sat None dead 0.04 frozen 0.06 nbin 300 fat 9.688 | 32.3s
ex16|kwta4|0|0.9|div|10|0.5|51: static 0.317 sstatic 0.187 c1 0.984 c50 0.276 fac1 0.974 fac50 -0.045 lock 0.00 move 0.177 period None osc -0.134@27 pr 12.4 sens10 -0.68 sens50 3.89 sat None dead 0.03 frozen 0.05 nbin 300 fat 9.879 | 32.4s
ex16|kwta4|0|0.9|div|30|0.5|50: static 0.250 sstatic 0.182 c1 0.992 c50 0.139 fac1 0.987 fac50 -0.121 lock 0.00 move 0.122 period None osc -0.142@36 pr 10.3 sens10 -0.22 sens50 3.40 sat None dead 0.04 frozen 0.05 nbin 300 fat 12.892 | 32.3s
ex16|kwta4|0|0.5|dep|300|0.1|50: static 0.173 sstatic 0.181 c1 0.843 c50 0.165 fac1 0.815 fac50 -0.018 lock 0.00 move 0.564 period None osc -0.040@17 pr 17.5 sens10 3.40 sens50 4.02 sat None dead 0.04 frozen 0.08 nbin 300 fat 0.434 | 65.6s
ex16|kwta4|0|0.5|dep|300|0.5|50: static 0.166 sstatic 0.180 c1 0.838 c50 0.164 fac1 0.807 fac50 -0.019 lock 0.00 move 0.561 period None osc -0.032@13 pr 17.6 sens10 3.47 sens50 3.62 sat None dead 0.04 frozen 0.96 nbin 300 fat 0.437 | 68.3s
ex16|kwta4|0|0.9|div|30|2.0|50: static 0.254 sstatic 0.182 c1 0.992 c50 0.150 fac1 0.987 fac50 -0.122 lock 0.00 move 0.122 period None osc -0.145@37 pr 10.1 sens10 1.05 sens50 3.69 sat None dead 0.04 frozen 0.11 nbin 300 fat 12.600 | 32.4s
ex16|kwta4|0|0.9|div|30|2.0|51: static 0.255 sstatic 0.187 c1 0.993 c50 0.153 fac1 0.987 fac50 -0.120 lock 0.00 move 0.12 period None osc -0.140@36 pr 10.0 sens10 -0.79 sens50 -1.28 sat None dead 0.03 frozen 0.11 nbin 300 fat 12.922 | 32.4s
ex16|kwta4|0|0.9|div|100|0.5|50: static 0.226 sstatic 0.190 c1 0.996 c50 0.106 fac1 0.992 fac50 -0.134 lock 0.00 move 0.0871 period None osc -0.134@49 pr 8.0 sens10 -0.25 sens50 -0.55 sat None dead 0.04 frozen 0.05 nbin 300 fat 15.659 | 32.4s
ex16|kwta4|0|0.9|div|100|0.5|51: static 0.231 sstatic 0.195 c1 0.996 c50 0.121 fac1 0.992 fac50 -0.131 lock 0.00 move 0.0854 period None osc -0.131@50 pr 7.8 sens10 1.90 sens50 3.61 sat None dead 0.03 frozen 0.04 nbin 300 fat 15.137 | 32.3s
ex16|kwta4|0|0.9|div|100|2.0|51: static 0.235 sstatic 0.196 c1 0.996 c50 0.106 fac1 0.992 fac50 -0.140 lock 0.00 move 0.086 period None osc -0.140@50 pr 7.8 sens10 -0.86 sens50 -1.54 sat None dead 0.03 frozen 0.12 nbin 300 fat 15.272 | 32.5s
ex16|kwta4|0|0.9|div|3|2.0|51: static 0.493 sstatic 0.213 c1 0.968 c50 0.471 fac1 0.934 fac50 -0.042 lock 0.00 move 0.252 period None osc -0.060@27 pr 13.2 sens10 3.57 sens50 4.01 sat None dead 0.03 frozen 0.16 nbin 300 fat 6.608 | 60.4s
ex16|kwta4|0|0.9|div|10|2.0|50: static 0.315 sstatic 0.181 c1 0.984 c50 0.271 fac1 0.973 fac50 -0.046 lock 0.00 move 0.18 period None osc -0.139@27 pr 12.5 sens10 -0.22 sens50 -0.58 sat None dead 0.04 frozen 0.10 nbin 300 fat 9.912 | 59.3s
ex16|kwta4|0|0.9|div|10|2.0|51: static 0.322 sstatic 0.187 c1 0.984 c50 0.271 fac1 0.974 fac50 -0.047 lock 0.00 move 0.177 period None osc -0.133@25 pr 12.3 sens10 -0.67 sens50 -1.33 sat None dead 0.03 frozen 0.11 nbin 300 fat 9.481 | 60.4s
ex16|kwta4|0|0.9|div|300|0.5|51: static 0.247 sstatic 0.215 c1 0.997 c50 0.157 fac1 0.993 fac50 -0.115 lock 0.00 move 0.073 period None osc -0.115@50 pr 6.8 sens10 -0.88 sens50 3.17 sat None dead 0.03 frozen 0.05 nbin 300 fat 16.588 | 32.7s
ex16|kwta4|0|0.9|div|300|2.0|50: static 0.246 sstatic 0.214 c1 0.997 c50 0.161 fac1 0.993 fac50 -0.114 lock 0.00 move 0.0736 period None osc -0.114@50 pr 6.7 sens10 -0.24 sens50 -0.75 sat None dead 0.04 frozen 0.14 nbin 300 fat 16.545 | 32.7s
ex16|kwta4|0|0.9|div|300|2.0|51: static 0.248 sstatic 0.216 c1 0.997 c50 0.179 fac1 0.993 fac50 -0.098 lock 0.00 move 0.0709 period None osc -0.098@50 pr 6.4 sens10 -0.87 sens50 -1.59 sat None dead 0.03 frozen 0.15 nbin 300 fat 16.417 | 32.8s
ex16|sign|1|0.0|none|0|0.0|50: static 0.004 sstatic 0.004 c1 0.005 c50 0.000 fac1 0.001 fac50 -0.004 lock 0.00 move 1.41 period None osc -0.008@3 pr 21.6 sens10 4.13 sens50 4.15 sat 0.965 dead 0.04 frozen 0.04 nbin 300 fat None | 20.9s
ex16|sign|1|0.0|none|0|0.0|51: static 0.003 sstatic 0.003 c1 0.000 c50 0.000 fac1 -0.003 fac50 -0.002 lock 0.00 move 1.41 period None osc -0.011@18 pr 21.5 sens10 4.14 sens50 4.15 sat 0.970 dead 0.03 frozen 0.03 nbin 300 fat None | 20.8s
ex16|kwta4|0|0.9|div|30|0.5|51: static 0.252 sstatic 0.186 c1 0.993 c50 0.130 fac1 0.987 fac50 -0.131 lock 0.00 move 0.119 period None osc -0.152@39 pr 10.0 sens10 -0.75 sens50 -1.17 sat None dead 0.03 frozen 0.05 nbin 300 fat 12.870 | 62.2s
ex16|sign|1|0.0|sub|3|0.5|50: static 0.001 sstatic 0.002 c1 -0.203 c50 0.004 fac1 -0.208 fac50 0.004 lock 0.00 move 1.55 period None osc -0.208@1 pr 21.4 sens10 4.12 sens50 4.14 sat 0.965 dead 0.04 frozen 0.04 nbin 300 fat 0.191 | 23.8s
ex16|kwta4|0|0.9|div|100|2.0|50: static 0.230 sstatic 0.192 c1 0.996 c50 0.121 fac1 0.991 fac50 -0.124 lock 0.00 move 0.0877 period None osc -0.125@49 pr 8.0 sens10 -0.20 sens50 -0.66 sat None dead 0.04 frozen 0.12 nbin 300 fat 15.388 | 60.3s
ex16|kwta4|0|0.9|dep|300|0.5|50: static 0.252 sstatic 0.234 c1 0.982 c50 0.191 fac1 0.972 fac50 -0.083 lock 0.00 move 0.126 period None osc -0.088@44 pr 10.2 sens10 1.13 sens50 3.54 sat None dead 0.04 frozen 0.31 nbin 300 fat 0.363 | 36.9s
ex16|kwta4|0|0.9|dep|300|0.5|51: static 0.230 sstatic 0.225 c1 0.983 c50 0.153 fac1 0.975 fac50 -0.098 lock 0.00 move 0.143 period None osc -0.102@44 pr 10.7 sens10 3.19 sens50 3.81 sat None dead 0.03 frozen 0.32 nbin 300 fat 0.330 | 37.0s
ex16|sign|1|0.0|sub|10|0.5|50: static 0.001 sstatic 0.002 c1 -0.067 c50 0.007 fac1 -0.072 fac50 0.003 lock 0.01 move 1.46 period None osc -0.072@1 pr 21.5 sens10 4.13 sens50 4.15 sat 1.000 dead 0.03 frozen 0.04 nbin 300 fat 0.119 | 24.0s
ex16|sign|1|0.0|sub|10|0.5|51: static 0.001 sstatic 0.002 c1 -0.061 c50 0.006 fac1 -0.069 fac50 0.001 lock 0.00 move 1.45 period None osc -0.069@1 pr 21.4 sens10 4.12 sens50 4.15 sat 1.000 dead 0.03 frozen 0.03 nbin 300 fat 0.123 | 24.1s
ex16|kwta4|0|0.9|div|300|0.5|50: static 0.253 sstatic 0.215 c1 0.997 c50 0.162 fac1 0.993 fac50 -0.107 lock 0.00 move 0.0728 period None osc -0.107@50 pr 6.7 sens10 -0.28 sens50 -0.75 sat None dead 0.04 frozen 0.05 nbin 300 fat 16.951 | 61.7s
ex16|sign|1|0.0|sub|10|1.0|50: static 0.000 sstatic 0.001 c1 -0.082 c50 0.004 fac1 -0.084 fac50 0.004 lock 0.01 move 1.47 period None osc -0.084@1 pr 21.6 sens10 4.11 sens50 4.14 sat 1.000 dead 0.03 frozen 0.04 nbin 300 fat 0.213 | 24.1s
ex16|sign|1|0.0|sub|10|1.0|51: static 0.000 sstatic 0.001 c1 -0.084 c50 -0.000 fac1 -0.085 fac50 -0.000 lock 0.00 move 1.47 period None osc -0.085@1 pr 21.4 sens10 4.12 sens50 4.15 sat 1.000 dead 0.03 frozen 0.03 nbin 300 fat 0.216 | 24.1s
ex16|sign|1|0.0|sub|30|0.5|50: static 0.001 sstatic 0.002 c1 -0.014 c50 -0.000 fac1 -0.019 fac50 -0.004 lock 0.01 move 1.42 period None osc -0.027@2 pr 21.0 sens10 4.12 sens50 4.14 sat 1.000 dead 0.03 frozen 0.04 nbin 300 fat 0.084 | 24.2s
ex16|kwta4|0|0.9|dep|100|0.5|50: static 0.376 sstatic 0.302 c1 0.980 c50 0.296 fac1 0.964 fac50 -0.108 lock 0.00 move 0.151 period None osc -0.112@44 pr 10.4 sens10 1.91 sens50 3.71 sat None dead 0.04 frozen 0.13 nbin 300 fat 0.545 | 59.0s
ex16|sign|1|0.0|sub|3|0.5|51: static 0.000 sstatic 0.001 c1 -0.206 c50 -0.002 fac1 -0.210 fac50 -0.002 lock 0.00 move 1.56 period None osc -0.210@1 pr 21.2 sens10 4.13 sens50 4.15 sat 0.970 dead 0.03 frozen 0.03 nbin 300 fat 0.190 | 43.5s
ex16|sign|1|0.0|sub|3|1.0|50: static 0.000 sstatic 0.001 c1 -0.267 c50 0.002 fac1 -0.271 fac50 0.002 lock 0.01 move 1.59 period None osc -0.271@1 pr 21.3 sens10 4.11 sens50 4.15 sat 1.000 dead 0.03 frozen 0.04 nbin 300 fat 0.393 | 42.3s
ex16|sign|1|0.0|sub|30|1.0|50: static 0.000 sstatic 0.001 c1 -0.022 c50 -0.002 fac1 -0.023 fac50 -0.002 lock 0.01 move 1.43 period None osc -0.028@2 pr 21.0 sens10 4.12 sens50 4.15 sat 1.000 dead 0.03 frozen 0.04 nbin 300 fat 0.140 | 24.3s
ex16|sign|1|0.0|sub|3|1.0|51: static 0.000 sstatic 0.001 c1 -0.266 c50 -0.008 fac1 -0.268 fac50 -0.007 lock 0.00 move 1.59 period None osc -0.268@1 pr 21.1 sens10 4.10 sens50 4.14 sat 1.000 dead 0.03 frozen 0.03 nbin 300 fat 0.394 | 43.2s
ex16|sign|1|0.0|sub|100|0.5|50: static 0.001 sstatic 0.002 c1 -0.003 c50 -0.001 fac1 -0.008 fac50 -0.006 lock 0.04 move 1.41 period None osc -0.013@6 pr 20.9 sens10 4.13 sens50 4.14 sat 1.000 dead 0.00 frozen 0.04 nbin 300 fat 0.064 | 24.5s
ex16|sign|1|0.0|sub|100|0.5|51: static 0.002 sstatic 0.003 c1 -0.002 c50 0.004 fac1 -0.009 fac50 -0.001 lock 0.03 move 1.41 period None osc -0.011@12 pr 20.9 sens10 4.13 sens50 4.14 sat 1.000 dead 0.00 frozen 0.03 nbin 300 fat 0.073 | 24.3s
ex16|sign|1|0.0|sub|100|1.0|51: static 0.001 sstatic 0.002 c1 -0.006 c50 -0.000 fac1 -0.007 fac50 -0.000 lock 0.02 move 1.42 period None osc -0.014@3 pr 20.9 sens10 4.12 sens50 4.15 sat 1.000 dead 0.00 frozen 0.03 nbin 300 fat 0.111 | 24.4s
ex16|kwta4|0|0.9|dep|100|0.5|51: static 0.340 sstatic 0.274 c1 0.979 c50 0.265 fac1 0.965 fac50 -0.105 lock 0.00 move 0.175 period None osc -0.123@41 pr 11.4 sens10 0.18 sens50 3.16 sat None dead 0.03 frozen 0.13 nbin 300 fat 0.510 | 71.2s
ex16|sign|1|0.0|sub|300|0.5|51: static 0.003 sstatic 0.003 c1 0.005 c50 -0.003 fac1 -0.000 fac50 -0.008 lock 0.03 move 1.4 period None osc -0.010@46 pr 20.8 sens10 4.14 sens50 4.15 sat 1.000 dead 0.00 frozen 0.03 nbin 300 fat 0.068 | 24.4s
ex16|sign|1|0.0|sub|300|1.0|50: static 0.002 sstatic 0.002 c1 -0.004 c50 0.000 fac1 -0.008 fac50 -0.002 lock 0.04 move 1.42 period None osc -0.009@13 pr 20.9 sens10 4.14 sens50 4.14 sat 1.000 dead 0.00 frozen 0.04 nbin 300 fat 0.084 | 24.4s
ex16|sign|1|0.0|sub|30|0.5|51: static 0.001 sstatic 0.002 c1 -0.017 c50 0.004 fac1 -0.023 fac50 -0.001 lock 0.00 move 1.42 period None osc -0.023@1 pr 20.8 sens10 4.12 sens50 4.13 sat 1.000 dead 0.03 frozen 0.03 nbin 300 fat 0.089 | 44.6s
ex16|sign|1|0.0|sub|300|1.0|51: static 0.002 sstatic 0.002 c1 -0.001 c50 -0.001 fac1 -0.002 fac50 -0.003 lock 0.03 move 1.41 period None osc -0.010@16 pr 20.8 sens10 4.13 sens50 4.14 sat 1.000 dead 0.00 frozen 0.03 nbin 300 fat 0.098 | 24.4s
ex16|sign|1|0.0|div|3|0.5|50: static 0.004 sstatic 0.004 c1 0.005 c50 0.000 fac1 -0.000 fac50 -0.004 lock 0.00 move 1.41 period None osc -0.008@3 pr 21.9 sens10 4.13 sens50 4.14 sat 0.965 dead 0.04 frozen 0.04 nbin 300 fat 0.388 | 24.4s
ex16|sign|1|0.0|sub|30|1.0|51: static 0.000 sstatic 0.001 c1 -0.025 c50 -0.006 fac1 -0.026 fac50 -0.005 lock 0.00 move 1.43 period None osc -0.031@3 pr 20.8 sens10 4.13 sens50 4.15 sat 1.000 dead 0.03 frozen 0.03 nbin 300 fat 0.154 | 43.7s
ex16|sign|1|0.0|div|3|2.0|51: static 0.003 sstatic 0.003 c1 0.000 c50 0.000 fac1 -0.003 fac50 -0.003 lock 0.00 move 1.41 period None osc -0.010@18 pr 22.1 sens10 4.14 sens50 4.15 sat 0.970 dead 0.03 frozen 0.03 nbin 300 fat 1.565 | 24.2s
ex16|sign|1|0.0|sub|100|1.0|50: static 0.001 sstatic 0.002 c1 -0.001 c50 -0.004 fac1 -0.002 fac50 -0.004 lock 0.03 move 1.41 period None osc -0.011@3 pr 20.9 sens10 4.14 sens50 4.16 sat 1.000 dead 0.00 frozen 0.04 nbin 300 fat 0.101 | 42.8s
ex16|sign|1|0.0|div|10|0.5|51: static 0.003 sstatic 0.003 c1 0.000 c50 0.000 fac1 -0.003 fac50 -0.003 lock 0.00 move 1.41 period None osc -0.011@18 pr 21.7 sens10 4.14 sens50 4.15 sat 0.970 dead 0.03 frozen 0.03 nbin 300 fat 0.391 | 24.3s
ex16|sign|1|0.0|div|10|2.0|50: static 0.004 sstatic 0.004 c1 0.005 c50 0.000 fac1 -0.000 fac50 -0.004 lock 0.00 move 1.41 period None osc -0.007@38 pr 22.1 sens10 4.13 sens50 4.14 sat 0.965 dead 0.04 frozen 0.04 nbin 300 fat 1.552 | 24.2s
ex16|sign|1|0.0|sub|300|0.5|50: static 0.003 sstatic 0.003 c1 -0.003 c50 -0.001 fac1 -0.008 fac50 -0.004 lock 0.04 move 1.41 period None osc -0.009@2 pr 21.0 sens10 4.13 sens50 4.14 sat 1.000 dead 0.00 frozen 0.04 nbin 300 fat 0.058 | 43.4s
ex16|sign|1|0.0|div|10|2.0|51: static 0.003 sstatic 0.003 c1 0.000 c50 0.000 fac1 -0.003 fac50 -0.003 lock 0.00 move 1.41 period None osc -0.011@18 pr 21.9 sens10 4.14 sens50 4.15 sat 0.970 dead 0.03 frozen 0.03 nbin 300 fat 1.562 | 24.2s
ex16|sign|1|0.0|div|30|0.5|51: static 0.003 sstatic 0.003 c1 0.000 c50 0.000 fac1 -0.004 fac50 -0.003 lock 0.00 move 1.41 period None osc -0.011@18 pr 21.7 sens10 4.14 sens50 4.15 sat 0.970 dead 0.03 frozen 0.03 nbin 300 fat 0.390 | 24.2s
ex16|sign|1|0.0|div|30|2.0|50: static 0.004 sstatic 0.004 c1 0.005 c50 0.000 fac1 -0.000 fac50 -0.004 lock 0.00 move 1.41 period None osc -0.008@3 pr 22.0 sens10 4.13 sens50 4.14 sat 0.965 dead 0.04 frozen 0.04 nbin 300 fat 1.550 | 24.2s
ex16|sign|1|0.0|div|100|0.5|50: static 0.004 sstatic 0.004 c1 0.005 c50 0.000 fac1 0.001 fac50 -0.003 lock 0.00 move 1.41 period None osc -0.008@3 pr 21.8 sens10 4.13 sens50 4.14 sat 0.965 dead 0.04 frozen 0.04 nbin 300 fat 0.387 | 24.2s
ex16|sign|1|0.0|div|3|0.5|51: static 0.003 sstatic 0.003 c1 0.000 c50 0.000 fac1 -0.003 fac50 -0.003 lock 0.00 move 1.41 period None osc -0.011@18 pr 21.8 sens10 4.14 sens50 4.15 sat 0.970 dead 0.03 frozen 0.03 nbin 300 fat 0.391 | 43.9s
ex16|sign|1|0.0|div|3|2.0|50: static 0.004 sstatic 0.004 c1 0.004 c50 -0.000 fac1 0.000 fac50 -0.004 lock 0.00 move 1.41 period None osc -0.008@3 pr 22.3 sens10 4.13 sens50 4.14 sat 0.965 dead 0.04 frozen 0.04 nbin 300 fat 1.554 | 42.8s
ex16|sign|1|0.0|div|100|0.5|51: static 0.003 sstatic 0.003 c1 0.000 c50 0.000 fac1 -0.004 fac50 -0.002 lock 0.00 move 1.41 period None osc -0.011@18 pr 21.7 sens10 4.14 sens50 4.15 sat 0.970 dead 0.03 frozen 0.03 nbin 300 fat 0.390 | 24.0s
ex16|sign|1|0.0|div|10|0.5|50: static 0.004 sstatic 0.004 c1 0.005 c50 0.000 fac1 0.000 fac50 -0.004 lock 0.00 move 1.41 period None osc -0.008@3 pr 21.9 sens10 4.13 sens50 4.14 sat 0.965 dead 0.04 frozen 0.04 nbin 300 fat 0.388 | 43.4s
ex16|sign|1|0.0|div|100|2.0|51: static 0.003 sstatic 0.003 c1 0.000 c50 0.000 fac1 -0.003 fac50 -0.002 lock 0.00 move 1.41 period None osc -0.011@18 pr 21.8 sens10 4.14 sens50 4.15 sat 0.970 dead 0.03 frozen 0.03 nbin 300 fat 1.558 | 23.8s
ex16|sign|1|0.0|div|300|0.5|51: static 0.003 sstatic 0.003 c1 0.000 c50 0.000 fac1 -0.003 fac50 -0.002 lock 0.00 move 1.41 period None osc -0.011@18 pr 21.7 sens10 4.14 sens50 4.15 sat 0.970 dead 0.03 frozen 0.03 nbin 300 fat 0.376 | 23.9s
ex16|sign|1|0.0|div|300|2.0|50: static 0.004 sstatic 0.004 c1 0.005 c50 0.000 fac1 0.000 fac50 -0.004 lock 0.00 move 1.41 period None osc -0.007@3 pr 21.9 sens10 4.13 sens50 4.14 sat 0.965 dead 0.04 frozen 0.04 nbin 300 fat 1.495 | 23.7s
ex16|sign|1|0.0|div|30|0.5|50: static 0.004 sstatic 0.004 c1 0.005 c50 0.000 fac1 0.001 fac50 -0.004 lock 0.00 move 1.41 period None osc -0.008@3 pr 21.8 sens10 4.13 sens50 4.14 sat 0.965 dead 0.04 frozen 0.04 nbin 300 fat 0.387 | 41.2s
ex16|sign|1|0.0|div|30|2.0|51: static 0.003 sstatic 0.003 c1 0.000 c50 0.000 fac1 -0.004 fac50 -0.002 lock 0.00 move 1.41 period None osc -0.011@18 pr 21.9 sens10 4.14 sens50 4.15 sat 0.970 dead 0.03 frozen 0.03 nbin 300 fat 1.560 | 41.0s
ex16|sign|1|0.0|dep|3|0.1|50: static 0.004 sstatic 0.004 c1 0.004 c50 0.004 fac1 -0.001 fac50 -0.001 lock 0.00 move 1.41 period None osc -0.009@29 pr 21.6 sens10 4.14 sens50 4.15 sat 0.965 dead 0.04 frozen 0.04 nbin 300 fat 0.777 | 26.0s
ex16|sign|1|0.0|div|100|2.0|50: static 0.004 sstatic 0.004 c1 0.005 c50 0.000 fac1 0.000 fac50 -0.004 lock 0.00 move 1.41 period None osc -0.008@38 pr 22.0 sens10 4.13 sens50 4.14 sat 0.965 dead 0.04 frozen 0.04 nbin 300 fat 1.549 | 42.4s
ex16|sign|1|0.0|dep|3|0.1|51: static 0.003 sstatic 0.003 c1 0.002 c50 0.001 fac1 -0.001 fac50 -0.002 lock 0.00 move 1.41 period None osc -0.008@14 pr 21.5 sens10 4.13 sens50 4.15 sat 0.970 dead 0.03 frozen 0.03 nbin 300 fat 0.776 | 26.0s
ex16|sign|1|0.0|dep|3|0.5|50: static 0.007 sstatic 0.006 c1 0.005 c50 0.001 fac1 -0.003 fac50 -0.007 lock 0.00 move 1.41 period None osc -0.008@31 pr 21.7 sens10 4.13 sens50 4.15 sat 0.965 dead 0.04 frozen 0.04 nbin 300 fat 0.421 | 26.0s
ex16|sign|1|0.0|dep|3|0.5|51: static 0.003 sstatic 0.003 c1 0.000 c50 0.002 fac1 -0.004 fac50 -0.000 lock 0.00 move 1.41 period None osc -0.007@35 pr 21.5 sens10 4.14 sens50 4.16 sat 0.970 dead 0.03 frozen 0.03 nbin 300 fat 0.418 | 26.0s
ex16|sign|1|0.0|div|300|0.5|50: static 0.004 sstatic 0.004 c1 0.005 c50 0.000 fac1 0.001 fac50 -0.003 lock 0.00 move 1.41 period None osc -0.008@3 pr 21.8 sens10 4.13 sens50 4.14 sat 0.965 dead 0.04 frozen 0.04 nbin 300 fat 0.374 | 41.3s
ex16|sign|1|0.0|dep|10|0.5|50: static 0.014 sstatic 0.010 c1 0.010 c50 0.015 fac1 -0.008 fac50 -0.002 lock 0.00 move 1.39 period None osc -0.009@6 pr 21.6 sens10 4.11 sens50 4.14 sat 0.965 dead 0.04 frozen 0.04 nbin 300 fat 0.196 | 26.0s
ex16|sign|1|0.0|div|300|2.0|51: static 0.003 sstatic 0.003 c1 0.000 c50 0.000 fac1 -0.004 fac50 -0.002 lock 0.00 move 1.41 period None osc -0.011@18 pr 21.8 sens10 4.14 sens50 4.15 sat 0.970 dead 0.03 frozen 0.03 nbin 300 fat 1.503 | 42.3s
ex16|sign|1|0.0|dep|30|0.1|50: static 0.010 sstatic 0.008 c1 0.009 c50 0.010 fac1 -0.004 fac50 -0.002 lock 0.00 move 1.4 period None osc -0.009@48 pr 21.7 sens10 4.13 sens50 4.14 sat 0.965 dead 0.04 frozen 0.04 nbin 300 fat 0.276 | 26.0s
ex16|sign|1|0.0|dep|30|0.1|51: static 0.004 sstatic 0.003 c1 0.001 c50 -0.000 fac1 -0.003 fac50 -0.004 lock 0.00 move 1.41 period None osc -0.009@18 pr 21.4 sens10 4.14 sens50 4.14 sat 0.970 dead 0.03 frozen 0.03 nbin 300 fat 0.273 | 26.1s
ex16|sign|1|0.0|dep|30|0.5|50: static 0.019 sstatic 0.014 c1 0.019 c50 0.024 fac1 -0.002 fac50 -0.000 lock 0.00 move 1.33 period None osc -0.009@9 pr 21.3 sens10 4.03 sens50 4.08 sat 0.965 dead 0.04 frozen 0.16 nbin 300 fat 0.095 | 26.2s
ex16|sign|1|0.0|dep|100|0.1|51: static 0.004 sstatic 0.003 c1 0.003 c50 0.007 fac1 -0.001 fac50 0.003 lock 0.00 move 1.4 period None osc -0.011@19 pr 21.3 sens10 4.12 sens50 4.15 sat 0.970 dead 0.03 frozen 0.07 nbin 300 fat 0.118 | 26.5s
ex16|sign|1|0.0|dep|10|0.1|50: static 0.006 sstatic 0.005 c1 0.000 c50 0.005 fac1 -0.007 fac50 -0.003 lock 0.00 move 1.41 period None osc -0.009@9 pr 21.7 sens10 4.13 sens50 4.16 sat 0.965 dead 0.04 frozen 0.04 nbin 300 fat 0.518 | 47.1s
ex16|sign|1|0.0|dep|10|0.1|51: static 0.003 sstatic 0.003 c1 0.001 c50 0.003 fac1 -0.002 fac50 -0.000 lock 0.00 move 1.41 period None osc -0.010@35 pr 21.5 sens10 4.13 sens50 4.14 sat 0.970 dead 0.03 frozen 0.03 nbin 300 fat 0.515 | 46.9s
ex16|sign|1|0.0|dep|100|0.5|51: static 0.004 sstatic 0.004 c1 -0.006 c50 0.001 fac1 -0.011 fac50 -0.002 lock 0.00 move 1.3 period None osc -0.011@1 pr 21.3 sens10 3.96 sens50 4.01 sat 0.970 dead 0.03 frozen 0.99 nbin 300 fat 0.049 | 26.6s
ex16|sign|1|0.0|dep|300|0.1|50: static 0.020 sstatic 0.014 c1 0.024 c50 0.017 fac1 0.002 fac50 -0.003 lock 0.00 move 1.23 period None osc -0.010@48 pr 21.3 sens10 3.87 sens50 3.96 sat 0.965 dead 0.04 frozen 0.81 nbin 300 fat 0.066 | 26.7s
ex16|sign|1|0.0|dep|300|0.1|51: static 0.004 sstatic 0.004 c1 0.001 c50 -0.000 fac1 -0.002 fac50 -0.004 lock 0.00 move 1.35 period None osc -0.008@17 pr 21.3 sens10 4.05 sens50 4.07 sat 0.970 dead 0.03 frozen 0.83 nbin 300 fat 0.061 | 26.7s
ex16|sign|1|0.0|dep|10|0.5|51: static 0.003 sstatic 0.003 c1 -0.001 c50 -0.002 fac1 -0.004 fac50 -0.005 lock 0.00 move 1.41 period None osc -0.012@3 pr 21.3 sens10 4.14 sens50 4.15 sat 0.970 dead 0.03 frozen 0.03 nbin 300 fat 0.192 | 48.1s
ex16|sign|1|0.0|dep|300|0.5|51: static 0.004 sstatic 0.004 c1 -0.002 c50 0.000 fac1 -0.007 fac50 -0.004 lock 0.00 move 1.14 period None osc -0.009@38 pr 21.3 sens10 3.59 sens50 3.65 sat 0.970 dead 0.03 frozen 0.99 nbin 299 fat 0.036 | 26.9s
ex16|sign|1|0.5|none|0|0.0|51: static 0.035 sstatic 0.026 c1 0.903 c50 -0.004 fac1 0.898 fac50 -0.041 lock 0.00 move 0.436 period None osc -0.053@24 pr 15.2 sens10 3.98 sens50 4.14 sat 0.970 dead 0.03 frozen 0.03 nbin 300 fat None | 22.0s
ex16|sign|1|0.0|dep|30|0.5|51: static 0.003 sstatic 0.003 c1 0.000 c50 0.004 fac1 -0.004 fac50 0.001 lock 0.00 move 1.39 period None osc -0.009@32 pr 21.3 sens10 4.11 sens50 4.13 sat 0.970 dead 0.03 frozen 0.18 nbin 300 fat 0.091 | 47.6s
ex16|sign|1|0.5|sub|3|0.5|50: static 0.003 sstatic 0.004 c1 0.708 c50 0.001 fac1 0.708 fac50 -0.002 lock 0.00 move 0.759 period None osc -0.298@6 pr 18.4 sens10 4.03 sens50 4.15 sat 0.965 dead 0.04 frozen 0.04 nbin 300 fat 0.356 | 25.0s
ex16|sign|1|0.0|dep|100|0.1|50: static 0.016 sstatic 0.011 c1 0.011 c50 0.012 fac1 -0.007 fac50 -0.007 lock 0.00 move 1.36 period None osc -0.007@42 pr 21.4 sens10 4.09 sens50 4.10 sat 0.965 dead 0.04 frozen 0.06 nbin 300 fat 0.123 | 47.8s
ex16|sign|1|0.5|sub|3|0.5|51: static 0.003 sstatic 0.003 c1 0.709 c50 -0.007 fac1 0.711 fac50 -0.010 lock 0.00 move 0.757 period None osc -0.311@6 pr 18.2 sens10 4.06 sens50 4.13 sat 0.970 dead 0.03 frozen 0.03 nbin 300 fat 0.342 | 24.8s
ex16|sign|1|0.0|dep|100|0.5|50: static 0.021 sstatic 0.015 c1 0.016 c50 0.016 fac1 -0.005 fac50 -0.006 lock 0.00 move 1.17 period None osc -0.010@6 pr 21.2 sens10 3.72 sens50 3.82 sat 0.965 dead 0.04 frozen 0.96 nbin 300 fat 0.054 | 47.7s
ex16|sign|1|0.5|sub|3|1.0|50: static 0.000 sstatic 0.001 c1 0.602 c50 -0.009 fac1 0.606 fac50 -0.008 lock 0.01 move 0.885 period None osc -0.444@5 pr 18.2 sens10 3.96 sens50 4.13 sat 1.000 dead 0.03 frozen 0.04 nbin 300 fat 0.619 | 24.8s
ex16|sign|1|0.5|none|0|0.0|50: static 0.040 sstatic 0.029 c1 0.900 c50 0.006 fac1 0.894 fac50 -0.027 lock 0.00 move 0.444 period None osc -0.051@25 pr 15.4 sens10 3.94 sens50 4.15 sat 0.965 dead 0.04 frozen 0.04 nbin 300 fat None | 39.0s
ex16|sign|1|0.5|sub|10|0.5|51: static 0.006 sstatic 0.007 c1 0.839 c50 0.019 fac1 0.837 fac50 0.006 lock 0.00 move 0.56 period None osc -0.309@10 pr 16.3 sens10 4.02 sens50 4.14 sat 1.000 dead 0.03 frozen 0.03 nbin 300 fat 0.233 | 24.6s
ex16|sign|1|0.0|dep|300|0.5|50: static 0.021 sstatic 0.015 c1 0.020 c50 0.016 fac1 -0.004 fac50 -0.006 lock 0.00 move 1.1 period None osc -0.010@31 pr 21.2 sens10 3.28 sens50 3.39 sat 0.965 dead 0.04 frozen 0.96 nbin 300 fat 0.041 | 47.5s
ex16|sign|1|0.5|sub|10|1.0|50: static 0.000 sstatic 0.002 c1 0.821 c50 -0.010 fac1 0.822 fac50 -0.010 lock 0.01 move 0.594 period None osc -0.361@9 pr 16.2 sens10 3.93 sens50 4.11 sat 1.000 dead 0.03 frozen 0.04 nbin 300 fat 0.410 | 24.5s
ex16|sign|1|0.5|sub|10|1.0|51: static 0.000 sstatic 0.002 c1 0.821 c50 0.005 fac1 0.822 fac50 0.005 lock 0.00 move 0.591 period None osc -0.371@9 pr 15.9 sens10 3.93 sens50 4.13 sat 1.000 dead 0.03 frozen 0.03 nbin 300 fat 0.410 | 24.4s
ex16|sign|1|0.5|sub|30|0.5|51: static 0.005 sstatic 0.006 c1 0.881 c50 0.013 fac1 0.878 fac50 0.002 lock 0.00 move 0.484 period None osc -0.181@15 pr 15.2 sens10 3.99 sens50 4.15 sat 1.000 dead 0.03 frozen 0.03 nbin 300 fat 0.160 | 24.3s
ex16|sign|1|0.5|sub|30|1.0|50: static 0.001 sstatic 0.003 c1 0.875 c50 0.014 fac1 0.874 fac50 0.012 lock 0.01 move 0.496 period None osc -0.226@14 pr 15.2 sens10 3.93 sens50 4.15 sat 1.000 dead 0.03 frozen 0.04 nbin 300 fat 0.266 | 24.2s
ex16|sign|1|0.5|sub|100|0.5|50: static 0.007 sstatic 0.007 c1 0.894 c50 -0.034 fac1 0.892 fac50 -0.038 lock 0.04 move 0.455 period None osc -0.093@30 pr 14.8 sens10 3.97 sens50 4.13 sat 1.000 dead 0.00 frozen 0.04 nbin 300 fat 0.108 | 24.1s
ex16|sign|1|0.5|sub|100|1.0|50: static 0.003 sstatic 0.005 c1 0.893 c50 -0.065 fac1 0.892 fac50 -0.058 lock 0.03 move 0.457 period None osc -0.088@25 pr 14.9 sens10 3.93 sens50 4.11 sat 1.000 dead 0.00 frozen 0.04 nbin 300 fat 0.175 | 24.0s
ex16|sign|1|0.5|sub|10|0.5|50: static 0.004 sstatic 0.005 c1 0.838 c50 0.010 fac1 0.836 fac50 0.001 lock 0.01 move 0.562 period None osc -0.305@10 pr 16.2 sens10 3.97 sens50 4.13 sat 1.000 dead 0.03 frozen 0.04 nbin 300 fat 0.219 | 41.9s
ex16|sign|1|0.5|sub|3|1.0|51: static 0.000 sstatic 0.001 c1 0.608 c50 0.014 fac1 0.611 fac50 0.012 lock 0.00 move 0.88 period None osc -0.453@5 pr 17.8 sens10 3.99 sens50 4.13 sat 1.000 dead 0.03 frozen 0.03 nbin 300 fat 0.634 | 43.2s
ex16|sign|1|0.5|sub|300|0.5|50: static 0.016 sstatic 0.013 c1 0.901 c50 -0.026 fac1 0.897 fac50 -0.044 lock 0.04 move 0.441 period None osc -0.049@25 pr 14.8 sens10 3.92 sens50 4.13 sat 1.000 dead 0.00 frozen 0.04 nbin 300 fat 0.085 | 24.0s
ex16|sign|1|0.5|sub|30|0.5|50: static 0.004 sstatic 0.005 c1 0.878 c50 0.016 fac1 0.876 fac50 0.006 lock 0.01 move 0.49 period None osc -0.158@14 pr 15.5 sens10 3.96 sens50 4.15 sat 1.000 dead 0.03 frozen 0.04 nbin 300 fat 0.149 | 43.2s
ex16|sign|1|0.5|sub|300|1.0|50: static 0.012 sstatic 0.011 c1 0.901 c50 -0.034 fac1 0.898 fac50 -0.037 lock 0.04 move 0.443 period None osc -0.037@25 pr 14.5 sens10 3.88 sens50 4.10 sat 1.000 dead 0.00 frozen 0.04 nbin 300 fat 0.128 | 24.0s
ex16|sign|1|0.5|div|3|0.5|50: static 0.038 sstatic 0.029 c1 0.884 c50 0.006 fac1 0.878 fac50 -0.026 lock 0.00 move 0.481 period None osc -0.049@26 pr 16.1 sens10 3.95 sens50 4.13 sat 0.965 dead 0.04 frozen 0.04 nbin 300 fat 0.388 | 24.0s
ex16|sign|1|0.5|div|3|0.5|51: static 0.033 sstatic 0.026 c1 0.886 c50 -0.003 fac1 0.881 fac50 -0.038 lock 0.00 move 0.473 period None osc -0.049@23 pr 15.9 sens10 3.99 sens50 4.14 sat 0.970 dead 0.03 frozen 0.03 nbin 300 fat 0.389 | 24.0s
ex16|sign|1|0.5|sub|30|1.0|51: static 0.001 sstatic 0.003 c1 0.876 c50 -0.002 fac1 0.876 fac50 -0.002 lock 0.00 move 0.491 period None osc -0.224@14 pr 15.0 sens10 3.98 sens50 4.12 sat 1.000 dead 0.03 frozen 0.03 nbin 300 fat 0.287 | 41.6s
ex16|sign|1|0.5|div|3|2.0|50: static 0.034 sstatic 0.029 c1 0.860 c50 0.006 fac1 0.853 fac50 -0.023 lock 0.00 move 0.529 period None osc -0.045@25 pr 17.2 sens10 3.97 sens50 4.13 sat 0.965 dead 0.04 frozen 0.04 nbin 300 fat 1.553 | 24.1s
ex16|sign|1|0.5|div|3|2.0|51: static 0.030 sstatic 0.026 c1 0.863 c50 -0.004 fac1 0.857 fac50 -0.034 lock 0.00 move 0.521 period None osc -0.046@24 pr 16.9 sens10 4.01 sens50 4.14 sat 0.970 dead 0.03 frozen 0.04 nbin 300 fat 1.558 | 24.1s
ex16|sign|1|0.5|sub|100|0.5|51: static 0.008 sstatic 0.009 c1 0.897 c50 -0.017 fac1 0.893 fac50 -0.028 lock 0.03 move 0.45 period None osc -0.078@23 pr 14.9 sens10 4.00 sens50 4.14 sat 1.000 dead 0.00 frozen 0.03 nbin 300 fat 0.117 | 41.6s
ex16|sign|1|0.5|div|10|0.5|50: static 0.038 sstatic 0.029 c1 0.891 c50 0.006 fac1 0.885 fac50 -0.027 lock 0.00 move 0.465 period None osc -0.049@26 pr 16.0 sens10 3.94 sens50 4.15 sat 0.965 dead 0.04 frozen 0.04 nbin 300 fat 0.388 | 24.3s
ex16|sign|1|0.5|div|10|0.5|51: static 0.033 sstatic 0.026 c1 0.894 c50 -0.004 fac1 0.889 fac50 -0.039 lock 0.00 move 0.457 period None osc -0.049@25 pr 15.8 sens10 3.99 sens50 4.14 sat 0.970 dead 0.03 frozen 0.03 nbin 300 fat 0.390 | 24.3s
ex16|sign|1|0.5|sub|100|1.0|51: static 0.004 sstatic 0.005 c1 0.895 c50 -0.039 fac1 0.894 fac50 -0.036 lock 0.01 move 0.456 period None osc -0.101@22 pr 14.8 sens10 3.97 sens50 4.12 sat 1.000 dead 0.00 frozen 0.03 nbin 300 fat 0.186 | 43.4s
ex16|sign|1|0.5|sub|300|0.5|51: static 0.020 sstatic 0.016 c1 0.902 c50 -0.021 fac1 0.897 fac50 -0.040 lock 0.03 move 0.44 period None osc -0.049@43 pr 14.9 sens10 3.90 sens50 4.13 sat 1.000 dead 0.00 frozen 0.03 nbin 300 fat 0.100 | 43.3s
ex16|sign|1|0.5|sub|300|1.0|51: static 0.010 sstatic 0.010 c1 0.899 c50 -0.034 fac1 0.897 fac50 -0.039 lock 0.03 move 0.446 period None osc -0.054@24 pr 15.0 sens10 3.89 sens50 4.13 sat 1.000 dead 0.00 frozen 0.03 nbin 300 fat 0.142 | 42.5s
ex16|sign|1|0.5|div|30|0.5|50: static 0.039 sstatic 0.029 c1 0.897 c50 0.007 fac1 0.890 fac50 -0.027 lock 0.00 move 0.453 period None osc -0.051@25 pr 15.8 sens10 3.94 sens50 4.15 sat 0.965 dead 0.04 frozen 0.04 nbin 300 fat 0.388 | 24.3s
ex16|sign|1|0.5|div|30|2.0|50: static 0.037 sstatic 0.029 c1 0.892 c50 0.006 fac1 0.886 fac50 -0.027 lock 0.00 move 0.463 period None osc -0.049@25 pr 16.3 sens10 3.95 sens50 4.15 sat 0.965 dead 0.04 frozen 0.04 nbin 300 fat 1.551 | 24.2s
ex16|sign|1|0.5|div|30|2.0|51: static 0.033 sstatic 0.026 c1 0.895 c50 -0.003 fac1 0.890 fac50 -0.038 lock 0.00 move 0.456 period None osc -0.048@25 pr 16.0 sens10 3.99 sens50 4.14 sat 0.970 dead 0.03 frozen 0.03 nbin 300 fat 1.560 | 24.2s
ex16|sign|1|0.5|div|100|0.5|50: static 0.039 sstatic 0.029 c1 0.899 c50 0.008 fac1 0.893 fac50 -0.027 lock 0.00 move 0.447 period None osc -0.050@25 pr 15.7 sens10 3.94 sens50 4.15 sat 0.965 dead 0.04 frozen 0.04 nbin 300 fat 0.388 | 24.3s
ex16|sign|1|0.5|div|100|2.0|50: static 0.039 sstatic 0.029 c1 0.898 c50 0.008 fac1 0.892 fac50 -0.027 lock 0.00 move 0.451 period None osc -0.050@25 pr 16.0 sens10 3.94 sens50 4.15 sat 0.965 dead 0.04 frozen 0.04 nbin 300 fat 1.550 | 24.5s
ex16|sign|1|0.5|div|100|2.0|51: static 0.035 sstatic 0.026 c1 0.900 c50 -0.004 fac1 0.895 fac50 -0.040 lock 0.00 move 0.443 period None osc -0.051@24 pr 15.8 sens10 3.98 sens50 4.14 sat 0.970 dead 0.03 frozen 0.03 nbin 300 fat 1.559 | 24.4s
ex16|sign|1|0.5|div|10|2.0|51: static 0.031 sstatic 0.026 c1 0.883 c50 -0.004 fac1 0.878 fac50 -0.037 lock 0.00 move 0.481 period None osc -0.046@24 pr 16.5 sens10 3.99 sens50 4.14 sat 0.970 dead 0.03 frozen 0.03 nbin 300 fat 1.561 | 44.0s
ex16|sign|1|0.5|div|300|0.5|51: static 0.035 sstatic 0.026 c1 0.902 c50 -0.003 fac1 0.898 fac50 -0.040 lock 0.00 move 0.438 period None osc -0.052@24 pr 15.4 sens10 3.98 sens50 4.14 sat 0.970 dead 0.03 frozen 0.03 nbin 300 fat 0.376 | 24.7s
ex16|sign|1|0.5|div|10|2.0|50: static 0.035 sstatic 0.029 c1 0.880 c50 0.006 fac1 0.874 fac50 -0.025 lock 0.00 move 0.489 period None osc -0.046@25 pr 16.7 sens10 3.96 sens50 4.13 sat 0.965 dead 0.04 frozen 0.04 nbin 300 fat 1.551 | 44.4s
ex16|sign|1|0.5|div|300|2.0|50: static 0.039 sstatic 0.029 c1 0.899 c50 0.008 fac1 0.893 fac50 -0.027 lock 0.00 move 0.447 period None osc -0.051@25 pr 15.8 sens10 3.95 sens50 4.15 sat 0.965 dead 0.04 frozen 0.04 nbin 300 fat 1.497 | 24.6s
ex16|sign|1|0.5|div|30|0.5|51: static 0.034 sstatic 0.026 c1 0.899 c50 -0.003 fac1 0.894 fac50 -0.040 lock 0.00 move 0.445 period None osc -0.050@24 pr 15.6 sens10 3.98 sens50 4.14 sat 0.970 dead 0.03 frozen 0.03 nbin 300 fat 0.390 | 43.7s
ex16|sign|1|0.5|div|100|0.5|51: static 0.035 sstatic 0.026 c1 0.902 c50 -0.003 fac1 0.897 fac50 -0.040 lock 0.00 move 0.44 period None osc -0.052@24 pr 15.5 sens10 3.98 sens50 4.14 sat 0.970 dead 0.03 frozen 0.03 nbin 300 fat 0.390 | 41.0s
ex16|sign|1|0.5|dep|3|0.5|50: static 0.061 sstatic 0.042 c1 0.902 c50 0.011 fac1 0.893 fac50 -0.046 lock 0.00 move 0.441 period None osc -0.046@50 pr 15.5 sens10 3.93 sens50 4.14 sat 0.965 dead 0.04 frozen 0.04 nbin 300 fat 0.421 | 26.9s
ex16|sign|1|0.5|div|300|0.5|50: static 0.040 sstatic 0.029 c1 0.900 c50 0.007 fac1 0.894 fac50 -0.027 lock 0.00 move 0.445 period None osc -0.051@25 pr 15.6 sens10 3.94 sens50 4.15 sat 0.965 dead 0.04 frozen 0.04 nbin 300 fat 0.374 | 41.1s
ex16|sign|1|0.5|dep|3|0.5|51: static 0.045 sstatic 0.032 c1 0.903 c50 0.029 fac1 0.897 fac50 -0.013 lock 0.00 move 0.437 period None osc -0.043@29 pr 15.1 sens10 4.00 sens50 4.15 sat 0.970 dead 0.03 frozen 0.03 nbin 300 fat 0.418 | 26.8s
ex16|sign|1|0.5|dep|10|0.1|51: static 0.052 sstatic 0.036 c1 0.902 c50 0.024 fac1 0.895 fac50 -0.024 lock 0.00 move 0.438 period None osc -0.040@28 pr 15.3 sens10 4.02 sens50 4.15 sat 0.970 dead 0.03 frozen 0.03 nbin 300 fat 0.515 | 26.8s
ex16|sign|1|0.5|dep|10|0.1|50: static 0.066 sstatic 0.045 c1 0.902 c50 0.029 fac1 0.893 fac50 -0.033 lock 0.00 move 0.438 period None osc -0.033@50 pr 15.5 sens10 3.97 sens50 4.14 sat 0.965 dead 0.04 frozen 0.04 nbin 300 fat 0.518 | 28.6s
ex16|sign|1|0.5|dep|10|0.5|50: static 0.117 sstatic 0.080 c1 0.903 c50 0.088 fac1 0.890 fac50 -0.024 lock 0.00 move 0.44 period None osc -0.046@26 pr 15.9 sens10 3.98 sens50 4.12 sat 0.965 dead 0.04 frozen 0.04 nbin 300 fat 0.196 | 26.8s
ex16|sign|1|0.5|div|300|2.0|51: static 0.035 sstatic 0.026 c1 0.902 c50 -0.004 fac1 0.897 fac50 -0.040 lock 0.00 move 0.439 period None osc -0.051@24 pr 15.6 sens10 3.98 sens50 4.14 sat 0.970 dead 0.03 frozen 0.03 nbin 300 fat 1.505 | 43.7s
ex16|sign|1|0.5|dep|30|0.1|51: static 0.037 sstatic 0.027 c1 0.901 c50 0.033 fac1 0.896 fac50 0.001 lock 0.00 move 0.441 period None osc -0.019@25 pr 15.3 sens10 4.03 sens50 4.14 sat 0.970 dead 0.03 frozen 0.03 nbin 300 fat 0.273 | 27.1s
ex16|sign|1|0.5|dep|10|0.5|51: static 0.036 sstatic 0.026 c1 0.904 c50 0.000 fac1 0.899 fac50 -0.033 lock 0.00 move 0.435 period None osc -0.036@27 pr 14.9 sens10 3.99 sens50 4.15 sat 0.970 dead 0.03 frozen 0.03 nbin 300 fat 0.192 | 33.2s
ex16|sign|1|0.5|dep|3|0.1|50: static 0.038 sstatic 0.028 c1 0.899 c50 0.003 fac1 0.894 fac50 -0.030 lock 0.00 move 0.446 period None osc -0.041@20 pr 15.6 sens10 3.95 sens50 4.14 sat 0.965 dead 0.04 frozen 0.04 nbin 300 fat 0.777 | 48.3s
ex16|sign|1|0.5|dep|30|0.5|51: static 0.042 sstatic 0.030 c1 0.901 c50 -0.002 fac1 0.898 fac50 -0.043 lock 0.00 move 0.442 period None osc -0.049@37 pr 14.9 sens10 4.02 sens50 4.14 sat 0.970 dead 0.03 frozen 0.06 nbin 300 fat 0.091 | 26.8s
ex16|sign|1|0.5|dep|3|0.1|51: static 0.033 sstatic 0.025 c1 0.903 c50 -0.010 fac1 0.897 fac50 -0.041 lock 0.00 move 0.436 period None osc -0.058@34 pr 15.3 sens10 3.98 sens50 4.15 sat 0.970 dead 0.03 frozen 0.03 nbin 300 fat 0.776 | 48.0s
ex16|sign|1|0.5|dep|100|0.5|50: static 0.193 sstatic 0.126 c1 0.907 c50 0.152 fac1 0.887 fac50 -0.036 lock 0.00 move 0.515 period None osc -0.040@46 pr 15.6 sens10 3.73 sens50 3.88 sat 0.965 dead 0.04 frozen 0.87 nbin 300 fat 0.054 | 26.7s
ex16|sign|1|0.5|dep|300|0.1|50: static 0.158 sstatic 0.108 c1 0.905 c50 0.137 fac1 0.888 fac50 -0.025 lock 0.00 move 0.486 period None osc -0.044@20 pr 15.5 sens10 4.02 sens50 4.01 sat 0.965 dead 0.04 frozen 0.42 nbin 300 fat 0.064 | 26.7s
ex16|sign|1|0.5|dep|300|0.1|51: static 0.036 sstatic 0.025 c1 0.903 c50 0.001 fac1 0.901 fac50 -0.027 lock 0.00 move 0.452 period None osc -0.033@34 pr 14.8 sens10 4.18 sens50 4.12 sat 0.970 dead 0.03 frozen 0.36 nbin 300 fat 0.060 | 27.4s
ex16|sign|1|0.5|dep|300|0.5|50: static 0.155 sstatic 0.105 c1 0.907 c50 0.126 fac1 0.890 fac50 -0.025 lock 0.00 move 0.548 period None osc -0.035@19 pr 15.3 sens10 3.36 sens50 3.50 sat 0.965 dead 0.04 frozen 0.96 nbin 300 fat 0.039 | 27.4s
ex16|sign|1|0.5|dep|300|0.5|51: static 0.041 sstatic 0.029 c1 0.903 c50 -0.018 fac1 0.899 fac50 -0.053 lock 0.00 move 0.529 period None osc -0.053@50 pr 14.8 sens10 3.70 sens50 3.79 sat 0.970 dead 0.03 frozen 0.99 nbin 300 fat 0.035 | 28.3s
ex16|sign|1|0.5|dep|30|0.5|50: static 0.160 sstatic 0.108 c1 0.905 c50 0.119 fac1 0.888 fac50 -0.036 lock 0.00 move 0.448 period None osc -0.044@47 pr 15.6 sens10 3.94 sens50 4.09 sat 0.965 dead 0.04 frozen 0.08 nbin 300 fat 0.095 | 49.0s
ex16|sign|1|0.5|dep|30|0.1|50: static 0.083 sstatic 0.056 c1 0.906 c50 0.061 fac1 0.894 fac50 -0.025 lock 0.00 move 0.435 period None osc -0.031@25 pr 15.5 sens10 3.97 sens50 4.14 sat 0.965 dead 0.04 frozen 0.04 nbin 300 fat 0.276 | 49.4s
ex16|sign|1|0.9|none|0|0.0|51: static 0.338 sstatic 0.232 c1 0.998 c50 0.361 fac1 0.993 fac50 0.018 lock 0.00 move 0.0605 period None osc 0.018@50 pr 5.5 sens10 3.43 sens50 3.99 sat 1.000 dead 0.03 frozen 0.10 nbin 300 fat None | 22.6s
ex16|sign|1|0.9|sub|3|0.5|50: static 0.281 sstatic 0.199 c1 0.996 c50 0.249 fac1 0.991 fac50 -0.033 lock 0.01 move 0.0891 period None osc -0.033@50 pr 6.4 sens10 3.47 sens50 3.99 sat 1.000 dead 0.03 frozen 0.17 nbin 300 fat 0.496 | 25.5s
ex16|sign|1|0.9|sub|3|1.0|50: static 0.001 sstatic 0.003 c1 0.919 c50 -0.004 fac1 0.917 fac50 -0.007 lock 0.01 move 0.401 period None osc -0.429@12 pr 13.7 sens10 3.77 sens50 4.09 sat 1.000 dead 0.03 frozen 0.08 nbin 300 fat 0.921 | 25.4s
ex16|sign|1|0.5|dep|100|0.1|50: static 0.167 sstatic 0.115 c1 0.908 c50 0.118 fac1 0.890 fac50 -0.037 lock 0.00 move 0.432 period None osc -0.037@50 pr 15.5 sens10 4.00 sens50 4.10 sat 0.965 dead 0.04 frozen 0.04 nbin 300 fat 0.123 | 49.8s
ex16|sign|1|0.5|dep|100|0.1|51: static 0.033 sstatic 0.024 c1 0.903 c50 -0.005 fac1 0.900 fac50 -0.036 lock 0.00 move 0.437 period None osc -0.037@49 pr 14.8 sens10 4.06 sens50 4.16 sat 0.970 dead 0.03 frozen 0.03 nbin 300 fat 0.118 | 47.3s
ex16|sign|1|0.5|dep|100|0.5|51: static 0.032 sstatic 0.023 c1 0.903 c50 -0.035 fac1 0.899 fac50 -0.061 lock 0.00 move 0.474 period None osc -0.061@50 pr 15.0 sens10 3.98 sens50 4.06 sat 0.970 dead 0.03 frozen 0.86 nbin 300 fat 0.049 | 47.2s
ex16|sign|1|0.9|none|0|0.0|50: static 0.306 sstatic 0.216 c1 0.998 c50 0.295 fac1 0.993 fac50 -0.014 lock 0.01 move 0.0614 period None osc -0.014@50 pr 5.6 sens10 3.29 sens50 3.93 sat 1.000 dead 0.03 frozen 0.10 nbin 300 fat None | 38.9s
ex16|sign|1|0.9|sub|10|0.5|50: static 0.079 sstatic 0.062 c1 0.991 c50 -0.080 fac1 0.987 fac50 -0.154 lock 0.01 move 0.132 period None osc -0.272@35 pr 9.5 sens10 3.60 sens50 4.08 sat 1.000 dead 0.03 frozen 0.05 nbin 300 fat 0.425 | 25.2s
ex16|sign|1|0.9|sub|10|0.5|51: static 0.103 sstatic 0.078 c1 0.992 c50 -0.053 fac1 0.987 fac50 -0.164 lock 0.00 move 0.13 period None osc -0.239@35 pr 9.4 sens10 3.63 sens50 4.12 sat 1.000 dead 0.03 frozen 0.05 nbin 300 fat 0.435 | 25.2s
ex16|sign|1|0.9|sub|10|1.0|50: static 0.002 sstatic 0.006 c1 0.984 c50 0.241 fac1 0.981 fac50 0.202 lock 0.01 move 0.176 period None osc -0.554@25 pr 8.2 sens10 3.52 sens50 3.91 sat 1.000 dead 0.03 frozen 0.04 nbin 300 fat 0.728 | 25.1s
ex16|sign|1|0.9|sub|10|1.0|51: static 0.002 sstatic 0.006 c1 0.985 c50 0.101 fac1 0.982 fac50 0.092 lock 0.00 move 0.174 period None osc -0.509@27 pr 8.6 sens10 3.63 sens50 3.91 sat 1.000 dead 0.03 frozen 0.03 nbin 300 fat 0.746 | 25.2s
ex16|sign|1|0.9|sub|3|0.5|51: static 0.334 sstatic 0.238 c1 0.996 c50 0.324 fac1 0.991 fac50 -0.007 lock 0.00 move 0.0871 period None osc -0.007@50 pr 6.2 sens10 3.54 sens50 4.05 sat 1.000 dead 0.03 frozen 0.20 nbin 300 fat 0.494 | 44.9s
ex16|sign|1|0.9|sub|30|0.5|50: static 0.024 sstatic 0.027 c1 0.995 c50 -0.415 fac1 0.991 fac50 -0.382 lock 0.01 move 0.101 period None osc -0.383@49 pr 6.8 sens10 3.49 sens50 4.03 sat 1.000 dead 0.03 frozen 0.04 nbin 300 fat 0.296 | 24.9s
ex16|sign|1|0.9|sub|30|1.0|51: static 0.007 sstatic 0.013 c1 0.994 c50 -0.519 fac1 0.991 fac50 -0.439 lock 0.00 move 0.109 period None osc -0.469@44 pr 6.5 sens10 3.51 sens50 3.88 sat 1.000 dead 0.03 frozen 0.03 nbin 300 fat 0.533 | 25.0s
ex16|sign|1|0.9|sub|3|1.0|51: static 0.001 sstatic 0.003 c1 0.922 c50 -0.034 fac1 0.920 fac50 -0.030 lock 0.00 move 0.392 period None osc -0.469@13 pr 13.1 sens10 3.82 sens50 4.08 sat 1.000 dead 0.03 frozen 0.09 nbin 300 fat 0.907 | 44.4s
ex16|sign|1|0.9|sub|100|0.5|50: static 0.034 sstatic 0.037 c1 0.997 c50 -0.157 fac1 0.993 fac50 -0.175 lock 0.01 move 0.0806 period None osc -0.175@50 pr 6.3 sens10 3.44 sens50 3.97 sat 1.000 dead 0.00 frozen 0.04 nbin 300 fat 0.185 | 24.7s
ex16|sign|1|0.9|sub|100|0.5|51: static 0.041 sstatic 0.043 c1 0.997 c50 -0.127 fac1 0.993 fac50 -0.149 lock 0.01 move 0.0786 period None osc -0.149@50 pr 6.1 sens10 3.47 sens50 3.94 sat 1.000 dead 0.00 frozen 0.03 nbin 300 fat 0.197 | 24.5s
ex16|sign|1|0.9|sub|300|1.0|50: static 0.082 sstatic 0.072 c1 0.997 c50 0.089 fac1 0.993 fac50 -0.007 lock 0.04 move 0.0701 period None osc -0.007@50 pr 5.6 sens10 3.05 sens50 3.81 sat 1.000 dead 0.00 frozen 0.04 nbin 300 fat 0.236 | 24.7s
ex16|sign|1|0.9|sub|300|1.0|51: static 0.071 sstatic 0.065 c1 0.997 c50 0.052 fac1 0.994 fac50 -0.016 lock 0.03 move 0.072 period None osc -0.016@50 pr 5.5 sens10 2.86 sens50 3.81 sat 1.000 dead 0.00 frozen 0.03 nbin 300 fat 0.241 | 25.1s
ex16|sign|1|0.9|sub|30|0.5|51: static 0.030 sstatic 0.031 c1 0.995 c50 -0.389 fac1 0.991 fac50 -0.371 lock 0.00 move 0.101 period None osc -0.371@49 pr 6.9 sens10 3.53 sens50 4.00 sat 1.000 dead 0.03 frozen 0.04 nbin 300 fat 0.308 | 44.0s
ex16|sign|1|0.9|sub|30|1.0|50: static 0.007 sstatic 0.013 c1 0.994 c50 -0.506 fac1 0.991 fac50 -0.421 lock 0.01 move 0.109 period None osc -0.443@45 pr 6.7 sens10 3.48 sens50 3.86 sat 1.000 dead 0.03 frozen 0.04 nbin 300 fat 0.541 | 45.0s
ex16|sign|1|0.9|div|3|0.5|50: static 0.292 sstatic 0.216 c1 0.998 c50 0.288 fac1 0.993 fac50 -0.017 lock 0.01 move 0.0672 period None osc -0.017@50 pr 5.8 sens10 3.32 sens50 3.94 sat 1.000 dead 0.03 frozen 0.12 nbin 300 fat 0.388 | 25.3s
ex16|sign|1|0.9|div|3|0.5|51: static 0.329 sstatic 0.232 c1 0.998 c50 0.345 fac1 0.992 fac50 0.019 lock 0.00 move 0.0663 period None osc 0.019@50 pr 5.7 sens10 3.46 sens50 4.00 sat 1.000 dead 0.03 frozen 0.13 nbin 300 fat 0.388 | 25.1s
ex16|sign|1|0.9|div|3|2.0|51: static 0.302 sstatic 0.232 c1 0.997 c50 0.312 fac1 0.991 fac50 0.009 lock 0.00 move 0.0804 period None osc 0.009@50 pr 6.3 sens10 3.52 sens50 4.01 sat 1.000 dead 0.03 frozen 1.00 nbin 1 fat 1.554 | 25.2s
ex16|sign|1|0.9|sub|100|1.0|51: static 0.023 sstatic 0.029 c1 0.997 c50 -0.179 fac1 0.993 fac50 -0.164 lock 0.01 move 0.0822 period None osc -0.164@50 pr 6.2 sens10 3.45 sens50 3.89 sat 1.000 dead 0.00 frozen 0.03 nbin 300 fat 0.355 | 43.8s
ex16|sign|1|0.9|sub|100|1.0|50: static 0.027 sstatic 0.031 c1 0.997 c50 -0.163 fac1 0.993 fac50 -0.155 lock 0.01 move 0.0808 period None osc -0.155@50 pr 5.9 sens10 3.42 sens50 3.88 sat 1.000 dead 0.00 frozen 0.04 nbin 300 fat 0.346 | 46.0s
ex16|sign|1|0.9|sub|300|0.5|50: static 0.101 sstatic 0.087 c1 0.998 c50 0.053 fac1 0.993 fac50 -0.058 lock 0.04 move 0.0709 period None osc -0.058@50 pr 5.8 sens10 2.96 sens50 3.86 sat 1.000 dead 0.00 frozen 0.04 nbin 300 fat 0.133 | 43.9s
ex16|sign|1|0.9|div|10|2.0|50: static 0.255 sstatic 0.216 c1 0.997 c50 0.231 fac1 0.992 fac50 -0.037 lock 0.01 move 0.0817 period None osc -0.037@50 pr 6.7 sens10 3.40 sens50 3.98 sat 1.000 dead 0.03 frozen 0.52 nbin 300 fat 1.553 | 25.3s
ex16|sign|1|0.9|div|10|2.0|51: static 0.284 sstatic 0.232 c1 0.997 c50 0.288 fac1 0.991 fac50 -0.003 lock 0.00 move 0.081 period None osc -0.003@50 pr 6.7 sens10 3.53 sens50 4.02 sat 1.000 dead 0.03 frozen 0.54 nbin 300 fat 1.555 | 25.2s
ex16|sign|1|0.9|sub|300|0.5|51: static 0.100 sstatic 0.082 c1 0.998 c50 0.076 fac1 0.993 fac50 -0.032 lock 0.03 move 0.0711 period None osc -0.032@50 pr 5.6 sens10 2.99 sens50 3.86 sat 1.000 dead 0.00 frozen 0.04 nbin 300 fat 0.148 | 45.2s
ex16|sign|1|0.9|div|10|0.5|51: static 0.319 sstatic 0.232 c1 0.998 c50 0.330 fac1 0.992 fac50 0.013 lock 0.00 move 0.0685 period None osc 0.013@50 pr 6.0 sens10 3.48 sens50 4.00 sat 1.000 dead 0.03 frozen 0.12 nbin 300 fat 0.389 | 32.0s
ex16|sign|1|0.9|div|30|0.5|50: static 0.278 sstatic 0.216 c1 0.998 c50 0.262 fac1 0.993 fac50 -0.032 lock 0.01 move 0.0675 period None osc -0.032@50 pr 6.1 sens10 3.33 sens50 3.95 sat 1.000 dead 0.03 frozen 0.12 nbin 300 fat 0.389 | 25.2s
ex16|sign|1|0.9|div|30|0.5|51: static 0.313 sstatic 0.232 c1 0.998 c50 0.319 fac1 0.993 fac50 0.001 lock 0.00 move 0.0666 period None osc 0.001@50 pr 6.0 sens10 3.46 sens50 4.00 sat 1.000 dead 0.03 frozen 0.13 nbin 300 fat 0.390 | 24.8s
ex16|sign|1|0.9|div|10|0.5|50: static 0.282 sstatic 0.216 c1 0.998 c50 0.275 fac1 0.993 fac50 -0.022 lock 0.01 move 0.0694 period None osc -0.022@50 pr 6.0 sens10 3.34 sens50 3.95 sat 1.000 dead 0.03 frozen 0.11 nbin 300 fat 0.388 | 42.8s
ex16|sign|1|0.9|div|3|2.0|50: static 0.271 sstatic 0.216 c1 0.997 c50 0.263 fac1 0.991 fac50 -0.023 lock 0.01 move 0.0817 period None osc -0.023@50 pr 6.4 sens10 3.38 sens50 3.96 sat 1.000 dead 0.03 frozen 1.00 nbin 7 fat 1.553 | 44.1s
ex16|sign|1|0.9|div|100|0.5|50: static 0.281 sstatic 0.216 c1 0.998 c50 0.271 fac1 0.993 fac50 -0.028 lock 0.01 move 0.0645 period None osc -0.028@50 pr 5.9 sens10 3.31 sens50 3.94 sat 1.000 dead 0.03 frozen 0.13 nbin 300 fat 0.390 | 24.6s
ex16|sign|1|0.9|div|100|0.5|51: static 0.316 sstatic 0.232 c1 0.998 c50 0.328 fac1 0.993 fac50 0.009 lock 0.00 move 0.0636 period None osc 0.009@50 pr 5.8 sens10 3.45 sens50 4.00 sat 1.000 dead 0.03 frozen 0.13 nbin 300 fat 0.390 | 24.5s
ex16|sign|1|0.9|div|100|2.0|50: static 0.265 sstatic 0.216 c1 0.998 c50 0.241 fac1 0.993 fac50 -0.040 lock 0.01 move 0.068 period None osc -0.040@50 pr 6.1 sens10 3.34 sens50 3.95 sat 1.000 dead 0.03 frozen 0.31 nbin 300 fat 1.559 | 24.2s
ex16|sign|1|0.9|div|300|2.0|50: static 0.275 sstatic 0.216 c1 0.998 c50 0.263 fac1 0.993 fac50 -0.028 lock 0.01 move 0.0646 period None osc -0.028@50 pr 5.9 sens10 3.33 sens50 3.94 sat 1.000 dead 0.03 frozen 0.30 nbin 300 fat 1.507 | 24.1s
ex16|sign|1|0.9|div|300|2.0|51: static 0.307 sstatic 0.232 c1 0.998 c50 0.318 fac1 0.993 fac50 0.010 lock 0.00 move 0.0639 period None osc 0.010@50 pr 5.7 sens10 3.45 sens50 4.00 sat 1.000 dead 0.03 frozen 0.31 nbin 300 fat 1.508 | 24.1s
ex16|sign|1|0.9|dep|3|0.1|51: static 0.363 sstatic 0.256 c1 0.998 c50 0.367 fac1 0.993 fac50 -0.010 lock 0.00 move 0.0592 period None osc -0.010@50 pr 5.7 sens10 3.38 sens50 3.99 sat 1.000 dead 0.03 frozen 0.11 nbin 300 fat 0.769 | 26.7s
ex16|sign|1|0.9|div|30|2.0|50: static 0.253 sstatic 0.216 c1 0.997 c50 0.216 fac1 0.992 fac50 -0.050 lock 0.01 move 0.075 period None osc -0.050@50 pr 6.6 sens10 3.38 sens50 3.97 sat 1.000 dead 0.03 frozen 0.30 nbin 300 fat 1.557 | 43.9s
ex16|sign|1|0.9|div|30|2.0|51: static 0.277 sstatic 0.232 c1 0.997 c50 0.273 fac1 0.992 fac50 -0.018 lock 0.00 move 0.0743 period None osc -0.018@50 pr 6.5 sens10 3.50 sens50 4.02 sat 1.000 dead 0.03 frozen 0.32 nbin 300 fat 1.560 | 43.8s
ex16|sign|1|0.9|dep|3|0.5|50: static 0.387 sstatic 0.279 c1 0.998 c50 0.399 fac1 0.993 fac50 -0.003 lock 0.01 move 0.0595 period None osc -0.003@50 pr 5.8 sens10 3.27 sens50 3.97 sat 1.000 dead 0.03 frozen 0.12 nbin 300 fat 0.400 | 27.0s
ex16|sign|1|0.9|div|100|2.0|51: static 0.292 sstatic 0.232 c1 0.998 c50 0.297 fac1 0.993 fac50 -0.001 lock 0.00 move 0.0671 period None osc -0.001@50 pr 6.1 sens10 3.47 sens50 4.01 sat 1.000 dead 0.03 frozen 0.31 nbin 300 fat 1.561 | 41.7s
ex16|sign|1|0.9|dep|3|0.5|51: static 0.335 sstatic 0.235 c1 0.998 c50 0.353 fac1 0.993 fac50 0.021 lock 0.00 move 0.06 period None osc 0.021@50 pr 5.4 sens10 3.41 sens50 3.97 sat 1.000 dead 0.03 frozen 0.10 nbin 300 fat 0.400 | 27.0s
ex16|sign|1|0.9|div|300|0.5|51: static 0.321 sstatic 0.232 c1 0.998 c50 0.341 fac1 0.993 fac50 0.016 lock 0.00 move 0.0621 period None osc 0.016@50 pr 5.6 sens10 3.44 sens50 4.00 sat 1.000 dead 0.03 frozen 0.13 nbin 300 fat 0.377 | 41.7s
ex16|sign|1|0.9|div|300|0.5|50: static 0.289 sstatic 0.216 c1 0.998 c50 0.280 fac1 0.993 fac50 -0.021 lock 0.01 move 0.0629 period None osc -0.021@50 pr 5.7 sens10 3.30 sens50 3.93 sat 1.000 dead 0.03 frozen 0.13 nbin 300 fat 0.377 | 44.0s
ex16|sign|1|0.9|dep|10|0.5|50: static 0.378 sstatic 0.268 c1 0.998 c50 0.348 fac1 0.993 fac50 -0.044 lock 0.01 move 0.0621 period None osc -0.044@50 pr 6.0 sens10 3.28 sens50 3.93 sat 1.000 dead 0.03 frozen 0.12 nbin 300 fat 0.167 | 27.0s
ex16|sign|1|0.9|dep|10|0.5|51: static 0.324 sstatic 0.232 c1 0.998 c50 0.325 fac1 0.993 fac50 -0.016 lock 0.00 move 0.0612 period None osc -0.016@50 pr 5.8 sens10 3.41 sens50 4.00 sat 1.000 dead 0.03 frozen 0.10 nbin 300 fat 0.167 | 27.0s
ex16|sign|1|0.9|dep|3|0.1|50: static 0.348 sstatic 0.247 c1 0.998 c50 0.339 fac1 0.993 fac50 -0.040 lock 0.01 move 0.0613 period None osc -0.040@50 pr 5.9 sens10 3.30 sens50 3.93 sat 1.000 dead 0.03 frozen 0.11 nbin 300 fat 0.769 | 43.0s
ex16|sign|1|0.9|dep|30|0.1|50: static 0.344 sstatic 0.242 c1 0.998 c50 0.343 fac1 0.993 fac50 -0.014 lock 0.01 move 0.0625 period None osc -0.014@50 pr 5.8 sens10 3.29 sens50 3.92 sat 1.000 dead 0.03 frozen 0.10 nbin 300 fat 0.250 | 26.9s
ex16|sign|1|0.9|dep|30|0.1|51: static 0.350 sstatic 0.251 c1 0.998 c50 0.366 fac1 0.993 fac50 -0.013 lock 0.00 move 0.0607 period None osc -0.013@50 pr 5.7 sens10 3.41 sens50 3.98 sat 1.000 dead 0.03 frozen 0.10 nbin 300 fat 0.250 | 26.9s
ex16|sign|1|0.9|dep|30|0.5|50: static 0.400 sstatic 0.283 c1 0.998 c50 0.426 fac1 0.993 fac50 -0.002 lock 0.01 move 0.0616 period None osc -0.002@50 pr 5.8 sens10 3.30 sens50 3.93 sat 1.000 dead 0.03 frozen 0.14 nbin 300 fat 0.062 | 26.9s
ex16|sign|1|0.9|dep|10|0.1|50: static 0.322 sstatic 0.222 c1 0.998 c50 0.330 fac1 0.993 fac50 -0.005 lock 0.01 move 0.0612 period None osc -0.005@50 pr 5.7 sens10 3.31 sens50 3.96 sat 1.000 dead 0.03 frozen 0.10 nbin 300 fat 0.500 | 41.4s
ex16|sign|1|0.9|dep|10|0.1|51: static 0.354 sstatic 0.257 c1 0.998 c50 0.353 fac1 0.993 fac50 -0.012 lock 0.00 move 0.0597 period None osc -0.012@50 pr 5.6 sens10 3.39 sens50 3.98 sat 1.000 dead 0.03 frozen 0.11 nbin 300 fat 0.500 | 42.7s
ex16|sign|1|0.9|dep|30|0.5|51: static 0.319 sstatic 0.225 c1 0.998 c50 0.336 fac1 0.993 fac50 0.002 lock 0.00 move 0.0614 period None osc 0.002@50 pr 5.7 sens10 3.38 sens50 4.00 sat 1.000 dead 0.03 frozen 0.10 nbin 300 fat 0.062 | 27.3s
ex16|sign|1|0.9|dep|100|0.1|51: static 0.362 sstatic 0.254 c1 0.998 c50 0.337 fac1 0.993 fac50 -0.037 lock 0.00 move 0.0609 period None osc -0.037@50 pr 5.8 sens10 3.42 sens50 3.99 sat 1.000 dead 0.03 frozen 0.11 nbin 300 fat 0.091 | 29.9s
ex16|sign|1|0.9|dep|100|0.1|50: static 0.382 sstatic 0.272 c1 0.998 c50 0.359 fac1 0.993 fac50 -0.040 lock 0.01 move 0.0624 period None osc -0.040@50 pr 5.9 sens10 3.31 sens50 3.94 sat 1.000 dead 0.03 frozen 0.13 nbin 300 fat 0.091 | 33.8s
ex16|sign|1|0.9|dep|300|0.5|50: static 0.419 sstatic 0.297 c1 0.998 c50 0.434 fac1 0.993 fac50 -0.013 lock 0.01 move 0.0847 period None osc -0.013@50 pr 5.9 sens10 3.18 sens50 3.83 sat 1.000 dead 0.03 frozen 0.76 nbin 300 fat 0.007 | 26.2s
ex16|sign|1|0.9|dep|100|0.5|50: static 0.421 sstatic 0.297 c1 0.998 c50 0.442 fac1 0.993 fac50 0.008 lock 0.01 move 0.0624 period None osc 0.008@50 pr 5.7 sens10 3.30 sens50 3.89 sat 1.000 dead 0.03 frozen 0.22 nbin 300 fat 0.020 | 26.2s
ex16|sign|1|0.9|dep|300|0.1|51: static 0.328 sstatic 0.231 c1 0.998 c50 0.342 fac1 0.993 fac50 0.010 lock 0.00 move 0.0612 period None osc 0.010@50 pr 5.6 sens10 3.42 sens50 3.99 sat 1.000 dead 0.03 frozen 0.11 nbin 300 fat 0.032 | 26.7s
ex16|step0|1|0.0|sub|10|0.5|51: static 0.292 sstatic 0.591 c1 0.244 c50 0.288 fac1 -0.058 fac50 -0.000 lock 0.00 move 1.22 period None osc -0.058@1 pr 21.2 sens10 4.07 sens50 4.07 sat 0.497 dead 0.03 frozen 0.04 nbin 300 fat 0.390 | 28.8s
ex16|step0|1|0.0|sub|10|0.5|50: static 0.298 sstatic 0.602 c1 0.256 c50 0.295 fac1 -0.063 fac50 -0.001 lock 0.01 move 1.22 period None osc -0.063@1 pr 21.3 sens10 4.06 sens50 4.08 sat 0.504 dead 0.03 frozen 0.04 nbin 300 fat 0.394 | 28.7s
ex16|step0|1|0.0|sub|3|1.0|50: static 0.000 sstatic 0.500 c1 -0.267 c50 0.003 fac1 -0.270 fac50 0.002 lock 0.01 move 1.59 period None osc -0.270@1 pr 21.2 sens10 4.11 sens50 4.14 sat 0.500 dead 0.03 frozen 0.04 nbin 300 fat 0.759 | 28.8s
ex16|step0|1|0.0|sub|3|0.5|50: static 0.372 sstatic 0.626 c1 0.258 c50 0.367 fac1 -0.182 fac50 -0.003 lock 0.01 move 1.22 period None osc -0.182@1 pr 20.9 sens10 4.02 sens50 4.04 sat 0.520 dead 0.03 frozen 0.05 nbin 300 fat 0.420 | 29.3s
ex16|step0|1|0.0|sub|3|1.0|51: static 0.000 sstatic 0.501 c1 -0.270 c50 0.003 fac1 -0.272 fac50 0.003 lock 0.00 move 1.6 period None osc -0.272@1 pr 21.0 sens10 4.11 sens50 4.15 sat 0.501 dead 0.03 frozen 0.03 nbin 300 fat 0.751 | 32.2s
ex16|step0|1|0.0|none|0|0.0|51: static 0.817 sstatic 0.801 c1 0.817 c50 0.820 fac1 -0.003 fac50 -0.001 lock 0.00 move 0.613 period None osc -0.010@4 pr 18.0 sens10 3.77 sens50 3.80 sat 0.508 dead 0.03 frozen 0.28 nbin 300 fat None | 45.2s
ex16|sign|1|0.9|dep|100|0.5|51: static 0.373 sstatic 0.268 c1 0.998 c50 0.361 fac1 0.993 fac50 -0.041 lock 0.00 move 0.0602 period None osc -0.041@50 pr 5.8 sens10 3.40 sens50 4.00 sat 1.000 dead 0.03 frozen 0.19 nbin 300 fat 0.020 | 45.6s
ex16|sign|1|0.9|dep|300|0.5|51: static 0.369 sstatic 0.256 c1 0.998 c50 0.345 fac1 0.993 fac50 -0.030 lock 0.00 move 0.0679 period None osc -0.030@50 pr 5.7 sens10 3.39 sens50 3.96 sat 1.000 dead 0.03 frozen 0.74 nbin 300 fat 0.007 | 47.2s
ex16|step0|1|0.0|none|0|0.0|50: static 0.806 sstatic 0.800 c1 0.805 c50 0.806 fac1 -0.001 fac50 -0.005 lock 0.01 move 0.638 period None osc -0.010@5 pr 18.4 sens10 3.79 sens50 3.80 sat 0.521 dead 0.03 frozen 0.25 nbin 300 fat None | 47.7s
ex16|sign|1|0.9|dep|300|0.1|50: static 0.432 sstatic 0.309 c1 0.998 c50 0.427 fac1 0.993 fac50 -0.032 lock 0.01 move 0.0624 period None osc -0.032@50 pr 6.2 sens10 3.27 sens50 3.89 sat 1.000 dead 0.03 frozen 0.17 nbin 300 fat 0.032 | 47.8s
ex16|step0|1|0.0|sub|10|1.0|51: static 0.000 sstatic 0.500 c1 -0.085 c50 0.000 fac1 -0.086 fac50 0.000 lock 0.00 move 1.48 period None osc -0.086@1 pr 21.3 sens10 4.13 sens50 4.15 sat 0.501 dead 0.03 frozen 0.03 nbin 300 fat 0.728 | 51.3s
ex16|step0|1|0.0|sub|10|1.0|50: static 0.000 sstatic 0.501 c1 -0.084 c50 0.003 fac1 -0.086 fac50 0.003 lock 0.01 move 1.47 period None osc -0.086@1 pr 21.6 sens10 4.11 sens50 4.15 sat 0.499 dead 0.03 frozen 0.04 nbin 300 fat 0.728 | 53.2s
ex16|step0|1|0.0|sub|3|0.5|51: static 0.366 sstatic 0.616 c1 0.246 c50 0.359 fac1 -0.179 fac50 -0.005 lock 0.00 move 1.21 period None osc -0.179@1 pr 20.8 sens10 4.03 sens50 4.05 sat 0.510 dead 0.03 frozen 0.06 nbin 300 fat 0.418 | 53.8s
ex16|step0|1|0.0|sub|30|0.5|50: static 0.280 sstatic 0.596 c1 0.268 c50 0.275 fac1 -0.020 fac50 -0.001 lock 0.01 move 1.22 period None osc -0.022@2 pr 20.8 sens10 4.06 sens50 4.08 sat 0.504 dead 0.03 frozen 0.04 nbin 300 fat 0.384 | 30.1s
ex16|step0|1|0.0|sub|30|0.5|51: static 0.277 sstatic 0.588 c1 0.262 c50 0.271 fac1 -0.016 fac50 -0.002 lock 0.00 move 1.21 period None osc -0.020@3 pr 20.7 sens10 4.07 sens50 4.07 sat 0.497 dead 0.03 frozen 0.03 nbin 300 fat 0.389 | 30.2s
ex16|step0|1|0.0|sub|30|1.0|50: static 0.000 sstatic 0.500 c1 -0.032 c50 0.002 fac1 -0.033 fac50 0.001 lock 0.01 move 1.44 period None osc -0.033@1 pr 21.0 sens10 4.12 sens50 4.14 sat 0.500 dead 0.03 frozen 0.04 nbin 300 fat 0.720 | 30.1s
ex16|step0|1|0.0|sub|100|0.5|50: static 0.280 sstatic 0.598 c1 0.277 c50 0.280 fac1 -0.006 fac50 -0.005 lock 0.04 move 1.21 period None osc -0.011@36 pr 20.7 sens10 4.08 sens50 4.08 sat 0.504 dead 0.00 frozen 0.04 nbin 300 fat 0.385 | 30.1s
ex16|step0|1|0.0|sub|30|1.0|51: static 0.000 sstatic 0.501 c1 -0.027 c50 -0.007 fac1 -0.029 fac50 -0.007 lock 0.00 move 1.43 period None osc -0.030@2 pr 20.9 sens10 4.13 sens50 4.16 sat 0.501 dead 0.03 frozen 0.03 nbin 300 fat 0.718 | 30.2s
ex16|step0|1|0.0|sub|100|0.5|51: static 0.276 sstatic 0.586 c1 0.270 c50 0.269 fac1 -0.006 fac50 -0.007 lock 0.03 move 1.21 period None osc -0.012@7 pr 20.7 sens10 4.07 sens50 4.08 sat 0.497 dead 0.00 frozen 0.03 nbin 300 fat 0.383 | 30.2s
ex16|step0|1|0.0|sub|100|1.0|50: static 0.001 sstatic 0.501 c1 -0.009 c50 0.002 fac1 -0.010 fac50 0.000 lock 0.03 move 1.42 period None osc -0.018@3 pr 20.9 sens10 4.13 sens50 4.15 sat 0.500 dead 0.00 frozen 0.04 nbin 300 fat 0.715 | 30.1s
ex16|step0|1|0.0|sub|100|1.0|51: static 0.001 sstatic 0.501 c1 -0.016 c50 -0.003 fac1 -0.017 fac50 -0.003 lock 0.02 move 1.43 period None osc -0.017@1 pr 20.8 sens10 4.12 sens50 4.15 sat 0.501 dead 0.00 frozen 0.03 nbin 300 fat 0.715 | 29.9s
ex16|step0|1|0.0|div|10|0.5|50: static 0.742 sstatic 0.800 c1 0.739 c50 0.743 fac1 -0.013 fac50 -0.004 lock 0.01 move 0.733 period None osc -0.017@5 pr 17.7 sens10 3.85 sens50 3.86 sat 0.521 dead 0.03 frozen 0.27 nbin 300 fat 0.389 | 28.9s
ex16|step0|1|0.0|div|10|0.5|51: static 0.760 sstatic 0.801 c1 0.756 c50 0.761 fac1 -0.014 fac50 0.000 lock 0.00 move 0.708 period None osc -0.017@4 pr 17.2 sens10 3.83 sens50 3.86 sat 0.508 dead 0.03 frozen 0.31 nbin 300 fat 0.390 | 29.0s
ex16|step0|1|0.0|div|10|2.0|50: static 0.668 sstatic 0.800 c1 0.665 c50 0.671 fac1 -0.018 fac50 -0.002 lock 0.01 move 0.833 period None osc -0.020@5 pr 16.2 sens10 3.90 sens50 3.91 sat 0.521 dead 0.03 frozen 0.38 nbin 300 fat 1.556 | 29.0s
ex16|step0|1|0.0|div|10|2.0|51: static 0.686 sstatic 0.801 c1 0.681 c50 0.687 fac1 -0.020 fac50 -0.001 lock 0.00 move 0.81 period None osc -0.021@4 pr 15.7 sens10 3.89 sens50 3.92 sat 0.508 dead 0.03 frozen 0.41 nbin 300 fat 1.558 | 29.3s
ex16|step0|1|0.0|div|30|0.5|50: static 0.738 sstatic 0.800 c1 0.737 c50 0.739 fac1 -0.005 fac50 -0.004 lock 0.01 move 0.736 period None osc -0.012@5 pr 17.7 sens10 3.85 sens50 3.86 sat 0.521 dead 0.03 frozen 0.27 nbin 300 fat 0.389 | 29.2s
ex16|step0|1|0.0|div|30|0.5|51: static 0.756 sstatic 0.801 c1 0.754 c50 0.757 fac1 -0.006 fac50 -0.000 lock 0.00 move 0.711 period None osc -0.012@4 pr 17.3 sens10 3.84 sens50 3.86 sat 0.508 dead 0.03 frozen 0.31 nbin 300 fat 0.389 | 29.3s
ex16|step0|1|0.0|div|30|2.0|50: static 0.660 sstatic 0.800 c1 0.660 c50 0.664 fac1 -0.006 fac50 -0.003 lock 0.01 move 0.838 period None osc -0.015@5 pr 16.2 sens10 3.90 sens50 3.92 sat 0.521 dead 0.03 frozen 0.38 nbin 300 fat 1.555 | 29.2s
ex16|step0|1|0.0|div|30|2.0|51: static 0.678 sstatic 0.801 c1 0.676 c50 0.679 fac1 -0.008 fac50 -0.001 lock 0.00 move 0.815 period None osc -0.013@4 pr 15.7 sens10 3.90 sens50 3.92 sat 0.508 dead 0.03 frozen 0.40 nbin 300 fat 1.557 | 29.3s
ex16|step0|1|0.0|sub|300|0.5|50: static 0.306 sstatic 0.607 c1 0.306 c50 0.302 fac1 -0.003 fac50 -0.002 lock 0.04 move 1.19 period None osc -0.009@29 pr 20.7 sens10 4.06 sens50 4.07 sat 0.504 dead 0.00 frozen 0.04 nbin 300 fat 0.379 | 52.7s
ex16|step0|1|0.0|sub|300|0.5|51: static 0.300 sstatic 0.591 c1 0.292 c50 0.296 fac1 -0.004 fac50 -0.003 lock 0.03 move 1.19 period None osc -0.008@3 pr 20.7 sens10 4.08 sens50 4.07 sat 0.498 dead 0.00 frozen 0.04 nbin 300 fat 0.381 | 53.9s
ex16|step0|1|0.0|sub|300|1.0|50: static 0.013 sstatic 0.506 c1 0.002 c50 0.011 fac1 -0.010 fac50 -0.001 lock 0.04 move 1.41 period None osc -0.010@1 pr 21.0 sens10 4.11 sens50 4.14 sat 0.500 dead 0.00 frozen 0.04 nbin 300 fat 0.693 | 54.7s
ex16|step0|1|0.0|div|3|0.5|50: static 0.756 sstatic 0.800 c1 0.748 c50 0.757 fac1 -0.032 fac50 -0.004 lock 0.01 move 0.72 period None osc -0.032@1 pr 17.5 sens10 3.83 sens50 3.85 sat 0.521 dead 0.03 frozen 0.28 nbin 300 fat 0.390 | 54.7s
ex16|step0|1|0.0|sub|300|1.0|51: static 0.013 sstatic 0.505 c1 0.004 c50 0.008 fac1 -0.010 fac50 -0.006 lock 0.03 move 1.41 period None osc -0.010@1 pr 20.8 sens10 4.13 sens50 4.15 sat 0.501 dead 0.00 frozen 0.03 nbin 300 fat 0.703 | 54.8s
ex16|step0|1|0.0|div|3|0.5|51: static 0.773 sstatic 0.801 c1 0.765 c50 0.774 fac1 -0.035 fac50 -0.000 lock 0.00 move 0.694 period None osc -0.035@1 pr 17.1 sens10 3.82 sens50 3.85 sat 0.508 dead 0.03 frozen 0.31 nbin 300 fat 0.390 | 52.6s
ex16|step0|1|0.0|div|3|2.0|50: static 0.697 sstatic 0.800 c1 0.684 c50 0.698 fac1 -0.047 fac50 -0.003 lock 0.01 move 0.809 period None osc -0.047@1 pr 16.0 sens10 3.88 sens50 3.89 sat 0.521 dead 0.03 frozen 0.43 nbin 300 fat 1.559 | 50.6s
ex16|step0|1|0.0|div|3|2.0|51: static 0.714 sstatic 0.801 c1 0.701 c50 0.713 fac1 -0.051 fac50 -0.001 lock 0.00 move 0.785 period None osc -0.051@1 pr 15.5 sens10 3.87 sens50 3.90 sat 0.508 dead 0.03 frozen 0.47 nbin 300 fat 1.559 | 53.0s
ex16|step0|1|0.0|div|100|0.5|50: static 0.736 sstatic 0.800 c1 0.737 c50 0.738 fac1 -0.002 fac50 -0.004 lock 0.01 move 0.737 period None osc -0.010@5 pr 17.7 sens10 3.85 sens50 3.86 sat 0.521 dead 0.03 frozen 0.27 nbin 300 fat 0.389 | 29.9s
ex16|step0|1|0.0|div|100|0.5|51: static 0.755 sstatic 0.801 c1 0.753 c50 0.756 fac1 -0.003 fac50 -0.000 lock 0.00 move 0.712 period None osc -0.010@4 pr 17.3 sens10 3.84 sens50 3.87 sat 0.508 dead 0.03 frozen 0.31 nbin 300 fat 0.389 | 30.0s
ex16|step0|1|0.0|div|100|2.0|50: static 0.658 sstatic 0.800 c1 0.659 c50 0.660 fac1 -0.002 fac50 -0.004 lock 0.01 move 0.84 period None osc -0.011@5 pr 16.2 sens10 3.91 sens50 3.92 sat 0.521 dead 0.03 frozen 0.37 nbin 300 fat 1.555 | 30.0s
ex16|step0|1|0.0|div|100|2.0|51: static 0.675 sstatic 0.801 c1 0.674 c50 0.676 fac1 -0.004 fac50 -0.002 lock 0.00 move 0.818 period None osc -0.010@4 pr 15.7 sens10 3.90 sens50 3.92 sat 0.508 dead 0.03 frozen 0.40 nbin 300 fat 1.557 | 29.9s
ex16|step0|1|0.0|div|300|0.5|50: static 0.739 sstatic 0.800 c1 0.739 c50 0.740 fac1 -0.001 fac50 -0.004 lock 0.01 move 0.733 period None osc -0.010@5 pr 17.8 sens10 3.85 sens50 3.86 sat 0.521 dead 0.03 frozen 0.27 nbin 300 fat 0.375 | 30.0s
ex16|step0|1|0.0|div|300|0.5|51: static 0.758 sstatic 0.801 c1 0.756 c50 0.758 fac1 -0.003 fac50 -0.000 lock 0.00 move 0.708 period None osc -0.009@4 pr 17.3 sens10 3.84 sens50 3.86 sat 0.508 dead 0.03 frozen 0.31 nbin 300 fat 0.376 | 30.0s
ex16|step0|1|0.0|div|300|2.0|50: static 0.661 sstatic 0.800 c1 0.663 c50 0.663 fac1 -0.001 fac50 -0.003 lock 0.01 move 0.836 period None osc -0.010@5 pr 16.3 sens10 3.91 sens50 3.92 sat 0.521 dead 0.03 frozen 0.37 nbin 300 fat 1.501 | 29.9s
ex16|step0|1|0.0|div|300|2.0|51: static 0.678 sstatic 0.801 c1 0.678 c50 0.680 fac1 -0.003 fac50 -0.001 lock 0.00 move 0.813 period None osc -0.009@4 pr 15.8 sens10 3.90 sens50 3.92 sat 0.508 dead 0.03 frozen 0.39 nbin 300 fat 1.503 | 29.6s
ex16|step0|1|0.0|dep|30|0.1|50: static 0.545 sstatic 0.689 c1 0.527 c50 0.543 fac1 -0.039 fac50 -0.002 lock 0.01 move 0.977 period None osc -0.039@1 pr 20.2 sens10 3.96 sens50 3.97 sat 0.521 dead 0.03 frozen 0.08 nbin 300 fat 0.458 | 32.2s
ex16|step0|1|0.0|dep|30|0.1|51: static 0.538 sstatic 0.677 c1 0.520 c50 0.535 fac1 -0.038 fac50 0.004 lock 0.00 move 0.971 period None osc -0.038@1 pr 20.1 sens10 3.96 sens50 3.98 sat 0.511 dead 0.03 frozen 0.08 nbin 300 fat 0.467 | 32.4s
ex16|step0|1|0.0|dep|30|0.5|50: static 0.478 sstatic 0.673 c1 0.428 c50 0.480 fac1 -0.115 fac50 -0.001 lock 0.01 move 1.07 period None osc -0.115@1 pr 19.7 sens10 3.88 sens50 3.93 sat 0.521 dead 0.03 frozen 0.39 nbin 300 fat 0.172 | 32.5s
ex16|step0|1|0.0|dep|30|0.5|51: static 0.466 sstatic 0.656 c1 0.417 c50 0.476 fac1 -0.109 fac50 -0.002 lock 0.00 move 1.08 period None osc -0.109@1 pr 19.8 sens10 3.96 sens50 4.01 sat 0.510 dead 0.03 frozen 0.39 nbin 300 fat 0.179 | 33.2s
ex16|step0|1|0.0|dep|100|0.1|50: static 0.437 sstatic 0.656 c1 0.431 c50 0.444 fac1 -0.024 fac50 -0.001 lock 0.01 move 1.07 period None osc -0.028@2 pr 19.4 sens10 3.96 sens50 4.00 sat 0.521 dead 0.03 frozen 0.12 nbin 300 fat 0.222 | 33.2s
ex16|step0|1|0.0|dep|100|0.1|51: static 0.428 sstatic 0.641 c1 0.418 c50 0.431 fac1 -0.028 fac50 -0.000 lock 0.00 move 1.08 period None osc -0.028@2 pr 19.3 sens10 4.01 sens50 4.01 sat 0.511 dead 0.03 frozen 0.13 nbin 300 fat 0.226 | 33.4s
ex16|step0|1|0.0|dep|100|0.5|50: static 0.409 sstatic 0.654 c1 0.381 c50 0.428 fac1 -0.094 fac50 -0.002 lock 0.01 move 1.1 period None osc -0.094@1 pr 18.2 sens10 3.70 sens50 3.76 sat 0.522 dead 0.03 frozen 0.94 nbin 300 fat 0.066 | 33.4s
ex16|step0|1|0.0|dep|100|0.5|51: static 0.398 sstatic 0.640 c1 0.369 c50 0.421 fac1 -0.093 fac50 0.000 lock 0.00 move 1.13 period None osc -0.093@1 pr 18.1 sens10 3.90 sens50 3.93 sat 0.511 dead 0.03 frozen 0.96 nbin 299 fat 0.066 | 33.6s
ex16|step0|1|0.0|dep|3|0.1|50: static 0.765 sstatic 0.782 c1 0.753 c50 0.767 fac1 -0.055 fac50 -0.001 lock 0.01 move 0.717 period None osc -0.055@1 pr 19.0 sens10 3.83 sens50 3.83 sat 0.521 dead 0.03 frozen 0.20 nbin 300 fat 0.874 | 58.7s
ex16|step0|1|0.0|dep|10|0.5|50: static 0.588 sstatic 0.708 c1 0.540 c50 0.593 fac1 -0.135 fac50 -0.006 lock 0.01 move 0.969 period None osc -0.135@1 pr 20.2 sens10 3.91 sens50 3.94 sat 0.522 dead 0.03 frozen 0.14 nbin 300 fat 0.363 | 54.3s
ex16|step0|1|0.0|dep|3|0.1|51: static 0.775 sstatic 0.777 c1 0.762 c50 0.774 fac1 -0.057 fac50 -0.002 lock 0.00 move 0.693 period None osc -0.057@1 pr 18.6 sens10 3.83 sens50 3.82 sat 0.509 dead 0.03 frozen 0.23 nbin 300 fat 0.877 | 60.1s
ex16|step0|1|0.0|dep|3|0.5|50: static 0.752 sstatic 0.775 c1 0.734 c50 0.753 fac1 -0.093 fac50 -0.003 lock 0.01 move 0.743 period None osc -0.093@1 pr 19.2 sens10 3.83 sens50 3.84 sat 0.522 dead 0.03 frozen 0.20 nbin 300 fat 0.626 | 60.6s
ex16|step0|1|0.0|dep|10|0.1|50: static 0.667 sstatic 0.735 c1 0.647 c50 0.664 fac1 -0.051 fac50 -0.002 lock 0.01 move 0.847 period None osc -0.051@1 pr 19.9 sens10 3.90 sens50 3.92 sat 0.521 dead 0.03 frozen 0.12 nbin 300 fat 0.694 | 60.6s
ex16|step0|1|0.0|dep|3|0.5|51: static 0.770 sstatic 0.774 c1 0.749 c50 0.769 fac1 -0.091 fac50 -0.003 lock 0.00 move 0.716 period None osc -0.091@1 pr 18.7 sens10 3.82 sens50 3.84 sat 0.509 dead 0.03 frozen 0.23 nbin 300 fat 0.635 | 60.8s
ex16|step0|1|0.0|dep|10|0.1|51: static 0.666 sstatic 0.728 c1 0.650 c50 0.666 fac1 -0.060 fac50 -0.003 lock 0.00 move 0.837 period None osc -0.060@1 pr 19.6 sens10 3.91 sens50 3.91 sat 0.510 dead 0.03 frozen 0.14 nbin 300 fat 0.700 | 59.4s
ex16|step0|1|0.0|dep|10|0.5|51: static 0.585 sstatic 0.695 c1 0.529 c50 0.586 fac1 -0.138 fac50 -0.002 lock 0.00 move 0.957 period None osc -0.138@1 pr 20.0 sens10 3.94 sens50 3.94 sat 0.510 dead 0.03 frozen 0.17 nbin 300 fat 0.373 | 59.5s
ex16|step0|1|0.5|none|0|0.0|50: static 0.911 sstatic 0.864 c1 0.988 c50 0.908 fac1 0.868 fac50 -0.023 lock 0.01 move 0.158 period None osc -0.033@26 pr 12.5 sens10 3.58 sens50 3.71 sat 0.521 dead 0.03 frozen 0.48 nbin 300 fat None | 26.4s
ex16|step0|1|0.5|none|0|0.0|51: static 0.916 sstatic 0.870 c1 0.989 c50 0.917 fac1 0.867 fac50 -0.014 lock 0.00 move 0.15 period None osc -0.036@19 pr 11.9 sens10 3.66 sens50 3.73 sat 0.509 dead 0.03 frozen 0.51 nbin 300 fat None | 26.6s
ex16|step0|1|0.0|dep|300|0.1|50: static 0.378 sstatic 0.639 c1 0.383 c50 0.392 fac1 -0.022 fac50 -0.001 lock 0.01 move 1.11 period None osc -0.023@3 pr 17.5 sens10 3.89 sens50 3.93 sat 0.520 dead 0.03 frozen 0.53 nbin 300 fat 0.094 | 33.1s
ex16|step0|1|0.0|dep|300|0.1|51: static 0.364 sstatic 0.623 c1 0.368 c50 0.381 fac1 -0.023 fac50 -0.003 lock 0.00 move 1.13 period None osc -0.023@1 pr 17.6 sens10 4.00 sens50 4.03 sat 0.512 dead 0.03 frozen 0.55 nbin 300 fat 0.095 | 32.9s
ex16|step0|1|0.5|sub|3|0.5|50: static 0.778 sstatic 0.786 c1 0.925 c50 0.779 fac1 0.655 fac50 -0.008 lock 0.01 move 0.4 period None osc -0.200@6 pr 16.7 sens10 3.80 sens50 3.86 sat 0.521 dead 0.03 frozen 0.36 nbin 300 fat 0.481 | 29.7s
ex16|step0|1|0.0|dep|300|0.5|51: static 0.364 sstatic 0.631 c1 0.348 c50 0.401 fac1 -0.080 fac50 -0.004 lock 0.00 move 1.11 period None osc -0.080@1 pr 15.9 sens10 3.60 sens50 3.63 sat 0.511 dead 0.03 frozen 0.99 nbin 299 fat 0.025 | 32.0s
ex16|step0|1|0.5|sub|3|0.5|51: static 0.787 sstatic 0.785 c1 0.928 c50 0.789 fac1 0.661 fac50 0.002 lock 0.00 move 0.384 period None osc -0.203@6 pr 16.3 sens10 3.82 sens50 3.86 sat 0.509 dead 0.03 frozen 0.38 nbin 300 fat 0.487 | 29.5s
ex16|step0|1|0.5|sub|3|1.0|51: static 0.000 sstatic 0.501 c1 0.601 c50 0.004 fac1 0.606 fac50 0.004 lock 0.00 move 0.885 period None osc -0.436@5 pr 18.0 sens10 3.99 sens50 4.17 sat 0.501 dead 0.03 frozen 0.04 nbin 300 fat 0.897 | 28.9s
ex16|step0|1|0.5|sub|30|1.0|50: static 0.001 sstatic 0.501 c1 0.870 c50 0.010 fac1 0.870 fac50 0.009 lock 0.01 move 0.506 period None osc -0.200@14 pr 15.2 sens10 3.94 sens50 4.11 sat 0.499 dead 0.03 frozen 0.04 nbin 300 fat 0.790 | 30.4s
ex16|step0|1|0.5|sub|3|1.0|50: static 0.000 sstatic 0.501 c1 0.600 c50 -0.011 fac1 0.606 fac50 -0.009 lock 0.01 move 0.886 period None osc -0.441@5 pr 18.1 sens10 3.98 sens50 4.14 sat 0.500 dead 0.03 frozen 0.04 nbin 300 fat 0.891 | 52.1s
ex16|step0|1|0.5|sub|30|1.0|51: static 0.001 sstatic 0.502 c1 0.871 c50 0.000 fac1 0.871 fac50 0.000 lock 0.00 move 0.501 period None osc -0.205@12 pr 15.1 sens10 3.98 sens50 4.13 sat 0.501 dead 0.03 frozen 0.03 nbin 300 fat 0.790 | 30.8s
ex16|step0|1|0.0|dep|300|0.5|50: static 0.373 sstatic 0.648 c1 0.361 c50 0.415 fac1 -0.085 fac50 -0.003 lock 0.01 move 1.09 period None osc -0.085@1 pr 16.3 sens10 3.37 sens50 3.38 sat 0.521 dead 0.03 frozen 0.96 nbin 300 fat 0.027 | 61.0s
ex16|step0|1|0.5|sub|100|0.5|50: static 0.420 sstatic 0.644 c1 0.928 c50 0.413 fac1 0.877 fac50 -0.026 lock 0.04 move 0.38 period None osc -0.079@19 pr 15.2 sens10 3.88 sens50 4.03 sat 0.505 dead 0.00 frozen 0.07 nbin 300 fat 0.420 | 31.3s
ex16|step0|1|0.5|sub|100|0.5|51: static 0.408 sstatic 0.635 c1 0.928 c50 0.392 fac1 0.878 fac50 -0.027 lock 0.03 move 0.377 period None osc -0.063@24 pr 15.1 sens10 3.94 sens50 4.05 sat 0.496 dead 0.00 frozen 0.08 nbin 300 fat 0.426 | 31.5s
ex16|step0|1|0.5|sub|100|1.0|50: static 0.004 sstatic 0.503 c1 0.889 c50 -0.053 fac1 0.888 fac50 -0.046 lock 0.03 move 0.466 period None osc -0.086@19 pr 15.0 sens10 3.94 sens50 4.14 sat 0.500 dead 0.00 frozen 0.04 nbin 300 fat 0.765 | 31.5s
ex16|step0|1|0.5|sub|100|1.0|51: static 0.004 sstatic 0.503 c1 0.891 c50 -0.037 fac1 0.890 fac50 -0.033 lock 0.01 move 0.462 period None osc -0.095@20 pr 14.8 sens10 3.95 sens50 4.12 sat 0.502 dead 0.00 frozen 0.03 nbin 300 fat 0.776 | 31.5s
ex16|step0|1|0.5|sub|300|0.5|50: static 0.455 sstatic 0.656 c1 0.933 c50 0.440 fac1 0.878 fac50 -0.021 lock 0.04 move 0.366 period None osc -0.041@24 pr 15.1 sens10 3.81 sens50 4.03 sat 0.505 dead 0.00 frozen 0.08 nbin 300 fat 0.417 | 31.6s
ex16|step0|1|0.5|sub|10|0.5|50: static 0.526 sstatic 0.681 c1 0.910 c50 0.528 fac1 0.812 fac50 -0.000 lock 0.01 move 0.426 period None osc -0.226@9 pr 16.4 sens10 3.88 sens50 3.99 sat 0.506 dead 0.03 frozen 0.12 nbin 300 fat 0.453 | 58.2s
ex16|step0|1|0.5|sub|300|0.5|51: static 0.433 sstatic 0.643 c1 0.934 c50 0.422 fac1 0.880 fac50 -0.026 lock 0.03 move 0.364 period None osc -0.031@37 pr 14.9 sens10 3.85 sens50 4.04 sat 0.496 dead 0.00 frozen 0.08 nbin 300 fat 0.415 | 31.4s
ex16|step0|1|0.5|sub|10|0.5|51: static 0.525 sstatic 0.668 c1 0.910 c50 0.522 fac1 0.810 fac50 -0.012 lock 0.00 move 0.425 period None osc -0.221@9 pr 16.4 sens10 3.91 sens50 4.01 sat 0.496 dead 0.03 frozen 0.13 nbin 300 fat 0.455 | 58.1s
ex16|step0|1|0.5|sub|10|1.0|50: static 0.000 sstatic 0.501 c1 0.817 c50 0.012 fac1 0.820 fac50 0.010 lock 0.01 move 0.599 period None osc -0.364@9 pr 16.1 sens10 3.92 sens50 4.13 sat 0.499 dead 0.03 frozen 0.04 nbin 300 fat 0.819 | 57.6s
ex16|step0|1|0.5|sub|10|1.0|51: static 0.000 sstatic 0.501 c1 0.820 c50 -0.008 fac1 0.822 fac50 -0.008 lock 0.00 move 0.592 period None osc -0.361@9 pr 15.9 sens10 3.95 sens50 4.16 sat 0.501 dead 0.03 frozen 0.03 nbin 300 fat 0.835 | 57.7s
ex16|step0|1|0.5|sub|30|0.5|50: static 0.443 sstatic 0.652 c1 0.921 c50 0.439 fac1 0.858 fac50 0.002 lock 0.01 move 0.398 period None osc -0.138@14 pr 15.6 sens10 3.91 sens50 4.03 sat 0.505 dead 0.03 frozen 0.08 nbin 300 fat 0.436 | 57.8s
ex16|step0|1|0.5|sub|30|0.5|51: static 0.433 sstatic 0.637 c1 0.921 c50 0.434 fac1 0.858 fac50 -0.009 lock 0.00 move 0.398 period None osc -0.142@13 pr 15.5 sens10 3.96 sens50 4.03 sat 0.496 dead 0.03 frozen 0.08 nbin 300 fat 0.434 | 56.6s
ex16|step0|1|0.5|sub|300|1.0|50: static 0.037 sstatic 0.514 c1 0.897 c50 0.001 fac1 0.892 fac50 -0.029 lock 0.04 move 0.452 period None osc -0.043@21 pr 15.0 sens10 3.87 sens50 4.11 sat 0.499 dead 0.00 frozen 0.04 nbin 300 fat 0.743 | 29.7s
ex16|step0|1|0.5|div|3|0.5|50: static 0.892 sstatic 0.864 c1 0.983 c50 0.888 fac1 0.846 fac50 -0.021 lock 0.01 move 0.187 period None osc -0.029@27 pr 11.9 sens10 3.62 sens50 3.74 sat 0.521 dead 0.03 frozen 0.48 nbin 300 fat 0.390 | 29.4s
ex16|step0|1|0.5|div|3|2.0|50: static 0.853 sstatic 0.864 c1 0.974 c50 0.850 fac1 0.821 fac50 -0.018 lock 0.01 move 0.235 period None osc -0.026@26 pr 10.8 sens10 3.69 sens50 3.79 sat 0.521 dead 0.03 frozen 0.95 nbin 250 fat 1.558 | 29.3s
ex16|step0|1|0.5|div|3|2.0|51: static 0.869 sstatic 0.870 c1 0.976 c50 0.863 fac1 0.821 fac50 -0.011 lock 0.00 move 0.222 period None osc -0.034@18 pr 10.2 sens10 3.76 sens50 3.81 sat 0.509 dead 0.03 frozen 0.96 nbin 205 fat 1.554 | 29.3s
ex16|step0|1|0.5|div|10|0.5|50: static 0.877 sstatic 0.864 c1 0.982 c50 0.875 fac1 0.855 fac50 -0.019 lock 0.01 move 0.193 period None osc -0.043@14 pr 12.2 sens10 3.64 sens50 3.76 sat 0.521 dead 0.03 frozen 0.46 nbin 300 fat 0.389 | 29.0s
ex16|step0|1|0.5|div|10|0.5|51: static 0.889 sstatic 0.870 c1 0.984 c50 0.887 fac1 0.855 fac50 -0.009 lock 0.00 move 0.183 period None osc -0.052@18 pr 11.6 sens10 3.72 sens50 3.78 sat 0.509 dead 0.03 frozen 0.49 nbin 300 fat 0.388 | 28.8s
ex16|step0|1|0.5|div|10|2.0|50: static 0.820 sstatic 0.864 c1 0.973 c50 0.820 fac1 0.844 fac50 -0.016 lock 0.01 move 0.24 period None osc -0.056@14 pr 11.2 sens10 3.72 sens50 3.83 sat 0.521 dead 0.03 frozen 0.60 nbin 300 fat 1.556 | 28.9s
ex16|step0|1|0.5|div|30|0.5|50: static 0.869 sstatic 0.864 c1 0.983 c50 0.866 fac1 0.863 fac50 -0.023 lock 0.01 move 0.193 period None osc -0.042@27 pr 12.1 sens10 3.65 sens50 3.77 sat 0.521 dead 0.03 frozen 0.45 nbin 300 fat 0.389 | 28.5s
ex16|step0|1|0.5|sub|300|1.0|51: static 0.038 sstatic 0.514 c1 0.900 c50 -0.011 fac1 0.896 fac50 -0.042 lock 0.03 move 0.443 period None osc -0.049@28 pr 14.6 sens10 3.87 sens50 4.13 sat 0.501 dead 0.00 frozen 0.03 nbin 300 fat 0.747 | 51.2s
ex16|step0|1|0.5|div|3|0.5|51: static 0.903 sstatic 0.870 c1 0.985 c50 0.901 fac1 0.845 fac50 -0.010 lock 0.00 move 0.177 period None osc -0.035@18 pr 11.4 sens10 3.69 sens50 3.76 sat 0.509 dead 0.03 frozen 0.51 nbin 300 fat 0.388 | 52.2s
ex16|step0|1|0.5|div|100|2.0|50: static 0.799 sstatic 0.864 c1 0.974 c50 0.798 fac1 0.865 fac50 -0.022 lock 0.01 move 0.235 period None osc -0.037@27 pr 11.0 sens10 3.75 sens50 3.86 sat 0.521 dead 0.03 frozen 0.51 nbin 300 fat 1.554 | 29.7s
ex16|step0|1|0.5|div|100|2.0|51: static 0.817 sstatic 0.870 c1 0.976 c50 0.813 fac1 0.866 fac50 -0.015 lock 0.00 move 0.225 period None osc -0.045@19 pr 10.4 sens10 3.83 sens50 3.88 sat 0.509 dead 0.03 frozen 0.56 nbin 300 fat 1.556 | 30.1s
ex16|step0|1|0.5|div|300|0.5|50: static 0.868 sstatic 0.864 c1 0.983 c50 0.866 fac1 0.868 fac50 -0.023 lock 0.01 move 0.191 period None osc -0.033@28 pr 12.0 sens10 3.66 sens50 3.78 sat 0.521 dead 0.03 frozen 0.45 nbin 300 fat 0.375 | 30.2s
ex16|step0|1|0.5|div|300|0.5|51: static 0.880 sstatic 0.870 c1 0.984 c50 0.878 fac1 0.867 fac50 -0.012 lock 0.00 move 0.181 period None osc -0.040@19 pr 11.5 sens10 3.74 sens50 3.81 sat 0.509 dead 0.03 frozen 0.49 nbin 300 fat 0.376 | 30.3s
ex16|step0|1|0.5|div|300|2.0|50: static 0.803 sstatic 0.864 c1 0.975 c50 0.801 fac1 0.867 fac50 -0.022 lock 0.01 move 0.232 period None osc -0.032@27 pr 11.0 sens10 3.75 sens50 3.86 sat 0.521 dead 0.03 frozen 0.49 nbin 300 fat 1.501 | 30.2s
ex16|step0|1|0.5|div|10|2.0|51: static 0.838 sstatic 0.870 c1 0.975 c50 0.834 fac1 0.845 fac50 -0.009 lock 0.00 move 0.229 period None osc -0.061@18 pr 10.7 sens10 3.79 sens50 3.84 sat 0.509 dead 0.03 frozen 0.65 nbin 300 fat 1.553 | 55.8s
ex16|step0|1|0.5|div|300|2.0|51: static 0.820 sstatic 0.870 c1 0.976 c50 0.818 fac1 0.867 fac50 -0.014 lock 0.00 move 0.222 period None osc -0.040@19 pr 10.5 sens10 3.83 sens50 3.89 sat 0.509 dead 0.03 frozen 0.53 nbin 300 fat 1.502 | 30.1s
ex16|step0|1|0.5|div|30|2.0|50: static 0.804 sstatic 0.864 c1 0.973 c50 0.803 fac1 0.859 fac50 -0.023 lock 0.01 move 0.237 period None osc -0.049@16 pr 11.1 sens10 3.74 sens50 3.84 sat 0.521 dead 0.03 frozen 0.53 nbin 300 fat 1.555 | 54.8s
ex16|step0|1|0.5|div|30|2.0|51: static 0.824 sstatic 0.870 c1 0.975 c50 0.819 fac1 0.860 fac50 -0.014 lock 0.00 move 0.226 period None osc -0.062@18 pr 10.6 sens10 3.82 sens50 3.86 sat 0.509 dead 0.03 frozen 0.58 nbin 300 fat 1.555 | 55.0s
ex16|step0|1|0.5|div|30|0.5|51: static 0.882 sstatic 0.870 c1 0.984 c50 0.880 fac1 0.863 fac50 -0.013 lock 0.00 move 0.183 period None osc -0.053@18 pr 11.5 sens10 3.73 sens50 3.79 sat 0.509 dead 0.03 frozen 0.49 nbin 300 fat 0.389 | 55.9s
ex16|step0|1|0.5|div|100|0.5|50: static 0.866 sstatic 0.864 c1 0.983 c50 0.864 fac1 0.867 fac50 -0.024 lock 0.01 move 0.192 period None osc -0.036@27 pr 12.0 sens10 3.66 sens50 3.78 sat 0.521 dead 0.03 frozen 0.45 nbin 300 fat 0.389 | 55.9s
ex16|step0|1|0.5|dep|3|0.1|50: static 0.909 sstatic 0.865 c1 0.985 c50 0.907 fac1 0.835 fac50 -0.027 lock 0.01 move 0.181 period None osc -0.039@45 pr 13.1 sens10 3.61 sens50 3.70 sat 0.521 dead 0.03 frozen 0.47 nbin 300 fat 0.877 | 32.6s
ex16|step0|1|0.5|div|100|0.5|51: static 0.879 sstatic 0.870 c1 0.984 c50 0.876 fac1 0.867 fac50 -0.014 lock 0.00 move 0.182 period None osc -0.044@19 pr 11.5 sens10 3.74 sens50 3.80 sat 0.509 dead 0.03 frozen 0.49 nbin 300 fat 0.389 | 54.8s
ex16|step0|1|0.5|dep|3|0.1|51: static 0.914 sstatic 0.866 c1 0.986 c50 0.914 fac1 0.835 fac50 -0.014 lock 0.00 move 0.17 period None osc -0.032@21 pr 12.5 sens10 3.67 sens50 3.73 sat 0.508 dead 0.03 frozen 0.49 nbin 300 fat 0.881 | 35.0s
ex16|step0|1|0.5|dep|3|0.5|50: static 0.910 sstatic 0.866 c1 0.984 c50 0.907 fac1 0.819 fac50 -0.021 lock 0.01 move 0.191 period None osc -0.021@49 pr 13.2 sens10 3.59 sens50 3.69 sat 0.520 dead 0.03 frozen 0.47 nbin 300 fat 0.670 | 32.2s
ex16|step0|1|0.5|dep|10|0.1|50: static 0.856 sstatic 0.830 c1 0.971 c50 0.856 fac1 0.794 fac50 -0.011 lock 0.01 move 0.252 period None osc -0.125@9 pr 14.8 sens10 3.68 sens50 3.78 sat 0.520 dead 0.03 frozen 0.35 nbin 300 fat 0.713 | 30.9s
ex16|step0|1|0.5|dep|10|0.5|50: static 0.857 sstatic 0.830 c1 0.950 c50 0.857 fac1 0.648 fac50 -0.008 lock 0.01 move 0.331 period None osc -0.104@6 pr 16.3 sens10 3.72 sens50 3.74 sat 0.522 dead 0.03 frozen 0.35 nbin 300 fat 0.458 | 30.8s
ex16|step0|1|0.5|dep|10|0.5|51: static 0.866 sstatic 0.831 c1 0.954 c50 0.866 fac1 0.651 fac50 -0.013 lock 0.00 move 0.312 period None osc -0.113@6 pr 15.7 sens10 3.76 sens50 3.77 sat 0.509 dead 0.03 frozen 0.38 nbin 300 fat 0.476 | 30.6s
ex16|step0|1|0.5|dep|30|0.1|50: static 0.726 sstatic 0.767 c1 0.945 c50 0.725 fac1 0.800 fac50 -0.012 lock 0.01 move 0.339 period None osc -0.142@10 pr 16.0 sens10 3.76 sens50 3.89 sat 0.522 dead 0.03 frozen 0.18 nbin 300 fat 0.496 | 30.6s
ex16|step0|1|0.5|dep|30|0.5|50: static 0.715 sstatic 0.764 c1 0.896 c50 0.722 fac1 0.622 fac50 -0.002 lock 0.01 move 0.477 period None osc -0.124@6 pr 17.4 sens10 3.78 sens50 3.84 sat 0.523 dead 0.03 frozen 0.35 nbin 300 fat 0.259 | 30.5s
ex16|step0|1|0.5|dep|100|0.5|51: static 0.560 sstatic 0.700 c1 0.854 c50 0.587 fac1 0.635 fac50 -0.010 lock 0.00 move 0.561 period None osc -0.103@7 pr 16.2 sens10 3.89 sens50 3.88 sat 0.510 dead 0.03 frozen 0.78 nbin 300 fat 0.114 | 30.9s
ex16|step0|1|0.5|dep|300|0.1|51: static 0.457 sstatic 0.662 c1 0.899 c50 0.483 fac1 0.804 fac50 -0.008 lock 0.00 move 0.459 period None osc -0.085@10 pr 14.8 sens10 3.83 sens50 4.02 sat 0.511 dead 0.03 frozen 0.27 nbin 300 fat 0.117 | 30.7s
ex16|step0|1|0.5|dep|3|0.5|51: static 0.919 sstatic 0.868 c1 0.986 c50 0.919 fac1 0.823 fac50 -0.013 lock 0.00 move 0.173 period None osc -0.029@30 pr 12.6 sens10 3.66 sens50 3.73 sat 0.508 dead 0.03 frozen 0.50 nbin 300 fat 0.676 | 56.9s
ex16|step0|1|0.5|dep|10|0.1|51: static 0.866 sstatic 0.831 c1 0.972 c50 0.865 fac1 0.793 fac50 -0.003 lock 0.00 move 0.239 period None osc -0.129@9 pr 14.3 sens10 3.73 sens50 3.77 sat 0.508 dead 0.03 frozen 0.38 nbin 300 fat 0.721 | 53.4s
ex16|step0|1|0.5|dep|300|0.5|50: static 0.500 sstatic 0.699 c1 0.846 c50 0.556 fac1 0.638 fac50 -0.006 lock 0.01 move 0.561 period None osc -0.082@7 pr 14.1 sens10 3.34 sens50 3.50 sat 0.523 dead 0.03 frozen 0.96 nbin 300 fat 0.046 | 31.5s
ex16|step0|1|0.9|none|0|0.0|50: static 0.920 sstatic 0.878 c1 1.000 c50 0.918 fac1 0.992 fac50 -0.029 lock 0.01 move 0.0239 period None osc -0.029@50 pr 5.4 sens10 3.09 sens50 3.59 sat 0.507 dead 0.03 frozen 0.62 nbin 300 fat None | 26.6s
ex16|step0|1|0.9|none|0|0.0|51: static 0.930 sstatic 0.881 c1 1.000 c50 0.922 fac1 0.992 fac50 -0.077 lock 0.00 move 0.0235 period None osc -0.077@50 pr 5.7 sens10 3.20 sens50 3.65 sat 0.492 dead 0.03 frozen 0.64 nbin 300 fat None | 26.8s
ex16|step0|1|0.5|dep|300|0.5|51: static 0.478 sstatic 0.685 c1 0.843 c50 0.540 fac1 0.642 fac50 -0.007 lock 0.00 move 0.569 period None osc -0.085@8 pr 13.6 sens10 3.58 sens50 3.66 sat 0.511 dead 0.03 frozen 0.99 nbin 300 fat 0.045 | 32.8s
ex16|step0|1|0.9|sub|3|0.5|50: static 0.922 sstatic 0.878 c1 0.999 c50 0.921 fac1 0.989 fac50 -0.039 lock 0.01 move 0.0342 period None osc -0.039@50 pr 6.0 sens10 3.18 sens50 3.60 sat 0.507 dead 0.03 frozen 0.72 nbin 300 fat 0.500 | 29.9s
ex16|step0|1|0.5|dep|30|0.1|51: static 0.721 sstatic 0.752 c1 0.945 c50 0.719 fac1 0.800 fac50 -0.014 lock 0.00 move 0.333 period None osc -0.136@10 pr 15.8 sens10 3.83 sens50 3.90 sat 0.510 dead 0.03 frozen 0.19 nbin 300 fat 0.506 | 60.0s
ex16|step0|1|0.9|sub|3|0.5|51: static 0.925 sstatic 0.876 c1 0.999 c50 0.921 fac1 0.989 fac50 -0.056 lock 0.00 move 0.0338 period None osc -0.056@50 pr 6.0 sens10 3.30 sens50 3.69 sat 0.492 dead 0.03 frozen 0.73 nbin 300 fat 0.500 | 29.8s
ex16|step0|1|0.5|dep|30|0.5|51: static 0.708 sstatic 0.750 c1 0.894 c50 0.714 fac1 0.627 fac50 -0.000 lock 0.00 move 0.464 period None osc -0.120@7 pr 17.3 sens10 3.83 sens50 3.88 sat 0.510 dead 0.03 frozen 0.36 nbin 300 fat 0.275 | 58.9s
ex16|step0|1|0.5|dep|100|0.1|50: static 0.579 sstatic 0.706 c1 0.915 c50 0.578 fac1 0.803 fac50 -0.005 lock 0.01 move 0.417 period None osc -0.109@10 pr 16.1 sens10 3.82 sens50 3.96 sat 0.522 dead 0.03 frozen 0.12 nbin 300 fat 0.260 | 59.1s
ex16|step0|1|0.5|dep|300|0.1|50: static 0.479 sstatic 0.679 c1 0.896 c50 0.502 fac1 0.799 fac50 -0.004 lock 0.01 move 0.483 period None osc -0.083@10 pr 14.9 sens10 3.90 sens50 3.93 sat 0.522 dead 0.03 frozen 0.28 nbin 300 fat 0.118 | 58.9s
ex16|step0|1|0.5|dep|100|0.1|51: static 0.561 sstatic 0.686 c1 0.916 c50 0.568 fac1 0.806 fac50 -0.001 lock 0.00 move 0.408 period None osc -0.102@12 pr 15.9 sens10 3.88 sens50 3.98 sat 0.511 dead 0.03 frozen 0.12 nbin 300 fat 0.265 | 60.1s
ex16|step0|1|0.5|dep|100|0.5|50: static 0.582 sstatic 0.715 c1 0.854 c50 0.608 fac1 0.627 fac50 -0.006 lock 0.01 move 0.558 period None osc -0.097@7 pr 16.4 sens10 3.69 sens50 3.71 sat 0.523 dead 0.03 frozen 0.77 nbin 300 fat 0.109 | 60.0s
ex16|step0|1|0.9|sub|3|1.0|50: static 0.000 sstatic 0.502 c1 0.918 c50 -0.018 fac1 0.917 fac50 -0.017 lock 0.01 move 0.399 period None osc -0.444@12 pr 13.3 sens10 3.76 sens50 4.08 sat 0.500 dead 0.03 frozen 0.98 nbin 152 fat 0.987 | 29.5s
ex16|step0|1|0.9|sub|3|1.0|51: static 0.000 sstatic 0.502 c1 0.920 c50 -0.033 fac1 0.919 fac50 -0.030 lock 0.00 move 0.394 period None osc -0.468@12 pr 12.7 sens10 3.83 sens50 4.08 sat 0.501 dead 0.03 frozen 0.98 nbin 154 fat 0.987 | 29.1s
ex16|step0|1|0.9|sub|10|1.0|50: static 0.002 sstatic 0.504 c1 0.984 c50 0.233 fac1 0.982 fac50 0.198 lock 0.01 move 0.175 period None osc -0.550@25 pr 8.0 sens10 3.59 sens50 3.93 sat 0.500 dead 0.03 frozen 0.11 nbin 300 fat 0.935 | 28.6s
ex16|step0|1|0.9|sub|10|1.0|51: static 0.002 sstatic 0.502 c1 0.984 c50 0.151 fac1 0.981 fac50 0.129 lock 0.00 move 0.176 period None osc -0.520@25 pr 8.6 sens10 3.64 sens50 3.94 sat 0.500 dead 0.03 frozen 0.11 nbin 300 fat 0.926 | 28.4s
ex16|step0|1|0.9|sub|30|0.5|50: static 0.645 sstatic 0.729 c1 0.998 c50 0.530 fac1 0.990 fac50 -0.268 lock 0.01 move 0.0688 period None osc -0.275@46 pr 7.4 sens10 3.45 sens50 3.87 sat 0.506 dead 0.03 frozen 0.34 nbin 300 fat 0.473 | 28.3s
ex16|step0|1|0.9|sub|30|0.5|51: static 0.648 sstatic 0.721 c1 0.998 c50 0.540 fac1 0.990 fac50 -0.256 lock 0.00 move 0.0676 period None osc -0.267@44 pr 7.5 sens10 3.45 sens50 3.90 sat 0.495 dead 0.03 frozen 0.36 nbin 300 fat 0.470 | 28.2s
ex16|step0|1|0.9|sub|30|1.0|50: static 0.007 sstatic 0.506 c1 0.994 c50 -0.486 fac1 0.991 fac50 -0.412 lock 0.01 move 0.109 period None osc -0.440@44 pr 6.5 sens10 3.51 sens50 3.88 sat 0.499 dead 0.03 frozen 0.05 nbin 300 fat 0.861 | 28.1s
ex16|step0|1|0.9|sub|100|0.5|50: static 0.512 sstatic 0.683 c1 0.998 c50 0.417 fac1 0.992 fac50 -0.152 lock 0.01 move 0.0627 period None osc -0.152@50 pr 6.4 sens10 3.39 sens50 3.87 sat 0.505 dead 0.00 frozen 0.24 nbin 300 fat 0.445 | 28.0s
ex16|step0|1|0.9|sub|300|1.0|50: static 0.110 sstatic 0.548 c1 0.997 c50 0.062 fac1 0.993 fac50 -0.062 lock 0.04 move 0.0726 period None osc -0.062@50 pr 5.8 sens10 2.94 sens50 3.83 sat 0.500 dead 0.00 frozen 0.06 nbin 300 fat 0.760 | 28.1s
ex16|step0|1|0.9|sub|300|1.0|51: static 0.124 sstatic 0.546 c1 0.997 c50 0.101 fac1 0.993 fac50 -0.035 lock 0.03 move 0.0714 period None osc -0.035@50 pr 5.7 sens10 2.80 sens50 3.79 sat 0.500 dead 0.00 frozen 0.07 nbin 300 fat 0.759 | 28.0s
ex16|step0|1|0.9|sub|10|0.5|50: static 0.858 sstatic 0.834 c1 0.998 c50 0.842 fac1 0.985 fac50 -0.092 lock 0.01 move 0.0591 period None osc -0.182@32 pr 8.8 sens10 3.42 sens50 3.78 sat 0.506 dead 0.03 frozen 0.58 nbin 300 fat 0.493 | 52.6s
ex16|step0|1|0.9|sub|10|0.5|51: static 0.862 sstatic 0.832 c1 0.998 c50 0.845 fac1 0.985 fac50 -0.114 lock 0.00 move 0.0563 period None osc -0.174@35 pr 8.7 sens10 3.46 sens50 3.77 sat 0.495 dead 0.03 frozen 0.59 nbin 300 fat 0.492 | 49.0s
ex16|step0|1|0.9|div|3|0.5|50: static 0.914 sstatic 0.878 c1 1.000 c50 0.913 fac1 0.992 fac50 -0.036 lock 0.01 move 0.0265 period None osc -0.036@50 pr 5.3 sens10 3.11 sens50 3.61 sat 0.507 dead 0.03 frozen 0.64 nbin 300 fat 0.390 | 28.4s
ex16|step0|1|0.9|div|3|0.5|51: static 0.923 sstatic 0.881 c1 1.000 c50 0.914 fac1 0.992 fac50 -0.082 lock 0.00 move 0.026 period None osc -0.082@50 pr 5.5 sens10 3.23 sens50 3.67 sat 0.492 dead 0.03 frozen 0.66 nbin 300 fat 0.388 | 29.4s
ex16|step0|1|0.9|div|3|2.0|50: static 0.892 sstatic 0.878 c1 0.999 c50 0.888 fac1 0.991 fac50 -0.045 lock 0.01 move 0.0333 period None osc -0.045@50 pr 5.2 sens10 3.16 sens50 3.66 sat 0.507 dead 0.03 frozen 1.00 nbin 1 fat 1.561 | 29.6s
ex16|step0|1|0.9|sub|100|0.5|51: static 0.497 sstatic 0.669 c1 0.998 c50 0.432 fac1 0.993 fac50 -0.118 lock 0.01 move 0.0612 period None osc -0.118@50 pr 6.1 sens10 3.42 sens50 3.85 sat 0.496 dead 0.00 frozen 0.25 nbin 300 fat 0.444 | 53.6s
ex16|step0|1|0.9|sub|30|1.0|51: static 0.006 sstatic 0.506 c1 0.994 c50 -0.495 fac1 0.991 fac50 -0.416 lock 0.00 move 0.108 period None osc -0.439@45 pr 6.1 sens10 3.55 sens50 3.90 sat 0.501 dead 0.03 frozen 0.04 nbin 300 fat 0.863 | 54.7s
ex16|step0|1|0.9|sub|100|1.0|50: static 0.023 sstatic 0.515 c1 0.997 c50 -0.192 fac1 0.993 fac50 -0.178 lock 0.01 move 0.0827 period None osc -0.178@50 pr 5.8 sens10 3.42 sens50 3.87 sat 0.499 dead 0.00 frozen 0.04 nbin 300 fat 0.807 | 53.5s
ex16|step0|1|0.9|div|3|2.0|51: static 0.898 sstatic 0.881 c1 0.999 c50 0.886 fac1 0.991 fac50 -0.092 lock 0.00 move 0.0327 period None osc -0.092@50 pr 5.3 sens10 3.31 sens50 3.73 sat 0.492 dead 0.03 frozen 1.00 nbin 1 fat 1.553 | 29.6s
ex16|step0|1|0.9|sub|100|1.0|51: static 0.024 sstatic 0.513 c1 0.997 c50 -0.199 fac1 0.993 fac50 -0.178 lock 0.01 move 0.0809 period None osc -0.178@50 pr 5.9 sens10 3.46 sens50 3.85 sat 0.500 dead 0.00 frozen 0.04 nbin 300 fat 0.802 | 53.9s
ex16|step0|1|0.9|div|10|0.5|50: static 0.908 sstatic 0.878 c1 1.000 c50 0.905 fac1 0.992 fac50 -0.044 lock 0.01 move 0.0285 period None osc -0.044@50 pr 5.6 sens10 3.14 sens50 3.63 sat 0.507 dead 0.03 frozen 0.62 nbin 300 fat 0.390 | 29.5s
ex16|step0|1|0.9|div|10|0.5|51: static 0.916 sstatic 0.881 c1 1.000 c50 0.907 fac1 0.991 fac50 -0.091 lock 0.00 move 0.028 period None osc -0.091@50 pr 5.8 sens10 3.26 sens50 3.69 sat 0.492 dead 0.03 frozen 0.64 nbin 300 fat 0.389 | 29.4s
ex16|step0|1|0.9|sub|300|0.5|50: static 0.532 sstatic 0.692 c1 0.998 c50 0.494 fac1 0.993 fac50 -0.071 lock 0.04 move 0.0569 period None osc -0.071@50 pr 6.1 sens10 2.91 sens50 3.80 sat 0.505 dead 0.00 frozen 0.25 nbin 300 fat 0.422 | 54.9s
ex16|step0|1|0.9|sub|300|0.5|51: static 0.509 sstatic 0.680 c1 0.998 c50 0.482 fac1 0.993 fac50 -0.065 lock 0.03 move 0.0563 period None osc -0.065@50 pr 5.8 sens10 2.81 sens50 3.78 sat 0.498 dead 0.00 frozen 0.25 nbin 300 fat 0.420 | 55.0s
ex16|step0|1|0.9|div|10|2.0|50: static 0.875 sstatic 0.878 c1 0.999 c50 0.867 fac1 0.991 fac50 -0.058 lock 0.01 move 0.0369 period None osc -0.058@50 pr 5.7 sens10 3.22 sens50 3.69 sat 0.507 dead 0.03 frozen 1.00 nbin 32 fat 1.558 | 29.0s
ex16|step0|1|0.9|div|10|2.0|51: static 0.881 sstatic 0.881 c1 0.999 c50 0.868 fac1 0.991 fac50 -0.106 lock 0.00 move 0.0363 period None osc -0.106@50 pr 5.8 sens10 3.35 sens50 3.75 sat 0.492 dead 0.03 frozen 1.00 nbin 28 fat 1.555 | 28.6s
ex16|step0|1|0.9|div|30|2.0|50: static 0.851 sstatic 0.878 c1 0.999 c50 0.836 fac1 0.992 fac50 -0.091 lock 0.01 move 0.0374 period None osc -0.091@50 pr 5.8 sens10 3.25 sens50 3.72 sat 0.507 dead 0.03 frozen 0.89 nbin 300 fat 1.557 | 28.3s
ex16|step0|1|0.9|div|30|2.0|51: static 0.858 sstatic 0.881 c1 0.999 c50 0.833 fac1 0.991 fac50 -0.132 lock 0.00 move 0.0369 period None osc -0.132@50 pr 5.9 sens10 3.38 sens50 3.78 sat 0.492 dead 0.03 frozen 0.90 nbin 298 fat 1.556 | 28.2s
ex16|step0|1|0.9|div|100|0.5|50: static 0.886 sstatic 0.878 c1 1.000 c50 0.881 fac1 0.992 fac50 -0.050 lock 0.01 move 0.0292 period None osc -0.050@50 pr 5.5 sens10 3.17 sens50 3.66 sat 0.507 dead 0.03 frozen 0.59 nbin 300 fat 0.389 | 28.3s
ex16|step0|1|0.9|div|300|0.5|50: static 0.886 sstatic 0.878 c1 1.000 c50 0.882 fac1 0.992 fac50 -0.034 lock 0.01 move 0.0288 period None osc -0.034@50 pr 5.4 sens10 3.16 sens50 3.67 sat 0.507 dead 0.03 frozen 0.59 nbin 300 fat 0.376 | 28.3s
ex16|step0|1|0.9|div|300|2.0|50: static 0.828 sstatic 0.878 c1 0.999 c50 0.824 fac1 0.992 fac50 -0.041 lock 0.01 move 0.0354 period None osc -0.041@50 pr 5.3 sens10 3.25 sens50 3.75 sat 0.507 dead 0.03 frozen 0.70 nbin 300 fat 1.503 | 28.2s
ex16|step0|1|0.9|div|300|2.0|51: static 0.838 sstatic 0.881 c1 0.999 c50 0.821 fac1 0.992 fac50 -0.088 lock 0.00 move 0.035 period None osc -0.088@50 pr 5.5 sens10 3.37 sens50 3.81 sat 0.492 dead 0.03 frozen 0.73 nbin 300 fat 1.504 | 28.2s
ex16|step0|1|0.9|div|30|0.5|51: static 0.905 sstatic 0.881 c1 1.000 c50 0.892 fac1 0.992 fac50 -0.111 lock 0.00 move 0.0288 period None osc -0.111@50 pr 5.9 sens10 3.28 sens50 3.71 sat 0.492 dead 0.03 frozen 0.62 nbin 300 fat 0.389 | 49.1s
ex16|step0|1|0.9|div|30|0.5|50: static 0.896 sstatic 0.878 c1 1.000 c50 0.889 fac1 0.992 fac50 -0.067 lock 0.01 move 0.0293 period None osc -0.067@50 pr 5.7 sens10 3.16 sens50 3.65 sat 0.507 dead 0.03 frozen 0.60 nbin 300 fat 0.389 | 52.8s
ex16|step0|1|0.9|dep|3|0.5|50: static 0.926 sstatic 0.881 c1 1.000 c50 0.918 fac1 0.992 fac50 -0.066 lock 0.01 move 0.0269 period None osc -0.066@50 pr 5.7 sens10 3.12 sens50 3.60 sat 0.507 dead 0.03 frozen 0.62 nbin 300 fat 0.692 | 30.9s
ex16|step0|1|0.9|dep|3|0.5|51: static 0.921 sstatic 0.875 c1 1.000 c50 0.918 fac1 0.993 fac50 -0.030 lock 0.00 move 0.0248 period None osc -0.030@50 pr 5.4 sens10 3.24 sens50 3.66 sat 0.494 dead 0.03 frozen 0.63 nbin 300 fat 0.701 | 31.0s
ex16|step0|1|0.9|div|300|0.5|51: static 0.896 sstatic 0.881 c1 1.000 c50 0.886 fac1 0.992 fac50 -0.084 lock 0.00 move 0.0284 period None osc -0.084@50 pr 5.6 sens10 3.28 sens50 3.73 sat 0.492 dead 0.03 frozen 0.61 nbin 300 fat 0.376 | 49.6s
ex16|step0|1|0.9|div|100|2.0|50: static 0.831 sstatic 0.878 c1 0.999 c50 0.821 fac1 0.992 fac50 -0.066 lock 0.01 move 0.0364 period None osc -0.066@50 pr 5.4 sens10 3.25 sens50 3.74 sat 0.507 dead 0.03 frozen 0.78 nbin 300 fat 1.556 | 52.6s
ex16|step0|1|0.9|div|100|0.5|51: static 0.896 sstatic 0.881 c1 1.000 c50 0.884 fac1 0.992 fac50 -0.095 lock 0.00 move 0.0288 period None osc -0.095@50 pr 5.7 sens10 3.28 sens50 3.73 sat 0.492 dead 0.03 frozen 0.61 nbin 300 fat 0.389 | 52.9s
ex16|step0|1|0.9|div|100|2.0|51: static 0.839 sstatic 0.881 c1 0.999 c50 0.814 fac1 0.992 fac50 -0.103 lock 0.00 move 0.036 period None osc -0.103@50 pr 5.6 sens10 3.38 sens50 3.80 sat 0.492 dead 0.03 frozen 0.80 nbin 300 fat 1.557 | 53.2s
ex16|step0|1|0.9|dep|3|0.1|51: static 0.925 sstatic 0.873 c1 1.000 c50 0.924 fac1 0.993 fac50 -0.035 lock 0.00 move 0.0244 period None osc -0.035@50 pr 5.4 sens10 3.22 sens50 3.63 sat 0.492 dead 0.03 frozen 0.63 nbin 300 fat 0.885 | 53.7s
ex16|step0|1|0.9|dep|3|0.1|50: static 0.927 sstatic 0.879 c1 1.000 c50 0.922 fac1 0.992 fac50 -0.075 lock 0.01 move 0.0249 period None osc -0.075@50 pr 5.6 sens10 3.10 sens50 3.56 sat 0.508 dead 0.03 frozen 0.63 nbin 300 fat 0.882 | 55.1s
ex16|step0|1|0.9|dep|10|0.1|50: static 0.928 sstatic 0.883 c1 1.000 c50 0.923 fac1 0.990 fac50 -0.042 lock 0.01 move 0.0316 period None osc -0.042@50 pr 6.1 sens10 3.20 sens50 3.63 sat 0.508 dead 0.03 frozen 0.62 nbin 300 fat 0.739 | 41.5s
ex16|step0|1|0.9|dep|10|0.1|51: static 0.926 sstatic 0.874 c1 1.000 c50 0.917 fac1 0.990 fac50 -0.094 lock 0.00 move 0.0313 period None osc -0.094@50 pr 6.5 sens10 3.32 sens50 3.69 sat 0.494 dead 0.03 frozen 0.61 nbin 300 fat 0.747 | 40.6s
ex16|step0|1|0.9|dep|10|0.5|50: static 0.930 sstatic 0.885 c1 0.999 c50 0.928 fac1 0.989 fac50 -0.033 lock 0.01 move 0.0381 period None osc -0.033@50 pr 5.9 sens10 3.26 sens50 3.61 sat 0.506 dead 0.03 frozen 0.62 nbin 300 fat 0.557 | 40.3s
ex16|step0|1|0.9|dep|30|0.1|51: static 0.879 sstatic 0.838 c1 0.999 c50 0.857 fac1 0.985 fac50 -0.132 lock 0.00 move 0.0539 period None osc -0.158@38 pr 8.5 sens10 3.51 sens50 3.75 sat 0.494 dead 0.03 frozen 0.49 nbin 300 fat 0.576 | 39.0s
ex16|step0|1|0.9|dep|30|0.1|50: static 0.881 sstatic 0.848 c1 0.999 c50 0.864 fac1 0.985 fac50 -0.129 lock 0.01 move 0.0548 period None osc -0.161@37 pr 8.4 sens10 3.40 sens50 3.70 sat 0.508 dead 0.03 frozen 0.49 nbin 300 fat 0.565 | 40.0s
ex16|step0|1|0.9|dep|10|0.5|51: static 0.930 sstatic 0.876 c1 0.999 c50 0.920 fac1 0.989 fac50 -0.100 lock 0.00 move 0.0351 period None osc -0.100@50 pr 6.1 sens10 3.38 sens50 3.67 sat 0.495 dead 0.03 frozen 0.63 nbin 300 fat 0.568 | 45.1s
ex16|step0|1|0.9|dep|30|0.5|50: static 0.925 sstatic 0.874 c1 0.998 c50 0.915 fac1 0.969 fac50 -0.089 lock 0.01 move 0.0694 period None osc -0.091@48 pr 8.8 sens10 3.48 sens50 3.66 sat 0.508 dead 0.03 frozen 0.56 nbin 300 fat 0.439 | 61.2s
ex16|step0|1|0.9|dep|30|0.5|51: static 0.918 sstatic 0.868 c1 0.998 c50 0.906 fac1 0.970 fac50 -0.112 lock 0.00 move 0.0677 period None osc -0.112@50 pr 8.7 sens10 3.59 sens50 3.71 sat 0.493 dead 0.03 frozen 0.55 nbin 300 fat 0.450 | 57.6s
ex16|step0|1|0.9|dep|100|0.1|50: static 0.711 sstatic 0.760 c1 0.997 c50 0.655 fac1 0.985 fac50 -0.153 lock 0.01 move 0.0854 period None osc -0.174@40 pr 9.2 sens10 3.62 sens50 3.84 sat 0.507 dead 0.03 frozen 0.27 nbin 300 fat 0.347 | 55.9s
ex16|step0|1|0.9|dep|100|0.1|51: static 0.700 sstatic 0.749 c1 0.996 c50 0.642 fac1 0.985 fac50 -0.154 lock 0.00 move 0.0854 period None osc -0.180@40 pr 9.2 sens10 3.73 sens50 3.87 sat 0.494 dead 0.03 frozen 0.25 nbin 300 fat 0.350 | 53.8s
ex16|step0|1|0.9|dep|100|0.5|51: static 0.786 sstatic 0.793 c1 0.992 c50 0.763 fac1 0.958 fac50 -0.103 lock 0.00 move 0.126 period None osc -0.124@36 pr 10.1 sens10 3.85 sens50 3.84 sat 0.494 dead 0.03 frozen 0.39 nbin 300 fat 0.269 | 45.1s
ex16|step0|1|0.9|dep|100|0.5|50: static 0.801 sstatic 0.807 c1 0.992 c50 0.784 fac1 0.957 fac50 -0.097 lock 0.01 move 0.124 period None osc -0.126@34 pr 10.2 sens10 3.79 sens50 3.76 sat 0.511 dead 0.03 frozen 0.40 nbin 300 fat 0.266 | 48.1s
ex16|step0|1|0.9|dep|300|0.5|50: static 0.656 sstatic 0.754 c1 0.987 c50 0.655 fac1 0.955 fac50 -0.087 lock 0.01 move 0.151 period None osc -0.099@37 pr 9.3 sens10 3.96 sens50 3.78 sat 0.510 dead 0.03 frozen 0.64 nbin 300 fat 0.133 | 43.0s
ex16|step0|1|0.9|dep|300|0.1|51: static 0.557 sstatic 0.687 c1 0.995 c50 0.490 fac1 0.984 fac50 -0.140 lock 0.00 move 0.104 period None osc -0.151@44 pr 9.4 sens10 3.86 sens50 3.95 sat 0.493 dead 0.03 frozen 0.16 nbin 300 fat 0.176 | 54.1s
ex16|step0|1|0.9|dep|300|0.1|50: static 0.585 sstatic 0.713 c1 0.995 c50 0.517 fac1 0.984 fac50 -0.143 lock 0.01 move 0.102 period None osc -0.155@41 pr 9.3 sens10 3.74 sens50 3.91 sat 0.508 dead 0.03 frozen 0.18 nbin 300 fat 0.179 | 60.2s
ex16|step0|1|0.9|dep|300|0.5|51: static 0.621 sstatic 0.733 c1 0.986 c50 0.628 fac1 0.956 fac50 -0.093 lock 0.00 move 0.155 period None osc -0.110@39 pr 8.9 sens10 4.02 sens50 3.89 sat 0.493 dead 0.03 frozen 0.62 nbin 300 fat 0.123 | 54.9s
ex16|wta|1|0.0|none|0|0.0|50: static 0.056 sstatic 0.047 c1 0.052 c50 0.051 fac1 -0.005 fac50 -0.004 lock 0.01 move 1.35 period None osc -0.007@11 pr 19.9 sens10 4.12 sens50 4.11 sat None dead 0.03 frozen 0.04 nbin 300 fat None | 53.5s
ex16|wta|1|0.0|sub|3|1.0|50: static 0.000 sstatic 0.036 c1 -0.174 c50 0.000 fac1 -0.176 fac50 -0.000 lock 0.01 move 1.53 period None osc -0.176@1 pr 21.7 sens10 4.13 sens50 4.14 sat None dead 0.03 frozen 0.04 nbin 300 fat 0.488 | 47.1s
ex16|wta|1|0.0|none|0|0.0|51: static 0.058 sstatic 0.047 c1 0.059 c50 0.054 fac1 -0.001 fac50 -0.003 lock 0.00 move 1.35 period None osc -0.008@10 pr 19.3 sens10 4.13 sens50 4.12 sat None dead 0.03 frozen 0.04 nbin 300 fat None | 50.7s
ex16|wta|1|0.0|sub|3|0.5|50: static 0.016 sstatic 0.039 c1 -0.098 c50 0.015 fac1 -0.122 fac50 -0.002 lock 0.01 move 1.48 period None osc -0.122@1 pr 20.9 sens10 4.13 sens50 4.13 sat None dead 0.03 frozen 0.04 nbin 300 fat 0.248 | 55.3s
ex16|wta|1|0.0|sub|3|0.5|51: static 0.016 sstatic 0.040 c1 -0.096 c50 0.016 fac1 -0.119 fac50 -0.002 lock 0.00 move 1.47 period None osc -0.119@1 pr 20.7 sens10 4.15 sens50 4.14 sat None dead 0.03 frozen 0.04 nbin 300 fat 0.251 | 56.8s
ex16|wta|1|0.0|sub|10|0.5|50: static 0.012 sstatic 0.039 c1 -0.026 c50 0.011 fac1 -0.041 fac50 -0.003 lock 0.00 move 1.43 period None osc -0.041@1 pr 21.2 sens10 4.14 sens50 4.12 sat None dead 0.03 frozen 0.03 nbin 300 fat 0.169 | 39.4s
ex16|wta|1|0.0|sub|3|1.0|51: static 0.000 sstatic 0.036 c1 -0.172 c50 -0.003 fac1 -0.174 fac50 -0.004 lock 0.00 move 1.53 period None osc -0.174@1 pr 21.5 sens10 4.14 sens50 4.15 sat None dead 0.03 frozen 0.03 nbin 300 fat 0.491 | 61.4s
ex16|wta|1|0.0|sub|10|0.5|51: static 0.012 sstatic 0.039 c1 -0.026 c50 0.017 fac1 -0.039 fac50 0.002 lock 0.00 move 1.43 period None osc -0.039@1 pr 20.9 sens10 4.13 sens50 4.14 sat None dead 0.03 frozen 0.03 nbin 300 fat 0.170 | 47.1s
ex16|wta|1|0.0|sub|10|1.0|51: static 0.000 sstatic 0.037 c1 -0.050 c50 0.000 fac1 -0.051 fac50 -0.000 lock 0.00 move 1.45 period None osc -0.051@1 pr 21.5 sens10 4.14 sens50 4.14 sat None dead 0.03 frozen 0.03 nbin 300 fat 0.340 | 46.6s
ex16|wta|1|0.0|sub|30|0.5|51: static 0.012 sstatic 0.039 c1 -0.001 c50 0.009 fac1 -0.015 fac50 -0.004 lock 0.00 move 1.41 period None osc -0.015@1 pr 20.2 sens10 4.15 sens50 4.15 sat None dead 0.03 frozen 0.03 nbin 300 fat 0.140 | 43.3s
ex16|wta|1|0.0|sub|10|1.0|50: static 0.000 sstatic 0.037 c1 -0.050 c50 -0.002 fac1 -0.052 fac50 -0.002 lock 0.00 move 1.45 period None osc -0.052@1 pr 21.6 sens10 4.13 sens50 4.15 sat None dead 0.03 frozen 0.03 nbin 300 fat 0.330 | 53.8s
ex16|wta|1|0.0|sub|100|1.0|50: static 0.001 sstatic 0.037 c1 -0.004 c50 -0.006 fac1 -0.005 fac50 -0.005 lock 0.03 move 1.42 period None osc -0.008@48 pr 21.0 sens10 4.14 sens50 4.14 sat None dead 0.00 frozen 0.04 nbin 300 fat 0.248 | 38.6s
ex16|wta|1|0.0|sub|100|0.5|51: static 0.013 sstatic 0.039 c1 0.013 c50 0.012 fac1 -0.004 fac50 -0.004 lock 0.03 move 1.4 period None osc -0.009@18 pr 20.2 sens10 4.15 sens50 4.13 sat None dead 0.00 frozen 0.03 nbin 300 fat 0.130 | 43.0s
ex16|wta|1|0.0|sub|30|1.0|50: static 0.000 sstatic 0.037 c1 -0.016 c50 -0.004 fac1 -0.017 fac50 -0.004 lock 0.01 move 1.43 period None osc -0.018@2 pr 21.1 sens10 4.15 sens50 4.15 sat None dead 0.03 frozen 0.04 nbin 300 fat 0.269 | 57.4s
ex16|wta|1|0.0|sub|30|0.5|50: static 0.012 sstatic 0.039 c1 0.000 c50 0.008 fac1 -0.016 fac50 -0.004 lock 0.01 move 1.41 period None osc -0.016@1 pr 20.5 sens10 4.13 sens50 4.13 sat None dead 0.03 frozen 0.04 nbin 300 fat 0.138 | 60.7s
ex16|wta|1|0.0|sub|300|0.5|50: static 0.014 sstatic 0.040 c1 0.014 c50 0.011 fac1 -0.004 fac50 -0.005 lock 0.04 move 1.4 period None osc -0.007@7 pr 20.4 sens10 4.13 sens50 4.14 sat None dead 0.00 frozen 0.04 nbin 300 fat 0.123 | 43.1s
ex16|wta|1|0.0|sub|300|0.5|51: static 0.014 sstatic 0.039 c1 0.017 c50 0.018 fac1 -0.000 fac50 -0.000 lock 0.03 move 1.4 period None osc -0.006@15 pr 20.2 sens10 4.15 sens50 4.14 sat None dead 0.00 frozen 0.03 nbin 300 fat 0.124 | 39.1s
ex16|wta|1|0.0|sub|100|1.0|51: static 0.001 sstatic 0.037 c1 -0.005 c50 -0.001 fac1 -0.005 fac50 -0.001 lock 0.02 move 1.42 period None osc -0.008@4 pr 20.8 sens10 4.15 sens50 4.14 sat None dead 0.00 frozen 0.03 nbin 300 fat 0.247 | 45.4s
ex16|wta|1|0.0|sub|30|1.0|51: static 0.000 sstatic 0.037 c1 -0.015 c50 -0.004 fac1 -0.017 fac50 -0.003 lock 0.00 move 1.43 period None osc -0.021@4 pr 20.8 sens10 4.14 sens50 4.15 sat None dead 0.03 frozen 0.03 nbin 300 fat 0.273 | 56.6s
ex16|wta|1|0.0|sub|100|0.5|50: static 0.012 sstatic 0.039 c1 0.008 c50 0.014 fac1 -0.006 fac50 -0.000 lock 0.04 move 1.4 period None osc -0.009@7 pr 20.5 sens10 4.14 sens50 4.14 sat None dead 0.00 frozen 0.04 nbin 300 fat 0.128 | 56.3s
ex16|wta|1|0.0|sub|300|1.0|51: static 0.003 sstatic 0.037 c1 -0.001 c50 0.004 fac1 -0.004 fac50 0.001 lock 0.03 move 1.42 period None osc -0.007@5 pr 20.7 sens10 4.14 sens50 4.15 sat None dead 0.00 frozen 0.03 nbin 300 fat 0.233 | 39.6s
ex16|wta|1|0.0|sub|300|1.0|50: static 0.002 sstatic 0.037 c1 -0.001 c50 0.000 fac1 -0.004 fac50 -0.001 lock 0.04 move 1.42 period None osc -0.007@22 pr 20.9 sens10 4.15 sens50 4.15 sat None dead 0.00 frozen 0.04 nbin 300 fat 0.238 | 47.0s
ex16|wta|1|0.0|div|3|0.5|50: static 0.049 sstatic 0.044 c1 0.033 c50 0.046 fac1 -0.017 fac50 -0.004 lock 0.01 move 1.37 period None osc -0.017@1 pr 20.6 sens10 4.13 sens50 4.12 sat None dead 0.03 frozen 0.04 nbin 300 fat 0.294 | 47.8s
ex16|wta|1|0.0|div|3|2.0|50: static 0.044 sstatic 0.041 c1 0.019 c50 0.043 fac1 -0.028 fac50 -0.002 lock 0.01 move 1.38 period None osc -0.028@1 pr 21.4 sens10 4.13 sens50 4.12 sat None dead 0.03 frozen 0.11 nbin 300 fat 1.175 | 45.2s
ex16|wta|1|0.0|div|3|0.5|51: static 0.052 sstatic 0.045 c1 0.039 c50 0.052 fac1 -0.019 fac50 -0.001 lock 0.00 move 1.37 period None osc -0.019@1 pr 20.1 sens10 4.13 sens50 4.13 sat None dead 0.03 frozen 0.05 nbin 300 fat 0.293 | 47.3s
ex16|wta|1|0.0|div|10|0.5|51: static 0.052 sstatic 0.045 c1 0.045 c50 0.048 fac1 -0.010 fac50 -0.004 lock 0.00 move 1.36 period None osc -0.010@1 pr 20.1 sens10 4.12 sens50 4.13 sat None dead 0.03 frozen 0.05 nbin 300 fat 0.292 | 36.3s
ex16|wta|1|0.0|div|10|0.5|50: static 0.050 sstatic 0.044 c1 0.038 c50 0.044 fac1 -0.014 fac50 -0.005 lock 0.01 move 1.37 period None osc -0.014@1 pr 20.6 sens10 4.13 sens50 4.14 sat None dead 0.03 frozen 0.04 nbin 300 fat 0.295 | 53.0s
ex16|wta|1|0.0|div|3|2.0|51: static 0.044 sstatic 0.041 c1 0.022 c50 0.045 fac1 -0.028 fac50 -0.001 lock 0.00 move 1.38 period None osc -0.028@1 pr 21.1 sens10 4.13 sens50 4.13 sat None dead 0.03 frozen 0.14 nbin 300 fat 1.169 | 58.6s
ex16|wta|1|0.0|div|10|2.0|50: static 0.044 sstatic 0.042 c1 0.031 c50 0.040 fac1 -0.014 fac50 -0.004 lock 0.01 move 1.37 period None osc -0.014@1 pr 21.2 sens10 4.13 sens50 4.13 sat None dead 0.03 frozen 0.08 nbin 300 fat 1.184 | 46.5s
ex16|wta|1|0.0|div|10|2.0|51: static 0.046 sstatic 0.042 c1 0.034 c50 0.044 fac1 -0.014 fac50 -0.003 lock 0.00 move 1.37 period None osc -0.014@1 pr 20.9 sens10 4.12 sens50 4.13 sat None dead 0.03 frozen 0.10 nbin 300 fat 1.168 | 49.9s
ex16|wta|1|0.0|div|30|2.0|50: static 0.044 sstatic 0.040 c1 0.041 c50 0.042 fac1 -0.007 fac50 -0.001 lock 0.01 move 1.37 period None osc -0.009@2 pr 21.2 sens10 4.12 sens50 4.14 sat None dead 0.03 frozen 0.08 nbin 300 fat 1.179 | 49.3s
ex16|wta|1|0.0|div|30|0.5|50: static 0.049 sstatic 0.043 c1 0.045 c50 0.047 fac1 -0.005 fac50 -0.001 lock 0.01 move 1.36 period None osc -0.007@17 pr 20.6 sens10 4.12 sens50 4.12 sat None dead 0.03 frozen 0.04 nbin 300 fat 0.295 | 53.9s
ex16|wta|1|0.0|div|30|2.0|51: static 0.045 sstatic 0.041 c1 0.039 c50 0.046 fac1 -0.006 fac50 -0.003 lock 0.00 move 1.37 period None osc -0.009@3 pr 20.8 sens10 4.13 sens50 4.13 sat None dead 0.03 frozen 0.10 nbin 300 fat 1.170 | 50.1s
ex16|wta|1|0.0|div|100|0.5|50: static 0.049 sstatic 0.044 c1 0.045 c50 0.046 fac1 -0.003 fac50 -0.004 lock 0.01 move 1.36 period None osc -0.006@23 pr 20.6 sens10 4.12 sens50 4.13 sat None dead 0.03 frozen 0.04 nbin 300 fat 0.296 | 49.2s
ex16|wta|1|0.0|div|30|0.5|51: static 0.052 sstatic 0.044 c1 0.047 c50 0.048 fac1 -0.005 fac50 -0.006 lock 0.00 move 1.36 period None osc -0.007@8 pr 20.1 sens10 4.14 sens50 4.12 sat None dead 0.03 frozen 0.05 nbin 300 fat 0.292 | 55.4s
ex16|wta|1|0.0|div|100|2.0|50: static 0.045 sstatic 0.041 c1 0.042 c50 0.043 fac1 -0.003 fac50 -0.003 lock 0.01 move 1.36 period None osc -0.007@15 pr 21.0 sens10 4.12 sens50 4.13 sat None dead 0.03 frozen 0.08 nbin 300 fat 1.181 | 49.7s
ex16|wta|1|0.0|div|100|2.0|51: static 0.047 sstatic 0.042 c1 0.043 c50 0.044 fac1 -0.004 fac50 -0.002 lock 0.00 move 1.36 period None osc -0.008@4 pr 20.7 sens10 4.13 sens50 4.13 sat None dead 0.03 frozen 0.10 nbin 300 fat 1.170 | 50.9s
ex16|wta|1|0.0|div|100|0.5|51: static 0.053 sstatic 0.044 c1 0.046 c50 0.048 fac1 -0.005 fac50 -0.006 lock 0.00 move 1.36 period None osc -0.007@34 pr 20.0 sens10 4.13 sens50 4.13 sat None dead 0.03 frozen 0.05 nbin 300 fat 0.293 | 56.9s
ex16|wta|1|0.0|div|300|0.5|51: static 0.053 sstatic 0.045 c1 0.049 c50 0.050 fac1 -0.003 fac50 -0.003 lock 0.00 move 1.35 period None osc -0.007@44 pr 20.0 sens10 4.12 sens50 4.13 sat None dead 0.03 frozen 0.05 nbin 300 fat 0.282 | 45.8s
ex16|wta|1|0.0|div|300|0.5|50: static 0.050 sstatic 0.044 c1 0.047 c50 0.052 fac1 -0.004 fac50 -0.000 lock 0.01 move 1.36 period None osc -0.006@30 pr 20.5 sens10 4.13 sens50 4.12 sat None dead 0.03 frozen 0.04 nbin 300 fat 0.285 | 49.9s
ex16|wta|1|0.0|div|300|2.0|50: static 0.043 sstatic 0.041 c1 0.040 c50 0.041 fac1 -0.003 fac50 -0.003 lock 0.01 move 1.37 period None osc -0.008@16 pr 21.0 sens10 4.12 sens50 4.13 sat None dead 0.03 frozen 0.08 nbin 300 fat 1.140 | 48.3s
ex16|wta|1|0.0|div|300|2.0|51: static 0.046 sstatic 0.042 c1 0.046 c50 0.047 fac1 -0.001 fac50 -0.002 lock 0.00 move 1.36 period None osc -0.007@16 pr 20.7 sens10 4.13 sens50 4.13 sat None dead 0.03 frozen 0.09 nbin 300 fat 1.128 | 58.4s
ex16|wta|1|0.0|dep|3|0.1|51: static 0.056 sstatic 0.047 c1 0.051 c50 0.056 fac1 -0.005 fac50 -0.001 lock 0.00 move 1.36 period None osc -0.007@18 pr 19.5 sens10 4.13 sens50 4.13 sat None dead 0.03 frozen 0.04 nbin 300 fat 0.991 | 50.2s
ex16|wta|1|0.0|dep|3|0.5|50: static 0.053 sstatic 0.046 c1 0.041 c50 0.050 fac1 -0.015 fac50 -0.003 lock 0.01 move 1.34 period None osc -0.015@1 pr 20.0 sens10 4.08 sens50 4.10 sat None dead 0.03 frozen 0.10 nbin 300 fat 0.957 | 54.9s
ex16|wta|1|0.0|dep|3|0.1|50: static 0.054 sstatic 0.047 c1 0.051 c50 0.052 fac1 -0.007 fac50 -0.003 lock 0.01 move 1.36 period None osc -0.008@2 pr 20.0 sens10 4.11 sens50 4.12 sat None dead 0.03 frozen 0.04 nbin 300 fat 0.991 | 65.1s
ex16|wta|1|0.0|dep|10|0.1|50: static 0.050 sstatic 0.046 c1 0.044 c50 0.046 fac1 -0.008 fac50 -0.005 lock 0.01 move 1.37 period None osc -0.008@10 pr 20.5 sens10 4.12 sens50 4.13 sat None dead 0.03 frozen 0.04 nbin 300 fat 0.971 | 54.4s
ex16|wta|1|0.0|dep|3|0.5|51: static 0.054 sstatic 0.046 c1 0.048 c50 0.050 fac1 -0.011 fac50 -0.005 lock 0.00 move 1.36 period None osc -0.011@1 pr 19.7 sens10 4.11 sens50 4.13 sat None dead 0.03 frozen 0.12 nbin 300 fat 0.957 | 63.6s
ex16|wta|1|0.0|dep|10|0.1|51: static 0.052 sstatic 0.046 c1 0.047 c50 0.047 fac1 -0.007 fac50 -0.005 lock 0.00 move 1.37 period None osc -0.007@6 pr 20.2 sens10 4.13 sens50 4.12 sat None dead 0.03 frozen 0.04 nbin 300 fat 0.971 | 59.6s
ex16|wta|1|0.0|dep|10|0.5|51: static 0.044 sstatic 0.045 c1 0.030 c50 0.043 fac1 -0.020 fac50 -0.003 lock 0.00 move 1.38 period None osc -0.020@1 pr 20.9 sens10 4.13 sens50 4.13 sat None dead 0.03 frozen 0.13 nbin 300 fat 0.875 | 60.0s
ex16|wta|1|0.0|dep|10|0.5|50: static 0.046 sstatic 0.044 c1 0.031 c50 0.047 fac1 -0.020 fac50 -0.003 lock 0.01 move 1.35 period None osc -0.020@1 pr 20.9 sens10 4.07 sens50 4.10 sat None dead 0.03 frozen 0.11 nbin 300 fat 0.875 | 61.0s
ex16|wta|1|0.0|dep|30|0.1|51: static 0.046 sstatic 0.045 c1 0.041 c50 0.042 fac1 -0.009 fac50 -0.005 lock 0.00 move 1.38 period None osc -0.009@1 pr 20.8 sens10 4.14 sens50 4.14 sat None dead 0.03 frozen 0.04 nbin 300 fat 0.919 | 57.9s
ex16|wta|1|0.0|dep|30|0.1|50: static 0.047 sstatic 0.045 c1 0.041 c50 0.047 fac1 -0.009 fac50 -0.000 lock 0.01 move 1.37 period None osc -0.009@1 pr 21.0 sens10 4.11 sens50 4.12 sat None dead 0.03 frozen 0.04 nbin 300 fat 0.919 | 64.1s
ex16|wta|1|0.0|dep|30|0.5|51: static 0.038 sstatic 0.042 c1 0.025 c50 0.035 fac1 -0.017 fac50 -0.004 lock 0.00 move 1.38 period None osc -0.018@3 pr 21.7 sens10 4.11 sens50 4.12 sat None dead 0.03 frozen 0.18 nbin 300 fat 0.709 | 56.1s
ex16|wta|1|0.0|dep|100|0.1|51: static 0.041 sstatic 0.043 c1 0.037 c50 0.039 fac1 -0.007 fac50 -0.003 lock 0.00 move 1.38 period None osc -0.008@23 pr 21.6 sens10 4.12 sens50 4.14 sat None dead 0.03 frozen 0.05 nbin 300 fat 0.783 | 56.8s
ex16|wta|1|0.0|dep|100|0.1|50: static 0.040 sstatic 0.043 c1 0.037 c50 0.037 fac1 -0.006 fac50 -0.004 lock 0.01 move 1.37 period None osc -0.008@19 pr 21.6 sens10 4.09 sens50 4.11 sat None dead 0.03 frozen 0.05 nbin 300 fat 0.784 | 59.1s
ex16|wta|1|0.0|dep|30|0.5|50: static 0.037 sstatic 0.042 c1 0.023 c50 0.036 fac1 -0.018 fac50 -0.003 lock 0.01 move 1.33 period None osc -0.018@1 pr 21.7 sens10 4.05 sens50 4.08 sat None dead 0.03 frozen 0.15 nbin 300 fat 0.712 | 67.3s
ex16|wta|1|0.0|dep|100|0.5|50: static 0.029 sstatic 0.041 c1 0.020 c50 0.032 fac1 -0.014 fac50 -0.002 lock 0.01 move 1.26 period None osc -0.014@1 pr 21.9 sens10 3.93 sens50 3.99 sat None dead 0.03 frozen 0.52 nbin 300 fat 0.457 | 62.8s
ex16|wta|1|0.0|dep|100|0.5|51: static 0.030 sstatic 0.041 c1 0.022 c50 0.031 fac1 -0.012 fac50 -0.004 lock 0.00 move 1.35 period None osc -0.013@4 pr 22.1 sens10 4.08 sens50 4.07 sat None dead 0.03 frozen 0.55 nbin 300 fat 0.454 | 60.2s
ex16|wta|1|0.0|dep|300|0.1|50: static 0.034 sstatic 0.043 c1 0.032 c50 0.032 fac1 -0.007 fac50 -0.006 lock 0.01 move 1.35 period None osc -0.008@48 pr 21.8 sens10 4.07 sens50 4.11 sat None dead 0.03 frozen 0.08 nbin 300 fat 0.573 | 57.9s
ex16|wta|1|0.5|none|0|0.0|51: static 0.167 sstatic 0.071 c1 0.775 c50 0.154 fac1 0.737 fac50 -0.010 lock 0.00 move 0.639 period None osc -0.026@42 pr 15.0 sens10 4.11 sens50 4.13 sat None dead 0.03 frozen 0.04 nbin 300 fat None | 44.0s
ex16|wta|1|0.0|dep|300|0.5|50: static 0.025 sstatic 0.041 c1 0.023 c50 0.025 fac1 -0.009 fac50 -0.004 lock 0.01 move 1.16 period None osc -0.011@3 pr 21.3 sens10 3.71 sens50 3.80 sat None dead 0.03 frozen 0.95 nbin 300 fat 0.258 | 55.7s
ex16|wta|1|0.0|dep|300|0.1|51: static 0.034 sstatic 0.042 c1 0.034 c50 0.034 fac1 -0.007 fac50 -0.003 lock 0.00 move 1.38 period None osc -0.007@14 pr 21.8 sens10 4.11 sens50 4.13 sat None dead 0.03 frozen 0.09 nbin 300 fat 0.571 | 64.7s
ex16|wta|1|0.5|none|0|0.0|50: static 0.145 sstatic 0.067 c1 0.762 c50 0.128 fac1 0.726 fac50 -0.019 lock 0.01 move 0.665 period None osc -0.021@24 pr 15.9 sens10 4.08 sens50 4.13 sat None dead 0.03 frozen 0.04 nbin 300 fat None | 51.9s
ex16|wta|1|0.5|sub|3|0.5|51: static 0.063 sstatic 0.049 c1 0.506 c50 0.061 fac1 0.480 fac50 -0.005 lock 0.00 move 0.968 period None osc -0.090@5 pr 18.5 sens10 4.14 sens50 4.14 sat None dead 0.03 frozen 0.04 nbin 300 fat 0.372 | 51.1s
ex16|wta|1|0.5|sub|10|0.5|50: static 0.035 sstatic 0.045 c1 0.629 c50 0.040 fac1 0.626 fac50 0.001 lock 0.00 move 0.843 period None osc -0.090@8 pr 18.7 sens10 4.11 sens50 4.13 sat None dead 0.03 frozen 0.03 nbin 300 fat 0.276 | 44.8s
ex16|wta|1|0.0|dep|300|0.5|51: static 0.025 sstatic 0.041 c1 0.020 c50 0.027 fac1 -0.010 fac50 -0.004 lock 0.00 move 1.27 period None osc -0.011@7 pr 21.3 sens10 3.93 sens50 3.97 sat None dead 0.03 frozen 0.98 nbin 300 fat 0.256 | 63.4s
ex16|wta|1|0.5|sub|3|0.5|50: static 0.061 sstatic 0.048 c1 0.497 c50 0.059 fac1 0.473 fac50 -0.002 lock 0.01 move 0.979 period None osc -0.092@5 pr 19.1 sens10 4.14 sens50 4.13 sat None dead 0.03 frozen 0.04 nbin 300 fat 0.365 | 56.9s
ex16|wta|1|0.5|sub|3|1.0|50: static 0.000 sstatic 0.037 c1 0.318 c50 -0.000 fac1 0.324 fac50 -0.000 lock 0.01 move 1.16 period None osc -0.167@4 pr 21.2 sens10 4.12 sens50 4.14 sat None dead 0.03 frozen 0.04 nbin 300 fat 0.703 | 53.4s
ex16|wta|1|0.5|sub|3|1.0|51: static 0.000 sstatic 0.037 c1 0.313 c50 -0.001 fac1 0.320 fac50 -0.002 lock 0.00 move 1.17 period None osc -0.166@4 pr 21.0 sens10 4.14 sens50 4.15 sat None dead 0.03 frozen 0.03 nbin 300 fat 0.711 | 54.4s
ex16|wta|1|0.5|sub|10|1.0|51: static 0.000 sstatic 0.037 c1 0.576 c50 0.000 fac1 0.586 fac50 -0.001 lock 0.00 move 0.906 period None osc -0.114@7 pr 20.0 sens10 4.13 sens50 4.15 sat None dead 0.03 frozen 0.03 nbin 300 fat 0.516 | 47.4s
ex16|wta|1|0.5|sub|10|1.0|50: static 0.000 sstatic 0.038 c1 0.566 c50 -0.001 fac1 0.576 fac50 -0.002 lock 0.00 move 0.92 period None osc -0.115@7 pr 20.2 sens10 4.12 sens50 4.15 sat None dead 0.03 frozen 0.03 nbin 300 fat 0.519 | 52.0s
ex16|wta|1|0.5|sub|10|0.5|51: static 0.035 sstatic 0.044 c1 0.633 c50 0.039 fac1 0.631 fac50 -0.001 lock 0.00 move 0.835 period None osc -0.088@7 pr 18.3 sens10 4.14 sens50 4.15 sat None dead 0.03 frozen 0.03 nbin 300 fat 0.263 | 54.1s
ex16|wta|1|0.5|sub|30|0.5|50: static 0.031 sstatic 0.044 c1 0.677 c50 0.020 fac1 0.675 fac50 -0.014 lock 0.01 move 0.784 period None osc -0.048@15 pr 18.1 sens10 4.12 sens50 4.14 sat None dead 0.03 frozen 0.04 nbin 300 fat 0.217 | 50.4s
ex16|wta|1|0.5|sub|30|1.0|50: static 0.001 sstatic 0.038 c1 0.654 c50 -0.007 fac1 0.663 fac50 -0.008 lock 0.01 move 0.819 period None osc -0.060@10 pr 19.1 sens10 4.12 sens50 4.14 sat None dead 0.03 frozen 0.04 nbin 300 fat 0.409 | 49.7s
ex16|wta|1|0.5|sub|30|0.5|51: static 0.031 sstatic 0.044 c1 0.687 c50 0.023 fac1 0.686 fac50 -0.011 lock 0.00 move 0.771 period None osc -0.050@13 pr 17.7 sens10 4.14 sens50 4.14 sat None dead 0.03 frozen 0.03 nbin 300 fat 0.223 | 54.0s
ex16|wta|1|0.5|sub|30|1.0|51: static 0.001 sstatic 0.038 c1 0.655 c50 -0.011 fac1 0.665 fac50 -0.010 lock 0.00 move 0.812 period None osc -0.063@10 pr 18.9 sens10 4.12 sens50 4.15 sat None dead 0.03 frozen 0.03 nbin 300 fat 0.397 | 47.9s
ex16|wta|1|0.5|sub|100|0.5|51: static 0.032 sstatic 0.045 c1 0.708 c50 0.010 fac1 0.704 fac50 -0.022 lock 0.03 move 0.748 period None osc -0.029@17 pr 17.5 sens10 4.13 sens50 4.15 sat None dead 0.00 frozen 0.03 nbin 300 fat 0.190 | 48.3s
ex16|wta|1|0.5|sub|300|0.5|50: static 0.039 sstatic 0.045 c1 0.710 c50 0.018 fac1 0.706 fac50 -0.021 lock 0.04 move 0.746 period None osc -0.021@50 pr 17.6 sens10 4.09 sens50 4.13 sat None dead 0.00 frozen 0.04 nbin 300 fat 0.175 | 47.7s
ex16|wta|1|0.5|sub|100|0.5|50: static 0.032 sstatic 0.045 c1 0.700 c50 0.015 fac1 0.697 fac50 -0.019 lock 0.04 move 0.759 period None osc -0.022@35 pr 17.8 sens10 4.12 sens50 4.14 sat None dead 0.00 frozen 0.04 nbin 300 fat 0.189 | 53.6s
ex16|wta|1|0.5|sub|300|1.0|51: static 0.010 sstatic 0.040 c1 0.694 c50 -0.007 fac1 0.703 fac50 -0.014 lock 0.03 move 0.765 period None osc -0.021@28 pr 18.5 sens10 4.11 sens50 4.14 sat None dead 0.00 frozen 0.03 nbin 300 fat 0.329 | 43.2s
ex16|wta|1|0.5|sub|300|1.0|50: static 0.010 sstatic 0.040 c1 0.690 c50 -0.006 fac1 0.697 fac50 -0.013 lock 0.04 move 0.778 period None osc -0.021@21 pr 18.6 sens10 4.07 sens50 4.13 sat None dead 0.00 frozen 0.04 nbin 300 fat 0.322 | 47.1s
ex16|wta|1|0.5|sub|300|0.5|51: static 0.037 sstatic 0.046 c1 0.725 c50 0.025 fac1 0.723 fac50 -0.013 lock 0.03 move 0.722 period None osc -0.021@40 pr 17.2 sens10 4.08 sens50 4.14 sat None dead 0.00 frozen 0.03 nbin 300 fat 0.180 | 48.5s
ex16|wta|1|0.5|sub|100|1.0|51: static 0.004 sstatic 0.039 c1 0.684 c50 -0.010 fac1 0.693 fac50 -0.011 lock 0.01 move 0.782 period None osc -0.029@30 pr 18.6 sens10 4.12 sens50 4.15 sat None dead 0.00 frozen 0.03 nbin 300 fat 0.370 | 53.2s
ex16|wta|1|0.5|sub|100|1.0|50: static 0.004 sstatic 0.039 c1 0.679 c50 -0.016 fac1 0.687 fac50 -0.017 lock 0.03 move 0.791 period None osc -0.028@14 pr 18.9 sens10 4.12 sens50 4.14 sat None dead 0.00 frozen 0.04 nbin 300 fat 0.348 | 57.1s
ex16|wta|1|0.5|div|3|0.5|50: static 0.133 sstatic 0.056 c1 0.640 c50 0.122 fac1 0.591 fac50 -0.013 lock 0.01 move 0.82 period None osc -0.019@7 pr 18.3 sens10 4.11 sens50 4.13 sat None dead 0.03 frozen 0.04 nbin 300 fat 0.351 | 49.6s
ex16|wta|1|0.5|div|3|2.0|50: static 0.108 sstatic 0.045 c1 0.537 c50 0.100 fac1 0.482 fac50 -0.009 lock 0.01 move 0.937 period None osc -0.026@6 pr 20.2 sens10 4.13 sens50 4.12 sat None dead 0.03 frozen 0.11 nbin 300 fat 1.351 | 41.1s
ex16|wta|1|0.5|div|3|0.5|51: static 0.142 sstatic 0.057 c1 0.647 c50 0.138 fac1 0.591 fac50 -0.006 lock 0.00 move 0.806 period None osc -0.023@9 pr 17.4 sens10 4.12 sens50 4.13 sat None dead 0.03 frozen 0.05 nbin 300 fat 0.353 | 45.4s
ex16|wta|1|0.5|div|3|2.0|51: static 0.113 sstatic 0.047 c1 0.542 c50 0.108 fac1 0.485 fac50 -0.006 lock 0.00 move 0.929 period None osc -0.027@7 pr 19.7 sens10 4.13 sens50 4.13 sat None dead 0.03 frozen 0.13 nbin 300 fat 1.380 | 53.9s
ex16|wta|1|0.5|div|10|0.5|51: static 0.124 sstatic 0.054 c1 0.702 c50 0.117 fac1 0.666 fac50 -0.007 lock 0.00 move 0.743 period None osc -0.040@11 pr 17.4 sens10 4.11 sens50 4.12 sat None dead 0.03 frozen 0.04 nbin 300 fat 0.356 | 42.2s
ex16|wta|1|0.5|div|10|0.5|50: static 0.122 sstatic 0.053 c1 0.690 c50 0.115 fac1 0.655 fac50 -0.008 lock 0.01 move 0.761 period None osc -0.033@9 pr 18.0 sens10 4.09 sens50 4.13 sat None dead 0.03 frozen 0.04 nbin 300 fat 0.355 | 54.2s
ex16|wta|1|0.5|div|10|2.0|51: static 0.102 sstatic 0.046 c1 0.641 c50 0.101 fac1 0.605 fac50 -0.002 lock 0.00 move 0.818 period None osc -0.038@9 pr 19.1 sens10 4.12 sens50 4.13 sat None dead 0.03 frozen 0.07 nbin 300 fat 1.411 | 41.1s
ex16|wta|1|0.5|div|10|2.0|50: static 0.103 sstatic 0.046 c1 0.637 c50 0.097 fac1 0.597 fac50 -0.008 lock 0.01 move 0.83 period None osc -0.038@9 pr 19.4 sens10 4.11 sens50 4.13 sat None dead 0.03 frozen 0.06 nbin 300 fat 1.401 | 43.5s
ex16|wta|1|0.5|div|30|0.5|50: static 0.116 sstatic 0.053 c1 0.722 c50 0.104 fac1 0.691 fac50 -0.012 lock 0.01 move 0.72 period None osc -0.029@10 pr 17.7 sens10 4.09 sens50 4.11 sat None dead 0.03 frozen 0.04 nbin 300 fat 0.359 | 44.6s
ex16|wta|1|0.5|div|100|0.5|51: static 0.120 sstatic 0.055 c1 0.741 c50 0.106 fac1 0.714 fac50 -0.013 lock 0.00 move 0.688 period None osc -0.020@20 pr 17.0 sens10 4.13 sens50 4.13 sat None dead 0.03 frozen 0.04 nbin 300 fat 0.359 | 43.8s
ex16|wta|1|0.5|div|30|2.0|50: static 0.098 sstatic 0.047 c1 0.690 c50 0.089 fac1 0.664 fac50 -0.011 lock 0.01 move 0.761 period None osc -0.028@14 pr 18.9 sens10 4.10 sens50 4.13 sat None dead 0.03 frozen 0.06 nbin 300 fat 1.419 | 49.3s
ex16|wta|1|0.5|div|30|0.5|51: static 0.115 sstatic 0.054 c1 0.735 c50 0.105 fac1 0.709 fac50 -0.013 lock 0.00 move 0.697 period None osc -0.031@21 pr 17.2 sens10 4.10 sens50 4.13 sat None dead 0.03 frozen 0.04 nbin 300 fat 0.358 | 51.5s
ex16|wta|1|0.5|div|30|2.0|51: static 0.099 sstatic 0.048 c1 0.701 c50 0.087 fac1 0.676 fac50 -0.011 lock 0.00 move 0.745 period None osc -0.033@12 pr 18.4 sens10 4.11 sens50 4.13 sat None dead 0.03 frozen 0.07 nbin 300 fat 1.419 | 52.7s
ex16|wta|1|0.5|div|100|2.0|51: static 0.100 sstatic 0.049 c1 0.723 c50 0.088 fac1 0.700 fac50 -0.014 lock 0.00 move 0.717 period None osc -0.021@20 pr 18.2 sens10 4.12 sens50 4.12 sat None dead 0.03 frozen 0.07 nbin 300 fat 1.429 | 50.6s
ex16|wta|1|0.5|div|300|0.5|50: static 0.114 sstatic 0.055 c1 0.742 c50 0.103 fac1 0.718 fac50 -0.012 lock 0.01 move 0.691 period None osc -0.023@26 pr 17.4 sens10 4.09 sens50 4.13 sat None dead 0.03 frozen 0.04 nbin 300 fat 0.347 | 46.6s
ex16|wta|1|0.5|div|300|2.0|50: static 0.099 sstatic 0.050 c1 0.731 c50 0.087 fac1 0.708 fac50 -0.013 lock 0.01 move 0.71 period None osc -0.021@20 pr 18.1 sens10 4.11 sens50 4.12 sat None dead 0.03 frozen 0.06 nbin 300 fat 1.384 | 49.2s
ex16|wta|1|0.5|div|300|0.5|51: static 0.124 sstatic 0.058 c1 0.756 c50 0.112 fac1 0.728 fac50 -0.015 lock 0.00 move 0.668 period None osc -0.019@33 pr 16.6 sens10 4.11 sens50 4.13 sat None dead 0.03 frozen 0.04 nbin 300 fat 0.347 | 49.9s
ex16|wta|1|0.5|div|100|0.5|50: static 0.113 sstatic 0.054 c1 0.734 c50 0.102 fac1 0.709 fac50 -0.011 lock 0.01 move 0.706 period None osc -0.021@22 pr 17.5 sens10 4.09 sens50 4.13 sat None dead 0.03 frozen 0.04 nbin 300 fat 0.359 | 58.7s
ex16|wta|1|0.5|div|100|2.0|50: static 0.096 sstatic 0.048 c1 0.722 c50 0.086 fac1 0.700 fac50 -0.011 lock 0.01 move 0.721 period None osc -0.023@12 pr 18.4 sens10 4.07 sens50 4.12 sat None dead 0.03 frozen 0.06 nbin 300 fat 1.432 | 58.6s
ex16|wta|1|0.5|div|300|2.0|51: static 0.101 sstatic 0.050 c1 0.736 c50 0.090 fac1 0.715 fac50 -0.013 lock 0.00 move 0.698 period None osc -0.020@35 pr 17.7 sens10 4.11 sens50 4.14 sat None dead 0.03 frozen 0.06 nbin 300 fat 1.382 | 51.5s
ex16|wta|1|0.5|dep|3|0.1|51: static 0.151 sstatic 0.067 c1 0.751 c50 0.147 fac1 0.713 fac50 -0.009 lock 0.00 move 0.671 period None osc -0.019@27 pr 15.7 sens10 4.10 sens50 4.12 sat None dead 0.03 frozen 0.04 nbin 300 fat 0.991 | 54.2s
ex16|wta|1|0.5|dep|3|0.5|50: static 0.146 sstatic 0.063 c1 0.722 c50 0.134 fac1 0.683 fac50 -0.012 lock 0.01 move 0.7 period None osc -0.018@42 pr 16.4 sens10 4.06 sens50 4.10 sat None dead 0.03 frozen 0.07 nbin 300 fat 0.965 | 54.6s
ex16|wta|1|0.5|dep|3|0.1|50: static 0.147 sstatic 0.067 c1 0.741 c50 0.136 fac1 0.704 fac50 -0.014 lock 0.01 move 0.69 period None osc -0.021@34 pr 16.1 sens10 4.08 sens50 4.12 sat None dead 0.03 frozen 0.04 nbin 300 fat 0.991 | 62.1s
ex16|wta|1|0.5|dep|3|0.5|51: static 0.161 sstatic 0.070 c1 0.743 c50 0.142 fac1 0.700 fac50 -0.018 lock 0.00 move 0.684 period None osc -0.021@16 pr 15.5 sens10 4.11 sens50 4.12 sat None dead 0.03 frozen 0.09 nbin 300 fat 0.966 | 68.0s
ex16|wta|1|0.5|dep|10|0.5|50: static 0.129 sstatic 0.060 c1 0.645 c50 0.123 fac1 0.591 fac50 -0.007 lock 0.01 move 0.794 period None osc -0.032@10 pr 18.7 sens10 4.03 sens50 4.08 sat None dead 0.03 frozen 0.09 nbin 300 fat 0.897 | 52.1s
ex16|wta|1|0.5|dep|10|0.1|50: static 0.134 sstatic 0.062 c1 0.720 c50 0.118 fac1 0.682 fac50 -0.013 lock 0.01 move 0.725 period None osc -0.018@10 pr 17.3 sens10 4.10 sens50 4.11 sat None dead 0.03 frozen 0.04 nbin 300 fat 0.973 | 63.1s
ex16|wta|1|0.5|dep|10|0.1|51: static 0.134 sstatic 0.063 c1 0.735 c50 0.125 fac1 0.700 fac50 -0.013 lock 0.00 move 0.705 period None osc -0.028@13 pr 16.8 sens10 4.10 sens50 4.12 sat None dead 0.03 frozen 0.03 nbin 300 fat 0.972 | 62.5s
ex16|wta|1|0.5|dep|10|0.5|51: static 0.124 sstatic 0.059 c1 0.646 c50 0.111 fac1 0.593 fac50 -0.011 lock 0.00 move 0.822 period None osc -0.031@9 pr 18.7 sens10 4.10 sens50 4.12 sat None dead 0.03 frozen 0.10 nbin 300 fat 0.893 | 62.1s
ex16|wta|1|0.5|dep|30|0.1|50: static 0.121 sstatic 0.060 c1 0.711 c50 0.114 fac1 0.678 fac50 -0.012 lock 0.01 move 0.743 period None osc -0.029@20 pr 18.1 sens10 4.08 sens50 4.12 sat None dead 0.03 frozen 0.04 nbin 300 fat 0.924 | 62.1s
ex16|wta|1|0.5|dep|30|0.1|51: static 0.117 sstatic 0.059 c1 0.711 c50 0.107 fac1 0.681 fac50 -0.013 lock 0.00 move 0.745 period None osc -0.028@11 pr 18.1 sens10 4.13 sens50 4.13 sat None dead 0.03 frozen 0.03 nbin 300 fat 0.924 | 63.8s
ex16|wta|1|0.5|dep|30|0.5|51: static 0.094 sstatic 0.053 c1 0.623 c50 0.092 fac1 0.576 fac50 -0.005 lock 0.00 move 0.847 period None osc -0.040@9 pr 20.0 sens10 4.09 sens50 4.11 sat None dead 0.03 frozen 0.14 nbin 300 fat 0.747 | 61.9s
ex16|wta|1|0.5|dep|100|0.5|50: static 0.071 sstatic 0.049 c1 0.626 c50 0.070 fac1 0.580 fac50 -0.009 lock 0.01 move 0.735 period None osc -0.031@10 pr 20.4 sens10 3.96 sens50 3.98 sat None dead 0.03 frozen 0.37 nbin 300 fat 0.506 | 61.5s
ex16|wta|1|0.5|dep|30|0.5|50: static 0.099 sstatic 0.054 c1 0.625 c50 0.092 fac1 0.576 fac50 -0.008 lock 0.01 move 0.796 period None osc -0.038@11 pr 19.9 sens10 4.02 sens50 4.05 sat None dead 0.03 frozen 0.13 nbin 300 fat 0.751 | 67.9s
ex16|wta|1|0.5|dep|100|0.1|50: static 0.097 sstatic 0.054 c1 0.700 c50 0.082 fac1 0.674 fac50 -0.011 lock 0.01 move 0.754 period None osc -0.022@15 pr 19.2 sens10 4.10 sens50 4.11 sat None dead 0.03 frozen 0.04 nbin 300 fat 0.798 | 65.2s
ex16|wta|1|0.5|dep|100|0.1|51: static 0.094 sstatic 0.053 c1 0.698 c50 0.081 fac1 0.674 fac50 -0.014 lock 0.00 move 0.764 period None osc -0.024@20 pr 19.2 sens10 4.12 sens50 4.13 sat None dead 0.03 frozen 0.03 nbin 300 fat 0.796 | 65.1s
ex16|wta|1|0.5|dep|300|0.1|50: static 0.079 sstatic 0.051 c1 0.692 c50 0.066 fac1 0.667 fac50 -0.017 lock 0.01 move 0.75 period None osc -0.019@13 pr 19.6 sens10 4.09 sens50 4.10 sat None dead 0.03 frozen 0.05 nbin 300 fat 0.598 | 53.8s
ex16|wta|1|0.5|dep|100|0.5|51: static 0.069 sstatic 0.048 c1 0.625 c50 0.063 fac1 0.582 fac50 -0.012 lock 0.00 move 0.821 period None osc -0.035@9 pr 20.6 sens10 4.07 sens50 4.08 sat None dead 0.03 frozen 0.38 nbin 300 fat 0.496 | 61.4s
ex16|wta|1|0.5|dep|300|0.1|51: static 0.079 sstatic 0.051 c1 0.692 c50 0.070 fac1 0.670 fac50 -0.013 lock 0.00 move 0.77 period None osc -0.021@24 pr 19.7 sens10 4.15 sens50 4.14 sat None dead 0.03 frozen 0.05 nbin 300 fat 0.590 | 61.6s
ex16|wta|1|0.5|dep|300|0.5|50: static 0.054 sstatic 0.049 c1 0.638 c50 0.054 fac1 0.588 fac50 -0.012 lock 0.01 move 0.635 period None osc -0.025@20 pr 19.7 sens10 3.76 sens50 3.81 sat None dead 0.03 frozen 0.90 nbin 300 fat 0.296 | 59.8s
ex16|wta|1|0.9|none|0|0.0|50: static 0.274 sstatic 0.129 c1 0.995 c50 0.218 fac1 0.989 fac50 -0.069 lock 0.01 move 0.102 period None osc -0.069@50 pr 7.2 sens10 3.38 sens50 4.06 sat None dead 0.03 frozen 0.07 nbin 300 fat None | 52.5s
ex16|wta|1|0.9|none|0|0.0|51: static 0.281 sstatic 0.127 c1 0.995 c50 0.226 fac1 0.989 fac50 -0.067 lock 0.00 move 0.0947 period None osc -0.067@50 pr 6.9 sens10 3.44 sens50 4.06 sat None dead 0.03 frozen 0.08 nbin 300 fat None | 51.2s
ex16|wta|1|0.9|sub|3|1.0|50: static 0.001 sstatic 0.039 c1 0.775 c50 0.001 fac1 0.781 fac50 0.001 lock 0.00 move 0.66 period None osc -0.159@10 pr 18.3 sens10 4.00 sens50 4.16 sat None dead 0.03 frozen 0.12 nbin 300 fat 0.949 | 40.3s
ex16|wta|1|0.9|sub|3|0.5|50: static 0.238 sstatic 0.111 c1 0.988 c50 0.175 fac1 0.979 fac50 -0.079 lock 0.00 move 0.158 period None osc -0.080@49 pr 8.4 sens10 3.65 sens50 4.12 sat None dead 0.03 frozen 0.10 nbin 300 fat 0.486 | 51.2s
ex16|wta|1|0.5|dep|300|0.5|51: static 0.053 sstatic 0.047 c1 0.638 c50 0.051 fac1 0.591 fac50 -0.012 lock 0.00 move 0.746 period None osc -0.027@10 pr 19.9 sens10 3.97 sens50 4.00 sat None dead 0.03 frozen 0.92 nbin 300 fat 0.280 | 62.4s
ex16|wta|1|0.9|sub|10|1.0|51: static 0.003 sstatic 0.047 c1 0.956 c50 -0.031 fac1 0.954 fac50 -0.028 lock 0.00 move 0.29 period None osc -0.207@21 pr 13.8 sens10 3.88 sens50 4.15 sat None dead 0.03 frozen 0.03 nbin 300 fat 0.802 | 41.3s
ex16|wta|1|0.9|sub|3|1.0|51: static 0.001 sstatic 0.039 c1 0.780 c50 -0.004 fac1 0.786 fac50 -0.006 lock 0.00 move 0.648 period None osc -0.155@10 pr 18.2 sens10 4.08 sens50 4.14 sat None dead 0.03 frozen 0.12 nbin 300 fat 0.946 | 50.1s
ex16|wta|1|0.9|sub|3|0.5|51: static 0.278 sstatic 0.117 c1 0.989 c50 0.223 fac1 0.980 fac50 -0.066 lock 0.00 move 0.147 period None osc -0.066@50 pr 7.8 sens10 3.71 sens50 4.09 sat None dead 0.03 frozen 0.12 nbin 300 fat 0.491 | 57.7s
ex16|wta|1|0.9|sub|10|1.0|50: static 0.003 sstatic 0.047 c1 0.955 c50 -0.030 fac1 0.954 fac50 -0.027 lock 0.01 move 0.296 period None osc -0.208@20 pr 13.9 sens10 3.87 sens50 4.15 sat None dead 0.03 frozen 0.04 nbin 300 fat 0.803 | 50.6s
ex16|wta|1|0.9|sub|10|0.5|50: static 0.141 sstatic 0.077 c1 0.981 c50 0.094 fac1 0.975 fac50 -0.049 lock 0.01 move 0.192 period None osc -0.111@29 pr 11.0 sens10 3.72 sens50 4.13 sat None dead 0.03 frozen 0.05 nbin 300 fat 0.429 | 53.8s
ex16|wta|1|0.9|sub|30|0.5|50: static 0.084 sstatic 0.073 c1 0.988 c50 -0.046 fac1 0.983 fac50 -0.119 lock 0.01 move 0.157 period None osc -0.144@37 pr 9.8 sens10 3.63 sens50 4.12 sat None dead 0.03 frozen 0.04 nbin 300 fat 0.336 | 52.9s
ex16|wta|1|0.9|sub|10|0.5|51: static 0.141 sstatic 0.078 c1 0.981 c50 0.094 fac1 0.975 fac50 -0.055 lock 0.00 move 0.19 period None osc -0.114@30 pr 10.8 sens10 3.81 sens50 4.12 sat None dead 0.03 frozen 0.05 nbin 300 fat 0.427 | 59.2s
ex16|wta|1|0.9|sub|30|1.0|50: static 0.008 sstatic 0.055 c1 0.982 c50 -0.155 fac1 0.979 fac50 -0.133 lock 0.01 move 0.188 period None osc -0.174@32 pr 11.2 sens10 3.68 sens50 4.09 sat None dead 0.03 frozen 0.04 nbin 300 fat 0.652 | 54.5s
ex16|wta|1|0.9|sub|30|0.5|51: static 0.078 sstatic 0.071 c1 0.988 c50 -0.061 fac1 0.983 fac50 -0.136 lock 0.00 move 0.154 period None osc -0.149@40 pr 9.8 sens10 3.70 sens50 4.13 sat None dead 0.03 frozen 0.04 nbin 300 fat 0.333 | 60.9s
ex16|wta|1|0.9|sub|30|1.0|51: static 0.008 sstatic 0.055 c1 0.982 c50 -0.148 fac1 0.979 fac50 -0.127 lock 0.00 move 0.188 period None osc -0.174@33 pr 11.0 sens10 3.79 sens50 4.09 sat None dead 0.03 frozen 0.03 nbin 300 fat 0.642 | 51.9s
ex16|wta|1|0.9|sub|100|0.5|50: static 0.084 sstatic 0.076 c1 0.991 c50 -0.044 fac1 0.987 fac50 -0.123 lock 0.01 move 0.133 period None osc -0.123@50 pr 8.7 sens10 3.60 sens50 4.12 sat None dead 0.00 frozen 0.04 nbin 300 fat 0.253 | 51.0s
ex16|wta|1|0.9|sub|300|0.5|50: static 0.109 sstatic 0.084 c1 0.992 c50 0.028 fac1 0.988 fac50 -0.090 lock 0.04 move 0.123 period None osc -0.090@50 pr 8.4 sens10 3.41 sens50 4.11 sat None dead 0.00 frozen 0.04 nbin 300 fat 0.207 | 43.2s
ex16|wta|1|0.9|sub|100|1.0|50: static 0.028 sstatic 0.066 c1 0.990 c50 -0.115 fac1 0.986 fac50 -0.119 lock 0.01 move 0.142 period None osc -0.119@50 pr 9.4 sens10 3.62 sens50 4.10 sat None dead 0.00 frozen 0.04 nbin 300 fat 0.474 | 50.1s
ex16|wta|1|0.9|sub|100|0.5|51: static 0.077 sstatic 0.079 c1 0.992 c50 -0.029 fac1 0.988 fac50 -0.111 lock 0.01 move 0.127 period None osc -0.111@50 pr 8.5 sens10 3.64 sens50 4.13 sat None dead 0.00 frozen 0.04 nbin 300 fat 0.257 | 54.2s
ex16|wta|1|0.9|sub|100|1.0|51: static 0.030 sstatic 0.065 c1 0.989 c50 -0.108 fac1 0.986 fac50 -0.119 lock 0.01 move 0.146 period None osc -0.119@50 pr 9.6 sens10 3.67 sens50 4.12 sat None dead 0.00 frozen 0.03 nbin 300 fat 0.480 | 52.9s
ex16|wta|1|0.9|sub|300|0.5|51: static 0.114 sstatic 0.084 c1 0.993 c50 0.027 fac1 0.988 fac50 -0.087 lock 0.03 move 0.12 period None osc -0.087@50 pr 8.1 sens10 3.24 sens50 4.08 sat None dead 0.00 frozen 0.04 nbin 300 fat 0.206 | 49.3s
ex16|wta|1|0.9|sub|300|1.0|51: static 0.067 sstatic 0.074 c1 0.992 c50 -0.028 fac1 0.988 fac50 -0.090 lock 0.03 move 0.13 period None osc -0.090@50 pr 8.6 sens10 -0.48 sens50 -1.67 sat None dead 0.00 frozen 0.03 nbin 300 fat 0.390 | 47.6s
ex16|wta|1|0.9|div|3|0.5|50: static 0.245 sstatic 0.104 c1 0.991 c50 0.179 fac1 0.985 fac50 -0.093 lock 0.01 move 0.13 period None osc -0.093@50 pr 8.2 sens10 3.55 sens50 4.11 sat None dead 0.03 frozen 0.07 nbin 300 fat 0.388 | 47.1s
ex16|wta|1|0.9|div|3|2.0|50: static 0.326 sstatic 0.070 c1 0.962 c50 0.290 fac1 0.939 fac50 -0.047 lock 0.00 move 0.27 period None osc -0.047@50 pr 11.8 sens10 3.87 sens50 4.08 sat None dead 0.03 frozen 0.57 nbin 300 fat 1.558 | 49.1s
ex16|wta|1|0.9|sub|300|1.0|50: static 0.063 sstatic 0.073 c1 0.991 c50 -0.033 fac1 0.987 fac50 -0.089 lock 0.04 move 0.131 period None osc -0.089@50 pr 8.7 sens10 -0.48 sens50 -1.69 sat None dead 0.00 frozen 0.04 nbin 300 fat 0.387 | 58.2s
ex16|wta|1|0.9|div|3|0.5|51: static 0.271 sstatic 0.116 c1 0.992 c50 0.208 fac1 0.986 fac50 -0.077 lock 0.00 move 0.122 period None osc -0.077@50 pr 7.7 sens10 3.63 sens50 4.07 sat None dead 0.03 frozen 0.08 nbin 300 fat 0.387 | 52.9s
ex16|wta|1|0.9|div|3|2.0|51: static 0.316 sstatic 0.075 c1 0.966 c50 0.278 fac1 0.946 fac50 -0.058 lock 0.00 move 0.254 period None osc -0.058@50 pr 11.0 sens10 3.90 sens50 4.09 sat None dead 0.03 frozen 0.63 nbin 300 fat 1.576 | 49.4s
ex16|wta|1|0.9|div|10|0.5|50: static 0.226 sstatic 0.082 c1 0.988 c50 0.178 fac1 0.981 fac50 -0.055 lock 0.00 move 0.152 period None osc -0.057@49 pr 9.7 sens10 3.59 sens50 4.11 sat None dead 0.03 frozen 0.06 nbin 300 fat 0.390 | 54.1s
ex16|wta|1|0.9|div|10|0.5|51: static 0.233 sstatic 0.087 c1 0.989 c50 0.168 fac1 0.982 fac50 -0.082 lock 0.00 move 0.146 period None osc -0.085@47 pr 9.3 sens10 3.72 sens50 4.11 sat None dead 0.03 frozen 0.07 nbin 300 fat 0.391 | 50.4s
ex16|wta|1|0.9|div|10|2.0|50: static 0.203 sstatic 0.058 c1 0.975 c50 0.158 fac1 0.965 fac50 -0.049 lock 0.00 move 0.219 period None osc -0.080@32 pr 12.5 sens10 3.73 sens50 4.11 sat None dead 0.03 frozen 0.14 nbin 300 fat 1.555 | 47.2s
ex16|wta|1|0.9|div|30|0.5|51: static 0.195 sstatic 0.085 c1 0.991 c50 0.098 fac1 0.985 fac50 -0.108 lock 0.00 move 0.131 period None osc -0.110@46 pr 9.3 sens10 3.61 sens50 4.11 sat None dead 0.03 frozen 0.06 nbin 300 fat 0.389 | 42.0s
ex16|wta|1|0.9|div|30|0.5|50: static 0.207 sstatic 0.084 c1 0.990 c50 0.121 fac1 0.984 fac50 -0.105 lock 0.00 move 0.138 period None osc -0.105@49 pr 9.4 sens10 3.51 sens50 4.11 sat None dead 0.03 frozen 0.06 nbin 300 fat 0.390 | 46.6s
ex16|wta|1|0.9|div|10|2.0|51: static 0.207 sstatic 0.060 c1 0.975 c50 0.164 fac1 0.965 fac50 -0.051 lock 0.00 move 0.218 period None osc -0.087@33 pr 12.2 sens10 3.82 sens50 4.13 sat None dead 0.03 frozen 0.16 nbin 300 fat 1.569 | 48.7s
ex16|wta|1|0.9|div|30|2.0|50: static 0.170 sstatic 0.063 c1 0.986 c50 0.087 fac1 0.979 fac50 -0.081 lock 0.00 move 0.168 period None osc -0.088@40 pr 11.2 sens10 3.48 sens50 4.10 sat None dead 0.03 frozen 0.13 nbin 300 fat 1.561 | 47.3s
ex16|wta|1|0.9|div|100|0.5|50: static 0.186 sstatic 0.084 c1 0.992 c50 0.087 fac1 0.987 fac50 -0.107 lock 0.00 move 0.121 period None osc -0.107@50 pr 8.7 sens10 3.50 sens50 4.11 sat None dead 0.03 frozen 0.06 nbin 300 fat 0.389 | 47.8s
ex16|wta|1|0.9|div|300|0.5|51: static 0.218 sstatic 0.098 c1 0.994 c50 0.145 fac1 0.988 fac50 -0.085 lock 0.00 move 0.11 period None osc -0.085@50 pr 8.1 sens10 3.60 sens50 4.13 sat None dead 0.03 frozen 0.07 nbin 300 fat 0.376 | 34.5s
ex16|wta|1|0.9|div|100|2.0|50: static 0.168 sstatic 0.072 c1 0.991 c50 0.078 fac1 0.985 fac50 -0.091 lock 0.00 move 0.137 period None osc -0.093@49 pr 9.8 sens10 3.51 sens50 4.09 sat None dead 0.03 frozen 0.15 nbin 300 fat 1.561 | 42.8s
ex16|wta|1|0.9|div|100|2.0|51: static 0.168 sstatic 0.072 c1 0.991 c50 0.088 fac1 0.985 fac50 -0.091 lock 0.00 move 0.134 period None osc -0.091@50 pr 9.7 sens10 3.55 sens50 4.11 sat None dead 0.03 frozen 0.16 nbin 300 fat 1.558 | 42.6s
ex16|wta|1|0.9|div|30|2.0|51: static 0.175 sstatic 0.066 c1 0.987 c50 0.084 fac1 0.980 fac50 -0.087 lock 0.00 move 0.16 period None osc -0.097@39 pr 10.9 sens10 3.73 sens50 4.12 sat None dead 0.03 frozen 0.15 nbin 300 fat 1.566 | 55.7s
ex16|wta|1|0.9|div|100|0.5|51: static 0.195 sstatic 0.091 c1 0.993 c50 0.103 fac1 0.987 fac50 -0.103 lock 0.00 move 0.118 period None osc -0.103@50 pr 8.6 sens10 3.56 sens50 4.12 sat None dead 0.03 frozen 0.07 nbin 300 fat 0.390 | 53.7s
ex16|wta|1|0.9|div|300|2.0|51: static 0.178 sstatic 0.086 c1 0.993 c50 0.104 fac1 0.988 fac50 -0.084 lock 0.00 move 0.115 period None osc -0.084@50 pr 8.5 sens10 3.49 sens50 4.11 sat None dead 0.03 frozen 0.17 nbin 300 fat 1.507 | 39.9s
ex16|wta|1|0.9|div|300|0.5|50: static 0.201 sstatic 0.096 c1 0.993 c50 0.136 fac1 0.988 fac50 -0.090 lock 0.00 move 0.112 period None osc -0.090@48 pr 8.2 sens10 3.55 sens50 4.09 sat None dead 0.03 frozen 0.07 nbin 300 fat 0.376 | 54.7s
ex16|wta|1|0.9|dep|10|0.1|50: static 0.245 sstatic 0.109 c1 0.992 c50 0.178 fac1 0.986 fac50 -0.080 lock 0.01 move 0.123 period None osc -0.080@50 pr 8.1 sens10 3.40 sens50 4.10 sat None dead 0.03 frozen 0.06 nbin 300 fat 0.979 | 34.3s
ex16|wta|1|0.9|dep|3|0.5|51: static 0.264 sstatic 0.123 c1 0.995 c50 0.217 fac1 0.989 fac50 -0.065 lock 0.00 move 0.0968 period None osc -0.065@50 pr 6.9 sens10 3.53 sens50 4.07 sat None dead 0.03 frozen 0.07 nbin 300 fat 0.979 | 36.0s
ex16|wta|1|0.9|div|300|2.0|50: static 0.179 sstatic 0.082 c1 0.992 c50 0.103 fac1 0.987 fac50 -0.079 lock 0.00 move 0.122 period None osc -0.079@50 pr 9.0 sens10 3.48 sens50 4.10 sat None dead 0.03 frozen 0.15 nbin 300 fat 1.506 | 55.6s
ex16|wta|1|0.9|dep|3|0.1|50: static 0.248 sstatic 0.118 c1 0.995 c50 0.168 fac1 0.989 fac50 -0.084 lock 0.01 move 0.104 period None osc -0.084@50 pr 7.5 sens10 3.30 sens50 4.07 sat None dead 0.03 frozen 0.06 nbin 300 fat 0.992 | 52.0s
ex16|wta|1|0.9|dep|10|0.5|50: static 0.277 sstatic 0.130 c1 0.990 c50 0.225 fac1 0.982 fac50 -0.072 lock 0.01 move 0.135 period None osc -0.072@50 pr 7.6 sens10 3.64 sens50 4.08 sat None dead 0.03 frozen 0.09 nbin 300 fat 0.952 | 37.2s
ex16|wta|1|0.9|dep|10|0.1|51: static 0.260 sstatic 0.117 c1 0.993 c50 0.200 fac1 0.986 fac50 -0.070 lock 0.00 move 0.119 period None osc -0.070@50 pr 7.8 sens10 3.54 sens50 4.09 sat None dead 0.03 frozen 0.06 nbin 300 fat 0.979 | 44.6s
ex16|wta|1|0.9|dep|30|0.5|50: static 0.250 sstatic 0.100 c1 0.974 c50 0.185 fac1 0.962 fac50 -0.078 lock 0.00 move 0.216 period None osc -0.078@50 pr 10.5 sens10 3.77 sens50 4.08 sat None dead 0.03 frozen 0.10 nbin 300 fat 0.879 | 37.3s
ex16|wta|1|0.9|dep|30|0.1|50: static 0.223 sstatic 0.097 c1 0.989 c50 0.152 fac1 0.982 fac50 -0.078 lock 0.00 move 0.147 period None osc -0.078@50 pr 9.5 sens10 3.46 sens50 4.11 sat None dead 0.03 frozen 0.05 nbin 300 fat 0.944 | 40.1s
ex16|wta|1|0.9|dep|10|0.5|51: static 0.291 sstatic 0.124 c1 0.990 c50 0.234 fac1 0.982 fac50 -0.063 lock 0.00 move 0.14 period None osc -0.063@50 pr 7.6 sens10 3.77 sens50 4.10 sat None dead 0.03 frozen 0.07 nbin 300 fat 0.952 | 42.3s
ex16|wta|1|0.9|dep|3|0.1|51: static 0.252 sstatic 0.121 c1 0.995 c50 0.201 fac1 0.989 fac50 -0.071 lock 0.00 move 0.0997 period None osc -0.071@50 pr 7.0 sens10 3.49 sens50 4.06 sat None dead 0.03 frozen 0.06 nbin 300 fat 0.992 | 64.2s
ex16|wta|1|0.9|dep|3|0.5|50: static 0.254 sstatic 0.111 c1 0.994 c50 0.208 fac1 0.988 fac50 -0.067 lock 0.01 move 0.106 period None osc -0.067@50 pr 7.6 sens10 3.39 sens50 4.06 sat None dead 0.03 frozen 0.07 nbin 300 fat 0.978 | 63.7s
ex16|wta|1|0.9|dep|100|0.1|51: static 0.180 sstatic 0.089 c1 0.988 c50 0.088 fac1 0.981 fac50 -0.094 lock 0.00 move 0.158 period None osc -0.095@49 pr 10.4 sens10 3.69 sens50 4.11 sat None dead 0.03 frozen 0.04 nbin 300 fat 0.847 | 49.6s
ex16|wta|1|0.9|dep|30|0.1|51: static 0.221 sstatic 0.098 c1 0.989 c50 0.157 fac1 0.982 fac50 -0.075 lock 0.00 move 0.146 period None osc -0.076@49 pr 9.5 sens10 3.70 sens50 4.11 sat None dead 0.03 frozen 0.04 nbin 300 fat 0.944 | 62.2s
ex16|tanh|1|0.0|none|0|0.0|50: static 0.019 sstatic 0.018 c1 0.009 c50 0.013 fac1 -0.011 fac50 -0.006 lock 0.00 move 1.4 period None osc -0.066@6 pr 19.9 sens10 0.38 sens50 1.82 sat 0.008 dead 0.04 frozen 0.04 nbin 300 fat None | 33.0s
ex16|wta|1|0.9|dep|100|0.1|50: static 0.187 sstatic 0.089 c1 0.987 c50 0.096 fac1 0.980 fac50 -0.088 lock 0.00 move 0.16 period None osc -0.090@49 pr 10.5 sens10 3.60 sens50 4.09 sat None dead 0.03 frozen 0.05 nbin 300 fat 0.848 | 60.2s
ex16|wta|1|0.9|dep|30|0.5|51: static 0.255 sstatic 0.106 c1 0.975 c50 0.188 fac1 0.963 fac50 -0.074 lock 0.00 move 0.221 period None osc -0.077@49 pr 10.2 sens10 3.92 sens50 4.11 sat None dead 0.03 frozen 0.09 nbin 300 fat 0.886 | 63.7s
ex16|tanh|1|0.0|none|0|0.0|51: static 0.010 sstatic 0.010 c1 0.010 c50 0.006 fac1 -0.001 fac50 -0.006 lock 0.00 move 1.41 period None osc -0.040@26 pr 19.7 sens10 0.40 sens50 1.89 sat 0.008 dead 0.03 frozen 0.03 nbin 300 fat None | 30.8s
ex16|wta|1|0.9|dep|300|0.1|50: static 0.159 sstatic 0.083 c1 0.986 c50 0.078 fac1 0.980 fac50 -0.080 lock 0.00 move 0.163 period None osc -0.080@50 pr 10.6 sens10 3.71 sens50 4.11 sat None dead 0.03 frozen 0.05 nbin 300 fat 0.678 | 57.2s
ex16|wta|1|0.9|dep|100|0.5|51: static 0.173 sstatic 0.082 c1 0.962 c50 0.106 fac1 0.951 fac50 -0.081 lock 0.00 move 0.268 period None osc -0.081@50 pr 11.8 sens10 3.95 sens50 4.12 sat None dead 0.03 frozen 0.11 nbin 300 fat 0.706 | 60.3s
ex16|wta|1|0.9|dep|300|0.1|51: static 0.146 sstatic 0.081 c1 0.986 c50 0.056 fac1 0.981 fac50 -0.087 lock 0.00 move 0.164 period None osc -0.087@50 pr 10.6 sens10 3.73 sens50 4.12 sat None dead 0.03 frozen 0.04 nbin 300 fat 0.672 | 58.9s
ex16|tanh|1|0.0|sub|3|0.5|51: static 0.000 sstatic 0.000 c1 -0.497 c50 -0.011 fac1 -0.501 fac50 -0.009 lock 0.00 move 1.73 period None osc -0.501@1 pr 18.2 sens10 0.22 sens50 1.14 sat 0.003 dead 0.03 frozen 0.03 nbin 300 fat 0.137 | 43.8s
ex16|tanh|1|0.0|sub|3|0.5|50: static 0.000 sstatic 0.000 c1 -0.462 c50 -0.016 fac1 -0.468 fac50 -0.014 lock 0.00 move 1.71 period None osc -0.468@1 pr 18.2 sens10 0.24 sens50 1.11 sat 0.003 dead 0.04 frozen 0.04 nbin 300 fat 0.140 | 44.4s
ex16|wta|1|0.9|dep|100|0.5|50: static 0.176 sstatic 0.082 c1 0.962 c50 0.103 fac1 0.952 fac50 -0.078 lock 0.00 move 0.253 period None osc -0.081@45 pr 11.8 sens10 3.84 sens50 4.08 sat None dead 0.03 frozen 0.13 nbin 300 fat 0.711 | 64.7s
ex16|wta|1|0.9|dep|300|0.5|50: static 0.128 sstatic 0.078 c1 0.958 c50 0.067 fac1 0.950 fac50 -0.071 lock 0.00 move 0.24 period None osc -0.072@48 pr 11.5 sens10 3.76 sens50 4.06 sat None dead 0.03 frozen 0.29 nbin 300 fat 0.494 | 57.7s
ex16|tanh|1|0.0|sub|3|1.0|51: static 0.000 sstatic 0.000 c1 -0.629 c50 -0.006 fac1 -0.632 fac50 -0.005 lock 0.00 move 1.81 period None osc -0.632@1 pr 17.5 sens10 0.12 sens50 0.82 sat 0.001 dead 0.03 frozen 0.03 nbin 300 fat 0.245 | 39.6s
ex16|tanh|1|0.0|sub|3|1.0|50: static 0.000 sstatic 0.000 c1 -0.600 c50 -0.062 fac1 -0.604 fac50 -0.054 lock 0.00 move 1.8 period None osc -0.604@1 pr 17.3 sens10 0.10 sens50 0.70 sat 0.001 dead 0.04 frozen 0.04 nbin 300 fat 0.260 | 45.4s
ex16|wta|1|0.9|dep|300|0.5|51: static 0.125 sstatic 0.076 c1 0.958 c50 0.060 fac1 0.950 fac50 -0.067 lock 0.00 move 0.269 period None osc -0.067@50 pr 11.6 sens10 3.98 sens50 4.09 sat None dead 0.03 frozen 0.29 nbin 300 fat 0.476 | 63.2s
ex16|tanh|1|0.0|sub|10|0.5|50: static 0.000 sstatic 0.000 c1 -0.140 c50 0.032 fac1 -0.143 fac50 0.027 lock 0.00 move 1.51 period None osc -0.143@1 pr 19.7 sens10 0.36 sens50 1.65 sat 0.006 dead 0.04 frozen 0.04 nbin 300 fat 0.068 | 35.8s
ex16|tanh|1|0.0|sub|30|0.5|51: static 0.000 sstatic 0.000 c1 -0.051 c50 -0.003 fac1 -0.052 fac50 -0.003 lock 0.00 move 1.45 period None osc -0.052@1 pr 19.1 sens10 0.36 sens50 1.73 sat 0.007 dead 0.03 frozen 0.03 nbin 300 fat 0.037 | 31.3s
ex16|tanh|1|0.0|sub|30|0.5|50: static 0.000 sstatic 0.000 c1 -0.046 c50 -0.011 fac1 -0.048 fac50 -0.010 lock 0.00 move 1.45 period None osc -0.107@6 pr 19.2 sens10 0.38 sens50 1.69 sat 0.007 dead 0.04 frozen 0.04 nbin 300 fat 0.040 | 33.4s
ex16|tanh|1|0.0|sub|10|1.0|51: static 0.000 sstatic 0.000 c1 -0.183 c50 0.009 fac1 -0.184 fac50 0.008 lock 0.00 move 1.54 period None osc -0.184@1 pr 19.4 sens10 0.25 sens50 1.51 sat 0.005 dead 0.03 frozen 0.03 nbin 300 fat 0.117 | 35.2s
ex16|tanh|1|0.0|sub|10|1.0|50: static 0.000 sstatic 0.000 c1 -0.176 c50 0.024 fac1 -0.179 fac50 0.020 lock 0.00 move 1.54 period None osc -0.179@1 pr 19.5 sens10 0.27 sens50 1.32 sat 0.005 dead 0.04 frozen 0.04 nbin 300 fat 0.123 | 37.4s
ex16|tanh|1|0.0|sub|10|0.5|51: static 0.000 sstatic 0.000 c1 -0.144 c50 -0.033 fac1 -0.146 fac50 -0.027 lock 0.00 move 1.51 period None osc -0.146@1 pr 19.4 sens10 0.30 sens50 1.55 sat 0.006 dead 0.03 frozen 0.03 nbin 300 fat 0.063 | 42.3s
ex16|tanh|1|0.0|sub|100|0.5|50: static 0.000 sstatic 0.001 c1 -0.005 c50 0.008 fac1 -0.007 fac50 0.006 lock 0.04 move 1.42 period None osc -0.068@6 pr 19.2 sens10 0.41 sens50 1.88 sat 0.007 dead 0.00 frozen 0.04 nbin 300 fat 0.026 | 26.2s
ex16|tanh|1|0.0|sub|300|0.5|50: static 0.001 sstatic 0.001 c1 -0.005 c50 0.003 fac1 -0.005 fac50 0.000 lock 0.04 move 1.41 period None osc -0.047@15 pr 19.2 sens10 0.37 sens50 1.78 sat 0.008 dead 0.00 frozen 0.04 nbin 300 fat 0.019 | 25.4s
ex16|tanh|1|0.0|div|3|0.5|50: static 0.032 sstatic 0.030 c1 0.029 c50 0.036 fac1 -0.002 fac50 0.005 lock 0.00 move 1.39 period None osc -0.055@6 pr 19.9 sens10 0.31 sens50 1.23 sat 0.000 dead 0.04 frozen 0.04 nbin 300 fat 0.386 | 25.7s
ex16|tanh|1|0.0|sub|30|1.0|50: static 0.000 sstatic 0.000 c1 -0.055 c50 0.024 fac1 -0.055 fac50 0.021 lock 0.00 move 1.45 period None osc -0.108@6 pr 19.0 sens10 0.29 sens50 1.56 sat 0.007 dead 0.04 frozen 0.04 nbin 300 fat 0.075 | 41.5s
ex16|tanh|1|0.0|sub|300|1.0|50: static 0.001 sstatic 0.001 c1 -0.006 c50 0.006 fac1 -0.007 fac50 0.004 lock 0.04 move 1.42 period None osc -0.058@6 pr 19.3 sens10 0.36 sens50 1.74 sat 0.007 dead 0.00 frozen 0.04 nbin 300 fat 0.028 | 30.1s
ex16|tanh|1|0.0|sub|300|0.5|51: static 0.001 sstatic 0.001 c1 0.009 c50 -0.013 fac1 0.008 fac50 -0.012 lock 0.03 move 1.41 period None osc -0.037@29 pr 19.2 sens10 0.37 sens50 1.75 sat 0.008 dead 0.00 frozen 0.03 nbin 300 fat 0.012 | 33.8s
ex16|tanh|1|0.0|sub|300|1.0|51: static 0.001 sstatic 0.001 c1 -0.003 c50 -0.017 fac1 -0.004 fac50 -0.016 lock 0.03 move 1.41 period None osc -0.040@23 pr 19.2 sens10 0.41 sens50 1.94 sat 0.008 dead 0.00 frozen 0.03 nbin 300 fat 0.022 | 30.9s
ex16|tanh|1|0.0|sub|100|0.5|51: static 0.000 sstatic 0.001 c1 0.002 c50 0.010 fac1 0.002 fac50 0.009 lock 0.03 move 1.41 period None osc -0.047@16 pr 19.2 sens10 0.36 sens50 1.82 sat 0.008 dead 0.00 frozen 0.03 nbin 300 fat 0.021 | 42.8s
ex16|tanh|1|0.0|sub|30|1.0|51: static 0.000 sstatic 0.000 c1 -0.029 c50 -0.005 fac1 -0.030 fac50 -0.005 lock 0.00 move 1.43 period None osc -0.069@3 pr 19.0 sens10 0.33 sens50 1.62 sat 0.007 dead 0.03 frozen 0.03 nbin 300 fat 0.069 | 46.6s
ex16|tanh|1|0.0|div|10|0.5|50: static 0.032 sstatic 0.031 c1 0.046 c50 0.000 fac1 0.017 fac50 -0.029 lock 0.00 move 1.37 period None osc -0.067@6 pr 19.8 sens10 0.21 sens50 0.97 sat 0.000 dead 0.04 frozen 0.04 nbin 300 fat 0.388 | 25.7s
ex16|tanh|1|0.0|div|3|2.0|50: static 0.047 sstatic 0.047 c1 0.024 c50 0.034 fac1 -0.025 fac50 -0.011 lock 0.00 move 1.39 period None osc -0.060@2 pr 20.4 sens10 0.20 sens50 1.08 sat 0.000 dead 0.04 frozen 0.04 nbin 300 fat 1.498 | 28.1s
ex16|tanh|1|0.0|sub|100|1.0|51: static 0.000 sstatic 0.000 c1 0.022 c50 0.001 fac1 0.019 fac50 -0.000 lock 0.02 move 1.39 period None osc -0.053@37 pr 19.0 sens10 0.35 sens50 1.77 sat 0.007 dead 0.00 frozen 0.03 nbin 300 fat 0.040 | 46.1s
ex16|tanh|1|0.0|sub|100|1.0|50: static 0.000 sstatic 0.001 c1 0.008 c50 0.006 fac1 0.008 fac50 0.005 lock 0.03 move 1.41 period None osc -0.076@6 pr 19.3 sens10 0.36 sens50 1.80 sat 0.007 dead 0.00 frozen 0.04 nbin 300 fat 0.046 | 46.3s
ex16|tanh|1|0.0|div|3|0.5|51: static 0.004 sstatic 0.004 c1 0.012 c50 -0.001 fac1 0.010 fac50 -0.007 lock 0.00 move 1.4 period None osc -0.058@46 pr 19.4 sens10 0.27 sens50 1.21 sat 0.000 dead 0.03 frozen 0.03 nbin 300 fat 0.387 | 32.7s
ex16|tanh|1|0.0|div|10|2.0|50: static 0.048 sstatic 0.048 c1 0.029 c50 0.024 fac1 -0.018 fac50 -0.019 lock 0.00 move 1.39 period None osc -0.085@6 pr 19.4 sens10 0.08 sens50 0.41 sat 0.000 dead 0.04 frozen 0.04 nbin 300 fat 1.513 | 25.4s
ex16|tanh|1|0.0|div|10|2.0|51: static 0.011 sstatic 0.011 c1 0.043 c50 0.018 fac1 0.033 fac50 0.005 lock 0.00 move 1.38 period None osc -0.120@26 pr 18.4 sens10 0.16 sens50 0.60 sat 0.000 dead 0.03 frozen 0.03 nbin 300 fat 1.510 | 25.1s
ex16|tanh|1|0.0|div|3|2.0|51: static 0.006 sstatic 0.006 c1 0.032 c50 0.051 fac1 0.025 fac50 0.037 lock 0.00 move 1.39 period None osc -0.078@46 pr 19.7 sens10 0.29 sens50 1.25 sat 0.000 dead 0.03 frozen 0.03 nbin 300 fat 1.488 | 45.0s
ex16|tanh|1|0.0|div|30|2.0|51: static 0.011 sstatic 0.011 c1 0.061 c50 -0.002 fac1 0.052 fac50 -0.013 lock 0.00 move 1.36 period None osc -0.170@46 pr 18.0 sens10 0.08 sens50 0.34 sat 0.000 dead 0.03 frozen 0.03 nbin 300 fat 1.513 | 25.1s
ex16|tanh|1|0.0|div|30|2.0|50: static 0.049 sstatic 0.049 c1 0.058 c50 0.037 fac1 0.008 fac50 -0.012 lock 0.00 move 1.37 period None osc -0.116@6 pr 19.3 sens10 0.05 sens50 0.21 sat 0.000 dead 0.04 frozen 0.04 nbin 300 fat 1.517 | 25.5s
ex16|tanh|1|0.0|div|30|0.5|50: static 0.031 sstatic 0.030 c1 0.037 c50 0.012 fac1 0.005 fac50 -0.015 lock 0.00 move 1.39 period None osc -0.086@6 pr 19.5 sens10 0.18 sens50 0.83 sat 0.000 dead 0.04 frozen 0.04 nbin 300 fat 0.388 | 27.4s
ex16|tanh|1|0.0|div|10|0.5|51: static 0.006 sstatic 0.006 c1 0.020 c50 0.024 fac1 0.014 fac50 0.014 lock 0.00 move 1.4 period None osc -0.062@46 pr 19.4 sens10 0.21 sens50 1.06 sat 0.000 dead 0.03 frozen 0.03 nbin 300 fat 0.389 | 42.4s
ex16|tanh|1|0.0|div|100|0.5|50: static 0.031 sstatic 0.029 c1 0.030 c50 0.062 fac1 -0.000 fac50 0.029 lock 0.00 move 1.4 period None osc -0.088@6 pr 19.5 sens10 0.22 sens50 0.92 sat 0.000 dead 0.04 frozen 0.04 nbin 300 fat 0.387 | 27.2s
ex16|tanh|1|0.0|div|100|2.0|51: static 0.028 sstatic 0.028 c1 0.078 c50 0.064 fac1 0.048 fac50 0.028 lock 0.00 move 1.35 period None osc -0.161@14 pr 17.9 sens10 0.06 sens50 0.33 sat 0.000 dead 0.03 frozen 0.03 nbin 300 fat 1.514 | 25.5s
ex16|tanh|1|0.0|div|300|0.5|50: static 0.027 sstatic 0.026 c1 0.044 c50 0.006 fac1 0.018 fac50 -0.015 lock 0.00 move 1.38 period None osc -0.057@6 pr 19.5 sens10 0.19 sens50 0.87 sat 0.000 dead 0.04 frozen 0.04 nbin 300 fat 0.374 | 27.3s
ex16|tanh|1|0.0|div|30|0.5|51: static 0.004 sstatic 0.004 c1 0.030 c50 0.000 fac1 0.026 fac50 -0.003 lock 0.00 move 1.39 period None osc -0.065@26 pr 19.4 sens10 0.22 sens50 0.97 sat 0.000 dead 0.03 frozen 0.03 nbin 300 fat 0.389 | 37.3s
ex16|tanh|1|0.0|div|100|2.0|50: static 0.050 sstatic 0.050 c1 0.076 c50 0.064 fac1 0.027 fac50 0.011 lock 0.00 move 1.36 period None osc -0.117@6 pr 18.9 sens10 0.07 sens50 0.20 sat 0.000 dead 0.04 frozen 0.04 nbin 300 fat 1.518 | 42.0s
ex16|tanh|1|0.0|div|100|0.5|51: static 0.004 sstatic 0.004 c1 0.048 c50 0.017 fac1 0.044 fac50 0.011 lock 0.00 move 1.37 period None osc -0.071@46 pr 19.3 sens10 0.22 sens50 0.99 sat 0.000 dead 0.03 frozen 0.03 nbin 300 fat 0.389 | 43.4s
ex16|tanh|1|0.0|dep|3|0.1|50: static 0.018 sstatic 0.017 c1 0.005 c50 0.020 fac1 -0.012 fac50 -0.000 lock 0.00 move 1.41 period None osc -0.032@2 pr 20.1 sens10 0.49 sens50 2.12 sat 0.008 dead 0.04 frozen 0.04 nbin 300 fat 0.861 | 36.9s
ex16|tanh|1|0.0|dep|3|0.1|51: static 0.005 sstatic 0.004 c1 -0.001 c50 -0.019 fac1 -0.008 fac50 -0.021 lock 0.00 move 1.42 period None osc -0.033@26 pr 19.9 sens10 0.52 sens50 2.25 sat 0.008 dead 0.03 frozen 0.03 nbin 300 fat 0.861 | 34.0s
ex16|tanh|1|0.0|div|300|0.5|51: static 0.003 sstatic 0.003 c1 0.036 c50 0.001 fac1 0.034 fac50 -0.001 lock 0.00 move 1.39 period None osc -0.072@15 pr 19.3 sens10 0.25 sens50 0.98 sat 0.000 dead 0.03 frozen 0.03 nbin 300 fat 0.376 | 44.3s
ex16|tanh|1|0.0|div|300|2.0|50: static 0.048 sstatic 0.048 c1 0.051 c50 0.078 fac1 0.001 fac50 0.024 lock 0.00 move 1.37 period None osc -0.123@6 pr 18.9 sens10 0.06 sens50 0.06 sat 0.000 dead 0.04 frozen 0.04 nbin 300 fat 1.471 | 45.3s
ex16|tanh|1|0.0|div|300|2.0|51: static 0.007 sstatic 0.007 c1 0.066 c50 -0.040 fac1 0.060 fac50 -0.038 lock 0.00 move 1.36 period None osc -0.151@14 pr 17.6 sens10 0.05 sens50 0.31 sat 0.000 dead 0.03 frozen 0.03 nbin 300 fat 1.468 | 42.9s
ex16|tanh|1|0.0|dep|3|0.5|51: static 0.004 sstatic 0.004 c1 0.006 c50 -0.013 fac1 0.001 fac50 -0.016 lock 0.00 move 1.41 period None osc -0.019@21 pr 20.3 sens10 0.82 sens50 3.64 sat 0.006 dead 0.03 frozen 0.03 nbin 300 fat 0.566 | 31.9s
ex16|tanh|1|0.0|dep|10|0.5|50: static 0.062 sstatic 0.061 c1 0.035 c50 0.063 fac1 -0.028 fac50 0.004 lock 0.00 move 1.37 period None osc -0.032@6 pr 20.3 sens10 0.57 sens50 2.09 sat 0.000 dead 0.04 frozen 0.04 nbin 300 fat 0.364 | 35.7s
ex16|tanh|1|0.0|dep|10|0.1|50: static 0.029 sstatic 0.027 c1 0.015 c50 0.028 fac1 -0.015 fac50 -0.002 lock 0.00 move 1.4 period None osc -0.037@6 pr 20.2 sens10 0.51 sens50 2.08 sat 0.007 dead 0.04 frozen 0.04 nbin 300 fat 0.656 | 38.0s
ex16|tanh|1|0.0|dep|30|0.1|50: static 0.052 sstatic 0.050 c1 0.035 c50 0.042 fac1 -0.016 fac50 -0.007 lock 0.00 move 1.38 period None osc -0.044@6 pr 20.2 sens10 0.48 sens50 1.88 sat 0.004 dead 0.04 frozen 0.04 nbin 300 fat 0.418 | 34.5s
ex16|tanh|1|0.0|dep|10|0.1|51: static 0.004 sstatic 0.004 c1 0.000 c50 -0.009 fac1 -0.005 fac50 -0.012 lock 0.00 move 1.41 period None osc -0.025@14 pr 20.0 sens10 0.48 sens50 2.20 sat 0.007 dead 0.03 frozen 0.03 nbin 300 fat 0.655 | 42.4s
ex16|tanh|1|0.0|dep|3|0.5|50: static 0.030 sstatic 0.028 c1 0.022 c50 0.029 fac1 -0.009 fac50 -0.001 lock 0.00 move 1.4 period None osc -0.037@6 pr 20.7 sens10 0.82 sens50 3.44 sat 0.006 dead 0.04 frozen 0.04 nbin 300 fat 0.567 | 44.0s
ex16|tanh|1|0.0|dep|10|0.5|51: static 0.003 sstatic 0.004 c1 0.014 c50 0.012 fac1 0.010 fac50 0.006 lock 0.00 move 1.4 period None osc -0.026@14 pr 19.9 sens10 0.58 sens50 2.23 sat 0.000 dead 0.03 frozen 0.03 nbin 300 fat 0.370 | 42.2s
ex16|tanh|1|0.0|dep|30|0.5|50: static 0.087 sstatic 0.087 c1 0.058 c50 0.102 fac1 -0.027 fac50 0.013 lock 0.00 move 1.29 period None osc -0.060@6 pr 19.5 sens10 0.20 sens50 0.55 sat 0.000 dead 0.04 frozen 0.29 nbin 300 fat 0.300 | 36.2s
ex16|tanh|1|0.0|dep|30|0.1|51: static 0.005 sstatic 0.005 c1 0.019 c50 0.009 fac1 0.015 fac50 0.004 lock 0.00 move 1.4 period None osc -0.049@26 pr 19.8 sens10 0.48 sens50 1.98 sat 0.004 dead 0.03 frozen 0.03 nbin 300 fat 0.419 | 40.5s
ex16|tanh|1|0.0|dep|100|0.1|50: static 0.081 sstatic 0.081 c1 0.075 c50 0.061 fac1 -0.007 fac50 -0.018 lock 0.00 move 1.32 period None osc -0.085@6 pr 19.2 sens10 0.16 sens50 0.32 sat 0.000 dead 0.04 frozen 0.08 nbin 300 fat 0.302 | 36.5s
ex16|tanh|1|0.0|dep|30|0.5|51: static 0.017 sstatic 0.017 c1 0.023 c50 0.053 fac1 0.005 fac50 0.031 lock 0.00 move 1.37 period None osc -0.102@46 pr 18.5 sens10 0.26 sens50 0.76 sat 0.000 dead 0.03 frozen 0.26 nbin 300 fat 0.303 | 40.1s
ex16|tanh|1|0.0|dep|100|0.5|50: static 0.086 sstatic 0.086 c1 0.066 c50 0.052 fac1 -0.019 fac50 -0.030 lock 0.00 move 1.15 period None osc -0.069@6 pr 19.0 sens10 0.06 sens50 0.05 sat 0.000 dead 0.04 frozen 0.96 nbin 300 fat 0.274 | 40.5s
ex16|tanh|1|0.0|dep|300|0.1|51: static 0.024 sstatic 0.024 c1 0.054 c50 0.052 fac1 0.031 fac50 0.023 lock 0.00 move 1.32 period None osc -0.169@46 pr 16.1 sens10 0.15 sens50 0.31 sat 0.000 dead 0.03 frozen 0.87 nbin 300 fat 0.281 | 39.1s
ex16|tanh|1|0.0|dep|300|0.1|50: static 0.087 sstatic 0.087 c1 0.081 c50 0.050 fac1 -0.003 fac50 -0.031 lock 0.00 move 1.2 period None osc -0.090@6 pr 18.9 sens10 0.06 sens50 -0.12 sat 0.000 dead 0.04 frozen 0.86 nbin 300 fat 0.273 | 42.9s
ex16|tanh|1|0.5|sub|3|0.5|50: static 0.001 sstatic 0.001 c1 0.896 c50 -0.084 fac1 0.895 fac50 -0.076 lock 0.00 move 0.454 period None osc -0.810@7 pr 8.8 sens10 -0.13 sens50 0.04 sat 0.000 dead 0.04 frozen 0.04 nbin 300 fat 0.361 | 31.2s
ex16|tanh|1|0.0|dep|100|0.1|51: static 0.008 sstatic 0.008 c1 0.039 c50 0.038 fac1 0.031 fac50 0.025 lock 0.00 move 1.37 period None osc -0.119@46 pr 17.8 sens10 0.22 sens50 0.50 sat 0.000 dead 0.03 frozen 0.08 nbin 300 fat 0.306 | 50.4s
ex16|tanh|1|0.5|none|0|0.0|51: static 0.089 sstatic 0.087 c1 0.989 c50 -0.032 fac1 0.984 fac50 -0.118 lock 0.00 move 0.151 period None osc -0.132@45 pr 9.7 sens10 -0.13 sens50 0.50 sat 0.007 dead 0.03 frozen 0.03 nbin 300 fat None | 34.5s
ex16|tanh|1|0.0|dep|300|0.5|51: static 0.039 sstatic 0.039 c1 0.045 c50 0.028 fac1 0.008 fac50 -0.011 lock 0.00 move 1.13 period None osc -0.154@46 pr 16.0 sens10 0.05 sens50 0.27 sat 0.000 dead 0.03 frozen 0.99 nbin 299 fat 0.275 | 39.8s
ex16|tanh|1|0.0|dep|300|0.5|50: static 0.083 sstatic 0.083 c1 0.071 c50 0.048 fac1 -0.009 fac50 -0.030 lock 0.00 move 1.09 period None osc -0.088@6 pr 18.8 sens10 0.03 sens50 -0.11 sat 0.000 dead 0.04 frozen 0.96 nbin 300 fat 0.267 | 45.2s
ex16|tanh|1|0.0|dep|100|0.5|51: static 0.028 sstatic 0.028 c1 0.027 c50 0.038 fac1 -0.003 fac50 0.007 lock 0.00 move 1.26 period None osc -0.114@16 pr 17.0 sens10 0.13 sens50 0.28 sat 0.000 dead 0.03 frozen 0.99 nbin 299 fat 0.282 | 50.7s
ex16|tanh|1|0.5|none|0|0.0|50: static 0.160 sstatic 0.152 c1 0.988 c50 0.155 fac1 0.982 fac50 -0.012 lock 0.00 move 0.16 period None osc -0.048@24 pr 10.5 sens10 -0.16 sens50 0.50 sat 0.006 dead 0.04 frozen 0.04 nbin 300 fat None | 40.9s
ex16|tanh|1|0.5|sub|3|1.0|51: static 0.000 sstatic 0.000 c1 0.827 c50 0.202 fac1 0.828 fac50 0.168 lock 0.00 move 0.585 period None osc -0.835@5 pr 8.6 sens10 -0.33 sens50 -0.31 sat 0.000 dead 0.03 frozen 0.03 nbin 300 fat 0.597 | 37.3s
ex16|tanh|1|0.5|sub|3|0.5|51: static 0.000 sstatic 0.000 c1 0.887 c50 -0.187 fac1 0.887 fac50 -0.163 lock 0.00 move 0.471 period None osc -0.854@7 pr 7.5 sens10 -0.20 sens50 0.04 sat 0.000 dead 0.03 frozen 0.03 nbin 300 fat 0.341 | 41.2s
ex16|tanh|1|0.5|sub|3|1.0|50: static 0.000 sstatic 0.000 c1 0.844 c50 0.151 fac1 0.845 fac50 0.126 lock 0.00 move 0.554 period None osc -0.870@6 pr 8.7 sens10 -0.30 sens50 -0.15 sat 0.000 dead 0.04 frozen 0.04 nbin 300 fat 0.606 | 38.4s
ex16|tanh|1|0.5|sub|10|0.5|50: static 0.001 sstatic 0.001 c1 0.953 c50 0.039 fac1 0.951 fac50 0.037 lock 0.00 move 0.306 period None osc -0.713@11 pr 9.0 sens10 -0.17 sens50 0.19 sat 0.003 dead 0.04 frozen 0.04 nbin 300 fat 0.197 | 42.0s
ex16|tanh|1|0.5|sub|10|0.5|51: static 0.001 sstatic 0.001 c1 0.955 c50 0.059 fac1 0.953 fac50 0.049 lock 0.00 move 0.295 period None osc -0.660@12 pr 10.0 sens10 -0.22 sens50 0.03 sat 0.003 dead 0.03 frozen 0.03 nbin 300 fat 0.209 | 36.6s
ex16|tanh|1|0.5|sub|10|1.0|51: static 0.000 sstatic 0.000 c1 0.947 c50 -0.061 fac1 0.945 fac50 -0.055 lock 0.00 move 0.323 period None osc -0.758@10 pr 8.8 sens10 -0.31 sens50 -0.09 sat 0.002 dead 0.03 frozen 0.03 nbin 300 fat 0.375 | 33.2s
ex16|tanh|1|0.5|sub|10|1.0|50: static 0.000 sstatic 0.001 c1 0.946 c50 -0.026 fac1 0.944 fac50 -0.020 lock 0.00 move 0.328 period None osc -0.702@10 pr 10.4 sens10 -0.24 sens50 -0.17 sat 0.002 dead 0.04 frozen 0.04 nbin 300 fat 0.372 | 35.9s
ex16|tanh|1|0.5|sub|30|0.5|51: static 0.001 sstatic 0.002 c1 0.977 c50 0.015 fac1 0.974 fac50 0.014 lock 0.00 move 0.213 period None osc -0.539@19 pr 8.8 sens10 -0.15 sens50 0.23 sat 0.005 dead 0.03 frozen 0.03 nbin 300 fat 0.113 | 28.0s
ex16|tanh|1|0.5|sub|30|1.0|50: static 0.001 sstatic 0.001 c1 0.970 c50 0.031 fac1 0.968 fac50 0.027 lock 0.00 move 0.244 period None osc -0.547@15 pr 9.8 sens10 -0.17 sens50 0.06 sat 0.005 dead 0.04 frozen 0.04 nbin 300 fat 0.222 | 33.7s
ex16|tanh|1|0.5|sub|30|1.0|51: static 0.001 sstatic 0.001 c1 0.975 c50 -0.182 fac1 0.972 fac50 -0.155 lock 0.00 move 0.224 period None osc -0.626@18 pr 6.9 sens10 -0.22 sens50 0.05 sat 0.005 dead 0.03 frozen 0.03 nbin 300 fat 0.216 | 37.0s
ex16|tanh|1|0.5|sub|100|0.5|50: static 0.005 sstatic 0.006 c1 0.984 c50 0.079 fac1 0.981 fac50 0.067 lock 0.04 move 0.182 period None osc -0.314@25 pr 9.2 sens10 -0.02 sens50 0.52 sat 0.006 dead 0.00 frozen 0.04 nbin 300 fat 0.069 | 36.5s
ex16|tanh|1|0.5|sub|30|0.5|50: static 0.002 sstatic 0.003 c1 0.974 c50 0.000 fac1 0.972 fac50 -0.002 lock 0.00 move 0.226 period None osc -0.506@18 pr 9.5 sens10 -0.08 sens50 0.28 sat 0.005 dead 0.04 frozen 0.04 nbin 300 fat 0.123 | 46.6s
ex16|tanh|1|0.5|sub|100|1.0|50: static 0.004 sstatic 0.005 c1 0.981 c50 -0.015 fac1 0.978 fac50 -0.013 lock 0.03 move 0.195 period None osc -0.256@29 pr 9.7 sens10 -0.13 sens50 0.19 sat 0.006 dead 0.00 frozen 0.04 nbin 300 fat 0.130 | 38.0s
ex16|tanh|1|0.5|sub|100|0.5|51: static 0.005 sstatic 0.006 c1 0.983 c50 -0.021 fac1 0.980 fac50 -0.016 lock 0.03 move 0.185 period None osc -0.264@25 pr 9.9 sens10 -0.13 sens50 0.16 sat 0.006 dead 0.00 frozen 0.03 nbin 300 fat 0.074 | 41.1s
ex16|tanh|1|0.5|sub|100|1.0|51: static 0.003 sstatic 0.004 c1 0.983 c50 -0.101 fac1 0.980 fac50 -0.085 lock 0.01 move 0.182 period None osc -0.286@29 pr 9.6 sens10 -0.19 sens50 0.15 sat 0.006 dead 0.00 frozen 0.03 nbin 300 fat 0.130 | 41.1s
ex16|tanh|1|0.5|sub|300|1.0|50: static 0.017 sstatic 0.017 c1 0.987 c50 -0.086 fac1 0.983 fac50 -0.083 lock 0.04 move 0.165 period None osc -0.112@40 pr 9.1 sens10 -0.08 sens50 0.34 sat 0.006 dead 0.00 frozen 0.04 nbin 300 fat 0.086 | 37.7s
ex16|tanh|1|0.5|div|3|0.5|50: static 0.099 sstatic 0.098 c1 0.979 c50 0.096 fac1 0.973 fac50 -0.011 lock 0.00 move 0.209 period None osc -0.060@19 pr 11.9 sens10 -0.15 sens50 0.56 sat 0.000 dead 0.04 frozen 0.04 nbin 300 fat 0.392 | 30.5s
ex16|tanh|1|0.5|sub|300|0.5|50: static 0.014 sstatic 0.014 c1 0.984 c50 0.026 fac1 0.981 fac50 0.014 lock 0.04 move 0.178 period None osc -0.116@23 pr 10.2 sens10 -0.08 sens50 0.46 sat 0.007 dead 0.00 frozen 0.04 nbin 300 fat 0.044 | 45.8s
ex16|tanh|1|0.5|sub|300|1.0|51: static 0.010 sstatic 0.011 c1 0.986 c50 0.001 fac1 0.983 fac50 -0.008 lock 0.03 move 0.17 period None osc -0.153@28 pr 9.0 sens10 -0.13 sens50 0.18 sat 0.006 dead 0.00 frozen 0.03 nbin 300 fat 0.076 | 41.6s
ex16|tanh|1|0.5|sub|300|0.5|51: static 0.014 sstatic 0.015 c1 0.987 c50 -0.084 fac1 0.983 fac50 -0.084 lock 0.03 move 0.163 period None osc -0.145@34 pr 9.9 sens10 -0.13 sens50 0.38 sat 0.006 dead 0.00 frozen 0.03 nbin 300 fat 0.044 | 43.3s
ex16|tanh|1|0.5|div|3|0.5|51: static 0.057 sstatic 0.057 c1 0.981 c50 -0.008 fac1 0.976 fac50 -0.068 lock 0.00 move 0.196 period None osc -0.093@43 pr 11.1 sens10 -0.13 sens50 0.57 sat 0.000 dead 0.03 frozen 0.03 nbin 300 fat 0.387 | 37.1s
ex16|tanh|1|0.5|div|10|0.5|50: static 0.066 sstatic 0.067 c1 0.982 c50 0.056 fac1 0.977 fac50 -0.011 lock 0.00 move 0.192 period None osc -0.132@23 pr 11.3 sens10 -0.10 sens50 0.44 sat 0.000 dead 0.04 frozen 0.04 nbin 300 fat 0.388 | 41.8s
ex16|tanh|1|0.5|div|3|2.0|51: static 0.029 sstatic 0.029 c1 0.950 c50 0.021 fac1 0.946 fac50 -0.009 lock 0.00 move 0.316 period None osc -0.062@22 pr 14.7 sens10 0.08 sens50 1.51 sat 0.000 dead 0.03 frozen 0.11 nbin 300 fat 1.581 | 42.8s
ex16|tanh|1|0.5|div|10|2.0|51: static 0.043 sstatic 0.043 c1 0.971 c50 0.044 fac1 0.967 fac50 0.001 lock 0.00 move 0.241 period None osc -0.096@43 pr 13.3 sens10 -0.21 sens50 0.24 sat 0.000 dead 0.03 frozen 0.04 nbin 300 fat 1.562 | 31.3s
ex16|tanh|1|0.5|div|3|2.0|50: static 0.087 sstatic 0.088 c1 0.950 c50 0.101 fac1 0.943 fac50 0.005 lock 0.00 move 0.324 period None osc -0.078@13 pr 15.0 sens10 0.00 sens50 1.08 sat 0.000 dead 0.04 frozen 0.15 nbin 300 fat 1.565 | 45.4s
ex16|tanh|1|0.5|div|10|0.5|51: static 0.039 sstatic 0.039 c1 0.983 c50 0.046 fac1 0.979 fac50 0.008 lock 0.00 move 0.183 period None osc -0.102@31 pr 11.0 sens10 -0.19 sens50 0.31 sat 0.000 dead 0.03 frozen 0.03 nbin 300 fat 0.391 | 36.1s
ex16|tanh|1|0.5|div|10|2.0|50: static 0.088 sstatic 0.088 c1 0.970 c50 0.018 fac1 0.964 fac50 -0.073 lock 0.00 move 0.253 period None osc -0.123@13 pr 13.4 sens10 -0.14 sens50 0.57 sat 0.000 dead 0.04 frozen 0.06 nbin 300 fat 1.552 | 41.1s
ex16|tanh|1|0.5|div|30|2.0|51: static 0.038 sstatic 0.038 c1 0.983 c50 0.004 fac1 0.979 fac50 -0.027 lock 0.00 move 0.183 period None osc -0.076@34 pr 12.0 sens10 -0.33 sens50 0.11 sat 0.000 dead 0.03 frozen 0.04 nbin 300 fat 1.562 | 35.2s
ex16|tanh|1|0.5|div|30|0.5|51: static 0.058 sstatic 0.058 c1 0.988 c50 0.092 fac1 0.984 fac50 0.025 lock 0.00 move 0.154 period None osc -0.114@30 pr 9.5 sens10 -0.19 sens50 0.05 sat 0.000 dead 0.03 frozen 0.03 nbin 300 fat 0.390 | 42.7s
ex16|tanh|1|0.5|div|30|2.0|50: static 0.063 sstatic 0.063 c1 0.983 c50 0.103 fac1 0.979 fac50 0.032 lock 0.00 move 0.192 period None osc -0.073@17 pr 12.1 sens10 -0.25 sens50 0.03 sat 0.000 dead 0.04 frozen 0.06 nbin 300 fat 1.554 | 40.7s
ex16|tanh|1|0.5|div|100|2.0|50: static 0.074 sstatic 0.074 c1 0.989 c50 0.026 fac1 0.985 fac50 -0.041 lock 0.00 move 0.16 period None osc -0.132@30 pr 10.5 sens10 -0.28 sens50 -0.02 sat 0.000 dead 0.04 frozen 0.07 nbin 300 fat 1.550 | 33.8s
ex16|tanh|1|0.5|div|30|0.5|50: static 0.138 sstatic 0.136 c1 0.986 c50 0.129 fac1 0.981 fac50 -0.015 lock 0.00 move 0.169 period None osc -0.153@19 pr 10.7 sens10 -0.22 sens50 0.14 sat 0.000 dead 0.04 frozen 0.04 nbin 300 fat 0.387 | 44.5s
ex16|tanh|1|0.5|div|100|0.5|51: static 0.030 sstatic 0.030 c1 0.991 c50 0.047 fac1 0.988 fac50 0.015 lock 0.00 move 0.129 period None osc -0.080@33 pr 8.8 sens10 -0.27 sens50 0.04 sat 0.000 dead 0.03 frozen 0.03 nbin 300 fat 0.390 | 37.4s
ex16|tanh|1|0.5|div|100|0.5|50: static 0.100 sstatic 0.099 c1 0.989 c50 0.047 fac1 0.985 fac50 -0.052 lock 0.00 move 0.15 period None osc -0.110@23 pr 9.8 sens10 -0.22 sens50 0.39 sat 0.000 dead 0.04 frozen 0.04 nbin 300 fat 0.388 | 41.5s
ex16|tanh|1|0.5|div|300|0.5|50: static 0.115 sstatic 0.114 c1 0.991 c50 0.143 fac1 0.987 fac50 0.017 lock 0.00 move 0.136 period None osc -0.139@30 pr 9.4 sens10 -0.17 sens50 0.01 sat 0.000 dead 0.04 frozen 0.04 nbin 300 fat 0.374 | 41.1s
ex16|tanh|1|0.5|div|100|2.0|51: static 0.093 sstatic 0.094 c1 0.991 c50 0.045 fac1 0.986 fac50 -0.051 lock 0.00 move 0.139 period None osc -0.112@29 pr 10.1 sens10 -0.30 sens50 -0.09 sat 0.000 dead 0.03 frozen 0.07 nbin 300 fat 1.560 | 44.2s
ex16|tanh|1|0.5|div|300|0.5|51: static 0.101 sstatic 0.100 c1 0.992 c50 0.015 fac1 0.987 fac50 -0.079 lock 0.00 move 0.124 period None osc -0.098@32 pr 9.3 sens10 -0.25 sens50 0.10 sat 0.000 dead 0.03 frozen 0.03 nbin 300 fat 0.376 | 42.4s
ex16|tanh|1|0.5|div|300|2.0|51: static 0.094 sstatic 0.095 c1 0.993 c50 -0.074 fac1 0.988 fac50 -0.161 lock 0.00 move 0.122 period None osc -0.161@50 pr 9.3 sens10 -0.37 sens50 -0.25 sat 0.000 dead 0.03 frozen 0.08 nbin 300 fat 1.505 | 37.8s
ex16|tanh|1|0.5|dep|3|0.5|50: static 0.140 sstatic 0.131 c1 0.970 c50 0.140 fac1 0.963 fac50 -0.004 lock 0.00 move 0.248 period None osc -0.074@29 pr 12.8 sens10 0.46 sens50 2.01 sat 0.007 dead 0.04 frozen 0.04 nbin 300 fat 0.585 | 38.1s
ex16|tanh|1|0.5|dep|3|0.1|50: static 0.073 sstatic 0.072 c1 0.984 c50 0.000 fac1 0.979 fac50 -0.067 lock 0.00 move 0.182 period None osc -0.067@50 pr 10.3 sens10 0.05 sens50 0.77 sat 0.007 dead 0.04 frozen 0.04 nbin 300 fat 0.865 | 40.3s
ex16|tanh|1|0.5|div|300|2.0|50: static 0.098 sstatic 0.098 c1 0.992 c50 0.050 fac1 0.988 fac50 -0.046 lock 0.00 move 0.139 period None osc -0.069@25 pr 9.7 sens10 -0.30 sens50 -0.21 sat 0.000 dead 0.04 frozen 0.09 nbin 300 fat 1.494 | 42.9s
ex16|tanh|1|0.5|dep|10|0.1|51: static 0.069 sstatic 0.065 c1 0.974 c50 0.034 fac1 0.969 fac50 -0.036 lock 0.00 move 0.228 period None osc -0.100@31 pr 11.9 sens10 0.10 sens50 1.10 sat 0.007 dead 0.03 frozen 0.03 nbin 300 fat 0.660 | 28.7s
ex16|tanh|1|0.5|dep|3|0.1|51: static 0.068 sstatic 0.064 c1 0.983 c50 0.059 fac1 0.979 fac50 -0.014 lock 0.00 move 0.181 period None osc -0.045@35 pr 10.5 sens10 0.02 sens50 0.79 sat 0.007 dead 0.03 frozen 0.03 nbin 300 fat 0.864 | 45.0s
ex16|tanh|1|0.5|dep|3|0.5|51: static 0.047 sstatic 0.045 c1 0.970 c50 -0.033 fac1 0.966 fac50 -0.073 lock 0.00 move 0.245 period None osc -0.076@48 pr 12.5 sens10 0.29 sens50 1.82 sat 0.007 dead 0.03 frozen 0.03 nbin 300 fat 0.578 | 40.3s
ex16|tanh|1|0.5|dep|10|0.1|50: static 0.069 sstatic 0.065 c1 0.972 c50 0.058 fac1 0.967 fac50 -0.015 lock 0.00 move 0.238 period None osc -0.042@18 pr 12.5 sens10 0.18 sens50 1.15 sat 0.007 dead 0.04 frozen 0.04 nbin 300 fat 0.661 | 41.8s
ex16|tanh|1|0.5|dep|30|0.1|50: static 0.109 sstatic 0.103 c1 0.968 c50 0.086 fac1 0.962 fac50 -0.024 lock 0.00 move 0.26 period None osc -0.111@14 pr 13.4 sens10 0.32 sens50 1.39 sat 0.007 dead 0.04 frozen 0.04 nbin 300 fat 0.403 | 37.6s
ex16|tanh|1|0.5|dep|10|0.5|50: static 0.167 sstatic 0.160 c1 0.949 c50 0.127 fac1 0.938 fac50 -0.030 lock 0.00 move 0.326 period None osc -0.062@43 pr 14.9 sens10 0.66 sens50 2.68 sat 0.005 dead 0.04 frozen 0.04 nbin 300 fat 0.320 | 40.3s
ex16|tanh|1|0.5|dep|30|0.5|50: static 0.148 sstatic 0.146 c1 0.951 c50 0.111 fac1 0.942 fac50 -0.030 lock 0.00 move 0.357 period None osc -0.066@37 pr 14.7 sens10 0.58 sens50 2.08 sat 0.000 dead 0.04 frozen 0.09 nbin 300 fat 0.222 | 38.4s
ex16|tanh|1|0.5|dep|10|0.5|51: static 0.033 sstatic 0.033 c1 0.949 c50 0.018 fac1 0.946 fac50 -0.013 lock 0.00 move 0.316 period None osc -0.058@29 pr 13.9 sens10 0.57 sens50 2.74 sat 0.005 dead 0.03 frozen 0.03 nbin 300 fat 0.318 | 44.8s
ex16|tanh|1|0.5|dep|30|0.1|51: static 0.028 sstatic 0.028 c1 0.970 c50 -0.023 fac1 0.967 fac50 -0.046 lock 0.00 move 0.243 period None osc -0.083@29 pr 12.7 sens10 0.26 sens50 1.30 sat 0.007 dead 0.03 frozen 0.03 nbin 300 fat 0.403 | 43.9s
ex16|tanh|1|0.5|dep|100|0.1|50: static 0.135 sstatic 0.132 c1 0.971 c50 0.135 fac1 0.965 fac50 -0.001 lock 0.00 move 0.271 period None osc -0.121@14 pr 13.2 sens10 0.38 sens50 1.18 sat 0.001 dead 0.04 frozen 0.04 nbin 300 fat 0.220 | 39.3s
ex16|tanh|1|0.5|dep|30|0.5|51: static 0.039 sstatic 0.039 c1 0.952 c50 0.003 fac1 0.949 fac50 -0.033 lock 0.00 move 0.318 period None osc -0.059@41 pr 14.1 sens10 0.40 sens50 1.87 sat 0.000 dead 0.03 frozen 0.07 nbin 300 fat 0.223 | 46.3s
ex16|tanh|1|0.5|dep|100|0.5|50: static 0.153 sstatic 0.153 c1 0.967 c50 0.168 fac1 0.960 fac50 0.013 lock 0.00 move 0.465 period None osc -0.108@11 pr 13.3 sens10 0.38 sens50 0.99 sat 0.000 dead 0.04 frozen 0.84 nbin 300 fat 0.183 | 38.9s
ex16|tanh|1|0.9|none|0|0.0|50: static 0.493 sstatic 0.471 c1 1.000 c50 0.638 fac1 0.995 fac50 0.214 lock 0.00 move 0.0223 period None osc 0.214@50 pr 3.2 sens10 0.04 sens50 0.22 sat 0.006 dead 0.04 frozen 0.25 nbin 300 fat None | 27.4s
ex16|tanh|1|0.5|dep|100|0.5|51: static 0.041 sstatic 0.041 c1 0.969 c50 0.012 fac1 0.966 fac50 -0.023 lock 0.00 move 0.357 period None osc -0.080@39 pr 12.9 sens10 0.19 sens50 0.90 sat 0.000 dead 0.03 frozen 0.83 nbin 300 fat 0.185 | 41.9s
ex16|tanh|1|0.5|dep|100|0.1|51: static 0.040 sstatic 0.039 c1 0.975 c50 -0.032 fac1 0.971 fac50 -0.063 lock 0.00 move 0.23 period None osc -0.063@50 pr 12.1 sens10 0.25 sens50 1.12 sat 0.001 dead 0.03 frozen 0.03 nbin 300 fat 0.218 | 49.3s
ex16|tanh|1|0.5|dep|300|0.1|50: static 0.138 sstatic 0.138 c1 0.981 c50 0.096 fac1 0.976 fac50 -0.031 lock 0.00 move 0.359 period None osc -0.135@16 pr 11.7 sens10 0.29 sens50 0.45 sat 0.000 dead 0.04 frozen 0.37 nbin 300 fat 0.176 | 41.5s
ex16|tanh|1|0.9|none|0|0.0|51: static 0.442 sstatic 0.433 c1 1.000 c50 0.651 fac1 0.994 fac50 0.246 lock 0.00 move 0.0215 period None osc 0.246@50 pr 3.0 sens10 -0.19 sens50 -0.14 sat 0.006 dead 0.03 frozen 0.22 nbin 300 fat None | 30.8s
ex16|tanh|1|0.5|dep|300|0.1|51: static 0.044 sstatic 0.044 c1 0.984 c50 -0.024 fac1 0.981 fac50 -0.066 lock 0.00 move 0.243 period None osc -0.072@19 pr 10.8 sens10 0.08 sens50 0.35 sat 0.000 dead 0.03 frozen 0.34 nbin 300 fat 0.174 | 43.9s
ex16|tanh|1|0.5|dep|300|0.5|50: static 0.148 sstatic 0.148 c1 0.981 c50 0.068 fac1 0.975 fac50 -0.074 lock 0.00 move 0.539 period None osc -0.118@15 pr 11.5 sens10 0.24 sens50 0.48 sat 0.000 dead 0.04 frozen 0.96 nbin 300 fat 0.168 | 44.4s
ex16|tanh|1|0.9|sub|3|1.0|50: static 0.001 sstatic 0.001 c1 0.973 c50 0.202 fac1 0.969 fac50 0.175 lock 0.00 move 0.236 period None osc -0.892@14 pr 5.2 sens10 -0.41 sens50 -0.44 sat 0.000 dead 0.04 frozen 0.08 nbin 300 fat 0.875 | 34.1s
ex16|tanh|1|0.5|dep|300|0.5|51: static 0.048 sstatic 0.047 c1 0.983 c50 0.000 fac1 0.979 fac50 -0.055 lock 0.00 move 0.485 period None osc -0.072@44 pr 11.2 sens10 0.01 sens50 0.32 sat 0.000 dead 0.03 frozen 0.99 nbin 300 fat 0.167 | 47.8s
ex16|tanh|1|0.9|sub|3|0.5|50: static 0.750 sstatic 0.746 c1 1.000 c50 0.854 fac1 0.994 fac50 0.301 lock 0.10 move 0.0194 period None osc 0.301@50 pr 2.6 sens10 -0.29 sens50 -0.38 sat 0.000 dead 0.04 frozen 0.62 nbin 300 fat 0.500 | 41.2s
ex16|tanh|1|0.9|sub|3|1.0|51: static 0.000 sstatic 0.000 c1 0.975 c50 -0.120 fac1 0.972 fac50 -0.106 lock 0.00 move 0.224 period None osc -0.902@14 pr 5.1 sens10 -0.50 sens50 -0.38 sat 0.000 dead 0.03 frozen 0.09 nbin 300 fat 0.913 | 34.8s
ex16|tanh|1|0.9|sub|3|0.5|51: static 0.477 sstatic 0.468 c1 1.000 c50 0.732 fac1 0.995 fac50 0.361 lock 0.00 move 0.0177 period None osc 0.361@50 pr 2.3 sens10 -0.44 sens50 -0.57 sat 0.000 dead 0.03 frozen 0.49 nbin 300 fat 0.500 | 44.4s
ex16|tanh|1|0.9|sub|10|0.5|50: static 0.012 sstatic 0.013 c1 0.997 c50 -0.597 fac1 0.993 fac50 -0.513 lock 0.00 move 0.0799 period None osc -0.638@41 pr 5.1 sens10 0.02 sens50 0.05 sat 0.000 dead 0.04 frozen 0.04 nbin 300 fat 0.424 | 41.7s
ex16|tanh|1|0.9|sub|10|1.0|50: static 0.001 sstatic 0.001 c1 0.993 c50 0.560 fac1 0.990 fac50 0.468 lock 0.00 move 0.117 period None osc -0.837@28 pr 4.1 sens10 -0.31 sens50 -0.36 sat 0.000 dead 0.04 frozen 0.04 nbin 300 fat 0.701 | 30.5s
ex16|tanh|1|0.9|sub|10|1.0|51: static 0.002 sstatic 0.002 c1 0.993 c50 0.514 fac1 0.990 fac50 0.432 lock 0.00 move 0.116 period None osc -0.816@28 pr 4.5 sens10 -0.45 sens50 -0.51 sat 0.000 dead 0.03 frozen 0.03 nbin 300 fat 0.694 | 29.1s
ex16|tanh|1|0.9|sub|30|0.5|50: static 0.012 sstatic 0.013 c1 0.998 c50 -0.777 fac1 0.995 fac50 -0.652 lock 0.00 move 0.0598 period None osc -0.652@50 pr 3.3 sens10 0.02 sens50 -0.06 sat 0.002 dead 0.03 frozen 0.04 nbin 300 fat 0.273 | 28.9s
ex16|tanh|1|0.9|sub|30|1.0|51: static 0.004 sstatic 0.005 c1 0.998 c50 -0.885 fac1 0.994 fac50 -0.739 lock 0.00 move 0.0694 period None osc -0.754@47 pr 3.3 sens10 -0.28 sens50 -0.33 sat 0.002 dead 0.03 frozen 0.03 nbin 300 fat 0.475 | 27.7s
ex16|tanh|1|0.9|sub|10|0.5|51: static 0.006 sstatic 0.007 c1 0.997 c50 -0.614 fac1 0.994 fac50 -0.515 lock 0.00 move 0.0792 period None osc -0.641@41 pr 5.1 sens10 -0.20 sens50 -0.22 sat 0.000 dead 0.03 frozen 0.03 nbin 300 fat 0.429 | 44.5s
ex16|tanh|1|0.9|sub|100|1.0|50: static 0.018 sstatic 0.019 c1 0.999 c50 -0.303 fac1 0.995 fac50 -0.259 lock 0.01 move 0.0461 period None osc -0.259@50 pr 3.7 sens10 0.04 sens50 -0.13 sat 0.004 dead 0.00 frozen 0.04 nbin 300 fat 0.290 | 24.9s
ex16|tanh|1|0.9|sub|100|1.0|51: static 0.027 sstatic 0.028 c1 0.999 c50 -0.232 fac1 0.996 fac50 -0.206 lock 0.01 move 0.0444 period None osc -0.206@50 pr 3.8 sens10 -0.23 sens50 -0.46 sat 0.004 dead 0.00 frozen 0.03 nbin 300 fat 0.304 | 24.9s
ex16|tanh|1|0.9|sub|300|0.5|51: static 0.066 sstatic 0.067 c1 1.000 c50 0.329 fac1 0.996 fac50 0.221 lock 0.03 move 0.0301 period None osc 0.221@50 pr 3.0 sens10 -0.20 sens50 -0.22 sat 0.006 dead 0.00 frozen 0.06 nbin 300 fat 0.094 | 25.1s
ex16|tanh|1|0.9|sub|300|1.0|50: static 0.056 sstatic 0.059 c1 0.999 c50 0.198 fac1 0.996 fac50 0.132 lock 0.04 move 0.0344 period None osc 0.132@50 pr 3.5 sens10 0.03 sens50 0.13 sat 0.006 dead 0.00 frozen 0.05 nbin 300 fat 0.167 | 25.1s
ex16|tanh|1|0.9|sub|30|0.5|51: static 0.009 sstatic 0.011 c1 0.998 c50 -0.680 fac1 0.995 fac50 -0.569 lock 0.00 move 0.0595 period None osc -0.569@50 pr 3.8 sens10 -0.20 sens50 -0.32 sat 0.002 dead 0.03 frozen 0.03 nbin 300 fat 0.279 | 43.3s
ex16|tanh|1|0.9|sub|30|1.0|50: static 0.006 sstatic 0.007 c1 0.997 c50 -0.769 fac1 0.994 fac50 -0.649 lock 0.00 move 0.074 period None osc -0.707@44 pr 4.1 sens10 -0.05 sens50 0.05 sat 0.002 dead 0.03 frozen 0.04 nbin 300 fat 0.475 | 44.4s
ex16|tanh|1|0.9|div|3|0.5|51: static 0.499 sstatic 0.497 c1 1.000 c50 0.674 fac1 0.994 fac50 0.234 lock 0.00 move 0.0211 period None osc 0.234@50 pr 3.0 sens10 -0.38 sens50 -0.38 sat 0.000 dead 0.03 frozen 0.32 nbin 300 fat 0.391 | 25.3s
ex16|tanh|1|0.9|sub|100|0.5|50: static 0.032 sstatic 0.033 c1 0.999 c50 -0.060 fac1 0.996 fac50 -0.066 lock 0.01 move 0.0399 period None osc -0.066@50 pr 3.2 sens10 0.03 sens50 0.06 sat 0.004 dead 0.00 frozen 0.04 nbin 300 fat 0.159 | 44.6s
ex16|tanh|1|0.9|div|3|2.0|50: static 0.494 sstatic 0.492 c1 0.999 c50 0.548 fac1 0.994 fac50 0.074 lock 0.00 move 0.0387 period None osc 0.074@50 pr 4.4 sens10 -0.02 sens50 0.41 sat 0.000 dead 0.04 frozen 1.00 nbin 1 fat 1.548 | 25.2s
ex16|tanh|1|0.9|sub|100|0.5|51: static 0.021 sstatic 0.023 c1 0.999 c50 -0.138 fac1 0.996 fac50 -0.127 lock 0.01 move 0.0414 period None osc -0.127@50 pr 3.5 sens10 -0.20 sens50 -0.28 sat 0.004 dead 0.00 frozen 0.03 nbin 300 fat 0.158 | 45.4s
ex16|tanh|1|0.9|div|3|2.0|51: static 0.350 sstatic 0.349 c1 0.999 c50 0.430 fac1 0.994 fac50 0.067 lock 0.00 move 0.0411 period None osc 0.067@50 pr 4.5 sens10 -0.46 sens50 -0.15 sat 0.000 dead 0.03 frozen 1.00 nbin 1 fat 1.553 | 25.2s
ex16|tanh|1|0.9|div|10|0.5|50: static 0.481 sstatic 0.472 c1 1.000 c50 0.595 fac1 0.994 fac50 0.125 lock 0.00 move 0.0277 period None osc 0.125@50 pr 3.7 sens10 0.02 sens50 0.17 sat 0.000 dead 0.04 frozen 0.27 nbin 300 fat 0.388 | 25.2s
ex16|tanh|1|0.9|div|10|2.0|50: static 0.215 sstatic 0.216 c1 0.999 c50 0.154 fac1 0.994 fac50 -0.079 lock 0.00 move 0.0534 period None osc -0.079@50 pr 5.7 sens10 0.01 sens50 0.34 sat 0.000 dead 0.04 frozen 0.74 nbin 300 fat 1.546 | 25.2s
ex16|tanh|1|0.9|sub|300|0.5|50: static 0.097 sstatic 0.098 c1 1.000 c50 0.317 fac1 0.995 fac50 0.186 lock 0.03 move 0.0309 period None osc 0.186@50 pr 3.3 sens10 0.06 sens50 0.21 sat 0.005 dead 0.00 frozen 0.06 nbin 300 fat 0.104 | 45.2s
ex16|tanh|1|0.9|div|10|2.0|51: static 0.200 sstatic 0.201 c1 0.999 c50 0.208 fac1 0.994 fac50 -0.016 lock 0.00 move 0.0509 period None osc -0.016@50 pr 5.5 sens10 -0.40 sens50 -0.20 sat 0.000 dead 0.03 frozen 0.75 nbin 300 fat 1.570 | 25.1s
ex16|tanh|1|0.9|sub|300|1.0|51: static 0.058 sstatic 0.062 c1 0.999 c50 0.193 fac1 0.995 fac50 0.119 lock 0.03 move 0.0334 period None osc 0.119@50 pr 3.4 sens10 -0.21 sens50 -0.30 sat 0.005 dead 0.00 frozen 0.04 nbin 300 fat 0.164 | 44.8s
ex16|tanh|1|0.9|div|30|0.5|50: static 0.416 sstatic 0.414 c1 1.000 c50 0.450 fac1 0.995 fac50 0.028 lock 0.00 move 0.0301 period None osc 0.028@50 pr 4.2 sens10 0.06 sens50 0.35 sat 0.000 dead 0.04 frozen 0.25 nbin 300 fat 0.388 | 25.0s
ex16|tanh|1|0.9|div|30|0.5|51: static 0.328 sstatic 0.325 c1 1.000 c50 0.404 fac1 0.994 fac50 0.058 lock 0.00 move 0.0311 period None osc 0.058@50 pr 4.1 sens10 -0.31 sens50 -0.23 sat 0.000 dead 0.03 frozen 0.18 nbin 300 fat 0.389 | 25.2s
ex16|tanh|1|0.9|div|3|0.5|50: static 0.444 sstatic 0.434 c1 1.000 c50 0.561 fac1 0.995 fac50 0.156 lock 0.00 move 0.027 period None osc 0.156@50 pr 3.6 sens10 -0.01 sens50 0.24 sat 0.000 dead 0.04 frozen 0.28 nbin 300 fat 0.388 | 45.0s
ex16|tanh|1|0.9|div|100|0.5|50: static 0.261 sstatic 0.262 c1 1.000 c50 0.489 fac1 0.995 fac50 0.207 lock 0.00 move 0.0269 period None osc 0.207@50 pr 3.3 sens10 -0.01 sens50 0.10 sat 0.000 dead 0.04 frozen 0.18 nbin 300 fat 0.387 | 24.8s
ex16|tanh|1|0.9|div|100|2.0|50: static 0.202 sstatic 0.201 c1 0.999 c50 0.238 fac1 0.995 fac50 0.019 lock 0.00 move 0.0346 period None osc 0.019@50 pr 4.3 sens10 0.00 sens50 0.13 sat 0.000 dead 0.04 frozen 0.42 nbin 300 fat 1.552 | 24.6s
ex16|tanh|1|0.9|div|10|0.5|51: static 0.284 sstatic 0.283 c1 1.000 c50 0.473 fac1 0.995 fac50 0.188 lock 0.00 move 0.0294 period None osc 0.188@50 pr 3.4 sens10 -0.31 sens50 -0.26 sat 0.000 dead 0.03 frozen 0.17 nbin 300 fat 0.389 | 44.3s
ex16|tanh|1|0.9|div|300|0.5|50: static 0.423 sstatic 0.429 c1 1.000 c50 0.657 fac1 0.994 fac50 0.262 lock 0.00 move 0.0214 period None osc 0.262@50 pr 2.9 sens10 -0.01 sens50 0.05 sat 0.000 dead 0.04 frozen 0.28 nbin 300 fat 0.374 | 24.7s
ex16|tanh|1|0.9|div|300|0.5|51: static 0.383 sstatic 0.383 c1 1.000 c50 0.570 fac1 0.995 fac50 0.210 lock 0.00 move 0.0229 period None osc 0.210@50 pr 3.2 sens10 -0.33 sens50 -0.36 sat 0.000 dead 0.03 frozen 0.25 nbin 300 fat 0.377 | 24.6s
ex16|tanh|1|0.9|div|300|2.0|50: static 0.296 sstatic 0.296 c1 1.000 c50 0.514 fac1 0.995 fac50 0.212 lock 0.00 move 0.0262 period None osc 0.212@50 pr 3.3 sens10 -0.03 sens50 0.03 sat 0.000 dead 0.04 frozen 0.48 nbin 300 fat 1.499 | 24.5s
ex16|tanh|1|0.9|div|30|2.0|50: static 0.205 sstatic 0.206 c1 0.999 c50 0.130 fac1 0.995 fac50 -0.087 lock 0.00 move 0.0465 period None osc -0.087@50 pr 5.6 sens10 -0.02 sens50 0.21 sat 0.000 dead 0.04 frozen 0.40 nbin 300 fat 1.551 | 42.6s
ex16|tanh|1|0.9|dep|3|0.1|50: static 0.402 sstatic 0.387 c1 1.000 c50 0.536 fac1 0.994 fac50 0.153 lock 0.00 move 0.0265 period None osc 0.153@50 pr 3.5 sens10 0.11 sens50 0.47 sat 0.006 dead 0.04 frozen 0.19 nbin 300 fat 0.866 | 27.3s
ex16|tanh|1|0.9|div|30|2.0|51: static 0.133 sstatic 0.133 c1 0.999 c50 0.106 fac1 0.995 fac50 -0.039 lock 0.00 move 0.0438 period None osc -0.039@50 pr 5.1 sens10 -0.46 sens50 -0.31 sat 0.000 dead 0.03 frozen 0.38 nbin 300 fat 1.559 | 44.7s
ex16|tanh|1|0.9|dep|3|0.5|50: static 0.348 sstatic 0.336 c1 0.999 c50 0.415 fac1 0.995 fac50 0.063 lock 0.00 move 0.0359 period None osc 0.063@50 pr 4.3 sens10 0.30 sens50 0.79 sat 0.006 dead 0.04 frozen 0.14 nbin 300 fat 0.594 | 27.2s
ex16|tanh|1|0.9|dep|3|0.5|51: static 0.289 sstatic 0.282 c1 0.999 c50 0.458 fac1 0.995 fac50 0.161 lock 0.00 move 0.0327 period None osc 0.161@50 pr 3.6 sens10 -0.07 sens50 0.24 sat 0.006 dead 0.03 frozen 0.11 nbin 300 fat 0.592 | 27.2s
ex16|tanh|1|0.9|div|100|0.5|51: static 0.263 sstatic 0.259 c1 1.000 c50 0.492 fac1 0.995 fac50 0.211 lock 0.00 move 0.0258 period None osc 0.211@50 pr 3.3 sens10 -0.33 sens50 -0.35 sat 0.000 dead 0.03 frozen 0.18 nbin 300 fat 0.390 | 44.6s
ex16|tanh|1|0.9|div|100|2.0|51: static 0.216 sstatic 0.218 c1 0.999 c50 0.285 fac1 0.995 fac50 0.048 lock 0.00 move 0.0329 period None osc 0.048@50 pr 4.2 sens10 -0.50 sens50 -0.45 sat 0.000 dead 0.03 frozen 0.43 nbin 300 fat 1.561 | 44.7s
ex16|tanh|1|0.9|dep|10|0.1|51: static 0.413 sstatic 0.397 c1 1.000 c50 0.512 fac1 0.994 fac50 0.109 lock 0.00 move 0.0309 period None osc 0.109@50 pr 4.0 sens10 -0.09 sens50 0.17 sat 0.006 dead 0.03 frozen 0.17 nbin 300 fat 0.671 | 27.2s
ex16|tanh|1|0.9|dep|10|0.5|50: static 0.324 sstatic 0.317 c1 0.999 c50 0.413 fac1 0.995 fac50 0.090 lock 0.00 move 0.0466 period None osc 0.090@50 pr 4.6 sens10 0.55 sens50 1.48 sat 0.006 dead 0.04 frozen 0.12 nbin 300 fat 0.337 | 27.1s
ex16|tanh|1|0.9|div|300|2.0|51: static 0.267 sstatic 0.267 c1 1.000 c50 0.418 fac1 0.995 fac50 0.156 lock 0.00 move 0.0269 period None osc 0.156@50 pr 3.6 sens10 -0.52 sens50 -0.51 sat 0.000 dead 0.03 frozen 0.45 nbin 300 fat 1.506 | 43.9s
ex16|tanh|1|0.9|dep|30|0.1|50: static 0.262 sstatic 0.251 c1 0.999 c50 0.281 fac1 0.995 fac50 0.002 lock 0.00 move 0.048 period None osc 0.002@50 pr 5.2 sens10 0.37 sens50 1.16 sat 0.006 dead 0.04 frozen 0.09 nbin 300 fat 0.423 | 27.2s
ex16|tanh|1|0.9|dep|30|0.1|51: static 0.206 sstatic 0.203 c1 0.999 c50 0.240 fac1 0.994 fac50 -0.002 lock 0.00 move 0.0483 period None osc -0.002@50 pr 5.3 sens10 0.01 sens50 0.57 sat 0.006 dead 0.03 frozen 0.06 nbin 300 fat 0.419 | 27.2s
ex16|tanh|1|0.9|dep|30|0.5|50: static 0.373 sstatic 0.361 c1 0.998 c50 0.369 fac1 0.993 fac50 -0.031 lock 0.00 move 0.0584 period None osc -0.031@50 pr 6.1 sens10 0.96 sens50 2.03 sat 0.006 dead 0.04 frozen 0.13 nbin 300 fat 0.170 | 27.2s
ex16|tanh|1|0.9|dep|3|0.1|51: static 0.418 sstatic 0.408 c1 1.000 c50 0.534 fac1 0.994 fac50 0.131 lock 0.00 move 0.0264 period None osc 0.131@50 pr 3.6 sens10 -0.17 sens50 -0.08 sat 0.005 dead 0.03 frozen 0.19 nbin 300 fat 0.865 | 47.9s
ex16|tanh|1|0.9|dep|10|0.1|50: static 0.339 sstatic 0.333 c1 0.999 c50 0.426 fac1 0.995 fac50 0.090 lock 0.00 move 0.0349 period None osc 0.090@50 pr 4.1 sens10 0.14 sens50 0.41 sat 0.006 dead 0.04 frozen 0.14 nbin 300 fat 0.672 | 47.7s
ex16|tanh|1|0.9|dep|100|0.1|50: static 0.266 sstatic 0.252 c1 0.999 c50 0.185 fac1 0.994 fac50 -0.095 lock 0.00 move 0.0571 period None osc -0.095@50 pr 6.4 sens10 0.70 sens50 1.50 sat 0.006 dead 0.04 frozen 0.09 nbin 300 fat 0.199 | 27.0s
ex16|tanh|1|0.9|dep|100|0.5|50: static 0.316 sstatic 0.307 c1 0.998 c50 0.273 fac1 0.993 fac50 -0.048 lock 0.00 move 0.0661 period None osc -0.048@50 pr 6.5 sens10 1.17 sens50 2.46 sat 0.001 dead 0.04 frozen 0.17 nbin 300 fat 0.093 | 27.0s
ex16|tanh|1|0.9|dep|100|0.5|51: static 0.226 sstatic 0.222 c1 0.998 c50 0.209 fac1 0.993 fac50 -0.037 lock 0.00 move 0.0642 period None osc -0.037@50 pr 6.2 sens10 0.66 sens50 1.91 sat 0.001 dead 0.03 frozen 0.12 nbin 300 fat 0.090 | 27.3s
ex16|tanh|0|0.0|none|0|0.0|51: static 0.003 sstatic 0.003 c1 -0.003 c50 -0.004 fac1 -0.009 fac50 -0.007 lock 0.00 move 1.42 period None osc -0.012@25 pr 20.8 sens10 1.90 sens50 4.16 sat 0.390 dead 0.03 frozen 0.03 nbin 300 fat None | 20.0s
ex16|tanh|1|0.9|dep|10|0.5|51: static 0.205 sstatic 0.199 c1 0.999 c50 0.280 fac1 0.994 fac50 0.059 lock 0.00 move 0.0479 period None osc 0.059@50 pr 4.7 sens10 0.14 sens50 0.92 sat 0.006 dead 0.03 frozen 0.07 nbin 300 fat 0.334 | 48.5s
ex16|tanh|1|0.9|dep|300|0.5|50: static 0.256 sstatic 0.261 c1 0.998 c50 0.190 fac1 0.993 fac50 -0.092 lock 0.00 move 0.0854 period None osc -0.092@50 pr 6.8 sens10 1.08 sens50 2.08 sat 0.000 dead 0.04 frozen 0.67 nbin 300 fat 0.077 | 27.4s
ex16|tanh|1|0.9|dep|300|0.5|51: static 0.200 sstatic 0.200 c1 0.998 c50 0.137 fac1 0.993 fac50 -0.077 lock 0.00 move 0.0715 period None osc -0.077@50 pr 6.7 sens10 0.66 sens50 1.33 sat 0.000 dead 0.03 frozen 0.66 nbin 300 fat 0.074 | 27.4s
ex16|tanh|0|0.0|sub|3|0.5|50: static 0.000 sstatic 0.001 c1 -0.276 c50 -0.004 fac1 -0.280 fac50 -0.005 lock 0.00 move 1.6 period None osc -0.280@1 pr 20.4 sens10 1.40 sens50 4.15 sat 0.325 dead 0.04 frozen 0.04 nbin 300 fat 0.172 | 23.5s
ex16|tanh|0|0.0|sub|3|0.5|51: static 0.000 sstatic 0.001 c1 -0.283 c50 0.003 fac1 -0.287 fac50 0.002 lock 0.00 move 1.61 period None osc -0.287@1 pr 20.3 sens10 1.54 sens50 4.15 sat 0.321 dead 0.03 frozen 0.03 nbin 300 fat 0.174 | 23.5s
ex16|tanh|1|0.9|dep|30|0.5|51: static 0.205 sstatic 0.199 c1 0.998 c50 0.268 fac1 0.994 fac50 0.038 lock 0.00 move 0.0587 period None osc 0.038@50 pr 5.4 sens10 0.46 sens50 1.57 sat 0.006 dead 0.03 frozen 0.06 nbin 300 fat 0.166 | 47.7s
ex16|tanh|0|0.0|none|0|0.0|50: static 0.006 sstatic 0.005 c1 0.006 c50 -0.000 fac1 0.000 fac50 -0.007 lock 0.00 move 1.41 period None osc -0.018@40 pr 21.0 sens10 1.96 sens50 4.15 sat 0.395 dead 0.04 frozen 0.04 nbin 300 fat None | 36.4s
ex16|tanh|1|0.9|dep|100|0.1|51: static 0.212 sstatic 0.206 c1 0.998 c50 0.153 fac1 0.994 fac50 -0.075 lock 0.00 move 0.0553 period None osc -0.075@50 pr 6.2 sens10 0.21 sens50 0.85 sat 0.006 dead 0.03 frozen 0.06 nbin 300 fat 0.195 | 49.3s
ex16|tanh|0|0.0|sub|10|0.5|50: static 0.000 sstatic 0.001 c1 -0.090 c50 0.004 fac1 -0.092 fac50 0.004 lock 0.00 move 1.48 period None osc -0.092@1 pr 20.9 sens10 1.88 sens50 4.17 sat 0.375 dead 0.04 frozen 0.04 nbin 300 fat 0.085 | 23.9s
ex16|tanh|1|0.9|dep|300|0.1|50: static 0.296 sstatic 0.285 c1 0.998 c50 0.200 fac1 0.994 fac50 -0.128 lock 0.00 move 0.0585 period None osc -0.128@50 pr 6.8 sens10 1.00 sens50 1.88 sat 0.005 dead 0.04 frozen 0.11 nbin 300 fat 0.098 | 49.5s
ex16|tanh|0|0.0|sub|10|0.5|51: static 0.000 sstatic 0.001 c1 -0.093 c50 0.008 fac1 -0.095 fac50 0.007 lock 0.00 move 1.48 period None osc -0.095@1 pr 20.6 sens10 1.82 sens50 4.16 sat 0.372 dead 0.03 frozen 0.03 nbin 300 fat 0.084 | 23.9s
ex16|tanh|0|0.0|sub|10|1.0|50: static 0.000 sstatic 0.001 c1 -0.101 c50 0.008 fac1 -0.102 fac50 0.008 lock 0.00 move 1.49 period None osc -0.102@1 pr 20.8 sens10 1.66 sens50 4.14 sat 0.360 dead 0.04 frozen 0.04 nbin 300 fat 0.166 | 23.9s
ex16|tanh|1|0.9|dep|300|0.1|51: static 0.169 sstatic 0.160 c1 0.998 c50 0.124 fac1 0.994 fac50 -0.066 lock 0.00 move 0.0582 period None osc -0.066@50 pr 6.2 sens10 0.54 sens50 1.15 sat 0.005 dead 0.03 frozen 0.05 nbin 300 fat 0.094 | 48.7s
ex16|tanh|0|0.0|sub|10|1.0|51: static 0.000 sstatic 0.001 c1 -0.101 c50 0.002 fac1 -0.102 fac50 0.001 lock 0.00 move 1.49 period None osc -0.102@1 pr 20.6 sens10 1.64 sens50 4.15 sat 0.357 dead 0.03 frozen 0.03 nbin 300 fat 0.162 | 23.8s
ex16|tanh|0|0.0|sub|30|0.5|51: static 0.000 sstatic 0.001 c1 -0.027 c50 0.002 fac1 -0.028 fac50 0.002 lock 0.00 move 1.44 period None osc -0.028@1 pr 20.2 sens10 1.88 sens50 4.14 sat 0.384 dead 0.03 frozen 0.03 nbin 300 fat 0.047 | 23.9s
ex16|tanh|0|0.0|sub|30|1.0|50: static 0.000 sstatic 0.001 c1 -0.027 c50 -0.001 fac1 -0.027 fac50 -0.001 lock 0.00 move 1.43 period None osc -0.038@2 pr 20.2 sens10 1.91 sens50 4.15 sat 0.384 dead 0.04 frozen 0.04 nbin 300 fat 0.090 | 23.7s
ex16|tanh|0|0.0|sub|30|1.0|51: static 0.000 sstatic 0.001 c1 -0.030 c50 -0.004 fac1 -0.031 fac50 -0.003 lock 0.00 move 1.44 period None osc -0.031@1 pr 20.1 sens10 1.83 sens50 4.14 sat 0.379 dead 0.03 frozen 0.03 nbin 300 fat 0.087 | 23.8s
ex16|tanh|0|0.0|sub|3|1.0|50: static 0.000 sstatic 0.001 c1 -0.356 c50 0.000 fac1 -0.361 fac50 0.000 lock 0.00 move 1.65 period None osc -0.361@1 pr 20.1 sens10 1.02 sens50 4.08 sat 0.260 dead 0.04 frozen 0.04 nbin 300 fat 0.317 | 42.2s
ex16|tanh|0|0.0|sub|100|0.5|50: static 0.001 sstatic 0.001 c1 -0.004 c50 -0.002 fac1 -0.007 fac50 -0.001 lock 0.04 move 1.42 period None osc -0.015@3 pr 20.2 sens10 1.91 sens50 4.14 sat 0.393 dead 0.00 frozen 0.04 nbin 300 fat 0.029 | 23.7s
ex16|tanh|0|0.0|sub|3|1.0|51: static 0.000 sstatic 0.001 c1 -0.378 c50 0.000 fac1 -0.383 fac50 -0.000 lock 0.00 move 1.66 period None osc -0.383@1 pr 19.9 sens10 1.12 sens50 4.09 sat 0.257 dead 0.03 frozen 0.03 nbin 300 fat 0.311 | 41.7s
ex16|tanh|0|0.0|sub|300|0.5|50: static 0.002 sstatic 0.002 c1 0.010 c50 0.005 fac1 0.008 fac50 0.002 lock 0.04 move 1.41 period None osc -0.013@23 pr 20.3 sens10 1.85 sens50 4.15 sat 0.394 dead 0.00 frozen 0.04 nbin 300 fat 0.019 | 23.2s
ex16|tanh|0|0.0|sub|30|0.5|50: static 0.000 sstatic 0.001 c1 -0.022 c50 -0.003 fac1 -0.023 fac50 -0.003 lock 0.00 move 1.43 period None osc -0.035@3 pr 20.2 sens10 1.86 sens50 4.16 sat 0.388 dead 0.04 frozen 0.04 nbin 300 fat 0.052 | 41.8s
ex16|tanh|0|0.0|sub|300|1.0|50: static 0.001 sstatic 0.002 c1 0.003 c50 -0.007 fac1 0.003 fac50 -0.008 lock 0.04 move 1.41 period None osc -0.018@6 pr 20.3 sens10 1.84 sens50 4.15 sat 0.393 dead 0.00 frozen 0.04 nbin 300 fat 0.033 | 23.2s
ex16|tanh|0|0.0|sub|300|1.0|51: static 0.001 sstatic 0.002 c1 -0.002 c50 0.009 fac1 -0.003 fac50 0.007 lock 0.03 move 1.42 period None osc -0.011@35 pr 20.2 sens10 1.88 sens50 4.15 sat 0.389 dead 0.00 frozen 0.03 nbin 300 fat 0.029 | 23.2s
ex16|tanh|0|0.0|div|3|0.5|51: static 0.003 sstatic 0.003 c1 -0.005 c50 0.007 fac1 -0.010 fac50 0.004 lock 0.00 move 1.42 period None osc -0.017@34 pr 20.9 sens10 0.71 sens50 3.60 sat 0.006 dead 0.03 frozen 0.03 nbin 300 fat 1.017 | 23.1s
ex16|tanh|0|0.0|div|3|2.0|50: static 0.037 sstatic 0.037 c1 0.016 c50 0.039 fac1 -0.021 fac50 0.001 lock 0.00 move 1.4 period None osc -0.052@6 pr 20.7 sens10 0.30 sens50 1.56 sat 0.000 dead 0.04 frozen 0.04 nbin 300 fat 1.981 | 23.6s
ex16|tanh|0|0.0|sub|100|0.5|51: static 0.001 sstatic 0.001 c1 -0.008 c50 -0.006 fac1 -0.010 fac50 -0.005 lock 0.03 move 1.42 period None osc -0.016@8 pr 20.2 sens10 1.90 sens50 4.14 sat 0.389 dead 0.00 frozen 0.03 nbin 300 fat 0.025 | 40.7s
ex16|tanh|0|0.0|div|3|2.0|51: static 0.005 sstatic 0.005 c1 0.018 c50 0.036 fac1 0.013 fac50 0.027 lock 0.00 move 1.4 period None osc -0.037@47 pr 20.2 sens10 0.23 sens50 1.45 sat 0.000 dead 0.03 frozen 0.03 nbin 300 fat 1.930 | 23.6s
ex16|tanh|0|0.0|div|10|0.5|50: static 0.013 sstatic 0.012 c1 0.024 c50 0.026 fac1 0.010 fac50 0.010 lock 0.00 move 1.4 period None osc -0.028@6 pr 20.7 sens10 0.64 sens50 3.11 sat 0.027 dead 0.04 frozen 0.04 nbin 300 fat 1.027 | 23.8s
ex16|tanh|0|0.0|div|10|2.0|50: static 0.041 sstatic 0.041 c1 0.034 c50 0.039 fac1 -0.009 fac50 -0.002 lock 0.00 move 1.39 period None osc -0.102@6 pr 19.8 sens10 0.11 sens50 0.53 sat 0.000 dead 0.04 frozen 0.04 nbin 300 fat 2.103 | 23.7s
ex16|tanh|0|0.0|sub|100|1.0|50: static 0.001 sstatic 0.001 c1 -0.016 c50 -0.004 fac1 -0.016 fac50 -0.004 lock 0.03 move 1.42 period None osc -0.017@16 pr 20.3 sens10 1.90 sens50 4.15 sat 0.390 dead 0.00 frozen 0.04 nbin 300 fat 0.053 | 41.9s
ex16|tanh|0|0.0|sub|100|1.0|51: static 0.001 sstatic 0.001 c1 -0.009 c50 -0.009 fac1 -0.009 fac50 -0.008 lock 0.03 move 1.42 period None osc -0.018@12 pr 20.1 sens10 1.83 sens50 4.14 sat 0.388 dead 0.00 frozen 0.03 nbin 300 fat 0.051 | 42.6s
ex16|tanh|0|0.0|div|3|0.5|50: static 0.010 sstatic 0.009 c1 0.010 c50 0.020 fac1 -0.000 fac50 0.007 lock 0.00 move 1.4 period None osc -0.033@6 pr 21.0 sens10 0.69 sens50 3.60 sat 0.006 dead 0.04 frozen 0.04 nbin 300 fat 1.023 | 41.5s
ex16|tanh|0|0.0|sub|300|0.5|51: static 0.001 sstatic 0.002 c1 0.001 c50 -0.007 fac1 0.000 fac50 -0.008 lock 0.03 move 1.42 period None osc -0.014@6 pr 20.2 sens10 1.94 sens50 4.15 sat 0.389 dead 0.00 frozen 0.03 nbin 300 fat 0.015 | 42.4s
ex16|tanh|0|0.0|div|30|0.5|50: static 0.013 sstatic 0.012 c1 0.015 c50 0.021 fac1 -0.000 fac50 0.008 lock 0.00 move 1.4 period None osc -0.022@49 pr 20.7 sens10 0.58 sens50 2.82 sat 0.034 dead 0.04 frozen 0.04 nbin 300 fat 1.021 | 23.6s
ex16|tanh|0|0.0|div|30|2.0|50: static 0.039 sstatic 0.039 c1 0.067 c50 0.020 fac1 0.030 fac50 -0.016 lock 0.00 move 1.36 period None osc -0.083@6 pr 19.2 sens10 0.05 sens50 0.30 sat 0.000 dead 0.04 frozen 0.04 nbin 300 fat 2.180 | 23.6s
ex16|tanh|0|0.0|div|30|2.0|51: static 0.013 sstatic 0.013 c1 0.062 c50 -0.018 fac1 0.051 fac50 -0.028 lock 0.00 move 1.36 period None osc -0.101@16 pr 18.5 sens10 0.10 sens50 0.30 sat 0.000 dead 0.03 frozen 0.03 nbin 300 fat 2.155 | 23.7s
ex16|tanh|0|0.0|div|100|0.5|50: static 0.011 sstatic 0.010 c1 0.008 c50 0.009 fac1 -0.003 fac50 -0.001 lock 0.00 move 1.41 period None osc -0.028@6 pr 20.6 sens10 0.53 sens50 2.82 sat 0.037 dead 0.04 frozen 0.04 nbin 300 fat 1.021 | 23.5s
ex16|tanh|0|0.0|div|10|0.5|51: static 0.003 sstatic 0.004 c1 0.013 c50 0.016 fac1 0.009 fac50 0.012 lock 0.00 move 1.4 period None osc -0.025@37 pr 20.5 sens10 0.64 sens50 3.05 sat 0.027 dead 0.03 frozen 0.03 nbin 300 fat 1.014 | 41.9s
ex16|tanh|0|0.0|div|100|0.5|51: static 0.003 sstatic 0.003 c1 0.013 c50 0.004 fac1 0.009 fac50 -0.000 lock 0.00 move 1.4 period None osc -0.028@6 pr 20.4 sens10 0.55 sens50 2.82 sat 0.037 dead 0.03 frozen 0.03 nbin 300 fat 1.018 | 23.4s
ex16|tanh|0|0.0|div|10|2.0|51: static 0.018 sstatic 0.018 c1 0.026 c50 0.035 fac1 0.011 fac50 0.015 lock 0.00 move 1.39 period None osc -0.097@26 pr 19.1 sens10 0.13 sens50 0.55 sat 0.000 dead 0.03 frozen 0.03 nbin 300 fat 2.103 | 42.1s
ex16|tanh|0|0.0|div|100|2.0|51: static 0.015 sstatic 0.015 c1 0.082 c50 0.027 fac1 0.069 fac50 0.011 lock 0.00 move 1.35 period None osc -0.120@15 pr 17.8 sens10 0.08 sens50 0.30 sat 0.000 dead 0.03 frozen 0.03 nbin 300 fat 2.182 | 23.2s
ex16|tanh|0|0.0|div|300|0.5|50: static 0.013 sstatic 0.012 c1 0.017 c50 0.012 fac1 0.003 fac50 -0.002 lock 0.00 move 1.4 period None osc -0.030@6 pr 20.7 sens10 0.56 sens50 2.80 sat 0.042 dead 0.04 frozen 0.04 nbin 300 fat 1.008 | 23.3s
ex16|tanh|0|0.0|div|300|0.5|51: static 0.005 sstatic 0.004 c1 -0.005 c50 0.017 fac1 -0.011 fac50 0.009 lock 0.00 move 1.42 period None osc -0.030@16 pr 20.4 sens10 0.63 sens50 2.93 sat 0.042 dead 0.03 frozen 0.03 nbin 300 fat 1.005 | 23.0s
ex16|tanh|0|0.0|div|30|0.5|51: static 0.005 sstatic 0.004 c1 0.010 c50 0.015 fac1 0.004 fac50 0.010 lock 0.00 move 1.41 period None osc -0.022@14 pr 20.4 sens10 0.55 sens50 2.85 sat 0.034 dead 0.03 frozen 0.03 nbin 300 fat 1.020 | 41.0s
ex16|tanh|0|0.0|dep|3|0.5|50: static 0.024 sstatic 0.021 c1 0.013 c50 0.033 fac1 -0.012 fac50 0.007 lock 0.00 move 1.4 period None osc -0.017@6 pr 20.8 sens10 1.05 sens50 4.07 sat 0.042 dead 0.04 frozen 0.04 nbin 300 fat 0.543 | 25.2s
ex16|tanh|0|0.0|div|100|2.0|50: static 0.041 sstatic 0.041 c1 0.039 c50 0.048 fac1 -0.002 fac50 0.007 lock 0.00 move 1.38 period None osc -0.092@41 pr 19.0 sens10 0.04 sens50 0.14 sat 0.000 dead 0.04 frozen 0.04 nbin 300 fat 2.200 | 39.3s
ex16|tanh|0|0.0|dep|3|0.5|51: static 0.004 sstatic 0.004 c1 0.001 c50 -0.002 fac1 -0.001 fac50 -0.006 lock 0.00 move 1.41 period None osc -0.014@3 pr 20.4 sens10 1.09 sens50 4.11 sat 0.041 dead 0.03 frozen 0.03 nbin 300 fat 0.545 | 25.4s
ex16|tanh|0|0.0|dep|10|0.1|50: static 0.019 sstatic 0.017 c1 0.019 c50 0.010 fac1 -0.001 fac50 -0.009 lock 0.00 move 1.4 period None osc -0.018@2 pr 20.7 sens10 1.06 sens50 4.08 sat 0.118 dead 0.04 frozen 0.04 nbin 300 fat 0.608 | 25.3s
ex16|tanh|0|0.0|dep|10|0.1|51: static 0.003 sstatic 0.003 c1 -0.003 c50 0.008 fac1 -0.007 fac50 0.004 lock 0.00 move 1.42 period None osc -0.015@14 pr 20.3 sens10 0.99 sens50 4.05 sat 0.116 dead 0.03 frozen 0.03 nbin 300 fat 0.608 | 25.4s
ex16|tanh|0|0.0|div|300|2.0|50: static 0.041 sstatic 0.041 c1 0.068 c50 0.016 fac1 0.029 fac50 -0.020 lock 0.00 move 1.36 period None osc -0.094@11 pr 18.9 sens10 0.03 sens50 0.09 sat 0.000 dead 0.04 frozen 0.04 nbin 300 fat 2.200 | 42.1s
ex16|tanh|0|0.0|dep|10|0.5|51: static 0.005 sstatic 0.005 c1 0.005 c50 -0.010 fac1 0.000 fac50 -0.016 lock 0.00 move 1.4 period None osc -0.039@26 pr 19.7 sens10 0.53 sens50 1.97 sat 0.000 dead 0.03 frozen 0.04 nbin 300 fat 0.390 | 25.7s
ex16|tanh|0|0.0|dep|30|0.1|51: static 0.003 sstatic 0.003 c1 0.027 c50 0.015 fac1 0.025 fac50 0.010 lock 0.00 move 1.39 period None osc -0.040@15 pr 19.6 sens10 0.45 sens50 1.89 sat 0.007 dead 0.03 frozen 0.03 nbin 300 fat 0.426 | 25.6s
ex16|tanh|0|0.0|div|300|2.0|51: static 0.025 sstatic 0.025 c1 0.097 c50 0.015 fac1 0.078 fac50 -0.004 lock 0.00 move 1.34 period None osc -0.100@46 pr 17.8 sens10 0.06 sens50 0.26 sat 0.000 dead 0.03 frozen 0.03 nbin 300 fat 2.186 | 42.3s
ex16|tanh|0|0.0|dep|30|0.5|50: static 0.088 sstatic 0.088 c1 0.049 c50 0.075 fac1 -0.038 fac50 -0.012 lock 0.00 move 1.3 period None osc -0.069@6 pr 19.3 sens10 0.15 sens50 0.36 sat 0.000 dead 0.04 frozen 0.41 nbin 300 fat 0.324 | 25.8s
ex16|tanh|0|0.0|dep|30|0.5|51: static 0.025 sstatic 0.025 c1 0.025 c50 0.052 fac1 -0.002 fac50 0.018 lock 0.00 move 1.37 period None osc -0.104@35 pr 18.5 sens10 0.23 sens50 0.60 sat 0.000 dead 0.03 frozen 0.38 nbin 300 fat 0.330 | 25.8s
ex16|tanh|0|0.0|dep|3|0.1|50: static 0.008 sstatic 0.007 c1 0.004 c50 0.009 fac1 -0.005 fac50 0.001 lock 0.00 move 1.41 period None osc -0.020@6 pr 20.9 sens10 1.57 sens50 4.15 sat 0.278 dead 0.04 frozen 0.04 nbin 300 fat 0.817 | 46.0s
ex16|tanh|0|0.0|dep|3|0.1|51: static 0.003 sstatic 0.003 c1 0.005 c50 -0.008 fac1 0.001 fac50 -0.010 lock 0.00 move 1.41 period None osc -0.015@29 pr 20.6 sens10 1.63 sens50 4.15 sat 0.275 dead 0.03 frozen 0.03 nbin 300 fat 0.817 | 46.0s
ex16|tanh|0|0.0|dep|100|0.1|51: static 0.032 sstatic 0.032 c1 0.033 c50 0.076 fac1 0.001 fac50 0.037 lock 0.00 move 1.38 period None osc -0.095@46 pr 17.6 sens10 0.17 sens50 0.43 sat 0.000 dead 0.03 frozen 0.12 nbin 300 fat 0.329 | 26.1s
ex16|tanh|0|0.0|dep|100|0.5|51: static 0.043 sstatic 0.043 c1 0.071 c50 0.082 fac1 0.029 fac50 0.030 lock 0.00 move 1.24 period None osc -0.147@46 pr 16.6 sens10 0.10 sens50 0.25 sat 0.000 dead 0.03 frozen 0.99 nbin 299 fat 0.308 | 26.1s
ex16|tanh|0|0.0|dep|300|0.1|50: static 0.089 sstatic 0.089 c1 0.081 c50 0.052 fac1 -0.004 fac50 -0.032 lock 0.00 move 1.2 period None osc -0.091@6 pr 18.9 sens10 0.03 sens50 -0.17 sat 0.000 dead 0.04 frozen 0.92 nbin 300 fat 0.297 | 26.2s
ex16|tanh|0|0.0|dep|10|0.5|50: static 0.064 sstatic 0.063 c1 0.033 c50 0.068 fac1 -0.036 fac50 0.001 lock 0.00 move 1.37 period None osc -0.036@1 pr 20.1 sens10 0.47 sens50 1.76 sat 0.000 dead 0.04 frozen 0.04 nbin 300 fat 0.388 | 46.1s
ex16|tanh|0|0.0|dep|30|0.1|50: static 0.043 sstatic 0.041 c1 0.051 c50 0.032 fac1 0.008 fac50 -0.010 lock 0.00 move 1.37 period None osc -0.048@6 pr 20.2 sens10 0.44 sens50 1.74 sat 0.007 dead 0.04 frozen 0.04 nbin 300 fat 0.425 | 46.1s
ex16|tanh|0|0.0|dep|300|0.1|51: static 0.043 sstatic 0.043 c1 0.097 c50 0.058 fac1 0.057 fac50 0.016 lock 0.00 move 1.28 period None osc -0.161@35 pr 15.9 sens10 0.14 sens50 0.22 sat 0.000 dead 0.03 frozen 0.94 nbin 300 fat 0.306 | 26.5s
ex16|tanh|0|0.5|none|0|0.0|50: static 0.038 sstatic 0.031 c1 0.936 c50 -0.010 fac1 0.933 fac50 -0.048 lock 0.00 move 0.348 period None osc -0.066@41 pr 14.1 sens10 1.22 sens50 4.08 sat 0.638 dead 0.04 frozen 0.04 nbin 300 fat None | 21.2s
ex16|tanh|0|0.0|dep|300|0.5|51: static 0.041 sstatic 0.041 c1 0.019 c50 0.084 fac1 -0.023 fac50 0.035 lock 0.00 move 1.13 period None osc -0.180@35 pr 15.9 sens10 0.05 sens50 0.27 sat 0.000 dead 0.03 frozen 0.99 nbin 300 fat 0.302 | 26.2s
ex16|tanh|0|0.5|sub|3|0.5|50: static 0.003 sstatic 0.003 c1 0.794 c50 0.011 fac1 0.797 fac50 0.007 lock 0.00 move 0.631 period None osc -0.433@6 pr 16.3 sens10 1.12 sens50 4.02 sat 0.462 dead 0.04 frozen 0.04 nbin 300 fat 0.357 | 24.3s
ex16|tanh|0|0.5|sub|3|0.5|51: static 0.002 sstatic 0.003 c1 0.799 c50 -0.015 fac1 0.801 fac50 -0.015 lock 0.00 move 0.626 period None osc -0.442@6 pr 15.6 sens10 1.12 sens50 4.04 sat 0.459 dead 0.03 frozen 0.03 nbin 300 fat 0.353 | 24.2s
ex16|tanh|0|0.0|dep|100|0.1|50: static 0.085 sstatic 0.085 c1 0.082 c50 0.068 fac1 -0.004 fac50 -0.017 lock 0.00 move 1.31 period None osc -0.091@6 pr 19.1 sens10 0.11 sens50 0.15 sat 0.000 dead 0.04 frozen 0.11 nbin 300 fat 0.324 | 47.0s
ex16|tanh|0|0.0|dep|100|0.5|50: static 0.088 sstatic 0.088 c1 0.066 c50 0.053 fac1 -0.020 fac50 -0.030 lock 0.00 move 1.14 period None osc -0.072@6 pr 19.0 sens10 0.02 sens50 -0.03 sat 0.000 dead 0.04 frozen 0.96 nbin 300 fat 0.298 | 42.6s
ex16|tanh|0|0.5|none|0|0.0|51: static 0.041 sstatic 0.033 c1 0.937 c50 0.000 fac1 0.933 fac50 -0.034 lock 0.00 move 0.348 period None osc -0.035@46 pr 13.8 sens10 1.25 sens50 4.07 sat 0.636 dead 0.03 frozen 0.03 nbin 300 fat None | 37.5s
ex16|tanh|0|0.5|sub|10|0.5|50: static 0.002 sstatic 0.003 c1 0.886 c50 -0.045 fac1 0.886 fac50 -0.042 lock 0.00 move 0.469 period None osc -0.368@10 pr 14.7 sens10 1.21 sens50 4.04 sat 0.584 dead 0.04 frozen 0.04 nbin 300 fat 0.217 | 24.7s
ex16|tanh|0|0.5|sub|10|0.5|51: static 0.001 sstatic 0.003 c1 0.887 c50 0.024 fac1 0.888 fac50 0.023 lock 0.00 move 0.467 period None osc -0.378@10 pr 14.6 sens10 1.19 sens50 3.98 sat 0.583 dead 0.03 frozen 0.03 nbin 300 fat 0.209 | 24.9s
ex16|tanh|0|0.5|sub|3|1.0|51: static 0.000 sstatic 0.001 c1 0.731 c50 -0.030 fac1 0.735 fac50 -0.026 lock 0.00 move 0.724 period None osc -0.632@5 pr 15.1 sens10 0.55 sens50 3.06 sat 0.362 dead 0.03 frozen 0.03 nbin 300 fat 0.602 | 35.1s
ex16|tanh|0|0.5|sub|10|1.0|50: static 0.000 sstatic 0.002 c1 0.873 c50 0.029 fac1 0.875 fac50 0.027 lock 0.00 move 0.491 period None osc -0.442@9 pr 14.5 sens10 1.15 sens50 3.87 sat 0.564 dead 0.04 frozen 0.04 nbin 300 fat 0.394 | 24.8s
ex16|tanh|0|0.0|dep|300|0.5|50: static 0.086 sstatic 0.086 c1 0.069 c50 0.051 fac1 -0.013 fac50 -0.031 lock 0.00 move 1.1 period None osc -0.090@6 pr 18.8 sens10 -0.01 sens50 -0.15 sat 0.000 dead 0.04 frozen 0.96 nbin 300 fat 0.292 | 45.3s
ex16|tanh|0|0.5|sub|30|0.5|51: static 0.003 sstatic 0.004 c1 0.920 c50 0.015 fac1 0.920 fac50 0.011 lock 0.00 move 0.391 period None osc -0.185@15 pr 13.8 sens10 1.31 sens50 4.05 sat 0.617 dead 0.03 frozen 0.03 nbin 300 fat 0.133 | 24.7s
ex16|tanh|0|0.5|sub|30|1.0|50: static 0.001 sstatic 0.003 c1 0.916 c50 0.035 fac1 0.916 fac50 0.031 lock 0.00 move 0.403 period None osc -0.231@14 pr 13.8 sens10 1.29 sens50 3.98 sat 0.612 dead 0.04 frozen 0.04 nbin 300 fat 0.246 | 24.4s
ex16|tanh|0|0.5|sub|3|1.0|50: static 0.000 sstatic 0.001 c1 0.727 c50 0.034 fac1 0.731 fac50 0.030 lock 0.00 move 0.729 period None osc -0.627@5 pr 15.4 sens10 0.63 sens50 3.11 sat 0.364 dead 0.04 frozen 0.04 nbin 300 fat 0.620 | 39.2s
ex16|tanh|0|0.5|sub|30|1.0|51: static 0.001 sstatic 0.003 c1 0.913 c50 0.000 fac1 0.913 fac50 0.001 lock 0.00 move 0.41 period None osc -0.246@13 pr 14.2 sens10 1.29 sens50 3.98 sat 0.609 dead 0.03 frozen 0.03 nbin 300 fat 0.240 | 24.2s
ex16|tanh|0|0.5|sub|10|1.0|51: static 0.000 sstatic 0.002 c1 0.879 c50 0.030 fac1 0.880 fac50 0.029 lock 0.00 move 0.481 period None osc -0.449@9 pr 14.2 sens10 0.99 sens50 3.79 sat 0.565 dead 0.03 frozen 0.03 nbin 300 fat 0.397 | 32.8s
ex16|tanh|0|0.5|sub|30|0.5|50: static 0.002 sstatic 0.004 c1 0.918 c50 0.006 fac1 0.918 fac50 0.004 lock 0.00 move 0.397 period None osc -0.236@15 pr 14.0 sens10 1.33 sens50 3.99 sat 0.618 dead 0.04 frozen 0.04 nbin 300 fat 0.123 | 33.0s
ex16|tanh|0|0.5|sub|300|0.5|51: static 0.014 sstatic 0.013 c1 0.936 c50 -0.012 fac1 0.934 fac50 -0.019 lock 0.03 move 0.353 period None osc -0.039@23 pr 13.4 sens10 1.31 sens50 4.06 sat 0.634 dead 0.00 frozen 0.03 nbin 300 fat 0.045 | 24.5s
ex16|tanh|0|0.5|div|3|0.5|51: static 0.030 sstatic 0.030 c1 0.935 c50 0.037 fac1 0.930 fac50 0.006 lock 0.00 move 0.36 period None osc -0.035@27 pr 15.1 sens10 0.34 sens50 2.97 sat 0.003 dead 0.03 frozen 0.03 nbin 300 fat 2.166 | 24.4s
ex16|tanh|0|0.5|div|3|2.0|51: static 0.020 sstatic 0.020 c1 0.927 c50 -0.008 fac1 0.924 fac50 -0.026 lock 0.00 move 0.378 period None osc -0.038@19 pr 16.1 sens10 0.15 sens50 2.05 sat 0.000 dead 0.03 frozen 0.03 nbin 300 fat 4.068 | 24.4s
ex16|tanh|0|0.5|div|3|2.0|50: static 0.053 sstatic 0.054 c1 0.923 c50 0.017 fac1 0.917 fac50 -0.034 lock 0.00 move 0.392 period None osc -0.043@12 pr 16.5 sens10 0.17 sens50 2.39 sat 0.000 dead 0.04 frozen 0.04 nbin 300 fat 4.130 | 24.3s
ex16|tanh|0|0.5|div|10|2.0|51: static 0.029 sstatic 0.029 c1 0.963 c50 0.000 fac1 0.959 fac50 -0.030 lock 0.00 move 0.269 period None osc -0.043@45 pr 14.2 sens10 -0.23 sens50 0.82 sat 0.000 dead 0.03 frozen 0.03 nbin 300 fat 4.604 | 24.4s
ex16|tanh|0|0.5|sub|300|1.0|51: static 0.011 sstatic 0.011 c1 0.935 c50 -0.036 fac1 0.933 fac50 -0.040 lock 0.03 move 0.354 period None osc -0.057@30 pr 13.6 sens10 1.25 sens50 4.05 sat 0.633 dead 0.00 frozen 0.03 nbin 300 fat 0.077 | 24.5s
ex16|tanh|0|0.5|sub|100|0.5|51: static 0.006 sstatic 0.007 c1 0.933 c50 -0.038 fac1 0.932 fac50 -0.035 lock 0.02 move 0.358 period None osc -0.105@28 pr 13.5 sens10 1.25 sens50 4.06 sat 0.631 dead 0.00 frozen 0.03 nbin 300 fat 0.070 | 24.7s
ex16|tanh|0|0.5|div|10|0.5|51: static 0.036 sstatic 0.035 c1 0.956 c50 -0.011 fac1 0.952 fac50 -0.044 lock 0.00 move 0.292 period None osc -0.071@44 pr 14.4 sens10 0.19 sens50 1.87 sat 0.062 dead 0.03 frozen 0.03 nbin 300 fat 2.163 | 26.4s
ex16|tanh|0|0.5|sub|100|0.5|50: static 0.005 sstatic 0.006 c1 0.931 c50 -0.092 fac1 0.931 fac50 -0.083 lock 0.04 move 0.363 period None osc -0.085@48 pr 13.4 sens10 1.39 sens50 4.05 sat 0.630 dead 0.00 frozen 0.04 nbin 300 fat 0.063 | 34.7s
ex16|tanh|0|0.5|div|10|0.5|50: static 0.031 sstatic 0.032 c1 0.957 c50 -0.003 fac1 0.953 fac50 -0.034 lock 0.00 move 0.291 period None osc -0.060@38 pr 14.4 sens10 0.22 sens50 2.12 sat 0.061 dead 0.04 frozen 0.04 nbin 300 fat 2.147 | 34.7s
ex16|tanh|0|0.5|sub|100|1.0|51: static 0.004 sstatic 0.006 c1 0.933 c50 -0.045 fac1 0.932 fac50 -0.040 lock 0.01 move 0.361 period None osc -0.117@25 pr 13.4 sens10 1.25 sens50 4.03 sat 0.629 dead 0.00 frozen 0.03 nbin 300 fat 0.129 | 41.3s
ex16|tanh|0|0.5|sub|100|1.0|50: static 0.004 sstatic 0.006 c1 0.930 c50 -0.044 fac1 0.929 fac50 -0.041 lock 0.03 move 0.368 period None osc -0.084@17 pr 13.6 sens10 1.23 sens50 4.01 sat 0.630 dead 0.00 frozen 0.04 nbin 300 fat 0.141 | 41.2s
ex16|tanh|0|0.5|sub|300|0.5|50: static 0.017 sstatic 0.016 c1 0.935 c50 -0.017 fac1 0.933 fac50 -0.029 lock 0.04 move 0.356 period None osc -0.052@26 pr 13.6 sens10 1.25 sens50 4.09 sat 0.635 dead 0.00 frozen 0.04 nbin 300 fat 0.044 | 44.5s
ex16|tanh|0|0.5|div|3|0.5|50: static 0.039 sstatic 0.040 c1 0.932 c50 0.021 fac1 0.927 fac50 -0.018 lock 0.00 move 0.367 period None osc -0.054@25 pr 15.9 sens10 0.35 sens50 3.09 sat 0.003 dead 0.04 frozen 0.04 nbin 300 fat 2.122 | 44.4s
ex16|tanh|0|0.5|sub|300|1.0|50: static 0.012 sstatic 0.012 c1 0.936 c50 -0.035 fac1 0.935 fac50 -0.038 lock 0.04 move 0.35 period None osc -0.072@39 pr 13.5 sens10 1.27 sens50 4.07 sat 0.636 dead 0.00 frozen 0.04 nbin 300 fat 0.084 | 44.6s
ex16|tanh|0|0.5|div|10|2.0|50: static 0.053 sstatic 0.054 c1 0.962 c50 0.048 fac1 0.957 fac50 -0.005 lock 0.00 move 0.277 period None osc -0.077@24 pr 14.5 sens10 -0.13 sens50 0.85 sat 0.000 dead 0.04 frozen 0.04 nbin 300 fat 4.462 | 44.5s
ex16|tanh|0|0.5|div|30|2.0|51: static 0.056 sstatic 0.056 c1 0.982 c50 0.065 fac1 0.978 fac50 0.000 lock 0.00 move 0.19 period None osc -0.088@18 pr 12.0 sens10 -0.31 sens50 0.10 sat 0.000 dead 0.03 frozen 0.03 nbin 300 fat 4.787 | 24.1s
ex16|tanh|0|0.5|div|100|0.5|50: static 0.051 sstatic 0.049 c1 0.974 c50 0.000 fac1 0.970 fac50 -0.050 lock 0.00 move 0.226 period None osc -0.088@39 pr 12.4 sens10 0.12 sens50 1.40 sat 0.110 dead 0.04 frozen 0.04 nbin 300 fat 2.160 | 24.1s
ex16|tanh|0|0.5|div|30|2.0|50: static 0.072 sstatic 0.073 c1 0.980 c50 0.093 fac1 0.976 fac50 0.026 lock 0.00 move 0.205 period None osc -0.101@17 pr 12.5 sens10 -0.29 sens50 0.20 sat 0.000 dead 0.04 frozen 0.04 nbin 300 fat 4.744 | 24.1s
ex16|tanh|0|0.5|div|30|0.5|51: static 0.044 sstatic 0.043 c1 0.968 c50 0.023 fac1 0.964 fac50 -0.024 lock 0.00 move 0.25 period None osc -0.034@42 pr 13.3 sens10 0.11 sens50 1.62 sat 0.095 dead 0.03 frozen 0.03 nbin 300 fat 2.152 | 24.2s
ex16|tanh|0|0.5|div|100|0.5|51: static 0.037 sstatic 0.036 c1 0.974 c50 -0.030 fac1 0.970 fac50 -0.064 lock 0.00 move 0.225 period None osc -0.064@50 pr 12.4 sens10 0.03 sens50 1.48 sat 0.109 dead 0.03 frozen 0.03 nbin 300 fat 2.151 | 24.1s
ex16|tanh|0|0.5|div|100|2.0|51: static 0.044 sstatic 0.043 c1 0.989 c50 0.017 fac1 0.986 fac50 -0.027 lock 0.00 move 0.145 period None osc -0.116@21 pr 10.0 sens10 -0.42 sens50 -0.16 sat 0.000 dead 0.03 frozen 0.03 nbin 300 fat 4.896 | 24.0s
ex16|tanh|0|0.5|div|300|0.5|50: static 0.061 sstatic 0.056 c1 0.973 c50 0.048 fac1 0.969 fac50 -0.006 lock 0.00 move 0.23 period None osc -0.050@38 pr 12.4 sens10 0.12 sens50 1.36 sat 0.125 dead 0.04 frozen 0.04 nbin 300 fat 2.116 | 23.2s
ex16|tanh|0|0.5|div|300|0.5|51: static 0.047 sstatic 0.044 c1 0.975 c50 -0.001 fac1 0.971 fac50 -0.042 lock 0.00 move 0.22 period None osc -0.061@43 pr 11.9 sens10 -0.04 sens50 1.23 sat 0.127 dead 0.03 frozen 0.03 nbin 300 fat 2.130 | 23.2s
ex16|tanh|0|0.5|div|30|0.5|50: static 0.049 sstatic 0.048 c1 0.967 c50 0.058 fac1 0.963 fac50 0.001 lock 0.00 move 0.252 period None osc -0.057@28 pr 13.3 sens10 0.14 sens50 1.62 sat 0.096 dead 0.04 frozen 0.04 nbin 300 fat 2.149 | 39.0s
ex16|tanh|0|0.5|div|100|2.0|50: static 0.086 sstatic 0.086 c1 0.989 c50 0.037 fac1 0.985 fac50 -0.055 lock 0.00 move 0.154 period None osc -0.132@22 pr 10.5 sens10 -0.33 sens50 -0.25 sat 0.000 dead 0.04 frozen 0.04 nbin 300 fat 4.891 | 39.0s
ex16|tanh|0|0.5|dep|10|0.1|50: static 0.059 sstatic 0.049 c1 0.945 c50 0.043 fac1 0.940 fac50 -0.016 lock 0.00 move 0.327 period None osc -0.032@30 pr 14.0 sens10 0.88 sens50 3.85 sat 0.384 dead 0.04 frozen 0.04 nbin 300 fat 0.566 | 25.9s
ex16|tanh|0|0.5|dep|10|0.5|50: static 0.145 sstatic 0.137 c1 0.949 c50 0.081 fac1 0.939 fac50 -0.054 lock 0.00 move 0.328 period None osc -0.058@36 pr 14.4 sens10 0.66 sens50 2.93 sat 0.021 dead 0.04 frozen 0.04 nbin 300 fat 0.313 | 25.9s
ex16|tanh|0|0.5|dep|10|0.1|51: static 0.028 sstatic 0.026 c1 0.946 c50 -0.009 fac1 0.943 fac50 -0.036 lock 0.00 move 0.321 period None osc -0.069@36 pr 13.7 sens10 0.80 sens50 3.76 sat 0.382 dead 0.03 frozen 0.03 nbin 300 fat 0.564 | 26.0s
ex16|tanh|0|0.5|dep|10|0.5|51: static 0.047 sstatic 0.046 c1 0.947 c50 0.046 fac1 0.943 fac50 -0.010 lock 0.00 move 0.322 period None osc -0.021@17 pr 13.9 sens10 0.62 sens50 2.93 sat 0.020 dead 0.03 frozen 0.03 nbin 300 fat 0.313 | 26.1s
ex16|tanh|0|0.5|dep|30|0.1|50: static 0.095 sstatic 0.086 c1 0.959 c50 0.074 fac1 0.953 fac50 -0.025 lock 0.00 move 0.288 period None osc -0.051@19 pr 13.8 sens10 0.58 sens50 2.38 sat 0.124 dead 0.04 frozen 0.04 nbin 300 fat 0.355 | 26.1s
ex16|tanh|0|0.5|dep|30|0.1|51: static 0.026 sstatic 0.024 c1 0.959 c50 -0.013 fac1 0.956 fac50 -0.035 lock 0.00 move 0.282 period None osc -0.055@36 pr 13.4 sens10 0.55 sens50 2.29 sat 0.121 dead 0.03 frozen 0.03 nbin 300 fat 0.353 | 26.1s
ex16|tanh|0|0.5|div|300|2.0|51: static 0.094 sstatic 0.094 c1 0.993 c50 0.144 fac1 0.989 fac50 0.036 lock 0.00 move 0.118 period None osc -0.138@27 pr 8.7 sens10 -0.46 sens50 -0.48 sat 0.000 dead 0.03 frozen 0.05 nbin 300 fat 4.968 | 40.6s
ex16|tanh|0|0.5|div|300|2.0|50: static 0.094 sstatic 0.094 c1 0.991 c50 0.041 fac1 0.987 fac50 -0.044 lock 0.00 move 0.136 period None osc -0.067@45 pr 9.7 sens10 -0.38 sens50 -0.25 sat 0.000 dead 0.04 frozen 0.05 nbin 300 fat 4.955 | 40.7s
ex16|tanh|0|0.5|dep|30|0.5|50: static 0.168 sstatic 0.168 c1 0.953 c50 0.128 fac1 0.943 fac50 -0.034 lock 0.00 move 0.375 period None osc -0.080@11 pr 14.6 sens10 0.38 sens50 1.71 sat 0.001 dead 0.04 frozen 0.12 nbin 300 fat 0.237 | 26.1s
ex16|tanh|0|0.5|dep|30|0.5|51: static 0.040 sstatic 0.040 c1 0.954 c50 0.015 fac1 0.951 fac50 -0.023 lock 0.00 move 0.318 period None osc -0.059@31 pr 14.0 sens10 0.36 sens50 1.76 sat 0.000 dead 0.03 frozen 0.10 nbin 300 fat 0.238 | 26.2s
ex16|tanh|0|0.5|dep|3|0.1|51: static 0.026 sstatic 0.021 c1 0.940 c50 -0.013 fac1 0.937 fac50 -0.038 lock 0.00 move 0.34 period None osc -0.042@31 pr 13.7 sens10 1.16 sens50 4.07 sat 0.548 dead 0.03 frozen 0.03 nbin 300 fat 0.798 | 47.4s
ex16|tanh|0|0.5|dep|3|0.1|50: static 0.052 sstatic 0.041 c1 0.939 c50 -0.010 fac1 0.934 fac50 -0.066 lock 0.00 move 0.342 period None osc -0.066@50 pr 14.0 sens10 1.17 sens50 4.07 sat 0.550 dead 0.04 frozen 0.04 nbin 300 fat 0.799 | 47.5s
ex16|tanh|0|0.5|dep|3|0.5|50: static 0.096 sstatic 0.082 c1 0.948 c50 0.081 fac1 0.940 fac50 -0.017 lock 0.00 move 0.32 period None osc -0.075@34 pr 14.0 sens10 0.84 sens50 3.79 sat 0.271 dead 0.04 frozen 0.04 nbin 300 fat 0.492 | 47.4s
ex16|tanh|0|0.5|dep|3|0.5|51: static 0.048 sstatic 0.042 c1 0.950 c50 0.024 fac1 0.946 fac50 -0.025 lock 0.00 move 0.309 period None osc -0.043@27 pr 13.3 sens10 0.89 sens50 3.82 sat 0.269 dead 0.03 frozen 0.03 nbin 300 fat 0.490 | 47.5s
ex16|tanh|0|0.5|dep|100|0.5|50: static 0.169 sstatic 0.169 c1 0.969 c50 0.153 fac1 0.962 fac50 -0.019 lock 0.00 move 0.481 period None osc -0.127@12 pr 13.2 sens10 0.23 sens50 0.91 sat 0.001 dead 0.04 frozen 0.89 nbin 300 fat 0.195 | 28.4s
ex16|tanh|0|0.5|dep|100|0.5|51: static 0.042 sstatic 0.041 c1 0.972 c50 0.047 fac1 0.968 fac50 -0.006 lock 0.00 move 0.376 period None osc -0.068@13 pr 12.7 sens10 0.09 sens50 0.65 sat 0.000 dead 0.03 frozen 0.91 nbin 300 fat 0.195 | 28.3s
ex16|tanh|0|0.5|dep|300|0.1|50: static 0.142 sstatic 0.142 c1 0.982 c50 0.087 fac1 0.977 fac50 -0.056 lock 0.00 move 0.391 period None osc -0.105@34 pr 11.3 sens10 0.21 sens50 0.36 sat 0.001 dead 0.04 frozen 0.48 nbin 300 fat 0.188 | 28.2s
ex16|tanh|0|0.5|dep|300|0.1|51: static 0.068 sstatic 0.067 c1 0.985 c50 0.023 fac1 0.981 fac50 -0.038 lock 0.00 move 0.262 period None osc -0.093@16 pr 10.9 sens10 0.04 sens50 0.28 sat 0.000 dead 0.03 frozen 0.46 nbin 300 fat 0.188 | 28.5s
ex16|tanh|0|0.5|dep|300|0.5|50: static 0.156 sstatic 0.156 c1 0.982 c50 0.155 fac1 0.976 fac50 -0.015 lock 0.00 move 0.545 period None osc -0.128@16 pr 11.7 sens10 0.19 sens50 0.33 sat 0.001 dead 0.04 frozen 0.96 nbin 300 fat 0.182 | 28.5s
ex16|tanh|0|0.5|dep|300|0.5|51: static 0.061 sstatic 0.061 c1 0.985 c50 0.032 fac1 0.981 fac50 -0.034 lock 0.00 move 0.497 period None osc -0.110@41 pr 10.6 sens10 -0.01 sens50 0.28 sat 0.000 dead 0.03 frozen 0.99 nbin 300 fat 0.182 | 28.6s
ex16|tanh|0|0.9|sub|3|0.5|50: static 0.143 sstatic 0.109 c1 0.996 c50 0.138 fac1 0.992 fac50 -0.001 lock 0.00 move 0.0825 period None osc -0.001@50 pr 5.9 sens10 0.80 sens50 3.34 sat 0.829 dead 0.04 frozen 0.04 nbin 300 fat 0.495 | 24.7s
ex16|tanh|0|0.9|sub|3|0.5|51: static 0.242 sstatic 0.185 c1 0.997 c50 0.247 fac1 0.992 fac50 -0.021 lock 0.00 move 0.0786 period None osc -0.021@50 pr 6.2 sens10 0.72 sens50 3.24 sat 0.834 dead 0.03 frozen 0.04 nbin 300 fat 0.493 | 24.6s
ex16|tanh|0|0.5|dep|100|0.1|50: static 0.133 sstatic 0.132 c1 0.973 c50 0.093 fac1 0.968 fac50 -0.037 lock 0.00 move 0.278 period None osc -0.112@16 pr 12.8 sens10 0.34 sens50 0.96 sat 0.002 dead 0.04 frozen 0.05 nbin 300 fat 0.229 | 47.3s
ex16|tanh|0|0.5|dep|100|0.1|51: static 0.047 sstatic 0.046 c1 0.975 c50 -0.007 fac1 0.972 fac50 -0.049 lock 0.00 move 0.233 period None osc -0.056@26 pr 12.4 sens10 0.21 sens50 0.87 sat 0.001 dead 0.03 frozen 0.04 nbin 300 fat 0.229 | 47.3s
ex16|tanh|0|0.9|none|0|0.0|51: static 0.215 sstatic 0.172 c1 0.998 c50 0.214 fac1 0.993 fac50 -0.022 lock 0.00 move 0.0608 period None osc -0.022@50 pr 5.4 sens10 0.95 sens50 3.15 sat 0.903 dead 0.03 frozen 0.03 nbin 300 fat None | 36.3s
ex16|tanh|0|0.9|none|0|0.0|50: static 0.215 sstatic 0.153 c1 0.998 c50 0.216 fac1 0.993 fac50 -0.000 lock 0.00 move 0.0623 period None osc -0.000@50 pr 5.4 sens10 1.16 sens50 3.33 sat 0.898 dead 0.04 frozen 0.04 nbin 300 fat None | 36.4s
ex16|tanh|0|0.9|sub|10|1.0|51: static 0.002 sstatic 0.006 c1 0.986 c50 0.204 fac1 0.984 fac50 0.172 lock 0.00 move 0.16 period None osc -0.564@26 pr 7.7 sens10 0.82 sens50 3.09 sat 0.824 dead 0.03 frozen 0.03 nbin 300 fat 0.701 | 24.7s
ex16|tanh|0|0.9|sub|10|1.0|50: static 0.002 sstatic 0.006 c1 0.986 c50 0.244 fac1 0.983 fac50 0.205 lock 0.00 move 0.165 period None osc -0.559@25 pr 7.9 sens10 1.09 sens50 3.34 sat 0.820 dead 0.04 frozen 0.04 nbin 300 fat 0.713 | 24.7s
ex16|tanh|0|0.9|sub|30|0.5|50: static 0.018 sstatic 0.023 c1 0.995 c50 -0.431 fac1 0.992 fac50 -0.380 lock 0.00 move 0.0952 period None osc -0.384@48 pr 6.5 sens10 1.13 sens50 3.44 sat 0.878 dead 0.03 frozen 0.04 nbin 300 fat 0.275 | 24.7s
ex16|tanh|0|0.9|sub|30|0.5|51: static 0.019 sstatic 0.024 c1 0.995 c50 -0.403 fac1 0.992 fac50 -0.359 lock 0.00 move 0.0962 period None osc -0.360@49 pr 6.6 sens10 1.05 sens50 3.38 sat 0.880 dead 0.03 frozen 0.03 nbin 300 fat 0.285 | 24.8s
ex16|tanh|0|0.9|sub|30|1.0|50: static 0.007 sstatic 0.013 c1 0.994 c50 -0.477 fac1 0.991 fac50 -0.410 lock 0.00 move 0.103 period None osc -0.454@42 pr 6.4 sens10 1.04 sens50 3.20 sat 0.873 dead 0.03 frozen 0.04 nbin 300 fat 0.505 | 24.8s
ex16|tanh|0|0.9|sub|30|1.0|51: static 0.007 sstatic 0.013 c1 0.994 c50 -0.520 fac1 0.991 fac50 -0.439 lock 0.00 move 0.102 period None osc -0.461@44 pr 6.2 sens10 0.84 sens50 2.94 sat 0.876 dead 0.03 frozen 0.03 nbin 300 fat 0.500 | 24.7s
ex16|tanh|0|0.9|sub|100|0.5|50: static 0.033 sstatic 0.037 c1 0.997 c50 -0.133 fac1 0.994 fac50 -0.144 lock 0.03 move 0.0756 period None osc -0.144@50 pr 5.8 sens10 1.41 sens50 3.39 sat 0.890 dead 0.00 frozen 0.04 nbin 300 fat 0.176 | 24.2s
ex16|tanh|0|0.9|sub|100|0.5|51: static 0.040 sstatic 0.042 c1 0.997 c50 -0.113 fac1 0.994 fac50 -0.124 lock 0.01 move 0.0729 period None osc -0.124@50 pr 5.7 sens10 0.94 sens50 3.08 sat 0.895 dead 0.00 frozen 0.03 nbin 300 fat 0.184 | 24.2s
ex16|tanh|0|0.9|sub|3|1.0|51: static 0.001 sstatic 0.003 c1 0.945 c50 -0.098 fac1 0.944 fac50 -0.084 lock 0.00 move 0.324 period None osc -0.527@13 pr 11.4 sens10 0.55 sens50 2.73 sat 0.570 dead 0.03 frozen 0.03 nbin 300 fat 0.917 | 45.5s
ex16|tanh|0|0.9|sub|3|1.0|50: static 0.000 sstatic 0.002 c1 0.942 c50 -0.027 fac1 0.941 fac50 -0.027 lock 0.00 move 0.334 period None osc -0.518@13 pr 11.9 sens10 0.61 sens50 2.82 sat 0.570 dead 0.04 frozen 0.04 nbin 300 fat 0.883 | 45.8s
ex16|tanh|0|0.9|sub|10|0.5|51: static 0.030 sstatic 0.029 c1 0.992 c50 -0.201 fac1 0.989 fac50 -0.198 lock 0.00 move 0.125 period None osc -0.341@36 pr 8.4 sens10 0.99 sens50 3.69 sat 0.849 dead 0.03 frozen 0.03 nbin 300 fat 0.411 | 45.7s
ex16|tanh|0|0.9|sub|10|0.5|50: static 0.034 sstatic 0.031 c1 0.992 c50 -0.161 fac1 0.988 fac50 -0.171 lock 0.00 move 0.126 period None osc -0.276@35 pr 9.0 sens10 1.27 sens50 3.60 sat 0.847 dead 0.04 frozen 0.04 nbin 300 fat 0.410 | 45.8s
ex16|tanh|0|0.9|sub|100|1.0|51: static 0.023 sstatic 0.029 c1 0.997 c50 -0.243 fac1 0.993 fac50 -0.226 lock 0.01 move 0.0778 period None osc -0.226@50 pr 5.9 sens10 0.80 sens50 2.99 sat 0.894 dead 0.00 frozen 0.03 nbin 300 fat 0.300 | 32.4s
ex16|tanh|0|0.9|sub|100|1.0|50: static 0.025 sstatic 0.031 c1 0.997 c50 -0.184 fac1 0.994 fac50 -0.178 lock 0.03 move 0.0758 period None osc -0.178@50 pr 5.7 sens10 1.09 sens50 3.29 sat 0.891 dead 0.00 frozen 0.04 nbin 300 fat 0.330 | 41.3s
ex16|tanh|0|0.9|sub|300|1.0|51: static 0.075 sstatic 0.064 c1 0.998 c50 0.069 fac1 0.994 fac50 -0.011 lock 0.03 move 0.067 period None osc -0.011@50 pr 5.2 sens10 0.93 sens50 3.00 sat 0.898 dead 0.00 frozen 0.03 nbin 300 fat 0.197 | 24.8s
ex16|tanh|0|0.9|sub|300|1.0|50: static 0.074 sstatic 0.066 c1 0.998 c50 0.101 fac1 0.994 fac50 0.009 lock 0.04 move 0.0665 period None osc 0.009@50 pr 5.2 sens10 1.23 sens50 3.28 sat 0.895 dead 0.00 frozen 0.04 nbin 300 fat 0.201 | 24.9s
ex16|tanh|0|0.9|div|3|0.5|50: static 0.154 sstatic 0.152 c1 0.994 c50 0.124 fac1 0.989 fac50 -0.035 lock 0.00 move 0.11 period None osc -0.035@50 pr 7.6 sens10 0.41 sens50 2.44 sat 0.002 dead 0.04 frozen 0.04 nbin 300 fat 11.917 | 24.9s
ex16|tanh|0|0.9|div|3|0.5|51: static 0.170 sstatic 0.169 c1 0.994 c50 0.140 fac1 0.989 fac50 -0.037 lock 0.00 move 0.109 period None osc -0.037@50 pr 7.7 sens10 -0.19 sens50 1.42 sat 0.002 dead 0.03 frozen 0.03 nbin 300 fat 12.105 | 24.8s
ex16|tanh|0|0.9|div|3|2.0|50: static 0.184 sstatic 0.185 c1 0.993 c50 0.197 fac1 0.987 fac50 0.009 lock 0.00 move 0.12 period None osc 0.009@50 pr 7.8 sens10 0.11 sens50 1.71 sat 0.000 dead 0.04 frozen 0.05 nbin 300 fat 22.991 | 24.9s
ex16|tanh|0|0.9|div|3|2.0|51: static 0.177 sstatic 0.178 c1 0.993 c50 0.130 fac1 0.988 fac50 -0.056 lock 0.00 move 0.12 period None osc -0.056@50 pr 8.3 sens10 -0.19 sens50 1.20 sat 0.000 dead 0.03 frozen 0.04 nbin 300 fat 22.530 | 24.8s
ex16|tanh|0|0.9|div|10|0.5|51: static 0.153 sstatic 0.162 c1 0.997 c50 0.107 fac1 0.992 fac50 -0.060 lock 0.00 move 0.0834 period None osc -0.060@50 pr 7.6 sens10 -0.23 sens50 1.13 sat 0.110 dead 0.03 frozen 0.04 nbin 300 fat 11.992 | 24.3s
ex16|tanh|0|0.9|sub|300|0.5|50: static 0.094 sstatic 0.080 c1 0.998 c50 0.114 fac1 0.994 fac50 0.001 lock 0.04 move 0.0657 period None osc 0.001@50 pr 5.2 sens10 1.35 sens50 3.34 sat 0.896 dead 0.00 frozen 0.04 nbin 300 fat 0.105 | 42.0s
ex16|tanh|0|0.9|sub|300|0.5|51: static 0.089 sstatic 0.078 c1 0.998 c50 0.089 fac1 0.994 fac50 -0.015 lock 0.03 move 0.0662 period None osc -0.015@50 pr 5.3 sens10 0.93 sens50 3.17 sat 0.900 dead 0.00 frozen 0.03 nbin 300 fat 0.109 | 42.0s
ex16|tanh|0|0.9|div|30|2.0|50: static 0.163 sstatic 0.168 c1 0.998 c50 0.040 fac1 0.994 fac50 -0.136 lock 0.00 move 0.0604 period None osc -0.136@50 pr 6.9 sens10 -0.02 sens50 0.57 sat 0.000 dead 0.04 frozen 0.08 nbin 300 fat 24.775 | 24.5s
ex16|tanh|0|0.9|div|10|0.5|50: static 0.166 sstatic 0.175 c1 0.996 c50 0.130 fac1 0.992 fac50 -0.057 lock 0.00 move 0.0839 period None osc -0.057@50 pr 7.6 sens10 0.24 sens50 1.80 sat 0.110 dead 0.04 frozen 0.04 nbin 300 fat 11.640 | 38.3s
ex16|tanh|0|0.9|div|100|0.5|50: static 0.203 sstatic 0.202 c1 0.999 c50 0.217 fac1 0.994 fac50 0.000 lock 0.00 move 0.0475 period None osc 0.000@50 pr 5.3 sens10 0.13 sens50 0.69 sat 0.231 dead 0.04 frozen 0.05 nbin 300 fat 11.516 | 24.9s
ex16|tanh|0|0.9|div|100|0.5|51: static 0.208 sstatic 0.207 c1 0.999 c50 0.218 fac1 0.994 fac50 -0.009 lock 0.00 move 0.0485 period None osc -0.009@50 pr 5.3 sens10 -0.40 sens50 0.14 sat 0.229 dead 0.03 frozen 0.05 nbin 300 fat 11.409 | 24.9s
ex16|tanh|0|0.9|div|100|2.0|50: static 0.182 sstatic 0.183 c1 0.999 c50 0.148 fac1 0.995 fac50 -0.062 lock 0.00 move 0.0401 period None osc -0.062@50 pr 4.9 sens10 -0.06 sens50 0.16 sat 0.000 dead 0.04 frozen 0.12 nbin 300 fat 26.682 | 24.9s
ex16|tanh|0|0.9|div|300|0.5|50: static 0.241 sstatic 0.225 c1 0.999 c50 0.261 fac1 0.995 fac50 0.008 lock 0.00 move 0.0429 period None osc 0.008@50 pr 4.8 sens10 0.12 sens50 0.93 sat 0.262 dead 0.04 frozen 0.06 nbin 300 fat 11.262 | 25.0s
ex16|tanh|0|0.9|div|300|0.5|51: static 0.185 sstatic 0.175 c1 0.999 c50 0.275 fac1 0.995 fac50 0.065 lock 0.00 move 0.0423 period None osc 0.065@50 pr 4.5 sens10 -0.45 sens50 -0.03 sat 0.263 dead 0.03 frozen 0.04 nbin 300 fat 11.268 | 25.1s
ex16|tanh|0|0.9|div|300|2.0|50: static 0.291 sstatic 0.293 c1 1.000 c50 0.445 fac1 0.995 fac50 0.138 lock 0.00 move 0.0276 period None osc 0.138@50 pr 3.5 sens10 -0.08 sens50 0.08 sat 0.000 dead 0.04 frozen 0.24 nbin 300 fat 27.139 | 24.7s
ex16|tanh|0|0.9|div|10|2.0|50: static 0.159 sstatic 0.163 c1 0.996 c50 0.072 fac1 0.991 fac50 -0.092 lock 0.00 move 0.0913 period None osc -0.092@50 pr 8.7 sens10 0.01 sens50 0.78 sat 0.000 dead 0.04 frozen 0.05 nbin 300 fat 23.343 | 46.3s
ex16|tanh|0|0.9|div|10|2.0|51: static 0.100 sstatic 0.103 c1 0.996 c50 0.042 fac1 0.992 fac50 -0.057 lock 0.00 move 0.0885 period None osc -0.057@50 pr 8.0 sens10 -0.44 sens50 0.33 sat 0.000 dead 0.03 frozen 0.03 nbin 300 fat 23.414 | 46.3s
ex16|tanh|0|0.9|div|30|0.5|50: static 0.166 sstatic 0.176 c1 0.998 c50 0.089 fac1 0.994 fac50 -0.091 lock 0.00 move 0.0628 period None osc -0.091@50 pr 6.6 sens10 0.15 sens50 1.08 sat 0.202 dead 0.04 frozen 0.04 nbin 300 fat 11.530 | 46.4s
ex16|tanh|0|0.9|div|30|0.5|51: static 0.167 sstatic 0.180 c1 0.998 c50 0.149 fac1 0.994 fac50 -0.027 lock 0.00 move 0.0615 period None osc -0.027@50 pr 6.3 sens10 -0.34 sens50 0.65 sat 0.197 dead 0.03 frozen 0.04 nbin 300 fat 11.494 | 46.4s
ex16|tanh|0|0.9|div|30|2.0|51: static 0.155 sstatic 0.158 c1 0.998 c50 0.057 fac1 0.994 fac50 -0.114 lock 0.00 move 0.0578 period None osc -0.114@50 pr 6.6 sens10 -0.62 sens50 -0.33 sat 0.000 dead 0.03 frozen 0.07 nbin 300 fat 25.428 | 37.1s
ex16|tanh|0|0.9|div|100|2.0|51: static 0.199 sstatic 0.200 c1 0.999 c50 0.157 fac1 0.995 fac50 -0.046 lock 0.00 move 0.0388 period None osc -0.046@50 pr 4.8 sens10 -0.73 sens50 -0.56 sat 0.000 dead 0.03 frozen 0.13 nbin 300 fat 26.136 | 41.0s
ex16|tanh|0|0.9|dep|3|0.1|51: static 0.228 sstatic 0.172 c1 0.998 c50 0.229 fac1 0.994 fac50 -0.002 lock 0.00 move 0.0613 period None osc -0.002@50 pr 5.4 sens10 0.94 sens50 3.10 sat 0.882 dead 0.03 frozen 0.04 nbin 300 fat 0.781 | 27.0s
ex16|tanh|0|0.9|dep|3|0.5|50: static 0.229 sstatic 0.178 c1 0.998 c50 0.269 fac1 0.994 fac50 0.032 lock 0.00 move 0.0602 period None osc 0.032@50 pr 5.3 sens10 1.16 sens50 3.20 sat 0.799 dead 0.04 frozen 0.04 nbin 300 fat 0.433 | 26.7s
ex16|tanh|0|0.9|div|300|2.0|51: static 0.225 sstatic 0.225 c1 1.000 c50 0.318 fac1 0.996 fac50 0.095 lock 0.00 move 0.0294 period None osc 0.095@50 pr 3.7 sens10 -0.78 sens50 -0.81 sat 0.000 dead 0.03 frozen 0.20 nbin 300 fat 27.140 | 42.3s
ex16|tanh|0|0.9|dep|10|0.1|50: static 0.249 sstatic 0.188 c1 0.998 c50 0.235 fac1 0.993 fac50 -0.028 lock 0.00 move 0.0613 period None osc -0.028@50 pr 5.7 sens10 1.13 sens50 3.05 sat 0.833 dead 0.04 frozen 0.04 nbin 300 fat 0.527 | 26.5s
ex16|tanh|0|0.9|dep|3|0.5|51: static 0.252 sstatic 0.196 c1 0.998 c50 0.282 fac1 0.994 fac50 0.022 lock 0.00 move 0.0585 period None osc 0.022@50 pr 5.2 sens10 0.84 sens50 2.95 sat 0.803 dead 0.03 frozen 0.04 nbin 300 fat 0.432 | 26.5s
ex16|tanh|0|0.9|dep|10|0.1|51: static 0.235 sstatic 0.176 c1 0.998 c50 0.245 fac1 0.993 fac50 -0.014 lock 0.00 move 0.0615 period None osc -0.014@50 pr 5.5 sens10 0.83 sens50 2.72 sat 0.834 dead 0.03 frozen 0.04 nbin 300 fat 0.524 | 26.5s
ex16|tanh|0|0.9|dep|10|0.5|51: static 0.233 sstatic 0.195 c1 0.998 c50 0.249 fac1 0.993 fac50 -0.001 lock 0.00 move 0.059 period None osc -0.001@50 pr 5.4 sens10 0.85 sens50 2.72 sat 0.584 dead 0.03 frozen 0.04 nbin 300 fat 0.218 | 26.5s
ex16|tanh|0|0.9|dep|3|0.1|50: static 0.226 sstatic 0.168 c1 0.998 c50 0.246 fac1 0.993 fac50 -0.002 lock 0.00 move 0.0617 period None osc -0.002@50 pr 5.5 sens10 1.13 sens50 3.29 sat 0.877 dead 0.04 frozen 0.04 nbin 300 fat 0.781 | 47.4s
ex16|tanh|0|0.9|dep|30|0.1|50: static 0.292 sstatic 0.228 c1 0.998 c50 0.289 fac1 0.993 fac50 -0.019 lock 0.00 move 0.0604 period None osc -0.019@50 pr 5.8 sens10 1.16 sens50 2.98 sat 0.708 dead 0.04 frozen 0.05 nbin 300 fat 0.292 | 26.2s
ex16|tanh|0|0.9|dep|100|0.1|51: static 0.190 sstatic 0.164 c1 0.998 c50 0.174 fac1 0.994 fac50 -0.029 lock 0.00 move 0.0617 period None osc -0.029@50 pr 5.9 sens10 0.69 sens50 1.95 sat 0.355 dead 0.03 frozen 0.04 nbin 300 fat 0.143 | 26.0s
ex16|tanh|0|0.9|dep|100|0.5|51: static 0.224 sstatic 0.220 c1 0.998 c50 0.231 fac1 0.993 fac50 -0.009 lock 0.00 move 0.0815 period None osc -0.009@50 pr 6.0 sens10 0.71 sens50 1.83 sat 0.006 dead 0.03 frozen 0.14 nbin 300 fat 0.093 | 27.8s
ex16|tanh|0|0.9|dep|10|0.5|50: static 0.276 sstatic 0.229 c1 0.998 c50 0.310 fac1 0.993 fac50 0.006 lock 0.00 move 0.0597 period None osc 0.006@50 pr 5.4 sens10 1.16 sens50 3.04 sat 0.586 dead 0.04 frozen 0.05 nbin 300 fat 0.221 | 45.8s
ex16|tanh|0|0.9|dep|300|0.1|50: static 0.278 sstatic 0.271 c1 0.998 c50 0.227 fac1 0.994 fac50 -0.076 lock 0.00 move 0.0826 period None osc -0.076@50 pr 6.3 sens10 1.00 sens50 2.02 sat 0.054 dead 0.04 frozen 0.10 nbin 300 fat 0.093 | 27.7s
ex16|tanh|0|0.9|dep|300|0.5|50: static 0.294 sstatic 0.294 c1 0.998 c50 0.227 fac1 0.993 fac50 -0.110 lock 0.00 move 0.112 period None osc -0.110@50 pr 7.1 sens10 0.98 sens50 1.98 sat 0.023 dead 0.04 frozen 0.75 nbin 300 fat 0.081 | 27.9s
ex16|tanh|0|0.9|dep|300|0.5|51: static 0.121 sstatic 0.121 c1 0.998 c50 0.075 fac1 0.994 fac50 -0.051 lock 0.00 move 0.103 period None osc -0.051@50 pr 6.3 sens10 0.57 sens50 1.30 sat 0.005 dead 0.03 frozen 0.72 nbin 300 fat 0.078 | 28.0s
ex16|tanh|0|0.9|dep|30|0.1|51: static 0.219 sstatic 0.175 c1 0.998 c50 0.208 fac1 0.993 fac50 -0.032 lock 0.00 move 0.0625 period None osc -0.032@50 pr 5.8 sens10 0.77 sens50 2.34 sat 0.702 dead 0.03 frozen 0.03 nbin 300 fat 0.289 | 49.3s
ex16|tanh|0|0.9|dep|30|0.5|50: static 0.347 sstatic 0.304 c1 0.998 c50 0.351 fac1 0.994 fac50 -0.020 lock 0.00 move 0.0698 period None osc -0.020@50 pr 5.9 sens10 1.07 sens50 2.71 sat 0.205 dead 0.04 frozen 0.09 nbin 300 fat 0.132 | 49.3s
ex16|sig4_0|1|0.0|none|0|0.0|50: static 0.998 sstatic 0.999 c1 0.998 c50 0.998 fac1 -0.025 fac50 -0.015 lock 0.01 move 0.113 period None osc -0.034@10 pr 10.5 sens10 -0.81 sens50 -2.72 sat 0.133 dead 0.03 frozen 0.89 nbin 300 fat None | 29.4s
ex16|tanh|0|0.9|dep|30|0.5|51: static 0.221 sstatic 0.203 c1 0.998 c50 0.258 fac1 0.994 fac50 0.017 lock 0.00 move 0.0628 period None osc 0.017@50 pr 5.3 sens10 0.75 sens50 2.20 sat 0.191 dead 0.03 frozen 0.05 nbin 300 fat 0.129 | 49.5s
ex16|tanh|0|0.9|dep|100|0.1|50: static 0.328 sstatic 0.279 c1 0.998 c50 0.299 fac1 0.994 fac50 -0.039 lock 0.00 move 0.0635 period None osc -0.039@50 pr 6.2 sens10 1.03 sens50 2.46 sat 0.373 dead 0.04 frozen 0.07 nbin 300 fat 0.146 | 49.5s
ex16|sig4_0|1|0.0|none|0|0.0|51: static 1.000 sstatic 1.000 c1 1.000 c50 1.000 fac1 -0.058 fac50 -0.029 lock 0.75 move 0.0417 period None osc -0.071@17 pr 6.1 sens10 -0.79 sens50 -2.70 sat 0.118 dead 0.03 frozen 0.98 nbin 300 fat None | 29.3s
ex16|tanh|0|0.9|dep|100|0.5|50: static 0.385 sstatic 0.381 c1 0.998 c50 0.362 fac1 0.993 fac50 -0.046 lock 0.00 move 0.0988 period None osc -0.046@50 pr 6.8 sens10 1.05 sens50 2.41 sat 0.024 dead 0.04 frozen 0.23 nbin 300 fat 0.097 | 46.1s
ex16|sig4_0|1|0.0|sub|3|0.5|51: static 0.888 sstatic 0.961 c1 0.810 c50 0.849 fac1 -0.671 fac50 -0.273 lock 0.00 move 0.637 period None osc -0.671@1 pr 4.4 sens10 -0.04 sens50 0.06 sat 0.012 dead 0.03 frozen 0.60 nbin 300 fat 0.490 | 32.1s
ex16|sig4_0|1|0.0|sub|3|1.0|50: static 0.000 sstatic 0.773 c1 -0.556 c50 0.012 fac1 -0.562 fac50 0.011 lock 0.01 move 1.77 period None osc -0.562@1 pr 17.7 sens10 0.07 sens50 0.54 sat 0.002 dead 0.03 frozen 0.04 nbin 300 fat 0.890 | 32.1s
ex16|tanh|0|0.9|dep|300|0.1|51: static 0.171 sstatic 0.167 c1 0.998 c50 0.097 fac1 0.994 fac50 -0.090 lock 0.00 move 0.0675 period None osc -0.090@50 pr 6.2 sens10 0.59 sens50 1.34 sat 0.037 dead 0.03 frozen 0.05 nbin 300 fat 0.090 | 45.0s
ex16|sig4_0|1|0.0|sub|3|1.0|51: static 0.000 sstatic 0.775 c1 -0.626 c50 0.032 fac1 -0.632 fac50 0.029 lock 0.00 move 1.81 period None osc -0.632@1 pr 17.1 sens10 0.09 sens50 0.63 sat 0.001 dead 0.03 frozen 0.03 nbin 300 fat 0.895 | 31.7s
ex16|sig4_0|1|0.0|sub|10|0.5|51: static 0.708 sstatic 0.900 c1 0.674 c50 0.706 fac1 -0.123 fac50 -0.008 lock 0.00 move 0.823 period None osc -0.138@2 pr 18.0 sens10 0.24 sens50 1.08 sat 0.019 dead 0.03 frozen 0.26 nbin 300 fat 0.475 | 31.6s
ex16|sig4_0|1|0.0|sub|10|0.5|50: static 0.701 sstatic 0.901 c1 0.667 c50 0.697 fac1 -0.128 fac50 -0.012 lock 0.01 move 0.847 period None osc -0.128@1 pr 18.3 sens10 0.16 sens50 0.89 sat 0.022 dead 0.03 frozen 0.24 nbin 300 fat 0.473 | 37.9s
ex16|sig4_0|1|0.0|sub|10|1.0|51: static 0.000 sstatic 0.720 c1 -0.173 c50 -0.007 fac1 -0.176 fac50 -0.007 lock 0.00 move 1.53 period None osc -0.176@1 pr 19.4 sens10 0.30 sens50 1.57 sat 0.011 dead 0.03 frozen 0.03 nbin 300 fat 0.850 | 31.1s
ex16|sig4_0|1|0.0|sub|3|0.5|50: static 0.859 sstatic 0.955 c1 0.810 c50 0.862 fac1 -0.386 fac50 -0.007 lock 0.01 move 0.655 period None osc -0.386@1 pr 16.2 sens10 -0.03 sens50 0.03 sat 0.014 dead 0.03 frozen 0.47 nbin 300 fat 0.488 | 55.8s
ex16|sig4_0|1|0.0|sub|30|1.0|50: static 0.000 sstatic 0.706 c1 -0.058 c50 -0.004 fac1 -0.060 fac50 -0.005 lock 0.01 move 1.45 period None osc -0.078@6 pr 19.5 sens10 0.36 sens50 1.85 sat 0.016 dead 0.03 frozen 0.04 nbin 300 fat 0.837 | 31.1s
ex16|sig4_0|1|0.0|sub|100|0.5|51: static 0.649 sstatic 0.880 c1 0.661 c50 0.658 fac1 0.009 fac50 0.009 lock 0.03 move 0.846 period None osc -0.030@22 pr 18.1 sens10 0.31 sens50 1.39 sat 0.023 dead 0.00 frozen 0.20 nbin 300 fat 0.471 | 31.0s
ex16|sig4_0|1|0.0|sub|100|1.0|51: static 0.000 sstatic 0.704 c1 -0.027 c50 -0.018 fac1 -0.028 fac50 -0.017 lock 0.02 move 1.43 period None osc -0.036@7 pr 19.2 sens10 0.45 sens50 2.09 sat 0.017 dead 0.00 frozen 0.03 nbin 300 fat 0.847 | 30.7s
ex16|sig4_0|1|0.0|sub|300|0.5|50: static 0.700 sstatic 0.898 c1 0.704 c50 0.701 fac1 -0.015 fac50 -0.003 lock 0.04 move 0.807 period None osc -0.034@42 pr 18.0 sens10 0.29 sens50 1.22 sat 0.028 dead 0.00 frozen 0.22 nbin 300 fat 0.458 | 30.7s
ex16|sig4_0|1|0.0|sub|10|1.0|50: static 0.000 sstatic 0.717 c1 -0.165 c50 0.000 fac1 -0.168 fac50 -0.001 lock 0.01 move 1.53 period None osc -0.168@1 pr 19.8 sens10 0.27 sens50 1.64 sat 0.012 dead 0.03 frozen 0.04 nbin 300 fat 0.852 | 50.2s
ex16|sig4_0|1|0.0|sub|300|1.0|50: static 0.044 sstatic 0.715 c1 0.011 c50 0.047 fac1 -0.036 fac50 0.001 lock 0.04 move 1.41 period None osc -0.038@6 pr 19.4 sens10 0.48 sens50 2.15 sat 0.019 dead 0.00 frozen 0.04 nbin 300 fat 0.824 | 31.0s
ex16|sig4_0|1|0.0|sub|300|1.0|51: static 0.047 sstatic 0.715 c1 0.022 c50 0.044 fac1 -0.026 fac50 -0.001 lock 0.03 move 1.39 period None osc -0.027@23 pr 19.3 sens10 0.41 sens50 2.08 sat 0.017 dead 0.00 frozen 0.03 nbin 300 fat 0.817 | 31.2s
ex16|sig4_0|1|0.0|sub|30|0.5|50: static 0.660 sstatic 0.887 c1 0.646 c50 0.664 fac1 -0.049 fac50 0.008 lock 0.01 move 0.868 period None osc -0.064@6 pr 18.2 sens10 0.27 sens50 1.17 sat 0.024 dead 0.03 frozen 0.20 nbin 300 fat 0.468 | 57.6s
ex16|sig4_0|1|0.0|sub|30|0.5|51: static 0.667 sstatic 0.885 c1 0.657 c50 0.667 fac1 -0.040 fac50 0.002 lock 0.00 move 0.843 period None osc -0.049@7 pr 17.9 sens10 0.27 sens50 1.28 sat 0.022 dead 0.03 frozen 0.22 nbin 300 fat 0.466 | 57.7s
ex16|sig4_0|1|0.0|sub|30|1.0|51: static 0.000 sstatic 0.708 c1 -0.059 c50 -0.025 fac1 -0.061 fac50 -0.022 lock 0.00 move 1.46 period None osc -0.082@3 pr 19.1 sens10 0.36 sens50 1.74 sat 0.015 dead 0.03 frozen 0.03 nbin 300 fat 0.839 | 57.9s
ex16|sig4_0|1|0.0|sub|100|0.5|50: static 0.641 sstatic 0.884 c1 0.649 c50 0.655 fac1 -0.023 fac50 0.004 lock 0.04 move 0.873 period None osc -0.034@17 pr 18.2 sens10 0.27 sens50 1.30 sat 0.025 dead 0.00 frozen 0.19 nbin 300 fat 0.468 | 57.9s
ex16|sig4_0|1|0.0|div|3|0.5|50: static 0.997 sstatic 0.999 c1 0.997 c50 0.997 fac1 -0.122 fac50 -0.014 lock 0.01 move 0.137 period None osc -0.122@1 pr 10.1 sens10 -0.95 sens50 -2.63 sat 0.004 dead 0.03 frozen 0.88 nbin 300 fat 0.388 | 31.2s
ex16|sig4_0|1|0.0|div|3|0.5|51: static 1.000 sstatic 1.000 c1 1.000 c50 1.000 fac1 -0.146 fac50 -0.029 lock 0.68 move 0.0526 period None osc -0.146@1 pr 5.7 sens10 -0.90 sens50 -2.62 sat 0.003 dead 0.03 frozen 0.98 nbin 300 fat 0.388 | 31.0s
ex16|sig4_0|1|0.0|sub|100|1.0|50: static 0.000 sstatic 0.704 c1 -0.040 c50 -0.004 fac1 -0.041 fac50 -0.003 lock 0.03 move 1.44 period None osc -0.065@2 pr 19.5 sens10 0.39 sens50 1.99 sat 0.018 dead 0.00 frozen 0.04 nbin 300 fat 0.843 | 55.5s
ex16|sig4_0|1|0.0|div|3|2.0|51: static 1.000 sstatic 1.000 c1 1.000 c50 1.000 fac1 -0.276 fac50 -0.035 lock 0.80 move 0.0678 period None osc -0.276@1 pr 4.7 sens10 -1.18 sens50 -2.56 sat 0.000 dead 0.03 frozen 1.00 nbin 37 fat 1.555 | 31.0s
ex16|sig4_0|1|0.0|div|10|0.5|51: static 1.000 sstatic 1.000 c1 1.000 c50 1.000 fac1 -0.052 fac50 -0.037 lock 0.55 move 0.055 period None osc -0.094@3 pr 6.1 sens10 -0.81 sens50 -2.57 sat 0.003 dead 0.03 frozen 0.98 nbin 300 fat 0.388 | 31.0s
ex16|sig4_0|1|0.0|sub|300|0.5|51: static 0.706 sstatic 0.896 c1 0.713 c50 0.706 fac1 0.008 fac50 -0.011 lock 0.03 move 0.785 period None osc -0.030@12 pr 17.7 sens10 0.29 sens50 1.36 sat 0.025 dead 0.00 frozen 0.24 nbin 300 fat 0.460 | 54.8s
ex16|sig4_0|1|0.0|div|10|0.5|50: static 0.996 sstatic 0.999 c1 0.996 c50 0.996 fac1 -0.059 fac50 -0.013 lock 0.01 move 0.146 period None osc -0.059@1 pr 10.6 sens10 -0.86 sens50 -2.56 sat 0.004 dead 0.03 frozen 0.86 nbin 300 fat 0.388 | 39.8s
ex16|sig4_0|1|0.0|div|10|2.0|50: static 0.994 sstatic 0.999 c1 0.994 c50 0.994 fac1 -0.084 fac50 -0.007 lock 0.01 move 0.187 period None osc -0.084@1 pr 8.8 sens10 -0.87 sens50 -2.40 sat 0.000 dead 0.03 frozen 0.98 nbin 228 fat 1.549 | 31.0s
ex16|sig4_0|1|0.0|div|10|2.0|51: static 1.000 sstatic 1.000 c1 1.000 c50 1.000 fac1 -0.070 fac50 -0.039 lock 0.63 move 0.0737 period None osc -0.142@3 pr 5.4 sens10 -0.94 sens50 -2.45 sat 0.000 dead 0.03 frozen 1.00 nbin 82 fat 1.555 | 31.3s
ex16|sig4_0|1|0.0|div|30|0.5|50: static 0.996 sstatic 0.999 c1 0.996 c50 0.996 fac1 -0.033 fac50 -0.014 lock 0.01 move 0.148 period None osc -0.045@10 pr 10.7 sens10 -0.84 sens50 -2.21 sat 0.004 dead 0.03 frozen 0.86 nbin 300 fat 0.388 | 31.1s
ex16|sig4_0|1|0.0|div|3|2.0|50: static 0.997 sstatic 0.999 c1 0.996 c50 0.997 fac1 -0.203 fac50 -0.009 lock 0.01 move 0.166 period None osc -0.203@1 pr 7.9 sens10 -1.10 sens50 -2.54 sat 0.000 dead 0.03 frozen 0.99 nbin 112 fat 1.548 | 55.4s
ex16|sig4_0|1|0.0|div|30|0.5|51: static 1.000 sstatic 1.000 c1 1.000 c50 1.000 fac1 -0.017 fac50 -0.040 lock 0.52 move 0.0557 period None osc -0.079@17 pr 6.2 sens10 -0.80 sens50 -2.37 sat 0.003 dead 0.03 frozen 0.98 nbin 300 fat 0.388 | 31.1s
ex16|sig4_0|1|0.0|div|100|2.0|50: static 0.993 sstatic 0.999 c1 0.993 c50 0.992 fac1 -0.001 fac50 -0.023 lock 0.01 move 0.194 period None osc -0.030@37 pr 8.8 sens10 -0.84 sens50 -2.04 sat 0.000 dead 0.03 frozen 0.98 nbin 264 fat 1.549 | 31.0s
ex16|sig4_0|1|0.0|div|100|2.0|51: static 1.000 sstatic 1.000 c1 1.000 c50 1.000 fac1 0.028 fac50 -0.050 lock 0.52 move 0.0757 period None osc -0.063@3 pr 5.7 sens10 -0.92 sens50 -2.13 sat 0.000 dead 0.03 frozen 1.00 nbin 103 fat 1.555 | 30.9s
ex16|sig4_0|1|0.0|div|300|0.5|51: static 1.000 sstatic 1.000 c1 1.000 c50 1.000 fac1 0.506 fac50 0.234 lock 0.52 move 0.0552 period None osc 0.234@50 pr 3.5 sens10 -0.79 sens50 -2.49 sat 0.005 dead 0.03 frozen 0.97 nbin 300 fat 0.375 | 30.9s
ex16|sig4_0|1|0.0|div|300|2.0|50: static 0.993 sstatic 0.999 c1 0.993 c50 0.993 fac1 0.020 fac50 0.010 lock 0.01 move 0.192 period None osc -0.002@10 pr 9.7 sens10 -0.84 sens50 -2.03 sat 0.000 dead 0.03 frozen 0.97 nbin 293 fat 1.494 | 30.9s
ex16|sig4_0|1|0.0|dep|3|0.1|51: static 1.000 sstatic 1.000 c1 1.000 c50 1.000 fac1 -0.207 fac50 0.006 lock 0.23 move 0.0563 period None osc -0.207@1 pr 7.0 sens10 -0.58 sens50 -2.57 sat 0.117 dead 0.03 frozen 0.97 nbin 300 fat 0.880 | 33.9s
ex16|sig4_0|1|0.0|dep|3|0.5|50: static 0.988 sstatic 0.993 c1 0.984 c50 0.988 fac1 -0.292 fac50 -0.013 lock 0.01 move 0.24 period None osc -0.292@1 pr 12.1 sens10 -0.48 sens50 -2.29 sat 0.118 dead 0.03 frozen 0.76 nbin 300 fat 0.638 | 34.2s
ex16|sig4_0|1|0.0|div|30|2.0|50: static 0.994 sstatic 0.999 c1 0.993 c50 0.994 fac1 -0.039 fac50 -0.007 lock 0.01 move 0.193 period None osc -0.052@10 pr 9.1 sens10 -0.84 sens50 -2.07 sat 0.000 dead 0.03 frozen 0.98 nbin 255 fat 1.549 | 57.4s
ex16|sig4_0|1|0.0|div|30|2.0|51: static 1.000 sstatic 1.000 c1 1.000 c50 1.000 fac1 0.002 fac50 -0.047 lock 0.57 move 0.0752 period None osc -0.091@3 pr 5.6 sens10 -0.92 sens50 -2.25 sat 0.000 dead 0.03 frozen 1.00 nbin 102 fat 1.555 | 57.7s
ex16|sig4_0|1|0.0|div|100|0.5|50: static 0.996 sstatic 0.998 c1 0.996 c50 0.996 fac1 -0.023 fac50 -0.015 lock 0.01 move 0.148 period None osc -0.039@10 pr 10.7 sens10 -0.83 sens50 -2.17 sat 0.004 dead 0.03 frozen 0.86 nbin 300 fat 0.388 | 57.8s
ex16|sig4_0|1|0.0|div|100|0.5|51: static 1.000 sstatic 1.000 c1 1.000 c50 1.000 fac1 -0.005 fac50 -0.041 lock 0.50 move 0.0559 period None osc -0.076@17 pr 6.2 sens10 -0.79 sens50 -2.34 sat 0.003 dead 0.03 frozen 0.98 nbin 300 fat 0.388 | 57.9s
ex16|sig4_0|1|0.0|dep|3|0.5|51: static 1.000 sstatic 1.000 c1 1.000 c50 1.000 fac1 -0.467 fac50 0.009 lock 0.01 move 0.0945 period None osc -0.467@1 pr 7.2 sens10 -0.46 sens50 -2.12 sat 0.105 dead 0.03 frozen 0.95 nbin 300 fat 0.649 | 34.3s
ex16|sig4_0|1|0.0|div|300|0.5|50: static 0.996 sstatic 0.998 c1 0.996 c50 0.996 fac1 -0.001 fac50 -0.006 lock 0.01 move 0.147 period None osc -0.022@10 pr 11.0 sens10 -0.83 sens50 -2.44 sat 0.006 dead 0.03 frozen 0.86 nbin 300 fat 0.374 | 57.5s
ex16|sig4_0|1|0.0|dep|10|0.1|51: static 0.994 sstatic 0.996 c1 0.993 c50 0.993 fac1 -0.141 fac50 -0.053 lock 0.00 move 0.15 period None osc -0.217@2 pr 10.4 sens10 -0.07 sens50 -0.16 sat 0.112 dead 0.03 frozen 0.84 nbin 300 fat 0.719 | 34.2s
ex16|sig4_0|1|0.0|dep|10|0.5|50: static 0.985 sstatic 0.994 c1 0.981 c50 0.985 fac1 -0.237 fac50 -0.015 lock 0.01 move 0.356 period None osc -0.237@1 pr 12.6 sens10 -0.82 sens50 -2.63 sat 0.033 dead 0.03 frozen 0.77 nbin 300 fat 0.374 | 34.3s
ex16|sig4_0|1|0.0|dep|10|0.5|51: static 1.000 sstatic 1.000 c1 1.000 c50 1.000 fac1 -0.345 fac50 0.021 lock 0.25 move 0.143 period None osc -0.345@1 pr 8.6 sens10 -0.73 sens50 -2.60 sat 0.030 dead 0.03 frozen 0.97 nbin 300 fat 0.385 | 34.1s
ex16|sig4_0|1|0.0|div|300|2.0|51: static 1.000 sstatic 1.000 c1 1.000 c50 1.000 fac1 0.777 fac50 0.374 lock 0.51 move 0.0751 period None osc 0.374@50 pr 2.2 sens10 -0.93 sens50 -2.27 sat 0.000 dead 0.03 frozen 0.99 nbin 155 fat 1.501 | 57.7s
ex16|sig4_0|1|0.0|dep|30|0.1|50: static 0.907 sstatic 0.953 c1 0.903 c50 0.908 fac1 -0.071 fac50 -0.006 lock 0.01 move 0.491 period None osc -0.071@1 pr 16.1 sens10 0.04 sens50 0.25 sat 0.085 dead 0.03 frozen 0.47 nbin 300 fat 0.487 | 34.3s
ex16|sig4_0|1|0.0|dep|3|0.1|50: static 0.995 sstatic 0.997 c1 0.994 c50 0.995 fac1 -0.140 fac50 -0.017 lock 0.01 move 0.156 period None osc -0.140@1 pr 11.4 sens10 -0.56 sens50 -2.42 sat 0.131 dead 0.03 frozen 0.84 nbin 300 fat 0.877 | 59.2s
ex16|sig4_0|1|0.0|dep|30|0.1|51: static 0.963 sstatic 0.982 c1 0.958 c50 0.963 fac1 -0.131 fac50 0.017 lock 0.00 move 0.316 period None osc -0.131@1 pr 14.1 sens10 0.10 sens50 0.49 sat 0.073 dead 0.03 frozen 0.66 nbin 300 fat 0.503 | 34.1s
ex16|sig4_0|1|0.0|dep|30|0.5|50: static 0.998 sstatic 1.000 c1 0.997 c50 0.998 fac1 -0.188 fac50 -0.008 lock 0.07 move 0.58 period None osc -0.188@1 pr 9.5 sens10 -2.15 sens50 -2.89 sat 0.003 dead 0.03 frozen 0.93 nbin 300 fat 0.141 | 33.9s
ex16|sig4_0|1|0.0|dep|10|0.1|50: static 0.966 sstatic 0.981 c1 0.962 c50 0.967 fac1 -0.115 fac50 -0.002 lock 0.01 move 0.313 period None osc -0.115@1 pr 14.2 sens10 -0.10 sens50 -0.35 sat 0.126 dead 0.03 frozen 0.64 nbin 300 fat 0.710 | 61.9s
ex16|sig4_0|1|0.0|dep|30|0.5|51: static 1.000 sstatic 1.000 c1 1.000 c50 1.000 fac1 -0.281 fac50 -0.013 lock 0.94 move 0.307 period None osc -0.281@1 pr 5.1 sens10 -2.11 sens50 -2.85 sat 0.001 dead 0.03 frozen 0.99 nbin 300 fat 0.143 | 33.7s
ex16|sig4_0|1|0.0|dep|300|0.1|50: static 0.999 sstatic 1.000 c1 0.999 c50 0.999 fac1 -0.047 fac50 -0.009 lock 0.17 move 0.81 period None osc -0.049@3 pr 8.6 sens10 -2.59 sens50 -2.96 sat 0.003 dead 0.03 frozen 0.96 nbin 300 fat 0.067 | 33.7s
ex16|sig4_0|1|0.0|dep|300|0.5|50: static 1.000 sstatic 1.000 c1 1.000 c50 1.000 fac1 -0.182 fac50 -0.004 lock 0.60 move 1.06 period None osc -0.182@1 pr 8.1 sens10 -3.53 sens50 -3.90 sat 0.003 dead 0.03 frozen 0.96 nbin 300 fat 0.013 | 33.7s
ex16|sig4_0|1|0.5|none|0|0.0|50: static 1.000 sstatic 1.000 c1 1.000 c50 1.000 fac1 0.949 fac50 -0.007 lock 0.76 move 0.0311 period None osc -0.054@19 pr 7.5 sens10 -0.74 sens50 -2.25 sat 0.133 dead 0.03 frozen 0.96 nbin 300 fat None | 28.8s
ex16|sig4_0|1|0.0|dep|300|0.5|51: static 1.000 sstatic 1.000 c1 1.000 c50 1.000 fac1 0.911 fac50 0.801 lock 0.97 move 1.02 period None osc 0.766@49 pr 2.2 sens10 -3.24 sens50 -3.19 sat 0.001 dead 0.03 frozen 0.99 nbin 298 fat 0.013 | 33.6s
ex16|sig4_0|1|0.5|sub|3|0.5|50: static 1.000 sstatic 1.000 c1 1.000 c50 1.000 fac1 0.803 fac50 -0.014 lock 0.36 move 0.0609 period None osc -0.327@6 pr 9.7 sens10 -0.96 sens50 -2.71 sat 0.010 dead 0.03 frozen 0.95 nbin 300 fat 0.500 | 31.7s
ex16|sig4_0|1|0.5|sub|3|1.0|50: static 0.000 sstatic 0.963 c1 0.824 c50 -0.137 fac1 0.828 fac50 -0.116 lock 0.01 move 0.635 period None osc -0.880@5 pr 5.9 sens10 -0.49 sens50 -0.69 sat 0.000 dead 0.03 frozen 0.99 nbin 97 fat 0.989 | 31.5s
ex16|sig4_0|1|0.5|sub|3|1.0|51: static 0.000 sstatic 0.976 c1 0.816 c50 0.709 fac1 0.820 fac50 0.599 lock 0.00 move 0.616 period None osc -0.919@5 pr 3.3 sens10 -0.46 sens50 -0.63 sat 0.000 dead 0.03 frozen 1.00 nbin 9 fat 0.996 | 32.3s
ex16|sig4_0|1|0.0|dep|100|0.1|50: static 0.989 sstatic 0.997 c1 0.988 c50 0.989 fac1 -0.048 fac50 -0.012 lock 0.01 move 0.482 period None osc -0.048@1 pr 11.3 sens10 -1.49 sens50 -2.50 sat 0.005 dead 0.03 frozen 0.85 nbin 300 fat 0.213 | 62.9s
ex16|sig4_0|1|0.0|dep|100|0.1|51: static 1.000 sstatic 1.000 c1 1.000 c50 1.000 fac1 -0.055 fac50 0.005 lock 0.85 move 0.227 period None osc -0.068@3 pr 7.0 sens10 -1.47 sens50 -2.51 sat 0.002 dead 0.03 frozen 0.98 nbin 300 fat 0.218 | 63.3s
ex16|sig4_0|1|0.0|dep|100|0.5|50: static 1.000 sstatic 1.000 c1 1.000 c50 1.000 fac1 -0.184 fac50 -0.006 lock 0.48 move 0.942 period None osc -0.184@1 pr 8.3 sens10 -3.02 sens50 -3.31 sat 0.003 dead 0.03 frozen 0.96 nbin 299 fat 0.040 | 63.3s
ex16|sig4_0|1|0.0|dep|100|0.5|51: static 1.000 sstatic 1.000 c1 1.000 c50 1.000 fac1 -0.251 fac50 0.002 lock 0.97 move 0.718 period None osc -0.251@1 pr 4.2 sens10 -2.86 sens50 -2.94 sat 0.001 dead 0.03 frozen 0.99 nbin 298 fat 0.040 | 63.5s
ex16|sig4_0|1|0.5|sub|10|0.5|51: static 0.985 sstatic 0.995 c1 0.999 c50 0.986 fac1 0.957 fac50 0.026 lock 0.00 move 0.0496 period None osc -0.827@11 pr 3.9 sens10 -0.39 sens50 -0.41 sat 0.009 dead 0.03 frozen 0.87 nbin 300 fat 0.498 | 32.6s
ex16|sig4_0|1|0.5|none|0|0.0|51: static 1.000 sstatic 1.000 c1 1.000 c50 1.000 fac1 0.975 fac50 -0.054 lock 0.98 move 0.0156 period None osc -0.165@21 pr 3.8 sens10 -0.81 sens50 -2.63 sat 0.119 dead 0.03 frozen 0.99 nbin 295 fat None | 54.5s
ex16|sig4_0|1|0.0|dep|300|0.1|51: static 1.000 sstatic 1.000 c1 1.000 c50 1.000 fac1 -0.063 fac50 0.005 lock 0.96 move 0.515 period None osc -0.063@1 pr 4.7 sens10 -2.53 sens50 -2.87 sat 0.001 dead 0.03 frozen 0.99 nbin 298 fat 0.067 | 63.7s
ex16|sig4_0|1|0.5|sub|10|1.0|50: static 0.000 sstatic 0.757 c1 0.945 c50 -0.137 fac1 0.944 fac50 -0.114 lock 0.01 move 0.334 period None osc -0.789@10 pr 6.7 sens10 -0.32 sens50 -0.30 sat 0.003 dead 0.03 frozen 0.04 nbin 300 fat 0.899 | 32.5s
ex16|sig4_0|1|0.5|sub|10|1.0|51: static 0.000 sstatic 0.760 c1 0.949 c50 0.031 fac1 0.947 fac50 0.027 lock 0.00 move 0.317 period None osc -0.770@11 pr 8.4 sens10 -0.30 sens50 -0.33 sat 0.003 dead 0.03 frozen 0.04 nbin 300 fat 0.896 | 32.5s
ex16|sig4_0|1|0.5|sub|30|0.5|50: static 0.807 sstatic 0.937 c1 0.996 c50 0.858 fac1 0.976 fac50 0.216 lock 0.01 move 0.112 period None osc -0.335@22 pr 6.9 sens10 -0.23 sens50 -0.24 sat 0.017 dead 0.03 frozen 0.48 nbin 300 fat 0.484 | 32.5s
ex16|sig4_0|1|0.5|sub|3|0.5|51: static 1.000 sstatic 1.000 c1 1.000 c50 1.000 fac1 0.873 fac50 -0.028 lock 0.96 move 0.0314 period None osc -0.545@6 pr 4.9 sens10 -0.98 sens50 -2.72 sat 0.009 dead 0.03 frozen 0.99 nbin 297 fat 0.500 | 55.1s
ex16|sig4_0|1|0.5|sub|30|0.5|51: static 0.784 sstatic 0.928 c1 0.996 c50 0.892 fac1 0.980 fac50 0.409 lock 0.00 move 0.0942 period None osc -0.437@23 pr 5.2 sens10 -0.28 sens50 -0.15 sat 0.015 dead 0.03 frozen 0.50 nbin 300 fat 0.484 | 32.4s
ex16|sig4_0|1|0.5|sub|30|1.0|50: static 0.001 sstatic 0.725 c1 0.972 c50 -0.065 fac1 0.969 fac50 -0.058 lock 0.01 move 0.241 period None osc -0.494@16 pr 9.5 sens10 -0.29 sens50 -0.06 sat 0.010 dead 0.03 frozen 0.04 nbin 300 fat 0.872 | 32.3s
ex16|sig4_0|1|0.5|sub|30|1.0|51: static 0.001 sstatic 0.727 c1 0.972 c50 -0.149 fac1 0.970 fac50 -0.126 lock 0.00 move 0.235 period None osc -0.586@16 pr 8.3 sens10 -0.30 sens50 0.00 sat 0.009 dead 0.03 frozen 0.03 nbin 300 fat 0.877 | 32.0s
ex16|sig4_0|1|0.5|sub|10|0.5|50: static 0.956 sstatic 0.986 c1 0.998 c50 0.946 fac1 0.953 fac50 -0.188 lock 0.01 move 0.0927 period None osc -0.503@11 pr 7.0 sens10 -0.37 sens50 -0.44 sat 0.011 dead 0.03 frozen 0.74 nbin 300 fat 0.498 | 56.5s
ex16|sig4_0|1|0.5|sub|100|0.5|50: static 0.745 sstatic 0.917 c1 0.996 c50 0.698 fac1 0.984 fac50 -0.160 lock 0.04 move 0.102 period None osc -0.225@39 pr 8.0 sens10 -0.18 sens50 -0.22 sat 0.020 dead 0.00 frozen 0.40 nbin 300 fat 0.480 | 31.7s
ex16|sig4_0|1|0.5|sub|300|0.5|51: static 0.757 sstatic 0.913 c1 0.998 c50 0.712 fac1 0.988 fac50 -0.149 lock 0.03 move 0.0707 period None osc -0.149@50 pr 7.0 sens10 -0.25 sens50 0.01 sat 0.022 dead 0.00 frozen 0.44 nbin 300 fat 0.464 | 31.2s
ex16|sig4_0|1|0.5|div|3|0.5|50: static 1.000 sstatic 1.000 c1 1.000 c50 1.000 fac1 0.925 fac50 -0.003 lock 0.72 move 0.0387 period None osc -0.047@20 pr 7.0 sens10 -1.06 sens50 -2.90 sat 0.004 dead 0.03 frozen 0.96 nbin 300 fat 0.388 | 31.1s
ex16|sig4_0|1|0.5|div|3|0.5|51: static 1.000 sstatic 1.000 c1 1.000 c50 1.000 fac1 0.967 fac50 -0.067 lock 0.98 move 0.0198 period None osc -0.107@16 pr 3.3 sens10 -1.08 sens50 -2.95 sat 0.003 dead 0.03 frozen 0.99 nbin 292 fat 0.388 | 30.9s
ex16|sig4_0|1|0.5|div|3|2.0|50: static 1.000 sstatic 1.000 c1 1.000 c50 1.000 fac1 0.876 fac50 0.005 lock 0.70 move 0.0529 period None osc -0.122@8 pr 5.4 sens10 -1.55 sens50 -2.90 sat 0.000 dead 0.03 frozen 1.00 nbin 1 fat 1.550 | 30.9s
ex16|sig4_0|1|0.5|div|10|0.5|50: static 1.000 sstatic 1.000 c1 1.000 c50 1.000 fac1 0.934 fac50 0.008 lock 0.69 move 0.0404 period None osc -0.127@12 pr 7.5 sens10 -0.94 sens50 -2.45 sat 0.004 dead 0.03 frozen 0.95 nbin 300 fat 0.388 | 30.9s
ex16|sig4_0|1|0.5|div|10|0.5|51: static 1.000 sstatic 1.000 c1 1.000 c50 1.000 fac1 0.967 fac50 -0.079 lock 0.98 move 0.0206 period None osc -0.250@14 pr 3.7 sens10 -0.95 sens50 -2.67 sat 0.003 dead 0.03 frozen 0.99 nbin 296 fat 0.388 | 30.8s
ex16|sig4_0|1|0.5|div|10|2.0|50: static 1.000 sstatic 1.000 c1 1.000 c50 1.000 fac1 0.911 fac50 0.023 lock 0.61 move 0.0572 period None osc -0.229@10 pr 6.4 sens10 -1.21 sens50 -2.59 sat 0.000 dead 0.03 frozen 1.00 nbin 22 fat 1.550 | 30.8s
ex16|sig4_0|1|0.5|sub|100|0.5|51: static 0.720 sstatic 0.904 c1 0.996 c50 0.698 fac1 0.983 fac50 -0.085 lock 0.03 move 0.0929 period None osc -0.201@25 pr 8.9 sens10 -0.23 sens50 -0.12 sat 0.018 dead 0.00 frozen 0.39 nbin 300 fat 0.476 | 58.3s
ex16|sig4_0|1|0.5|sub|100|1.0|50: static 0.004 sstatic 0.716 c1 0.980 c50 -0.072 fac1 0.978 fac50 -0.062 lock 0.03 move 0.205 period None osc -0.237@23 pr 9.9 sens10 -0.19 sens50 0.21 sat 0.013 dead 0.00 frozen 0.04 nbin 300 fat 0.860 | 58.2s
ex16|sig4_0|1|0.5|sub|300|1.0|50: static 0.074 sstatic 0.731 c1 0.984 c50 0.105 fac1 0.980 fac50 0.023 lock 0.04 move 0.186 period None osc -0.134@26 pr 9.9 sens10 -0.12 sens50 0.42 sat 0.015 dead 0.00 frozen 0.04 nbin 300 fat 0.823 | 56.2s
ex16|sig4_0|1|0.5|sub|100|1.0|51: static 0.004 sstatic 0.719 c1 0.981 c50 -0.053 fac1 0.978 fac50 -0.047 lock 0.01 move 0.193 period None osc -0.269@23 pr 9.9 sens10 -0.15 sens50 0.30 sat 0.013 dead 0.00 frozen 0.03 nbin 300 fat 0.846 | 58.2s
ex16|sig4_0|1|0.5|sub|300|0.5|50: static 0.785 sstatic 0.927 c1 0.998 c50 0.780 fac1 0.986 fac50 -0.034 lock 0.04 move 0.0914 period None osc -0.083@39 pr 7.8 sens10 -0.15 sens50 0.04 sat 0.023 dead 0.00 frozen 0.44 nbin 300 fat 0.464 | 58.2s
ex16|sig4_0|1|0.5|div|30|0.5|50: static 1.000 sstatic 1.000 c1 1.000 c50 1.000 fac1 0.943 fac50 0.000 lock 0.68 move 0.0408 period None osc -0.105@20 pr 7.6 sens10 -0.87 sens50 -1.89 sat 0.004 dead 0.03 frozen 0.95 nbin 300 fat 0.388 | 31.5s
ex16|sig4_0|1|0.5|sub|300|1.0|51: static 0.072 sstatic 0.728 c1 0.986 c50 -0.035 fac1 0.982 fac50 -0.095 lock 0.03 move 0.17 period None osc -0.125@38 pr 9.7 sens10 -0.13 sens50 0.16 sat 0.014 dead 0.00 frozen 0.04 nbin 300 fat 0.832 | 56.3s
ex16|sig4_0|1|0.5|div|3|2.0|51: static 1.000 sstatic 1.000 c1 1.000 c50 1.000 fac1 0.936 fac50 -0.078 lock 0.97 move 0.0284 period None osc -0.239@9 pr 2.8 sens10 -1.54 sens50 -2.91 sat 0.000 dead 0.03 frozen 1.00 nbin 1 fat 1.556 | 53.5s
ex16|sig4_0|1|0.5|div|30|0.5|51: static 1.000 sstatic 1.000 c1 1.000 c50 1.000 fac1 0.973 fac50 -0.076 lock 0.97 move 0.0207 period None osc -0.242@17 pr 3.8 sens10 -0.88 sens50 -2.04 sat 0.003 dead 0.03 frozen 0.99 nbin 297 fat 0.388 | 31.4s
ex16|sig4_0|1|0.5|div|30|2.0|50: static 0.999 sstatic 1.000 c1 1.000 c50 0.999 fac1 0.935 fac50 0.016 lock 0.54 move 0.058 period None osc -0.145@19 pr 6.7 sens10 -1.08 sens50 -2.01 sat 0.000 dead 0.03 frozen 0.99 nbin 37 fat 1.550 | 31.2s
ex16|sig4_0|1|0.5|div|30|2.0|51: static 1.000 sstatic 1.000 c1 1.000 c50 1.000 fac1 0.972 fac50 -0.057 lock 0.97 move 0.0307 period None osc -0.276@17 pr 3.4 sens10 -1.08 sens50 -2.11 sat 0.000 dead 0.03 frozen 1.00 nbin 9 fat 1.555 | 31.2s
ex16|sig4_0|1|0.5|div|100|0.5|50: static 1.000 sstatic 1.000 c1 1.000 c50 0.999 fac1 0.948 fac50 -0.009 lock 0.67 move 0.0409 period None osc -0.074@31 pr 7.6 sens10 -0.83 sens50 -2.01 sat 0.004 dead 0.03 frozen 0.94 nbin 300 fat 0.388 | 31.0s
ex16|sig4_0|1|0.5|div|100|0.5|51: static 1.000 sstatic 1.000 c1 1.000 c50 1.000 fac1 0.975 fac50 -0.078 lock 0.97 move 0.0207 period None osc -0.172@19 pr 3.9 sens10 -0.85 sens50 -2.05 sat 0.003 dead 0.03 frozen 0.99 nbin 298 fat 0.388 | 31.3s
ex16|sig4_0|1|0.5|div|100|2.0|50: static 0.999 sstatic 1.000 c1 1.000 c50 0.999 fac1 0.956 fac50 -0.010 lock 0.53 move 0.0584 period None osc -0.013@41 pr 5.5 sens10 -1.00 sens50 -1.78 sat 0.000 dead 0.03 frozen 0.99 nbin 43 fat 1.550 | 31.1s
ex16|sig4_0|1|0.5|div|10|2.0|51: static 1.000 sstatic 1.000 c1 1.000 c50 1.000 fac1 0.954 fac50 -0.112 lock 0.97 move 0.0303 period None osc -0.396@11 pr 3.3 sens10 -1.21 sens50 -2.67 sat 0.000 dead 0.03 frozen 1.00 nbin 6 fat 1.556 | 54.9s
ex16|sig4_0|1|0.5|div|100|2.0|51: static 1.000 sstatic 1.000 c1 1.000 c50 1.000 fac1 0.979 fac50 -0.062 lock 0.97 move 0.0309 period None osc -0.169@26 pr 3.5 sens10 -1.00 sens50 -1.92 sat 0.000 dead 0.03 frozen 1.00 nbin 12 fat 1.555 | 31.0s
ex16|sig4_0|1|0.5|dep|3|0.1|51: static 1.000 sstatic 1.000 c1 1.000 c50 1.000 fac1 0.969 fac50 -0.050 lock 0.97 move 0.0199 period None osc -0.131@17 pr 4.0 sens10 -0.84 sens50 -2.88 sat 0.117 dead 0.03 frozen 0.99 nbin 300 fat 0.880 | 33.3s
ex16|sig4_0|1|0.5|dep|10|0.1|50: static 0.998 sstatic 0.999 c1 1.000 c50 0.998 fac1 0.922 fac50 -0.032 lock 0.22 move 0.057 period None osc -0.284@9 pr 8.6 sens10 -0.49 sens50 -1.48 sat 0.130 dead 0.03 frozen 0.90 nbin 300 fat 0.714 | 33.1s
ex16|sig4_0|1|0.5|dep|10|0.1|51: static 1.000 sstatic 1.000 c1 1.000 c50 1.000 fac1 0.950 fac50 0.030 lock 0.94 move 0.0295 period None osc -0.395@12 pr 4.7 sens10 -0.64 sens50 -1.81 sat 0.119 dead 0.03 frozen 0.98 nbin 300 fat 0.721 | 33.3s
ex16|sig4_0|1|0.5|dep|10|0.5|50: static 0.996 sstatic 0.998 c1 0.999 c50 0.996 fac1 0.851 fac50 -0.024 lock 0.01 move 0.109 period None osc -0.343@7 pr 9.2 sens10 -0.66 sens50 -1.78 sat 0.112 dead 0.03 frozen 0.85 nbin 300 fat 0.427 | 33.2s
ex16|sig4_0|1|0.5|dep|10|0.5|51: static 1.000 sstatic 1.000 c1 1.000 c50 1.000 fac1 0.904 fac50 -0.072 lock 0.93 move 0.0562 period None osc -0.594@7 pr 4.6 sens10 -0.67 sens50 -1.84 sat 0.099 dead 0.03 frozen 0.98 nbin 300 fat 0.440 | 33.2s
ex16|sig4_0|1|0.5|dep|30|0.1|50: static 0.943 sstatic 0.969 c1 0.997 c50 0.939 fac1 0.948 fac50 -0.045 lock 0.01 move 0.112 period None osc -0.346@12 pr 10.1 sens10 -0.18 sens50 0.08 sat 0.127 dead 0.03 frozen 0.59 nbin 300 fat 0.510 | 33.7s
ex16|sig4_0|1|0.5|dep|30|0.1|51: static 0.957 sstatic 0.974 c1 0.998 c50 0.949 fac1 0.957 fac50 -0.155 lock 0.00 move 0.0772 period None osc -0.456@13 pr 7.7 sens10 -0.14 sens50 0.01 sat 0.115 dead 0.03 frozen 0.66 nbin 300 fat 0.521 | 33.6s
ex16|sig4_0|1|0.5|div|300|2.0|50: static 0.999 sstatic 1.000 c1 1.000 c50 0.999 fac1 0.956 fac50 0.134 lock 0.54 move 0.0571 period None osc 0.095@40 pr 5.9 sens10 -0.97 sens50 -1.84 sat 0.000 dead 0.03 frozen 0.99 nbin 87 fat 1.497 | 55.5s
ex16|sig4_0|1|0.5|dep|30|0.5|51: static 1.000 sstatic 1.000 c1 1.000 c50 1.000 fac1 0.900 fac50 0.007 lock 0.96 move 0.113 period None osc -0.561@7 pr 4.7 sens10 -1.01 sens50 -2.72 sat 0.014 dead 0.03 frozen 0.99 nbin 300 fat 0.195 | 33.9s
ex16|sig4_0|1|0.5|div|300|0.5|50: static 0.999 sstatic 1.000 c1 1.000 c50 0.999 fac1 0.953 fac50 0.046 lock 0.68 move 0.0404 period None osc 0.006@36 pr 7.6 sens10 -0.82 sens50 -2.09 sat 0.006 dead 0.03 frozen 0.94 nbin 300 fat 0.374 | 57.5s
ex16|sig4_0|1|0.5|div|300|0.5|51: static 1.000 sstatic 1.000 c1 1.000 c50 1.000 fac1 0.989 fac50 0.465 lock 0.98 move 0.0204 period None osc 0.465@50 pr 1.6 sens10 -0.84 sens50 -2.28 sat 0.005 dead 0.03 frozen 0.99 nbin 298 fat 0.375 | 57.6s
ex16|sig4_0|1|0.5|div|300|2.0|51: static 1.000 sstatic 1.000 c1 1.000 c50 1.000 fac1 0.989 fac50 0.483 lock 0.97 move 0.0304 period None osc 0.483@50 pr 1.4 sens10 -0.98 sens50 -2.15 sat 0.000 dead 0.03 frozen 1.00 nbin 28 fat 1.501 | 57.5s
ex16|sig4_0|1|0.5|dep|3|0.5|51: static 1.000 sstatic 1.000 c1 1.000 c50 1.000 fac1 0.954 fac50 0.041 lock 0.97 move 0.0348 period None osc -0.163@16 pr 3.7 sens10 -0.99 sens50 -2.92 sat 0.118 dead 0.03 frozen 0.99 nbin 300 fat 0.652 | 58.0s
ex16|sig4_0|1|0.5|dep|3|0.1|50: static 1.000 sstatic 1.000 c1 1.000 c50 1.000 fac1 0.933 fac50 -0.013 lock 0.67 move 0.0389 period None osc -0.050@30 pr 7.6 sens10 -0.76 sens50 -2.78 sat 0.132 dead 0.03 frozen 0.95 nbin 300 fat 0.878 | 61.9s
ex16|sig4_0|1|0.5|dep|3|0.5|50: static 0.999 sstatic 1.000 c1 1.000 c50 0.999 fac1 0.899 fac50 -0.030 lock 0.52 move 0.0633 period None osc -0.043@48 pr 7.3 sens10 -0.80 sens50 -2.92 sat 0.130 dead 0.03 frozen 0.93 nbin 300 fat 0.644 | 60.3s
ex16|sig4_0|1|0.5|dep|100|0.1|50: static 0.939 sstatic 0.974 c1 0.997 c50 0.939 fac1 0.950 fac50 0.012 lock 0.01 move 0.171 period None osc -0.339@13 pr 10.7 sens10 -0.22 sens50 -0.26 sat 0.055 dead 0.03 frozen 0.63 nbin 300 fat 0.272 | 33.7s
ex16|sig4_0|1|0.5|dep|100|0.1|51: static 0.942 sstatic 0.976 c1 0.998 c50 0.940 fac1 0.968 fac50 -0.042 lock 0.00 move 0.0985 period None osc -0.421@14 pr 7.6 sens10 -0.34 sens50 -0.19 sat 0.050 dead 0.03 frozen 0.69 nbin 300 fat 0.281 | 33.8s
ex16|sig4_0|1|0.5|dep|100|0.5|50: static 1.000 sstatic 1.000 c1 1.000 c50 1.000 fac1 0.803 fac50 -0.015 lock 0.57 move 0.429 period None osc -0.281@6 pr 7.3 sens10 -1.79 sens50 -3.05 sat 0.006 dead 0.03 frozen 0.96 nbin 300 fat 0.045 | 33.8s
ex16|sig4_0|1|0.5|dep|100|0.5|51: static 1.000 sstatic 1.000 c1 1.000 c50 1.000 fac1 0.887 fac50 0.054 lock 0.97 move 0.285 period None osc -0.518@7 pr 4.1 sens10 -1.76 sens50 -2.93 sat 0.001 dead 0.03 frozen 0.99 nbin 300 fat 0.044 | 33.7s
ex16|sig4_0|1|0.5|dep|300|0.1|50: static 0.998 sstatic 1.000 c1 1.000 c50 0.998 fac1 0.891 fac50 -0.035 lock 0.39 move 0.333 period None osc -0.146@16 pr 8.0 sens10 -1.68 sens50 -2.31 sat 0.006 dead 0.03 frozen 0.93 nbin 300 fat 0.082 | 33.7s
ex16|sig4_0|1|0.5|dep|30|0.5|50: static 0.998 sstatic 0.999 c1 1.000 c50 0.998 fac1 0.831 fac50 -0.026 lock 0.19 move 0.213 period None osc -0.286@7 pr 8.6 sens10 -1.02 sens50 -2.76 sat 0.019 dead 0.03 frozen 0.89 nbin 300 fat 0.190 | 60.5s
ex16|sig4_0|1|0.5|dep|300|0.5|50: static 1.000 sstatic 1.000 c1 1.000 c50 1.000 fac1 0.782 fac50 -0.011 lock 0.79 move 0.535 period None osc -0.283@6 pr 7.0 sens10 -2.34 sens50 -3.52 sat 0.006 dead 0.03 frozen 0.96 nbin 300 fat 0.014 | 33.7s
ex16|sig4_0|1|0.5|dep|300|0.1|51: static 1.000 sstatic 1.000 c1 1.000 c50 1.000 fac1 0.962 fac50 0.106 lock 0.97 move 0.194 period None osc -0.092@12 pr 3.9 sens10 -1.67 sens50 -2.27 sat 0.001 dead 0.03 frozen 0.99 nbin 300 fat 0.082 | 34.0s
ex16|sig4_0|1|0.9|none|0|0.0|50: static 1.000 sstatic 1.000 c1 1.000 c50 1.000 fac1 0.994 fac50 -0.021 lock 0.96 move 0.0051 period None osc -0.021@50 pr 4.2 sens10 -0.29 sens50 -0.77 sat 0.134 dead 0.03 frozen 0.99 nbin 277 fat None | 28.4s
ex16|sig4_0|1|0.9|sub|10|0.5|51: static 1.000 sstatic 1.000 c1 1.000 c50 1.000 fac1 0.990 fac50 -0.038 lock 0.99 move 0.00595 period None osc -0.408@30 pr 3.8 sens10 -0.47 sens50 -1.39 sat 0.009 dead 0.03 frozen 1.00 nbin 31 fat 0.500 | 30.8s
ex16|sig4_0|1|0.9|sub|10|1.0|50: static 0.005 sstatic 0.997 c1 0.991 c50 0.209 fac1 0.991 fac50 0.190 lock 0.01 move 0.217 period None osc -0.788@30 pr 2.8 sens10 -0.73 sens50 -0.75 sat 0.000 dead 0.03 frozen 1.00 nbin 1 fat 1.000 | 30.9s
ex16|sig4_0|1|0.9|sub|10|1.0|51: static 0.003 sstatic 1.000 c1 0.993 c50 0.301 fac1 0.990 fac50 0.255 lock 0.00 move 0.59 period None osc -0.712@27 pr 5.0 sens10 -0.42 sens50 -0.44 sat 0.000 dead 0.03 frozen 1.00 nbin 1 fat 1.000 | 31.4s
ex16|sig4_0|1|0.9|none|0|0.0|51: static 1.000 sstatic 1.000 c1 1.000 c50 1.000 fac1 0.995 fac50 0.200 lock 0.99 move 0.0027 period None osc 0.200@50 pr 2.4 sens10 -0.31 sens50 -0.84 sat 0.119 dead 0.03 frozen 1.00 nbin 91 fat None | 52.6s
ex16|sig4_0|1|0.9|sub|30|0.5|50: static 0.999 sstatic 1.000 c1 1.000 c50 0.999 fac1 0.994 fac50 -0.368 lock 0.96 move 0.0109 period None osc -0.368@50 pr 4.9 sens10 -0.28 sens50 -0.70 sat 0.010 dead 0.03 frozen 0.97 nbin 297 fat 0.500 | 31.9s
ex16|sig4_0|1|0.9|sub|30|0.5|51: static 1.000 sstatic 1.000 c1 1.000 c50 1.000 fac1 0.993 fac50 -0.504 lock 0.99 move 0.00608 period None osc -0.504@49 pr 4.1 sens10 -0.30 sens50 -0.74 sat 0.009 dead 0.03 frozen 1.00 nbin 156 fat 0.500 | 31.9s
ex16|sig4_0|1|0.9|sub|30|1.0|51: static 0.007 sstatic 0.801 c1 0.998 c50 -0.864 fac1 0.994 fac50 -0.723 lock 0.00 move 0.0673 period None osc -0.732@48 pr 3.3 sens10 -0.30 sens50 -0.37 sat 0.001 dead 0.03 frozen 0.41 nbin 300 fat 0.940 | 32.7s
ex16|sig4_0|1|0.9|sub|100|0.5|50: static 0.876 sstatic 0.960 c1 1.000 c50 0.891 fac1 0.996 fac50 0.098 lock 0.21 move 0.0163 period None osc 0.098@50 pr 2.9 sens10 -0.23 sens50 -0.47 sat 0.014 dead 0.00 frozen 0.71 nbin 300 fat 0.488 | 32.7s
ex16|sig4_0|1|0.9|sub|3|1.0|50: static 0.000 sstatic 1.000 c1 0.930 c50 0.015 fac1 0.934 fac50 0.011 lock 0.01 move 0.88 period None osc -0.388@11 pr 8.1 sens10 -0.75 sens50 -0.82 sat 0.000 dead 0.03 frozen 1.00 nbin 1 fat 1.000 | 54.9s
ex16|sig4_0|1|0.9|sub|3|0.5|50: static 1.000 sstatic 1.000 c1 1.000 c50 1.000 fac1 0.993 fac50 -0.049 lock 0.96 move 0.00926 period None osc -0.049@50 pr 4.8 sens10 -0.68 sens50 -1.67 sat 0.010 dead 0.03 frozen 0.99 nbin 281 fat 0.500 | 59.8s
ex16|sig4_0|1|0.9|sub|100|0.5|51: static 0.874 sstatic 0.959 c1 1.000 c50 0.881 fac1 0.996 fac50 0.040 lock 0.17 move 0.0139 period None osc 0.040@50 pr 2.9 sens10 -0.24 sens50 -0.42 sat 0.012 dead 0.00 frozen 0.72 nbin 300 fat 0.492 | 32.8s
ex16|sig4_0|1|0.9|sub|3|0.5|51: static 1.000 sstatic 1.000 c1 1.000 c50 1.000 fac1 0.996 fac50 0.174 lock 0.99 move 0.00529 period None osc 0.174@50 pr 2.4 sens10 -0.69 sens50 -1.72 sat 0.009 dead 0.03 frozen 1.00 nbin 13 fat 0.500 | 60.0s
ex16|sig4_0|1|0.5|dep|300|0.5|51: static 1.000 sstatic 1.000 c1 1.000 c50 1.000 fac1 0.979 fac50 0.795 lock 0.98 move 0.477 period None osc 0.793@49 pr 2.3 sens10 -2.33 sens50 -2.88 sat 0.001 dead 0.03 frozen 0.99 nbin 300 fat 0.014 | 63.5s
ex16|sig4_0|1|0.9|sub|10|0.5|50: static 1.000 sstatic 1.000 c1 1.000 c50 1.000 fac1 0.991 fac50 -0.080 lock 0.96 move 0.0105 period None osc -0.248@31 pr 6.2 sens10 -0.45 sens50 -1.36 sat 0.010 dead 0.03 frozen 0.99 nbin 294 fat 0.500 | 58.3s
ex16|sig4_0|1|0.9|sub|3|1.0|51: static 0.001 sstatic 1.000 c1 0.669 c50 0.004 fac1 0.948 fac50 -0.007 lock 0.00 move 0.922 period None osc -0.566@12 pr 5.4 sens10 -0.54 sens50 -0.59 sat 0.000 dead 0.03 frozen 1.00 nbin 1 fat 1.000 | 58.7s
ex16|sig4_0|1|0.9|sub|100|1.0|50: static 0.021 sstatic 0.740 c1 0.999 c50 -0.272 fac1 0.996 fac50 -0.242 lock 0.01 move 0.0462 period None osc -0.242@50 pr 3.5 sens10 -0.24 sens50 -0.47 sat 0.007 dead 0.00 frozen 0.20 nbin 300 fat 0.881 | 32.5s
ex16|sig4_0|1|0.9|sub|100|1.0|51: static 0.031 sstatic 0.744 c1 0.999 c50 -0.065 fac1 0.996 fac50 -0.067 lock 0.01 move 0.0401 period None osc -0.067@50 pr 3.4 sens10 -0.23 sens50 -0.53 sat 0.006 dead 0.00 frozen 0.23 nbin 300 fat 0.882 | 32.5s
ex16|sig4_0|1|0.9|sub|30|1.0|50: static 0.008 sstatic 0.800 c1 0.998 c50 -0.828 fac1 0.994 fac50 -0.693 lock 0.01 move 0.0683 period None osc -0.697@48 pr 3.6 sens10 -0.32 sens50 -0.31 sat 0.001 dead 0.03 frozen 0.40 nbin 300 fat 0.938 | 56.5s
ex16|sig4_0|1|0.9|sub|300|0.5|50: static 0.900 sstatic 0.965 c1 1.000 c50 0.935 fac1 0.994 fac50 0.254 lock 0.68 move 0.0135 period None osc 0.254@50 pr 2.6 sens10 -0.21 sens50 -0.29 sat 0.019 dead 0.00 frozen 0.72 nbin 300 fat 0.473 | 32.4s
ex16|sig4_0|1|0.9|sub|300|1.0|50: static 0.169 sstatic 0.766 c1 0.999 c50 0.297 fac1 0.995 fac50 0.119 lock 0.04 move 0.033 period None osc 0.119@50 pr 3.5 sens10 -0.22 sens50 -0.30 sat 0.012 dead 0.00 frozen 0.26 nbin 300 fat 0.845 | 32.2s
ex16|sig4_0|1|0.9|sub|300|1.0|51: static 0.197 sstatic 0.774 c1 1.000 c50 0.361 fac1 0.995 fac50 0.143 lock 0.03 move 0.0303 period None osc 0.143@50 pr 3.4 sens10 -0.21 sens50 -0.32 sat 0.011 dead 0.00 frozen 0.29 nbin 300 fat 0.843 | 32.4s
ex16|sig4_0|1|0.9|div|3|0.5|50: static 1.000 sstatic 1.000 c1 1.000 c50 1.000 fac1 0.994 fac50 -0.017 lock 0.96 move 0.00634 period None osc -0.017@50 pr 4.0 sens10 -0.52 sens50 -1.12 sat 0.004 dead 0.03 frozen 0.99 nbin 298 fat 0.388 | 31.5s
ex16|sig4_0|1|0.9|div|3|0.5|51: static 1.000 sstatic 1.000 c1 1.000 c50 1.000 fac1 0.995 fac50 0.210 lock 0.99 move 0.00344 period None osc 0.210@50 pr 2.1 sens10 -0.53 sens50 -1.16 sat 0.003 dead 0.03 frozen 1.00 nbin 23 fat 0.388 | 31.9s
ex16|sig4_0|1|0.9|div|10|0.5|50: static 1.000 sstatic 1.000 c1 1.000 c50 1.000 fac1 0.994 fac50 -0.042 lock 0.96 move 0.00663 period None osc -0.042@50 pr 4.3 sens10 -0.48 sens50 -1.14 sat 0.004 dead 0.03 frozen 0.99 nbin 297 fat 0.388 | 35.4s
ex16|sig4_0|1|0.9|div|3|2.0|51: static 1.000 sstatic 1.000 c1 1.000 c50 1.000 fac1 0.996 fac50 0.039 lock 0.99 move 0.00517 period None osc 0.039@50 pr 1.9 sens10 -0.78 sens50 -1.74 sat 0.000 dead 0.03 frozen 1.00 nbin 1 fat 1.555 | 43.4s
ex16|sig4_0|1|0.9|div|10|2.0|50: static 1.000 sstatic 1.000 c1 1.000 c50 1.000 fac1 0.993 fac50 -0.068 lock 0.96 move 0.00966 period None osc -0.068@47 pr 3.9 sens10 -0.69 sens50 -1.74 sat 0.000 dead 0.03 frozen 1.00 nbin 1 fat 1.550 | 41.8s
ex16|sig4_0|1|0.9|sub|300|0.5|51: static 0.897 sstatic 0.964 c1 1.000 c50 0.931 fac1 0.995 fac50 0.248 lock 0.85 move 0.0107 period None osc 0.248@50 pr 2.5 sens10 -0.23 sens50 -0.29 sat 0.016 dead 0.00 frozen 0.74 nbin 300 fat 0.472 | 56.0s
ex16|sig4_0|1|0.9|div|30|2.0|50: static 1.000 sstatic 1.000 c1 1.000 c50 1.000 fac1 0.993 fac50 -0.190 lock 0.96 move 0.00985 period None osc -0.190@50 pr 4.3 sens10 -0.61 sens50 -1.42 sat 0.000 dead 0.03 frozen 1.00 nbin 1 fat 1.550 | 32.9s
ex16|sig4_0|1|0.9|div|3|2.0|50: static 1.000 sstatic 1.000 c1 1.000 c50 1.000 fac1 0.994 fac50 -0.022 lock 0.96 move 0.00897 period None osc -0.022@50 pr 3.1 sens10 -0.76 sens50 -1.68 sat 0.000 dead 0.03 frozen 1.00 nbin 1 fat 1.550 | 57.0s
ex16|sig4_0|1|0.9|div|10|0.5|51: static 1.000 sstatic 1.000 c1 1.000 c50 1.000 fac1 0.995 fac50 0.179 lock 0.99 move 0.00359 period None osc 0.179@50 pr 2.3 sens10 -0.49 sens50 -1.17 sat 0.003 dead 0.03 frozen 1.00 nbin 36 fat 0.388 | 57.3s
ex16|sig4_0|1|0.9|div|30|0.5|50: static 1.000 sstatic 1.000 c1 1.000 c50 1.000 fac1 0.994 fac50 -0.096 lock 0.96 move 0.00672 period None osc -0.096@50 pr 4.5 sens10 -0.44 sens50 -1.05 sat 0.004 dead 0.03 frozen 0.99 nbin 298 fat 0.388 | 53.9s
ex16|sig4_0|1|0.9|div|10|2.0|51: static 1.000 sstatic 1.000 c1 1.000 c50 1.000 fac1 0.995 fac50 -0.107 lock 0.99 move 0.00558 period None osc -0.107@50 pr 2.3 sens10 -0.71 sens50 -1.79 sat 0.000 dead 0.03 frozen 1.00 nbin 1 fat 1.555 | 57.4s
ex16|sig4_0|1|0.9|div|100|0.5|51: static 1.000 sstatic 1.000 c1 1.000 c50 1.000 fac1 0.995 fac50 0.245 lock 0.99 move 0.00365 period None osc 0.245@50 pr 2.3 sens10 -0.43 sens50 -0.98 sat 0.003 dead 0.03 frozen 1.00 nbin 60 fat 0.388 | 40.8s
ex16|sig4_0|1|0.9|div|30|0.5|51: static 1.000 sstatic 1.000 c1 1.000 c50 1.000 fac1 0.996 fac50 0.133 lock 0.99 move 0.00364 period None osc 0.133@50 pr 2.4 sens10 -0.45 sens50 -1.08 sat 0.003 dead 0.03 frozen 1.00 nbin 54 fat 0.388 | 52.7s
ex16|sig4_0|1|0.9|div|100|2.0|50: static 1.000 sstatic 1.000 c1 1.000 c50 1.000 fac1 0.994 fac50 -0.136 lock 0.96 move 0.00988 period None osc -0.136@50 pr 4.1 sens10 -0.57 sens50 -1.26 sat 0.000 dead 0.03 frozen 1.00 nbin 1 fat 1.550 | 43.1s
ex16|sig4_0|1|0.9|div|300|0.5|50: static 1.000 sstatic 1.000 c1 1.000 c50 1.000 fac1 0.991 fac50 0.236 lock 0.96 move 0.00667 period None osc 0.236@50 pr 3.1 sens10 -0.40 sens50 -0.89 sat 0.006 dead 0.03 frozen 0.98 nbin 295 fat 0.375 | 41.2s
ex16|sig4_0|1|0.9|div|100|2.0|51: static 1.000 sstatic 1.000 c1 1.000 c50 1.000 fac1 0.994 fac50 0.215 lock 0.99 move 0.00573 period None osc 0.215@50 pr 2.3 sens10 -0.59 sens50 -1.30 sat 0.000 dead 0.03 frozen 1.00 nbin 1 fat 1.555 | 42.7s
ex16|sig4_0|1|0.9|div|30|2.0|51: static 1.000 sstatic 1.000 c1 1.000 c50 1.000 fac1 0.993 fac50 -0.197 lock 0.99 move 0.00568 period None osc -0.197@50 pr 2.6 sens10 -0.63 sens50 -1.44 sat 0.000 dead 0.03 frozen 1.00 nbin 1 fat 1.555 | 55.6s
ex16|sig4_0|1|0.9|div|100|0.5|50: static 1.000 sstatic 1.000 c1 1.000 c50 1.000 fac1 0.994 fac50 -0.065 lock 0.96 move 0.00674 period None osc -0.065@50 pr 4.3 sens10 -0.41 sens50 -0.94 sat 0.004 dead 0.03 frozen 0.98 nbin 298 fat 0.388 | 56.4s
ex16|sig4_0|1|0.9|div|300|2.0|50: static 1.000 sstatic 1.000 c1 1.000 c50 1.000 fac1 0.990 fac50 0.313 lock 0.96 move 0.00966 period None osc 0.313@50 pr 2.5 sens10 -0.56 sens50 -1.13 sat 0.000 dead 0.03 frozen 1.00 nbin 1 fat 1.498 | 45.8s
ex16|sig4_0|1|0.9|div|300|0.5|51: static 1.000 sstatic 1.000 c1 1.000 c50 1.000 fac1 0.990 fac50 0.496 lock 0.99 move 0.0036 period None osc 0.496@50 pr 1.2 sens10 -0.42 sens50 -0.92 sat 0.005 dead 0.03 frozen 0.99 nbin 86 fat 0.375 | 54.2s
ex16|sig4_0|1|0.9|div|300|2.0|51: static 1.000 sstatic 1.000 c1 1.000 c50 1.000 fac1 0.990 fac50 0.497 lock 0.99 move 0.00562 period None osc 0.497@50 pr 1.1 sens10 -0.57 sens50 -1.17 sat 0.000 dead 0.03 frozen 1.00 nbin 1 fat 1.502 | 57.2s
ex16|sig4_0|1|0.9|dep|3|0.1|50: static 1.000 sstatic 1.000 c1 1.000 c50 1.000 fac1 0.994 fac50 -0.038 lock 0.96 move 0.00636 period None osc -0.038@50 pr 4.4 sens10 -0.29 sens50 -0.82 sat 0.132 dead 0.03 frozen 0.99 nbin 289 fat 0.877 | 54.3s
ex16|sig4_0|1|0.9|dep|3|0.1|51: static 1.000 sstatic 1.000 c1 1.000 c50 1.000 fac1 0.995 fac50 0.159 lock 0.99 move 0.00347 period None osc 0.159@50 pr 2.5 sens10 -0.31 sens50 -0.91 sat 0.117 dead 0.03 frozen 1.00 nbin 120 fat 0.880 | 50.3s
ex16|sig4_0|1|0.9|dep|10|0.1|50: static 1.000 sstatic 1.000 c1 1.000 c50 1.000 fac1 0.993 fac50 -0.068 lock 0.96 move 0.00901 period None osc -0.068@50 pr 4.5 sens10 -0.27 sens50 -0.89 sat 0.131 dead 0.03 frozen 0.98 nbin 293 fat 0.714 | 52.9s
ex16|sig4_0|1|0.9|dep|3|0.5|50: static 1.000 sstatic 1.000 c1 1.000 c50 1.000 fac1 0.993 fac50 -0.052 lock 0.96 move 0.0106 period None osc -0.052@50 pr 4.1 sens10 -0.31 sens50 -0.92 sat 0.131 dead 0.03 frozen 0.98 nbin 296 fat 0.644 | 57.2s
ex16|sig4_0|1|0.9|dep|3|0.5|51: static 1.000 sstatic 1.000 c1 1.000 c50 1.000 fac1 0.994 fac50 0.196 lock 0.99 move 0.00629 period None osc 0.196@50 pr 2.4 sens10 -0.33 sens50 -1.06 sat 0.119 dead 0.03 frozen 1.00 nbin 120 fat 0.652 | 55.7s
ex16|sig4_0|1|0.9|dep|10|0.1|51: static 1.000 sstatic 1.000 c1 1.000 c50 1.000 fac1 0.994 fac50 0.023 lock 0.99 move 0.00518 period None osc 0.023@50 pr 3.0 sens10 -0.30 sens50 -1.04 sat 0.119 dead 0.03 frozen 1.00 nbin 161 fat 0.721 | 55.9s
ex16|sig4_0|1|0.9|dep|10|0.5|50: static 1.000 sstatic 1.000 c1 1.000 c50 1.000 fac1 0.993 fac50 -0.085 lock 0.95 move 0.0176 period None osc -0.085@50 pr 4.3 sens10 -0.29 sens50 -1.28 sat 0.130 dead 0.03 frozen 0.97 nbin 300 fat 0.440 | 55.7s
ex16|sig4_0|1|0.9|dep|30|0.1|50: static 1.000 sstatic 1.000 c1 1.000 c50 0.999 fac1 0.993 fac50 -0.249 lock 0.94 move 0.0146 period None osc -0.272@44 pr 5.0 sens10 -0.22 sens50 -0.83 sat 0.130 dead 0.03 frozen 0.96 nbin 300 fat 0.523 | 57.7s
ex16|sig4_0|1|0.9|dep|10|0.5|51: static 1.000 sstatic 1.000 c1 1.000 c50 1.000 fac1 0.996 fac50 -0.074 lock 0.99 move 0.0103 period None osc -0.074@50 pr 2.5 sens10 -0.31 sens50 -1.36 sat 0.118 dead 0.03 frozen 1.00 nbin 223 fat 0.451 | 63.4s
ex16|sig4_0|1|0.9|dep|30|0.5|51: static 1.000 sstatic 1.000 c1 1.000 c50 1.000 fac1 0.991 fac50 -0.219 lock 0.98 move 0.0116 period None osc -0.470@35 pr 3.1 sens10 -0.23 sens50 -1.08 sat 0.119 dead 0.03 frozen 0.99 nbin 253 fat 0.308 | 55.7s
ex16|sig4_0|1|0.9|dep|100|0.1|50: static 0.955 sstatic 0.974 c1 1.000 c50 0.936 fac1 0.993 fac50 -0.398 lock 0.02 move 0.0273 period None osc -0.415@45 pr 5.3 sens10 -0.12 sens50 -0.27 sat 0.130 dead 0.03 frozen 0.71 nbin 300 fat 0.328 | 54.3s
ex16|sig4_0|1|0.9|dep|30|0.1|51: static 1.000 sstatic 1.000 c1 1.000 c50 1.000 fac1 0.993 fac50 -0.379 lock 0.99 move 0.00869 period None osc -0.452@41 pr 3.1 sens10 -0.24 sens50 -0.98 sat 0.117 dead 0.03 frozen 0.99 nbin 257 fat 0.533 | 63.3s
ex16|sig4_0|1|0.9|dep|30|0.5|50: static 1.000 sstatic 1.000 c1 1.000 c50 1.000 fac1 0.990 fac50 -0.133 lock 0.88 move 0.0227 period None osc -0.201@33 pr 5.4 sens10 -0.22 sens50 -1.09 sat 0.129 dead 0.03 frozen 0.95 nbin 300 fat 0.297 | 68.6s
ex16|sig4_0|1|0.9|dep|100|0.5|50: static 0.999 sstatic 1.000 c1 1.000 c50 0.999 fac1 0.992 fac50 -0.268 lock 0.82 move 0.0302 period None osc -0.312@39 pr 5.2 sens10 -0.24 sens50 -0.79 sat 0.072 dead 0.03 frozen 0.93 nbin 300 fat 0.139 | 55.6s
ex16|sig4_0|1|0.9|dep|100|0.1|51: static 0.950 sstatic 0.971 c1 1.000 c50 0.923 fac1 0.994 fac50 -0.422 lock 0.02 move 0.0206 period None osc -0.431@46 pr 5.1 sens10 -0.12 sens50 -0.25 sat 0.120 dead 0.03 frozen 0.70 nbin 300 fat 0.340 | 57.3s
ex16|sig4_0|1|0.9|dep|100|0.5|51: static 1.000 sstatic 1.000 c1 1.000 c50 1.000 fac1 0.992 fac50 -0.263 lock 0.98 move 0.0149 period None osc -0.472@35 pr 3.5 sens10 -0.24 sens50 -0.79 sat 0.067 dead 0.03 frozen 0.99 nbin 265 fat 0.145 | 49.5s
ex16|sig4_0|1|0.9|dep|300|0.1|50: static 0.833 sstatic 0.918 c1 0.999 c50 0.781 fac1 0.993 fac50 -0.251 lock 0.01 move 0.0419 period None osc -0.255@45 pr 6.9 sens10 -0.05 sens50 0.10 sat 0.121 dead 0.03 frozen 0.46 nbin 300 fat 0.170 | 54.5s
ex16|sig4_0|1|0.9|dep|300|0.1|51: static 0.815 sstatic 0.907 c1 0.999 c50 0.764 fac1 0.993 fac50 -0.239 lock 0.00 move 0.0382 period None osc -0.249@45 pr 6.8 sens10 -0.06 sens50 0.10 sat 0.112 dead 0.03 frozen 0.44 nbin 300 fat 0.173 | 54.1s
ex16|sig4_0|0|0.0|none|0|0.0|50: static 0.923 sstatic 0.924 c1 0.925 c50 0.925 fac1 -0.010 fac50 0.000 lock 0.01 move 0.393 period None osc -0.016@43 pr 15.1 sens10 1.10 sens50 3.56 sat 0.317 dead 0.03 frozen 0.45 nbin 300 fat None | 50.4s
ex16|sig4_0|0|0.0|none|0|0.0|51: static 0.935 sstatic 0.931 c1 0.935 c50 0.935 fac1 0.003 fac50 -0.009 lock 0.00 move 0.367 period None osc -0.015@41 pr 14.3 sens10 0.90 sens50 3.53 sat 0.299 dead 0.03 frozen 0.49 nbin 300 fat None | 49.8s
ex16|sig4_0|0|0.0|sub|3|0.5|50: static 0.511 sstatic 0.750 c1 0.399 c50 0.506 fac1 -0.230 fac50 -0.005 lock 0.01 move 1.1 period None osc -0.230@1 pr 19.8 sens10 1.30 sens50 3.98 sat 0.218 dead 0.03 frozen 0.05 nbin 300 fat 0.448 | 48.8s
ex16|sig4_0|1|0.9|dep|300|0.5|50: static 1.000 sstatic 1.000 c1 1.000 c50 1.000 fac1 0.989 fac50 -0.170 lock 0.84 move 0.0669 period None osc -0.295@32 pr 4.1 sens10 -0.44 sens50 -1.67 sat 0.007 dead 0.03 frozen 0.97 nbin 300 fat 0.022 | 61.0s
ex16|sig4_0|0|0.0|sub|3|0.5|51: static 0.503 sstatic 0.743 c1 0.381 c50 0.501 fac1 -0.238 fac50 0.006 lock 0.00 move 1.11 period None osc -0.238@1 pr 19.6 sens10 1.30 sens50 3.98 sat 0.207 dead 0.03 frozen 0.05 nbin 300 fat 0.440 | 45.6s
ex16|sig4_0|1|0.9|dep|300|0.5|51: static 1.000 sstatic 1.000 c1 1.000 c50 1.000 fac1 0.988 fac50 0.090 lock 0.98 move 0.0368 period None osc -0.026@33 pr 2.2 sens10 -0.43 sens50 -1.61 sat 0.002 dead 0.03 frozen 1.00 nbin 216 fat 0.020 | 66.7s
ex16|sig4_0|0|0.0|sub|10|0.5|50: static 0.399 sstatic 0.705 c1 0.358 c50 0.396 fac1 -0.073 fac50 -0.006 lock 0.01 move 1.14 period None osc -0.073@1 pr 20.5 sens10 1.59 sens50 4.04 sat 0.237 dead 0.03 frozen 0.04 nbin 300 fat 0.422 | 47.6s
ex16|sig4_0|0|0.0|sub|3|1.0|51: static 0.000 sstatic 0.591 c1 -0.370 c50 -0.002 fac1 -0.376 fac50 -0.001 lock 0.00 move 1.66 period None osc -0.376@1 pr 20.0 sens10 1.03 sens50 4.08 sat 0.158 dead 0.03 frozen 0.03 nbin 300 fat 0.802 | 48.8s
ex16|sig4_0|0|0.0|sub|10|0.5|51: static 0.395 sstatic 0.697 c1 0.341 c50 0.386 fac1 -0.077 fac50 -0.002 lock 0.00 move 1.14 period None osc -0.077@1 pr 20.3 sens10 1.60 sens50 4.05 sat 0.227 dead 0.03 frozen 0.04 nbin 300 fat 0.429 | 50.0s
ex16|sig4_0|0|0.0|sub|3|1.0|50: static 0.000 sstatic 0.590 c1 -0.356 c50 -0.011 fac1 -0.361 fac50 -0.010 lock 0.01 move 1.65 period None osc -0.361@1 pr 20.2 sens10 1.07 sens50 4.10 sat 0.161 dead 0.03 frozen 0.04 nbin 300 fat 0.809 | 54.9s
ex16|sig4_0|0|0.0|sub|30|0.5|50: static 0.380 sstatic 0.696 c1 0.361 c50 0.378 fac1 -0.027 fac50 0.000 lock 0.01 move 1.13 period None osc -0.027@1 pr 20.0 sens10 1.67 sens50 4.03 sat 0.242 dead 0.03 frozen 0.04 nbin 300 fat 0.424 | 47.5s
ex16|sig4_0|0|0.0|sub|10|1.0|51: static 0.000 sstatic 0.571 c1 -0.109 c50 0.001 fac1 -0.111 fac50 0.001 lock 0.00 move 1.49 period None osc -0.111@1 pr 20.6 sens10 1.70 sens50 4.15 sat 0.209 dead 0.03 frozen 0.03 nbin 300 fat 0.779 | 49.5s
ex16|sig4_0|0|0.0|sub|10|1.0|50: static 0.000 sstatic 0.570 c1 -0.092 c50 0.001 fac1 -0.094 fac50 0.001 lock 0.01 move 1.48 period None osc -0.094@1 pr 20.9 sens10 1.54 sens50 4.13 sat 0.211 dead 0.03 frozen 0.04 nbin 300 fat 0.768 | 58.3s
ex16|sig4_0|0|0.0|sub|30|0.5|51: static 0.369 sstatic 0.688 c1 0.348 c50 0.367 fac1 -0.028 fac50 0.004 lock 0.00 move 1.13 period None osc -0.028@1 pr 19.8 sens10 1.71 sens50 4.04 sat 0.232 dead 0.03 frozen 0.03 nbin 300 fat 0.424 | 51.0s
ex16|sig4_0|0|0.0|sub|100|0.5|51: static 0.364 sstatic 0.686 c1 0.359 c50 0.361 fac1 -0.010 fac50 -0.001 lock 0.03 move 1.13 period None osc -0.013@26 pr 19.9 sens10 1.78 sens50 4.05 sat 0.234 dead 0.00 frozen 0.03 nbin 300 fat 0.424 | 36.9s
ex16|sig4_0|0|0.0|sub|300|0.5|50: static 0.406 sstatic 0.707 c1 0.408 c50 0.409 fac1 -0.002 fac50 0.002 lock 0.04 move 1.1 period None osc -0.012@33 pr 19.9 sens10 1.72 sens50 4.05 sat 0.246 dead 0.00 frozen 0.04 nbin 300 fat 0.403 | 32.1s
ex16|sig4_0|0|0.0|sub|100|1.0|51: static 0.001 sstatic 0.567 c1 -0.007 c50 0.009 fac1 -0.007 fac50 0.008 lock 0.03 move 1.42 period None osc -0.015@7 pr 20.1 sens10 1.80 sens50 4.15 sat 0.223 dead 0.00 frozen 0.03 nbin 300 fat 0.765 | 34.5s
ex16|sig4_0|0|0.0|sub|30|1.0|51: static 0.000 sstatic 0.567 c1 -0.027 c50 -0.006 fac1 -0.029 fac50 -0.005 lock 0.00 move 1.44 period None osc -0.034@2 pr 20.1 sens10 1.77 sens50 4.15 sat 0.220 dead 0.03 frozen 0.03 nbin 300 fat 0.759 | 50.8s
ex16|sig4_0|0|0.0|sub|30|1.0|50: static 0.000 sstatic 0.565 c1 -0.032 c50 -0.004 fac1 -0.033 fac50 -0.004 lock 0.01 move 1.44 period None osc -0.037@2 pr 20.4 sens10 1.81 sens50 4.15 sat 0.222 dead 0.03 frozen 0.04 nbin 300 fat 0.773 | 53.9s
ex16|sig4_0|0|0.0|sub|300|1.0|51: static 0.022 sstatic 0.574 c1 0.019 c50 0.018 fac1 -0.002 fac50 -0.001 lock 0.03 move 1.4 period None osc -0.012@13 pr 20.2 sens10 1.89 sens50 4.14 sat 0.225 dead 0.00 frozen 0.03 nbin 300 fat 0.750 | 31.2s
ex16|sig4_0|0|0.0|sub|300|1.0|50: static 0.020 sstatic 0.574 c1 0.020 c50 0.022 fac1 -0.000 fac50 0.001 lock 0.04 move 1.4 period None osc -0.021@6 pr 20.4 sens10 1.91 sens50 4.15 sat 0.228 dead 0.00 frozen 0.04 nbin 300 fat 0.744 | 32.4s
ex16|sig4_0|0|0.0|sub|100|0.5|50: static 0.375 sstatic 0.693 c1 0.362 c50 0.374 fac1 -0.018 fac50 -0.000 lock 0.04 move 1.13 period None osc -0.019@6 pr 20.0 sens10 1.73 sens50 4.05 sat 0.244 dead 0.00 frozen 0.04 nbin 300 fat 0.419 | 52.9s
ex16|sig4_0|0|0.0|div|3|0.5|50: static 0.916 sstatic 0.957 c1 0.909 c50 0.919 fac1 -0.089 fac50 -0.003 lock 0.01 move 0.437 period None osc -0.089@1 pr 11.7 sens10 0.30 sens50 2.20 sat 0.154 dead 0.03 frozen 0.54 nbin 300 fat 0.990 | 31.9s
ex16|sig4_0|0|0.0|sub|100|1.0|50: static 0.001 sstatic 0.565 c1 -0.007 c50 -0.005 fac1 -0.008 fac50 -0.004 lock 0.03 move 1.42 period None osc -0.024@6 pr 20.4 sens10 1.84 sens50 4.14 sat 0.226 dead 0.00 frozen 0.04 nbin 300 fat 0.768 | 52.6s
ex16|sig4_0|0|0.0|div|3|2.0|50: static 0.953 sstatic 0.988 c1 0.941 c50 0.953 fac1 -0.245 fac50 0.003 lock 0.01 move 0.375 period None osc -0.245@1 pr 8.2 sens10 -0.25 sens50 -0.47 sat 0.000 dead 0.03 frozen 0.70 nbin 300 fat 3.499 | 32.0s
ex16|sig4_0|0|0.0|sub|300|0.5|51: static 0.395 sstatic 0.697 c1 0.394 c50 0.391 fac1 -0.002 fac50 -0.007 lock 0.03 move 1.1 period None osc -0.012@23 pr 19.8 sens10 1.76 sens50 4.05 sat 0.236 dead 0.00 frozen 0.03 nbin 300 fat 0.407 | 54.6s
ex16|sig4_0|0|0.0|div|3|0.5|51: static 0.926 sstatic 0.959 c1 0.919 c50 0.931 fac1 -0.100 fac50 0.030 lock 0.00 move 0.411 period None osc -0.101@2 pr 10.8 sens10 0.32 sens50 2.03 sat 0.141 dead 0.03 frozen 0.57 nbin 300 fat 0.981 | 53.7s
ex16|sig4_0|0|0.0|div|10|2.0|51: static 0.938 sstatic 0.984 c1 0.940 c50 0.932 fac1 0.022 fac50 -0.092 lock 0.00 move 0.364 period None osc -0.280@2 pr 7.0 sens10 -0.05 sens50 0.03 sat 0.000 dead 0.03 frozen 0.63 nbin 300 fat 3.485 | 36.8s
ex16|sig4_0|0|0.0|div|3|2.0|51: static 0.971 sstatic 0.992 c1 0.961 c50 0.972 fac1 -0.336 fac50 0.023 lock 0.00 move 0.299 period None osc -0.336@1 pr 6.2 sens10 -0.09 sens50 0.18 sat 0.000 dead 0.03 frozen 0.87 nbin 300 fat 3.479 | 46.4s
ex16|sig4_0|0|0.0|div|10|0.5|51: static 0.912 sstatic 0.956 c1 0.908 c50 0.912 fac1 -0.039 fac50 -0.007 lock 0.00 move 0.438 period None osc -0.055@2 pr 11.3 sens10 0.38 sens50 2.10 sat 0.145 dead 0.03 frozen 0.55 nbin 300 fat 0.980 | 40.0s
ex16|sig4_0|0|0.0|div|10|2.0|50: static 0.920 sstatic 0.980 c1 0.912 c50 0.919 fac1 -0.095 fac50 0.003 lock 0.01 move 0.448 period None osc -0.095@1 pr 9.3 sens10 -0.14 sens50 -0.40 sat 0.000 dead 0.03 frozen 0.54 nbin 300 fat 3.508 | 38.9s
ex16|sig4_0|0|0.0|div|10|0.5|50: static 0.902 sstatic 0.955 c1 0.900 c50 0.904 fac1 -0.030 fac50 0.001 lock 0.01 move 0.459 period None osc -0.043@2 pr 12.1 sens10 0.30 sens50 1.96 sat 0.157 dead 0.03 frozen 0.53 nbin 300 fat 0.991 | 49.7s
ex16|sig4_0|0|0.0|div|30|2.0|50: static 0.910 sstatic 0.978 c1 0.907 c50 0.909 fac1 -0.036 fac50 0.008 lock 0.01 move 0.461 period None osc -0.064@2 pr 9.5 sens10 -0.13 sens50 -0.38 sat 0.000 dead 0.03 frozen 0.52 nbin 300 fat 3.510 | 41.6s
ex16|sig4_0|0|0.0|div|30|0.5|51: static 0.909 sstatic 0.955 c1 0.910 c50 0.910 fac1 0.004 fac50 -0.005 lock 0.00 move 0.439 period None osc -0.038@2 pr 11.4 sens10 0.40 sens50 2.10 sat 0.146 dead 0.03 frozen 0.54 nbin 300 fat 0.979 | 45.0s
ex16|sig4_0|0|0.0|div|30|2.0|51: static 0.928 sstatic 0.982 c1 0.934 c50 0.918 fac1 0.059 fac50 -0.126 lock 0.00 move 0.381 period None osc -0.261@21 pr 6.8 sens10 -0.04 sens50 0.25 sat 0.000 dead 0.03 frozen 0.60 nbin 300 fat 3.486 | 42.8s
ex16|sig4_0|0|0.0|div|30|0.5|50: static 0.899 sstatic 0.955 c1 0.899 c50 0.899 fac1 -0.012 fac50 -0.009 lock 0.01 move 0.462 period None osc -0.026@30 pr 12.2 sens10 0.34 sens50 2.05 sat 0.158 dead 0.03 frozen 0.53 nbin 300 fat 0.991 | 52.9s
ex16|sig4_0|0|0.0|div|100|2.0|51: static 0.924 sstatic 0.981 c1 0.939 c50 0.912 fac1 0.160 fac50 -0.151 lock 0.00 move 0.368 period None osc -0.330@21 pr 6.5 sens10 -0.03 sens50 0.15 sat 0.000 dead 0.03 frozen 0.59 nbin 300 fat 3.487 | 37.8s
ex16|sig4_0|0|0.0|div|100|0.5|50: static 0.897 sstatic 0.954 c1 0.897 c50 0.897 fac1 0.009 fac50 -0.013 lock 0.01 move 0.462 period None osc -0.023@25 pr 12.2 sens10 0.30 sens50 1.74 sat 0.159 dead 0.03 frozen 0.52 nbin 300 fat 0.990 | 51.5s
ex16|sig4_0|0|0.0|div|100|2.0|50: static 0.906 sstatic 0.977 c1 0.907 c50 0.905 fac1 -0.014 fac50 -0.002 lock 0.01 move 0.466 period None osc -0.055@23 pr 9.6 sens10 -0.12 sens50 -0.36 sat 0.000 dead 0.03 frozen 0.52 nbin 300 fat 3.510 | 47.3s
ex16|sig4_0|0|0.0|div|300|0.5|51: static 0.906 sstatic 0.954 c1 0.906 c50 0.906 fac1 0.004 fac50 0.000 lock 0.00 move 0.44 period None osc -0.030@3 pr 11.6 sens10 0.33 sens50 2.05 sat 0.160 dead 0.03 frozen 0.54 nbin 300 fat 0.948 | 35.3s
ex16|sig4_0|0|0.0|div|300|2.0|51: static 0.935 sstatic 0.983 c1 0.951 c50 0.925 fac1 0.250 fac50 -0.140 lock 0.00 move 0.326 period None osc -0.456@3 pr 5.0 sens10 0.00 sens50 0.16 sat 0.000 dead 0.03 frozen 0.60 nbin 300 fat 3.412 | 32.2s
ex16|sig4_0|0|0.0|div|100|0.5|51: static 0.907 sstatic 0.954 c1 0.904 c50 0.908 fac1 -0.027 fac50 0.010 lock 0.00 move 0.452 period None osc -0.027@1 pr 11.5 sens10 0.33 sens50 1.96 sat 0.147 dead 0.03 frozen 0.54 nbin 300 fat 0.979 | 56.7s
ex16|sig4_0|0|0.0|dep|3|0.1|50: static 0.924 sstatic 0.933 c1 0.919 c50 0.925 fac1 -0.100 fac50 -0.016 lock 0.01 move 0.416 period None osc -0.100@1 pr 15.2 sens10 0.73 sens50 3.29 sat 0.275 dead 0.03 frozen 0.45 nbin 300 fat 0.878 | 37.9s
ex16|sig4_0|0|0.0|div|300|0.5|50: static 0.897 sstatic 0.954 c1 0.897 c50 0.900 fac1 -0.009 fac50 0.002 lock 0.01 move 0.465 period None osc -0.020@18 pr 12.4 sens10 0.34 sens50 1.93 sat 0.173 dead 0.03 frozen 0.52 nbin 300 fat 0.959 | 54.2s
ex16|sig4_0|0|0.0|dep|10|0.1|50: static 0.890 sstatic 0.925 c1 0.883 c50 0.893 fac1 -0.096 fac50 0.002 lock 0.01 move 0.502 period None osc -0.096@1 pr 16.3 sens10 0.54 sens50 2.53 sat 0.199 dead 0.03 frozen 0.38 nbin 300 fat 0.709 | 33.8s
ex16|sig4_0|0|0.0|dep|3|0.1|51: static 0.936 sstatic 0.942 c1 0.930 c50 0.936 fac1 -0.107 fac50 -0.021 lock 0.00 move 0.381 period None osc -0.107@1 pr 14.1 sens10 0.71 sens50 3.23 sat 0.257 dead 0.03 frozen 0.51 nbin 300 fat 0.881 | 44.4s
ex16|sig4_0|0|0.0|dep|10|0.5|50: static 0.991 sstatic 0.997 c1 0.988 c50 0.990 fac1 -0.231 fac50 -0.015 lock 0.01 move 0.341 period None osc -0.231@1 pr 11.9 sens10 -1.08 sens50 -2.70 sat 0.023 dead 0.03 frozen 0.81 nbin 300 fat 0.366 | 33.8s
ex16|sig4_0|0|0.0|dep|30|0.1|50: static 0.926 sstatic 0.967 c1 0.922 c50 0.925 fac1 -0.074 fac50 -0.015 lock 0.01 move 0.445 period None osc -0.074@1 pr 15.5 sens10 -0.11 sens50 -0.30 sat 0.073 dead 0.03 frozen 0.54 nbin 300 fat 0.485 | 34.0s
ex16|sig4_0|0|0.0|div|300|2.0|50: static 0.911 sstatic 0.979 c1 0.912 c50 0.912 fac1 0.006 fac50 0.002 lock 0.01 move 0.446 period None osc -0.041@23 pr 9.8 sens10 -0.13 sens50 -0.45 sat 0.000 dead 0.03 frozen 0.51 nbin 300 fat 3.438 | 55.3s
ex16|sig4_0|0|0.0|dep|3|0.5|51: static 0.999 sstatic 1.000 c1 0.999 c50 0.999 fac1 -0.525 fac50 0.009 lock 0.00 move 0.0856 period None osc -0.525@1 pr 8.0 sens10 -0.26 sens50 -0.94 sat 0.133 dead 0.03 frozen 0.95 nbin 300 fat 0.653 | 46.5s
ex16|sig4_0|0|0.0|dep|30|0.5|50: static 0.999 sstatic 1.000 c1 0.998 c50 0.998 fac1 -0.191 fac50 -0.009 lock 0.11 move 0.578 period None osc -0.191@1 pr 9.2 sens10 -2.26 sens50 -2.92 sat 0.002 dead 0.03 frozen 0.94 nbin 300 fat 0.137 | 33.9s
ex16|sig4_0|0|0.0|dep|30|0.5|51: static 1.000 sstatic 1.000 c1 1.000 c50 1.000 fac1 -0.289 fac50 -0.014 lock 0.95 move 0.305 period None osc -0.289@1 pr 4.9 sens10 -2.21 sens50 -2.88 sat 0.000 dead 0.03 frozen 0.99 nbin 298 fat 0.138 | 33.4s
ex16|sig4_0|0|0.0|dep|3|0.5|50: static 0.978 sstatic 0.986 c1 0.972 c50 0.977 fac1 -0.305 fac50 -0.007 lock 0.01 move 0.282 period None osc -0.305@1 pr 12.7 sens10 -0.14 sens50 -1.08 sat 0.147 dead 0.03 frozen 0.70 nbin 300 fat 0.640 | 61.4s
ex16|sig4_0|0|0.0|dep|100|0.1|50: static 0.993 sstatic 0.998 c1 0.993 c50 0.993 fac1 -0.049 fac50 -0.012 lock 0.01 move 0.474 period None osc -0.049@1 pr 10.7 sens10 -1.68 sens50 -2.59 sat 0.004 dead 0.03 frozen 0.88 nbin 300 fat 0.206 | 33.4s
ex16|sig4_0|0|0.0|dep|10|0.1|51: static 0.919 sstatic 0.944 c1 0.912 c50 0.918 fac1 -0.097 fac50 -0.012 lock 0.00 move 0.432 period None osc -0.097@1 pr 15.0 sens10 0.51 sens50 2.55 sat 0.182 dead 0.03 frozen 0.46 nbin 300 fat 0.718 | 60.1s
ex16|sig4_0|0|0.0|dep|100|0.5|50: static 1.000 sstatic 1.000 c1 1.000 c50 1.000 fac1 -0.185 fac50 -0.006 lock 0.48 move 0.941 period None osc -0.185@1 pr 8.3 sens10 -3.07 sens50 -3.34 sat 0.002 dead 0.03 frozen 0.96 nbin 299 fat 0.040 | 33.2s
ex16|sig4_0|0|0.0|dep|300|0.1|50: static 0.999 sstatic 1.000 c1 0.999 c50 0.999 fac1 -0.049 fac50 -0.009 lock 0.22 move 0.808 period None osc -0.049@3 pr 8.5 sens10 -2.67 sens50 -3.01 sat 0.002 dead 0.03 frozen 0.96 nbin 299 fat 0.066 | 33.1s
ex16|sig4_0|0|0.0|dep|300|0.1|51: static 1.000 sstatic 1.000 c1 1.000 c50 1.000 fac1 -0.065 fac50 0.003 lock 0.97 move 0.514 period None osc -0.065@1 pr 4.7 sens10 -2.60 sens50 -2.85 sat 0.000 dead 0.03 frozen 0.99 nbin 298 fat 0.066 | 33.3s
ex16|sig4_0|0|0.0|dep|10|0.5|51: static 1.000 sstatic 1.000 c1 1.000 c50 1.000 fac1 -0.337 fac50 0.013 lock 0.66 move 0.141 period None osc -0.337@1 pr 7.8 sens10 -1.01 sens50 -2.67 sat 0.020 dead 0.03 frozen 0.98 nbin 300 fat 0.375 | 60.5s
ex16|sig4_0|0|0.0|dep|300|0.5|50: static 1.000 sstatic 1.000 c1 1.000 c50 1.000 fac1 -0.184 fac50 -0.006 lock 0.65 move 1.06 period None osc -0.184@1 pr 8.1 sens10 -3.61 sens50 -3.86 sat 0.002 dead 0.03 frozen 0.96 nbin 298 fat 0.013 | 33.0s
ex16|sig4_0|0|0.0|dep|30|0.1|51: static 0.994 sstatic 0.997 c1 0.993 c50 0.994 fac1 -0.188 fac50 -0.057 lock 0.00 move 0.162 period None osc -0.188@1 pr 11.5 sens10 -0.06 sens50 -0.21 sat 0.061 dead 0.03 frozen 0.86 nbin 300 fat 0.502 | 60.6s
ex16|sig4_0|0|0.0|dep|300|0.5|51: static 1.000 sstatic 1.000 c1 1.000 c50 1.000 fac1 0.919 fac50 0.816 lock 0.98 move 1.02 period None osc 0.773@49 pr 1.9 sens10 -3.28 sens50 -3.22 sat 0.000 dead 0.03 frozen 0.99 nbin 298 fat 0.013 | 32.8s
ex16|sig4_0|0|0.5|sub|3|0.5|50: static 0.840 sstatic 0.871 c1 0.967 c50 0.843 fac1 0.792 fac50 -0.002 lock 0.01 move 0.258 period None osc -0.288@6 pr 14.2 sens10 0.76 sens50 3.46 sat 0.319 dead 0.03 frozen 0.27 nbin 300 fat 0.492 | 31.0s
ex16|sig4_0|0|0.0|dep|100|0.1|51: static 1.000 sstatic 1.000 c1 1.000 c50 1.000 fac1 -0.059 fac50 0.003 lock 0.89 move 0.226 period None osc -0.068@3 pr 6.4 sens10 -1.66 sens50 -2.59 sat 0.001 dead 0.03 frozen 0.99 nbin 300 fat 0.210 | 60.1s
ex16|sig4_0|0|0.5|sub|3|0.5|51: static 0.839 sstatic 0.871 c1 0.968 c50 0.843 fac1 0.797 fac50 0.012 lock 0.00 move 0.254 period None osc -0.302@6 pr 14.0 sens10 0.72 sens50 3.35 sat 0.304 dead 0.03 frozen 0.29 nbin 300 fat 0.489 | 31.0s
ex16|sig4_0|0|0.5|sub|3|1.0|51: static 0.000 sstatic 0.570 c1 0.730 c50 -0.048 fac1 0.735 fac50 -0.041 lock 0.00 move 0.726 period None osc -0.628@5 pr 15.1 sens10 0.65 sens50 2.98 sat 0.210 dead 0.03 frozen 0.03 nbin 300 fat 0.905 | 31.0s
ex16|sig4_0|0|0.0|dep|100|0.5|51: static 1.000 sstatic 1.000 c1 1.000 c50 1.000 fac1 -0.189 fac50 0.039 lock 0.97 move 0.718 period None osc -0.189@1 pr 3.9 sens10 -2.88 sens50 -2.92 sat 0.000 dead 0.03 frozen 0.99 nbin 298 fat 0.040 | 59.4s
ex16|sig4_0|0|0.5|sub|10|0.5|51: static 0.552 sstatic 0.725 c1 0.944 c50 0.539 fac1 0.875 fac50 -0.027 lock 0.00 move 0.33 period None osc -0.250@9 pr 15.2 sens10 1.06 sens50 3.86 sat 0.326 dead 0.03 frozen 0.06 nbin 300 fat 0.462 | 31.1s
ex16|sig4_0|0|0.5|none|0|0.0|50: static 0.919 sstatic 0.901 c1 0.995 c50 0.919 fac1 0.934 fac50 -0.024 lock 0.01 move 0.102 period None osc -0.041@20 pr 11.1 sens10 0.71 sens50 3.35 sat 0.400 dead 0.03 frozen 0.48 nbin 300 fat None | 50.3s
ex16|sig4_0|0|0.5|none|0|0.0|51: static 0.923 sstatic 0.905 c1 0.996 c50 0.919 fac1 0.938 fac50 -0.044 lock 0.00 move 0.0961 period None osc -0.055@43 pr 11.0 sens10 0.60 sens50 3.38 sat 0.386 dead 0.03 frozen 0.49 nbin 300 fat None | 51.2s
ex16|sig4_0|0|0.5|sub|10|1.0|50: static 0.000 sstatic 0.543 c1 0.876 c50 0.042 fac1 0.877 fac50 0.037 lock 0.01 move 0.49 period None osc -0.438@10 pr 14.2 sens10 1.06 sens50 3.85 sat 0.307 dead 0.03 frozen 0.04 nbin 300 fat 0.825 | 30.9s
ex16|sig4_0|0|0.5|sub|10|1.0|51: static 0.000 sstatic 0.543 c1 0.877 c50 -0.002 fac1 0.879 fac50 -0.003 lock 0.00 move 0.485 period None osc -0.447@9 pr 14.1 sens10 0.96 sens50 3.88 sat 0.306 dead 0.03 frozen 0.03 nbin 300 fat 0.817 | 30.9s
ex16|sig4_0|0|0.5|sub|30|0.5|51: static 0.440 sstatic 0.682 c1 0.951 c50 0.442 fac1 0.912 fac50 0.009 lock 0.00 move 0.306 period None osc -0.153@16 pr 14.0 sens10 1.25 sens50 3.92 sat 0.338 dead 0.03 frozen 0.04 nbin 300 fat 0.447 | 30.9s
ex16|sig4_0|0|0.5|sub|30|1.0|51: static 0.001 sstatic 0.538 c1 0.917 c50 -0.011 fac1 0.918 fac50 -0.010 lock 0.00 move 0.401 period None osc -0.237@15 pr 13.6 sens10 1.28 sens50 3.97 sat 0.327 dead 0.03 frozen 0.03 nbin 300 fat 0.801 | 31.0s
ex16|sig4_0|0|0.5|sub|3|1.0|50: static 0.000 sstatic 0.568 c1 0.726 c50 0.036 fac1 0.731 fac50 0.030 lock 0.01 move 0.731 period None osc -0.626@5 pr 15.6 sens10 0.63 sens50 2.99 sat 0.212 dead 0.03 frozen 0.04 nbin 300 fat 0.911 | 55.2s
ex16|sig4_0|0|0.5|sub|100|0.5|50: static 0.431 sstatic 0.684 c1 0.956 c50 0.410 fac1 0.922 fac50 -0.035 lock 0.04 move 0.293 period None osc -0.074@35 pr 14.1 sens10 1.19 sens50 3.97 sat 0.352 dead 0.00 frozen 0.04 nbin 300 fat 0.427 | 31.2s
ex16|sig4_0|0|0.5|sub|100|1.0|50: static 0.004 sstatic 0.538 c1 0.929 c50 -0.097 fac1 0.928 fac50 -0.084 lock 0.03 move 0.369 period None osc -0.133@20 pr 13.7 sens10 1.18 sens50 4.03 sat 0.335 dead 0.00 frozen 0.04 nbin 300 fat 0.766 | 31.0s
ex16|sig4_0|0|0.5|sub|10|0.5|50: static 0.557 sstatic 0.737 c1 0.943 c50 0.554 fac1 0.874 fac50 -0.009 lock 0.01 move 0.334 period None osc -0.252@9 pr 15.0 sens10 1.22 sens50 3.86 sat 0.338 dead 0.03 frozen 0.06 nbin 300 fat 0.455 | 55.7s
ex16|sig4_0|0|0.5|sub|100|1.0|51: static 0.004 sstatic 0.537 c1 0.931 c50 -0.043 fac1 0.930 fac50 -0.038 lock 0.01 move 0.367 period None osc -0.109@24 pr 13.6 sens10 1.36 sens50 4.05 sat 0.335 dead 0.00 frozen 0.03 nbin 300 fat 0.774 | 31.0s
ex16|sig4_0|0|0.5|sub|300|0.5|51: static 0.442 sstatic 0.682 c1 0.961 c50 0.425 fac1 0.928 fac50 -0.027 lock 0.03 move 0.278 period None osc -0.052@24 pr 13.9 sens10 1.25 sens50 3.99 sat 0.344 dead 0.00 frozen 0.04 nbin 300 fat 0.427 | 31.0s
ex16|sig4_0|0|0.5|sub|30|0.5|50: static 0.455 sstatic 0.696 c1 0.951 c50 0.437 fac1 0.909 fac50 -0.027 lock 0.01 move 0.311 period None osc -0.166@14 pr 14.4 sens10 0.94 sens50 3.94 sat 0.347 dead 0.03 frozen 0.05 nbin 300 fat 0.440 | 55.4s
ex16|sig4_0|0|0.5|div|3|0.5|50: static 0.897 sstatic 0.930 c1 0.992 c50 0.894 fac1 0.926 fac50 -0.036 lock 0.01 move 0.131 period None osc -0.037@14 pr 8.6 sens10 0.16 sens50 2.26 sat 0.290 dead 0.03 frozen 0.54 nbin 300 fat 2.023 | 30.8s
ex16|sig4_0|0|0.5|div|3|0.5|51: static 0.901 sstatic 0.934 c1 0.993 c50 0.899 fac1 0.927 fac50 -0.018 lock 0.00 move 0.119 period None osc -0.064@22 pr 8.2 sens10 0.32 sens50 2.35 sat 0.273 dead 0.03 frozen 0.55 nbin 300 fat 2.006 | 30.9s
ex16|sig4_0|0|0.5|sub|30|1.0|50: static 0.001 sstatic 0.537 c1 0.915 c50 0.010 fac1 0.915 fac50 0.010 lock 0.01 move 0.405 period None osc -0.255@14 pr 13.9 sens10 1.28 sens50 3.94 sat 0.328 dead 0.03 frozen 0.04 nbin 300 fat 0.799 | 55.9s
ex16|sig4_0|0|0.5|div|3|2.0|50: static 0.963 sstatic 0.988 c1 0.997 c50 0.962 fac1 0.909 fac50 -0.003 lock 0.01 move 0.107 period None osc -0.151@9 pr 4.9 sens10 -0.10 sens50 0.45 sat 0.000 dead 0.03 frozen 0.72 nbin 300 fat 7.179 | 30.8s
ex16|sig4_0|0|0.5|sub|100|0.5|51: static 0.404 sstatic 0.667 c1 0.956 c50 0.362 fac1 0.925 fac50 -0.061 lock 0.02 move 0.292 period None osc -0.069@45 pr 14.0 sens10 1.15 sens50 3.96 sat 0.341 dead 0.00 frozen 0.04 nbin 300 fat 0.432 | 55.6s
ex16|sig4_0|0|0.5|div|3|2.0|51: static 0.960 sstatic 0.987 c1 0.997 c50 0.955 fac1 0.923 fac50 -0.063 lock 0.00 move 0.0862 period None osc -0.145@9 pr 4.4 sens10 -0.15 sens50 1.01 sat 0.000 dead 0.03 frozen 0.75 nbin 300 fat 7.113 | 30.8s
ex16|sig4_0|0|0.5|div|10|0.5|51: static 0.869 sstatic 0.931 c1 0.993 c50 0.860 fac1 0.943 fac50 -0.032 lock 0.00 move 0.123 period None osc -0.110@13 pr 8.8 sens10 -0.06 sens50 1.76 sat 0.271 dead 0.03 frozen 0.54 nbin 300 fat 2.012 | 31.1s
ex16|sig4_0|0|0.5|sub|300|0.5|50: static 0.453 sstatic 0.692 c1 0.961 c50 0.428 fac1 0.928 fac50 -0.034 lock 0.04 move 0.278 period None osc -0.052@22 pr 13.8 sens10 1.22 sens50 3.97 sat 0.356 dead 0.00 frozen 0.05 nbin 300 fat 0.422 | 55.6s
ex16|sig4_0|0|0.5|div|10|2.0|50: static 0.893 sstatic 0.971 c1 0.995 c50 0.895 fac1 0.948 fac50 0.038 lock 0.01 move 0.124 period None osc -0.311@12 pr 6.4 sens10 -0.37 sens50 0.16 sat 0.000 dead 0.03 frozen 0.48 nbin 300 fat 7.180 | 31.0s
ex16|sig4_0|0|0.5|div|30|0.5|50: static 0.848 sstatic 0.931 c1 0.993 c50 0.844 fac1 0.952 fac50 -0.020 lock 0.01 move 0.127 period None osc -0.089@18 pr 9.0 sens10 0.24 sens50 1.72 sat 0.285 dead 0.03 frozen 0.52 nbin 300 fat 2.022 | 30.9s
ex16|sig4_0|0|0.5|sub|300|1.0|50: static 0.040 sstatic 0.548 c1 0.935 c50 0.038 fac1 0.932 fac50 -0.004 lock 0.04 move 0.354 period None osc -0.074@26 pr 13.6 sens10 1.29 sens50 4.06 sat 0.339 dead 0.00 frozen 0.04 nbin 300 fat 0.744 | 56.1s
ex16|sig4_0|0|0.5|sub|300|1.0|51: static 0.036 sstatic 0.548 c1 0.937 c50 -0.000 fac1 0.933 fac50 -0.028 lock 0.03 move 0.35 period None osc -0.052@25 pr 13.6 sens10 1.25 sens50 4.03 sat 0.336 dead 0.00 frozen 0.03 nbin 300 fat 0.754 | 55.4s
ex16|sig4_0|0|0.5|div|30|0.5|51: static 0.849 sstatic 0.929 c1 0.994 c50 0.841 fac1 0.954 fac50 -0.055 lock 0.00 move 0.117 period None osc -0.096@18 pr 8.7 sens10 0.10 sens50 1.88 sat 0.270 dead 0.03 frozen 0.54 nbin 300 fat 2.007 | 30.9s
ex16|sig4_0|0|0.5|div|30|2.0|51: static 0.851 sstatic 0.962 c1 0.997 c50 0.858 fac1 0.975 fac50 0.026 lock 0.00 move 0.0873 period None osc -0.254@18 pr 6.0 sens10 -0.40 sens50 -0.01 sat 0.000 dead 0.03 frozen 0.49 nbin 300 fat 7.145 | 30.8s
ex16|sig4_0|0|0.5|div|100|0.5|50: static 0.834 sstatic 0.929 c1 0.994 c50 0.819 fac1 0.960 fac50 -0.080 lock 0.01 move 0.12 period None osc -0.080@50 pr 8.5 sens10 0.11 sens50 1.78 sat 0.283 dead 0.03 frozen 0.52 nbin 300 fat 2.018 | 30.7s
ex16|sig4_0|0|0.5|div|10|0.5|50: static 0.865 sstatic 0.931 c1 0.992 c50 0.862 fac1 0.939 fac50 -0.011 lock 0.01 move 0.134 period None osc -0.116@13 pr 9.0 sens10 0.11 sens50 1.99 sat 0.286 dead 0.03 frozen 0.53 nbin 300 fat 2.026 | 55.5s
ex16|sig4_0|0|0.5|div|100|2.0|50: static 0.830 sstatic 0.960 c1 0.997 c50 0.816 fac1 0.981 fac50 -0.065 lock 0.01 move 0.0995 period None osc -0.118@40 pr 6.3 sens10 -0.37 sens50 -0.16 sat 0.000 dead 0.03 frozen 0.46 nbin 300 fat 7.192 | 30.8s
ex16|sig4_0|0|0.5|div|300|0.5|50: static 0.834 sstatic 0.927 c1 0.994 c50 0.821 fac1 0.958 fac50 -0.063 lock 0.01 move 0.122 period None osc -0.085@40 pr 8.6 sens10 0.09 sens50 1.68 sat 0.293 dead 0.03 frozen 0.51 nbin 300 fat 1.949 | 30.7s
ex16|sig4_0|0|0.5|div|300|0.5|51: static 0.844 sstatic 0.929 c1 0.994 c50 0.843 fac1 0.960 fac50 -0.016 lock 0.00 move 0.109 period None osc -0.056@31 pr 8.6 sens10 0.08 sens50 1.59 sat 0.279 dead 0.03 frozen 0.53 nbin 300 fat 1.935 | 31.0s
ex16|sig4_0|0|0.5|div|10|2.0|51: static 0.892 sstatic 0.971 c1 0.995 c50 0.876 fac1 0.953 fac50 -0.126 lock 0.00 move 0.104 period None osc -0.355@12 pr 5.7 sens10 -0.33 sens50 0.14 sat 0.000 dead 0.03 frozen 0.51 nbin 300 fat 7.110 | 55.4s
ex16|sig4_0|0|0.5|div|300|2.0|51: static 0.838 sstatic 0.959 c1 0.999 c50 0.816 fac1 0.988 fac50 -0.139 lock 0.00 move 0.0616 period None osc -0.139@49 pr 5.2 sens10 -0.46 sens50 -0.22 sat 0.000 dead 0.03 frozen 0.48 nbin 300 fat 6.992 | 30.7s
ex16|sig4_0|0|0.5|div|30|2.0|50: static 0.855 sstatic 0.964 c1 0.996 c50 0.845 fac1 0.969 fac50 -0.053 lock 0.01 move 0.112 period None osc -0.265@15 pr 6.5 sens10 -0.45 sens50 -0.30 sat 0.000 dead 0.03 frozen 0.47 nbin 300 fat 7.211 | 55.3s
ex16|sig4_0|0|0.5|dep|3|0.1|50: static 0.931 sstatic 0.916 c1 0.995 c50 0.932 fac1 0.930 fac50 -0.026 lock 0.01 move 0.1 period None osc -0.032@46 pr 11.0 sens10 0.59 sens50 3.10 sat 0.375 dead 0.03 frozen 0.51 nbin 300 fat 0.881 | 33.2s
ex16|sig4_0|0|0.5|div|100|0.5|51: static 0.841 sstatic 0.927 c1 0.994 c50 0.836 fac1 0.961 fac50 -0.031 lock 0.00 move 0.111 period None osc -0.060@19 pr 8.5 sens10 0.05 sens50 1.52 sat 0.268 dead 0.03 frozen 0.53 nbin 300 fat 2.002 | 55.2s
ex16|sig4_0|0|0.5|dep|3|0.5|51: static 0.993 sstatic 0.993 c1 1.000 c50 0.993 fac1 0.978 fac50 -0.057 lock 0.11 move 0.0317 period None osc -0.112@23 pr 4.8 sens10 0.03 sens50 0.35 sat 0.270 dead 0.03 frozen 0.86 nbin 300 fat 0.674 | 33.2s
ex16|sig4_0|0|0.5|div|100|2.0|51: static 0.832 sstatic 0.959 c1 0.998 c50 0.816 fac1 0.985 fac50 -0.090 lock 0.00 move 0.0704 period None osc -0.184@29 pr 5.5 sens10 -0.44 sens50 -0.18 sat 0.000 dead 0.03 frozen 0.48 nbin 300 fat 7.139 | 55.0s
ex16|sig4_0|0|0.5|dep|10|0.1|50: static 0.908 sstatic 0.912 c1 0.991 c50 0.910 fac1 0.901 fac50 -0.014 lock 0.01 move 0.139 period None osc -0.194@9 pr 12.4 sens10 0.57 sens50 2.42 sat 0.325 dead 0.03 frozen 0.44 nbin 300 fat 0.720 | 33.4s
ex16|sig4_0|0|0.5|dep|10|0.1|51: static 0.917 sstatic 0.918 c1 0.993 c50 0.917 fac1 0.908 fac50 -0.042 lock 0.00 move 0.123 period None osc -0.195@9 pr 11.8 sens10 0.54 sens50 2.66 sat 0.309 dead 0.03 frozen 0.47 nbin 300 fat 0.728 | 33.4s
ex16|sig4_0|0|0.5|dep|10|0.5|51: static 1.000 sstatic 1.000 c1 1.000 c50 1.000 fac1 0.905 fac50 -0.077 lock 0.93 move 0.0588 period None osc -0.622@7 pr 5.1 sens10 -0.58 sens50 -1.51 sat 0.115 dead 0.03 frozen 0.98 nbin 300 fat 0.444 | 33.4s
ex16|sig4_0|0|0.5|div|300|2.0|50: static 0.840 sstatic 0.960 c1 0.998 c50 0.825 fac1 0.981 fac50 -0.103 lock 0.01 move 0.0938 period None osc -0.103@50 pr 6.1 sens10 -0.42 sens50 -0.33 sat 0.000 dead 0.03 frozen 0.46 nbin 300 fat 7.050 | 55.4s
ex16|sig4_0|0|0.5|dep|30|0.1|50: static 0.846 sstatic 0.900 c1 0.988 c50 0.847 fac1 0.921 fac50 -0.013 lock 0.01 move 0.172 period None osc -0.224@11 pr 12.6 sens10 0.18 sens50 1.38 sat 0.221 dead 0.03 frozen 0.33 nbin 300 fat 0.507 | 33.2s
ex16|sig4_0|0|0.5|dep|30|0.1|51: static 0.850 sstatic 0.901 c1 0.990 c50 0.848 fac1 0.927 fac50 -0.032 lock 0.00 move 0.15 period None osc -0.236@11 pr 12.1 sens10 0.22 sens50 1.49 sat 0.206 dead 0.03 frozen 0.35 nbin 300 fat 0.518 | 33.6s
ex16|sig4_0|0|0.5|dep|3|0.5|50: static 0.982 sstatic 0.979 c1 0.999 c50 0.982 fac1 0.943 fac50 0.001 lock 0.01 move 0.0745 period None osc -0.058@16 pr 8.7 sens10 0.06 sens50 0.45 sat 0.288 dead 0.03 frozen 0.74 nbin 300 fat 0.667 | 56.7s
ex16|sig4_0|0|0.5|dep|30|0.5|51: static 1.000 sstatic 1.000 c1 1.000 c50 1.000 fac1 0.897 fac50 0.008 lock 0.97 move 0.13 period None osc -0.569@7 pr 4.5 sens10 -1.10 sens50 -2.80 sat 0.009 dead 0.03 frozen 0.99 nbin 300 fat 0.184 | 33.5s
ex16|sig4_0|0|0.5|dep|3|0.1|51: static 0.938 sstatic 0.923 c1 0.996 c50 0.936 fac1 0.932 fac50 -0.040 lock 0.00 move 0.0918 period None osc -0.080@18 pr 10.5 sens10 0.66 sens50 3.06 sat 0.360 dead 0.03 frozen 0.53 nbin 300 fat 0.883 | 60.9s
ex16|sig4_0|0|0.5|dep|100|0.1|51: static 0.995 sstatic 0.998 c1 1.000 c50 0.993 fac1 0.975 fac50 -0.485 lock 0.17 move 0.0969 period None osc -0.777@16 pr 3.2 sens10 -0.44 sens50 -0.48 sat 0.035 dead 0.03 frozen 0.92 nbin 300 fat 0.276 | 33.2s
ex16|sig4_0|0|0.5|dep|100|0.5|51: static 1.000 sstatic 1.000 c1 1.000 c50 1.000 fac1 0.883 fac50 0.066 lock 0.97 move 0.318 period None osc -0.490@7 pr 4.2 sens10 -1.83 sens50 -2.90 sat 0.001 dead 0.03 frozen 0.99 nbin 300 fat 0.043 | 33.2s
ex16|sig4_0|0|0.5|dep|10|0.5|50: static 0.994 sstatic 0.997 c1 0.999 c50 0.994 fac1 0.850 fac50 -0.015 lock 0.01 move 0.131 period None osc -0.355@7 pr 9.3 sens10 -0.55 sens50 -1.39 sat 0.127 dead 0.03 frozen 0.82 nbin 300 fat 0.430 | 60.2s
ex16|sig4_0|0|0.5|dep|300|0.1|51: static 1.000 sstatic 1.000 c1 1.000 c50 1.000 fac1 0.962 fac50 0.135 lock 0.97 move 0.22 period None osc -0.050@10 pr 3.6 sens10 -1.77 sens50 -2.35 sat 0.001 dead 0.03 frozen 0.99 nbin 300 fat 0.079 | 33.4s
ex16|sig4_0|0|0.5|dep|300|0.5|50: static 1.000 sstatic 1.000 c1 1.000 c50 1.000 fac1 0.779 fac50 -0.006 lock 0.80 move 0.541 period None osc -0.285@6 pr 7.0 sens10 -2.40 sens50 -3.64 sat 0.007 dead 0.03 frozen 0.96 nbin 300 fat 0.014 | 33.3s
ex16|sig4_0|0|0.5|dep|300|0.5|51: static 1.000 sstatic 1.000 c1 1.000 c50 1.000 fac1 0.980 fac50 0.809 lock 0.98 move 0.494 period None osc 0.806@49 pr 2.2 sens10 -2.39 sens50 -2.92 sat 0.001 dead 0.03 frozen 0.99 nbin 300 fat 0.014 | 33.2s
ex16|sig4_0|0|0.5|dep|30|0.5|50: static 0.999 sstatic 1.000 c1 1.000 c50 0.999 fac1 0.824 fac50 -0.019 lock 0.24 move 0.253 period None osc -0.279@7 pr 8.4 sens10 -1.11 sens50 -2.85 sat 0.016 dead 0.03 frozen 0.90 nbin 300 fat 0.181 | 60.4s
ex16|sig4_0|0|0.9|sub|3|0.5|50: static 0.924 sstatic 0.893 c1 1.000 c50 0.923 fac1 0.992 fac50 -0.058 lock 0.01 move 0.0268 period None osc -0.058@50 pr 5.9 sens10 0.46 sens50 2.37 sat 0.456 dead 0.03 frozen 0.57 nbin 300 fat 0.500 | 31.2s
ex16|sig4_0|0|0.9|sub|3|0.5|51: static 0.927 sstatic 0.896 c1 1.000 c50 0.926 fac1 0.991 fac50 -0.042 lock 0.00 move 0.025 period None osc -0.042@50 pr 5.7 sens10 0.41 sens50 2.29 sat 0.440 dead 0.03 frozen 0.59 nbin 300 fat 0.500 | 31.1s
ex16|sig4_0|0|0.5|dep|100|0.1|50: static 0.970 sstatic 0.989 c1 0.998 c50 0.971 fac1 0.939 fac50 0.012 lock 0.01 move 0.202 period None osc -0.318@13 pr 10.5 sens10 -0.40 sens50 -0.72 sat 0.043 dead 0.03 frozen 0.73 nbin 300 fat 0.266 | 60.9s
ex16|sig4_0|0|0.9|sub|3|1.0|50: static 0.001 sstatic 0.543 c1 0.942 c50 -0.044 fac1 0.941 fac50 -0.036 lock 0.01 move 0.336 period None osc -0.500@13 pr 12.3 sens10 0.64 sens50 2.87 sat 0.308 dead 0.03 frozen 0.04 nbin 300 fat 0.984 | 31.1s
ex16|sig4_0|0|0.9|sub|10|0.5|50: static 0.857 sstatic 0.847 c1 0.999 c50 0.837 fac1 0.987 fac50 -0.122 lock 0.01 move 0.0519 period None osc -0.175@34 pr 8.6 sens10 0.85 sens50 3.02 sat 0.455 dead 0.03 frozen 0.40 nbin 300 fat 0.493 | 31.3s
ex16|sig4_0|0|0.5|dep|100|0.5|50: static 1.000 sstatic 1.000 c1 1.000 c50 1.000 fac1 0.798 fac50 -0.009 lock 0.58 move 0.453 period None osc -0.287@6 pr 7.3 sens10 -1.86 sens50 -3.13 sat 0.007 dead 0.03 frozen 0.96 nbin 300 fat 0.044 | 61.3s
ex16|sig4_0|0|0.9|none|0|0.0|50: static 0.918 sstatic 0.885 c1 1.000 c50 0.917 fac1 0.993 fac50 -0.088 lock 0.01 move 0.0219 period None osc -0.088@50 pr 5.6 sens10 0.79 sens50 2.29 sat 0.472 dead 0.03 frozen 0.58 nbin 300 fat None | 51.5s
ex16|sig4_0|0|0.9|none|0|0.0|51: static 0.923 sstatic 0.887 c1 1.000 c50 0.921 fac1 0.993 fac50 -0.028 lock 0.01 move 0.0207 period None osc -0.028@50 pr 5.2 sens10 0.87 sens50 2.67 sat 0.462 dead 0.03 frozen 0.59 nbin 300 fat None | 49.0s
ex16|sig4_0|0|0.9|sub|10|0.5|51: static 0.850 sstatic 0.837 c1 0.999 c50 0.830 fac1 0.987 fac50 -0.126 lock 0.00 move 0.0519 period None osc -0.190@33 pr 8.5 sens10 0.84 sens50 2.87 sat 0.442 dead 0.03 frozen 0.40 nbin 300 fat 0.496 | 31.5s
ex16|sig4_0|0|0.5|dep|300|0.1|50: static 0.999 sstatic 1.000 c1 1.000 c50 0.998 fac1 0.888 fac50 -0.030 lock 0.43 move 0.371 period None osc -0.144@15 pr 7.8 sens10 -1.79 sens50 -2.39 sat 0.007 dead 0.03 frozen 0.94 nbin 300 fat 0.079 | 60.8s
ex16|sig4_0|0|0.9|sub|10|1.0|51: static 0.002 sstatic 0.517 c1 0.986 c50 0.221 fac1 0.984 fac50 0.187 lock 0.00 move 0.162 period None osc -0.565@26 pr 7.8 sens10 0.86 sens50 3.15 sat 0.421 dead 0.03 frozen 0.03 nbin 300 fat 0.930 | 31.2s
ex16|sig4_0|0|0.9|sub|30|0.5|50: static 0.629 sstatic 0.736 c1 0.998 c50 0.516 fac1 0.991 fac50 -0.258 lock 0.01 move 0.0643 period None osc -0.268@43 pr 7.5 sens10 0.86 sens50 3.22 sat 0.458 dead 0.03 frozen 0.17 nbin 300 fat 0.469 | 31.4s
ex16|sig4_0|0|0.9|sub|30|0.5|51: static 0.635 sstatic 0.732 c1 0.998 c50 0.534 fac1 0.991 fac50 -0.241 lock 0.00 move 0.0629 period None osc -0.252@45 pr 7.5 sens10 1.11 sens50 3.27 sat 0.446 dead 0.03 frozen 0.17 nbin 300 fat 0.479 | 31.3s
ex16|sig4_0|0|0.9|sub|3|1.0|51: static 0.001 sstatic 0.543 c1 0.943 c50 -0.025 fac1 0.943 fac50 -0.022 lock 0.00 move 0.33 period None osc -0.530@13 pr 11.9 sens10 0.54 sens50 2.77 sat 0.308 dead 0.03 frozen 0.03 nbin 300 fat 0.983 | 55.6s
ex16|sig4_0|0|0.9|sub|30|1.0|51: static 0.007 sstatic 0.516 c1 0.994 c50 -0.476 fac1 0.991 fac50 -0.401 lock 0.00 move 0.103 period None osc -0.440@44 pr 6.5 sens10 0.86 sens50 2.88 sat 0.444 dead 0.03 frozen 0.03 nbin 300 fat 0.869 | 31.2s
ex16|sig4_0|0|0.9|sub|100|1.0|50: static 0.022 sstatic 0.523 c1 0.997 c50 -0.232 fac1 0.993 fac50 -0.215 lock 0.03 move 0.0786 period None osc -0.215@50 pr 5.9 sens10 1.53 sens50 3.32 sat 0.450 dead 0.00 frozen 0.04 nbin 300 fat 0.806 | 30.9s
ex16|sig4_0|0|0.9|sub|100|1.0|51: static 0.024 sstatic 0.522 c1 0.997 c50 -0.201 fac1 0.994 fac50 -0.189 lock 0.01 move 0.0767 period None osc -0.189@50 pr 5.8 sens10 0.91 sens50 3.08 sat 0.453 dead 0.00 frozen 0.03 nbin 300 fat 0.807 | 30.9s
ex16|sig4_0|0|0.9|sub|10|1.0|50: static 0.002 sstatic 0.518 c1 0.986 c50 0.160 fac1 0.983 fac50 0.135 lock 0.01 move 0.163 period None osc -0.534@26 pr 8.1 sens10 1.10 sens50 3.28 sat 0.420 dead 0.03 frozen 0.04 nbin 300 fat 0.928 | 55.5s
ex16|sig4_0|0|0.9|sub|300|1.0|50: static 0.116 sstatic 0.553 c1 0.998 c50 0.075 fac1 0.994 fac50 -0.049 lock 0.04 move 0.0672 period None osc -0.049@50 pr 5.5 sens10 1.24 sens50 3.23 sat 0.453 dead 0.00 frozen 0.03 nbin 300 fat 0.749 | 31.0s
ex16|sig4_0|0|0.9|sub|300|1.0|51: static 0.117 sstatic 0.557 c1 0.998 c50 0.118 fac1 0.994 fac50 -0.012 lock 0.03 move 0.0652 period None osc -0.012@50 pr 5.3 sens10 0.88 sens50 2.97 sat 0.456 dead 0.00 frozen 0.03 nbin 300 fat 0.764 | 31.1s
ex16|sig4_0|0|0.9|sub|30|1.0|50: static 0.006 sstatic 0.515 c1 0.995 c50 -0.524 fac1 0.991 fac50 -0.446 lock 0.01 move 0.102 period None osc -0.462@45 pr 6.1 sens10 1.04 sens50 3.10 sat 0.442 dead 0.03 frozen 0.04 nbin 300 fat 0.853 | 56.4s
ex16|sig4_0|0|0.9|div|3|0.5|51: static 0.825 sstatic 0.886 c1 0.999 c50 0.815 fac1 0.991 fac50 -0.048 lock 0.00 move 0.0462 period None osc -0.048@50 pr 5.2 sens10 -0.03 sens50 1.44 sat 0.431 dead 0.03 frozen 0.58 nbin 300 fat 10.124 | 31.0s
ex16|sig4_0|0|0.9|div|3|2.0|50: static 0.891 sstatic 0.961 c1 0.999 c50 0.883 fac1 0.990 fac50 -0.058 lock 0.01 move 0.0437 period None osc -0.058@50 pr 4.1 sens10 -0.29 sens50 0.84 sat 0.000 dead 0.03 frozen 0.46 nbin 300 fat 37.119 | 31.0s
ex16|sig4_0|0|0.9|sub|100|0.5|50: static 0.499 sstatic 0.686 c1 0.998 c50 0.416 fac1 0.993 fac50 -0.135 lock 0.03 move 0.0579 period None osc -0.135@50 pr 6.1 sens10 1.07 sens50 3.26 sat 0.462 dead 0.00 frozen 0.10 nbin 300 fat 0.447 | 52.9s
ex16|sig4_0|0|0.9|div|3|2.0|51: static 0.880 sstatic 0.956 c1 0.999 c50 0.877 fac1 0.990 fac50 -0.023 lock 0.00 move 0.0414 period None osc -0.023@50 pr 4.1 sens10 -0.29 sens50 1.04 sat 0.000 dead 0.03 frozen 0.47 nbin 300 fat 36.624 | 30.9s
ex16|sig4_0|0|0.9|sub|100|0.5|51: static 0.478 sstatic 0.671 c1 0.998 c50 0.387 fac1 0.993 fac50 -0.144 lock 0.01 move 0.0588 period None osc -0.144@50 pr 6.2 sens10 1.07 sens50 3.17 sat 0.452 dead 0.00 frozen 0.09 nbin 300 fat 0.445 | 56.1s
ex16|sig4_0|0|0.9|div|10|0.5|51: static 0.803 sstatic 0.894 c1 0.999 c50 0.774 fac1 0.992 fac50 -0.102 lock 0.00 move 0.0443 period None osc -0.102@50 pr 5.7 sens10 -0.10 sens50 1.10 sat 0.415 dead 0.03 frozen 0.59 nbin 300 fat 10.270 | 31.2s
ex16|sig4_0|0|0.9|sub|300|0.5|50: static 0.522 sstatic 0.694 c1 0.999 c50 0.515 fac1 0.993 fac50 -0.028 lock 0.04 move 0.0523 period None osc -0.028@50 pr 5.6 sens10 0.95 sens50 2.96 sat 0.464 dead 0.00 frozen 0.12 nbin 300 fat 0.420 | 55.9s
ex16|sig4_0|0|0.9|div|10|2.0|50: static 0.855 sstatic 0.956 c1 0.999 c50 0.839 fac1 0.991 fac50 -0.116 lock 0.01 move 0.0429 period None osc -0.123@48 pr 4.8 sens10 -0.37 sens50 0.18 sat 0.000 dead 0.03 frozen 0.43 nbin 300 fat 36.981 | 31.1s
ex16|sig4_0|0|0.9|sub|300|0.5|51: static 0.489 sstatic 0.675 c1 0.999 c50 0.463 fac1 0.993 fac50 -0.049 lock 0.03 move 0.0534 period None osc -0.049@50 pr 5.7 sens10 0.84 sens50 3.28 sat 0.449 dead 0.00 frozen 0.10 nbin 300 fat 0.421 | 55.5s
ex16|sig4_0|0|0.9|div|10|2.0|51: static 0.849 sstatic 0.953 c1 0.999 c50 0.824 fac1 0.992 fac50 -0.126 lock 0.00 move 0.0399 period None osc -0.126@49 pr 4.8 sens10 -0.47 sens50 0.16 sat 0.000 dead 0.03 frozen 0.43 nbin 300 fat 36.343 | 30.9s
ex16|sig4_0|0|0.9|div|3|0.5|50: static 0.834 sstatic 0.894 c1 0.999 c50 0.827 fac1 0.990 fac50 -0.063 lock 0.01 move 0.0459 period None osc -0.063@50 pr 5.2 sens10 -0.08 sens50 1.66 sat 0.446 dead 0.03 frozen 0.60 nbin 300 fat 10.219 | 55.2s
ex16|sig4_0|0|0.9|div|30|0.5|51: static 0.763 sstatic 0.900 c1 0.999 c50 0.739 fac1 0.993 fac50 -0.069 lock 0.00 move 0.0377 period None osc -0.069@50 pr 5.2 sens10 -0.16 sens50 0.70 sat 0.392 dead 0.03 frozen 0.59 nbin 300 fat 10.142 | 30.8s
ex16|sig4_0|0|0.9|div|30|2.0|50: static 0.810 sstatic 0.950 c1 1.000 c50 0.758 fac1 0.994 fac50 -0.227 lock 0.01 move 0.0347 period None osc -0.227@50 pr 4.6 sens10 -0.51 sens50 0.04 sat 0.001 dead 0.03 frozen 0.44 nbin 300 fat 36.852 | 30.8s
ex16|sig4_0|0|0.9|div|100|0.5|50: static 0.743 sstatic 0.901 c1 0.999 c50 0.736 fac1 0.994 fac50 -0.054 lock 0.01 move 0.034 period None osc -0.054@50 pr 4.8 sens10 -0.10 sens50 0.55 sat 0.389 dead 0.03 frozen 0.59 nbin 300 fat 10.227 | 30.7s
ex16|sig4_0|0|0.9|div|100|0.5|51: static 0.764 sstatic 0.911 c1 1.000 c50 0.743 fac1 0.994 fac50 -0.100 lock 0.00 move 0.0316 period None osc -0.100@50 pr 4.6 sens10 -0.11 sens50 0.62 sat 0.380 dead 0.03 frozen 0.61 nbin 300 fat 10.166 | 30.7s
ex16|sig4_0|0|0.9|div|10|0.5|50: static 0.805 sstatic 0.899 c1 0.999 c50 0.786 fac1 0.991 fac50 -0.086 lock 0.01 move 0.0457 period None osc -0.086@50 pr 5.6 sens10 0.35 sens50 1.81 sat 0.426 dead 0.03 frozen 0.60 nbin 300 fat 10.240 | 55.3s
ex16|sig4_0|0|0.9|div|100|2.0|51: static 0.766 sstatic 0.942 c1 1.000 c50 0.740 fac1 0.996 fac50 -0.075 lock 0.00 move 0.0231 period None osc -0.075@50 pr 3.8 sens10 -0.64 sens50 -0.48 sat 0.002 dead 0.03 frozen 0.46 nbin 300 fat 36.398 | 30.5s
ex16|sig4_0|0|0.9|div|300|0.5|51: static 0.759 sstatic 0.909 c1 1.000 c50 0.754 fac1 0.994 fac50 -0.021 lock 0.00 move 0.0288 period None osc -0.021@50 pr 4.3 sens10 -0.22 sens50 0.41 sat 0.380 dead 0.03 frozen 0.61 nbin 300 fat 9.810 | 30.4s
ex16|sig4_0|0|0.9|div|300|2.0|51: static 0.792 sstatic 0.949 c1 1.000 c50 0.821 fac1 0.995 fac50 0.062 lock 0.00 move 0.0184 period None osc 0.062@50 pr 3.3 sens10 -0.65 sens50 -0.49 sat 0.005 dead 0.03 frozen 0.47 nbin 300 fat 35.774 | 30.2s
ex16|sig4_0|0|0.9|div|30|0.5|50: static 0.771 sstatic 0.905 c1 0.999 c50 0.756 fac1 0.993 fac50 -0.085 lock 0.01 move 0.0379 period None osc -0.085@50 pr 5.3 sens10 -0.03 sens50 0.98 sat 0.407 dead 0.03 frozen 0.60 nbin 300 fat 10.252 | 54.5s
ex16|sig4_0|0|0.9|dep|3|0.1|51: static 0.926 sstatic 0.890 c1 1.000 c50 0.919 fac1 0.993 fac50 -0.102 lock 0.01 move 0.021 period None osc -0.102@50 pr 5.6 sens10 0.79 sens50 2.35 sat 0.455 dead 0.03 frozen 0.60 nbin 300 fat 0.885 | 32.9s
ex16|sig4_0|0|0.9|div|30|2.0|51: static 0.800 sstatic 0.947 c1 1.000 c50 0.730 fac1 0.994 fac50 -0.315 lock 0.00 move 0.0327 period None osc -0.315@50 pr 4.6 sens10 -0.60 sens50 -0.26 sat 0.000 dead 0.03 frozen 0.45 nbin 300 fat 36.601 | 54.7s
ex16|sig4_0|0|0.9|dep|3|0.5|51: static 0.931 sstatic 0.900 c1 1.000 c50 0.929 fac1 0.994 fac50 -0.047 lock 0.02 move 0.0185 period None osc -0.047@50 pr 5.1 sens10 0.29 sens50 1.59 sat 0.434 dead 0.03 frozen 0.62 nbin 300 fat 0.695 | 33.0s
ex16|sig4_0|0|0.9|dep|10|0.1|50: static 0.927 sstatic 0.894 c1 1.000 c50 0.924 fac1 0.992 fac50 -0.058 lock 0.01 move 0.026 period None osc -0.058@50 pr 6.0 sens10 0.66 sens50 2.11 sat 0.454 dead 0.03 frozen 0.58 nbin 300 fat 0.736 | 33.2s
ex16|sig4_0|0|0.9|div|100|2.0|50: static 0.774 sstatic 0.945 c1 1.000 c50 0.737 fac1 0.995 fac50 -0.159 lock 0.01 move 0.0267 period None osc -0.159@50 pr 3.9 sens10 -0.44 sens50 -0.03 sat 0.003 dead 0.03 frozen 0.45 nbin 300 fat 36.800 | 55.0s
ex16|sig4_0|0|0.9|div|300|0.5|50: static 0.761 sstatic 0.914 c1 1.000 c50 0.750 fac1 0.994 fac50 -0.050 lock 0.01 move 0.0309 period None osc -0.050@50 pr 4.5 sens10 -0.14 sens50 0.45 sat 0.392 dead 0.03 frozen 0.61 nbin 300 fat 9.850 | 55.3s
ex16|sig4_0|0|0.9|dep|10|0.1|51: static 0.928 sstatic 0.893 c1 1.000 c50 0.928 fac1 0.992 fac50 -0.044 lock 0.01 move 0.024 period None osc -0.044@50 pr 5.7 sens10 0.65 sens50 2.24 sat 0.444 dead 0.03 frozen 0.60 nbin 300 fat 0.742 | 33.2s
ex16|sig4_0|0|0.9|dep|10|0.5|50: static 0.954 sstatic 0.938 c1 1.000 c50 0.952 fac1 0.993 fac50 -0.077 lock 0.04 move 0.0275 period None osc -0.077@50 pr 5.4 sens10 0.23 sens50 1.09 sat 0.391 dead 0.03 frozen 0.69 nbin 300 fat 0.532 | 33.1s
ex16|sig4_0|0|0.9|dep|30|0.1|50: static 0.891 sstatic 0.881 c1 0.999 c50 0.874 fac1 0.989 fac50 -0.130 lock 0.01 move 0.0425 period None osc -0.153@39 pr 7.9 sens10 0.56 sens50 2.35 sat 0.426 dead 0.03 frozen 0.48 nbin 300 fat 0.563 | 33.1s
ex16|sig4_0|0|0.9|div|300|2.0|50: static 0.798 sstatic 0.952 c1 1.000 c50 0.846 fac1 0.995 fac50 0.125 lock 0.01 move 0.0201 period None osc 0.125@50 pr 3.1 sens10 -0.41 sens50 0.23 sat 0.004 dead 0.03 frozen 0.47 nbin 300 fat 36.154 | 54.9s
ex16|sig4_0|0|0.9|dep|30|0.1|51: static 0.895 sstatic 0.876 c1 0.999 c50 0.876 fac1 0.989 fac50 -0.155 lock 0.00 move 0.0406 period None osc -0.174@38 pr 8.0 sens10 0.55 sens50 1.95 sat 0.412 dead 0.03 frozen 0.48 nbin 300 fat 0.569 | 33.4s
ex16|sig4_0|0|0.9|dep|3|0.1|50: static 0.923 sstatic 0.889 c1 1.000 c50 0.919 fac1 0.993 fac50 -0.079 lock 0.01 move 0.0216 period None osc -0.079@50 pr 5.5 sens10 0.68 sens50 2.38 sat 0.465 dead 0.03 frozen 0.59 nbin 300 fat 0.882 | 59.6s
ex16|sig4_0|0|0.9|dep|30|0.5|50: static 0.981 sstatic 0.981 c1 1.000 c50 0.977 fac1 0.990 fac50 -0.170 lock 0.08 move 0.0516 period None osc -0.285@36 pr 6.3 sens10 0.01 sens50 0.17 sat 0.268 dead 0.03 frozen 0.77 nbin 300 fat 0.367 | 33.3s
ex16|sig4_0|0|0.9|dep|3|0.5|50: static 0.927 sstatic 0.903 c1 1.000 c50 0.927 fac1 0.994 fac50 -0.016 lock 0.01 move 0.0204 period None osc -0.016@50 pr 5.0 sens10 0.42 sens50 1.72 sat 0.448 dead 0.03 frozen 0.61 nbin 300 fat 0.688 | 59.7s
ex16|sig4_0|0|0.9|dep|100|0.1|50: static 0.750 sstatic 0.823 c1 0.998 c50 0.704 fac1 0.989 fac50 -0.174 lock 0.01 move 0.0657 period None osc -0.204@38 pr 8.3 sens10 0.30 sens50 1.38 sat 0.351 dead 0.03 frozen 0.27 nbin 300 fat 0.332 | 33.2s
ex16|sig4_0|0|0.9|dep|30|0.5|51: static 0.991 sstatic 0.991 c1 1.000 c50 0.989 fac1 0.991 fac50 -0.213 lock 0.61 move 0.0273 period None osc -0.460@35 pr 4.6 sens10 -0.01 sens50 -0.00 sat 0.249 dead 0.03 frozen 0.86 nbin 300 fat 0.388 | 43.9s
ex16|sig4_0|0|0.9|dep|100|0.5|50: static 0.998 sstatic 0.999 c1 1.000 c50 0.998 fac1 0.990 fac50 -0.240 lock 0.78 move 0.0908 period None osc -0.301@38 pr 5.2 sens10 -0.27 sens50 -0.92 sat 0.073 dead 0.03 frozen 0.91 nbin 300 fat 0.132 | 33.3s
ex16|sig4_0|0|0.9|dep|100|0.5|51: static 1.000 sstatic 1.000 c1 1.000 c50 1.000 fac1 0.994 fac50 -0.198 lock 0.98 move 0.0605 period None osc -0.577@33 pr 3.2 sens10 -0.27 sens50 -0.89 sat 0.057 dead 0.03 frozen 0.99 nbin 289 fat 0.134 | 33.5s
ex16|sig4_0|0|0.9|dep|10|0.5|51: static 0.959 sstatic 0.944 c1 1.000 c50 0.959 fac1 0.993 fac50 -0.050 lock 0.13 move 0.0181 period None osc -0.050@50 pr 4.8 sens10 0.20 sens50 0.77 sat 0.377 dead 0.03 frozen 0.71 nbin 300 fat 0.540 | 60.0s
ex16|sig4_0|0|0.9|dep|300|0.5|50: static 1.000 sstatic 1.000 c1 1.000 c50 1.000 fac1 0.986 fac50 -0.071 lock 0.81 move 0.11 period None osc -0.265@27 pr 4.1 sens10 -0.45 sens50 -1.78 sat 0.019 dead 0.03 frozen 0.97 nbin 300 fat 0.026 | 33.2s
ex16|sig4_0|0|0.9|dep|300|0.5|51: static 1.000 sstatic 1.000 c1 1.000 c50 1.000 fac1 0.989 fac50 0.164 lock 0.98 move 0.0974 period None osc -0.310@29 pr 2.7 sens10 -0.45 sens50 -1.70 sat 0.004 dead 0.03 frozen 0.99 nbin 271 fat 0.020 | 34.7s
ex16|step1|1|0.0|sub|3|0.5|50: static 0.047 sstatic 0.130 c1 -0.093 c50 0.039 fac1 -0.145 fac50 -0.003 lock 0.00 move 1.48 period None osc -0.145@1 pr 21.3 sens10 -99.00 sens50 -99.00 sat 0.101 dead 0.04 frozen 0.04 nbin 300 fat 0.266 | 28.2s
ex16|step1|1|0.0|sub|3|1.0|50: static 0.000 sstatic 0.003 c1 0.205 c50 0.030 fac1 -0.168 fac50 -0.000 lock 0.00 move 1.53 period None osc -0.168@1 pr 6.3 sens10 -99.00 sens50 -99.00 sat 0.001 dead 0.19 frozen 0.61 nbin 300 fat 0.765 | 28.2s
ex16|step1|1|0.0|sub|10|0.5|50: static 0.047 sstatic 0.155 c1 -0.009 c50 0.041 fac1 -0.056 fac50 -0.001 lock 0.00 move 1.42 period None osc -0.056@1 pr 21.6 sens10 -99.00 sens50 -99.00 sat 0.127 dead 0.04 frozen 0.04 nbin 300 fat 0.212 | 28.8s
ex16|step1|1|0.0|none|0|0.0|50: static 0.277 sstatic 0.272 c1 0.255 c50 0.263 fac1 -0.013 fac50 -0.002 lock 0.00 move 1.21 period None osc -0.013@1 pr 20.4 sens10 -99.00 sens50 -99.00 sat 0.153 dead 0.04 frozen 0.04 nbin 300 fat None | 46.8s
ex16|step1|1|0.0|none|0|0.0|51: static 0.264 sstatic 0.259 c1 0.251 c50 0.248 fac1 -0.003 fac50 -0.002 lock 0.00 move 1.22 period None osc -0.008@28 pr 20.1 sens10 -99.00 sens50 -99.00 sat 0.148 dead 0.03 frozen 0.03 nbin 300 fat None | 48.1s
ex16|sig4_0|0|0.9|dep|100|0.1|51: static 0.742 sstatic 0.818 c1 0.998 c50 0.685 fac1 0.990 fac50 -0.190 lock 0.00 move 0.0613 period None osc -0.211@43 pr 8.1 sens10 0.26 sens50 1.46 sat 0.336 dead 0.03 frozen 0.27 nbin 300 fat 0.344 | 62.2s
ex16|step1|1|0.0|sub|10|0.5|51: static 0.045 sstatic 0.154 c1 -0.008 c50 0.041 fac1 -0.053 fac50 -0.001 lock 0.00 move 1.42 period None osc -0.053@1 pr 21.3 sens10 -99.00 sens50 -99.00 sat 0.123 dead 0.03 frozen 0.03 nbin 300 fat 0.218 | 29.0s
ex16|step1|1|0.0|sub|10|1.0|50: static 0.000 sstatic 0.129 c1 -0.059 c50 0.000 fac1 -0.062 fac50 0.000 lock 0.00 move 1.46 period None osc -0.062@1 pr 21.9 sens10 -99.00 sens50 -99.00 sat 0.116 dead 0.04 frozen 0.04 nbin 300 fat 0.404 | 28.9s
ex16|sig4_0|0|0.9|dep|300|0.1|50: static 0.739 sstatic 0.870 c1 0.999 c50 0.684 fac1 0.991 fac50 -0.215 lock 0.01 move 0.0778 period None osc -0.220@46 pr 7.3 sens10 0.05 sens50 0.70 sat 0.186 dead 0.03 frozen 0.32 nbin 300 fat 0.171 | 62.1s
ex16|step1|1|0.0|sub|10|1.0|51: static 0.000 sstatic 0.128 c1 -0.063 c50 0.000 fac1 -0.064 fac50 0.000 lock 0.00 move 1.46 period None osc -0.064@1 pr 21.8 sens10 -99.00 sens50 -99.00 sat 0.115 dead 0.03 frozen 0.03 nbin 300 fat 0.404 | 29.0s
ex16|sig4_0|0|0.9|dep|300|0.1|51: static 0.722 sstatic 0.854 c1 0.999 c50 0.672 fac1 0.992 fac50 -0.193 lock 0.00 move 0.0616 period None osc -0.200@45 pr 7.1 sens10 0.11 sens50 0.95 sat 0.172 dead 0.03 frozen 0.30 nbin 300 fat 0.168 | 62.1s
ex16|step1|1|0.0|sub|30|0.5|51: static 0.045 sstatic 0.159 c1 0.020 c50 0.040 fac1 -0.021 fac50 -0.002 lock 0.00 move 1.4 period None osc -0.021@1 pr 20.8 sens10 -99.00 sens50 -99.00 sat 0.130 dead 0.03 frozen 0.03 nbin 300 fat 0.197 | 28.9s
ex16|step1|1|0.0|sub|30|1.0|50: static 0.000 sstatic 0.139 c1 -0.022 c50 -0.004 fac1 -0.023 fac50 -0.005 lock 0.00 move 1.43 period None osc -0.023@1 pr 21.3 sens10 -99.00 sens50 -99.00 sat 0.127 dead 0.04 frozen 0.04 nbin 300 fat 0.394 | 29.0s
ex16|step1|1|0.0|sub|3|0.5|51: static 0.046 sstatic 0.128 c1 -0.092 c50 0.045 fac1 -0.143 fac50 0.005 lock 0.00 move 1.48 period None osc -0.143@1 pr 21.0 sens10 -99.00 sens50 -99.00 sat 0.097 dead 0.03 frozen 0.03 nbin 300 fat 0.261 | 53.1s
ex16|step1|1|0.0|sub|30|1.0|51: static 0.000 sstatic 0.140 c1 -0.021 c50 0.000 fac1 -0.023 fac50 0.000 lock 0.00 move 1.43 period None osc -0.024@3 pr 21.2 sens10 -99.00 sens50 -99.00 sat 0.127 dead 0.03 frozen 0.03 nbin 300 fat 0.374 | 29.1s
ex16|step1|1|0.0|sub|3|1.0|51: static 0.000 sstatic 0.000 c1 0.000 c50 0.000 fac1 -0.173 fac50 -0.003 lock 0.00 move 1.53 period None osc -0.173@1 pr 8.5 sens10 -99.00 sens50 -99.00 sat 0.000 dead 0.97 frozen 0.99 nbin 300 fat 0.724 | 52.8s
ex16|step1|1|0.0|sub|100|0.5|50: static 0.048 sstatic 0.163 c1 0.034 c50 0.040 fac1 -0.010 fac50 -0.003 lock 0.04 move 1.39 period None osc -0.011@3 pr 21.0 sens10 -99.00 sens50 -99.00 sat 0.135 dead 0.00 frozen 0.04 nbin 300 fat 0.206 | 28.8s
ex16|step1|1|0.0|sub|100|0.5|51: static 0.044 sstatic 0.160 c1 0.029 c50 0.037 fac1 -0.013 fac50 -0.005 lock 0.03 move 1.39 period None osc -0.013@1 pr 20.9 sens10 -99.00 sens50 -99.00 sat 0.132 dead 0.00 frozen 0.03 nbin 300 fat 0.204 | 28.3s
ex16|step1|1|0.0|sub|30|0.5|50: static 0.046 sstatic 0.161 c1 0.024 c50 0.039 fac1 -0.021 fac50 -0.003 lock 0.00 move 1.39 period None osc -0.022@3 pr 21.0 sens10 -99.00 sens50 -99.00 sat 0.133 dead 0.04 frozen 0.04 nbin 300 fat 0.212 | 51.8s
ex16|step1|1|0.0|sub|300|0.5|51: static 0.051 sstatic 0.162 c1 0.044 c50 0.045 fac1 -0.003 fac50 -0.002 lock 0.03 move 1.38 period None osc -0.008@6 pr 20.8 sens10 -99.00 sens50 -99.00 sat 0.133 dead 0.00 frozen 0.03 nbin 300 fat 0.202 | 28.2s
ex16|step1|1|0.0|sub|300|1.0|50: static 0.003 sstatic 0.145 c1 -0.004 c50 -0.000 fac1 -0.008 fac50 -0.003 lock 0.04 move 1.42 period None osc -0.008@1 pr 21.3 sens10 4.14 sens50 4.14 sat 0.132 dead 0.00 frozen 0.04 nbin 300 fat 0.377 | 28.0s
ex16|step1|1|0.0|div|3|0.5|50: static 0.068 sstatic 0.066 c1 0.040 c50 0.046 fac1 -0.011 fac50 -0.005 lock 0.00 move 1.36 period None osc -0.024@9 pr 19.6 sens10 -99.00 sens50 -99.00 sat 0.042 dead 0.04 frozen 0.04 nbin 300 fat 0.172 | 28.1s
ex16|step1|1|0.0|div|3|2.0|50: static 0.369 sstatic 0.000 c1 0.000 c50 0.000 fac1 -0.042 fac50 -0.018 lock 0.00 move 1.14 period None osc -0.042@1 pr 16.1 sens10 -99.00 sens50 -99.00 sat 0.000 dead 0.96 frozen 0.97 nbin 283 fat 0.044 | 28.2s
ex16|step1|1|0.0|div|10|0.5|51: static 0.077 sstatic 0.080 c1 0.064 c50 0.043 fac1 0.033 fac50 -0.011 lock 0.00 move 1.34 period None osc -0.039@9 pr 18.5 sens10 -99.00 sens50 -99.00 sat 0.051 dead 0.03 frozen 0.03 nbin 300 fat 0.236 | 28.0s
ex16|step1|1|0.0|div|3|2.0|51: static 0.348 sstatic 0.000 c1 0.000 c50 0.000 fac1 -0.067 fac50 -0.014 lock 0.00 move 1.17 period None osc -0.067@1 pr 15.7 sens10 -99.00 sens50 -99.00 sat 0.000 dead 0.99 frozen 0.99 nbin 182 fat 0.011 | 33.7s
ex16|step1|1|0.0|sub|100|1.0|50: static 0.001 sstatic 0.143 c1 -0.011 c50 -0.002 fac1 -0.012 fac50 -0.003 lock 0.03 move 1.42 period None osc -0.012@1 pr 21.3 sens10 -99.00 sens50 -99.00 sat 0.131 dead 0.00 frozen 0.04 nbin 300 fat 0.390 | 48.7s
ex16|step1|1|0.0|sub|100|1.0|51: static 0.001 sstatic 0.143 c1 -0.009 c50 -0.002 fac1 -0.011 fac50 -0.003 lock 0.02 move 1.42 period None osc -0.011@1 pr 21.3 sens10 4.14 sens50 4.15 sat 0.130 dead 0.00 frozen 0.03 nbin 300 fat 0.379 | 52.3s
ex16|step1|1|0.0|sub|300|0.5|50: static 0.053 sstatic 0.166 c1 0.041 c50 0.046 fac1 -0.008 fac50 -0.003 lock 0.04 move 1.38 period None osc -0.008@1 pr 20.9 sens10 -99.00 sens50 -99.00 sat 0.136 dead 0.00 frozen 0.04 nbin 300 fat 0.203 | 52.5s
ex16|step1|1|0.0|div|30|0.5|50: static 0.099 sstatic 0.102 c1 0.085 c50 0.089 fac1 0.003 fac50 0.004 lock 0.00 move 1.34 period None osc -0.022@8 pr 20.5 sens10 -99.00 sens50 -99.00 sat 0.067 dead 0.04 frozen 0.04 nbin 300 fat 0.349 | 28.5s
ex16|step1|1|0.0|sub|300|1.0|51: static 0.003 sstatic 0.145 c1 -0.005 c50 -0.001 fac1 -0.008 fac50 -0.003 lock 0.03 move 1.42 period None osc -0.008@1 pr 21.2 sens10 -99.00 sens50 -99.00 sat 0.131 dead 0.00 frozen 0.03 nbin 300 fat 0.359 | 52.7s
ex16|step1|1|0.0|div|30|2.0|50: static 0.012 sstatic 0.011 c1 0.008 c50 0.000 fac1 0.134 fac50 -0.008 lock 0.00 move 1.19 period None osc -0.013@25 pr 7.7 sens10 -99.00 sens50 -99.00 sat 0.006 dead 0.04 frozen 0.08 nbin 298 fat 0.053 | 28.8s
ex16|step1|1|0.0|div|30|2.0|51: static 0.007 sstatic 0.007 c1 0.004 c50 0.000 fac1 0.122 fac50 -0.008 lock 0.00 move 1.18 period None osc -0.008@50 pr 5.6 sens10 -99.00 sens50 -99.00 sat 0.003 dead 0.03 frozen 0.16 nbin 252 fat 0.013 | 28.8s
ex16|step1|1|0.0|div|3|0.5|51: static 0.003 sstatic 0.000 c1 0.000 c50 0.000 fac1 -0.003 fac50 -0.004 lock 0.00 move 1.17 period None osc -0.004@50 pr 2.6 sens10 -99.00 sens50 -99.00 sat 0.000 dead 0.73 frozen 0.93 nbin 300 fat 0.003 | 52.6s
ex16|step1|1|0.0|div|100|0.5|50: static 0.102 sstatic 0.105 c1 0.087 c50 0.090 fac1 -0.004 fac50 -0.000 lock 0.00 move 1.34 period None osc -0.013@41 pr 20.6 sens10 -99.00 sens50 -99.00 sat 0.069 dead 0.04 frozen 0.04 nbin 300 fat 0.344 | 29.0s
ex16|step1|1|0.0|div|10|0.5|50: static 0.094 sstatic 0.096 c1 0.072 c50 0.082 fac1 0.006 fac50 0.010 lock 0.00 move 1.34 period None osc -0.031@8 pr 20.1 sens10 -99.00 sens50 -99.00 sat 0.061 dead 0.04 frozen 0.04 nbin 300 fat 0.302 | 52.6s
ex16|step1|1|0.0|div|100|0.5|51: static 0.097 sstatic 0.103 c1 0.083 c50 0.088 fac1 -0.001 fac50 0.002 lock 0.00 move 1.35 period None osc -0.016@9 pr 20.0 sens10 -99.00 sens50 -99.00 sat 0.064 dead 0.03 frozen 0.03 nbin 300 fat 0.330 | 28.6s
ex16|step1|1|0.0|div|10|2.0|50: static 0.007 sstatic 0.000 c1 0.000 c50 0.000 fac1 -0.007 fac50 -0.006 lock 0.00 move 1.16 period None osc -0.007@3 pr 4.8 sens10 -99.00 sens50 -99.00 sat 0.000 dead 0.80 frozen 0.94 nbin 295 fat 0.048 | 51.5s
ex16|step1|1|0.0|div|10|2.0|51: static 0.333 sstatic 0.003 c1 0.000 c50 0.000 fac1 -0.031 fac50 -0.001 lock 0.00 move 1.17 period None osc -0.031@1 pr 10.7 sens10 -99.00 sens50 -99.00 sat 0.000 dead 0.98 frozen 0.99 nbin 240 fat 0.012 | 51.9s
ex16|step1|1|0.0|div|100|2.0|50: static 0.016 sstatic 0.016 c1 0.013 c50 0.000 fac1 0.153 fac50 -0.006 lock 0.00 move 1.21 period None osc -0.015@30 pr 9.3 sens10 -99.00 sens50 -99.00 sat 0.009 dead 0.04 frozen 0.06 nbin 299 fat 0.086 | 28.6s
ex16|step1|1|0.0|div|100|2.0|51: static 0.016 sstatic 0.017 c1 0.014 c50 0.000 fac1 0.159 fac50 -0.019 lock 0.00 move 1.2 period None osc -0.019@50 pr 9.1 sens10 -99.00 sens50 -99.00 sat 0.009 dead 0.03 frozen 0.05 nbin 261 fat 0.088 | 28.5s
ex16|step1|1|0.0|div|30|0.5|51: static 0.093 sstatic 0.099 c1 0.073 c50 0.080 fac1 -0.005 fac50 -0.005 lock 0.00 move 1.35 period None osc -0.019@7 pr 20.1 sens10 -99.00 sens50 -99.00 sat 0.063 dead 0.03 frozen 0.03 nbin 300 fat 0.331 | 52.1s
ex16|step1|1|0.0|div|300|2.0|51: static 0.043 sstatic 0.046 c1 0.039 c50 0.022 fac1 0.106 fac50 0.008 lock 0.00 move 1.27 period None osc 0.007@47 pr 14.5 sens10 -99.00 sens50 -99.00 sat 0.028 dead 0.03 frozen 0.03 nbin 278 fat 0.322 | 28.1s
ex16|step1|1|0.0|dep|3|0.1|51: static 0.241 sstatic 0.251 c1 0.216 c50 0.238 fac1 -0.028 fac50 0.001 lock 0.00 move 1.25 period None osc -0.028@1 pr 20.2 sens10 -99.00 sens50 -99.00 sat 0.143 dead 0.03 frozen 0.03 nbin 300 fat 0.960 | 31.1s
ex16|step1|1|0.0|dep|3|0.5|50: static 0.032 sstatic 0.000 c1 0.000 c50 0.000 fac1 -0.020 fac50 -0.004 lock 0.00 move 1.2 period None osc -0.020@1 pr 6.8 sens10 -99.00 sens50 -99.00 sat 0.005 dead 0.38 frozen 0.72 nbin 300 fat 0.995 | 31.0s
ex16|step1|1|0.0|dep|10|0.1|50: static 0.217 sstatic 0.241 c1 0.186 c50 0.204 fac1 -0.035 fac50 -0.003 lock 0.00 move 1.27 period None osc -0.035@1 pr 21.0 sens10 4.10 sens50 4.09 sat 0.143 dead 0.04 frozen 0.04 nbin 300 fat 0.882 | 31.2s
ex16|step1|1|0.0|div|300|0.5|50: static 0.106 sstatic 0.109 c1 0.092 c50 0.096 fac1 -0.001 fac50 0.001 lock 0.00 move 1.34 period None osc -0.015@7 pr 20.6 sens10 -99.00 sens50 -99.00 sat 0.072 dead 0.04 frozen 0.04 nbin 300 fat 0.342 | 50.7s
ex16|step1|1|0.0|dep|10|0.5|50: static 0.009 sstatic 0.000 c1 0.000 c50 0.000 fac1 -0.009 fac50 -0.006 lock 0.00 move 1.16 period None osc -0.009@1 pr 6.5 sens10 -99.00 sens50 -99.00 sat 0.004 dead 0.51 frozen 0.84 nbin 300 fat 0.989 | 31.7s
ex16|step1|1|0.0|dep|30|0.1|50: static 0.157 sstatic 0.189 c1 0.138 c50 0.151 fac1 -0.018 fac50 -0.001 lock 0.00 move 1.3 period None osc -0.018@3 pr 21.3 sens10 -99.00 sens50 -99.00 sat 0.114 dead 0.04 frozen 0.04 nbin 300 fat 0.776 | 31.5s
ex16|step1|1|0.0|dep|30|0.1|51: static 0.144 sstatic 0.172 c1 0.121 c50 0.139 fac1 -0.019 fac50 -0.001 lock 0.00 move 1.32 period None osc -0.019@1 pr 20.9 sens10 -99.00 sens50 -99.00 sat 0.104 dead 0.03 frozen 0.03 nbin 300 fat 0.792 | 31.5s
ex16|step1|1|0.0|div|300|0.5|51: static 0.098 sstatic 0.107 c1 0.083 c50 0.084 fac1 -0.005 fac50 -0.001 lock 0.00 move 1.35 period None osc -0.011@7 pr 20.2 sens10 -99.00 sens50 -99.00 sat 0.067 dead 0.03 frozen 0.03 nbin 300 fat 0.329 | 52.6s
ex16|step1|1|0.0|div|300|2.0|50: static 0.013 sstatic 0.013 c1 0.008 c50 0.000 fac1 0.067 fac50 -0.002 lock 0.00 move 1.21 period None osc -0.002@50 pr 12.3 sens10 -99.00 sens50 -99.00 sat 0.007 dead 0.04 frozen 0.05 nbin 298 fat 0.214 | 52.6s
ex16|step1|1|0.0|dep|30|0.5|50: static 0.098 sstatic 0.000 c1 0.000 c50 0.000 fac1 -0.029 fac50 -0.008 lock 0.00 move 1.11 period None osc -0.029@1 pr 11.0 sens10 -99.00 sens50 -99.00 sat 0.004 dead 0.78 frozen 0.91 nbin 300 fat 0.982 | 31.9s
ex16|step1|1|0.0|dep|100|0.1|50: static 0.038 sstatic 0.042 c1 0.035 c50 0.000 fac1 0.098 fac50 -0.033 lock 0.00 move 1.25 period None osc -0.036@43 pr 14.5 sens10 -99.00 sens50 -99.00 sat 0.029 dead 0.04 frozen 0.04 nbin 300 fat 0.806 | 31.6s
ex16|step1|1|0.0|dep|3|0.1|50: static 0.255 sstatic 0.263 c1 0.230 c50 0.248 fac1 -0.030 fac50 -0.001 lock 0.00 move 1.24 period None osc -0.030@1 pr 20.6 sens10 -99.00 sens50 -99.00 sat 0.150 dead 0.04 frozen 0.04 nbin 300 fat 0.958 | 57.8s
ex16|step1|1|0.0|dep|3|0.5|51: static 0.154 sstatic 0.011 c1 0.000 c50 0.000 fac1 -0.022 fac50 -0.011 lock 0.00 move 1.1 period None osc -0.022@1 pr 9.2 sens10 -99.00 sens50 -99.00 sat 0.001 dead 0.97 frozen 0.99 nbin 300 fat 0.999 | 58.4s
ex16|step1|1|0.0|dep|100|0.5|50: static 0.071 sstatic 0.000 c1 0.000 c50 0.000 fac1 -0.023 fac50 -0.006 lock 0.00 move 1.09 period None osc -0.023@1 pr 13.3 sens10 -99.00 sens50 -99.00 sat 0.004 dead 0.82 frozen 0.95 nbin 300 fat 0.975 | 32.0s
ex16|step1|1|0.0|dep|10|0.1|51: static 0.204 sstatic 0.228 c1 0.177 c50 0.193 fac1 -0.030 fac50 -0.004 lock 0.00 move 1.28 period None osc -0.030@1 pr 20.7 sens10 -99.00 sens50 -99.00 sat 0.135 dead 0.03 frozen 0.03 nbin 300 fat 0.887 | 58.6s
ex16|step1|1|0.0|dep|10|0.5|51: static 0.406 sstatic 0.194 c1 0.000 c50 0.000 fac1 -0.043 fac50 0.002 lock 0.00 move 1.1 period None osc -0.043@1 pr 13.7 sens10 -99.00 sens50 -99.00 sat 0.001 dead 0.98 frozen 0.99 nbin 300 fat 0.998 | 58.9s
ex16|step1|1|0.0|dep|300|0.5|50: static 0.042 sstatic 0.000 c1 0.000 c50 0.000 fac1 -0.019 fac50 -0.008 lock 0.00 move 1.09 period None osc -0.019@1 pr 11.3 sens10 -99.00 sens50 -99.00 sat 0.004 dead 0.82 frozen 0.96 nbin 299 fat 0.963 | 31.8s
ex16|step1|1|0.5|sub|3|0.5|50: static 0.097 sstatic 0.109 c1 0.693 c50 -0.132 fac1 0.581 fac50 -0.090 lock 0.00 move 0.805 period None osc -0.146@8 pr 12.0 sens10 -2.81 sens50 -10.47 sat 0.061 dead 0.04 frozen 0.04 nbin 300 fat 0.587 | 28.9s
ex16|step1|1|0.0|dep|30|0.5|51: static 0.406 sstatic 0.194 c1 0.000 c50 0.000 fac1 -0.038 fac50 0.005 lock 0.00 move 1.1 period None osc -0.038@1 pr 14.2 sens10 -99.00 sens50 -99.00 sat 0.001 dead 0.98 frozen 0.99 nbin 298 fat 0.996 | 59.5s
ex16|step1|1|0.0|dep|100|0.1|51: static 0.079 sstatic 0.007 c1 0.000 c50 0.000 fac1 -0.010 fac50 -0.004 lock 0.00 move 1.11 period None osc -0.019@19 pr 8.9 sens10 -99.00 sens50 -99.00 sat 0.001 dead 0.97 frozen 0.99 nbin 300 fat 0.996 | 52.5s
ex16|step1|1|0.5|sub|3|0.5|51: static 0.022 sstatic 0.025 c1 0.457 c50 0.053 fac1 0.616 fac50 -0.023 lock 0.00 move 0.89 period None osc -0.054@8 pr 6.9 sens10 -3.05 sens50 -8.07 sat 0.013 dead 0.03 frozen 0.06 nbin 300 fat 0.483 | 28.7s
ex16|step1|1|0.0|dep|100|0.5|51: static 0.406 sstatic 0.194 c1 0.000 c50 0.000 fac1 -0.022 fac50 0.005 lock 0.00 move 1.1 period None osc -0.024@48 pr 14.4 sens10 -99.00 sens50 -99.00 sat 0.001 dead 0.98 frozen 0.99 nbin 298 fat 0.994 | 55.3s
ex16|step1|1|0.0|dep|300|0.1|50: static 0.005 sstatic 0.000 c1 0.000 c50 0.000 fac1 -0.004 fac50 -0.004 lock 0.00 move 1.13 period None osc -0.004@1 pr 6.5 sens10 -99.00 sens50 -99.00 sat 0.004 dead 0.56 frozen 0.85 nbin 300 fat 0.966 | 53.4s
ex16|step1|1|0.5|sub|10|0.5|50: static 0.093 sstatic 0.153 c1 0.765 c50 0.080 fac1 0.745 fac50 -0.005 lock 0.00 move 0.676 period None osc -0.154@8 pr 18.2 sens10 -1.66 sens50 4.14 sat 0.110 dead 0.04 frozen 0.04 nbin 300 fat 0.285 | 28.6s
ex16|step1|1|0.5|none|0|0.0|50: static 0.484 sstatic 0.392 c1 0.926 c50 0.480 fac1 0.856 fac50 -0.019 lock 0.00 move 0.383 period None osc -0.031@14 pr 14.9 sens10 -2.26 sens50 -15.77 sat 0.156 dead 0.04 frozen 0.07 nbin 300 fat None | 47.8s
ex16|step1|1|0.0|dep|300|0.1|51: static 0.406 sstatic 0.194 c1 0.000 c50 0.000 fac1 -0.022 fac50 0.005 lock 0.00 move 1.1 period None osc -0.024@48 pr 14.4 sens10 -99.00 sens50 -99.00 sat 0.001 dead 0.98 frozen 0.99 nbin 298 fat 0.984 | 55.1s
ex16|step1|1|0.5|none|0|0.0|51: static 0.493 sstatic 0.388 c1 0.928 c50 0.467 fac1 0.858 fac50 -0.034 lock 0.00 move 0.377 period None osc -0.034@50 pr 14.6 sens10 -2.22 sens50 -4.21 sat 0.153 dead 0.03 frozen 0.06 nbin 300 fat None | 47.9s
ex16|step1|1|0.0|dep|300|0.5|51: static 0.406 sstatic 0.194 c1 0.000 c50 0.000 fac1 -0.022 fac50 0.004 lock 0.00 move 1.1 period None osc -0.024@48 pr 13.8 sens10 -99.00 sens50 -99.00 sat 0.001 dead 0.98 frozen 0.99 nbin 298 fat 0.986 | 55.2s
ex16|step1|1|0.5|sub|10|1.0|51: static 0.000 sstatic 0.107 c1 0.702 c50 0.003 fac1 0.705 fac50 0.003 lock 0.00 move 0.767 period None osc -0.168@7 pr 19.2 sens10 3.90 sens50 4.16 sat 0.097 dead 0.03 frozen 0.03 nbin 300 fat 0.535 | 28.3s
ex16|step1|1|0.5|sub|30|0.5|50: static 0.082 sstatic 0.165 c1 0.824 c50 0.062 fac1 0.809 fac50 -0.017 lock 0.00 move 0.588 period None osc -0.090@11 pr 17.1 sens10 -1.89 sens50 -2.49 sat 0.124 dead 0.04 frozen 0.04 nbin 300 fat 0.274 | 28.4s
ex16|step1|1|0.5|sub|3|1.0|50: static 0.000 sstatic 0.000 c1 0.000 c50 0.000 fac1 0.250 fac50 -0.000 lock 0.00 move 1.21 period None osc -0.140@4 pr 4.7 sens10 -1.82 sens50 -8.82 sat 0.000 dead 0.55 frozen 0.86 nbin 300 fat 1.027 | 53.3s
ex16|step1|1|0.5|sub|30|1.0|50: static 0.001 sstatic 0.129 c1 0.791 c50 -0.011 fac1 0.795 fac50 -0.011 lock 0.00 move 0.641 period None osc -0.094@11 pr 18.0 sens10 -1.59 sens50 -2.20 sat 0.116 dead 0.04 frozen 0.04 nbin 300 fat 0.490 | 28.8s
ex16|step1|1|0.5|sub|30|1.0|51: static 0.001 sstatic 0.127 c1 0.794 c50 -0.011 fac1 0.795 fac50 -0.010 lock 0.00 move 0.636 period None osc -0.098@12 pr 17.8 sens10 -1.60 sens50 -2.17 sat 0.117 dead 0.03 frozen 0.03 nbin 300 fat 0.503 | 28.8s
ex16|step1|1|0.5|sub|3|1.0|51: static 0.000 sstatic 0.009 c1 0.000 c50 0.000 fac1 0.225 fac50 -0.002 lock 0.00 move 1.22 period None osc -0.143@3 pr 13.1 sens10 -1.86 sens50 -8.78 sat 0.000 dead 0.98 frozen 0.99 nbin 292 fat 0.868 | 54.6s
ex16|step1|1|0.5|sub|100|0.5|50: static 0.082 sstatic 0.170 c1 0.846 c50 0.057 fac1 0.833 fac50 -0.019 lock 0.03 move 0.551 period None osc -0.052@23 pr 16.8 sens10 -2.20 sens50 -2.52 sat 0.130 dead 0.00 frozen 0.04 nbin 300 fat 0.262 | 29.0s
ex16|step1|1|0.5|sub|10|0.5|51: static 0.086 sstatic 0.148 c1 0.771 c50 0.083 fac1 0.752 fac50 0.001 lock 0.00 move 0.669 period None osc -0.155@9 pr 18.1 sens10 -1.67 sens50 -3.30 sat 0.109 dead 0.03 frozen 0.03 nbin 300 fat 0.295 | 53.9s
ex16|step1|1|0.5|sub|10|1.0|50: static 0.000 sstatic 0.107 c1 0.701 c50 0.000 fac1 0.703 fac50 -0.000 lock 0.00 move 0.77 period None osc -0.164@7 pr 19.4 sens10 -1.38 sens50 -3.07 sat 0.096 dead 0.04 frozen 0.04 nbin 300 fat 0.580 | 52.9s
ex16|step1|1|0.5|sub|100|1.0|50: static 0.004 sstatic 0.136 c1 0.823 c50 -0.023 fac1 0.824 fac50 -0.022 lock 0.03 move 0.593 period None osc -0.044@15 pr 17.5 sens10 -2.04 sens50 -2.21 sat 0.124 dead 0.00 frozen 0.04 nbin 300 fat 0.466 | 28.9s
ex16|step1|1|0.5|sub|300|0.5|50: static 0.093 sstatic 0.175 c1 0.853 c50 0.082 fac1 0.838 fac50 -0.011 lock 0.04 move 0.539 period None osc -0.033@16 pr 16.7 sens10 -2.24 sens50 -2.84 sat 0.131 dead 0.00 frozen 0.04 nbin 300 fat 0.242 | 28.9s
ex16|step1|1|0.5|sub|300|1.0|50: static 0.013 sstatic 0.142 c1 0.834 c50 -0.007 fac1 0.832 fac50 -0.016 lock 0.04 move 0.573 period None osc -0.028@31 pr 17.3 sens10 -2.23 sens50 4.13 sat 0.126 dead 0.00 frozen 0.04 nbin 300 fat 0.461 | 29.2s
ex16|step1|1|0.5|sub|300|1.0|51: static 0.014 sstatic 0.143 c1 0.838 c50 -0.007 fac1 0.836 fac50 -0.018 lock 0.03 move 0.564 period None osc -0.037@22 pr 17.1 sens10 -2.22 sens50 -2.53 sat 0.127 dead 0.00 frozen 0.03 nbin 300 fat 0.442 | 29.1s
ex16|step1|1|0.5|div|3|0.5|50: static 0.160 sstatic 0.095 c1 0.800 c50 0.191 fac1 0.641 fac50 -0.089 lock 0.00 move 0.698 period None osc -0.129@10 pr 12.9 sens10 -3.11 sens50 -16.06 sat 0.047 dead 0.04 frozen 0.04 nbin 300 fat 0.440 | 29.0s
ex16|step1|1|0.5|sub|30|0.5|51: static 0.079 sstatic 0.161 c1 0.823 c50 0.065 fac1 0.810 fac50 -0.009 lock 0.00 move 0.589 period None osc -0.102@11 pr 17.1 sens10 3.79 sens50 4.15 sat 0.123 dead 0.03 frozen 0.03 nbin 300 fat 0.268 | 53.5s
ex16|step1|1|0.5|div|3|2.0|50: static 0.584 sstatic 0.000 c1 0.000 c50 0.000 fac1 0.392 fac50 -0.024 lock 0.00 move 0.689 period None osc -0.032@19 pr 15.2 sens10 -2.90 sens50 -15.07 sat 0.000 dead 0.96 frozen 0.97 nbin 284 fat 0.060 | 29.4s
ex16|step1|1|0.5|sub|100|0.5|51: static 0.078 sstatic 0.166 c1 0.844 c50 0.049 fac1 0.831 fac50 -0.024 lock 0.03 move 0.553 period None osc -0.042@22 pr 16.8 sens10 -2.18 sens50 -2.52 sat 0.128 dead 0.00 frozen 0.03 nbin 300 fat 0.249 | 50.1s
ex16|step1|1|0.5|div|10|0.5|51: static 0.131 sstatic 0.096 c1 0.875 c50 0.230 fac1 0.745 fac50 -0.110 lock 0.00 move 0.627 period None osc -0.127@15 pr 7.4 sens10 -2.85 sens50 -3.96 sat 0.048 dead 0.03 frozen 0.04 nbin 300 fat 0.307 | 29.0s
ex16|step1|1|0.5|sub|100|1.0|51: static 0.004 sstatic 0.137 c1 0.827 c50 -0.014 fac1 0.827 fac50 -0.013 lock 0.01 move 0.582 period None osc -0.049@17 pr 17.4 sens10 3.92 sens50 4.13 sat 0.124 dead 0.00 frozen 0.03 nbin 300 fat 0.473 | 53.7s
ex16|step1|1|0.5|sub|300|0.5|51: static 0.090 sstatic 0.173 c1 0.855 c50 0.070 fac1 0.842 fac50 -0.020 lock 0.03 move 0.534 period None osc -0.028@37 pr 16.5 sens10 -2.28 sens50 -2.84 sat 0.130 dead 0.00 frozen 0.03 nbin 300 fat 0.250 | 53.7s
ex16|step1|1|0.5|div|30|0.5|50: static 0.188 sstatic 0.136 c1 0.825 c50 0.200 fac1 0.759 fac50 0.034 lock 0.00 move 0.563 period None osc -0.145@11 pr 12.7 sens10 -2.64 sens50 -3.15 sat 0.073 dead 0.04 frozen 0.04 nbin 300 fat 0.344 | 28.9s
ex16|step1|1|0.5|div|30|0.5|51: static 0.166 sstatic 0.123 c1 0.813 c50 0.166 fac1 0.782 fac50 0.009 lock 0.00 move 0.564 period None osc -0.088@11 pr 12.3 sens10 -2.09 sens50 -2.75 sat 0.065 dead 0.03 frozen 0.03 nbin 300 fat 0.328 | 28.7s
ex16|step1|1|0.5|div|30|2.0|50: static 0.014 sstatic 0.000 c1 0.000 c50 0.000 fac1 0.486 fac50 -0.012 lock 0.00 move 0.687 period None osc -0.015@19 pr 3.8 sens10 -2.77 sens50 -3.26 sat 0.000 dead 0.76 frozen 0.93 nbin 300 fat 0.066 | 29.7s
ex16|step1|1|0.5|div|100|0.5|50: static 0.194 sstatic 0.142 c1 0.825 c50 0.200 fac1 0.778 fac50 0.026 lock 0.00 move 0.546 period None osc -0.096@12 pr 15.3 sens10 -2.37 sens50 -2.89 sat 0.076 dead 0.04 frozen 0.04 nbin 300 fat 0.357 | 28.9s
ex16|step1|1|0.5|div|3|2.0|51: static 0.560 sstatic 0.000 c1 0.000 c50 0.000 fac1 0.371 fac50 -0.005 lock 0.00 move 0.707 period None osc -0.039@19 pr 14.5 sens10 -2.98 sens50 -15.06 sat 0.000 dead 0.99 frozen 0.99 nbin 155 fat 0.015 | 49.9s
ex16|step1|1|0.5|div|3|0.5|51: static 0.018 sstatic 0.010 c1 0.161 c50 0.003 fac1 0.689 fac50 -0.014 lock 0.00 move 0.687 period None osc -0.020@40 pr 3.6 sens10 -3.04 sens50 -13.57 sat 0.004 dead 0.03 frozen 0.25 nbin 300 fat 0.004 | 53.8s
ex16|step1|1|0.5|div|10|0.5|50: static 0.184 sstatic 0.132 c1 0.833 c50 0.206 fac1 0.718 fac50 -0.060 lock 0.00 move 0.59 period None osc -0.171@11 pr 11.1 sens10 3.57 sens50 4.15 sat 0.066 dead 0.04 frozen 0.04 nbin 300 fat 0.263 | 52.9s
ex16|step1|1|0.5|div|100|2.0|50: static 0.017 sstatic 0.000 c1 0.000 c50 0.000 fac1 0.491 fac50 -0.017 lock 0.00 move 0.692 period None osc -0.017@50 pr 3.2 sens10 -2.74 sens50 -3.20 sat 0.000 dead 0.61 frozen 0.90 nbin 300 fat 0.072 | 29.9s
ex16|step1|1|0.5|div|10|2.0|50: static 0.010 sstatic 0.000 c1 0.000 c50 0.000 fac1 0.478 fac50 -0.012 lock 0.00 move 0.679 period None osc -0.012@50 pr 5.6 sens10 -2.68 sens50 -3.74 sat 0.000 dead 0.87 frozen 0.96 nbin 300 fat 0.063 | 53.4s
ex16|step1|1|0.5|div|10|2.0|51: static 0.533 sstatic 0.000 c1 0.000 c50 0.000 fac1 0.412 fac50 -0.005 lock 0.00 move 0.7 period None osc -0.046@19 pr 14.5 sens10 -2.86 sens50 -15.06 sat 0.000 dead 0.99 frozen 0.99 nbin 249 fat 0.016 | 53.7s
ex16|step1|1|0.5|div|300|0.5|50: static 0.199 sstatic 0.143 c1 0.842 c50 0.199 fac1 0.802 fac50 0.007 lock 0.00 move 0.539 period None osc -0.066@12 pr 16.0 sens10 -2.22 sens50 -3.04 sat 0.078 dead 0.04 frozen 0.04 nbin 300 fat 0.355 | 29.8s
ex16|step1|1|0.5|div|100|0.5|51: static 0.194 sstatic 0.139 c1 0.839 c50 0.176 fac1 0.799 fac50 -0.012 lock 0.00 move 0.543 period None osc -0.065@11 pr 15.6 sens10 -2.35 sens50 -2.80 sat 0.076 dead 0.03 frozen 0.03 nbin 300 fat 0.346 | 51.5s
ex16|step1|1|0.5|div|300|2.0|51: static 0.531 sstatic 0.003 c1 0.000 c50 0.000 fac1 0.474 fac50 -0.009 lock 0.00 move 0.686 period None osc -0.035@18 pr 10.6 sens10 -3.04 sens50 -3.73 sat 0.000 dead 0.98 frozen 0.99 nbin 286 fat 0.044 | 36.8s
ex16|step1|1|0.5|div|30|2.0|51: static 0.525 sstatic 0.000 c1 0.000 c50 0.000 fac1 0.464 fac50 -0.009 lock 0.00 move 0.697 period None osc -0.040@18 pr 10.0 sens10 -2.91 sens50 -3.49 sat 0.000 dead 0.98 frozen 0.99 nbin 272 fat 0.016 | 55.7s
ex16|step1|1|0.5|dep|3|0.1|50: static 0.495 sstatic 0.393 c1 0.913 c50 0.486 fac1 0.829 fac50 -0.010 lock 0.00 move 0.416 period None osc -0.034@19 pr 15.5 sens10 -2.26 sens50 -15.78 sat 0.157 dead 0.04 frozen 0.06 nbin 300 fat 0.961 | 36.7s
ex16|step1|1|0.5|div|300|0.5|51: static 0.188 sstatic 0.133 c1 0.845 c50 0.177 fac1 0.807 fac50 -0.002 lock 0.00 move 0.537 period None osc -0.045@11 pr 15.9 sens10 -2.18 sens50 -3.14 sat 0.073 dead 0.03 frozen 0.03 nbin 300 fat 0.349 | 42.1s
ex16|step1|1|0.5|div|100|2.0|51: static 0.523 sstatic 0.003 c1 0.000 c50 0.000 fac1 0.472 fac50 -0.009 lock 0.00 move 0.692 period None osc -0.037@18 pr 10.5 sens10 -3.01 sens50 -3.79 sat 0.000 dead 0.98 frozen 0.99 nbin 271 fat 0.016 | 54.2s
ex16|step1|1|0.5|dep|3|0.1|51: static 0.482 sstatic 0.378 c1 0.913 c50 0.465 fac1 0.832 fac50 -0.023 lock 0.00 move 0.414 period None osc -0.032@25 pr 15.2 sens10 3.64 sens50 4.01 sat 0.152 dead 0.03 frozen 0.06 nbin 300 fat 0.962 | 44.6s
ex16|step1|1|0.5|div|300|2.0|50: static 0.072 sstatic 0.054 c1 0.313 c50 0.050 fac1 0.829 fac50 0.000 lock 0.00 move 0.644 period None osc 0.000@50 pr 7.3 sens10 -2.30 sens50 -2.85 sat 0.025 dead 0.04 frozen 0.07 nbin 300 fat 0.429 | 54.6s
ex16|step1|1|0.5|dep|3|0.5|50: static 0.496 sstatic 0.376 c1 0.903 c50 0.485 fac1 0.815 fac50 -0.014 lock 0.00 move 0.435 period None osc -0.043@17 pr 15.1 sens10 0.49 sens50 -3.43 sat 0.139 dead 0.04 frozen 0.07 nbin 300 fat 0.893 | 46.2s
ex16|step1|1|0.5|dep|3|0.5|51: static 0.464 sstatic 0.346 c1 0.901 c50 0.453 fac1 0.816 fac50 -0.019 lock 0.00 move 0.439 period None osc -0.030@15 pr 14.8 sens10 -2.40 sens50 -15.82 sat 0.126 dead 0.03 frozen 0.07 nbin 300 fat 0.895 | 51.6s
ex16|step1|1|0.5|dep|10|0.5|50: static 0.103 sstatic 0.000 c1 0.136 c50 0.000 fac1 0.576 fac50 -0.012 lock 0.00 move 0.595 period None osc -0.029@16 pr 6.4 sens10 -2.86 sens50 -15.07 sat 0.008 dead 0.45 frozen 0.80 nbin 300 fat 0.986 | 42.8s
ex16|step1|1|0.5|dep|10|0.1|50: static 0.442 sstatic 0.363 c1 0.882 c50 0.432 fac1 0.790 fac50 -0.014 lock 0.00 move 0.485 period None osc -0.081@10 pr 16.9 sens10 -2.25 sens50 -15.78 sat 0.156 dead 0.04 frozen 0.05 nbin 300 fat 0.890 | 52.9s
ex16|step1|1|0.5|dep|30|0.1|51: static 0.313 sstatic 0.284 c1 0.851 c50 0.314 fac1 0.784 fac50 -0.008 lock 0.00 move 0.541 period None osc -0.077@11 pr 17.8 sens10 3.77 sens50 4.06 sat 0.142 dead 0.03 frozen 0.04 nbin 300 fat 0.761 | 44.5s
ex16|step1|1|0.5|dep|10|0.1|51: static 0.426 sstatic 0.340 c1 0.881 c50 0.417 fac1 0.793 fac50 -0.012 lock 0.00 move 0.486 period None osc -0.083@10 pr 16.7 sens10 3.82 sens50 4.02 sat 0.150 dead 0.03 frozen 0.04 nbin 300 fat 0.895 | 53.4s
ex16|step1|1|0.5|dep|30|0.1|50: static 0.341 sstatic 0.306 c1 0.854 c50 0.325 fac1 0.780 fac50 -0.016 lock 0.00 move 0.538 period None osc -0.085@11 pr 17.9 sens10 -2.31 sens50 -15.75 sat 0.150 dead 0.04 frozen 0.04 nbin 300 fat 0.753 | 52.3s
ex16|step1|1|0.5|dep|10|0.5|51: static 0.486 sstatic 0.007 c1 0.000 c50 0.000 fac1 0.486 fac50 -0.017 lock 0.00 move 0.561 period None osc -0.033@18 pr 9.0 sens10 -3.04 sens50 -15.09 sat 0.002 dead 0.97 frozen 0.99 nbin 300 fat 0.998 | 58.6s
ex16|step1|1|0.5|dep|30|0.5|50: static 0.395 sstatic 0.000 c1 0.000 c50 0.000 fac1 0.561 fac50 -0.014 lock 0.00 move 0.576 period None osc -0.040@16 pr 8.7 sens10 -2.83 sens50 -15.08 sat 0.008 dead 0.75 frozen 0.92 nbin 300 fat 0.982 | 46.1s
ex16|step1|1|0.5|dep|100|0.1|50: static 0.189 sstatic 0.165 c1 0.808 c50 0.170 fac1 0.772 fac50 -0.024 lock 0.00 move 0.604 period None osc -0.050@16 pr 17.6 sens10 -2.57 sens50 -15.80 sat 0.094 dead 0.04 frozen 0.04 nbin 300 fat 0.618 | 54.8s
ex16|step1|1|0.5|dep|100|0.1|51: static 0.021 sstatic 0.000 c1 0.000 c50 0.000 fac1 0.483 fac50 -0.002 lock 0.00 move 0.56 period None osc -0.032@19 pr 6.6 sens10 -3.04 sens50 -15.08 sat 0.002 dead 0.96 frozen 0.98 nbin 300 fat 0.996 | 53.4s
ex16|step1|1|0.5|dep|100|0.5|50: static 0.292 sstatic 0.000 c1 0.000 c50 0.000 fac1 0.555 fac50 -0.023 lock 0.00 move 0.564 period None osc -0.044@8 pr 11.8 sens10 -2.83 sens50 -15.09 sat 0.008 dead 0.82 frozen 0.96 nbin 300 fat 0.977 | 53.3s
ex16|step1|1|0.5|dep|30|0.5|51: static 0.690 sstatic 0.423 c1 0.000 c50 0.000 fac1 0.474 fac50 -0.013 lock 0.00 move 0.555 period None osc -0.041@19 pr 13.8 sens10 -3.05 sens50 -15.08 sat 0.002 dead 0.98 frozen 0.99 nbin 300 fat 0.996 | 60.0s
ex16|step1|1|0.5|dep|300|0.1|50: static 0.053 sstatic 0.048 c1 0.284 c50 0.036 fac1 0.810 fac50 -0.026 lock 0.00 move 0.582 period None osc -0.026@50 pr 8.5 sens10 -2.82 sens50 -15.10 sat 0.032 dead 0.04 frozen 0.05 nbin 300 fat 0.691 | 49.7s
ex16|step1|1|0.9|none|0|0.0|51: static 0.575 sstatic 0.452 c1 0.998 c50 0.559 fac1 0.992 fac50 -0.056 lock 0.00 move 0.0557 period None osc -0.056@50 pr 6.0 sens10 -0.47 sens50 3.41 sat 0.156 dead 0.03 frozen 0.21 nbin 300 fat None | 39.3s
ex16|step1|1|0.5|dep|100|0.5|51: static 0.690 sstatic 0.423 c1 0.000 c50 0.000 fac1 0.474 fac50 -0.013 lock 0.00 move 0.553 period None osc -0.041@19 pr 13.7 sens10 -3.05 sens50 -15.08 sat 0.002 dead 0.98 frozen 0.99 nbin 300 fat 0.995 | 61.0s
ex16|step1|1|0.9|none|0|0.0|50: static 0.567 sstatic 0.463 c1 0.999 c50 0.540 fac1 0.993 fac50 -0.046 lock 0.00 move 0.0554 period None osc -0.046@50 pr 5.9 sens10 1.84 sens50 3.58 sat 0.159 dead 0.04 frozen 0.20 nbin 300 fat None | 42.9s
ex16|step1|1|0.5|dep|300|0.1|51: static 0.168 sstatic 0.000 c1 0.000 c50 0.000 fac1 0.500 fac50 -0.002 lock 0.00 move 0.553 period None osc -0.039@19 pr 8.5 sens10 -3.05 sens50 -15.08 sat 0.002 dead 0.97 frozen 0.99 nbin 300 fat 0.975 | 54.6s
ex16|step1|1|0.9|sub|3|0.5|50: static 0.227 sstatic 0.090 c1 0.981 c50 0.186 fac1 0.961 fac50 -0.064 lock 0.00 move 0.197 period None osc -0.064@50 pr 9.7 sens10 -0.42 sens50 -2.32 sat 0.033 dead 0.04 frozen 0.07 nbin 300 fat 0.451 | 42.8s
ex16|step1|1|0.5|dep|300|0.5|50: static 0.195 sstatic 0.000 c1 0.000 c50 0.000 fac1 0.539 fac50 -0.020 lock 0.00 move 0.555 period None osc -0.035@8 pr 10.5 sens10 -2.82 sens50 -15.09 sat 0.008 dead 0.82 frozen 0.96 nbin 300 fat 0.965 | 55.7s
ex16|step1|1|0.5|dep|300|0.5|51: static 0.690 sstatic 0.423 c1 0.000 c50 0.000 fac1 0.474 fac50 -0.013 lock 0.00 move 0.553 period None osc -0.041@19 pr 12.8 sens10 -3.05 sens50 -15.08 sat 0.002 dead 0.98 frozen 0.99 nbin 300 fat 0.986 | 57.1s
ex16|step1|1|0.9|sub|3|1.0|50: static 0.000 sstatic 0.000 c1 0.000 c50 0.000 fac1 0.560 fac50 -0.019 lock 0.00 move 0.9 period None osc -0.116@8 pr 15.4 sens10 -1.07 sens50 -2.28 sat 0.000 dead 0.96 frozen 1.00 nbin 1 fat 1.005 | 46.7s
ex16|step1|1|0.9|sub|3|0.5|51: static 0.227 sstatic 0.089 c1 0.977 c50 0.226 fac1 0.945 fac50 -0.060 lock 0.00 move 0.187 period None osc -0.060@50 pr 9.7 sens10 -0.56 sens50 -2.69 sat 0.035 dead 0.03 frozen 0.06 nbin 300 fat 0.522 | 53.0s
ex16|step1|1|0.9|sub|10|0.5|50: static 0.182 sstatic 0.128 c1 0.986 c50 0.106 fac1 0.978 fac50 -0.079 lock 0.00 move 0.171 period None osc -0.142@32 pr 10.9 sens10 -0.75 sens50 -2.03 sat 0.063 dead 0.04 frozen 0.05 nbin 300 fat 0.447 | 47.0s
ex16|step1|1|0.9|sub|10|1.0|51: static 0.002 sstatic 0.000 c1 0.000 c50 0.000 fac1 0.776 fac50 -0.005 lock 0.00 move 0.634 period None osc -0.177@18 pr 14.0 sens10 -2.28 sens50 -1.69 sat 0.000 dead 0.99 frozen 1.00 nbin 14 fat 1.002 | 41.1s
ex16|step1|1|0.9|sub|3|1.0|51: static 0.000 sstatic 0.000 c1 0.000 c50 0.000 fac1 0.540 fac50 0.000 lock 0.00 move 0.926 period None osc -0.109@9 pr 15.3 sens10 -1.09 sens50 -2.49 sat 0.000 dead 0.99 frozen 1.00 nbin 1 fat 0.999 | 53.5s
ex16|step1|1|0.9|sub|30|0.5|50: static 0.136 sstatic 0.164 c1 0.992 c50 -0.049 fac1 0.988 fac50 -0.173 lock 0.00 move 0.124 period None osc -0.193@41 pr 9.1 sens10 -0.58 sens50 -1.44 sat 0.098 dead 0.04 frozen 0.04 nbin 300 fat 0.362 | 42.2s
ex16|step1|1|0.9|sub|100|0.5|51: static 0.129 sstatic 0.192 c1 0.995 c50 -0.012 fac1 0.991 fac50 -0.135 lock 0.01 move 0.0973 period None osc -0.135@50 pr 7.8 sens10 -0.49 sens50 3.68 sat 0.120 dead 0.00 frozen 0.04 nbin 300 fat 0.291 | 36.6s
ex16|step1|1|0.9|sub|10|0.5|51: static 0.179 sstatic 0.128 c1 0.985 c50 0.120 fac1 0.978 fac50 -0.063 lock 0.00 move 0.176 period None osc -0.125@29 pr 10.9 sens10 -0.68 sens50 3.67 sat 0.061 dead 0.03 frozen 0.04 nbin 300 fat 0.415 | 52.7s
ex16|step1|1|0.9|sub|30|1.0|50: static 0.008 sstatic 0.112 c1 0.988 c50 -0.188 fac1 0.985 fac50 -0.158 lock 0.00 move 0.155 period None osc -0.206@35 pr 10.0 sens10 -0.72 sens50 3.88 sat 0.082 dead 0.04 frozen 0.04 nbin 300 fat 0.665 | 41.3s
ex16|step1|1|0.9|sub|30|1.0|51: static 0.008 sstatic 0.111 c1 0.988 c50 -0.184 fac1 0.985 fac50 -0.157 lock 0.00 move 0.153 period None osc -0.215@34 pr 10.1 sens10 -0.73 sens50 3.50 sat 0.085 dead 0.03 frozen 0.03 nbin 300 fat 0.653 | 39.8s
ex16|step1|1|0.9|sub|10|1.0|50: static 0.002 sstatic 0.000 c1 0.000 c50 0.000 fac1 0.788 fac50 -0.024 lock 0.00 move 0.631 period None osc -0.154@18 pr 14.1 sens10 -2.03 sens50 -1.63 sat 0.000 dead 0.96 frozen 0.99 nbin 97 fat 1.004 | 55.8s
ex16|step1|1|0.9|sub|30|0.5|51: static 0.128 sstatic 0.162 c1 0.992 c50 -0.041 fac1 0.988 fac50 -0.163 lock 0.00 move 0.125 period None osc -0.178@43 pr 9.1 sens10 -0.56 sens50 3.91 sat 0.097 dead 0.03 frozen 0.03 nbin 300 fat 0.349 | 47.1s
ex16|step1|1|0.9|sub|100|0.5|50: static 0.129 sstatic 0.195 c1 0.995 c50 -0.013 fac1 0.991 fac50 -0.143 lock 0.01 move 0.0962 period None osc -0.143@50 pr 7.5 sens10 -0.49 sens50 3.71 sat 0.121 dead 0.00 frozen 0.04 nbin 300 fat 0.289 | 49.2s
ex16|step1|1|0.9|sub|300|1.0|50: static 0.077 sstatic 0.183 c1 0.996 c50 0.009 fac1 0.992 fac50 -0.067 lock 0.04 move 0.0919 period None osc -0.067@50 pr 7.1 sens10 -0.49 sens50 -1.69 sat 0.123 dead 0.00 frozen 0.04 nbin 300 fat 0.469 | 32.7s
ex16|step1|1|0.9|sub|300|1.0|51: static 0.081 sstatic 0.184 c1 0.996 c50 -0.008 fac1 0.992 fac50 -0.097 lock 0.03 move 0.0924 period None osc -0.097@50 pr 7.2 sens10 -0.48 sens50 -1.67 sat 0.124 dead 0.00 frozen 0.03 nbin 300 fat 0.474 | 29.6s
ex16|step1|1|0.9|div|3|0.5|50: static 0.250 sstatic 0.089 c1 0.988 c50 0.172 fac1 0.977 fac50 -0.081 lock 0.00 move 0.153 period None osc -0.081@50 pr 9.0 sens10 -0.67 sens50 -2.44 sat 0.032 dead 0.04 frozen 0.06 nbin 300 fat 0.357 | 29.6s
ex16|step1|1|0.9|sub|100|1.0|50: static 0.027 sstatic 0.151 c1 0.994 c50 -0.152 fac1 0.990 fac50 -0.151 lock 0.01 move 0.11 period None osc -0.151@50 pr 8.3 sens10 -0.50 sens50 -1.24 sat 0.111 dead 0.00 frozen 0.04 nbin 300 fat 0.547 | 54.6s
ex16|step1|1|0.9|sub|100|1.0|51: static 0.030 sstatic 0.154 c1 0.994 c50 -0.149 fac1 0.990 fac50 -0.154 lock 0.01 move 0.108 period None osc -0.154@50 pr 8.1 sens10 2.76 sens50 3.96 sat 0.112 dead 0.00 frozen 0.03 nbin 300 fat 0.545 | 54.9s
ex16|step1|1|0.9|div|3|2.0|50: static 0.904 sstatic 0.000 c1 0.000 c50 0.000 fac1 0.822 fac50 -0.057 lock 0.00 move 0.173 period None osc -0.064@48 pr 10.0 sens10 -0.48 sens50 -2.30 sat 0.000 dead 0.96 frozen 1.00 nbin 1 fat 0.065 | 30.0s
ex16|step1|1|0.9|sub|300|0.5|50: static 0.174 sstatic 0.219 c1 0.996 c50 0.089 fac1 0.992 fac50 -0.089 lock 0.04 move 0.0872 period None osc -0.089@50 pr 7.1 sens10 -0.48 sens50 -2.08 sat 0.129 dead 0.00 frozen 0.05 nbin 300 fat 0.264 | 51.0s
ex16|step1|1|0.9|div|10|0.5|50: static 0.274 sstatic 0.122 c1 0.990 c50 0.210 fac1 0.982 fac50 -0.074 lock 0.00 move 0.142 period None osc -0.078@47 pr 9.9 sens10 -0.61 sens50 -2.31 sat 0.051 dead 0.04 frozen 0.07 nbin 300 fat 0.391 | 29.9s
ex16|step1|1|0.9|div|3|2.0|51: static 0.883 sstatic 0.000 c1 0.000 c50 0.000 fac1 0.810 fac50 -0.048 lock 0.00 move 0.183 period None osc -0.092@41 pr 9.6 sens10 -0.48 sens50 -2.29 sat 0.000 dead 0.99 frozen 1.00 nbin 1 fat 0.015 | 30.0s
ex16|step1|1|0.9|div|10|0.5|51: static 0.267 sstatic 0.118 c1 0.990 c50 0.201 fac1 0.982 fac50 -0.077 lock 0.00 move 0.143 period None osc -0.085@43 pr 9.9 sens10 -0.71 sens50 -2.42 sat 0.051 dead 0.03 frozen 0.06 nbin 300 fat 0.390 | 29.8s
ex16|step1|1|0.9|div|10|2.0|50: static 0.879 sstatic 0.000 c1 0.000 c50 0.000 fac1 0.844 fac50 -0.051 lock 0.00 move 0.179 period None osc -0.066@29 pr 10.8 sens10 -0.48 sens50 -2.28 sat 0.000 dead 0.96 frozen 0.99 nbin 54 fat 0.065 | 29.8s
ex16|step1|1|0.9|sub|300|0.5|51: static 0.174 sstatic 0.223 c1 0.997 c50 0.097 fac1 0.992 fac50 -0.087 lock 0.03 move 0.0841 period None osc -0.087@50 pr 6.8 sens10 2.72 sens50 3.91 sat 0.128 dead 0.00 frozen 0.04 nbin 300 fat 0.260 | 54.5s
ex16|step1|1|0.9|div|3|0.5|51: static 0.261 sstatic 0.089 c1 0.988 c50 0.203 fac1 0.976 fac50 -0.070 lock 0.00 move 0.141 period None osc -0.070@50 pr 8.4 sens10 -0.52 sens50 -2.18 sat 0.031 dead 0.03 frozen 0.05 nbin 300 fat 0.346 | 49.5s
ex16|step1|1|0.9|div|30|2.0|50: static 0.863 sstatic 0.000 c1 0.000 c50 0.000 fac1 0.867 fac50 -0.071 lock 0.00 move 0.176 period None osc -0.079@48 pr 10.8 sens10 -0.48 sens50 -2.23 sat 0.000 dead 0.96 frozen 0.98 nbin 169 fat 0.065 | 29.8s
ex16|step1|1|0.9|div|10|2.0|51: static 0.859 sstatic 0.000 c1 0.000 c50 0.000 fac1 0.834 fac50 -0.040 lock 0.00 move 0.19 period None osc -0.083@30 pr 10.4 sens10 -0.48 sens50 -2.28 sat 0.000 dead 0.99 frozen 1.00 nbin 4 fat 0.016 | 40.0s
ex16|step1|1|0.9|div|30|2.0|51: static 0.844 sstatic 0.000 c1 0.000 c50 0.000 fac1 0.856 fac50 -0.058 lock 0.00 move 0.186 period None osc -0.096@36 pr 10.5 sens10 -0.49 sens50 -2.26 sat 0.000 dead 0.99 frozen 1.00 nbin 27 fat 0.016 | 29.9s
ex16|step1|1|0.9|div|30|0.5|51: static 0.262 sstatic 0.148 c1 0.994 c50 0.161 fac1 0.988 fac50 -0.119 lock 0.00 move 0.113 period None osc -0.119@45 pr 9.0 sens10 -0.60 sens50 3.74 sat 0.065 dead 0.03 frozen 0.07 nbin 300 fat 0.389 | 37.1s
ex16|step1|1|0.9|div|30|0.5|50: static 0.261 sstatic 0.145 c1 0.994 c50 0.160 fac1 0.988 fac50 -0.115 lock 0.00 move 0.113 period None osc -0.116@48 pr 9.1 sens10 -0.62 sens50 1.95 sat 0.065 dead 0.04 frozen 0.08 nbin 300 fat 0.388 | 46.0s
ex16|step1|1|0.9|div|300|2.0|50: static 0.870 sstatic 0.000 c1 0.000 c50 0.000 fac1 0.882 fac50 -0.060 lock 0.00 move 0.166 period None osc -0.066@48 pr 1.4 sens10 -0.57 sens50 -2.35 sat 0.000 dead 0.96 frozen 0.98 nbin 276 fat 0.235 | 53.9s
ex16|step1|1|0.9|div|300|0.5|50: static 0.300 sstatic 0.198 c1 0.996 c50 0.223 fac1 0.991 fac50 -0.092 lock 0.00 move 0.0869 period None osc -0.092@50 pr 7.4 sens10 -0.60 sens50 -2.23 sat 0.080 dead 0.04 frozen 0.11 nbin 300 fat 0.375 | 55.5s
ex16|step1|1|0.9|div|100|0.5|50: static 0.259 sstatic 0.164 c1 0.996 c50 0.171 fac1 0.990 fac50 -0.102 lock 0.00 move 0.0953 period None osc -0.102@50 pr 7.9 sens10 1.11 sens50 -0.46 sat 0.074 dead 0.04 frozen 0.09 nbin 300 fat 0.387 | 55.8s
ex16|step1|1|0.9|div|100|2.0|51: static 0.837 sstatic 0.000 c1 0.000 c50 0.000 fac1 0.866 fac50 -0.066 lock 0.00 move 0.183 period None osc -0.095@41 pr 10.5 sens10 -0.50 sens50 -2.28 sat 0.000 dead 0.99 frozen 1.00 nbin 35 fat 0.016 | 59.0s
ex16|step1|1|0.9|dep|3|0.5|50: static 0.582 sstatic 0.452 c1 0.998 c50 0.542 fac1 0.992 fac50 -0.077 lock 0.00 move 0.0588 period None osc -0.077@50 pr 6.2 sens10 -0.46 sens50 -2.25 sat 0.158 dead 0.04 frozen 0.21 nbin 300 fat 0.900 | 60.7s
ex16|step1|1|0.9|dep|3|0.1|50: static 0.599 sstatic 0.464 c1 0.998 c50 0.569 fac1 0.992 fac50 -0.061 lock 0.00 move 0.0572 period None osc -0.061@50 pr 6.2 sens10 -0.47 sens50 -2.27 sat 0.160 dead 0.04 frozen 0.22 nbin 300 fat 0.962 | 61.0s
ex16|step1|1|0.9|dep|3|0.1|51: static 0.590 sstatic 0.474 c1 0.998 c50 0.559 fac1 0.992 fac50 -0.064 lock 0.00 move 0.0567 period None osc -0.064@50 pr 6.0 sens10 2.28 sens50 3.70 sat 0.155 dead 0.03 frozen 0.22 nbin 300 fat 0.962 | 61.4s
ex16|step1|1|0.9|dep|10|0.1|51: static 0.586 sstatic 0.452 c1 0.998 c50 0.552 fac1 0.990 fac50 -0.088 lock 0.00 move 0.0702 period None osc -0.088@50 pr 6.8 sens10 1.59 sens50 3.73 sat 0.153 dead 0.03 frozen 0.20 nbin 300 fat 0.914 | 61.4s
ex16|step1|1|0.9|dep|3|0.5|51: static 0.580 sstatic 0.462 c1 0.998 c50 0.539 fac1 0.992 fac50 -0.102 lock 0.00 move 0.0582 period None osc -0.102@50 pr 6.1 sens10 -0.46 sens50 3.52 sat 0.154 dead 0.03 frozen 0.21 nbin 300 fat 0.897 | 63.1s
ex16|step1|1|0.9|div|100|0.5|51: static 0.263 sstatic 0.166 c1 0.996 c50 0.154 fac1 0.990 fac50 -0.128 lock 0.00 move 0.0946 period None osc -0.128@50 pr 8.0 sens10 -0.61 sens50 -1.94 sat 0.073 dead 0.03 frozen 0.09 nbin 300 fat 0.390 | 64.3s
ex16|step1|1|0.9|div|300|2.0|51: static 0.851 sstatic 0.000 c1 0.000 c50 0.000 fac1 0.869 fac50 -0.062 lock 0.00 move 0.174 period None osc -0.085@41 pr 1.1 sens10 -0.57 sens50 -2.35 sat 0.000 dead 0.99 frozen 1.00 nbin 77 fat 0.170 | 64.4s
ex16|step1|1|0.9|div|300|0.5|51: static 0.263 sstatic 0.182 c1 0.996 c50 0.185 fac1 0.991 fac50 -0.087 lock 0.00 move 0.0857 period None osc -0.087@50 pr 7.3 sens10 1.97 sens50 3.78 sat 0.078 dead 0.03 frozen 0.09 nbin 300 fat 0.376 | 65.7s
ex16|step1|1|0.9|div|100|2.0|50: static 0.857 sstatic 0.000 c1 0.000 c50 0.000 fac1 0.879 fac50 -0.074 lock 0.00 move 0.174 period None osc -0.078@48 pr 10.6 sens10 -0.49 sens50 -2.26 sat 0.000 dead 0.96 frozen 0.98 nbin 209 fat 0.065 | 66.5s
ex16|step1|1|0.9|dep|10|0.5|51: static 0.618 sstatic 0.479 c1 0.997 c50 0.574 fac1 0.988 fac50 -0.077 lock 0.00 move 0.0794 period None osc -0.077@50 pr 6.5 sens10 -0.46 sens50 3.66 sat 0.153 dead 0.03 frozen 0.21 nbin 300 fat 0.840 | 67.3s
ex16|step1|1|0.9|dep|10|0.5|50: static 0.608 sstatic 0.468 c1 0.997 c50 0.584 fac1 0.988 fac50 -0.055 lock 0.00 move 0.0817 period None osc -0.055@50 pr 6.8 sens10 2.26 sens50 3.76 sat 0.160 dead 0.04 frozen 0.22 nbin 300 fat 0.828 | 68.5s
ex16|step1|1|0.9|dep|10|0.1|50: static 0.604 sstatic 0.473 c1 0.998 c50 0.588 fac1 0.990 fac50 -0.048 lock 0.00 move 0.0712 period None osc -0.048@50 pr 6.8 sens10 -0.46 sens50 -2.28 sat 0.159 dead 0.04 frozen 0.20 nbin 300 fat 0.907 | 69.6s
ex16|step1|1|0.9|dep|30|0.1|50: static 0.532 sstatic 0.423 c1 0.995 c50 0.466 fac1 0.985 fac50 -0.117 lock 0.00 move 0.102 period None osc -0.135@41 pr 9.3 sens10 1.60 sens50 -1.45 sat 0.160 dead 0.04 frozen 0.14 nbin 300 fat 0.806 | 32.3s
ex16|step1|1|0.9|dep|30|0.1|51: static 0.528 sstatic 0.409 c1 0.995 c50 0.458 fac1 0.985 fac50 -0.136 lock 0.00 move 0.102 period None osc -0.139@47 pr 9.2 sens10 -0.46 sens50 -0.84 sat 0.153 dead 0.03 frozen 0.14 nbin 300 fat 0.813 | 32.3s
ex16|step1|1|0.9|dep|30|0.5|50: static 0.598 sstatic 0.444 c1 0.989 c50 0.557 fac1 0.968 fac50 -0.093 lock 0.00 move 0.148 period None osc -0.093@49 pr 9.8 sens10 3.06 sens50 3.93 sat 0.139 dead 0.04 frozen 0.19 nbin 300 fat 0.738 | 32.3s
ex16|step1|1|0.9|dep|30|0.5|51: static 0.552 sstatic 0.402 c1 0.987 c50 0.501 fac1 0.968 fac50 -0.112 lock 0.00 move 0.156 period None osc -0.114@47 pr 9.7 sens10 -0.48 sens50 -2.28 sat 0.125 dead 0.03 frozen 0.16 nbin 300 fat 0.750 | 32.4s
ex16|step1|1|0.9|dep|100|0.1|50: static 0.377 sstatic 0.336 c1 0.992 c50 0.282 fac1 0.984 fac50 -0.130 lock 0.00 move 0.124 period None osc -0.134@44 pr 10.1 sens10 0.66 sens50 -1.18 sat 0.159 dead 0.04 frozen 0.08 nbin 300 fat 0.600 | 32.0s
ex16|step1|1|0.9|dep|100|0.1|51: static 0.364 sstatic 0.331 c1 0.992 c50 0.256 fac1 0.984 fac50 -0.134 lock 0.00 move 0.125 period None osc -0.137@47 pr 10.1 sens10 2.58 sens50 3.98 sat 0.153 dead 0.03 frozen 0.07 nbin 300 fat 0.613 | 32.1s
ex16|step1|1|0.9|dep|100|0.5|51: static 0.942 sstatic 0.755 c1 0.000 c50 0.000 fac1 0.886 fac50 -0.071 lock 0.00 move 0.112 period None osc -0.079@41 pr 9.3 sens10 -0.47 sens50 -2.28 sat 0.002 dead 0.98 frozen 1.00 nbin 211 fat 0.997 | 32.2s
ex16|step1|1|0.9|dep|100|0.5|50: static 0.653 sstatic 0.000 c1 0.000 c50 0.000 fac1 0.936 fac50 -0.023 lock 0.00 move 0.12 period None osc -0.035@36 pr 4.0 sens10 -0.47 sens50 -2.31 sat 0.008 dead 0.68 frozen 0.94 nbin 300 fat 0.986 | 32.7s
ex16|step1|0|0.0|none|0|0.0|50: static 0.588 sstatic 0.589 c1 0.584 c50 0.584 fac1 -0.002 fac50 -0.007 lock 0.00 move 0.898 period None osc -0.009@2 pr 19.9 sens10 -99.00 sens50 -99.00 sat 0.305 dead 0.04 frozen 0.06 nbin 300 fat None | 43.8s
ex16|step1|0|0.0|none|0|0.0|51: static 0.554 sstatic 0.556 c1 0.556 c50 0.553 fac1 0.002 fac50 -0.003 lock 0.00 move 0.931 period None osc -0.009@35 pr 19.7 sens10 -99.00 sens50 -99.00 sat 0.289 dead 0.03 frozen 0.05 nbin 300 fat None | 43.0s
ex16|step1|0|0.0|sub|3|1.0|50: static 0.000 sstatic 0.171 c1 -0.210 c50 -0.005 fac1 -0.214 fac50 -0.005 lock 0.00 move 1.56 period None osc -0.214@1 pr 21.2 sens10 -99.00 sens50 -99.00 sat 0.152 dead 0.04 frozen 0.04 nbin 300 fat 0.582 | 28.7s
ex16|step1|0|0.0|sub|3|1.0|51: static 0.000 sstatic 0.161 c1 -0.211 c50 -0.002 fac1 -0.216 fac50 -0.002 lock 0.00 move 1.56 period None osc -0.216@1 pr 20.8 sens10 4.12 sens50 4.15 sat 0.142 dead 0.03 frozen 0.03 nbin 300 fat 0.565 | 29.5s
ex16|step1|0|0.0|sub|10|0.5|50: static 0.114 sstatic 0.320 c1 0.060 c50 0.107 fac1 -0.052 fac50 -0.002 lock 0.00 move 1.36 period None osc -0.052@1 pr 21.4 sens10 -99.00 sens50 -99.00 sat 0.252 dead 0.04 frozen 0.04 nbin 300 fat 0.297 | 29.4s
ex16|step1|0|0.0|sub|10|0.5|51: static 0.108 sstatic 0.305 c1 0.051 c50 0.102 fac1 -0.061 fac50 -0.000 lock 0.00 move 1.37 period None osc -0.061@1 pr 21.1 sens10 -99.00 sens50 -99.00 sat 0.243 dead 0.03 frozen 0.03 nbin 300 fat 0.292 | 30.6s
ex16|step1|0|0.0|sub|10|1.0|50: static 0.000 sstatic 0.260 c1 -0.071 c50 0.002 fac1 -0.073 fac50 0.002 lock 0.00 move 1.46 period None osc -0.073@1 pr 21.6 sens10 -99.00 sens50 -99.00 sat 0.234 dead 0.04 frozen 0.04 nbin 300 fat 0.534 | 30.5s
ex16|step1|0|0.0|sub|10|1.0|51: static 0.000 sstatic 0.250 c1 -0.069 c50 0.001 fac1 -0.071 fac50 -0.000 lock 0.00 move 1.46 period None osc -0.071@1 pr 21.4 sens10 -99.00 sens50 -99.00 sat 0.230 dead 0.03 frozen 0.03 nbin 300 fat 0.523 | 30.5s
ex16|step1|0|0.0|sub|3|0.5|50: static 0.128 sstatic 0.291 c1 -0.024 c50 0.121 fac1 -0.172 fac50 0.001 lock 0.00 move 1.43 period None osc -0.172@1 pr 21.0 sens10 -99.00 sens50 -99.00 sat 0.220 dead 0.04 frozen 0.04 nbin 300 fat 0.330 | 55.5s
ex16|step1|0|0.0|sub|30|0.5|50: static 0.110 sstatic 0.325 c1 0.086 c50 0.101 fac1 -0.020 fac50 -0.003 lock 0.00 move 1.34 period None osc -0.020@1 pr 20.7 sens10 -99.00 sens50 -99.00 sat 0.259 dead 0.04 frozen 0.04 nbin 300 fat 0.293 | 30.4s
ex16|step1|0|0.0|sub|30|0.5|51: static 0.103 sstatic 0.314 c1 0.079 c50 0.096 fac1 -0.021 fac50 -0.003 lock 0.00 move 1.35 period None osc -0.021@1 pr 20.6 sens10 -99.00 sens50 -99.00 sat 0.250 dead 0.03 frozen 0.03 nbin 300 fat 0.279 | 30.4s
ex16|step1|1|0.9|dep|300|0.1|50: static 0.278 sstatic 0.289 c1 0.991 c50 0.186 fac1 0.983 fac50 -0.106 lock 0.00 move 0.136 period None osc -0.113@44 pr 10.3 sens10 -0.42 sens50 -2.23 sat 0.154 dead 0.04 frozen 0.07 nbin 300 fat 0.380 | 62.1s
ex16|step1|0|0.0|sub|3|0.5|51: static 0.117 sstatic 0.279 c1 -0.027 c50 0.111 fac1 -0.166 fac50 -0.002 lock 0.00 move 1.43 period None osc -0.166@1 pr 20.8 sens10 -99.00 sens50 -99.00 sat 0.210 dead 0.03 frozen 0.03 nbin 300 fat 0.320 | 55.7s
ex16|step1|1|0.9|dep|300|0.5|50: static 0.611 sstatic 0.000 c1 0.000 c50 0.000 fac1 0.933 fac50 -0.061 lock 0.00 move 0.118 period None osc -0.075@36 pr 5.5 sens10 -0.47 sens50 -2.28 sat 0.008 dead 0.82 frozen 0.98 nbin 300 fat 0.974 | 61.6s
ex16|step1|1|0.9|dep|300|0.5|51: static 0.942 sstatic 0.755 c1 0.000 c50 0.000 fac1 0.886 fac50 -0.071 lock 0.00 move 0.111 period None osc -0.079@41 pr 8.8 sens10 -0.48 sens50 -2.29 sat 0.002 dead 0.98 frozen 1.00 nbin 208 fat 0.987 | 61.7s
ex16|step1|1|0.9|dep|300|0.1|51: static 0.264 sstatic 0.278 c1 0.991 c50 0.170 fac1 0.984 fac50 -0.115 lock 0.00 move 0.136 period None osc -0.115@50 pr 10.3 sens10 -0.42 sens50 -2.23 sat 0.148 dead 0.03 frozen 0.05 nbin 300 fat 0.372 | 63.3s
ex16|step1|0|0.0|sub|100|0.5|50: static 0.112 sstatic 0.326 c1 0.099 c50 0.102 fac1 -0.007 fac50 -0.006 lock 0.04 move 1.34 period None osc -0.012@7 pr 20.8 sens10 -99.00 sens50 -99.00 sat 0.262 dead 0.00 frozen 0.04 nbin 300 fat 0.292 | 28.6s
ex16|step1|0|0.0|sub|100|0.5|51: static 0.105 sstatic 0.312 c1 0.095 c50 0.100 fac1 -0.007 fac50 -0.002 lock 0.03 move 1.34 period None osc -0.010@10 pr 20.6 sens10 -99.00 sens50 -99.00 sat 0.252 dead 0.00 frozen 0.03 nbin 300 fat 0.289 | 28.3s
ex16|step1|0|0.0|sub|100|1.0|50: static 0.001 sstatic 0.278 c1 -0.007 c50 -0.006 fac1 -0.008 fac50 -0.005 lock 0.03 move 1.42 period None osc -0.014@2 pr 21.0 sens10 -99.00 sens50 -99.00 sat 0.252 dead 0.00 frozen 0.04 nbin 300 fat 0.542 | 28.2s
ex16|step1|0|0.0|sub|100|1.0|51: static 0.001 sstatic 0.266 c1 -0.011 c50 0.001 fac1 -0.013 fac50 -0.000 lock 0.03 move 1.42 period None osc -0.013@1 pr 21.0 sens10 -99.00 sens50 -99.00 sat 0.249 dead 0.00 frozen 0.03 nbin 300 fat 0.529 | 28.1s
ex16|step1|0|0.0|sub|300|0.5|50: static 0.121 sstatic 0.330 c1 0.116 c50 0.112 fac1 -0.001 fac50 -0.003 lock 0.04 move 1.33 period None osc -0.008@21 pr 20.7 sens10 -99.00 sens50 -99.00 sat 0.263 dead 0.00 frozen 0.04 nbin 300 fat 0.282 | 27.8s
ex16|step1|0|0.0|sub|300|0.5|51: static 0.115 sstatic 0.319 c1 0.108 c50 0.103 fac1 -0.002 fac50 -0.002 lock 0.03 move 1.33 period None osc -0.009@7 pr 20.6 sens10 -99.00 sens50 -99.00 sat 0.254 dead 0.00 frozen 0.03 nbin 300 fat 0.280 | 27.9s
ex16|step1|0|0.0|sub|300|1.0|51: static 0.006 sstatic 0.271 c1 0.001 c50 0.001 fac1 -0.005 fac50 -0.004 lock 0.03 move 1.41 period None osc -0.009@19 pr 21.0 sens10 -99.00 sens50 -99.00 sat 0.250 dead 0.00 frozen 0.03 nbin 300 fat 0.519 | 27.7s
ex16|step1|0|0.0|div|3|0.5|50: static 0.149 sstatic 0.123 c1 0.098 c50 0.136 fac1 -0.049 fac50 -0.006 lock 0.00 move 1.33 period None osc -0.049@1 pr 19.7 sens10 -99.00 sens50 -99.00 sat 0.079 dead 0.04 frozen 0.04 nbin 300 fat 0.422 | 27.6s
ex16|step1|0|0.0|sub|30|1.0|50: static 0.000 sstatic 0.274 c1 -0.027 c50 -0.004 fac1 -0.028 fac50 -0.004 lock 0.00 move 1.44 period None osc -0.029@2 pr 21.0 sens10 -99.00 sens50 -99.00 sat 0.248 dead 0.04 frozen 0.04 nbin 300 fat 0.524 | 51.3s
ex16|step1|0|0.0|sub|30|1.0|51: static 0.000 sstatic 0.262 c1 -0.022 c50 -0.005 fac1 -0.023 fac50 -0.004 lock 0.00 move 1.43 period None osc -0.023@1 pr 20.9 sens10 -99.00 sens50 -99.00 sat 0.245 dead 0.03 frozen 0.03 nbin 300 fat 0.529 | 51.3s
ex16|step1|0|0.0|div|3|2.0|50: static 0.372 sstatic 0.000 c1 0.000 c50 0.000 fac1 -0.042 fac50 -0.019 lock 0.00 move 1.14 period None osc -0.042@1 pr 16.0 sens10 -99.00 sens50 -99.00 sat 0.000 dead 0.96 frozen 0.97 nbin 272 fat 0.039 | 47.1s
ex16|step1|0|0.0|div|10|2.0|50: static 0.005 sstatic 0.000 c1 0.000 c50 0.000 fac1 -0.005 fac50 -0.006 lock 0.00 move 1.14 period None osc -0.006@50 pr 5.3 sens10 -99.00 sens50 -99.00 sat 0.000 dead 0.84 frozen 0.96 nbin 293 fat 0.043 | 29.2s
ex16|step1|0|0.0|div|30|0.5|50: static 0.183 sstatic 0.182 c1 0.165 c50 0.174 fac1 -0.010 fac50 -0.003 lock 0.00 move 1.28 period None osc -0.010@19 pr 20.2 sens10 -99.00 sens50 -99.00 sat 0.114 dead 0.04 frozen 0.04 nbin 300 fat 0.512 | 29.2s
ex16|step1|0|0.0|sub|300|1.0|50: static 0.005 sstatic 0.282 c1 0.006 c50 -0.001 fac1 0.002 fac50 -0.005 lock 0.04 move 1.41 period None osc -0.012@14 pr 21.0 sens10 -99.00 sens50 -99.00 sat 0.254 dead 0.00 frozen 0.04 nbin 300 fat 0.508 | 52.0s
ex16|step1|0|0.0|div|3|0.5|51: static 0.004 sstatic 0.000 c1 0.000 c50 0.000 fac1 -0.005 fac50 -0.004 lock 0.00 move 1.14 period None osc -0.013@16 pr 5.8 sens10 -99.00 sens50 -99.00 sat 0.000 dead 0.96 frozen 0.98 nbin 300 fat 0.003 | 52.6s
ex16|step1|0|0.0|div|3|2.0|51: static 0.351 sstatic 0.000 c1 0.000 c50 0.000 fac1 -0.067 fac50 -0.015 lock 0.00 move 1.17 period None osc -0.067@1 pr 15.7 sens10 -99.00 sens50 -99.00 sat 0.000 dead 0.99 frozen 0.99 nbin 146 fat 0.010 | 52.8s
ex16|step1|0|0.0|div|30|0.5|51: static 0.048 sstatic 0.054 c1 0.046 c50 0.000 fac1 0.284 fac50 -0.008 lock 0.00 move 1.18 period None osc -0.008@49 pr 7.2 sens10 -99.00 sens50 -99.00 sat 0.030 dead 0.03 frozen 0.05 nbin 300 fat 0.488 | 29.0s
ex16|step1|0|0.0|div|10|0.5|51: static 0.155 sstatic 0.150 c1 0.135 c50 0.148 fac1 -0.017 fac50 -0.001 lock 0.00 move 1.3 period None osc -0.017@1 pr 19.5 sens10 -99.00 sens50 -99.00 sat 0.094 dead 0.03 frozen 0.03 nbin 300 fat 0.422 | 51.8s
ex16|step1|0|0.0|div|10|0.5|50: static 0.177 sstatic 0.170 c1 0.152 c50 0.164 fac1 -0.020 fac50 -0.001 lock 0.00 move 1.29 period None osc -0.020@1 pr 20.1 sens10 -99.00 sens50 -99.00 sat 0.108 dead 0.04 frozen 0.04 nbin 300 fat 0.501 | 52.3s
ex16|step1|0|0.0|div|100|0.5|50: static 0.184 sstatic 0.180 c1 0.174 c50 0.173 fac1 -0.001 fac50 -0.001 lock 0.00 move 1.28 period None osc -0.007@29 pr 20.2 sens10 -99.00 sens50 -99.00 sat 0.115 dead 0.04 frozen 0.04 nbin 300 fat 0.507 | 28.5s
ex16|step1|0|0.0|div|100|0.5|51: static 0.034 sstatic 0.035 c1 0.030 c50 0.009 fac1 0.114 fac50 0.019 lock 0.00 move 1.2 period None osc 0.019@50 pr 12.8 sens10 -99.00 sens50 -99.00 sat 0.021 dead 0.03 frozen 0.05 nbin 300 fat 0.047 | 28.4s
ex16|step1|0|0.0|div|10|2.0|51: static 0.336 sstatic 0.000 c1 0.000 c50 0.000 fac1 -0.055 fac50 -0.016 lock 0.00 move 1.16 period None osc -0.055@1 pr 15.4 sens10 -99.00 sens50 -99.00 sat 0.000 dead 0.99 frozen 0.99 nbin 215 fat 0.011 | 36.1s
ex16|step1|0|0.0|div|100|2.0|50: static 0.028 sstatic 0.030 c1 0.026 c50 0.000 fac1 0.305 fac50 -0.033 lock 0.00 move 1.16 period None osc -0.033@50 pr 6.3 sens10 -99.00 sens50 -99.00 sat 0.017 dead 0.04 frozen 0.07 nbin 293 fat 0.158 | 28.9s
ex16|step1|0|0.0|div|30|2.0|50: static 0.007 sstatic 0.000 c1 0.000 c50 0.000 fac1 -0.007 fac50 -0.006 lock 0.00 move 1.16 period None osc -0.007@3 pr 4.4 sens10 -99.00 sens50 -99.00 sat 0.000 dead 0.76 frozen 0.92 nbin 292 fat 0.045 | 39.9s
ex16|step1|0|0.0|div|30|2.0|51: static 0.003 sstatic 0.000 c1 0.000 c50 0.000 fac1 -0.003 fac50 -0.004 lock 0.00 move 1.17 period None osc -0.004@50 pr 2.6 sens10 -99.00 sens50 -99.00 sat 0.000 dead 0.89 frozen 0.98 nbin 235 fat 0.011 | 40.6s
ex16|step1|0|0.0|div|300|0.5|50: static 0.186 sstatic 0.187 c1 0.179 c50 0.173 fac1 0.001 fac50 -0.004 lock 0.00 move 1.27 period None osc -0.008@37 pr 20.2 sens10 -99.00 sens50 -99.00 sat 0.119 dead 0.04 frozen 0.04 nbin 300 fat 0.515 | 26.8s
ex16|step1|0|0.0|div|300|2.0|50: static 0.003 sstatic 0.000 c1 0.000 c50 0.000 fac1 -0.003 fac50 -0.004 lock 0.00 move 1.16 period None osc -0.004@50 pr 3.1 sens10 -99.00 sens50 -99.00 sat 0.000 dead 0.42 frozen 0.84 nbin 294 fat 0.073 | 26.4s
ex16|step1|0|0.0|dep|3|0.5|50: static 0.019 sstatic 0.000 c1 0.000 c50 0.000 fac1 -0.013 fac50 -0.005 lock 0.00 move 1.18 period None osc -0.013@1 pr 6.6 sens10 -99.00 sens50 -99.00 sat 0.004 dead 0.48 frozen 0.82 nbin 300 fat 0.996 | 29.7s
ex16|step1|0|0.0|dep|10|0.5|50: static 0.004 sstatic 0.000 c1 0.000 c50 0.000 fac1 -0.004 fac50 -0.004 lock 0.00 move 1.15 period None osc -0.004@1 pr 6.3 sens10 -99.00 sens50 -99.00 sat 0.003 dead 0.57 frozen 0.87 nbin 300 fat 0.991 | 29.3s
ex16|step1|0|0.0|dep|10|0.1|51: static 0.284 sstatic 0.313 c1 0.261 c50 0.276 fac1 -0.031 fac50 -0.004 lock 0.00 move 1.2 period None osc -0.031@1 pr 20.4 sens10 -99.00 sens50 -99.00 sat 0.176 dead 0.03 frozen 0.03 nbin 300 fat 0.864 | 29.5s
ex16|step1|0|0.0|div|100|2.0|51: static 0.003 sstatic 0.000 c1 0.000 c50 0.000 fac1 -0.003 fac50 -0.004 lock 0.00 move 1.16 period None osc -0.004@50 pr 2.6 sens10 -99.00 sens50 -99.00 sat 0.000 dead 0.83 frozen 0.95 nbin 239 fat 0.011 | 49.5s
ex16|step1|0|0.0|div|300|0.5|51: static 0.007 sstatic 0.000 c1 0.000 c50 0.000 fac1 -0.008 fac50 -0.004 lock 0.00 move 1.12 period None osc -0.009@48 pr 5.6 sens10 -99.00 sens50 -99.00 sat 0.000 dead 0.96 frozen 0.99 nbin 299 fat 0.144 | 39.1s
ex16|step1|0|0.0|dep|30|0.1|50: static 0.131 sstatic 0.135 c1 0.118 c50 0.117 fac1 0.014 fac50 -0.002 lock 0.00 move 1.31 period None osc -0.021@21 pr 19.9 sens10 -99.00 sens50 -99.00 sat 0.086 dead 0.04 frozen 0.04 nbin 300 fat 0.816 | 29.3s
ex16|step1|0|0.0|div|300|2.0|51: static 0.003 sstatic 0.000 c1 0.000 c50 0.000 fac1 -0.003 fac50 -0.004 lock 0.00 move 1.17 period None osc -0.004@50 pr 2.6 sens10 -99.00 sens50 -99.00 sat 0.000 dead 0.89 frozen 0.98 nbin 244 fat 0.035 | 47.5s
ex16|step1|0|0.0|dep|100|0.1|50: static 0.021 sstatic 0.021 c1 0.018 c50 0.000 fac1 0.173 fac50 -0.018 lock 0.00 move 1.18 period None osc -0.019@42 pr 8.9 sens10 -99.00 sens50 -99.00 sat 0.015 dead 0.04 frozen 0.06 nbin 300 fat 0.845 | 30.2s
ex16|step1|0|0.0|dep|3|0.1|50: static 0.465 sstatic 0.484 c1 0.437 c50 0.465 fac1 -0.044 fac50 0.003 lock 0.00 move 1.04 period None osc -0.044@1 pr 20.3 sens10 -99.00 sens50 -99.00 sat 0.253 dead 0.04 frozen 0.05 nbin 300 fat 0.933 | 54.1s
ex16|step1|0|0.0|dep|3|0.1|51: static 0.435 sstatic 0.454 c1 0.408 c50 0.433 fac1 -0.042 fac50 -0.000 lock 0.00 move 1.07 period None osc -0.042@1 pr 20.0 sens10 -99.00 sens50 -99.00 sat 0.237 dead 0.03 frozen 0.04 nbin 300 fat 0.937 | 54.1s
ex16|step1|0|0.0|dep|3|0.5|51: static 0.122 sstatic 0.006 c1 0.000 c50 0.000 fac1 -0.023 fac50 -0.006 lock 0.00 move 1.1 period None osc -0.023@1 pr 8.4 sens10 -99.00 sens50 -99.00 sat 0.001 dead 0.97 frozen 0.99 nbin 300 fat 0.999 | 53.8s
ex16|step1|0|0.0|dep|10|0.1|50: static 0.308 sstatic 0.341 c1 0.283 c50 0.301 fac1 -0.034 fac50 -0.000 lock 0.00 move 1.19 period None osc -0.034@1 pr 20.8 sens10 -99.00 sens50 -99.00 sat 0.191 dead 0.04 frozen 0.04 nbin 300 fat 0.855 | 54.1s
ex16|step1|0|0.0|dep|10|0.5|51: static 0.405 sstatic 0.160 c1 0.000 c50 0.000 fac1 -0.044 fac50 -0.005 lock 0.00 move 1.1 period None osc -0.044@1 pr 13.4 sens10 -99.00 sens50 -99.00 sat 0.001 dead 0.98 frozen 0.99 nbin 299 fat 0.998 | 53.1s
ex16|step1|0|0.0|dep|100|0.5|50: static 0.059 sstatic 0.000 c1 0.000 c50 0.000 fac1 -0.023 fac50 -0.002 lock 0.00 move 1.09 period None osc -0.023@1 pr 13.1 sens10 -99.00 sens50 -99.00 sat 0.003 dead 0.82 frozen 0.96 nbin 300 fat 0.977 | 30.6s
ex16|step1|0|0.0|dep|30|0.1|51: static 0.004 sstatic 0.003 c1 0.000 c50 0.000 fac1 -0.003 fac50 -0.004 lock 0.00 move 1.13 period None osc -0.005@48 pr 4.7 sens10 -99.00 sens50 -99.00 sat 0.001 dead 0.91 frozen 0.97 nbin 300 fat 0.999 | 55.6s
ex16|step1|0|0.0|dep|30|0.5|50: static 0.091 sstatic 0.000 c1 0.000 c50 0.000 fac1 -0.030 fac50 -0.004 lock 0.00 move 1.11 period None osc -0.030@1 pr 12.5 sens10 -99.00 sens50 -99.00 sat 0.003 dead 0.81 frozen 0.93 nbin 300 fat 0.984 | 55.1s
ex16|step1|0|0.0|dep|300|0.5|50: static 0.038 sstatic 0.000 c1 0.000 c50 0.000 fac1 -0.019 fac50 -0.007 lock 0.00 move 1.09 period None osc -0.019@1 pr 11.4 sens10 -99.00 sens50 -99.00 sat 0.003 dead 0.82 frozen 0.96 nbin 300 fat 0.964 | 30.4s
ex16|step1|0|0.0|dep|30|0.5|51: static 0.405 sstatic 0.160 c1 0.000 c50 0.000 fac1 -0.044 fac50 0.002 lock 0.00 move 1.1 period None osc -0.044@1 pr 13.9 sens10 -99.00 sens50 -99.00 sat 0.001 dead 0.98 frozen 0.99 nbin 298 fat 0.997 | 53.4s
ex16|step1|0|0.5|none|0|0.0|51: static 0.853 sstatic 0.790 c1 0.982 c50 0.850 fac1 0.871 fac50 -0.041 lock 0.00 move 0.189 period None osc -0.045@44 pr 13.1 sens10 3.15 sens50 3.71 sat 0.391 dead 0.03 frozen 0.32 nbin 300 fat None | 27.2s
ex16|step1|0|0.0|dep|100|0.1|51: static 0.065 sstatic 0.003 c1 0.000 c50 0.000 fac1 -0.023 fac50 -0.004 lock 0.00 move 1.11 period None osc -0.023@1 pr 8.7 sens10 -99.00 sens50 -99.00 sat 0.001 dead 0.97 frozen 0.99 nbin 299 fat 0.997 | 51.0s
ex16|step1|0|0.5|sub|3|1.0|51: static 0.000 sstatic 0.210 c1 0.515 c50 -0.010 fac1 0.522 fac50 -0.009 lock 0.00 move 0.977 period None osc -0.288@4 pr 19.3 sens10 3.93 sens50 4.14 sat 0.188 dead 0.03 frozen 0.03 nbin 300 fat 0.798 | 27.6s
ex16|step1|0|0.0|dep|100|0.5|51: static 0.405 sstatic 0.160 c1 0.000 c50 0.000 fac1 -0.026 fac50 0.004 lock 0.00 move 1.1 period None osc -0.026@1 pr 14.1 sens10 -99.00 sens50 -99.00 sat 0.001 dead 0.98 frozen 0.99 nbin 298 fat 0.995 | 54.0s
ex16|step1|0|0.0|dep|300|0.1|50: static 0.059 sstatic 0.000 c1 0.000 c50 0.000 fac1 -0.004 fac50 -0.003 lock 0.00 move 1.12 period None osc -0.008@3 pr 9.0 sens10 -99.00 sens50 -99.00 sat 0.003 dead 0.72 frozen 0.88 nbin 300 fat 0.971 | 53.5s
ex16|step1|0|0.0|dep|300|0.1|51: static 0.405 sstatic 0.160 c1 0.000 c50 0.000 fac1 -0.023 fac50 0.006 lock 0.00 move 1.1 period None osc -0.024@48 pr 14.0 sens10 -99.00 sens50 -99.00 sat 0.001 dead 0.98 frozen 0.99 nbin 298 fat 0.987 | 54.1s
ex16|step1|0|0.5|sub|10|0.5|50: static 0.328 sstatic 0.496 c1 0.872 c50 0.312 fac1 0.814 fac50 0.003 lock 0.00 move 0.495 period None osc -0.224@9 pr 16.7 sens10 -1.68 sens50 -3.31 sat 0.343 dead 0.04 frozen 0.04 nbin 300 fat 0.418 | 27.2s
ex16|step1|0|0.5|none|0|0.0|50: static 0.860 sstatic 0.807 c1 0.982 c50 0.857 fac1 0.872 fac50 -0.036 lock 0.00 move 0.187 period None osc -0.043@40 pr 13.0 sens10 -2.96 sens50 -15.77 sat 0.404 dead 0.04 frozen 0.32 nbin 300 fat None | 40.9s
ex16|step1|0|0.5|sub|10|1.0|51: static 0.000 sstatic 0.341 c1 0.806 c50 0.007 fac1 0.810 fac50 0.008 lock 0.00 move 0.612 period None osc -0.300@9 pr 16.6 sens10 -1.36 sens50 -3.04 sat 0.317 dead 0.03 frozen 0.03 nbin 300 fat 0.748 | 27.8s
ex16|step1|0|0.5|sub|30|0.5|50: static 0.274 sstatic 0.482 c1 0.899 c50 0.257 fac1 0.866 fac50 -0.002 lock 0.00 move 0.437 period None osc -0.146@14 pr 15.4 sens10 -1.94 sens50 -2.48 sat 0.355 dead 0.04 frozen 0.04 nbin 300 fat 0.399 | 28.0s
ex16|step1|0|0.0|dep|300|0.5|51: static 0.405 sstatic 0.160 c1 0.000 c50 0.000 fac1 -0.023 fac50 0.003 lock 0.00 move 1.1 period None osc -0.024@3 pr 13.7 sens10 -99.00 sens50 -99.00 sat 0.001 dead 0.98 frozen 0.99 nbin 298 fat 0.985 | 58.4s
ex16|step1|0|0.5|sub|3|0.5|50: static 0.538 sstatic 0.572 c1 0.843 c50 0.525 fac1 0.665 fac50 -0.016 lock 0.00 move 0.547 period None osc -0.204@6 pr 18.0 sens10 -2.14 sens50 -9.83 sat 0.309 dead 0.04 frozen 0.06 nbin 300 fat 0.464 | 50.4s
ex16|step1|0|0.5|sub|3|1.0|50: static 0.000 sstatic 0.216 c1 0.518 c50 0.000 fac1 0.524 fac50 -0.000 lock 0.00 move 0.973 period None osc -0.291@4 pr 19.6 sens10 -1.81 sens50 -9.52 sat 0.193 dead 0.04 frozen 0.04 nbin 300 fat 0.795 | 50.4s
ex16|step1|0|0.5|sub|3|0.5|51: static 0.514 sstatic 0.535 c1 0.838 c50 0.501 fac1 0.671 fac50 -0.017 lock 0.00 move 0.557 period None osc -0.203@6 pr 17.7 sens10 -2.15 sens50 -9.89 sat 0.295 dead 0.03 frozen 0.04 nbin 300 fat 0.457 | 52.8s
ex16|step1|0|0.5|sub|30|0.5|51: static 0.260 sstatic 0.466 c1 0.897 c50 0.243 fac1 0.864 fac50 -0.005 lock 0.00 move 0.443 period None osc -0.146@13 pr 15.6 sens10 3.73 sens50 4.08 sat 0.346 dead 0.03 frozen 0.03 nbin 300 fat 0.407 | 28.2s
ex16|step1|0|0.5|sub|30|1.0|50: static 0.001 sstatic 0.368 c1 0.866 c50 -0.001 fac1 0.867 fac50 -0.001 lock 0.00 move 0.51 period None osc -0.181@14 pr 15.3 sens10 -1.63 sens50 -2.19 sat 0.341 dead 0.04 frozen 0.04 nbin 300 fat 0.695 | 28.5s
ex16|step1|0|0.5|sub|30|1.0|51: static 0.001 sstatic 0.365 c1 0.866 c50 -0.006 fac1 0.868 fac50 -0.005 lock 0.00 move 0.509 period None osc -0.175@14 pr 15.4 sens10 -1.59 sens50 -2.16 sat 0.341 dead 0.03 frozen 0.03 nbin 300 fat 0.713 | 28.6s
ex16|step1|0|0.5|sub|100|0.5|50: static 0.257 sstatic 0.474 c1 0.911 c50 0.224 fac1 0.882 fac50 -0.022 lock 0.04 move 0.416 period None osc -0.088@19 pr 15.2 sens10 -2.42 sens50 -2.49 sat 0.360 dead 0.00 frozen 0.04 nbin 300 fat 0.374 | 28.5s
ex16|step1|0|0.5|sub|100|1.0|50: static 0.004 sstatic 0.376 c1 0.887 c50 -0.037 fac1 0.888 fac50 -0.032 lock 0.03 move 0.469 period None osc -0.085@23 pr 15.1 sens10 -2.08 sens50 -2.22 sat 0.349 dead 0.00 frozen 0.04 nbin 300 fat 0.680 | 28.6s
ex16|step1|0|0.5|sub|100|1.0|51: static 0.004 sstatic 0.373 c1 0.889 c50 -0.022 fac1 0.890 fac50 -0.023 lock 0.01 move 0.462 period None osc -0.102@19 pr 14.9 sens10 -2.09 sens50 -2.21 sat 0.350 dead 0.00 frozen 0.03 nbin 300 fat 0.690 | 28.4s
ex16|step1|0|0.5|sub|10|0.5|51: static 0.315 sstatic 0.478 c1 0.871 c50 0.309 fac1 0.816 fac50 0.001 lock 0.00 move 0.496 period None osc -0.221@9 pr 16.5 sens10 -1.71 sens50 -3.31 sat 0.333 dead 0.03 frozen 0.03 nbin 300 fat 0.417 | 51.9s
ex16|step1|0|0.5|sub|10|1.0|50: static 0.000 sstatic 0.347 c1 0.803 c50 -0.004 fac1 0.807 fac50 -0.003 lock 0.00 move 0.615 period None osc -0.290@9 pr 16.9 sens10 -1.38 sens50 -3.03 sat 0.318 dead 0.04 frozen 0.04 nbin 300 fat 0.722 | 51.6s
ex16|step1|0|0.5|sub|300|0.5|51: static 0.269 sstatic 0.474 c1 0.916 c50 0.227 fac1 0.887 fac50 -0.039 lock 0.03 move 0.402 period None osc -0.053@30 pr 14.8 sens10 -2.98 sens50 -2.83 sat 0.355 dead 0.00 frozen 0.03 nbin 300 fat 0.373 | 28.0s
ex16|step1|0|0.5|sub|300|1.0|50: static 0.026 sstatic 0.384 c1 0.893 c50 -0.004 fac1 0.891 fac50 -0.025 lock 0.04 move 0.455 period None osc -0.051@40 pr 15.0 sens10 3.67 sens50 4.13 sat 0.352 dead 0.00 frozen 0.04 nbin 300 fat 0.662 | 27.9s
ex16|step1|0|0.5|sub|100|0.5|51: static 0.241 sstatic 0.461 c1 0.912 c50 0.211 fac1 0.885 fac50 -0.031 lock 0.02 move 0.413 period None osc -0.077@36 pr 14.8 sens10 -2.43 sens50 -2.51 sat 0.352 dead 0.00 frozen 0.03 nbin 300 fat 0.376 | 50.9s
ex16|step1|0|0.5|div|10|0.5|50: static 0.514 sstatic 0.501 c1 0.907 c50 0.503 fac1 0.810 fac50 -0.016 lock 0.00 move 0.43 period None osc -0.144@10 pr 15.4 sens10 -2.02 sens50 -3.48 sat 0.252 dead 0.04 frozen 0.10 nbin 300 fat 1.340 | 28.4s
ex16|step1|0|0.5|div|3|2.0|51: static 0.556 sstatic 0.000 c1 0.000 c50 0.000 fac1 0.374 fac50 -0.004 lock 0.00 move 0.71 period None osc -0.037@19 pr 14.5 sens10 -3.04 sens50 -15.06 sat 0.000 dead 0.99 frozen 0.99 nbin 168 fat 0.015 | 29.9s
ex16|step1|0|0.5|div|10|0.5|51: static 0.490 sstatic 0.467 c1 0.904 c50 0.484 fac1 0.815 fac50 -0.007 lock 0.00 move 0.433 period None osc -0.140@10 pr 15.4 sens10 -2.02 sens50 -3.43 sat 0.238 dead 0.03 frozen 0.09 nbin 300 fat 1.325 | 28.2s
ex16|step1|0|0.5|div|10|2.0|50: static 0.010 sstatic 0.000 c1 0.000 c50 0.000 fac1 0.480 fac50 -0.012 lock 0.00 move 0.692 period None osc -0.012@50 pr 4.5 sens10 -2.70 sens50 -4.36 sat 0.000 dead 0.82 frozen 0.96 nbin 299 fat 0.068 | 28.3s
ex16|step1|0|0.5|div|30|0.5|50: static 0.468 sstatic 0.471 c1 0.921 c50 0.451 fac1 0.855 fac50 -0.016 lock 0.00 move 0.393 period None osc -0.090@16 pr 15.0 sens10 -2.23 sens50 -2.77 sat 0.248 dead 0.04 frozen 0.09 nbin 300 fat 1.362 | 27.8s
ex16|step1|0|0.5|sub|300|0.5|50: static 0.277 sstatic 0.489 c1 0.914 c50 0.244 fac1 0.883 fac50 -0.040 lock 0.04 move 0.407 period None osc -0.044@20 pr 15.1 sens10 -3.00 sens50 -2.83 sat 0.362 dead 0.00 frozen 0.04 nbin 300 fat 0.373 | 51.8s
ex16|step1|0|0.5|sub|300|1.0|51: static 0.026 sstatic 0.379 c1 0.896 c50 -0.027 fac1 0.894 fac50 -0.044 lock 0.03 move 0.448 period None osc -0.059@29 pr 14.9 sens10 -2.61 sens50 -2.53 sat 0.350 dead 0.00 frozen 0.03 nbin 300 fat 0.648 | 50.5s
ex16|step1|0|0.5|div|3|0.5|50: static 0.643 sstatic 0.590 c1 0.897 c50 0.644 fac1 0.712 fac50 -0.002 lock 0.00 move 0.455 period None osc -0.095@7 pr 15.3 sens10 -2.53 sens50 -15.77 sat 0.267 dead 0.04 frozen 0.14 nbin 300 fat 1.394 | 51.0s
ex16|step1|0|0.5|div|3|0.5|51: static 0.609 sstatic 0.552 c1 0.890 c50 0.610 fac1 0.717 fac50 -0.008 lock 0.00 move 0.465 period None osc -0.094@7 pr 15.3 sens10 -2.54 sens50 -15.83 sat 0.250 dead 0.03 frozen 0.13 nbin 300 fat 1.314 | 51.0s
ex16|step1|0|0.5|div|3|2.0|50: static 0.579 sstatic 0.000 c1 0.000 c50 0.000 fac1 0.394 fac50 -0.023 lock 0.00 move 0.693 period None osc -0.031@19 pr 15.2 sens10 -2.96 sens50 -15.06 sat 0.000 dead 0.96 frozen 0.97 nbin 287 fat 0.063 | 49.8s
ex16|step1|0|0.5|div|100|0.5|50: static 0.448 sstatic 0.463 c1 0.929 c50 0.430 fac1 0.871 fac50 -0.022 lock 0.00 move 0.376 period None osc -0.062@34 pr 14.6 sens10 3.72 sens50 4.03 sat 0.246 dead 0.04 frozen 0.08 nbin 300 fat 1.359 | 27.9s
ex16|step1|0|0.5|div|10|2.0|51: static 0.527 sstatic 0.003 c1 0.000 c50 0.000 fac1 0.445 fac50 -0.003 lock 0.00 move 0.705 period None osc -0.036@18 pr 9.9 sens10 -2.85 sens50 -4.55 sat 0.000 dead 0.98 frozen 0.99 nbin 247 fat 0.017 | 51.6s
ex16|step1|0|0.5|div|300|0.5|50: static 0.438 sstatic 0.467 c1 0.931 c50 0.422 fac1 0.879 fac50 -0.021 lock 0.00 move 0.367 period None osc -0.046@29 pr 14.2 sens10 -2.96 sens50 -3.03 sat 0.249 dead 0.04 frozen 0.08 nbin 300 fat 1.358 | 27.3s
ex16|step1|0|0.5|div|300|0.5|51: static 0.421 sstatic 0.439 c1 0.929 c50 0.400 fac1 0.880 fac50 -0.027 lock 0.00 move 0.368 period None osc -0.046@36 pr 14.1 sens10 -2.97 sens50 -3.03 sat 0.238 dead 0.03 frozen 0.08 nbin 300 fat 1.317 | 27.2s
ex16|step1|0|0.5|div|30|0.5|51: static 0.449 sstatic 0.454 c1 0.920 c50 0.424 fac1 0.855 fac50 -0.030 lock 0.00 move 0.397 period None osc -0.082@15 pr 14.9 sens10 3.69 sens50 4.03 sat 0.236 dead 0.03 frozen 0.08 nbin 300 fat 1.312 | 50.0s
ex16|step1|0|0.5|div|30|2.0|50: static 0.010 sstatic 0.000 c1 0.000 c50 0.000 fac1 0.488 fac50 -0.012 lock 0.00 move 0.698 period None osc -0.012@50 pr 3.2 sens10 -2.83 sens50 -3.30 sat 0.000 dead 0.64 frozen 0.91 nbin 300 fat 0.071 | 49.9s
ex16|step1|0|0.5|div|300|2.0|50: static 0.024 sstatic 0.000 c1 0.000 c50 0.000 fac1 0.494 fac50 -0.017 lock 0.00 move 0.68 period None osc -0.017@50 pr 5.1 sens10 -3.07 sens50 -3.55 sat 0.000 dead 0.78 frozen 0.94 nbin 300 fat 0.165 | 27.0s
ex16|step1|0|0.5|div|30|2.0|51: static 0.520 sstatic 0.005 c1 0.000 c50 0.000 fac1 0.467 fac50 -0.007 lock 0.00 move 0.697 period None osc -0.038@18 pr 9.9 sens10 -2.95 sens50 -3.48 sat 0.000 dead 0.98 frozen 0.99 nbin 266 fat 0.017 | 46.3s
ex16|step1|0|0.5|div|100|2.0|50: static 0.015 sstatic 0.000 c1 0.000 c50 0.000 fac1 0.493 fac50 -0.012 lock 0.00 move 0.682 period None osc -0.012@50 pr 3.8 sens10 -2.96 sens50 -3.38 sat 0.000 dead 0.72 frozen 0.93 nbin 299 fat 0.096 | 40.3s
ex16|step1|0|0.5|div|100|2.0|51: static 0.011 sstatic 0.003 c1 0.000 c50 0.000 fac1 0.492 fac50 -0.010 lock 0.00 move 0.696 period None osc -0.013@16 pr 7.0 sens10 -3.01 sens50 -3.18 sat 0.000 dead 0.97 frozen 0.99 nbin 275 fat 0.017 | 39.7s
ex16|step1|0|0.5|div|100|0.5|51: static 0.419 sstatic 0.439 c1 0.926 c50 0.413 fac1 0.874 fac50 -0.010 lock 0.00 move 0.376 period None osc -0.050@34 pr 14.4 sens10 -2.65 sens50 -2.77 sat 0.232 dead 0.03 frozen 0.07 nbin 300 fat 1.302 | 48.8s
ex16|step1|0|0.5|dep|10|0.1|50: static 0.723 sstatic 0.676 c1 0.944 c50 0.725 fac1 0.798 fac50 -0.007 lock 0.00 move 0.333 period None osc -0.111@9 pr 16.1 sens10 -2.96 sens50 -15.77 sat 0.321 dead 0.04 frozen 0.14 nbin 300 fat 0.808 | 29.9s
ex16|step1|0|0.5|div|300|2.0|51: static 0.014 sstatic 0.003 c1 0.000 c50 0.000 fac1 0.494 fac50 -0.012 lock 0.00 move 0.689 period None osc -0.019@16 pr 6.8 sens10 -3.09 sens50 -3.95 sat 0.000 dead 0.97 frozen 0.99 nbin 275 fat 0.106 | 49.9s
ex16|step1|0|0.5|dep|10|0.1|51: static 0.694 sstatic 0.645 c1 0.940 c50 0.693 fac1 0.800 fac50 -0.007 lock 0.00 move 0.343 period None osc -0.123@10 pr 15.8 sens10 -2.95 sens50 -15.83 sat 0.306 dead 0.03 frozen 0.13 nbin 300 fat 0.815 | 30.3s
ex16|step1|0|0.5|dep|10|0.5|50: static 0.094 sstatic 0.000 c1 0.000 c50 0.000 fac1 0.582 fac50 -0.019 lock 0.00 move 0.581 period None osc -0.030@8 pr 6.5 sens10 -3.03 sens50 -15.16 sat 0.009 dead 0.51 frozen 0.85 nbin 300 fat 0.986 | 30.4s
ex16|step1|0|0.5|dep|30|0.5|50: static 0.408 sstatic 0.000 c1 0.000 c50 0.000 fac1 0.558 fac50 -0.010 lock 0.00 move 0.571 period None osc -0.044@8 pr 9.8 sens10 -3.04 sens50 -15.08 sat 0.008 dead 0.77 frozen 0.93 nbin 300 fat 0.981 | 30.9s
ex16|step1|0|0.5|dep|100|0.1|50: static 0.140 sstatic 0.128 c1 0.722 c50 0.107 fac1 0.847 fac50 -0.100 lock 0.00 move 0.57 period None osc -0.100@50 pr 6.4 sens10 3.82 sens50 2.57 sat 0.075 dead 0.04 frozen 0.05 nbin 300 fat 0.734 | 31.4s
ex16|step1|0|0.5|dep|3|0.1|50: static 0.842 sstatic 0.781 c1 0.975 c50 0.837 fac1 0.837 fac50 -0.027 lock 0.00 move 0.224 period None osc -0.036@42 pr 14.1 sens10 -2.96 sens50 -15.77 sat 0.376 dead 0.04 frozen 0.28 nbin 300 fat 0.911 | 56.5s
ex16|step1|0|0.5|dep|3|0.1|51: static 0.828 sstatic 0.767 c1 0.973 c50 0.829 fac1 0.840 fac50 -0.024 lock 0.00 move 0.228 period None osc -0.024@50 pr 13.8 sens10 -2.95 sens50 -15.82 sat 0.362 dead 0.03 frozen 0.27 nbin 300 fat 0.912 | 57.2s
ex16|step1|0|0.5|dep|3|0.5|50: static 0.714 sstatic 0.603 c1 0.950 c50 0.705 fac1 0.826 fac50 -0.031 lock 0.00 move 0.312 period None osc -0.041@33 pr 14.3 sens10 -2.96 sens50 -15.78 sat 0.226 dead 0.04 frozen 0.17 nbin 300 fat 0.840 | 57.0s
ex16|step1|0|0.5|dep|3|0.5|51: static 0.650 sstatic 0.544 c1 0.940 c50 0.637 fac1 0.827 fac50 -0.027 lock 0.00 move 0.337 period None osc -0.040@31 pr 14.0 sens10 3.72 sens50 3.92 sat 0.196 dead 0.03 frozen 0.13 nbin 300 fat 0.859 | 56.8s
ex16|step1|0|0.5|dep|10|0.5|51: static 0.500 sstatic 0.003 c1 0.000 c50 0.000 fac1 0.495 fac50 -0.002 lock 0.00 move 0.554 period None osc -0.029@19 pr 8.3 sens10 -3.06 sens50 -15.08 sat 0.002 dead 0.97 frozen 0.99 nbin 300 fat 0.998 | 51.0s
ex16|step1|0|0.5|dep|30|0.1|50: static 0.446 sstatic 0.447 c1 0.885 c50 0.445 fac1 0.798 fac50 -0.010 lock 0.00 move 0.471 period None osc -0.112@10 pr 17.3 sens10 -2.94 sens50 -15.74 sat 0.221 dead 0.04 frozen 0.05 nbin 300 fat 0.700 | 55.7s
ex16|step1|0|0.5|dep|30|0.1|51: static 0.411 sstatic 0.422 c1 0.881 c50 0.407 fac1 0.799 fac50 -0.014 lock 0.00 move 0.476 period None osc -0.107@11 pr 17.0 sens10 -2.98 sens50 -15.83 sat 0.209 dead 0.03 frozen 0.04 nbin 300 fat 0.709 | 56.1s
ex16|step1|0|0.5|dep|100|0.1|51: static 0.026 sstatic 0.000 c1 0.000 c50 0.000 fac1 0.495 fac50 -0.012 lock 0.00 move 0.556 period None osc -0.027@19 pr 5.9 sens10 -3.06 sens50 -15.07 sat 0.002 dead 0.96 frozen 0.98 nbin 300 fat 0.996 | 48.9s
ex16|step1|0|0.5|dep|30|0.5|51: static 0.683 sstatic 0.446 c1 0.000 c50 0.000 fac1 0.481 fac50 -0.001 lock 0.00 move 0.554 period None osc -0.037@19 pr 13.4 sens10 -3.06 sens50 -15.07 sat 0.002 dead 0.98 frozen 0.99 nbin 300 fat 0.996 | 54.3s
ex16|step1|0|0.5|dep|300|0.5|50: static 0.207 sstatic 0.000 c1 0.000 c50 0.000 fac1 0.531 fac50 -0.018 lock 0.00 move 0.559 period None osc -0.033@14 pr 10.2 sens10 -3.04 sens50 -15.08 sat 0.008 dead 0.82 frozen 0.96 nbin 300 fat 0.962 | 30.9s
ex16|step1|0|0.9|none|0|0.0|50: static 0.912 sstatic 0.873 c1 1.000 c50 0.914 fac1 0.993 fac50 -0.028 lock 0.00 move 0.0241 period None osc -0.028@50 pr 5.3 sens10 1.57 sens50 3.21 sat 0.473 dead 0.04 frozen 0.56 nbin 300 fat None | 25.0s
ex16|step1|0|0.5|dep|100|0.5|50: static 0.296 sstatic 0.000 c1 0.000 c50 0.000 fac1 0.546 fac50 -0.017 lock 0.00 move 0.563 period None osc -0.041@14 pr 11.5 sens10 -3.04 sens50 -15.08 sat 0.008 dead 0.82 frozen 0.96 nbin 300 fat 0.975 | 56.2s
ex16|step1|0|0.5|dep|100|0.5|51: static 0.683 sstatic 0.446 c1 0.000 c50 0.000 fac1 0.481 fac50 -0.004 lock 0.00 move 0.55 period None osc -0.036@19 pr 13.3 sens10 -3.06 sens50 -15.07 sat 0.002 dead 0.98 frozen 0.99 nbin 300 fat 0.995 | 54.6s
ex16|step1|0|0.9|sub|3|1.0|51: static 0.001 sstatic 0.343 c1 0.912 c50 -0.025 fac1 0.912 fac50 -0.025 lock 0.00 move 0.41 period None osc -0.380@12 pr 14.0 sens10 -1.11 sens50 4.04 sat 0.318 dead 0.03 frozen 0.03 nbin 300 fat 0.977 | 27.2s
ex16|step1|0|0.5|dep|300|0.1|51: static 0.174 sstatic 0.000 c1 0.000 c50 0.000 fac1 0.500 fac50 -0.002 lock 0.00 move 0.552 period None osc -0.031@19 pr 8.3 sens10 -3.06 sens50 -15.07 sat 0.002 dead 0.97 frozen 0.99 nbin 300 fat 0.978 | 52.1s
ex16|step1|0|0.5|dep|300|0.1|50: static 0.016 sstatic 0.000 c1 0.000 c50 0.000 fac1 0.552 fac50 -0.012 lock 0.00 move 0.579 period None osc -0.012@50 pr 5.9 sens10 -3.05 sens50 -15.09 sat 0.008 dead 0.61 frozen 0.88 nbin 300 fat 0.960 | 55.2s
ex16|step1|0|0.5|dep|300|0.5|51: static 0.683 sstatic 0.446 c1 0.000 c50 0.000 fac1 0.481 fac50 -0.012 lock 0.00 move 0.55 period None osc -0.036@19 pr 12.4 sens10 -3.06 sens50 -15.07 sat 0.002 dead 0.98 frozen 0.99 nbin 300 fat 0.984 | 50.0s
ex16|step1|0|0.9|sub|10|1.0|50: static 0.002 sstatic 0.449 c1 0.984 c50 0.157 fac1 0.981 fac50 0.134 lock 0.00 move 0.176 period None osc -0.516@25 pr 8.6 sens10 3.02 sens50 3.84 sat 0.426 dead 0.04 frozen 0.04 nbin 300 fat 0.926 | 27.9s
ex16|step1|0|0.9|none|0|0.0|51: static 0.914 sstatic 0.871 c1 1.000 c50 0.909 fac1 0.992 fac50 -0.061 lock 0.00 move 0.0244 period None osc -0.061@50 pr 5.6 sens10 1.73 sens50 3.12 sat 0.461 dead 0.03 frozen 0.56 nbin 300 fat None | 45.5s
ex16|step1|0|0.9|sub|10|1.0|51: static 0.002 sstatic 0.449 c1 0.984 c50 0.176 fac1 0.981 fac50 0.151 lock 0.00 move 0.175 period None osc -0.523@25 pr 8.7 sens10 -2.58 sens50 3.07 sat 0.429 dead 0.03 frozen 0.03 nbin 300 fat 0.926 | 28.0s
ex16|step1|0|0.9|sub|30|0.5|50: static 0.589 sstatic 0.685 c1 0.997 c50 0.469 fac1 0.990 fac50 -0.233 lock 0.00 move 0.0724 period None osc -0.247@43 pr 7.8 sens10 1.79 sens50 3.72 sat 0.459 dead 0.04 frozen 0.13 nbin 300 fat 0.467 | 28.0s
ex16|step1|0|0.9|sub|30|0.5|51: static 0.559 sstatic 0.675 c1 0.997 c50 0.419 fac1 0.990 fac50 -0.266 lock 0.00 move 0.0729 period None osc -0.279@43 pr 7.5 sens10 2.13 sens50 3.70 sat 0.449 dead 0.03 frozen 0.12 nbin 300 fat 0.466 | 27.9s
ex16|step1|0|0.9|sub|3|1.0|50: static 0.001 sstatic 0.349 c1 0.911 c50 0.000 fac1 0.911 fac50 -0.000 lock 0.00 move 0.416 period None osc -0.375@12 pr 14.3 sens10 3.60 sens50 4.09 sat 0.319 dead 0.04 frozen 0.04 nbin 300 fat 0.969 | 50.5s
ex16|step1|0|0.9|sub|3|0.5|50: static 0.909 sstatic 0.864 c1 0.999 c50 0.908 fac1 0.989 fac50 -0.054 lock 0.00 move 0.0356 period None osc -0.054@50 pr 5.9 sens10 2.58 sens50 3.50 sat 0.458 dead 0.04 frozen 0.54 nbin 300 fat 0.500 | 52.6s
ex16|step1|0|0.9|sub|3|0.5|51: static 0.897 sstatic 0.853 c1 0.999 c50 0.889 fac1 0.989 fac50 -0.067 lock 0.00 move 0.0369 period None osc -0.067@50 pr 6.2 sens10 2.55 sens50 3.52 sat 0.444 dead 0.03 frozen 0.51 nbin 300 fat 0.499 | 52.6s
ex16|step1|0|0.9|sub|30|1.0|51: static 0.007 sstatic 0.472 c1 0.994 c50 -0.475 fac1 0.991 fac50 -0.403 lock 0.00 move 0.108 period None osc -0.441@43 pr 6.5 sens10 -0.74 sens50 -1.12 sat 0.449 dead 0.03 frozen 0.03 nbin 300 fat 0.848 | 28.1s
ex16|step1|0|0.9|sub|100|0.5|50: static 0.457 sstatic 0.639 c1 0.998 c50 0.353 fac1 0.993 fac50 -0.149 lock 0.02 move 0.0639 period None osc -0.149@50 pr 6.2 sens10 2.17 sens50 3.68 sat 0.462 dead 0.00 frozen 0.08 nbin 300 fat 0.439 | 28.4s
ex16|step1|0|0.9|sub|10|0.5|50: static 0.831 sstatic 0.805 c1 0.998 c50 0.811 fac1 0.985 fac50 -0.115 lock 0.00 move 0.0618 period None osc -0.202@35 pr 8.9 sens10 -0.76 sens50 -2.11 sat 0.457 dead 0.04 frozen 0.35 nbin 300 fat 0.494 | 51.7s
ex16|step1|0|0.9|sub|10|0.5|51: static 0.812 sstatic 0.798 c1 0.998 c50 0.787 fac1 0.986 fac50 -0.117 lock 0.00 move 0.0636 period None osc -0.189@32 pr 8.9 sens10 2.66 sens50 3.70 sat 0.445 dead 0.03 frozen 0.33 nbin 300 fat 0.491 | 51.9s
ex16|step1|0|0.9|sub|100|0.5|51: static 0.430 sstatic 0.623 c1 0.998 c50 0.335 fac1 0.993 fac50 -0.147 lock 0.01 move 0.0645 period None osc -0.147@50 pr 6.4 sens10 -0.50 sens50 -1.62 sat 0.453 dead 0.00 frozen 0.07 nbin 300 fat 0.429 | 28.4s
ex16|step1|0|0.9|sub|100|1.0|51: static 0.027 sstatic 0.486 c1 0.997 c50 -0.201 fac1 0.993 fac50 -0.189 lock 0.01 move 0.0801 period None osc -0.189@50 pr 5.7 sens10 1.71 sens50 3.64 sat 0.456 dead 0.00 frozen 0.03 nbin 300 fat 0.784 | 28.5s
ex16|step1|0|0.9|sub|300|0.5|50: static 0.455 sstatic 0.642 c1 0.998 c50 0.442 fac1 0.993 fac50 -0.042 lock 0.04 move 0.0582 period None osc -0.042@50 pr 5.7 sens10 2.39 sens50 3.64 sat 0.463 dead 0.00 frozen 0.09 nbin 300 fat 0.410 | 28.4s
ex16|step1|0|0.9|sub|300|1.0|50: static 0.099 sstatic 0.520 c1 0.998 c50 0.114 fac1 0.993 fac50 0.002 lock 0.04 move 0.0688 period None osc 0.002@50 pr 5.2 sens10 1.44 sens50 3.68 sat 0.461 dead 0.00 frozen 0.04 nbin 300 fat 0.737 | 28.3s
ex16|step1|0|0.9|sub|300|1.0|51: static 0.107 sstatic 0.514 c1 0.998 c50 0.105 fac1 0.993 fac50 -0.016 lock 0.03 move 0.0686 period None osc -0.016@50 pr 5.2 sens10 2.29 sens50 3.70 sat 0.458 dead 0.00 frozen 0.03 nbin 300 fat 0.739 | 28.4s
ex16|step1|0|0.9|div|3|0.5|50: static 0.814 sstatic 0.859 c1 0.998 c50 0.801 fac1 0.986 fac50 -0.054 lock 0.00 move 0.0615 period None osc -0.054@50 pr 5.6 sens10 -1.08 sens50 -2.88 sat 0.451 dead 0.04 frozen 0.55 nbin 300 fat 9.759 | 28.9s
ex16|step1|0|0.9|sub|30|1.0|50: static 0.006 sstatic 0.473 c1 0.994 c50 -0.461 fac1 0.991 fac50 -0.388 lock 0.00 move 0.109 period None osc -0.433@42 pr 6.6 sens10 2.28 sens50 3.70 sat 0.449 dead 0.04 frozen 0.04 nbin 300 fat 0.836 | 52.3s
ex16|step1|0|0.9|sub|100|1.0|50: static 0.023 sstatic 0.485 c1 0.997 c50 -0.250 fac1 0.993 fac50 -0.235 lock 0.02 move 0.0819 period None osc -0.235@50 pr 5.9 sens10 -0.54 sens50 -1.27 sat 0.453 dead 0.00 frozen 0.04 nbin 300 fat 0.784 | 46.6s
ex16|step1|0|0.9|div|10|0.5|50: static 0.758 sstatic 0.830 c1 0.998 c50 0.736 fac1 0.987 fac50 -0.086 lock 0.00 move 0.0705 period None osc -0.086@49 pr 6.9 sens10 -1.09 sens50 -2.57 sat 0.431 dead 0.04 frozen 0.51 nbin 300 fat 9.448 | 35.6s
ex16|step1|0|0.9|sub|300|0.5|51: static 0.431 sstatic 0.624 c1 0.998 c50 0.404 fac1 0.993 fac50 -0.061 lock 0.03 move 0.0578 period None osc -0.061@50 pr 5.7 sens10 1.93 sens50 3.66 sat 0.456 dead 0.00 frozen 0.08 nbin 300 fat 0.412 | 52.7s
ex16|step1|0|0.9|div|3|2.0|50: static 0.845 sstatic 0.000 c1 0.000 c50 0.000 fac1 0.781 fac50 -0.053 lock 0.00 move 0.241 period None osc -0.059@41 pr 8.7 sens10 -0.48 sens50 -2.30 sat 0.000 dead 0.96 frozen 0.97 nbin 300 fat 0.300 | 49.3s
ex16|step1|0|0.9|div|30|0.5|51: static 0.646 sstatic 0.749 c1 0.998 c50 0.601 fac1 0.990 fac50 -0.125 lock 0.00 move 0.0669 period None osc -0.125@50 pr 7.0 sens10 2.82 sens50 3.77 sat 0.386 dead 0.03 frozen 0.40 nbin 300 fat 8.782 | 37.4s
ex16|step1|0|0.9|div|10|0.5|51: static 0.752 sstatic 0.819 c1 0.997 c50 0.725 fac1 0.986 fac50 -0.106 lock 0.00 move 0.0708 period None osc -0.106@50 pr 6.9 sens10 0.89 sens50 -0.41 sat 0.417 dead 0.03 frozen 0.50 nbin 300 fat 9.301 | 43.3s
ex16|step1|0|0.9|div|3|0.5|51: static 0.826 sstatic 0.861 c1 0.998 c50 0.819 fac1 0.985 fac50 -0.069 lock 0.00 move 0.0602 period None osc -0.069@50 pr 5.6 sens10 -1.11 sens50 -2.91 sat 0.441 dead 0.03 frozen 0.56 nbin 300 fat 9.457 | 54.9s
ex16|step1|0|0.9|div|3|2.0|51: static 0.806 sstatic 0.000 c1 0.000 c50 0.000 fac1 0.774 fac50 -0.040 lock 0.00 move 0.258 period None osc -0.096@41 pr 8.8 sens10 -0.48 sens50 -2.30 sat 0.000 dead 0.99 frozen 0.99 nbin 247 fat 0.071 | 55.1s
ex16|step1|0|0.9|div|10|2.0|50: static 0.064 sstatic 0.000 c1 0.000 c50 0.000 fac1 0.862 fac50 -0.060 lock 0.00 move 0.237 period None osc -0.060@48 pr 1.4 sens10 -0.48 sens50 -2.28 sat 0.000 dead 0.81 frozen 0.96 nbin 300 fat 0.303 | 44.4s
ex16|step1|0|0.9|div|30|2.0|50: static 0.083 sstatic 0.068 c1 0.972 c50 0.829 fac1 0.966 fac50 -0.089 lock 0.00 move 0.198 period None osc -0.089@50 pr 1.9 sens10 -0.71 sens50 -2.37 sat 0.034 dead 0.04 frozen 0.26 nbin 300 fat 0.462 | 38.7s
ex16|step1|0|0.9|div|30|2.0|51: static 0.079 sstatic 0.066 c1 0.244 c50 0.042 fac1 0.965 fac50 -0.067 lock 0.00 move 0.225 period None osc -0.067@50 pr 1.9 sens10 -0.96 sens50 -1.43 sat 0.034 dead 0.03 frozen 0.27 nbin 294 fat 6.351 | 39.0s
ex16|step1|0|0.9|div|30|0.5|50: static 0.667 sstatic 0.769 c1 0.998 c50 0.606 fac1 0.990 fac50 -0.164 lock 0.00 move 0.0668 period None osc -0.168@47 pr 7.0 sens10 -1.09 sens50 -2.04 sat 0.397 dead 0.04 frozen 0.42 nbin 300 fat 9.033 | 47.2s
ex16|step1|0|0.9|div|10|2.0|51: static 0.764 sstatic 0.003 c1 0.000 c50 0.000 fac1 0.844 fac50 0.003 lock 0.00 move 0.254 period None osc -0.063@36 pr 6.8 sens10 -0.49 sens50 -2.30 sat 0.000 dead 0.98 frozen 0.99 nbin 295 fat 0.072 | 54.3s
ex16|step1|0|0.9|div|100|2.0|51: static 0.131 sstatic 0.157 c1 0.239 c50 0.032 fac1 0.985 fac50 -0.015 lock 0.00 move 0.211 period None osc -0.015@50 pr 1.8 sens10 -0.90 sens50 -1.33 sat 0.081 dead 0.03 frozen 0.24 nbin 295 fat 15.017 | 35.5s
ex16|step1|0|0.9|div|100|0.5|51: static 0.584 sstatic 0.693 c1 0.998 c50 0.540 fac1 0.992 fac50 -0.096 lock 0.00 move 0.0577 period None osc -0.096@50 pr 6.0 sens10 -1.12 sens50 -2.15 sat 0.359 dead 0.03 frozen 0.34 nbin 300 fat 8.440 | 47.2s
ex16|step1|0|0.9|div|100|0.5|50: static 0.584 sstatic 0.709 c1 0.998 c50 0.555 fac1 0.992 fac50 -0.066 lock 0.00 move 0.0585 period None osc -0.066@50 pr 6.1 sens10 -1.09 sens50 3.51 sat 0.372 dead 0.04 frozen 0.34 nbin 300 fat 8.662 | 53.8s
ex16|step1|0|0.9|div|300|0.5|50: static 0.582 sstatic 0.713 c1 0.999 c50 0.559 fac1 0.993 fac50 -0.067 lock 0.00 move 0.0546 period None osc -0.067@50 pr 5.7 sens10 -1.08 sens50 -2.45 sat 0.373 dead 0.04 frozen 0.35 nbin 300 fat 8.518 | 39.6s
ex16|step1|0|0.9|div|100|2.0|50: static 0.144 sstatic 0.156 c1 0.608 c50 0.311 fac1 0.989 fac50 -0.095 lock 0.00 move 0.149 period None osc -0.095@50 pr 2.1 sens10 -1.06 sens50 -2.79 sat 0.082 dead 0.04 frozen 0.23 nbin 298 fat 6.767 | 51.8s
ex16|step1|0|0.9|div|300|2.0|51: static 0.775 sstatic 0.003 c1 0.000 c50 0.000 fac1 0.890 fac50 -0.039 lock 0.00 move 0.205 period None osc -0.063@42 pr 1.1 sens10 -0.82 sens50 -2.59 sat 0.000 dead 0.98 frozen 0.99 nbin 282 fat 1.227 | 38.7s
ex16|step1|0|0.9|dep|10|0.1|50: static 0.917 sstatic 0.866 c1 1.000 c50 0.915 fac1 0.990 fac50 -0.047 lock 0.00 move 0.0325 period None osc -0.047@50 pr 6.3 sens10 1.87 sens50 3.45 sat 0.458 dead 0.04 frozen 0.55 nbin 300 fat 0.760 | 37.8s
ex16|step1|0|0.9|div|300|0.5|51: static 0.559 sstatic 0.683 c1 0.998 c50 0.541 fac1 0.993 fac50 -0.030 lock 0.00 move 0.0546 period None osc -0.030@50 pr 5.5 sens10 -1.11 sens50 -2.45 sat 0.358 dead 0.03 frozen 0.32 nbin 300 fat 8.260 | 54.7s
ex16|step1|0|0.9|div|300|2.0|50: static 0.065 sstatic 0.000 c1 0.000 c50 0.000 fac1 0.894 fac50 -0.023 lock 0.00 move 0.188 period None osc -0.023@50 pr 1.5 sens10 -0.80 sens50 -2.58 sat 0.000 dead 0.83 frozen 0.97 nbin 300 fat 1.446 | 50.3s
ex16|step1|0|0.9|dep|3|0.1|51: static 0.907 sstatic 0.864 c1 1.000 c50 0.902 fac1 0.993 fac50 -0.072 lock 0.00 move 0.0256 period None osc -0.072@50 pr 5.5 sens10 1.21 sens50 3.27 sat 0.457 dead 0.03 frozen 0.55 nbin 300 fat 0.893 | 46.2s
ex16|step1|0|0.9|dep|3|0.5|50: static 0.902 sstatic 0.859 c1 1.000 c50 0.904 fac1 0.993 fac50 -0.004 lock 0.00 move 0.028 period None osc -0.004@50 pr 5.3 sens10 1.88 sens50 3.33 sat 0.448 dead 0.04 frozen 0.53 nbin 300 fat 0.725 | 45.4s
ex16|step1|0|0.9|dep|3|0.1|50: static 0.913 sstatic 0.868 c1 1.000 c50 0.913 fac1 0.992 fac50 -0.017 lock 0.00 move 0.0255 period None osc -0.017@50 pr 5.5 sens10 1.70 sens50 3.28 sat 0.467 dead 0.04 frozen 0.56 nbin 300 fat 0.891 | 51.1s
ex16|step1|0|0.9|dep|3|0.5|51: static 0.906 sstatic 0.856 c1 1.000 c50 0.901 fac1 0.992 fac50 -0.067 lock 0.00 move 0.0264 period None osc -0.067@50 pr 5.6 sens10 1.14 sens50 2.56 sat 0.436 dead 0.03 frozen 0.55 nbin 300 fat 0.732 | 50.4s
ex16|step1|0|0.9|dep|30|0.1|50: static 0.846 sstatic 0.808 c1 0.998 c50 0.823 fac1 0.986 fac50 -0.131 lock 0.00 move 0.06 period None osc -0.157@40 pr 8.6 sens10 1.20 sens50 3.62 sat 0.431 dead 0.04 frozen 0.38 nbin 300 fat 0.619 | 44.2s
ex16|step1|0|0.9|dep|10|0.1|51: static 0.902 sstatic 0.856 c1 0.999 c50 0.897 fac1 0.991 fac50 -0.074 lock 0.00 move 0.0329 period None osc -0.074@50 pr 6.3 sens10 -0.46 sens50 3.35 sat 0.445 dead 0.03 frozen 0.52 nbin 300 fat 0.771 | 54.3s
ex16|step1|0|0.9|dep|10|0.5|51: static 0.890 sstatic 0.825 c1 0.999 c50 0.883 fac1 0.988 fac50 -0.066 lock 0.00 move 0.0425 period None osc -0.066@50 pr 6.1 sens10 2.59 sens50 3.51 sat 0.379 dead 0.03 frozen 0.50 nbin 300 fat 0.656 | 46.2s
ex16|step1|0|0.9|dep|30|0.1|51: static 0.830 sstatic 0.787 c1 0.998 c50 0.806 fac1 0.986 fac50 -0.119 lock 0.00 move 0.0606 period None osc -0.149@38 pr 8.8 sens10 -0.46 sens50 3.64 sat 0.415 dead 0.03 frozen 0.35 nbin 300 fat 0.628 | 39.8s
ex16|step1|0|0.9|dep|10|0.5|50: static 0.889 sstatic 0.824 c1 0.999 c50 0.888 fac1 0.988 fac50 -0.049 lock 0.00 move 0.0474 period None osc -0.049@50 pr 6.2 sens10 2.28 sens50 3.49 sat 0.391 dead 0.04 frozen 0.49 nbin 300 fat 0.650 | 56.6s
ex16|step1|0|0.9|dep|100|0.1|50: static 0.585 sstatic 0.634 c1 0.995 c50 0.514 fac1 0.986 fac50 -0.142 lock 0.00 move 0.098 period None osc -0.162@42 pr 9.2 sens10 2.30 sens50 3.85 sat 0.365 dead 0.04 frozen 0.13 nbin 300 fat 0.431 | 39.7s
ex16|step1|0|0.9|dep|30|0.5|50: static 0.727 sstatic 0.600 c1 0.993 c50 0.696 fac1 0.969 fac50 -0.094 lock 0.00 move 0.116 period None osc -0.096@49 pr 9.4 sens10 -0.46 sens50 3.71 sat 0.193 dead 0.04 frozen 0.28 nbin 300 fat 0.699 | 57.2s
ex16|step1|0|0.9|dep|30|0.5|51: static 0.633 sstatic 0.478 c1 0.990 c50 0.597 fac1 0.970 fac50 -0.098 lock 0.00 move 0.133 period None osc -0.102@43 pr 9.3 sens10 -0.45 sens50 3.85 sat 0.152 dead 0.03 frozen 0.21 nbin 300 fat 0.742 | 51.9s
ex16|step1|0|0.9|dep|100|0.1|51: static 0.568 sstatic 0.610 c1 0.995 c50 0.494 fac1 0.985 fac50 -0.162 lock 0.00 move 0.1 period None osc -0.173@42 pr 9.2 sens10 2.63 sens50 3.86 sat 0.349 dead 0.03 frozen 0.12 nbin 300 fat 0.438 | 42.3s
ex16|step1|0|0.9|dep|300|0.1|51: static 0.326 sstatic 0.400 c1 0.992 c50 0.245 fac1 0.985 fac50 -0.128 lock 0.00 move 0.122 period None osc -0.134@47 pr 8.9 sens10 1.91 sens50 3.93 sat 0.231 dead 0.03 frozen 0.06 nbin 300 fat 0.310 | 37.9s
ex16|step1|0|0.9|dep|300|0.1|50: static 0.343 sstatic 0.424 c1 0.992 c50 0.260 fac1 0.986 fac50 -0.119 lock 0.00 move 0.12 period None osc -0.124@44 pr 9.0 sens10 0.54 sens50 3.87 sat 0.249 dead 0.04 frozen 0.07 nbin 300 fat 0.302 | 40.8s
ex16|step1|0|0.9|dep|300|0.5|50: static 0.791 sstatic 0.000 c1 0.000 c50 0.000 fac1 0.942 fac50 -0.068 lock 0.00 move 0.115 period None osc -0.092@33 pr 5.6 sens10 -0.47 sens50 -2.29 sat 0.020 dead 0.82 frozen 0.98 nbin 300 fat 0.958 | 41.7s
ex16|tri0.3|1|0.0|none|0|0.0|50: static 0.916 sstatic 0.921 c1 0.914 c50 0.915 fac1 -0.011 fac50 -0.002 lock 0.00 move 0.424 period None osc -0.014@19 pr 16.0 sens10 3.39 sens50 3.60 sat None dead 0.04 frozen 0.46 nbin 300 fat None | 42.0s
ex16|step1|0|0.9|dep|300|0.5|51: static 0.939 sstatic 0.838 c1 0.000 c50 0.000 fac1 0.890 fac50 -0.061 lock 0.00 move 0.111 period None osc -0.063@36 pr 9.3 sens10 -0.47 sens50 -2.29 sat 0.004 dead 0.98 frozen 1.00 nbin 263 fat 0.979 | 44.2s
ex16|tri0.3|1|0.0|sub|3|1.0|50: static 0.000 sstatic 0.465 c1 -0.326 c50 0.011 fac1 -0.329 fac50 0.011 lock 0.00 move 1.63 period None osc -0.329@1 pr 20.4 sens10 3.79 sens50 4.14 sat None dead 0.04 frozen 0.04 nbin 300 fat 0.717 | 38.6s
ex16|step1|0|0.9|dep|100|0.5|51: static 0.939 sstatic 0.838 c1 0.000 c50 0.000 fac1 0.890 fac50 -0.057 lock 0.00 move 0.111 period None osc -0.063@36 pr 9.6 sens10 -0.47 sens50 -2.29 sat 0.004 dead 0.98 frozen 0.99 nbin 272 fat 0.994 | 54.3s
ex16|step1|0|0.9|dep|100|0.5|50: static 0.746 sstatic 0.000 c1 0.000 c50 0.000 fac1 0.945 fac50 -0.080 lock 0.00 move 0.115 period None osc -0.080@50 pr 3.8 sens10 -0.47 sens50 -2.29 sat 0.020 dead 0.65 frozen 0.95 nbin 300 fat 0.974 | 58.2s
ex16|tri0.3|1|0.0|sub|3|0.5|50: static 0.340 sstatic 0.614 c1 0.177 c50 0.343 fac1 -0.247 fac50 0.003 lock 0.00 move 1.29 period None osc -0.247@1 pr 20.2 sens10 3.79 sens50 4.05 sat None dead 0.04 frozen 0.04 nbin 300 fat 0.403 | 44.4s
ex16|tri0.3|1|0.0|none|0|0.0|51: static 0.918 sstatic 0.921 c1 0.918 c50 0.918 fac1 -0.003 fac50 -0.001 lock 0.00 move 0.414 period None osc -0.016@25 pr 15.6 sens10 3.40 sens50 3.61 sat None dead 0.03 frozen 0.48 nbin 300 fat None | 47.3s
ex16|tri0.3|1|0.0|sub|3|0.5|51: static 0.339 sstatic 0.615 c1 0.178 c50 0.345 fac1 -0.248 fac50 0.003 lock 0.00 move 1.29 period None osc -0.248@1 pr 20.0 sens10 3.83 sens50 4.06 sat None dead 0.03 frozen 0.04 nbin 300 fat 0.408 | 61.1s
ex16|tri0.3|1|0.0|sub|3|1.0|51: static 0.000 sstatic 0.465 c1 -0.333 c50 -0.002 fac1 -0.336 fac50 -0.002 lock 0.00 move 1.64 period None osc -0.336@1 pr 20.1 sens10 3.82 sens50 4.16 sat None dead 0.03 frozen 0.03 nbin 300 fat 0.724 | 57.7s
ex16|tri0.3|1|0.0|sub|10|0.5|50: static 0.274 sstatic 0.584 c1 0.211 c50 0.277 fac1 -0.083 fac50 0.006 lock 0.00 move 1.26 period None osc -0.083@1 pr 20.5 sens10 3.87 sens50 4.08 sat None dead 0.04 frozen 0.04 nbin 300 fat 0.383 | 58.6s
ex16|tri0.3|1|0.0|sub|10|1.0|51: static 0.000 sstatic 0.465 c1 -0.112 c50 0.000 fac1 -0.113 fac50 -0.000 lock 0.00 move 1.49 period None osc -0.113@1 pr 20.6 sens10 3.90 sens50 4.15 sat None dead 0.03 frozen 0.03 nbin 300 fat 0.688 | 52.1s
ex16|tri0.3|1|0.0|sub|30|0.5|51: static 0.257 sstatic 0.577 c1 0.234 c50 0.259 fac1 -0.031 fac50 0.001 lock 0.00 move 1.24 period None osc -0.031@1 pr 19.9 sens10 3.88 sens50 4.10 sat None dead 0.03 frozen 0.03 nbin 300 fat 0.382 | 46.3s
ex16|tri0.3|1|0.0|sub|30|0.5|50: static 0.256 sstatic 0.576 c1 0.234 c50 0.254 fac1 -0.030 fac50 -0.004 lock 0.00 move 1.24 period None osc -0.035@3 pr 20.0 sens10 3.86 sens50 4.07 sat None dead 0.03 frozen 0.04 nbin 300 fat 0.379 | 49.0s
ex16|tri0.3|1|0.0|sub|30|1.0|50: static 0.000 sstatic 0.466 c1 -0.040 c50 -0.010 fac1 -0.042 fac50 -0.009 lock 0.00 move 1.45 period None osc -0.042@1 pr 20.3 sens10 3.89 sens50 4.14 sat None dead 0.03 frozen 0.04 nbin 300 fat 0.678 | 44.5s
ex16|tri0.3|1|0.0|sub|10|0.5|51: static 0.270 sstatic 0.583 c1 0.206 c50 0.266 fac1 -0.087 fac50 -0.001 lock 0.00 move 1.26 period None osc -0.087@1 pr 20.4 sens10 3.87 sens50 4.07 sat None dead 0.03 frozen 0.03 nbin 300 fat 0.385 | 65.0s
ex16|tri0.3|1|0.0|sub|10|1.0|50: static 0.000 sstatic 0.465 c1 -0.103 c50 0.003 fac1 -0.105 fac50 0.004 lock 0.00 move 1.49 period None osc -0.105@1 pr 20.8 sens10 3.91 sens50 4.14 sat None dead 0.04 frozen 0.04 nbin 300 fat 0.683 | 66.0s
ex16|tri0.3|1|0.0|sub|100|1.0|50: static 0.001 sstatic 0.465 c1 -0.010 c50 -0.008 fac1 -0.010 fac50 -0.007 lock 0.03 move 1.42 period None osc -0.022@6 pr 20.3 sens10 3.90 sens50 4.15 sat None dead 0.00 frozen 0.04 nbin 300 fat 0.671 | 46.6s
ex16|tri0.3|1|0.0|sub|100|0.5|50: static 0.257 sstatic 0.577 c1 0.257 c50 0.250 fac1 -0.003 fac50 -0.009 lock 0.04 move 1.23 period None osc -0.026@3 pr 20.1 sens10 3.85 sens50 4.08 sat None dead 0.00 frozen 0.04 nbin 300 fat 0.379 | 54.2s
ex16|tri0.3|1|0.0|sub|30|1.0|51: static 0.000 sstatic 0.465 c1 -0.031 c50 0.000 fac1 -0.032 fac50 0.001 lock 0.00 move 1.44 period None osc -0.037@4 pr 20.1 sens10 3.93 sens50 4.15 sat None dead 0.03 frozen 0.03 nbin 300 fat 0.691 | 58.8s
ex16|tri0.3|1|0.0|sub|300|0.5|50: static 0.278 sstatic 0.585 c1 0.269 c50 0.274 fac1 -0.013 fac50 -0.008 lock 0.04 move 1.22 period None osc -0.013@20 pr 20.0 sens10 3.87 sens50 4.07 sat None dead 0.00 frozen 0.04 nbin 300 fat 0.367 | 54.7s
ex16|tri0.3|1|0.0|sub|100|0.5|51: static 0.254 sstatic 0.575 c1 0.251 c50 0.251 fac1 -0.008 fac50 -0.005 lock 0.03 move 1.23 period None osc -0.014@3 pr 19.9 sens10 3.93 sens50 4.10 sat None dead 0.00 frozen 0.03 nbin 300 fat 0.383 | 61.3s
ex16|tri0.3|1|0.0|sub|100|1.0|51: static 0.001 sstatic 0.466 c1 -0.018 c50 0.001 fac1 -0.018 fac50 0.000 lock 0.02 move 1.43 period None osc -0.020@3 pr 20.1 sens10 3.91 sens50 4.16 sat None dead 0.00 frozen 0.03 nbin 300 fat 0.684 | 61.3s
ex16|tri0.3|1|0.0|sub|300|0.5|51: static 0.275 sstatic 0.584 c1 0.273 c50 0.270 fac1 -0.005 fac50 -0.008 lock 0.03 move 1.21 period None osc -0.012@11 pr 19.9 sens10 3.80 sens50 4.09 sat None dead 0.00 frozen 0.03 nbin 300 fat 0.372 | 60.0s
ex16|tri0.3|1|0.0|sub|300|1.0|51: static 0.015 sstatic 0.472 c1 0.008 c50 0.016 fac1 -0.007 fac50 0.002 lock 0.03 move 1.41 period None osc -0.011@38 pr 20.1 sens10 3.82 sens50 4.16 sat None dead 0.00 frozen 0.03 nbin 300 fat 0.663 | 52.8s
ex16|tri0.3|1|0.0|div|10|0.5|50: static 0.819 sstatic 0.878 c1 0.815 c50 0.820 fac1 -0.028 fac50 0.001 lock 0.00 move 0.621 period None osc -0.033@5 pr 16.3 sens10 3.57 sens50 3.76 sat None dead 0.04 frozen 0.36 nbin 300 fat 0.387 | 42.5s
ex16|tri0.3|1|0.0|sub|300|1.0|50: static 0.015 sstatic 0.472 c1 0.003 c50 0.012 fac1 -0.013 fac50 -0.003 lock 0.04 move 1.41 period None osc -0.021@6 pr 20.3 sens10 3.92 sens50 4.14 sat None dead 0.00 frozen 0.04 nbin 300 fat 0.661 | 56.5s
ex16|tri0.3|1|0.0|div|3|0.5|50: static 0.839 sstatic 0.886 c1 0.828 c50 0.840 fac1 -0.069 fac50 -0.005 lock 0.00 move 0.596 period None osc -0.069@1 pr 15.9 sens10 3.51 sens50 3.75 sat None dead 0.04 frozen 0.38 nbin 300 fat 0.386 | 53.1s
ex16|tri0.3|1|0.0|div|3|0.5|51: static 0.839 sstatic 0.882 c1 0.828 c50 0.838 fac1 -0.070 fac50 -0.005 lock 0.00 move 0.595 period None osc -0.070@1 pr 15.6 sens10 3.63 sens50 3.77 sat None dead 0.03 frozen 0.39 nbin 300 fat 0.389 | 50.2s
ex16|tri0.3|1|0.0|div|3|2.0|50: static 0.730 sstatic 0.840 c1 0.706 c50 0.731 fac1 -0.093 fac50 -0.007 lock 0.00 move 0.778 period None osc -0.093@1 pr 15.2 sens10 3.70 sens50 3.86 sat None dead 0.04 frozen 0.48 nbin 300 fat 1.545 | 53.9s
ex16|tri0.3|1|0.0|div|10|0.5|51: static 0.819 sstatic 0.877 c1 0.815 c50 0.823 fac1 -0.037 fac50 0.002 lock 0.00 move 0.619 period None osc -0.037@1 pr 15.9 sens10 3.58 sens50 3.80 sat None dead 0.03 frozen 0.38 nbin 300 fat 0.390 | 45.7s
ex16|tri0.3|1|0.0|div|3|2.0|51: static 0.730 sstatic 0.840 c1 0.706 c50 0.732 fac1 -0.098 fac50 0.001 lock 0.00 move 0.776 period None osc -0.098@1 pr 14.8 sens10 3.71 sens50 3.87 sat None dead 0.03 frozen 0.49 nbin 300 fat 1.566 | 55.5s
ex16|tri0.3|1|0.0|div|10|2.0|50: static 0.690 sstatic 0.829 c1 0.681 c50 0.690 fac1 -0.044 fac50 -0.004 lock 0.00 move 0.816 period None osc -0.044@1 pr 15.6 sens10 3.66 sens50 3.88 sat None dead 0.04 frozen 0.41 nbin 300 fat 1.548 | 47.0s
ex16|tri0.3|1|0.0|div|10|2.0|51: static 0.692 sstatic 0.830 c1 0.684 c50 0.695 fac1 -0.033 fac50 -0.003 lock 0.00 move 0.807 period None osc -0.039@2 pr 15.2 sens10 3.73 sens50 3.90 sat None dead 0.03 frozen 0.42 nbin 300 fat 1.561 | 53.3s
ex16|tri0.3|1|0.0|div|100|0.5|50: static 0.812 sstatic 0.875 c1 0.813 c50 0.814 fac1 -0.007 fac50 -0.004 lock 0.00 move 0.622 period None osc -0.014@25 pr 16.4 sens10 3.58 sens50 3.78 sat None dead 0.04 frozen 0.36 nbin 300 fat 0.388 | 46.0s
ex16|tri0.3|1|0.0|div|30|0.5|50: static 0.815 sstatic 0.877 c1 0.813 c50 0.816 fac1 -0.016 fac50 0.001 lock 0.00 move 0.624 period None osc -0.016@7 pr 16.4 sens10 3.58 sens50 3.78 sat None dead 0.04 frozen 0.36 nbin 300 fat 0.388 | 58.0s
ex16|tri0.3|1|0.0|div|100|2.0|50: static 0.673 sstatic 0.824 c1 0.674 c50 0.672 fac1 -0.016 fac50 -0.018 lock 0.00 move 0.823 period None osc -0.018@50 pr 15.7 sens10 3.66 sens50 3.87 sat None dead 0.04 frozen 0.39 nbin 300 fat 1.547 | 35.0s
ex16|tri0.3|1|0.0|div|300|0.5|51: static 0.815 sstatic 0.875 c1 0.818 c50 0.815 fac1 -0.003 fac50 -0.005 lock 0.00 move 0.616 period None osc -0.017@29 pr 16.0 sens10 3.57 sens50 3.79 sat None dead 0.03 frozen 0.37 nbin 300 fat 0.377 | 34.2s
ex16|tri0.3|1|0.0|div|30|0.5|51: static 0.816 sstatic 0.875 c1 0.816 c50 0.815 fac1 -0.009 fac50 -0.001 lock 0.00 move 0.62 period None osc -0.023@10 pr 16.0 sens10 3.59 sens50 3.78 sat None dead 0.03 frozen 0.37 nbin 300 fat 0.391 | 60.8s
ex16|tri0.3|1|0.0|div|30|2.0|50: static 0.674 sstatic 0.825 c1 0.673 c50 0.677 fac1 -0.015 fac50 -0.009 lock 0.00 move 0.82 period None osc -0.021@13 pr 15.7 sens10 3.69 sens50 3.91 sat None dead 0.04 frozen 0.40 nbin 300 fat 1.545 | 57.9s
ex16|tri0.3|1|0.0|div|300|2.0|50: static 0.668 sstatic 0.823 c1 0.672 c50 0.672 fac1 -0.011 fac50 -0.005 lock 0.00 move 0.82 period None osc -0.016@6 pr 15.6 sens10 3.68 sens50 3.90 sat None dead 0.04 frozen 0.38 nbin 300 fat 1.493 | 34.1s
ex16|tri0.3|1|0.0|div|30|2.0|51: static 0.680 sstatic 0.827 c1 0.682 c50 0.681 fac1 -0.005 fac50 0.003 lock 0.00 move 0.809 period None osc -0.023@7 pr 15.2 sens10 3.70 sens50 3.91 sat None dead 0.03 frozen 0.41 nbin 300 fat 1.558 | 58.4s
ex16|tri0.3|1|0.0|dep|3|0.1|50: static 0.862 sstatic 0.886 c1 0.853 c50 0.864 fac1 -0.072 fac50 0.004 lock 0.00 move 0.555 period None osc -0.072@1 pr 17.3 sens10 3.56 sens50 3.71 sat None dead 0.04 frozen 0.35 nbin 300 fat 0.902 | 36.9s
ex16|tri0.3|1|0.0|div|100|0.5|51: static 0.814 sstatic 0.875 c1 0.813 c50 0.812 fac1 0.000 fac50 -0.002 lock 0.00 move 0.62 period None osc -0.017@2 pr 16.0 sens10 3.58 sens50 3.80 sat None dead 0.03 frozen 0.37 nbin 300 fat 0.391 | 61.8s
ex16|tri0.3|1|0.0|dep|3|0.5|50: static 0.788 sstatic 0.841 c1 0.760 c50 0.785 fac1 -0.141 fac50 -0.002 lock 0.00 move 0.708 period None osc -0.141@1 pr 18.6 sens10 3.72 sens50 3.79 sat None dead 0.04 frozen 0.24 nbin 300 fat 0.702 | 36.9s
ex16|tri0.3|1|0.0|dep|3|0.5|51: static 0.798 sstatic 0.845 c1 0.772 c50 0.800 fac1 -0.148 fac50 -0.001 lock 0.00 move 0.691 period None osc -0.148@1 pr 18.1 sens10 3.70 sens50 3.80 sat None dead 0.03 frozen 0.26 nbin 300 fat 0.698 | 37.3s
ex16|tri0.3|1|0.0|div|300|0.5|50: static 0.816 sstatic 0.877 c1 0.818 c50 0.818 fac1 0.000 fac50 -0.004 lock 0.00 move 0.617 period None osc -0.014@27 pr 16.4 sens10 3.56 sens50 3.77 sat None dead 0.04 frozen 0.36 nbin 300 fat 0.374 | 61.1s
ex16|tri0.3|1|0.0|div|100|2.0|51: static 0.674 sstatic 0.826 c1 0.676 c50 0.676 fac1 -0.002 fac50 -0.007 lock 0.00 move 0.815 period None osc -0.014@27 pr 15.3 sens10 3.71 sens50 3.91 sat None dead 0.03 frozen 0.40 nbin 300 fat 1.559 | 61.9s
ex16|tri0.3|1|0.0|dep|3|0.1|51: static 0.864 sstatic 0.885 c1 0.854 c50 0.865 fac1 -0.080 fac50 0.002 lock 0.00 move 0.55 period None osc -0.080@1 pr 16.9 sens10 3.56 sens50 3.72 sat None dead 0.03 frozen 0.36 nbin 300 fat 0.902 | 50.4s
ex16|tri0.3|1|0.0|dep|10|0.1|50: static 0.725 sstatic 0.803 c1 0.702 c50 0.717 fac1 -0.064 fac50 -0.006 lock 0.00 move 0.777 period None osc -0.064@1 pr 19.1 sens10 3.70 sens50 3.86 sat None dead 0.04 frozen 0.16 nbin 300 fat 0.757 | 37.1s
ex16|tri0.3|1|0.0|dep|10|0.5|50: static 0.571 sstatic 0.724 c1 0.511 c50 0.567 fac1 -0.134 fac50 0.000 lock 0.00 move 0.992 period None osc -0.134@1 pr 20.2 sens10 3.86 sens50 3.95 sat None dead 0.04 frozen 0.14 nbin 300 fat 0.469 | 37.1s
ex16|tri0.3|1|0.0|div|300|2.0|51: static 0.678 sstatic 0.826 c1 0.681 c50 0.680 fac1 -0.004 fac50 -0.003 lock 0.00 move 0.812 period None osc -0.014@14 pr 15.3 sens10 3.73 sens50 3.91 sat None dead 0.03 frozen 0.40 nbin 300 fat 1.505 | 61.0s
ex16|tri0.3|1|0.0|dep|10|0.5|51: static 0.572 sstatic 0.725 c1 0.522 c50 0.578 fac1 -0.137 fac50 -0.001 lock 0.00 move 0.98 period None osc -0.137@1 pr 19.8 sens10 3.90 sens50 3.96 sat None dead 0.03 frozen 0.17 nbin 300 fat 0.472 | 36.9s
ex16|tri0.3|1|0.0|dep|30|0.5|50: static 0.446 sstatic 0.664 c1 0.403 c50 0.446 fac1 -0.085 fac50 -0.004 lock 0.00 move 1.09 period None osc -0.085@1 pr 19.9 sens10 3.87 sens50 3.95 sat None dead 0.04 frozen 0.37 nbin 300 fat 0.290 | 36.6s
ex16|tri0.3|1|0.0|dep|100|0.1|50: static 0.439 sstatic 0.663 c1 0.429 c50 0.439 fac1 -0.025 fac50 -0.002 lock 0.00 move 1.07 period None osc -0.025@1 pr 19.9 sens10 3.91 sens50 3.98 sat None dead 0.04 frozen 0.15 nbin 300 fat 0.335 | 36.7s
ex16|tri0.3|1|0.0|dep|100|0.5|50: static 0.379 sstatic 0.635 c1 0.354 c50 0.384 fac1 -0.052 fac50 -0.001 lock 0.00 move 1.1 period None osc -0.052@1 pr 18.8 sens10 3.66 sens50 3.82 sat None dead 0.04 frozen 0.94 nbin 300 fat 0.160 | 36.5s
ex16|tri0.3|1|0.0|dep|100|0.5|51: static 0.376 sstatic 0.638 c1 0.355 c50 0.387 fac1 -0.059 fac50 -0.004 lock 0.00 move 1.13 period None osc -0.059@1 pr 18.7 sens10 3.87 sens50 3.93 sat None dead 0.03 frozen 0.97 nbin 300 fat 0.158 | 36.8s
ex16|tri0.3|1|0.0|dep|300|0.5|50: static 0.344 sstatic 0.620 c1 0.338 c50 0.355 fac1 -0.040 fac50 -0.008 lock 0.00 move 1.09 period None osc -0.040@1 pr 17.4 sens10 3.30 sens50 3.45 sat None dead 0.04 frozen 0.96 nbin 300 fat 0.098 | 36.9s
ex16|tri0.3|1|0.5|none|0|0.0|50: static 0.961 sstatic 0.955 c1 0.998 c50 0.957 fac1 0.953 fac50 -0.050 lock 0.00 move 0.0682 period None osc -0.084@33 pr 9.4 sens10 3.04 sens50 3.40 sat None dead 0.04 frozen 0.67 nbin 300 fat None | 31.1s
ex16|tri0.3|1|0.0|dep|10|0.1|51: static 0.730 sstatic 0.807 c1 0.715 c50 0.734 fac1 -0.072 fac50 0.004 lock 0.00 move 0.767 period None osc -0.072@1 pr 18.8 sens10 3.75 sens50 3.87 sat None dead 0.03 frozen 0.18 nbin 300 fat 0.756 | 69.6s
ex16|tri0.3|1|0.0|dep|300|0.5|51: static 0.336 sstatic 0.620 c1 0.339 c50 0.359 fac1 -0.032 fac50 -0.003 lock 0.00 move 1.11 period None osc -0.032@2 pr 17.1 sens10 3.64 sens50 3.72 sat None dead 0.03 frozen 0.99 nbin 298 fat 0.094 | 37.0s
ex16|tri0.3|1|0.5|sub|3|0.5|50: static 0.802 sstatic 0.846 c1 0.959 c50 0.807 fac1 0.799 fac50 0.022 lock 0.00 move 0.292 period None osc -0.331@6 pr 14.7 sens10 3.33 sens50 3.76 sat None dead 0.04 frozen 0.40 nbin 300 fat 0.488 | 34.4s
ex16|tri0.3|1|0.0|dep|30|0.1|50: static 0.565 sstatic 0.720 c1 0.540 c50 0.562 fac1 -0.040 fac50 0.003 lock 0.00 move 0.961 period None osc -0.040@1 pr 20.3 sens10 3.83 sens50 3.96 sat None dead 0.04 frozen 0.08 nbin 300 fat 0.549 | 69.8s
ex16|tri0.3|1|0.0|dep|30|0.1|51: static 0.570 sstatic 0.722 c1 0.554 c50 0.572 fac1 -0.045 fac50 0.002 lock 0.00 move 0.95 period None osc -0.045@1 pr 19.9 sens10 3.86 sens50 3.98 sat None dead 0.03 frozen 0.09 nbin 300 fat 0.549 | 70.3s
ex16|tri0.3|1|0.0|dep|30|0.5|51: static 0.447 sstatic 0.667 c1 0.408 c50 0.454 fac1 -0.089 fac50 -0.001 lock 0.00 move 1.09 period None osc -0.089@1 pr 19.7 sens10 3.94 sens50 4.01 sat None dead 0.03 frozen 0.41 nbin 300 fat 0.289 | 69.6s
ex16|tri0.3|1|0.5|sub|3|0.5|51: static 0.801 sstatic 0.848 c1 0.961 c50 0.797 fac1 0.806 fac50 -0.011 lock 0.00 move 0.282 period None osc -0.335@6 pr 14.3 sens10 3.27 sens50 3.78 sat None dead 0.03 frozen 0.42 nbin 300 fat 0.488 | 34.3s
ex16|tri0.3|1|0.0|dep|100|0.1|51: static 0.444 sstatic 0.663 c1 0.435 c50 0.444 fac1 -0.025 fac50 -0.001 lock 0.00 move 1.07 period None osc -0.025@1 pr 19.8 sens10 3.95 sens50 4.01 sat None dead 0.03 frozen 0.17 nbin 300 fat 0.335 | 66.9s
ex16|tri0.3|1|0.5|sub|3|1.0|50: static 0.000 sstatic 0.466 c1 0.722 c50 -0.026 fac1 0.725 fac50 -0.024 lock 0.00 move 0.738 period None osc -0.575@5 pr 15.3 sens10 3.48 sens50 4.06 sat None dead 0.04 frozen 0.04 nbin 300 fat 0.877 | 34.4s
ex16|tri0.3|1|0.5|sub|3|1.0|51: static 0.000 sstatic 0.466 c1 0.726 c50 -0.010 fac1 0.729 fac50 -0.012 lock 0.00 move 0.735 period None osc -0.589@5 pr 15.1 sens10 3.42 sens50 4.05 sat None dead 0.03 frozen 0.03 nbin 300 fat 0.872 | 34.6s
ex16|tri0.3|1|0.5|none|0|0.0|51: static 0.956 sstatic 0.953 c1 0.998 c50 0.953 fac1 0.956 fac50 -0.069 lock 0.00 move 0.0614 period None osc -0.077@46 pr 8.9 sens10 2.85 sens50 3.48 sat None dead 0.03 frozen 0.67 nbin 300 fat None | 56.5s
ex16|tri0.3|1|0.0|dep|300|0.1|50: static 0.383 sstatic 0.634 c1 0.376 c50 0.389 fac1 -0.015 fac50 0.002 lock 0.00 move 1.1 period None osc -0.022@8 pr 19.1 sens10 3.79 sens50 3.88 sat None dead 0.04 frozen 0.64 nbin 300 fat 0.200 | 67.5s
ex16|tri0.3|1|0.0|dep|300|0.1|51: static 0.383 sstatic 0.639 c1 0.381 c50 0.394 fac1 -0.021 fac50 -0.000 lock 0.00 move 1.12 period None osc -0.021@1 pr 18.9 sens10 3.97 sens50 4.01 sat None dead 0.03 frozen 0.66 nbin 300 fat 0.199 | 68.5s
ex16|tri0.3|1|0.5|sub|10|0.5|50: static 0.450 sstatic 0.667 c1 0.944 c50 0.447 fac1 0.898 fac50 -0.004 lock 0.00 move 0.336 period None osc -0.316@10 pr 14.3 sens10 3.33 sens50 3.98 sat None dead 0.04 frozen 0.09 nbin 300 fat 0.438 | 34.8s
ex16|tri0.3|1|0.5|sub|10|0.5|51: static 0.433 sstatic 0.659 c1 0.947 c50 0.446 fac1 0.903 fac50 0.008 lock 0.00 move 0.328 period None osc -0.334@10 pr 14.0 sens10 3.22 sens50 3.94 sat None dead 0.03 frozen 0.09 nbin 300 fat 0.437 | 34.5s
ex16|tri0.3|1|0.5|sub|10|1.0|50: static 0.000 sstatic 0.467 c1 0.894 c50 0.010 fac1 0.894 fac50 0.010 lock 0.00 move 0.459 period None osc -0.451@9 pr 13.8 sens10 3.32 sens50 3.98 sat None dead 0.04 frozen 0.04 nbin 300 fat 0.774 | 34.5s
ex16|tri0.3|1|0.5|sub|30|0.5|50: static 0.355 sstatic 0.621 c1 0.958 c50 0.354 fac1 0.933 fac50 -0.004 lock 0.00 move 0.293 period None osc -0.202@15 pr 13.6 sens10 3.40 sens50 4.02 sat None dead 0.03 frozen 0.06 nbin 300 fat 0.412 | 34.3s
ex16|tri0.3|1|0.5|sub|100|0.5|51: static 0.320 sstatic 0.605 c1 0.968 c50 0.277 fac1 0.951 fac50 -0.052 lock 0.03 move 0.253 period None osc -0.099@19 pr 12.7 sens10 3.16 sens50 3.98 sat None dead 0.00 frozen 0.05 nbin 300 fat 0.405 | 34.1s
ex16|tri0.3|1|0.5|sub|30|0.5|51: static 0.344 sstatic 0.616 c1 0.960 c50 0.335 fac1 0.937 fac50 -0.005 lock 0.00 move 0.283 period None osc -0.219@15 pr 13.0 sens10 3.29 sens50 4.00 sat None dead 0.03 frozen 0.06 nbin 300 fat 0.412 | 41.1s
ex16|tri0.3|1|0.5|sub|100|1.0|51: static 0.004 sstatic 0.468 c1 0.951 c50 -0.063 fac1 0.949 fac50 -0.055 lock 0.01 move 0.31 period None osc -0.137@21 pr 12.8 sens10 3.24 sens50 4.07 sat None dead 0.00 frozen 0.03 nbin 300 fat 0.715 | 34.0s
ex16|tri0.3|1|0.5|sub|300|0.5|50: static 0.354 sstatic 0.621 c1 0.970 c50 0.340 fac1 0.950 fac50 -0.023 lock 0.04 move 0.253 period None osc -0.070@25 pr 12.7 sens10 3.12 sens50 4.02 sat None dead 0.00 frozen 0.06 nbin 300 fat 0.388 | 34.0s
ex16|tri0.3|1|0.5|sub|10|1.0|51: static 0.000 sstatic 0.466 c1 0.896 c50 -0.016 fac1 0.896 fac50 -0.015 lock 0.00 move 0.45 period None osc -0.442@9 pr 13.8 sens10 3.26 sens50 4.03 sat None dead 0.03 frozen 0.03 nbin 300 fat 0.777 | 61.9s
ex16|tri0.3|1|0.5|div|3|0.5|50: static 0.939 sstatic 0.939 c1 0.996 c50 0.935 fac1 0.929 fac50 -0.062 lock 0.00 move 0.101 period None osc -0.062@50 pr 9.6 sens10 3.09 sens50 3.51 sat None dead 0.04 frozen 0.62 nbin 300 fat 0.389 | 34.1s
ex16|tri0.3|1|0.5|div|3|0.5|51: static 0.933 sstatic 0.932 c1 0.996 c50 0.928 fac1 0.934 fac50 -0.033 lock 0.00 move 0.0976 period None osc -0.038@18 pr 9.7 sens10 2.88 sens50 3.54 sat None dead 0.03 frozen 0.61 nbin 300 fat 0.391 | 34.5s
ex16|tri0.3|1|0.5|div|3|2.0|50: static 0.886 sstatic 0.914 c1 0.988 c50 0.883 fac1 0.895 fac50 -0.020 lock 0.00 move 0.168 period None osc -0.058@14 pr 9.7 sens10 3.27 sens50 3.67 sat None dead 0.04 frozen 0.98 nbin 98 fat 1.558 | 34.4s
ex16|tri0.3|1|0.5|sub|30|1.0|51: static 0.001 sstatic 0.467 c1 0.936 c50 0.042 fac1 0.935 fac50 0.039 lock 0.00 move 0.351 period None osc -0.266@15 pr 13.2 sens10 3.18 sens50 4.02 sat None dead 0.03 frozen 0.03 nbin 300 fat 0.738 | 62.4s
ex16|tri0.3|1|0.5|sub|30|1.0|50: static 0.001 sstatic 0.467 c1 0.934 c50 0.000 fac1 0.933 fac50 0.002 lock 0.00 move 0.362 period None osc -0.281@14 pr 13.0 sens10 3.33 sens50 4.01 sat None dead 0.03 frozen 0.04 nbin 300 fat 0.729 | 64.3s
ex16|tri0.3|1|0.5|div|3|2.0|51: static 0.875 sstatic 0.904 c1 0.988 c50 0.871 fac1 0.900 fac50 -0.015 lock 0.00 move 0.161 period None osc -0.051@11 pr 9.7 sens10 3.14 sens50 3.69 sat None dead 0.03 frozen 0.98 nbin 107 fat 1.558 | 34.3s
ex16|tri0.3|1|0.5|sub|100|0.5|50: static 0.324 sstatic 0.609 c1 0.966 c50 0.284 fac1 0.948 fac50 -0.055 lock 0.04 move 0.264 period None osc -0.110@28 pr 12.9 sens10 3.28 sens50 4.00 sat None dead 0.00 frozen 0.06 nbin 300 fat 0.402 | 64.3s
ex16|tri0.3|1|0.5|div|10|0.5|50: static 0.916 sstatic 0.929 c1 0.995 c50 0.915 fac1 0.938 fac50 -0.028 lock 0.00 move 0.109 period None osc -0.067@17 pr 10.2 sens10 3.12 sens50 3.59 sat None dead 0.04 frozen 0.56 nbin 300 fat 0.388 | 34.2s
ex16|tri0.3|1|0.5|sub|100|1.0|50: static 0.005 sstatic 0.469 c1 0.950 c50 -0.082 fac1 0.948 fac50 -0.071 lock 0.03 move 0.316 period None osc -0.118@19 pr 13.1 sens10 3.36 sens50 4.03 sat None dead 0.00 frozen 0.04 nbin 300 fat 0.722 | 63.4s
ex16|tri0.3|1|0.5|div|10|0.5|51: static 0.911 sstatic 0.924 c1 0.995 c50 0.908 fac1 0.938 fac50 -0.015 lock 0.00 move 0.105 period None osc -0.093@17 pr 10.3 sens10 2.92 sens50 3.60 sat None dead 0.03 frozen 0.56 nbin 300 fat 0.391 | 34.3s
ex16|tri0.3|1|0.5|div|10|2.0|50: static 0.827 sstatic 0.892 c1 0.986 c50 0.822 fac1 0.920 fac50 -0.030 lock 0.00 move 0.177 period None osc -0.116@12 pr 10.5 sens10 3.26 sens50 3.81 sat None dead 0.04 frozen 0.65 nbin 300 fat 1.552 | 34.6s
ex16|tri0.3|1|0.5|sub|300|0.5|51: static 0.346 sstatic 0.618 c1 0.971 c50 0.341 fac1 0.954 fac50 -0.011 lock 0.03 move 0.24 period None osc -0.081@27 pr 12.3 sens10 3.03 sens50 4.02 sat None dead 0.00 frozen 0.06 nbin 300 fat 0.393 | 63.7s
ex16|tri0.3|1|0.5|div|10|2.0|51: static 0.819 sstatic 0.887 c1 0.986 c50 0.813 fac1 0.921 fac50 -0.023 lock 0.00 move 0.17 period None osc -0.141@12 pr 10.5 sens10 3.06 sens50 3.77 sat None dead 0.03 frozen 0.64 nbin 300 fat 1.565 | 34.6s
ex16|tri0.3|1|0.5|sub|300|1.0|50: static 0.036 sstatic 0.482 c1 0.956 c50 -0.002 fac1 0.952 fac50 -0.034 lock 0.04 move 0.295 period None osc -0.043@21 pr 12.7 sens10 3.18 sens50 4.04 sat None dead 0.00 frozen 0.04 nbin 300 fat 0.686 | 63.6s
ex16|tri0.3|1|0.5|sub|300|1.0|51: static 0.031 sstatic 0.482 c1 0.957 c50 -0.006 fac1 0.953 fac50 -0.035 lock 0.03 move 0.289 period None osc -0.061@37 pr 12.7 sens10 3.05 sens50 4.03 sat None dead 0.00 frozen 0.03 nbin 300 fat 0.682 | 64.0s
ex16|tri0.3|1|0.5|div|30|0.5|51: static 0.895 sstatic 0.919 c1 0.995 c50 0.892 fac1 0.946 fac50 -0.023 lock 0.00 move 0.107 period None osc -0.095@16 pr 10.2 sens10 2.88 sens50 3.68 sat None dead 0.03 frozen 0.54 nbin 300 fat 0.390 | 34.3s
ex16|tri0.3|1|0.5|div|30|2.0|50: static 0.785 sstatic 0.877 c1 0.987 c50 0.782 fac1 0.939 fac50 -0.011 lock 0.00 move 0.17 period None osc -0.109@19 pr 10.3 sens10 3.24 sens50 3.78 sat None dead 0.04 frozen 0.53 nbin 300 fat 1.551 | 34.3s
ex16|tri0.3|1|0.5|div|30|2.0|51: static 0.783 sstatic 0.876 c1 0.988 c50 0.758 fac1 0.940 fac50 -0.069 lock 0.00 move 0.162 period None osc -0.082@26 pr 10.2 sens10 3.04 sens50 3.76 sat None dead 0.03 frozen 0.54 nbin 300 fat 1.564 | 34.3s
ex16|tri0.3|1|0.5|div|100|2.0|50: static 0.766 sstatic 0.873 c1 0.988 c50 0.748 fac1 0.948 fac50 -0.063 lock 0.00 move 0.165 period None osc -0.081@30 pr 10.0 sens10 3.33 sens50 3.77 sat None dead 0.04 frozen 0.50 nbin 300 fat 1.552 | 34.0s
ex16|tri0.3|1|0.5|div|300|0.5|50: static 0.898 sstatic 0.922 c1 0.995 c50 0.888 fac1 0.951 fac50 -0.075 lock 0.00 move 0.107 period None osc -0.075@50 pr 10.0 sens10 3.16 sens50 3.63 sat None dead 0.04 frozen 0.54 nbin 300 fat 0.375 | 34.0s
ex16|tri0.3|1|0.5|div|300|2.0|50: static 0.767 sstatic 0.873 c1 0.989 c50 0.770 fac1 0.949 fac50 -0.011 lock 0.00 move 0.161 period None osc -0.039@19 pr 10.2 sens10 3.29 sens50 3.81 sat None dead 0.04 frozen 0.49 nbin 300 fat 1.497 | 34.0s
ex16|tri0.3|1|0.5|div|300|2.0|51: static 0.758 sstatic 0.867 c1 0.989 c50 0.756 fac1 0.951 fac50 -0.012 lock 0.00 move 0.153 period None osc -0.066@20 pr 10.0 sens10 2.95 sens50 3.82 sat None dead 0.03 frozen 0.50 nbin 300 fat 1.508 | 34.0s
ex16|tri0.3|1|0.5|div|30|0.5|50: static 0.900 sstatic 0.922 c1 0.995 c50 0.896 fac1 0.946 fac50 -0.034 lock 0.00 move 0.11 period None osc -0.072@34 pr 10.3 sens10 3.17 sens50 3.66 sat None dead 0.04 frozen 0.53 nbin 300 fat 0.388 | 60.5s
ex16|tri0.3|1|0.5|dep|3|0.1|51: static 0.946 sstatic 0.944 c1 0.997 c50 0.944 fac1 0.937 fac50 -0.031 lock 0.00 move 0.0823 period None osc -0.051@44 pr 10.2 sens10 3.02 sens50 3.52 sat None dead 0.03 frozen 0.62 nbin 300 fat 0.903 | 37.3s
ex16|tri0.3|1|0.5|div|100|0.5|50: static 0.887 sstatic 0.917 c1 0.995 c50 0.883 fac1 0.952 fac50 -0.026 lock 0.00 move 0.11 period None osc -0.067@31 pr 9.7 sens10 3.19 sens50 3.63 sat None dead 0.04 frozen 0.52 nbin 300 fat 0.388 | 60.5s
ex16|tri0.3|1|0.5|div|100|0.5|51: static 0.882 sstatic 0.910 c1 0.995 c50 0.877 fac1 0.954 fac50 -0.055 lock 0.00 move 0.105 period None osc -0.082@27 pr 9.9 sens10 2.88 sens50 3.63 sat None dead 0.03 frozen 0.52 nbin 300 fat 0.391 | 63.9s
ex16|tri0.3|1|0.5|dep|10|0.1|50: static 0.898 sstatic 0.908 c1 0.989 c50 0.897 fac1 0.894 fac50 -0.011 lock 0.00 move 0.159 period None osc -0.158@10 pr 13.1 sens10 3.31 sens50 3.64 sat None dead 0.04 frozen 0.45 nbin 300 fat 0.774 | 37.6s
ex16|tri0.3|1|0.5|div|100|2.0|51: static 0.754 sstatic 0.865 c1 0.989 c50 0.737 fac1 0.951 fac50 -0.061 lock 0.00 move 0.154 period None osc -0.062@27 pr 10.0 sens10 3.06 sens50 3.81 sat None dead 0.03 frozen 0.51 nbin 300 fat 1.563 | 64.2s
ex16|tri0.3|1|0.5|dep|10|0.1|51: static 0.891 sstatic 0.902 c1 0.989 c50 0.891 fac1 0.896 fac50 0.006 lock 0.00 move 0.152 period None osc -0.181@10 pr 12.7 sens10 3.15 sens50 3.64 sat None dead 0.03 frozen 0.46 nbin 300 fat 0.771 | 37.7s
ex16|tri0.3|1|0.5|dep|10|0.5|50: static 0.846 sstatic 0.874 c1 0.961 c50 0.843 fac1 0.748 fac50 -0.010 lock 0.00 move 0.296 period None osc -0.156@7 pr 15.7 sens10 3.57 sens50 3.73 sat None dead 0.04 frozen 0.34 nbin 300 fat 0.542 | 37.7s
ex16|tri0.3|1|0.5|div|300|0.5|51: static 0.882 sstatic 0.912 c1 0.995 c50 0.879 fac1 0.953 fac50 -0.014 lock 0.00 move 0.104 period None osc -0.017@27 pr 10.0 sens10 2.91 sens50 3.68 sat None dead 0.03 frozen 0.52 nbin 300 fat 0.377 | 62.4s
ex16|tri0.3|1|0.5|dep|10|0.5|51: static 0.844 sstatic 0.872 c1 0.963 c50 0.845 fac1 0.755 fac50 -0.013 lock 0.00 move 0.281 period None osc -0.176@7 pr 15.2 sens10 3.56 sens50 3.76 sat None dead 0.03 frozen 0.36 nbin 300 fat 0.543 | 37.5s
ex16|tri0.3|1|0.5|dep|30|0.1|50: static 0.724 sstatic 0.802 c1 0.968 c50 0.715 fac1 0.886 fac50 -0.009 lock 0.00 move 0.262 period None osc -0.174@11 pr 15.1 sens10 3.47 sens50 3.86 sat None dead 0.04 frozen 0.19 nbin 300 fat 0.578 | 37.4s
ex16|tri0.3|1|0.5|dep|30|0.1|51: static 0.722 sstatic 0.802 c1 0.970 c50 0.728 fac1 0.888 fac50 0.006 lock 0.00 move 0.25 period None osc -0.181@11 pr 14.6 sens10 3.43 sens50 3.87 sat None dead 0.03 frozen 0.20 nbin 300 fat 0.577 | 37.6s
ex16|tri0.3|1|0.5|dep|30|0.5|50: static 0.648 sstatic 0.763 c1 0.910 c50 0.643 fac1 0.747 fac50 -0.015 lock 0.00 move 0.444 period None osc -0.160@7 pr 17.1 sens10 3.73 sens50 3.89 sat None dead 0.04 frozen 0.29 nbin 300 fat 0.343 | 37.6s
ex16|tri0.3|1|0.5|dep|3|0.1|50: static 0.954 sstatic 0.950 c1 0.997 c50 0.952 fac1 0.933 fac50 -0.046 lock 0.00 move 0.0873 period None osc -0.051@37 pr 10.3 sens10 3.08 sens50 3.47 sat None dead 0.04 frozen 0.63 nbin 300 fat 0.904 | 68.9s
ex16|tri0.3|1|0.5|dep|3|0.5|50: static 0.946 sstatic 0.944 c1 0.993 c50 0.944 fac1 0.877 fac50 -0.012 lock 0.00 move 0.133 period None osc -0.057@34 pr 11.5 sens10 3.27 sens50 3.51 sat None dead 0.04 frozen 0.59 nbin 300 fat 0.732 | 68.9s
ex16|tri0.3|1|0.5|dep|3|0.5|51: static 0.938 sstatic 0.937 c1 0.993 c50 0.936 fac1 0.887 fac50 -0.033 lock 0.00 move 0.123 period None osc -0.038@41 pr 11.2 sens10 3.19 sens50 3.56 sat None dead 0.03 frozen 0.58 nbin 300 fat 0.727 | 69.3s
ex16|tri0.3|1|0.5|dep|100|0.1|50: static 0.552 sstatic 0.718 c1 0.945 c50 0.545 fac1 0.881 fac50 -0.018 lock 0.00 move 0.343 period None osc -0.128@13 pr 15.7 sens10 3.66 sens50 3.95 sat None dead 0.04 frozen 0.12 nbin 300 fat 0.344 | 37.4s
ex16|tri0.3|1|0.5|dep|100|0.5|51: static 0.492 sstatic 0.691 c1 0.896 c50 0.509 fac1 0.787 fac50 0.001 lock 0.00 move 0.488 period None osc -0.134@8 pr 16.1 sens10 3.73 sens50 3.94 sat None dead 0.03 frozen 0.74 nbin 300 fat 0.181 | 37.5s
ex16|tri0.3|1|0.9|none|0|0.0|50: static 0.976 sstatic 0.970 c1 1.000 c50 0.976 fac1 0.995 fac50 -0.002 lock 0.85 move 0.00959 period None osc -0.002@50 pr 4.0 sens10 2.73 sens50 3.15 sat None dead 0.03 frozen 0.81 nbin 300 fat None | 31.1s
ex16|tri0.3|1|0.5|dep|300|0.1|51: static 0.445 sstatic 0.670 c1 0.941 c50 0.447 fac1 0.891 fac50 -0.024 lock 0.00 move 0.366 period None osc -0.090@14 pr 14.7 sens10 3.72 sens50 3.98 sat None dead 0.03 frozen 0.31 nbin 300 fat 0.199 | 37.4s
ex16|tri0.3|1|0.5|dep|300|0.5|50: static 0.421 sstatic 0.664 c1 0.894 c50 0.449 fac1 0.807 fac50 -0.008 lock 0.00 move 0.547 period None osc -0.104@10 pr 14.9 sens10 3.39 sens50 3.56 sat None dead 0.04 frozen 0.96 nbin 300 fat 0.110 | 37.4s
ex16|tri0.3|1|0.9|none|0|0.0|51: static 0.965 sstatic 0.961 c1 1.000 c50 0.970 fac1 0.995 fac50 0.084 lock 0.85 move 0.00908 period None osc 0.084@50 pr 3.8 sens10 2.09 sens50 2.75 sat None dead 0.03 frozen 0.79 nbin 300 fat None | 31.0s
ex16|tri0.3|1|0.9|sub|3|0.5|50: static 0.973 sstatic 0.969 c1 1.000 c50 0.976 fac1 0.994 fac50 0.058 lock 0.63 move 0.0146 period None osc 0.058@50 pr 4.1 sens10 2.76 sens50 3.13 sat None dead 0.03 frozen 0.85 nbin 300 fat 0.500 | 34.1s
ex16|tri0.3|1|0.5|dep|30|0.5|51: static 0.647 sstatic 0.762 c1 0.914 c50 0.658 fac1 0.751 fac50 0.005 lock 0.00 move 0.424 period None osc -0.164@7 pr 16.8 sens10 3.79 sens50 3.91 sat None dead 0.03 frozen 0.32 nbin 300 fat 0.345 | 69.7s
ex16|tri0.3|1|0.9|sub|3|0.5|51: static 0.966 sstatic 0.960 c1 1.000 c50 0.970 fac1 0.994 fac50 0.056 lock 0.45 move 0.012 period None osc 0.056@50 pr 4.0 sens10 2.13 sens50 2.77 sat None dead 0.03 frozen 0.84 nbin 300 fat 0.500 | 34.1s
ex16|tri0.3|1|0.9|sub|10|0.5|51: static 0.905 sstatic 0.917 c1 0.999 c50 0.893 fac1 0.991 fac50 -0.135 lock 0.00 move 0.0334 period None osc -0.260@34 pr 7.3 sens10 2.28 sens50 3.14 sat None dead 0.03 frozen 0.69 nbin 300 fat 0.496 | 34.2s
ex16|tri0.3|1|0.5|dep|100|0.1|51: static 0.540 sstatic 0.710 c1 0.949 c50 0.538 fac1 0.886 fac50 -0.014 lock 0.00 move 0.324 period None osc -0.124@11 pr 15.4 sens10 3.54 sens50 3.96 sat None dead 0.03 frozen 0.12 nbin 300 fat 0.342 | 69.6s
ex16|tri0.3|1|0.5|dep|100|0.5|50: static 0.505 sstatic 0.694 c1 0.891 c50 0.518 fac1 0.781 fac50 -0.005 lock 0.00 move 0.518 period None osc -0.133@9 pr 16.3 sens10 3.66 sens50 3.84 sat None dead 0.04 frozen 0.73 nbin 300 fat 0.190 | 68.5s
ex16|tri0.3|1|0.5|dep|300|0.1|50: static 0.458 sstatic 0.675 c1 0.935 c50 0.468 fac1 0.879 fac50 -0.008 lock 0.00 move 0.418 period None osc -0.081@14 pr 15.3 sens10 3.71 sens50 3.97 sat None dead 0.04 frozen 0.30 nbin 300 fat 0.207 | 68.7s
ex16|tri0.3|1|0.9|sub|10|1.0|50: static 0.002 sstatic 0.470 c1 0.989 c50 0.326 fac1 0.986 fac50 0.275 lock 0.00 move 0.145 period None osc -0.616@26 pr 6.5 sens10 3.06 sens50 3.45 sat None dead 0.03 frozen 0.08 nbin 300 fat 0.911 | 34.8s
ex16|tri0.3|1|0.9|sub|10|1.0|51: static 0.002 sstatic 0.469 c1 0.990 c50 0.296 fac1 0.987 fac50 0.253 lock 0.00 move 0.144 period None osc -0.610@26 pr 6.7 sens10 2.43 sens50 3.17 sat None dead 0.03 frozen 0.08 nbin 300 fat 0.919 | 34.6s
ex16|tri0.3|1|0.9|sub|30|0.5|50: static 0.581 sstatic 0.732 c1 0.999 c50 0.399 fac1 0.993 fac50 -0.348 lock 0.00 move 0.0551 period None osc -0.352@48 pr 6.2 sens10 2.92 sens50 3.44 sat None dead 0.03 frozen 0.32 nbin 300 fat 0.462 | 34.7s
ex16|tri0.3|1|0.5|dep|300|0.5|51: static 0.419 sstatic 0.663 c1 0.899 c50 0.440 fac1 0.816 fac50 -0.019 lock 0.00 move 0.524 period None osc -0.107@9 pr 14.6 sens10 3.64 sens50 3.77 sat None dead 0.03 frozen 0.99 nbin 300 fat 0.105 | 69.4s
ex16|tri0.3|1|0.9|sub|30|0.5|51: static 0.567 sstatic 0.732 c1 0.999 c50 0.401 fac1 0.993 fac50 -0.340 lock 0.00 move 0.0541 period None osc -0.342@46 pr 6.4 sens10 2.36 sens50 3.21 sat None dead 0.03 frozen 0.32 nbin 300 fat 0.462 | 34.8s
ex16|tri0.3|1|0.9|sub|30|1.0|50: static 0.005 sstatic 0.474 c1 0.996 c50 -0.570 fac1 0.993 fac50 -0.484 lock 0.00 move 0.0876 period None osc -0.504@46 pr 5.3 sens10 2.94 sens50 3.25 sat None dead 0.03 frozen 0.04 nbin 300 fat 0.821 | 34.7s
ex16|tri0.3|1|0.9|sub|30|1.0|51: static 0.008 sstatic 0.474 c1 0.996 c50 -0.565 fac1 0.993 fac50 -0.470 lock 0.00 move 0.0873 period None osc -0.491@45 pr 5.5 sens10 2.30 sens50 2.92 sat None dead 0.03 frozen 0.04 nbin 300 fat 0.839 | 34.7s
ex16|tri0.3|1|0.9|sub|3|1.0|50: static 0.001 sstatic 0.467 c1 0.949 c50 -0.050 fac1 0.948 fac50 -0.044 lock 0.00 move 0.317 period None osc -0.546@13 pr 11.0 sens10 3.17 sens50 3.81 sat None dead 0.04 frozen 0.92 nbin 290 fat 0.985 | 63.3s
ex16|tri0.3|1|0.9|sub|3|1.0|51: static 0.001 sstatic 0.467 c1 0.951 c50 0.028 fac1 0.949 fac50 0.024 lock 0.00 move 0.31 period None osc -0.541@13 pr 10.5 sens10 2.95 sens50 3.78 sat None dead 0.03 frozen 0.93 nbin 295 fat 0.983 | 63.3s
ex16|tri0.3|1|0.9|sub|10|0.5|50: static 0.908 sstatic 0.916 c1 0.999 c50 0.881 fac1 0.991 fac50 -0.221 lock 0.00 move 0.0356 period None osc -0.322@36 pr 7.0 sens10 2.93 sens50 3.42 sat None dead 0.03 frozen 0.68 nbin 300 fat 0.497 | 62.3s
ex16|tri0.3|1|0.9|sub|100|0.5|51: static 0.405 sstatic 0.651 c1 0.999 c50 0.300 fac1 0.995 fac50 -0.144 lock 0.01 move 0.0462 period None osc -0.144@50 pr 5.4 sens10 2.11 sens50 2.94 sat None dead 0.00 frozen 0.20 nbin 300 fat 0.428 | 34.6s
ex16|tri0.3|1|0.9|sub|100|1.0|50: static 0.027 sstatic 0.486 c1 0.998 c50 -0.179 fac1 0.995 fac50 -0.169 lock 0.01 move 0.0607 period None osc -0.169@50 pr 5.1 sens10 2.74 sens50 3.20 sat None dead 0.00 frozen 0.05 nbin 300 fat 0.757 | 34.4s
ex16|tri0.3|1|0.9|sub|300|1.0|50: static 0.134 sstatic 0.534 c1 0.999 c50 0.152 fac1 0.994 fac50 -0.011 lock 0.04 move 0.0506 period None osc -0.011@50 pr 4.6 sens10 1.77 sens50 2.51 sat None dead 0.00 frozen 0.08 nbin 300 fat 0.712 | 34.3s
ex16|tri0.3|1|0.9|sub|300|1.0|51: static 0.109 sstatic 0.523 c1 0.999 c50 0.082 fac1 0.995 fac50 -0.041 lock 0.03 move 0.051 period None osc -0.041@50 pr 4.9 sens10 1.46 sens50 2.49 sat None dead 0.00 frozen 0.06 nbin 300 fat 0.706 | 34.2s
ex16|tri0.3|1|0.9|div|3|0.5|50: static 0.962 sstatic 0.958 c1 1.000 c50 0.965 fac1 0.994 fac50 0.031 lock 0.48 move 0.0128 period None osc 0.031@50 pr 4.0 sens10 2.79 sens50 3.18 sat None dead 0.03 frozen 0.78 nbin 300 fat 0.389 | 34.1s
ex16|tri0.3|1|0.9|div|3|2.0|50: static 0.924 sstatic 0.931 c1 1.000 c50 0.927 fac1 0.994 fac50 0.048 lock 0.04 move 0.0212 period None osc 0.048@50 pr 3.9 sens10 2.87 sens50 3.30 sat None dead 0.03 frozen 1.00 nbin 1 fat 1.554 | 34.3s
ex16|tri0.3|1|0.9|div|3|2.0|51: static 0.913 sstatic 0.921 c1 1.000 c50 0.907 fac1 0.994 fac50 -0.027 lock 0.02 move 0.0211 period None osc -0.027@50 pr 4.3 sens10 2.20 sens50 3.06 sat None dead 0.03 frozen 1.00 nbin 1 fat 1.559 | 33.9s
ex16|tri0.3|1|0.9|sub|100|0.5|50: static 0.417 sstatic 0.656 c1 0.999 c50 0.299 fac1 0.995 fac50 -0.165 lock 0.01 move 0.0468 period None osc -0.165@50 pr 5.0 sens10 2.79 sens50 3.41 sat None dead 0.00 frozen 0.21 nbin 300 fat 0.428 | 63.3s
ex16|tri0.3|1|0.9|div|10|0.5|50: static 0.953 sstatic 0.951 c1 1.000 c50 0.959 fac1 0.994 fac50 0.069 lock 0.24 move 0.0143 period None osc 0.069@50 pr 3.9 sens10 2.84 sens50 3.25 sat None dead 0.03 frozen 0.76 nbin 300 fat 0.388 | 33.8s
ex16|tri0.3|1|0.9|div|30|0.5|50: static 0.937 sstatic 0.944 c1 1.000 c50 0.930 fac1 0.995 fac50 -0.091 lock 0.03 move 0.0164 period None osc -0.091@50 pr 4.6 sens10 2.85 sens50 3.19 sat None dead 0.03 frozen 0.72 nbin 300 fat 0.389 | 33.8s
ex16|tri0.3|1|0.9|sub|100|1.0|51: static 0.029 sstatic 0.487 c1 0.998 c50 -0.180 fac1 0.995 fac50 -0.172 lock 0.01 move 0.06 period None osc -0.172@50 pr 5.1 sens10 2.20 sens50 2.98 sat None dead 0.00 frozen 0.04 nbin 300 fat 0.755 | 63.3s
ex16|tri0.3|1|0.9|sub|300|0.5|50: static 0.443 sstatic 0.667 c1 0.999 c50 0.463 fac1 0.995 fac50 0.003 lock 0.04 move 0.0395 period None osc 0.003@50 pr 4.6 sens10 1.65 sens50 2.49 sat None dead 0.00 frozen 0.22 nbin 300 fat 0.405 | 62.3s
ex16|tri0.3|1|0.9|div|30|0.5|51: static 0.932 sstatic 0.938 c1 1.000 c50 0.935 fac1 0.994 fac50 0.015 lock 0.09 move 0.0151 period None osc 0.015@50 pr 4.2 sens10 2.11 sens50 3.00 sat None dead 0.03 frozen 0.71 nbin 300 fat 0.392 | 33.9s
ex16|tri0.3|1|0.9|sub|300|0.5|51: static 0.424 sstatic 0.656 c1 0.999 c50 0.435 fac1 0.995 fac50 -0.005 lock 0.03 move 0.0402 period None osc -0.005@50 pr 4.8 sens10 1.57 sens50 2.74 sat None dead 0.00 frozen 0.22 nbin 300 fat 0.402 | 62.2s
ex16|tri0.3|1|0.9|div|3|0.5|51: static 0.951 sstatic 0.948 c1 1.000 c50 0.955 fac1 0.994 fac50 0.029 lock 0.30 move 0.0125 period None osc 0.029@50 pr 3.9 sens10 2.06 sens50 2.90 sat None dead 0.03 frozen 0.77 nbin 300 fat 0.392 | 61.3s
ex16|tri0.3|1|0.9|div|30|2.0|50: static 0.872 sstatic 0.915 c1 1.000 c50 0.850 fac1 0.994 fac50 -0.136 lock 0.00 move 0.0275 period None osc -0.136@50 pr 5.1 sens10 3.00 sens50 3.38 sat None dead 0.03 frozen 0.94 nbin 273 fat 1.555 | 34.1s
ex16|tri0.3|1|0.9|div|30|2.0|51: static 0.865 sstatic 0.910 c1 1.000 c50 0.847 fac1 0.994 fac50 -0.128 lock 0.00 move 0.0254 period None osc -0.128@50 pr 5.0 sens10 2.22 sens50 3.12 sat None dead 0.03 frozen 0.95 nbin 270 fat 1.567 | 34.2s
ex16|tri0.3|1|0.9|div|100|0.5|50: static 0.918 sstatic 0.932 c1 1.000 c50 0.908 fac1 0.995 fac50 -0.090 lock 0.01 move 0.0175 period None osc -0.090@50 pr 4.3 sens10 2.89 sens50 3.29 sat None dead 0.03 frozen 0.68 nbin 300 fat 0.388 | 34.3s
ex16|tri0.3|1|0.9|div|100|0.5|51: static 0.915 sstatic 0.931 c1 1.000 c50 0.915 fac1 0.994 fac50 -0.018 lock 0.03 move 0.0159 period None osc -0.018@50 pr 4.3 sens10 2.22 sens50 2.98 sat None dead 0.03 frozen 0.68 nbin 300 fat 0.391 | 34.5s
ex16|tri0.3|1|0.9|div|100|2.0|50: static 0.820 sstatic 0.889 c1 1.000 c50 0.821 fac1 0.994 fac50 -0.018 lock 0.00 move 0.0262 period None osc -0.018@50 pr 4.5 sens10 3.02 sens50 3.38 sat None dead 0.03 frozen 0.82 nbin 300 fat 1.551 | 34.3s
ex16|tri0.3|1|0.9|div|10|0.5|51: static 0.945 sstatic 0.942 c1 1.000 c50 0.947 fac1 0.995 fac50 0.048 lock 0.11 move 0.0142 period None osc 0.048@50 pr 4.1 sens10 2.21 sens50 2.89 sat None dead 0.03 frozen 0.74 nbin 300 fat 0.391 | 62.7s
ex16|tri0.3|1|0.9|div|10|2.0|50: static 0.903 sstatic 0.921 c1 1.000 c50 0.903 fac1 0.994 fac50 -0.022 lock 0.00 move 0.0253 period None osc -0.022@50 pr 4.6 sens10 2.97 sens50 3.39 sat None dead 0.03 frozen 1.00 nbin 4 fat 1.560 | 62.8s
ex16|tri0.3|1|0.9|div|10|2.0|51: static 0.914 sstatic 0.928 c1 1.000 c50 0.907 fac1 0.993 fac50 -0.074 lock 0.01 move 0.0229 period None osc -0.074@50 pr 4.9 sens10 2.24 sens50 3.11 sat None dead 0.03 frozen 1.00 nbin 3 fat 1.566 | 62.6s
ex16|tri0.3|1|0.9|div|300|0.5|50: static 0.920 sstatic 0.932 c1 1.000 c50 0.923 fac1 0.995 fac50 0.047 lock 0.02 move 0.0163 period None osc 0.047@50 pr 4.0 sens10 2.89 sens50 3.26 sat None dead 0.03 frozen 0.68 nbin 300 fat 0.376 | 34.0s
ex16|tri0.3|1|0.9|div|300|0.5|51: static 0.910 sstatic 0.931 c1 1.000 c50 0.917 fac1 0.995 fac50 0.047 lock 0.05 move 0.0152 period None osc 0.047@50 pr 3.9 sens10 2.09 sens50 2.81 sat None dead 0.03 frozen 0.67 nbin 300 fat 0.377 | 33.9s
ex16|tri0.3|1|0.9|dep|3|0.1|50: static 0.970 sstatic 0.965 c1 1.000 c50 0.971 fac1 0.994 fac50 0.001 lock 0.59 move 0.012 period None osc 0.001@50 pr 4.2 sens10 2.74 sens50 3.20 sat None dead 0.03 frozen 0.78 nbin 300 fat 0.905 | 37.0s
ex16|tri0.3|1|0.9|dep|3|0.5|51: static 0.946 sstatic 0.943 c1 1.000 c50 0.951 fac1 0.994 fac50 0.067 lock 0.10 move 0.015 period None osc 0.067@50 pr 4.1 sens10 2.49 sens50 3.16 sat None dead 0.03 frozen 0.71 nbin 300 fat 0.734 | 37.3s
ex16|tri0.3|1|0.9|dep|10|0.1|50: static 0.964 sstatic 0.960 c1 1.000 c50 0.961 fac1 0.993 fac50 -0.046 lock 0.07 move 0.0172 period None osc -0.046@50 pr 5.0 sens10 2.85 sens50 3.30 sat None dead 0.03 frozen 0.73 nbin 300 fat 0.783 | 37.3s
ex16|tri0.3|1|0.9|div|100|2.0|51: static 0.824 sstatic 0.897 c1 1.000 c50 0.815 fac1 0.994 fac50 -0.068 lock 0.00 move 0.0253 period None osc -0.068@50 pr 4.7 sens10 2.28 sens50 2.99 sat None dead 0.03 frozen 0.81 nbin 300 fat 1.563 | 61.8s
ex16|tri0.3|1|0.9|dep|10|0.1|51: static 0.949 sstatic 0.948 c1 1.000 c50 0.948 fac1 0.993 fac50 -0.054 lock 0.03 move 0.0166 period None osc -0.054@50 pr 5.1 sens10 2.38 sens50 3.15 sat None dead 0.03 frozen 0.72 nbin 300 fat 0.781 | 37.3s
ex16|tri0.3|1|0.9|dep|10|0.5|50: static 0.950 sstatic 0.948 c1 1.000 c50 0.946 fac1 0.990 fac50 -0.077 lock 0.00 move 0.0302 period None osc -0.077@50 pr 6.0 sens10 2.97 sens50 3.50 sat None dead 0.03 frozen 0.68 nbin 300 fat 0.605 | 37.4s
ex16|tri0.3|1|0.9|dep|10|0.5|51: static 0.951 sstatic 0.948 c1 1.000 c50 0.948 fac1 0.990 fac50 -0.077 lock 0.00 move 0.0253 period None osc -0.077@50 pr 5.9 sens10 2.88 sens50 3.45 sat None dead 0.03 frozen 0.69 nbin 300 fat 0.601 | 37.2s
ex16|tri0.3|1|0.9|div|300|2.0|50: static 0.822 sstatic 0.897 c1 1.000 c50 0.826 fac1 0.994 fac50 -0.013 lock 0.00 move 0.0248 period None osc -0.013@50 pr 4.3 sens10 3.01 sens50 3.38 sat None dead 0.03 frozen 0.74 nbin 300 fat 1.500 | 61.9s
ex16|tri0.3|1|0.9|dep|30|0.5|51: static 0.898 sstatic 0.908 c1 0.998 c50 0.886 fac1 0.979 fac50 -0.104 lock 0.00 move 0.0618 period None osc -0.150@35 pr 9.2 sens10 3.31 sens50 3.66 sat None dead 0.03 frozen 0.52 nbin 300 fat 0.478 | 37.2s
ex16|tri0.3|1|0.9|div|300|2.0|51: static 0.811 sstatic 0.891 c1 1.000 c50 0.820 fac1 0.994 fac50 -0.005 lock 0.00 move 0.0234 period None osc -0.005@50 pr 4.4 sens10 2.24 sens50 2.99 sat None dead 0.03 frozen 0.74 nbin 300 fat 1.510 | 62.8s
ex16|tri0.3|1|0.9|dep|100|0.1|50: static 0.697 sstatic 0.792 c1 0.998 c50 0.634 fac1 0.990 fac50 -0.165 lock 0.00 move 0.0695 period None osc -0.188@39 pr 8.7 sens10 3.26 sens50 3.81 sat None dead 0.03 frozen 0.26 nbin 300 fat 0.409 | 37.2s
ex16|tri0.3|1|0.9|dep|3|0.1|51: static 0.959 sstatic 0.952 c1 1.000 c50 0.965 fac1 0.995 fac50 0.093 lock 0.53 move 0.0111 period None osc 0.093@50 pr 3.8 sens10 2.16 sens50 2.73 sat None dead 0.03 frozen 0.76 nbin 300 fat 0.905 | 69.0s
ex16|tri0.3|1|0.9|dep|3|0.5|50: static 0.960 sstatic 0.958 c1 1.000 c50 0.961 fac1 0.993 fac50 -0.020 lock 0.11 move 0.0172 period None osc -0.020@50 pr 4.7 sens10 2.78 sens50 3.30 sat None dead 0.03 frozen 0.74 nbin 300 fat 0.738 | 67.5s
ex16|tri0.3|1|0.9|dep|100|0.1|51: static 0.706 sstatic 0.790 c1 0.998 c50 0.645 fac1 0.989 fac50 -0.173 lock 0.00 move 0.0673 period None osc -0.198@40 pr 8.8 sens10 3.00 sens50 3.69 sat None dead 0.03 frozen 0.28 nbin 300 fat 0.408 | 37.3s
ex16|tri0.3|1|0.9|dep|100|0.5|50: static 0.716 sstatic 0.801 c1 0.993 c50 0.682 fac1 0.973 fac50 -0.099 lock 0.00 move 0.115 period None osc -0.149@32 pr 10.5 sens10 3.55 sens50 3.81 sat None dead 0.03 frozen 0.31 nbin 300 fat 0.284 | 37.8s
ex16|tri0.3|1|0.9|dep|100|0.5|51: static 0.708 sstatic 0.795 c1 0.994 c50 0.678 fac1 0.974 fac50 -0.106 lock 0.00 move 0.115 period None osc -0.145@35 pr 10.3 sens10 3.62 sens50 3.85 sat None dead 0.03 frozen 0.32 nbin 300 fat 0.281 | 38.0s
ex16|tri0.3|1|0.9|dep|30|0.1|50: static 0.905 sstatic 0.914 c1 0.999 c50 0.883 fac1 0.990 fac50 -0.184 lock 0.00 move 0.0374 period None osc -0.198@44 pr 7.5 sens10 3.05 sens50 3.56 sat None dead 0.03 frozen 0.56 nbin 300 fat 0.632 | 69.0s
ex16|tri0.3|1|0.9|dep|300|0.1|51: static 0.550 sstatic 0.715 c1 0.997 c50 0.464 fac1 0.989 fac50 -0.151 lock 0.00 move 0.0833 period None osc -0.157@41 pr 9.0 sens10 3.29 sens50 3.85 sat None dead 0.03 frozen 0.16 nbin 300 fat 0.215 | 38.1s
ex16|tri0.3|1|0.9|dep|30|0.1|51: static 0.899 sstatic 0.909 c1 0.999 c50 0.879 fac1 0.991 fac50 -0.158 lock 0.00 move 0.0357 period None osc -0.224@38 pr 7.6 sens10 2.72 sens50 3.52 sat None dead 0.03 frozen 0.56 nbin 300 fat 0.629 | 69.3s
ex16|tri0.3|1|0.9|dep|300|0.5|50: static 0.564 sstatic 0.731 c1 0.992 c50 0.529 fac1 0.977 fac50 -0.112 lock 0.00 move 0.126 period None osc -0.137@36 pr 9.6 sens10 3.70 sens50 3.82 sat None dead 0.03 frozen 0.54 nbin 300 fat 0.157 | 38.0s
ex16|tri0.3|1|0.9|dep|30|0.5|50: static 0.904 sstatic 0.911 c1 0.998 c50 0.891 fac1 0.978 fac50 -0.105 lock 0.00 move 0.0648 period None osc -0.136@37 pr 9.3 sens10 3.34 sens50 3.62 sat None dead 0.03 frozen 0.52 nbin 300 fat 0.479 | 69.4s
ex16|tri0.3|0|0.0|none|0|0.0|51: static 0.921 sstatic 0.925 c1 0.920 c50 0.922 fac1 -0.003 fac50 0.006 lock 0.00 move 0.395 period None osc -0.014@2 pr 15.5 sens10 3.41 sens50 3.59 sat None dead 0.03 frozen 0.44 nbin 300 fat None | 30.2s
ex16|tri0.3|1|0.9|dep|300|0.5|51: static 0.544 sstatic 0.721 c1 0.992 c50 0.510 fac1 0.977 fac50 -0.104 lock 0.00 move 0.129 period None osc -0.118@42 pr 9.4 sens10 3.85 sens50 3.91 sat None dead 0.03 frozen 0.52 nbin 300 fat 0.144 | 37.6s
ex16|tri0.3|0|0.0|sub|3|0.5|51: static 0.343 sstatic 0.616 c1 0.184 c50 0.343 fac1 -0.243 fac50 0.002 lock 0.00 move 1.28 period None osc -0.243@1 pr 20.0 sens10 3.81 sens50 4.06 sat None dead 0.03 frozen 0.03 nbin 300 fat 0.408 | 32.6s
ex16|tri0.3|0|0.0|sub|10|0.5|50: static 0.274 sstatic 0.584 c1 0.209 c50 0.263 fac1 -0.089 fac50 -0.002 lock 0.00 move 1.26 period None osc -0.089@1 pr 20.6 sens10 3.82 sens50 4.08 sat None dead 0.04 frozen 0.04 nbin 300 fat 0.384 | 32.4s
ex16|tri0.3|0|0.0|none|0|0.0|50: static 0.922 sstatic 0.928 c1 0.923 c50 0.923 fac1 -0.004 fac50 0.003 lock 0.00 move 0.394 period None osc -0.014@34 pr 15.8 sens10 3.32 sens50 3.58 sat None dead 0.04 frozen 0.44 nbin 300 fat None | 52.9s
ex16|tri0.3|1|0.9|dep|300|0.1|50: static 0.559 sstatic 0.717 c1 0.997 c50 0.467 fac1 0.989 fac50 -0.152 lock 0.00 move 0.0836 period None osc -0.165@42 pr 9.0 sens10 3.45 sens50 3.80 sat None dead 0.03 frozen 0.18 nbin 300 fat 0.225 | 67.6s
ex16|tri0.3|0|0.0|sub|10|0.5|51: static 0.270 sstatic 0.583 c1 0.210 c50 0.271 fac1 -0.078 fac50 0.002 lock 0.00 move 1.25 period None osc -0.078@1 pr 20.4 sens10 3.87 sens50 4.08 sat None dead 0.03 frozen 0.03 nbin 300 fat 0.384 | 32.5s
ex16|tri0.3|0|0.0|sub|10|1.0|50: static 0.000 sstatic 0.465 c1 -0.095 c50 0.003 fac1 -0.096 fac50 0.004 lock 0.00 move 1.48 period None osc -0.096@1 pr 20.7 sens10 3.87 sens50 4.14 sat None dead 0.04 frozen 0.04 nbin 300 fat 0.690 | 32.3s
ex16|tri0.3|0|0.0|sub|30|0.5|50: static 0.259 sstatic 0.577 c1 0.231 c50 0.246 fac1 -0.034 fac50 -0.006 lock 0.00 move 1.24 period None osc -0.034@1 pr 19.9 sens10 3.86 sens50 4.07 sat None dead 0.03 frozen 0.04 nbin 300 fat 0.379 | 32.5s
ex16|tri0.3|0|0.0|sub|3|0.5|50: static 0.344 sstatic 0.618 c1 0.182 c50 0.340 fac1 -0.250 fac50 0.001 lock 0.00 move 1.28 period None osc -0.250@1 pr 20.2 sens10 3.81 sens50 4.06 sat None dead 0.04 frozen 0.04 nbin 300 fat 0.407 | 59.7s
ex16|tri0.3|0|0.0|sub|30|1.0|50: static 0.000 sstatic 0.465 c1 -0.038 c50 -0.001 fac1 -0.039 fac50 -0.001 lock 0.00 move 1.44 period None osc -0.039@1 pr 20.2 sens10 3.87 sens50 4.14 sat None dead 0.03 frozen 0.04 nbin 300 fat 0.692 | 32.5s
ex16|tri0.3|0|0.0|sub|100|0.5|50: static 0.254 sstatic 0.575 c1 0.253 c50 0.255 fac1 -0.000 fac50 0.003 lock 0.04 move 1.22 period None osc -0.017@15 pr 20.0 sens10 3.87 sens50 4.08 sat None dead 0.00 frozen 0.04 nbin 300 fat 0.375 | 32.3s
ex16|tri0.3|0|0.0|sub|100|0.5|51: static 0.252 sstatic 0.574 c1 0.247 c50 0.246 fac1 -0.007 fac50 -0.004 lock 0.03 move 1.23 period None osc -0.014@28 pr 19.9 sens10 3.85 sens50 4.08 sat None dead 0.00 frozen 0.03 nbin 300 fat 0.381 | 32.4s
ex16|tri0.3|0|0.0|sub|3|1.0|50: static 0.000 sstatic 0.465 c1 -0.323 c50 -0.003 fac1 -0.327 fac50 -0.003 lock 0.00 move 1.63 period None osc -0.327@1 pr 20.4 sens10 3.81 sens50 4.16 sat None dead 0.04 frozen 0.04 nbin 300 fat 0.723 | 58.9s
ex16|tri0.3|0|0.0|sub|100|1.0|50: static 0.001 sstatic 0.466 c1 -0.009 c50 -0.007 fac1 -0.009 fac50 -0.006 lock 0.03 move 1.42 period None osc -0.016@21 pr 20.2 sens10 3.93 sens50 4.15 sat None dead 0.00 frozen 0.04 nbin 300 fat 0.687 | 32.3s
ex16|tri0.3|0|0.0|sub|3|1.0|51: static 0.000 sstatic 0.465 c1 -0.330 c50 -0.004 fac1 -0.334 fac50 -0.003 lock 0.00 move 1.63 period None osc -0.334@1 pr 20.1 sens10 3.80 sens50 4.15 sat None dead 0.03 frozen 0.03 nbin 300 fat 0.717 | 58.9s
ex16|tri0.3|0|0.0|sub|30|1.0|51: static 0.000 sstatic 0.465 c1 -0.018 c50 0.000 fac1 -0.020 fac50 0.000 lock 0.00 move 1.43 period None osc -0.039@3 pr 20.1 sens10 3.95 sens50 4.16 sat None dead 0.03 frozen 0.03 nbin 300 fat 0.673 | 48.7s
ex16|tri0.3|0|0.0|sub|100|1.0|51: static 0.000 sstatic 0.465 c1 -0.009 c50 -0.000 fac1 -0.008 fac50 -0.000 lock 0.03 move 1.42 period None osc -0.018@11 pr 20.1 sens10 3.91 sens50 4.15 sat None dead 0.00 frozen 0.03 nbin 300 fat 0.695 | 32.7s
ex16|tri0.3|0|0.0|sub|10|1.0|51: static 0.000 sstatic 0.465 c1 -0.108 c50 0.001 fac1 -0.110 fac50 0.001 lock 0.00 move 1.49 period None osc -0.110@1 pr 20.6 sens10 3.84 sens50 4.15 sat None dead 0.03 frozen 0.03 nbin 300 fat 0.687 | 58.6s
ex16|tri0.3|0|0.0|sub|30|0.5|51: static 0.256 sstatic 0.577 c1 0.231 c50 0.258 fac1 -0.032 fac50 0.003 lock 0.00 move 1.24 period None osc -0.032@1 pr 19.8 sens10 3.87 sens50 4.08 sat None dead 0.03 frozen 0.03 nbin 300 fat 0.386 | 58.7s
ex16|tri0.3|0|0.0|sub|300|1.0|50: static 0.015 sstatic 0.472 c1 0.009 c50 0.012 fac1 -0.005 fac50 -0.002 lock 0.04 move 1.41 period None osc -0.011@3 pr 20.2 sens10 3.89 sens50 4.15 sat None dead 0.00 frozen 0.04 nbin 300 fat 0.655 | 32.9s
ex16|tri0.3|0|0.0|sub|300|1.0|51: static 0.014 sstatic 0.472 c1 0.012 c50 0.019 fac1 -0.003 fac50 0.004 lock 0.03 move 1.41 period None osc -0.013@21 pr 20.1 sens10 3.93 sens50 4.15 sat None dead 0.00 frozen 0.03 nbin 300 fat 0.664 | 33.0s
ex16|tri0.3|0|0.0|div|3|0.5|50: static 0.776 sstatic 0.858 c1 0.755 c50 0.775 fac1 -0.099 fac50 -0.006 lock 0.00 move 0.708 period None osc -0.099@1 pr 15.2 sens10 3.60 sens50 3.82 sat None dead 0.04 frozen 0.29 nbin 300 fat 0.980 | 32.7s
ex16|tri0.3|0|0.0|div|3|2.0|50: static 0.684 sstatic 0.825 c1 0.654 c50 0.684 fac1 -0.098 fac50 -0.001 lock 0.00 move 0.841 period None osc -0.098@1 pr 14.8 sens10 3.74 sens50 3.89 sat None dead 0.04 frozen 0.37 nbin 300 fat 2.940 | 32.8s
ex16|tri0.3|0|0.0|div|3|2.0|51: static 0.683 sstatic 0.822 c1 0.649 c50 0.678 fac1 -0.101 fac50 -0.002 lock 0.00 move 0.839 period None osc -0.101@1 pr 14.4 sens10 3.76 sens50 3.91 sat None dead 0.03 frozen 0.38 nbin 300 fat 2.932 | 32.7s
ex16|tri0.3|0|0.0|div|10|2.0|50: static 0.631 sstatic 0.811 c1 0.623 c50 0.638 fac1 -0.037 fac50 0.005 lock 0.00 move 0.878 period None osc -0.045@2 pr 15.1 sens10 3.71 sens50 3.92 sat None dead 0.04 frozen 0.34 nbin 300 fat 2.960 | 32.5s
ex16|tri0.3|0|0.0|div|30|0.5|50: static 0.730 sstatic 0.843 c1 0.729 c50 0.735 fac1 -0.016 fac50 0.002 lock 0.00 move 0.748 period None osc -0.022@9 pr 15.7 sens10 3.65 sens50 3.87 sat None dead 0.04 frozen 0.26 nbin 300 fat 0.986 | 32.8s
ex16|tri0.3|0|0.0|sub|300|0.5|50: static 0.278 sstatic 0.585 c1 0.272 c50 0.268 fac1 -0.001 fac50 -0.003 lock 0.04 move 1.21 period None osc -0.013@33 pr 20.0 sens10 3.84 sens50 4.10 sat None dead 0.00 frozen 0.04 nbin 300 fat 0.380 | 60.5s
ex16|tri0.3|0|0.0|div|30|0.5|51: static 0.733 sstatic 0.847 c1 0.731 c50 0.737 fac1 -0.008 fac50 0.003 lock 0.00 move 0.743 period None osc -0.029@2 pr 15.4 sens10 3.70 sens50 3.85 sat None dead 0.03 frozen 0.27 nbin 300 fat 0.977 | 32.7s
ex16|tri0.3|0|0.0|sub|300|0.5|51: static 0.272 sstatic 0.583 c1 0.271 c50 0.269 fac1 0.000 fac50 -0.005 lock 0.03 move 1.21 period None osc -0.014@38 pr 19.9 sens10 3.88 sens50 4.09 sat None dead 0.00 frozen 0.03 nbin 300 fat 0.378 | 61.1s
ex16|tri0.3|0|0.0|div|3|0.5|51: static 0.776 sstatic 0.857 c1 0.755 c50 0.773 fac1 -0.094 fac50 -0.004 lock 0.00 move 0.706 period None osc -0.094@1 pr 14.9 sens10 3.68 sens50 3.83 sat None dead 0.03 frozen 0.29 nbin 300 fat 0.974 | 61.6s
ex16|tri0.3|0|0.0|div|100|0.5|50: static 0.724 sstatic 0.844 c1 0.724 c50 0.728 fac1 -0.010 fac50 -0.003 lock 0.00 move 0.749 period None osc -0.014@21 pr 15.8 sens10 3.63 sens50 3.86 sat None dead 0.04 frozen 0.26 nbin 300 fat 0.987 | 33.5s
ex16|tri0.3|0|0.0|div|100|0.5|51: static 0.727 sstatic 0.844 c1 0.727 c50 0.732 fac1 -0.008 fac50 0.008 lock 0.00 move 0.748 period None osc -0.023@2 pr 15.5 sens10 3.67 sens50 3.88 sat None dead 0.03 frozen 0.27 nbin 300 fat 0.978 | 33.5s
ex16|tri0.3|0|0.0|div|10|0.5|50: static 0.741 sstatic 0.848 c1 0.734 c50 0.745 fac1 -0.042 fac50 0.005 lock 0.00 move 0.742 period None osc -0.042@1 pr 15.7 sens10 3.66 sens50 3.86 sat None dead 0.04 frozen 0.27 nbin 300 fat 0.984 | 62.2s
ex16|tri0.3|0|0.0|div|100|2.0|50: static 0.614 sstatic 0.805 c1 0.617 c50 0.614 fac1 -0.005 fac50 -0.012 lock 0.00 move 0.888 period None osc -0.016@20 pr 15.1 sens10 3.72 sens50 3.92 sat None dead 0.04 frozen 0.32 nbin 300 fat 2.967 | 33.6s
ex16|tri0.3|0|0.0|div|100|2.0|51: static 0.619 sstatic 0.809 c1 0.616 c50 0.616 fac1 -0.004 fac50 -0.003 lock 0.00 move 0.878 period None osc -0.023@2 pr 14.8 sens10 3.79 sens50 3.95 sat None dead 0.03 frozen 0.34 nbin 300 fat 2.943 | 33.7s
ex16|tri0.3|0|0.0|div|300|0.5|50: static 0.729 sstatic 0.844 c1 0.732 c50 0.730 fac1 -0.004 fac50 -0.007 lock 0.00 move 0.744 period None osc -0.014@6 pr 15.8 sens10 3.67 sens50 3.85 sat None dead 0.04 frozen 0.26 nbin 300 fat 0.971 | 33.6s
ex16|tri0.3|0|0.0|div|10|0.5|51: static 0.742 sstatic 0.848 c1 0.735 c50 0.742 fac1 -0.032 fac50 0.000 lock 0.00 move 0.738 period None osc -0.042@2 pr 15.4 sens10 3.66 sens50 3.87 sat None dead 0.03 frozen 0.28 nbin 300 fat 0.975 | 62.2s
ex16|tri0.3|0|0.0|div|10|2.0|51: static 0.638 sstatic 0.813 c1 0.625 c50 0.638 fac1 -0.037 fac50 -0.005 lock 0.00 move 0.873 period None osc -0.037@2 pr 14.7 sens10 3.76 sens50 3.94 sat None dead 0.03 frozen 0.35 nbin 300 fat 2.930 | 61.1s
ex16|tri0.3|0|0.0|div|300|0.5|51: static 0.729 sstatic 0.845 c1 0.731 c50 0.731 fac1 0.007 fac50 0.004 lock 0.00 move 0.743 period None osc -0.016@2 pr 15.4 sens10 3.70 sens50 3.88 sat None dead 0.03 frozen 0.27 nbin 300 fat 0.963 | 33.2s
ex16|tri0.3|0|0.0|div|300|2.0|50: static 0.615 sstatic 0.806 c1 0.617 c50 0.618 fac1 -0.006 fac50 -0.001 lock 0.00 move 0.888 period None osc -0.009@23 pr 15.2 sens10 3.70 sens50 3.94 sat None dead 0.04 frozen 0.32 nbin 300 fat 2.936 | 33.0s
ex16|tri0.3|0|0.0|div|30|2.0|50: static 0.620 sstatic 0.808 c1 0.617 c50 0.621 fac1 -0.020 fac50 -0.005 lock 0.00 move 0.885 period None osc -0.024@10 pr 15.1 sens10 3.69 sens50 3.92 sat None dead 0.04 frozen 0.33 nbin 300 fat 2.970 | 60.7s
ex16|tri0.3|0|0.0|div|30|2.0|51: static 0.623 sstatic 0.809 c1 0.625 c50 0.626 fac1 0.001 fac50 0.005 lock 0.00 move 0.873 period None osc -0.027@2 pr 14.8 sens10 3.75 sens50 3.93 sat None dead 0.03 frozen 0.35 nbin 300 fat 2.940 | 61.0s
ex16|tri0.3|0|0.0|dep|3|0.1|50: static 0.874 sstatic 0.895 c1 0.866 c50 0.875 fac1 -0.077 fac50 -0.012 lock 0.00 move 0.513 period None osc -0.077@1 pr 17.1 sens10 3.50 sens50 3.68 sat None dead 0.04 frozen 0.33 nbin 300 fat 0.892 | 36.2s
ex16|tri0.3|0|0.0|dep|3|0.5|51: static 0.807 sstatic 0.850 c1 0.778 c50 0.805 fac1 -0.141 fac50 -0.002 lock 0.00 move 0.663 period None osc -0.141@1 pr 18.1 sens10 3.73 sens50 3.78 sat None dead 0.03 frozen 0.27 nbin 300 fat 0.698 | 35.9s
ex16|tri0.3|0|0.0|dep|10|0.1|50: static 0.736 sstatic 0.809 c1 0.716 c50 0.734 fac1 -0.079 fac50 -0.002 lock 0.00 move 0.755 period None osc -0.079@1 pr 19.1 sens10 3.74 sens50 3.86 sat None dead 0.04 frozen 0.15 nbin 300 fat 0.746 | 35.8s
ex16|tri0.3|0|0.0|dep|10|0.5|50: static 0.570 sstatic 0.721 c1 0.512 c50 0.565 fac1 -0.130 fac50 -0.003 lock 0.00 move 0.991 period None osc -0.130@1 pr 20.1 sens10 3.86 sens50 3.93 sat None dead 0.04 frozen 0.17 nbin 300 fat 0.477 | 35.8s
ex16|tri0.3|0|0.0|dep|10|0.5|51: static 0.572 sstatic 0.726 c1 0.520 c50 0.582 fac1 -0.131 fac50 -0.001 lock 0.00 move 0.98 period None osc -0.131@1 pr 19.9 sens10 3.89 sens50 3.96 sat None dead 0.03 frozen 0.21 nbin 300 fat 0.477 | 35.9s
ex16|tri0.3|0|0.0|dep|30|0.1|50: static 0.564 sstatic 0.721 c1 0.544 c50 0.558 fac1 -0.044 fac50 -0.002 lock 0.00 move 0.956 period None osc -0.044@1 pr 20.2 sens10 3.84 sens50 3.96 sat None dead 0.04 frozen 0.09 nbin 300 fat 0.550 | 35.8s
ex16|tri0.3|0|0.0|dep|30|0.5|51: static 0.452 sstatic 0.667 c1 0.410 c50 0.455 fac1 -0.087 fac50 -0.001 lock 0.00 move 1.09 period None osc -0.087@1 pr 19.8 sens10 3.91 sens50 4.00 sat None dead 0.03 frozen 0.49 nbin 300 fat 0.295 | 35.8s
ex16|tri0.3|0|0.0|div|300|2.0|51: static 0.620 sstatic 0.807 c1 0.616 c50 0.611 fac1 -0.003 fac50 -0.010 lock 0.00 move 0.883 period None osc -0.015@5 pr 14.7 sens10 3.76 sens50 3.97 sat None dead 0.03 frozen 0.34 nbin 300 fat 2.913 | 59.8s
ex16|tri0.3|0|0.0|dep|100|0.1|50: static 0.440 sstatic 0.661 c1 0.428 c50 0.439 fac1 -0.022 fac50 -0.003 lock 0.00 move 1.06 period None osc -0.024@3 pr 20.0 sens10 3.88 sens50 3.97 sat None dead 0.04 frozen 0.19 nbin 300 fat 0.341 | 35.6s
ex16|tri0.3|0|0.0|dep|3|0.1|51: static 0.877 sstatic 0.896 c1 0.867 c50 0.878 fac1 -0.088 fac50 -0.004 lock 0.00 move 0.512 period None osc -0.088@1 pr 16.7 sens10 3.53 sens50 3.67 sat None dead 0.03 frozen 0.34 nbin 300 fat 0.892 | 66.2s
ex16|tri0.3|0|0.0|dep|100|0.5|51: static 0.378 sstatic 0.636 c1 0.358 c50 0.391 fac1 -0.051 fac50 0.002 lock 0.00 move 1.13 period None osc -0.051@1 pr 18.7 sens10 3.88 sens50 3.95 sat None dead 0.03 frozen 0.98 nbin 300 fat 0.163 | 35.9s
ex16|tri0.3|0|0.0|dep|3|0.5|50: static 0.797 sstatic 0.844 c1 0.767 c50 0.799 fac1 -0.142 fac50 0.008 lock 0.00 move 0.679 period None osc -0.142@1 pr 18.5 sens10 3.71 sens50 3.78 sat None dead 0.04 frozen 0.24 nbin 300 fat 0.699 | 67.4s
ex16|tri0.3|0|0.0|dep|10|0.1|51: static 0.739 sstatic 0.812 c1 0.723 c50 0.742 fac1 -0.068 fac50 -0.004 lock 0.00 move 0.743 period None osc -0.068@1 pr 18.8 sens10 3.73 sens50 3.86 sat None dead 0.03 frozen 0.16 nbin 300 fat 0.746 | 66.5s
ex16|tri0.3|0|0.5|none|0|0.0|50: static 0.963 sstatic 0.959 c1 0.998 c50 0.963 fac1 0.954 fac50 -0.040 lock 0.00 move 0.0575 period None osc -0.050@44 pr 9.2 sens10 2.82 sens50 3.45 sat None dead 0.04 frozen 0.64 nbin 300 fat None | 30.7s
ex16|tri0.3|0|0.0|dep|300|0.1|50: static 0.384 sstatic 0.635 c1 0.382 c50 0.388 fac1 -0.013 fac50 -0.003 lock 0.00 move 1.1 period None osc -0.014@9 pr 19.0 sens10 3.78 sens50 3.91 sat None dead 0.04 frozen 0.73 nbin 300 fat 0.204 | 36.8s
ex16|tri0.3|0|0.0|dep|300|0.1|51: static 0.387 sstatic 0.640 c1 0.381 c50 0.392 fac1 -0.019 fac50 -0.003 lock 0.00 move 1.11 period None osc -0.019@1 pr 18.8 sens10 3.91 sens50 4.01 sat None dead 0.03 frozen 0.76 nbin 300 fat 0.203 | 36.8s
ex16|tri0.3|0|0.0|dep|30|0.5|50: static 0.445 sstatic 0.664 c1 0.404 c50 0.451 fac1 -0.082 fac50 -0.000 lock 0.00 move 1.09 period None osc -0.082@1 pr 19.9 sens10 3.87 sens50 3.95 sat None dead 0.04 frozen 0.45 nbin 300 fat 0.294 | 66.4s
ex16|tri0.3|0|0.0|dep|300|0.5|50: static 0.342 sstatic 0.620 c1 0.330 c50 0.358 fac1 -0.038 fac50 -0.004 lock 0.00 move 1.1 period None osc -0.038@1 pr 17.5 sens10 3.30 sens50 3.43 sat None dead 0.04 frozen 0.96 nbin 300 fat 0.099 | 36.8s
ex16|tri0.3|0|0.0|dep|300|0.5|51: static 0.338 sstatic 0.621 c1 0.337 c50 0.367 fac1 -0.037 fac50 -0.001 lock 0.00 move 1.11 period None osc -0.037@1 pr 17.2 sens10 3.63 sens50 3.70 sat None dead 0.03 frozen 0.99 nbin 299 fat 0.096 | 36.9s
ex16|tri0.3|0|0.0|dep|30|0.1|51: static 0.570 sstatic 0.721 c1 0.560 c50 0.576 fac1 -0.042 fac50 -0.000 lock 0.00 move 0.944 period None osc -0.042@1 pr 19.8 sens10 3.83 sens50 3.96 sat None dead 0.03 frozen 0.10 nbin 300 fat 0.551 | 69.2s
ex16|tri0.3|0|0.5|none|0|0.0|51: static 0.953 sstatic 0.951 c1 0.998 c50 0.952 fac1 0.961 fac50 -0.033 lock 0.00 move 0.0577 period None osc -0.052@42 pr 8.7 sens10 2.71 sens50 3.45 sat None dead 0.03 frozen 0.62 nbin 300 fat None | 30.7s
ex16|tri0.3|0|0.0|dep|100|0.1|51: static 0.448 sstatic 0.666 c1 0.446 c50 0.446 fac1 -0.021 fac50 -0.004 lock 0.00 move 1.06 period None osc -0.027@3 pr 19.8 sens10 3.95 sens50 4.02 sat None dead 0.03 frozen 0.22 nbin 300 fat 0.342 | 65.6s
ex16|tri0.3|0|0.5|sub|3|0.5|51: static 0.805 sstatic 0.850 c1 0.962 c50 0.799 fac1 0.805 fac50 -0.024 lock 0.00 move 0.271 period None osc -0.347@6 pr 14.3 sens10 3.22 sens50 3.76 sat None dead 0.03 frozen 0.23 nbin 300 fat 0.490 | 33.6s
ex16|tri0.3|0|0.0|dep|100|0.5|50: static 0.380 sstatic 0.635 c1 0.356 c50 0.385 fac1 -0.052 fac50 -0.002 lock 0.00 move 1.11 period None osc -0.052@1 pr 18.9 sens10 3.64 sens50 3.79 sat None dead 0.04 frozen 0.95 nbin 300 fat 0.165 | 65.7s
ex16|tri0.3|0|0.5|sub|3|1.0|51: static 0.000 sstatic 0.466 c1 0.723 c50 0.035 fac1 0.728 fac50 0.031 lock 0.00 move 0.735 period None osc -0.602@5 pr 14.7 sens10 3.39 sens50 4.04 sat None dead 0.03 frozen 0.03 nbin 300 fat 0.876 | 33.4s
ex16|tri0.3|0|0.5|sub|10|1.0|50: static 0.000 sstatic 0.466 c1 0.895 c50 0.020 fac1 0.896 fac50 0.018 lock 0.00 move 0.447 period None osc -0.449@9 pr 13.5 sens10 3.24 sens50 3.99 sat None dead 0.04 frozen 0.04 nbin 300 fat 0.769 | 34.3s
ex16|tri0.3|0|0.5|sub|10|1.0|51: static 0.000 sstatic 0.466 c1 0.897 c50 0.000 fac1 0.898 fac50 0.002 lock 0.00 move 0.445 period None osc -0.445@10 pr 13.4 sens10 3.19 sens50 4.00 sat None dead 0.03 frozen 0.03 nbin 300 fat 0.795 | 34.0s
ex16|tri0.3|0|0.5|sub|30|0.5|50: static 0.351 sstatic 0.617 c1 0.960 c50 0.352 fac1 0.938 fac50 0.005 lock 0.00 move 0.278 period None osc -0.196@15 pr 13.2 sens10 3.33 sens50 4.01 sat None dead 0.03 frozen 0.04 nbin 300 fat 0.408 | 34.6s
ex16|tri0.3|0|0.5|sub|3|0.5|50: static 0.809 sstatic 0.856 c1 0.963 c50 0.815 fac1 0.802 fac50 0.011 lock 0.00 move 0.271 period None osc -0.338@6 pr 14.5 sens10 3.26 sens50 3.75 sat None dead 0.04 frozen 0.23 nbin 300 fat 0.489 | 62.7s
ex16|tri0.3|0|0.5|sub|30|1.0|50: static 0.001 sstatic 0.467 c1 0.937 c50 0.031 fac1 0.937 fac50 0.026 lock 0.00 move 0.346 period None osc -0.271@14 pr 12.9 sens10 3.25 sens50 4.02 sat None dead 0.03 frozen 0.04 nbin 300 fat 0.732 | 35.3s
ex16|tri0.3|0|0.5|sub|30|1.0|51: static 0.001 sstatic 0.466 c1 0.938 c50 0.007 fac1 0.937 fac50 0.009 lock 0.00 move 0.345 period None osc -0.274@15 pr 12.5 sens10 3.22 sens50 4.01 sat None dead 0.03 frozen 0.03 nbin 300 fat 0.729 | 36.9s
ex16|tri0.3|0|0.5|sub|100|0.5|51: static 0.311 sstatic 0.604 c1 0.967 c50 0.277 fac1 0.951 fac50 -0.048 lock 0.02 move 0.251 period None osc -0.113@20 pr 12.7 sens10 3.17 sens50 3.98 sat None dead 0.00 frozen 0.03 nbin 300 fat 0.401 | 38.1s
ex16|tri0.3|0|0.5|sub|3|1.0|50: static 0.000 sstatic 0.466 c1 0.726 c50 0.040 fac1 0.731 fac50 0.035 lock 0.00 move 0.734 period None osc -0.587@5 pr 14.7 sens10 3.39 sens50 4.01 sat None dead 0.04 frozen 0.04 nbin 300 fat 0.876 | 57.7s
ex16|tri0.3|0|0.5|sub|10|0.5|50: static 0.445 sstatic 0.661 c1 0.945 c50 0.424 fac1 0.903 fac50 -0.025 lock 0.00 move 0.324 period None osc -0.339@10 pr 13.9 sens10 3.29 sens50 3.94 sat None dead 0.04 frozen 0.04 nbin 300 fat 0.432 | 56.0s
ex16|tri0.3|0|0.5|sub|10|0.5|51: static 0.435 sstatic 0.660 c1 0.946 c50 0.435 fac1 0.904 fac50 0.001 lock 0.00 move 0.322 period None osc -0.347@10 pr 14.0 sens10 3.28 sens50 3.93 sat None dead 0.03 frozen 0.04 nbin 300 fat 0.441 | 55.5s
ex16|tri0.3|0|0.5|sub|100|1.0|51: static 0.005 sstatic 0.468 c1 0.956 c50 -0.104 fac1 0.955 fac50 -0.089 lock 0.01 move 0.293 period None osc -0.139@39 pr 11.7 sens10 3.19 sens50 4.02 sat None dead 0.00 frozen 0.03 nbin 300 fat 0.717 | 38.0s
ex16|tri0.3|0|0.5|sub|300|0.5|51: static 0.331 sstatic 0.611 c1 0.971 c50 0.344 fac1 0.953 fac50 -0.000 lock 0.03 move 0.239 period None osc -0.072@30 pr 12.2 sens10 3.02 sens50 4.01 sat None dead 0.00 frozen 0.03 nbin 300 fat 0.406 | 36.7s
ex16|tri0.3|0|0.5|sub|30|0.5|51: static 0.335 sstatic 0.616 c1 0.961 c50 0.344 fac1 0.939 fac50 0.008 lock 0.00 move 0.275 period None osc -0.219@17 pr 12.9 sens10 3.23 sens50 3.99 sat None dead 0.03 frozen 0.03 nbin 300 fat 0.412 | 61.3s
ex16|tri0.3|0|0.5|sub|100|0.5|50: static 0.319 sstatic 0.606 c1 0.967 c50 0.245 fac1 0.951 fac50 -0.093 lock 0.04 move 0.251 period None osc -0.115@33 pr 12.4 sens10 3.28 sens50 3.99 sat None dead 0.00 frozen 0.04 nbin 300 fat 0.390 | 61.3s
ex16|tri0.3|0|0.5|sub|300|0.5|50: static 0.341 sstatic 0.616 c1 0.970 c50 0.286 fac1 0.954 fac50 -0.071 lock 0.04 move 0.239 period None osc -0.080@41 pr 12.2 sens10 3.15 sens50 4.05 sat None dead 0.00 frozen 0.04 nbin 300 fat 0.390 | 57.1s
ex16|tri0.3|0|0.5|sub|100|1.0|50: static 0.004 sstatic 0.468 c1 0.953 c50 -0.029 fac1 0.952 fac50 -0.026 lock 0.03 move 0.3 period None osc -0.136@20 pr 12.5 sens10 3.16 sens50 4.02 sat None dead 0.00 frozen 0.04 nbin 300 fat 0.704 | 60.5s
ex16|tri0.3|0|0.5|sub|300|1.0|51: static 0.037 sstatic 0.482 c1 0.960 c50 -0.019 fac1 0.957 fac50 -0.044 lock 0.03 move 0.276 period None osc -0.083@25 pr 12.2 sens10 3.22 sens50 4.10 sat None dead 0.00 frozen 0.03 nbin 300 fat 0.682 | 56.5s
ex16|tri0.3|0|0.5|sub|300|1.0|50: static 0.035 sstatic 0.482 c1 0.957 c50 -0.017 fac1 0.954 fac50 -0.048 lock 0.04 move 0.285 period None osc -0.087@33 pr 12.4 sens10 3.14 sens50 4.07 sat None dead 0.00 frozen 0.04 nbin 300 fat 0.682 | 60.8s
ex16|tri0.3|0|0.5|div|3|0.5|51: static 0.860 sstatic 0.900 c1 0.985 c50 0.853 fac1 0.893 fac50 -0.022 lock 0.00 move 0.174 period None osc -0.043@16 pr 9.5 sens10 3.13 sens50 3.71 sat None dead 0.03 frozen 0.46 nbin 300 fat 2.093 | 56.4s
ex16|tri0.3|0|0.5|div|10|0.5|50: static 0.804 sstatic 0.882 c1 0.984 c50 0.803 fac1 0.916 fac50 -0.007 lock 0.00 move 0.185 period None osc -0.145@11 pr 10.4 sens10 3.22 sens50 3.79 sat None dead 0.04 frozen 0.42 nbin 300 fat 2.133 | 50.7s
ex16|tri0.3|0|0.5|div|3|0.5|50: static 0.865 sstatic 0.903 c1 0.985 c50 0.861 fac1 0.892 fac50 -0.017 lock 0.00 move 0.176 period None osc -0.059@35 pr 9.6 sens10 3.27 sens50 3.68 sat None dead 0.04 frozen 0.47 nbin 300 fat 2.137 | 60.3s
ex16|tri0.3|0|0.5|div|3|2.0|51: static 0.791 sstatic 0.879 c1 0.970 c50 0.787 fac1 0.853 fac50 -0.007 lock 0.00 move 0.247 period None osc -0.062@10 pr 9.8 sens10 3.36 sens50 3.84 sat None dead 0.03 frozen 0.40 nbin 300 fat 5.985 | 59.2s
ex16|tri0.3|0|0.5|div|3|2.0|50: static 0.794 sstatic 0.881 c1 0.970 c50 0.790 fac1 0.850 fac50 -0.014 lock 0.00 move 0.256 period None osc -0.044@9 pr 9.9 sens10 3.40 sens50 3.79 sat None dead 0.04 frozen 0.37 nbin 300 fat 6.089 | 62.3s
ex16|tri0.3|0|0.5|div|10|2.0|50: static 0.712 sstatic 0.854 c1 0.973 c50 0.706 fac1 0.907 fac50 -0.017 lock 0.00 move 0.239 period None osc -0.161@12 pr 10.4 sens10 3.34 sens50 3.86 sat None dead 0.04 frozen 0.36 nbin 300 fat 6.089 | 56.0s
ex16|tri0.3|0|0.5|div|10|0.5|51: static 0.797 sstatic 0.882 c1 0.984 c50 0.800 fac1 0.917 fac50 0.006 lock 0.00 move 0.183 period None osc -0.111@11 pr 10.4 sens10 3.08 sens50 3.79 sat None dead 0.03 frozen 0.41 nbin 300 fat 2.132 | 62.0s
ex16|tri0.3|0|0.5|div|30|0.5|50: static 0.753 sstatic 0.867 c1 0.986 c50 0.746 fac1 0.941 fac50 -0.017 lock 0.00 move 0.172 period None osc -0.106@26 pr 10.1 sens10 3.24 sens50 3.78 sat None dead 0.04 frozen 0.38 nbin 300 fat 2.151 | 54.8s
ex16|tri0.3|0|0.5|div|10|2.0|51: static 0.711 sstatic 0.853 c1 0.974 c50 0.718 fac1 0.907 fac50 0.024 lock 0.00 move 0.232 period None osc -0.147@11 pr 10.3 sens10 3.20 sens50 3.86 sat None dead 0.03 frozen 0.37 nbin 300 fat 6.045 | 61.7s
ex16|tri0.3|0|0.5|div|30|0.5|51: static 0.751 sstatic 0.865 c1 0.986 c50 0.733 fac1 0.939 fac50 -0.064 lock 0.00 move 0.171 period None osc -0.070@32 pr 10.1 sens10 3.06 sens50 3.85 sat None dead 0.03 frozen 0.38 nbin 300 fat 2.129 | 55.8s
ex16|tri0.3|0|0.5|div|30|2.0|50: static 0.667 sstatic 0.840 c1 0.979 c50 0.652 fac1 0.936 fac50 -0.037 lock 0.00 move 0.213 period None osc -0.123@16 pr 10.0 sens10 3.37 sens50 3.89 sat None dead 0.04 frozen 0.36 nbin 300 fat 6.121 | 53.8s
ex16|tri0.3|0|0.5|div|30|2.0|51: static 0.666 sstatic 0.841 c1 0.979 c50 0.656 fac1 0.936 fac50 -0.026 lock 0.00 move 0.204 period None osc -0.107@23 pr 10.2 sens10 3.18 sens50 3.85 sat None dead 0.03 frozen 0.37 nbin 300 fat 6.071 | 54.2s
ex16|tri0.3|0|0.5|div|100|0.5|51: static 0.732 sstatic 0.859 c1 0.987 c50 0.705 fac1 0.950 fac50 -0.080 lock 0.00 move 0.161 period None osc -0.080@50 pr 10.0 sens10 3.01 sens50 3.87 sat None dead 0.03 frozen 0.37 nbin 300 fat 2.129 | 54.6s
ex16|tri0.3|0|0.5|div|100|2.0|50: static 0.645 sstatic 0.832 c1 0.982 c50 0.643 fac1 0.949 fac50 -0.008 lock 0.00 move 0.194 period None osc -0.082@31 pr 9.9 sens10 3.34 sens50 3.90 sat None dead 0.04 frozen 0.36 nbin 300 fat 6.123 | 45.5s
ex16|tri0.3|0|0.5|div|100|0.5|50: static 0.737 sstatic 0.862 c1 0.987 c50 0.717 fac1 0.947 fac50 -0.063 lock 0.00 move 0.166 period None osc -0.093@32 pr 9.8 sens10 3.20 sens50 3.80 sat None dead 0.04 frozen 0.37 nbin 300 fat 2.150 | 62.2s
ex16|tri0.3|0|0.5|div|300|2.0|51: static 0.635 sstatic 0.828 c1 0.983 c50 0.618 fac1 0.952 fac50 -0.054 lock 0.00 move 0.183 period None osc -0.105@29 pr 9.6 sens10 3.07 sens50 3.88 sat None dead 0.03 frozen 0.37 nbin 300 fat 6.034 | 39.8s
ex16|tri0.3|0|0.5|div|300|0.5|50: static 0.729 sstatic 0.861 c1 0.987 c50 0.727 fac1 0.952 fac50 -0.026 lock 0.00 move 0.161 period None osc -0.059@33 pr 9.6 sens10 3.15 sens50 3.85 sat None dead 0.04 frozen 0.37 nbin 300 fat 2.125 | 54.3s
ex16|tri0.3|0|0.5|div|300|0.5|51: static 0.719 sstatic 0.854 c1 0.987 c50 0.710 fac1 0.952 fac50 -0.019 lock 0.00 move 0.161 period None osc -0.038@25 pr 9.7 sens10 3.03 sens50 3.78 sat None dead 0.03 frozen 0.37 nbin 300 fat 2.104 | 55.6s
ex16|tri0.3|0|0.5|dep|10|0.1|50: static 0.922 sstatic 0.927 c1 0.992 c50 0.922 fac1 0.893 fac50 -0.011 lock 0.00 move 0.131 period None osc -0.182@10 pr 12.4 sens10 3.13 sens50 3.58 sat None dead 0.04 frozen 0.47 nbin 300 fat 0.753 | 43.1s
ex16|tri0.3|0|0.5|div|100|2.0|51: static 0.642 sstatic 0.830 c1 0.982 c50 0.627 fac1 0.947 fac50 -0.048 lock 0.00 move 0.191 period None osc -0.094@29 pr 9.8 sens10 3.05 sens50 3.86 sat None dead 0.03 frozen 0.37 nbin 300 fat 6.079 | 58.6s
ex16|tri0.3|0|0.5|dep|3|0.1|51: static 0.958 sstatic 0.955 c1 0.998 c50 0.957 fac1 0.943 fac50 -0.063 lock 0.00 move 0.067 period None osc -0.068@45 pr 9.7 sens10 2.82 sens50 3.41 sat None dead 0.03 frozen 0.63 nbin 300 fat 0.889 | 51.6s
ex16|tri0.3|0|0.5|dep|3|0.1|50: static 0.965 sstatic 0.960 c1 0.998 c50 0.963 fac1 0.935 fac50 -0.056 lock 0.00 move 0.0692 period None osc -0.074@45 pr 9.9 sens10 2.96 sens50 3.41 sat None dead 0.04 frozen 0.64 nbin 300 fat 0.891 | 56.4s
ex16|tri0.3|0|0.5|dep|300|0.1|50: static 0.455 sstatic 0.673 c1 0.936 c50 0.454 fac1 0.886 fac50 -0.025 lock 0.00 move 0.431 period None osc -0.090@13 pr 15.0 sens10 3.69 sens50 3.93 sat None dead 0.04 frozen 0.36 nbin 300 fat 0.208 | 37.7s
ex16|tri0.3|0|0.5|div|300|2.0|50: static 0.639 sstatic 0.829 c1 0.983 c50 0.618 fac1 0.951 fac50 -0.054 lock 0.00 move 0.19 period None osc -0.062@43 pr 9.4 sens10 3.37 sens50 3.91 sat None dead 0.04 frozen 0.35 nbin 300 fat 6.081 | 63.1s
ex16|tri0.3|0|0.5|dep|100|0.1|51: static 0.535 sstatic 0.708 c1 0.950 c50 0.540 fac1 0.890 fac50 -0.004 lock 0.00 move 0.321 period None osc -0.128@12 pr 15.1 sens10 3.59 sens50 3.96 sat None dead 0.03 frozen 0.13 nbin 300 fat 0.344 | 49.6s
ex16|tri0.3|0|0.9|none|0|0.0|50: static 0.974 sstatic 0.970 c1 1.000 c50 0.978 fac1 0.995 fac50 0.096 lock 0.89 move 0.00781 period None osc 0.096@50 pr 3.6 sens10 2.06 sens50 2.75 sat None dead 0.03 frozen 0.78 nbin 300 fat None | 31.6s
ex16|tri0.3|0|0.5|dep|100|0.5|51: static 0.492 sstatic 0.692 c1 0.899 c50 0.507 fac1 0.793 fac50 -0.002 lock 0.00 move 0.486 period None osc -0.131@8 pr 16.0 sens10 3.79 sens50 3.94 sat None dead 0.03 frozen 0.81 nbin 300 fat 0.192 | 49.9s
ex16|tri0.3|0|0.5|dep|3|0.5|51: static 0.955 sstatic 0.952 c1 0.996 c50 0.952 fac1 0.901 fac50 -0.059 lock 0.00 move 0.0942 period None osc -0.060@47 pr 10.4 sens10 3.15 sens50 3.51 sat None dead 0.03 frozen 0.61 nbin 300 fat 0.714 | 62.3s
ex16|tri0.3|0|0.5|dep|10|0.5|51: static 0.847 sstatic 0.875 c1 0.964 c50 0.854 fac1 0.755 fac50 -0.003 lock 0.00 move 0.276 period None osc -0.167@7 pr 15.3 sens10 3.61 sens50 3.76 sat None dead 0.03 frozen 0.37 nbin 300 fat 0.539 | 62.2s
ex16|tri0.3|0|0.5|dep|300|0.1|51: static 0.452 sstatic 0.670 c1 0.941 c50 0.466 fac1 0.890 fac50 -0.003 lock 0.00 move 0.371 period None osc -0.103@14 pr 14.7 sens10 3.76 sens50 4.00 sat None dead 0.03 frozen 0.38 nbin 300 fat 0.204 | 53.8s
