run39|tanh|1|0.0|code|50: level 0.803 slevel 0.000 static 0.005 c1 -0.015 c50 -0.021 fac1 -0.020 fac50 -0.025 lock 0.00 move 1.43 period None frozen 0.00 pr 20.1 sat 0.008 dead 0.00 rate +0.080 (109 pts) rate_fs +0.080 (140 pts) d1 1.1e-06 | 9.5s
run39|tanh|1|0.5|code|50: level 0.805 slevel 0.001 static 0.031 c1 0.988 c50 -0.029 fac1 0.984 fac50 -0.053 lock 0.00 move 0.154 period None frozen 0.00 pr 8.6 sat 0.007 dead 0.00 rate +0.026 (355 pts) rate_fs +0.026 (394 pts) d1 7.4e-07 | 11.1s
run39|tanh|1|0.25|code|50: level 0.805 slevel 0.000 static 0.026 c1 0.949 c50 -0.187 fac1 0.945 fac50 -0.182 lock 0.00 move 0.318 period None frozen 0.00 pr 9.7 sat 0.007 dead 0.00 rate +0.034 (242 pts) rate_fs +0.037 (293 pts) d1 9.0e-07 | 11.3s
run39|tanh|1|0.9|code|50: level 0.802 slevel 0.013 static 0.542 c1 1.000 c50 0.624 fac1 0.995 fac50 0.124 lock 0.00 move 0.0231 period None frozen 0.25 pr 3.7 sat 0.007 dead 0.00 rate +0.007 (394 pts) rate_fs +0.007 (394 pts) d1 9.1e-07 | 11.7s
run39|tanh|1|0.75|code|50: level 0.804 slevel 0.001 static 0.079 c1 0.998 c50 -0.011 fac1 0.994 fac50 -0.095 lock 0.00 move 0.069 period None frozen 0.00 pr 6.6 sat 0.006 dead 0.00 rate +0.013 (394 pts) rate_fs +0.013 (394 pts) d1 8.0e-07 | 12.6s
run39|tanh|1|0.25|leak|50: level 0.804 slevel 0.002 static 0.102 c1 0.941 c50 -0.000 fac1 0.932 fac50 -0.103 lock 0.00 move 0.34 period None frozen 0.00 pr 11.7 sat 0.007 dead 0.00 rate +0.046 (193 pts) rate_fs +0.047 (226 pts) d1 8.9e-07 | 13.9s
run39|tanh|1|0.5|leak|50: level 0.802 slevel 0.001 static 0.041 c1 0.984 c50 0.102 fac1 0.980 fac50 0.064 lock 0.00 move 0.179 period None frozen 0.00 pr 9.0 sat 0.008 dead 0.00 rate +0.035 (280 pts) rate_fs +0.034 (342 pts) d1 7.4e-07 | 15.7s
run39|tanh|1|0.75|leak|50: level 0.803 slevel 0.001 static 0.074 c1 0.997 c50 -0.198 fac1 0.994 fac50 -0.230 lock 0.00 move 0.0753 period None frozen 0.00 pr 6.1 sat 0.007 dead 0.00 rate +0.018 (394 pts) rate_fs +0.018 (394 pts) d1 8.1e-07 | 16.6s
run39|tanh|0|0.0|code|50: level 3.07 slevel 0.000 static 0.004 c1 0.008 c50 -0.005 fac1 0.005 fac50 -0.009 lock 0.00 move 1.41 period None frozen 0.00 pr 22.5 sat 0.474 dead 0.00 rate +0.484 (14 pts) rate_fs +0.476 (19 pts) d1 1.7e-06 | 7.1s
run39|tanh|0|0.25|code|50: level 3.79 slevel 0.000 static 0.027 c1 0.744 c50 0.019 fac1 0.743 fac50 -0.012 lock 0.00 move 0.701 period None frozen 0.00 pr 18.0 sat 0.559 dead 0.00 rate +0.398 (17 pts) rate_fs +0.407 (22 pts) d1 1.5e-06 | 8.3s
run39|tanh|1|0.9|leak|50: level 0.804 slevel 0.004 static 0.313 c1 1.000 c50 0.562 fac1 0.993 fac50 0.230 lock 0.00 move 0.0256 period None frozen 0.09 pr 3.1 sat 0.006 dead 0.00 rate +0.005 (394 pts) rate_fs +0.005 (394 pts) d1 9.1e-07 | 15.1s
run39|tanh|0|0.25|leak|50: level 2.77 slevel 0.000 static 0.020 c1 0.781 c50 0.000 fac1 0.778 fac50 -0.017 lock 0.00 move 0.651 period None frozen 0.00 pr 17.3 sat 0.431 dead 0.00 rate +0.278 (28 pts) rate_fs +0.281 (37 pts) d1 1.4e-06 | 10.2s
run39|tanh|0|0.5|code|50: level 5.76 slevel 0.001 static 0.063 c1 0.932 c50 0.019 fac1 0.926 fac50 -0.032 lock 0.00 move 0.361 period None frozen 0.00 pr 14.6 sat 0.698 dead 0.00 rate +0.328 (24 pts) rate_fs +0.325 (31 pts) d1 1.2e-06 | 8.6s
run39|tanh|0|0.5|leak|50: level 2.77 slevel 0.000 static 0.030 c1 0.951 c50 -0.050 fac1 0.948 fac50 -0.068 lock 0.00 move 0.309 period None frozen 0.00 pr 13.4 sat 0.430 dead 0.00 rate +0.164 (54 pts) rate_fs +0.164 (68 pts) d1 1.0e-06 | 10.2s
ex16|tanh|1|0.0|code|50: level 0.775 slevel 0.000 static 0.019 c1 0.009 c50 0.013 fac1 -0.011 fac50 -0.006 lock 0.00 move 1.4 period None frozen 0.04 pr 19.9 sat 0.008 dead 0.04 rate +0.083 (102 pts) rate_fs +0.084 (128 pts) d1 1.1e-06 | 38.1s
ex16|tanh|1|0.75|code|50: level 0.775 slevel 0.002 static 0.184 c1 0.998 c50 0.029 fac1 0.994 fac50 -0.137 lock 0.00 move 0.0688 period None frozen 0.05 pr 6.4 sat 0.006 dead 0.04 rate +0.016 (394 pts) rate_fs +0.016 (394 pts) d1 8.4e-07 | 43.5s
run39|tanh|0|0.75|code|50: level 11.6 slevel 0.001 static 0.089 c1 0.987 c50 0.003 fac1 0.982 fac50 -0.073 lock 0.00 move 0.16 period None frozen 0.00 pr 10.0 sat 0.845 dead 0.00 rate +0.244 (33 pts) rate_fs +0.239 (44 pts) d1 9.8e-07 | 8.0s
ex16|tanh|1|0.25|leak|50: level 0.776 slevel 0.001 static 0.047 c1 0.943 c50 0.026 fac1 0.939 fac50 -0.018 lock 0.00 move 0.336 period None frozen 0.04 pr 13.4 sat 0.007 dead 0.04 rate +0.046 (201 pts) rate_fs +0.046 (249 pts) d1 9.5e-07 | 48.7s
ex16|tanh|0|0.5|code|50: level 4.94 slevel 0.000 static 0.038 c1 0.936 c50 -0.010 fac1 0.933 fac50 -0.048 lock 0.00 move 0.348 period None frozen 0.04 pr 14.1 sat 0.638 dead 0.04 rate +0.290 (26 pts) rate_fs +0.295 (34 pts) d1 1.4e-06 | 29.9s
ex16|tanh|1|0.5|leak|50: level 0.776 slevel 0.001 static 0.095 c1 0.988 c50 0.157 fac1 0.983 fac50 0.049 lock 0.00 move 0.158 period None frozen 0.04 pr 9.7 sat 0.006 dead 0.04 rate +0.031 (314 pts) rate_fs +0.031 (394 pts) d1 7.9e-07 | 49.4s
run39|tanh|0|0.75|leak|50: level 2.76 slevel 0.003 static 0.131 c1 0.992 c50 0.004 fac1 0.987 fac50 -0.128 lock 0.00 move 0.122 period None frozen 0.00 pr 9.0 sat 0.429 dead 0.00 rate +0.077 (121 pts) rate_fs +0.080 (144 pts) d1 8.5e-07 | 6.7s
ex16|tanh|0|0.25|leak|50: level 2.34 slevel 0.000 static 0.019 c1 0.805 c50 -0.019 fac1 0.805 fac50 -0.035 lock 0.00 move 0.614 period None frozen 0.04 pr 16.8 sat 0.354 dead 0.04 rate +0.246 (31 pts) rate_fs +0.249 (41 pts) d1 1.4e-06 | 35.5s
ex16|tanh|0|0.0|code|50: level 2.57 slevel 0.000 static 0.006 c1 0.006 c50 -0.000 fac1 0.000 fac50 -0.007 lock 0.00 move 1.41 period None frozen 0.04 pr 21.0 sat 0.395 dead 0.04 rate +0.432 (15 pts) rate_fs +0.435 (21 pts) d1 1.8e-06 | 40.4s
ex16|tanh|1|0.75|leak|50: level 0.776 slevel 0.002 static 0.129 c1 0.998 c50 0.041 fac1 0.994 fac50 -0.089 lock 0.00 move 0.0636 period None frozen 0.04 pr 5.9 sat 0.006 dead 0.04 rate +0.017 (394 pts) rate_fs +0.017 (394 pts) d1 8.2e-07 | 51.6s
ex16|tanh|1|0.25|code|50: level 0.775 slevel 0.000 static 0.034 c1 0.942 c50 0.005 fac1 0.938 fac50 -0.022 lock 0.00 move 0.339 period None frozen 0.04 pr 13.3 sat 0.007 dead 0.04 rate +0.050 (185 pts) rate_fs +0.050 (230 pts) d1 9.2e-07 | 51.9s
ex16|tanh|1|0.5|code|50: level 0.776 slevel 0.002 static 0.160 c1 0.988 c50 0.155 fac1 0.982 fac50 -0.012 lock 0.00 move 0.16 period None frozen 0.04 pr 10.5 sat 0.006 dead 0.04 rate +0.035 (266 pts) rate_fs +0.035 (326 pts) d1 8.0e-07 | 52.3s
run39|tanh|0|0.9|code|50: level 29.3 slevel 0.003 static 0.203 c1 0.998 c50 0.232 fac1 0.994 fac50 0.025 lock 0.00 move 0.0619 period None frozen 0.01 pr 5.3 sat 0.938 dead 0.00 rate +0.126 (62 pts) rate_fs +0.137 (77 pts) d1 1.1e-06 | 4.3s
ex16|tanh|0|0.25|code|50: level 3.22 slevel 0.000 static 0.028 c1 0.765 c50 0.003 fac1 0.762 fac50 -0.021 lock 0.00 move 0.675 period None frozen 0.04 pr 17.3 sat 0.488 dead 0.04 rate +0.351 (21 pts) rate_fs +0.348 (27 pts) d1 1.6e-06 | 40.9s
ex16|tanh|0|0.5|leak|50: level 2.36 slevel 0.000 static 0.050 c1 0.959 c50 -0.001 fac1 0.955 fac50 -0.051 lock 0.00 move 0.281 period None frozen 0.04 pr 13.0 sat 0.357 dead 0.04 rate +0.138 (62 pts) rate_fs +0.140 (77 pts) d1 1.1e-06 | 27.5s
ex16|tanh|1|0.9|code|50: level 0.776 slevel 0.008 static 0.493 c1 1.000 c50 0.638 fac1 0.995 fac50 0.214 lock 0.00 move 0.0223 period None frozen 0.25 pr 3.2 sat 0.006 dead 0.04 rate +0.005 (394 pts) rate_fs +0.005 (394 pts) d1 9.3e-07 | 55.5s
run39|tanh|0|0.9|leak|50: level 2.72 slevel 0.003 static 0.207 c1 0.999 c50 0.224 fac1 0.995 fac50 0.005 lock 0.00 move 0.0469 period None frozen 0.01 pr 4.8 sat 0.422 dead 0.00 rate +0.038 (256 pts) rate_fs +0.038 (316 pts) d1 9.2e-07 | 6.8s
run39|sig4_0|1|0.0|code|50: level 0.803 slevel 0.608 static 0.999 c1 0.999 c50 0.999 fac1 -0.196 fac50 -0.507 lock 0.00 move 0.0722 period 4 frozen 0.97 pr 2.3 sat 0.131 dead 0.00 rate -0.000 (394 pts) rate_fs -0.000 (394 pts) d1 8.1e-07 | 8.7s
run39|sig4_0|1|0.25|code|50: level 0.803 slevel 0.607 static 1.000 c1 1.000 c50 1.000 fac1 -0.041 fac50 -0.766 lock 0.59 move 0.0371 period 4 frozen 0.99 pr 1.9 sat 0.132 dead 0.00 rate -0.000 (394 pts) rate_fs -0.000 (394 pts) d1 6.5e-07 | 8.9s
ex16|tanh|0|0.75|leak|50: level 2.36 slevel 0.001 static 0.104 c1 0.993 c50 0.046 fac1 0.989 fac50 -0.062 lock 0.00 move 0.114 period None frozen 0.04 pr 8.5 sat 0.357 dead 0.04 rate +0.073 (128 pts) rate_fs +0.072 (159 pts) d1 8.9e-07 | 28.5s
ex16|tanh|0|0.75|code|50: level 10.1 slevel 0.001 static 0.105 c1 0.987 c50 0.016 fac1 0.983 fac50 -0.090 lock 0.00 move 0.156 period None frozen 0.04 pr 10.0 sat 0.799 dead 0.04 rate +0.233 (32 pts) rate_fs +0.240 (42 pts) d1 1.3e-06 | 36.4s
ex16|tanh|1|0.9|leak|50: level 0.775 slevel 0.005 static 0.516 c1 1.000 c50 0.643 fac1 0.995 fac50 0.197 lock 0.00 move 0.0233 period None frozen 0.28 pr 3.2 sat 0.006 dead 0.04 rate +0.006 (394 pts) rate_fs +0.006 (394 pts) d1 9.1e-07 | 58.0s
run39|sig4_0|1|0.75|code|50: level 0.803 slevel 0.606 static 1.000 c1 1.000 c50 1.000 fac1 -0.021 fac50 -0.796 lock 0.94 move 0.00863 period 4 frozen 1.00 pr 1.7 sat 0.132 dead 0.00 rate -0.001 (394 pts) rate_fs -0.001 (394 pts) d1 7.7e-07 | 9.1s
run39|sig4_0|1|0.5|code|50: level 0.803 slevel 0.606 static 1.000 c1 1.000 c50 1.000 fac1 -0.025 fac50 -0.791 lock 0.88 move 0.0197 period 4 frozen 1.00 pr 1.8 sat 0.132 dead 0.00 rate -0.000 (394 pts) rate_fs -0.000 (394 pts) d1 6.4e-07 | 15.9s
run39|sig4_0|1|0.25|leak|50: level 0.803 slevel 0.607 static 1.000 c1 1.000 c50 1.000 fac1 -0.041 fac50 -0.766 lock 0.59 move 0.0371 period 4 frozen 0.99 pr 1.9 sat 0.132 dead 0.00 rate -0.000 (394 pts) rate_fs -0.000 (394 pts) d1 6.5e-07 | 19.0s
run39|sig4_0|1|0.5|leak|50: level 0.803 slevel 0.606 static 1.000 c1 1.000 c50 1.000 fac1 -0.025 fac50 -0.791 lock 0.88 move 0.0197 period 4 frozen 1.00 pr 1.8 sat 0.132 dead 0.00 rate -0.000 (394 pts) rate_fs -0.000 (394 pts) d1 6.4e-07 | 18.8s
run39|sig4_0|1|0.75|leak|50: level 0.803 slevel 0.606 static 1.000 c1 1.000 c50 1.000 fac1 -0.021 fac50 -0.796 lock 0.94 move 0.00863 period 4 frozen 1.00 pr 1.7 sat 0.132 dead 0.00 rate -0.001 (394 pts) rate_fs -0.001 (394 pts) d1 7.7e-07 | 10.6s
ex16|tanh|0|0.9|leak|50: level 2.33 slevel 0.003 static 0.221 c1 0.999 c50 0.322 fac1 0.994 fac50 0.070 lock 0.00 move 0.0412 period None frozen 0.05 pr 4.5 sat 0.351 dead 0.04 rate +0.034 (276 pts) rate_fs +0.034 (341 pts) d1 9.3e-07 | 29.5s
ex16|tanh|0|0.9|code|50: level 25.1 slevel 0.002 static 0.215 c1 0.998 c50 0.216 fac1 0.993 fac50 -0.000 lock 0.00 move 0.0623 period None frozen 0.04 pr 5.4 sat 0.898 dead 0.04 rate +0.184 (43 pts) rate_fs +0.162 (63 pts) d1 1.2e-06 | 35.5s
run39|sig4_0|1|0.9|code|50: level 0.803 slevel 0.606 static 1.000 c1 1.000 c50 1.000 fac1 -0.012 fac50 -0.728 lock 0.96 move 0.00323 period 4 frozen 1.00 pr 2.2 sat 0.132 dead 0.00 rate -0.001 (394 pts) rate_fs -0.001 (394 pts) d1 9.0e-07 | 15.8s
run39|sig4_0|0|0.25|code|50: level 3.09 slevel 0.524 static 0.921 c1 0.980 c50 0.921 fac1 0.744 fac50 -0.005 lock 0.00 move 0.201 period None frozen 0.43 pr 14.4 sat 0.371 dead 0.00 rate +0.238 (36 pts) rate_fs +0.225 (48 pts) d1 1.1e-06 | 6.6s
ex16|sig4_0|1|0.0|code|50: level 0.776 slevel 0.614 static 0.998 c1 0.998 c50 0.998 fac1 -0.025 fac50 -0.015 lock 0.01 move 0.113 period None frozen 0.89 pr 10.5 sat 0.133 dead 0.03 rate -0.000 (394 pts) rate_fs -0.000 (394 pts) d1 8.8e-07 | 35.0s
run39|sig4_0|0|0.0|code|50: level 2.33 slevel 0.540 static 0.898 c1 0.901 c50 0.902 fac1 -0.011 fac50 -0.010 lock 0.00 move 0.456 period None frozen 0.35 pr 17.6 sat 0.335 dead 0.00 rate +0.293 (25 pts) rate_fs +0.294 (34 pts) d1 1.2e-06 | 11.4s
run39|sig4_0|1|0.9|leak|50: level 0.803 slevel 0.606 static 1.000 c1 1.000 c50 1.000 fac1 -0.008 fac50 -0.722 lock 0.96 move 0.00323 period 4 frozen 1.00 pr 1.9 sat 0.132 dead 0.00 rate -0.001 (394 pts) rate_fs -0.001 (394 pts) d1 9.0e-07 | 19.1s
ex16|sig4_0|1|0.5|code|50: level 0.776 slevel 0.614 static 1.000 c1 1.000 c50 1.000 fac1 0.949 fac50 -0.007 lock 0.76 move 0.0311 period None frozen 0.96 pr 7.5 sat 0.133 dead 0.03 rate -0.000 (394 pts) rate_fs -0.000 (394 pts) d1 6.8e-07 | 35.9s
run39|sig4_0|0|0.5|code|50: level 4.69 slevel 0.523 static 0.915 c1 0.994 c50 0.916 fac1 0.926 fac50 -0.020 lock 0.00 move 0.111 period None frozen 0.43 pr 12.4 sat 0.415 dead 0.00 rate +0.209 (38 pts) rate_fs +0.202 (50 pts) d1 1.2e-06 | 6.6s
ex16|sig4_0|1|0.75|code|50: level 0.776 slevel 0.614 static 1.000 c1 1.000 c50 1.000 fac1 0.988 fac50 -0.038 lock 0.94 move 0.0136 period None frozen 0.98 pr 6.1 sat 0.133 dead 0.03 rate -0.001 (394 pts) rate_fs -0.001 (394 pts) d1 7.9e-07 | 36.3s
ex16|sig4_0|1|0.5|leak|50: level 0.776 slevel 0.614 static 1.000 c1 1.000 c50 1.000 fac1 0.949 fac50 -0.007 lock 0.76 move 0.0311 period None frozen 0.96 pr 7.5 sat 0.133 dead 0.03 rate -0.000 (394 pts) rate_fs -0.000 (394 pts) d1 6.8e-07 | 40.8s
run39|sig4_0|0|0.25|leak|50: level 2.32 slevel 0.536 static 0.936 c1 0.990 c50 0.934 fac1 0.824 fac50 -0.041 lock 0.00 move 0.148 period None frozen 0.48 pr 12.7 sat 0.331 dead 0.00 rate +0.136 (60 pts) rate_fs +0.138 (76 pts) d1 1.1e-06 | 14.4s
run39|sig4_0|0|0.75|code|50: level 9.33 slevel 0.510 static 0.892 c1 0.998 c50 0.892 fac1 0.982 fac50 -0.032 lock 0.00 move 0.0565 period None frozen 0.43 pr 9.2 sat 0.456 dead 0.00 rate +0.141 (57 pts) rate_fs +0.143 (75 pts) d1 1.1e-06 | 6.8s
ex16|sig4_0|1|0.75|leak|50: level 0.776 slevel 0.614 static 1.000 c1 1.000 c50 1.000 fac1 0.988 fac50 -0.038 lock 0.94 move 0.0136 period None frozen 0.98 pr 6.1 sat 0.133 dead 0.03 rate -0.001 (394 pts) rate_fs -0.001 (394 pts) d1 7.9e-07 | 40.8s
run39|sig4_0|0|0.5|leak|50: level 2.32 slevel 0.535 static 0.938 c1 0.998 c50 0.940 fac1 0.961 fac50 -0.045 lock 0.00 move 0.0636 period None frozen 0.55 pr 9.5 sat 0.330 dead 0.00 rate +0.082 (102 pts) rate_fs +0.085 (131 pts) d1 8.3e-07 | 15.1s
run39|sig4_0|0|0.75|leak|50: level 2.31 slevel 0.530 static 0.936 c1 1.000 c50 0.929 fac1 0.991 fac50 -0.110 lock 0.00 move 0.0278 period None frozen 0.59 pr 6.7 sat 0.330 dead 0.00 rate +0.047 (211 pts) rate_fs +0.045 (275 pts) d1 8.2e-07 | 9.5s
run39|sig4_0|0|0.9|code|50: level 23.5 slevel 0.503 static 0.909 c1 1.000 c50 0.907 fac1 0.993 fac50 -0.063 lock 0.00 move 0.0235 period None frozen 0.53 pr 5.9 sat 0.483 dead 0.00 rate +0.085 (86 pts) rate_fs +0.085 (128 pts) d1 9.7e-07 | 7.2s
ex16|sig4_0|0|0.25|code|50: level 2.71 slevel 0.540 static 0.939 c1 0.987 c50 0.942 fac1 0.783 fac50 0.009 lock 0.01 move 0.167 period None frozen 0.51 pr 12.4 sat 0.357 dead 0.03 rate +0.189 (44 pts) rate_fs +0.185 (59 pts) d1 1.3e-06 | 28.9s
ex16|sig4_0|1|0.9|leak|50: level 0.776 slevel 0.614 static 1.000 c1 1.000 c50 1.000 fac1 0.994 fac50 -0.020 lock 0.96 move 0.00511 period None frozen 0.99 pr 4.2 sat 0.133 dead 0.03 rate -0.002 (394 pts) rate_fs -0.002 (394 pts) d1 9.1e-07 | 40.5s
run39|sig8_0|1|0.0|code|50: level 0.803 slevel 0.544 static 0.942 c1 0.941 c50 0.943 fac1 -0.042 fac50 -0.009 lock 0.00 move 0.361 period None frozen 0.53 pr 15.4 sat 0.284 dead 0.00 rate +0.117 (71 pts) rate_fs +0.117 (91 pts) d1 1.1e-06 | 7.1s
ex16|sig4_0|0|0.5|code|50: level 4.09 slevel 0.527 static 0.919 c1 0.995 c50 0.919 fac1 0.934 fac50 -0.024 lock 0.01 move 0.102 period None frozen 0.48 pr 11.1 sat 0.400 dead 0.03 rate +0.171 (48 pts) rate_fs +0.174 (61 pts) d1 1.2e-06 | 29.2s
ex16|sig4_0|1|0.25|code|50: level 0.776 slevel 0.613 static 0.999 c1 1.000 c50 0.999 fac1 0.763 fac50 -0.011 lock 0.32 move 0.0567 period None frozen 0.94 pr 8.5 sat 0.133 dead 0.03 rate -0.000 (394 pts) rate_fs -0.000 (394 pts) d1 7.3e-07 | 64.0s
run39|sig8_0|1|0.25|code|50: level 0.802 slevel 0.550 static 0.968 c1 0.997 c50 0.965 fac1 0.897 fac50 -0.064 lock 0.00 move 0.0889 period None frozen 0.67 pr 9.2 sat 0.281 dead 0.00 rate +0.044 (228 pts) rate_fs +0.042 (283 pts) d1 8.6e-07 | 8.5s
ex16|sig4_0|0|0.75|code|50: level 8.24 slevel 0.514 static 0.916 c1 0.999 c50 0.913 fac1 0.981 fac50 -0.062 lock 0.01 move 0.0518 period None frozen 0.51 pr 8.8 sat 0.445 dead 0.03 rate +0.135 (57 pts) rate_fs +0.134 (72 pts) d1 1.2e-06 | 29.5s
ex16|sig4_0|0|0.0|code|50: level 2.03 slevel 0.553 static 0.923 c1 0.925 c50 0.925 fac1 -0.010 fac50 0.000 lock 0.01 move 0.393 period None frozen 0.45 pr 15.1 sat 0.317 dead 0.03 rate +0.227 (34 pts) rate_fs +0.218 (45 pts) d1 1.5e-06 | 47.2s
run39|sig4_0|0|0.9|leak|50: level 2.33 slevel 0.538 static 0.952 c1 1.000 c50 0.965 fac1 0.995 fac50 0.125 lock 0.67 move 0.00852 period None frozen 0.72 pr 3.3 sat 0.332 dead 0.00 rate +0.017 (394 pts) rate_fs +0.017 (394 pts) d1 9.1e-07 | 18.3s
run39|sig8_0|1|0.25|leak|50: level 0.802 slevel 0.549 static 0.964 c1 0.996 c50 0.963 fac1 0.897 fac50 0.015 lock 0.00 move 0.093 period None frozen 0.64 pr 9.3 sat 0.281 dead 0.00 rate +0.049 (163 pts) rate_fs +0.053 (193 pts) d1 8.8e-07 | 9.1s
ex16|sig4_0|1|0.25|leak|50: level 0.776 slevel 0.614 static 0.999 c1 1.000 c50 0.999 fac1 0.763 fac50 -0.011 lock 0.32 move 0.0568 period None frozen 0.94 pr 8.5 sat 0.133 dead 0.03 rate -0.000 (394 pts) rate_fs -0.000 (394 pts) d1 7.2e-07 | 71.9s
run39|sig8_0|1|0.5|code|50: level 0.801 slevel 0.551 static 0.965 c1 0.999 c50 0.961 fac1 0.978 fac50 -0.098 lock 0.00 move 0.0411 period None frozen 0.70 pr 6.4 sat 0.280 dead 0.00 rate +0.040 (246 pts) rate_fs +0.041 (295 pts) d1 7.4e-07 | 8.8s
ex16|sig4_0|1|0.9|code|50: level 0.776 slevel 0.614 static 1.000 c1 1.000 c50 1.000 fac1 0.994 fac50 -0.021 lock 0.96 move 0.0051 period None frozen 0.99 pr 4.2 sat 0.134 dead 0.03 rate -0.002 (394 pts) rate_fs -0.002 (394 pts) d1 9.1e-07 | 62.5s
ex16|sig4_0|0|0.75|leak|50: level 2.02 slevel 0.549 static 0.965 c1 1.000 c50 0.961 fac1 0.991 fac50 -0.093 lock 0.01 move 0.0227 period None frozen 0.70 pr 6.4 sat 0.315 dead 0.03 rate +0.037 (258 pts) rate_fs +0.037 (333 pts) d1 8.5e-07 | 39.7s
run39|sig8_0|1|0.75|code|50: level 0.801 slevel 0.550 static 0.974 c1 1.000 c50 0.971 fac1 0.992 fac50 -0.082 lock 0.04 move 0.0159 period None frozen 0.77 pr 5.4 sat 0.281 dead 0.00 rate +0.021 (394 pts) rate_fs +0.021 (394 pts) d1 7.9e-07 | 9.1s
ex16|sig8_0|1|0.0|code|50: level 0.777 slevel 0.552 static 0.953 c1 0.953 c50 0.954 fac1 -0.009 fac50 0.003 lock 0.01 move 0.325 period None frozen 0.59 pr 13.8 sat 0.282 dead 0.03 rate +0.114 (71 pts) rate_fs +0.112 (93 pts) d1 1.3e-06 | 30.8s
run39|sig8_0|1|0.5|leak|50: level 0.802 slevel 0.549 static 0.977 c1 0.999 c50 0.975 fac1 0.970 fac50 -0.049 lock 0.00 move 0.0387 period None frozen 0.75 pr 6.8 sat 0.281 dead 0.00 rate +0.026 (394 pts) rate_fs +0.026 (394 pts) d1 7.1e-07 | 18.7s
run39|sig8_0|1|0.75|leak|50: level 0.801 slevel 0.555 static 0.966 c1 1.000 c50 0.963 fac1 0.994 fac50 -0.103 lock 0.08 move 0.0164 period None frozen 0.76 pr 4.3 sat 0.279 dead 0.00 rate +0.017 (394 pts) rate_fs +0.017 (394 pts) d1 8.0e-07 | 10.6s
ex16|sig4_0|0|0.25|leak|50: level 2.02 slevel 0.545 static 0.954 c1 0.994 c50 0.956 fac1 0.861 fac50 0.001 lock 0.01 move 0.121 period None frozen 0.58 pr 10.7 sat 0.315 dead 0.03 rate +0.096 (90 pts) rate_fs +0.097 (116 pts) d1 1.2e-06 | 58.7s
ex16|sig4_0|0|0.9|leak|50: level 2.02 slevel 0.551 static 0.972 c1 1.000 c50 0.974 fac1 0.995 fac50 0.011 lock 0.89 move 0.00814 period None frozen 0.78 pr 3.7 sat 0.317 dead 0.03 rate +0.011 (394 pts) rate_fs +0.011 (394 pts) d1 9.2e-07 | 39.9s
run39|sig8_0|1|0.9|code|50: level 0.802 slevel 0.555 static 0.981 c1 1.000 c50 0.991 fac1 0.994 fac50 0.354 lock 0.94 move 0.00396 period None frozen 0.85 pr 2.2 sat 0.284 dead 0.00 rate +0.003 (394 pts) rate_fs +0.003 (394 pts) d1 9.0e-07 | 9.1s
ex16|sig8_0|1|0.25|code|50: level 0.777 slevel 0.560 static 0.976 c1 0.997 c50 0.975 fac1 0.879 fac50 -0.075 lock 0.01 move 0.0949 period None frozen 0.72 pr 9.6 sat 0.282 dead 0.03 rate +0.045 (194 pts) rate_fs +0.045 (242 pts) d1 1.0e-06 | 36.9s
run39|sig8_0|0|0.0|code|50: level 2.37 slevel 0.521 static 0.841 c1 0.846 c50 0.845 fac1 0.001 fac50 -0.009 lock 0.00 move 0.562 period None frozen 0.23 pr 19.2 sat 0.418 dead 0.00 rate +0.728 (9 pts) rate_fs +0.705 (13 pts) d1 2.0e-06 | 6.2s
run39|sig8_0|1|0.9|leak|50: level 0.801 slevel 0.556 static 0.978 c1 1.000 c50 0.981 fac1 0.996 fac50 0.119 lock 0.94 move 0.00593 period None frozen 0.84 pr 2.8 sat 0.281 dead 0.00 rate +0.011 (394 pts) rate_fs +0.011 (394 pts) d1 9.0e-07 | 10.8s
run39|sig8_0|0|0.25|code|50: level 3.13 slevel 0.514 static 0.903 c1 0.967 c50 0.906 fac1 0.639 fac50 -0.015 lock 0.00 move 0.264 period None frozen 0.36 pr 15.8 sat 0.437 dead 0.00 rate +0.448 (16 pts) rate_fs +0.438 (21 pts) d1 1.6e-06 | 6.3s
ex16|sig4_0|0|0.5|leak|50: level 2.02 slevel 0.550 static 0.956 c1 0.999 c50 0.954 fac1 0.969 fac50 -0.032 lock 0.01 move 0.0568 period None frozen 0.62 pr 8.7 sat 0.316 dead 0.03 rate +0.070 (134 pts) rate_fs +0.067 (170 pts) d1 9.1e-07 | 61.7s
ex16|sig4_0|0|0.9|code|50: level 20.6 slevel 0.500 static 0.918 c1 1.000 c50 0.917 fac1 0.993 fac50 -0.088 lock 0.01 move 0.0219 period None frozen 0.58 pr 5.6 sat 0.472 dead 0.03 rate +0.131 (65 pts) rate_fs +0.102 (106 pts) d1 1.2e-06 | 52.5s
run39|sig8_0|0|0.25|leak|50: level 2.34 slevel 0.518 static 0.904 c1 0.970 c50 0.903 fac1 0.682 fac50 -0.013 lock 0.00 move 0.246 period None frozen 0.38 pr 15.1 sat 0.415 dead 0.00 rate +0.386 (18 pts) rate_fs +0.364 (25 pts) d1 1.5e-06 | 7.5s
run39|sig8_0|0|0.5|code|50: level 4.66 slevel 0.509 static 0.899 c1 0.990 c50 0.895 fac1 0.898 fac50 -0.029 lock 0.00 move 0.142 period None frozen 0.38 pr 13.3 sat 0.456 dead 0.00 rate +0.349 (22 pts) rate_fs +0.365 (27 pts) d1 1.3e-06 | 6.6s
ex16|sig8_0|1|0.25|leak|50: level 0.777 slevel 0.553 static 0.975 c1 0.997 c50 0.973 fac1 0.892 fac50 -0.064 lock 0.01 move 0.0943 period None frozen 0.71 pr 9.3 sat 0.282 dead 0.03 rate +0.041 (222 pts) rate_fs +0.043 (281 pts) d1 9.9e-07 | 40.5s
run39|sig8_0|0|0.75|code|50: level 9.39 slevel 0.505 static 0.897 c1 0.998 c50 0.897 fac1 0.978 fac50 -0.071 lock 0.00 move 0.0623 period None frozen 0.44 pr 9.7 sat 0.479 dead 0.00 rate +0.162 (42 pts) rate_fs +0.161 (55 pts) d1 1.4e-06 | 6.7s
ex16|sig8_0|1|0.5|leak|50: level 0.776 slevel 0.553 static 0.975 c1 0.999 c50 0.974 fac1 0.975 fac50 -0.030 lock 0.01 move 0.0465 period None frozen 0.74 pr 7.3 sat 0.281 dead 0.03 rate +0.018 (394 pts) rate_fs +0.018 (394 pts) d1 8.3e-07 | 41.0s
run39|sig8_0|0|0.75|leak|50: level 2.32 slevel 0.514 static 0.906 c1 0.999 c50 0.899 fac1 0.983 fac50 -0.122 lock 0.00 move 0.0484 period None frozen 0.48 pr 9.2 sat 0.411 dead 0.00 rate +0.114 (81 pts) rate_fs +0.113 (101 pts) d1 9.2e-07 | 8.2s
run39|sig8_0|0|0.5|leak|50: level 2.34 slevel 0.513 static 0.906 c1 0.994 c50 0.904 fac1 0.932 fac50 -0.044 lock 0.00 move 0.112 period None frozen 0.42 pr 12.3 sat 0.414 dead 0.00 rate +0.182 (42 pts) rate_fs +0.176 (58 pts) d1 1.1e-06 | 14.2s
run39|sig8_0|0|0.9|code|50: level 23.2 slevel 0.501 static 0.917 c1 1.000 c50 0.912 fac1 0.992 fac50 -0.108 lock 0.00 move 0.0243 period None frozen 0.54 pr 6.1 sat 0.488 dead 0.00 rate +0.113 (65 pts) rate_fs +0.118 (86 pts) d1 1.2e-06 | 6.7s
ex16|sig8_0|0|0.5|code|50: level 4.12 slevel 0.514 static 0.908 c1 0.992 c50 0.909 fac1 0.908 fac50 -0.008 lock 0.01 move 0.128 period None frozen 0.44 pr 11.7 sat 0.445 dead 0.03 rate +0.340 (21 pts) rate_fs +0.333 (30 pts) d1 1.8e-06 | 27.9s
ex16|sig8_0|0|0.25|leak|50: level 2.05 slevel 0.530 static 0.922 c1 0.977 c50 0.922 fac1 0.698 fac50 -0.026 lock 0.01 move 0.218 period None frozen 0.46 pr 13.6 sat 0.400 dead 0.03 rate +0.348 (21 pts) rate_fs +0.340 (29 pts) d1 1.7e-06 | 31.6s
ex16|sig8_0|1|0.9|leak|50: level 0.776 slevel 0.560 static 0.985 c1 1.000 c50 0.985 fac1 0.996 fac50 -0.027 lock 0.94 move 0.00708 period None frozen 0.86 pr 3.5 sat 0.281 dead 0.03 rate +0.005 (394 pts) rate_fs +0.005 (394 pts) d1 9.1e-07 | 40.8s
run39|step1|1|0.0|code|50: level 0.798 slevel 0.159 static 0.266 c1 0.263 c50 0.263 fac1 -0.010 fac50 -0.006 lock 0.00 move 1.21 period None frozen 0.00 pr 21.8 sat 0.160 dead 0.00 rate None (0 pts) rate_fs None (0 pts) d1 0.0e+00 | 5.5s
run39|step1|1|0.25|code|50: level 0.804 slevel 0.168 static 0.437 c1 0.731 c50 0.448 fac1 0.523 fac50 0.003 lock 0.00 move 0.726 period None frozen 0.01 pr 19.2 sat 0.163 dead 0.00 rate None (1 pts) rate_fs None (1 pts) d1 2.6e-07 | 5.5s
run39|sig8_0|0|0.9|leak|50: level 2.34 slevel 0.521 static 0.932 c1 1.000 c50 0.934 fac1 0.994 fac50 -0.012 lock 0.00 move 0.0164 period None frozen 0.61 pr 5.0 sat 0.415 dead 0.00 rate +0.041 (224 pts) rate_fs +0.040 (283 pts) d1 9.2e-07 | 17.7s
ex16|sig8_0|0|0.5|leak|50: level 2.05 slevel 0.528 static 0.919 c1 0.995 c50 0.921 fac1 0.935 fac50 -0.008 lock 0.01 move 0.103 period None frozen 0.48 pr 11.3 sat 0.400 dead 0.03 rate +0.183 (44 pts) rate_fs +0.184 (59 pts) d1 1.2e-06 | 32.5s
ex16|sig8_0|1|0.5|code|50: level 0.777 slevel 0.553 static 0.978 c1 0.999 c50 0.976 fac1 0.973 fac50 -0.100 lock 0.01 move 0.0456 period None frozen 0.76 pr 7.2 sat 0.282 dead 0.03 rate +0.027 (346 pts) rate_fs +0.028 (394 pts) d1 8.3e-07 | 65.5s
ex16|sig8_0|0|0.0|code|50: level 2.07 slevel 0.528 static 0.863 c1 0.864 c50 0.862 fac1 -0.003 fac50 -0.004 lock 0.01 move 0.527 period None frozen 0.29 pr 17.1 sat 0.402 dead 0.03 rate +0.554 (11 pts) rate_fs +0.557 (15 pts) d1 2.3e-06 | 48.2s
run39|step1|1|0.25|leak|50: level 0.798 slevel 0.164 static 0.439 c1 0.726 c50 0.432 fac1 0.513 fac50 -0.012 lock 0.00 move 0.732 period None frozen 0.01 pr 19.3 sat 0.161 dead 0.00 rate -0.229 (3 pts) rate_fs -0.229 (3 pts) d1 2.5e-07 | 7.0s
run39|step1|1|0.5|code|50: level 0.804 slevel 0.170 static 0.520 c1 0.931 c50 0.525 fac1 0.855 fac50 0.007 lock 0.00 move 0.37 period None frozen 0.04 pr 15.7 sat 0.163 dead 0.00 rate -0.139 (10 pts) rate_fs -0.139 (10 pts) d1 5.1e-07 | 5.8s
ex16|sig8_0|0|0.75|leak|50: level 2.05 slevel 0.531 static 0.928 c1 0.999 c50 0.926 fac1 0.985 fac50 -0.044 lock 0.01 move 0.0406 period None frozen 0.56 pr 8.2 sat 0.401 dead 0.03 rate +0.098 (85 pts) rate_fs +0.102 (115 pts) d1 9.5e-07 | 34.3s
ex16|sig8_0|1|0.75|code|50: level 0.776 slevel 0.554 static 0.979 c1 1.000 c50 0.979 fac1 0.994 fac50 0.003 lock 0.25 move 0.0185 period None frozen 0.80 pr 4.9 sat 0.281 dead 0.03 rate +0.014 (394 pts) rate_fs +0.014 (394 pts) d1 8.3e-07 | 65.1s
ex16|sig8_0|0|0.9|code|50: level 20.6 slevel 0.508 static 0.921 c1 1.000 c50 0.921 fac1 0.993 fac50 -0.048 lock 0.01 move 0.0224 period None frozen 0.57 pr 5.5 sat 0.483 dead 0.03 rate +0.150 (49 pts) rate_fs +0.132 (78 pts) d1 1.6e-06 | 30.4s
ex16|sig8_0|0|0.25|code|50: level 2.74 slevel 0.523 static 0.913 c1 0.971 c50 0.912 fac1 0.669 fac50 -0.031 lock 0.01 move 0.241 period None frozen 0.42 pr 14.0 sat 0.423 dead 0.03 rate +0.431 (15 pts) rate_fs +0.430 (21 pts) d1 2.1e-06 | 49.2s
ex16|step1|1|0.0|code|50: level 0.765 slevel 0.159 static 0.277 c1 0.255 c50 0.263 fac1 -0.013 fac50 -0.002 lock 0.00 move 1.21 period None frozen 0.04 pr 20.4 sat 0.153 dead 0.04 rate None (0 pts) rate_fs None (0 pts) d1 0.0e+00 | 25.3s
run39|step1|1|0.75|code|50: level 0.807 slevel 0.162 static 0.538 c1 0.989 c50 0.504 fac1 0.973 fac50 -0.060 lock 0.00 move 0.148 period None frozen 0.09 pr 10.8 sat 0.163 dead 0.00 rate -0.122 (27 pts) rate_fs -0.122 (27 pts) d1 7.4e-07 | 5.8s
ex16|sig8_0|1|0.9|code|50: level 0.776 slevel 0.552 static 0.985 c1 1.000 c50 0.985 fac1 0.996 fac50 0.035 lock 0.95 move 0.00705 period None frozen 0.86 pr 3.3 sat 0.281 dead 0.03 rate +0.008 (394 pts) rate_fs +0.008 (394 pts) d1 9.1e-07 | 66.4s
ex16|sig8_0|1|0.75|leak|50: level 0.776 slevel 0.553 static 0.984 c1 1.000 c50 0.981 fac1 0.992 fac50 -0.126 lock 0.23 move 0.0188 period None frozen 0.82 pr 5.6 sat 0.281 dead 0.03 rate +0.019 (394 pts) rate_fs +0.019 (394 pts) d1 8.3e-07 | 74.1s
run39|step1|1|0.5|leak|50: level 0.795 slevel 0.162 static 0.494 c1 0.931 c50 0.474 fac1 0.860 fac50 -0.032 lock 0.00 move 0.375 period None frozen 0.04 pr 15.6 sat 0.158 dead 0.00 rate -0.266 (12 pts) rate_fs -0.266 (12 pts) d1 5.0e-07 | 12.5s
run39|step1|1|0.9|leak|50: level 0.797 slevel 0.162 static 0.609 c1 0.999 c50 0.577 fac1 0.992 fac50 -0.079 lock 0.00 move 0.0539 period None frozen 0.21 pr 6.4 sat 0.159 dead 0.00 rate -0.066 (93 pts) rate_fs -0.066 (93 pts) d1 9.0e-07 | 7.5s
ex16|step1|1|0.25|code|50: level 0.77 slevel 0.161 static 0.431 c1 0.717 c50 0.416 fac1 0.507 fac50 -0.015 lock 0.00 move 0.751 period None frozen 0.05 pr 18.3 sat 0.155 dead 0.04 rate -0.099 (13 pts) rate_fs -0.099 (13 pts) d1 2.6e-07 | 26.2s
run39|step1|1|0.9|code|50: level 0.808 slevel 0.174 static 0.606 c1 0.999 c50 0.577 fac1 0.992 fac50 -0.102 lock 0.00 move 0.0523 period None frozen 0.21 pr 6.2 sat 0.170 dead 0.00 rate -0.065 (83 pts) rate_fs -0.065 (83 pts) d1 9.0e-07 | 11.3s
run39|step1|1|0.75|leak|50: level 0.796 slevel 0.166 static 0.537 c1 0.989 c50 0.517 fac1 0.973 fac50 -0.035 lock 0.00 move 0.146 period None frozen 0.08 pr 10.8 sat 0.160 dead 0.00 rate -0.177 (32 pts) rate_fs -0.177 (32 pts) d1 7.5e-07 | 13.1s
ex16|sig8_0|0|0.9|leak|50: level 2.05 slevel 0.525 static 0.936 c1 1.000 c50 0.935 fac1 0.994 fac50 -0.062 lock 0.03 move 0.0152 period None frozen 0.65 pr 4.9 sat 0.399 dead 0.03 rate +0.036 (260 pts) rate_fs +0.034 (344 pts) d1 9.4e-07 | 40.3s
ex16|sig8_0|0|0.75|code|50: level 8.23 slevel 0.509 static 0.910 c1 0.998 c50 0.909 fac1 0.978 fac50 -0.057 lock 0.01 move 0.0579 period None frozen 0.49 pr 9.0 sat 0.468 dead 0.03 rate +0.242 (28 pts) rate_fs +0.226 (42 pts) d1 1.7e-06 | 52.7s
run39|step1|0|0.25|code|50: level 2.76 slevel 0.382 static 0.810 c1 0.914 c50 0.813 fac1 0.535 fac50 -0.011 lock 0.00 move 0.41 period None frozen 0.21 pr 17.9 sat 0.381 dead 0.00 rate -1.403 (3 pts) rate_fs -1.403 (3 pts) d1 2.5e-07 | 5.4s
ex16|step1|1|0.25|leak|50: level 0.755 slevel 0.156 static 0.436 c1 0.715 c50 0.426 fac1 0.506 fac50 -0.009 lock 0.00 move 0.75 period None frozen 0.05 pr 18.2 sat 0.149 dead 0.04 rate -0.101 (9 pts) rate_fs -0.101 (9 pts) d1 2.6e-07 | 29.3s
run39|step1|0|0.5|code|50: level 4.35 slevel 0.428 static 0.852 c1 0.983 c50 0.852 fac1 0.876 fac50 -0.038 lock 0.00 move 0.185 period None frozen 0.30 pr 13.9 sat 0.422 dead 0.00 rate -0.230 (11 pts) rate_fs -0.230 (11 pts) d1 5.0e-07 | 5.5s
run39|step1|0|0.0|code|50: level 2.03 slevel 0.341 static 0.615 c1 0.610 c50 0.622 fac1 -0.016 fac50 0.007 lock 0.00 move 0.872 period None frozen 0.04 pr 21.3 sat 0.342 dead 0.00 rate None (0 pts) rate_fs None (0 pts) d1 0.0e+00 | 9.6s
run39|step1|0|0.25|leak|50: level 1.94 slevel 0.333 static 0.782 c1 0.900 c50 0.782 fac1 0.541 fac50 -0.016 lock 0.00 move 0.446 period None frozen 0.16 pr 18.2 sat 0.336 dead 0.00 rate None (2 pts) rate_fs None (2 pts) d1 2.6e-07 | 8.0s
run39|step1|0|0.5|leak|50: level 1.93 slevel 0.327 static 0.806 c1 0.976 c50 0.806 fac1 0.867 fac50 -0.017 lock 0.00 move 0.218 period None frozen 0.23 pr 14.7 sat 0.333 dead 0.00 rate -0.451 (8 pts) rate_fs -0.451 (8 pts) d1 5.0e-07 | 6.4s
run39|step1|0|0.75|code|50: level 9.06 slevel 0.455 static 0.885 c1 0.997 c50 0.870 fac1 0.974 fac50 -0.109 lock 0.00 move 0.0726 period None frozen 0.38 pr 9.8 sat 0.462 dead 0.00 rate -0.172 (27 pts) rate_fs -0.172 (27 pts) d1 7.5e-07 | 5.4s
run39|step1|0|0.75|leak|50: level 1.93 slevel 0.342 static 0.819 c1 0.996 c50 0.811 fac1 0.974 fac50 -0.097 lock 0.00 move 0.0905 period None frozen 0.29 pr 10.3 sat 0.334 dead 0.00 rate -0.198 (30 pts) rate_fs -0.198 (30 pts) d1 7.5e-07 | 6.7s
ex16|step1|1|0.9|code|50: level 0.776 slevel 0.163 static 0.567 c1 0.999 c50 0.540 fac1 0.993 fac50 -0.046 lock 0.00 move 0.0554 period None frozen 0.20 pr 5.9 sat 0.159 dead 0.04 rate -0.095 (110 pts) rate_fs -0.095 (110 pts) d1 9.0e-07 | 27.3s
ex16|step1|1|0.75|leak|50: level 0.749 slevel 0.157 static 0.515 c1 0.988 c50 0.476 fac1 0.972 fac50 -0.049 lock 0.00 move 0.159 period None frozen 0.10 pr 10.8 sat 0.149 dead 0.04 rate -0.206 (37 pts) rate_fs -0.206 (37 pts) d1 7.5e-07 | 30.0s
run39|step1|0|0.9|code|50: level 23.2 slevel 0.484 static 0.908 c1 1.000 c50 0.903 fac1 0.994 fac50 -0.048 lock 0.00 move 0.0247 period None frozen 0.53 pr 5.7 sat 0.482 dead 0.00 rate -0.051 (99 pts) rate_fs -0.051 (99 pts) d1 9.0e-07 | 5.8s
run39|step1|0|0.9|leak|50: level 1.91 slevel 0.345 static 0.823 c1 0.999 c50 0.822 fac1 0.993 fac50 -0.065 lock 0.00 move 0.0337 period None frozen 0.39 pr 6.0 sat 0.335 dead 0.00 rate -0.054 (89 pts) rate_fs -0.054 (89 pts) d1 9.0e-07 | 7.3s
ex16|step1|1|0.9|leak|50: level 0.754 slevel 0.160 static 0.578 c1 0.998 c50 0.557 fac1 0.993 fac50 -0.052 lock 0.00 move 0.0558 period None frozen 0.21 pr 5.9 sat 0.151 dead 0.04 rate -0.094 (110 pts) rate_fs -0.094 (110 pts) d1 9.0e-07 | 31.6s
ex16|step1|1|0.5|code|50: level 0.774 slevel 0.162 static 0.484 c1 0.926 c50 0.480 fac1 0.856 fac50 -0.019 lock 0.00 move 0.383 period None frozen 0.07 pr 14.9 sat 0.156 dead 0.04 rate -0.127 (14 pts) rate_fs -0.127 (14 pts) d1 5.0e-07 | 46.2s
run39|tri0.3|1|0.0|code|50: level 0.803 slevel 0.461 static 0.910 c1 0.913 c50 0.910 fac1 -0.007 fac50 -0.024 lock 0.00 move 0.421 period None frozen 0.44 pr 17.6 sat None dead 0.00 rate +0.615 (7 pts) rate_fs +0.692 (12 pts) d1 1.6e-06 | 7.3s
ex16|step1|0|0.25|leak|50: level 1.55 slevel 0.305 static 0.742 c1 0.881 c50 0.740 fac1 0.534 fac50 -0.008 lock 0.00 move 0.484 period None frozen 0.15 pr 17.2 sat 0.291 dead 0.04 rate -1.508 (4 pts) rate_fs -1.508 (4 pts) d1 2.5e-07 | 28.4s
ex16|step1|1|0.75|code|50: level 0.776 slevel 0.161 static 0.510 c1 0.988 c50 0.475 fac1 0.973 fac50 -0.057 lock 0.00 move 0.153 period None frozen 0.11 pr 10.5 sat 0.158 dead 0.04 rate -0.254 (37 pts) rate_fs -0.254 (37 pts) d1 7.5e-07 | 45.2s
run39|tri0.3|1|0.25|code|50: level 0.802 slevel 0.459 static 0.951 c1 0.991 c50 0.953 fac1 0.806 fac50 0.005 lock 0.00 move 0.138 period None frozen 0.60 pr 12.3 sat None dead 0.00 rate +0.420 (15 pts) rate_fs +0.382 (27 pts) d1 1.1e-06 | 7.9s
ex16|step1|0|0.75|code|50: level 7.82 slevel 0.464 static 0.890 c1 0.998 c50 0.883 fac1 0.974 fac50 -0.081 lock 0.00 move 0.0699 period None frozen 0.44 pr 9.4 sat 0.448 dead 0.04 rate -0.145 (49 pts) rate_fs -0.145 (49 pts) d1 7.5e-07 | 25.5s
run39|tri0.3|1|0.25|leak|50: level 0.803 slevel 0.461 static 0.950 c1 0.991 c50 0.951 fac1 0.803 fac50 -0.006 lock 0.00 move 0.14 period None frozen 0.58 pr 12.2 sat None dead 0.00 rate +0.505 (12 pts) rate_fs +0.380 (21 pts) d1 1.4e-06 | 8.9s
ex16|step1|1|0.5|leak|50: level 0.751 slevel 0.158 static 0.474 c1 0.926 c50 0.464 fac1 0.858 fac50 -0.024 lock 0.00 move 0.383 period None frozen 0.06 pr 14.6 sat 0.149 dead 0.04 rate -0.142 (14 pts) rate_fs -0.142 (14 pts) d1 5.0e-07 | 54.3s
ex16|step1|0|0.9|code|50: level 20.1 slevel 0.486 static 0.912 c1 1.000 c50 0.914 fac1 0.993 fac50 -0.028 lock 0.00 move 0.0241 period None frozen 0.56 pr 5.3 sat 0.473 dead 0.04 rate -0.063 (120 pts) rate_fs -0.063 (120 pts) d1 9.0e-07 | 26.2s
ex16|step1|0|0.0|code|50: level 1.67 slevel 0.321 static 0.588 c1 0.584 c50 0.584 fac1 -0.002 fac50 -0.007 lock 0.00 move 0.898 period None frozen 0.06 pr 19.9 sat 0.305 dead 0.04 rate None (0 pts) rate_fs None (0 pts) d1 0.0e+00 | 43.5s
run39|tri0.3|1|0.5|leak|50: level 0.803 slevel 0.458 static 0.951 c1 0.998 c50 0.954 fac1 0.954 fac50 0.033 lock 0.00 move 0.0663 period None frozen 0.61 pr 10.2 sat None dead 0.00 rate +0.303 (18 pts) rate_fs +0.226 (35 pts) d1 8.8e-07 | 9.4s
ex16|step1|0|0.25|code|50: level 2.31 slevel 0.366 static 0.799 c1 0.908 c50 0.797 fac1 0.537 fac50 -0.007 lock 0.00 move 0.426 period None frozen 0.20 pr 16.9 sat 0.354 dead 0.04 rate -1.387 (3 pts) rate_fs -1.387 (3 pts) d1 2.5e-07 | 44.0s
ex16|step1|0|0.9|leak|50: level 1.53 slevel 0.299 static 0.793 c1 0.999 c50 0.790 fac1 0.993 fac50 -0.042 lock 0.00 move 0.0363 period None frozen 0.38 pr 5.6 sat 0.289 dead 0.04 rate -0.075 (110 pts) rate_fs -0.075 (110 pts) d1 9.0e-07 | 30.1s
ex16|step1|0|0.5|code|50: level 3.72 slevel 0.419 static 0.860 c1 0.982 c50 0.857 fac1 0.872 fac50 -0.036 lock 0.00 move 0.187 period None frozen 0.32 pr 13.0 sat 0.404 dead 0.04 rate -0.436 (14 pts) rate_fs -0.436 (14 pts) d1 5.0e-07 | 44.9s
run39|tri0.3|1|0.5|code|50: level 0.803 slevel 0.454 static 0.954 c1 0.998 c50 0.953 fac1 0.952 fac50 -0.020 lock 0.00 move 0.0655 period None frozen 0.63 pr 9.2 sat None dead 0.00 rate +0.207 (34 pts) rate_fs +0.222 (48 pts) d1 3.0e-06 | 14.7s
ex16|tri0.3|1|0.0|code|50: level 0.777 slevel 0.466 static 0.916 c1 0.914 c50 0.915 fac1 -0.011 fac50 -0.002 lock 0.00 move 0.424 period None frozen 0.46 pr 16.0 sat None dead 0.04 rate None (0 pts) rate_fs None (2 pts) d1 3.4e-03 | 30.2s
run39|tri0.3|1|0.75|code|50: level 0.804 slevel 0.458 static 0.952 c1 1.000 c50 0.944 fac1 0.991 fac50 -0.108 lock 0.00 move 0.0268 period None frozen 0.67 pr 6.6 sat None dead 0.00 rate +0.153 (57 pts) rate_fs +0.125 (96 pts) d1 1.1e-06 | 15.6s
run39|tri0.3|0|0.0|code|50: level 3.43 slevel 0.462 static 0.925 c1 0.925 c50 0.924 fac1 -0.006 fac50 -0.012 lock 0.00 move 0.377 period None frozen 0.43 pr 17.1 sat None dead 0.00 rate +0.966 (8 pts) rate_fs +0.921 (11 pts) d1 1.4e-06 | 7.0s
ex16|step1|0|0.5|leak|50: level 1.53 slevel 0.301 static 0.769 c1 0.970 c50 0.770 fac1 0.869 fac50 -0.016 lock 0.00 move 0.241 period None frozen 0.20 pr 13.8 sat 0.287 dead 0.04 rate -0.792 (12 pts) rate_fs -0.792 (12 pts) d1 5.0e-07 | 51.7s
ex16|tri0.3|1|0.25|code|50: level 0.777 slevel 0.468 static 0.961 c1 0.992 c50 0.961 fac1 0.786 fac50 -0.026 lock 0.00 move 0.142 period None frozen 0.64 pr 11.7 sat None dead 0.04 rate None (0 pts) rate_fs +0.196 (3 pts) d1 2.8e-03 | 34.6s
run39|tri0.3|1|0.75|leak|50: level 0.803 slevel 0.456 static 0.961 c1 1.000 c50 0.959 fac1 0.989 fac50 -0.026 lock 0.00 move 0.0257 period None frozen 0.71 pr 6.3 sat None dead 0.00 rate +0.069 (113 pts) rate_fs +0.077 (168 pts) d1 8.5e-07 | 20.0s
ex16|step1|0|0.75|leak|50: level 1.53 slevel 0.303 static 0.782 c1 0.995 c50 0.769 fac1 0.975 fac50 -0.072 lock 0.00 move 0.0969 period None frozen 0.27 pr 9.8 sat 0.288 dead 0.04 rate -0.179 (38 pts) rate_fs -0.179 (38 pts) d1 7.5e-07 | 52.4s
run39|tri0.3|1|0.9|code|50: level 0.804 slevel 0.461 static 0.971 c1 1.000 c50 0.966 fac1 0.995 fac50 -0.135 lock 0.80 move 0.00977 period None frozen 0.78 pr 4.6 sat None dead 0.00 rate +0.042 (232 pts) rate_fs +0.041 (293 pts) d1 9.1e-07 | 18.4s
run39|tri0.3|0|0.25|code|50: level 5.19 slevel 0.460 static 0.962 c1 0.993 c50 0.960 fac1 0.804 fac50 -0.062 lock 0.00 move 0.117 period None frozen 0.61 pr 11.8 sat None dead 0.00 rate +0.286 (22 pts) rate_fs +0.340 (29 pts) d1 1.6e-06 | 7.4s
ex16|tri0.3|1|0.5|code|50: level 0.777 slevel 0.468 static 0.961 c1 0.998 c50 0.957 fac1 0.953 fac50 -0.050 lock 0.00 move 0.0682 period None frozen 0.67 pr 9.4 sat None dead 0.04 rate None (0 pts) rate_fs +0.115 (7 pts) d1 2.3e-03 | 37.8s
run39|tri0.3|0|0.25|leak|50: level 3.42 slevel 0.456 static 0.958 c1 0.992 c50 0.961 fac1 0.802 fac50 0.014 lock 0.00 move 0.122 period None frozen 0.60 pr 11.7 sat None dead 0.00 rate +0.371 (10 pts) rate_fs +0.385 (20 pts) d1 9.7e-07 | 9.1s
run39|tri0.3|1|0.9|leak|50: level 0.803 slevel 0.459 static 0.963 c1 1.000 c50 0.963 fac1 0.995 fac50 -0.027 lock 0.78 move 0.00981 period None frozen 0.76 pr 4.4 sat None dead 0.00 rate +0.062 (129 pts) rate_fs +0.045 (224 pts) d1 1.1e-06 | 21.7s
run39|tri0.3|0|0.5|leak|50: level 3.42 slevel 0.457 static 0.958 c1 0.998 c50 0.959 fac1 0.957 fac50 -0.006 lock 0.00 move 0.056 period None frozen 0.62 pr 9.4 sat None dead 0.00 rate +0.375 (24 pts) rate_fs +0.280 (40 pts) d1 1.2e-06 | 9.4s
ex16|tri0.3|1|0.75|code|50: level 0.777 slevel 0.468 static 0.971 c1 1.000 c50 0.966 fac1 0.988 fac50 -0.134 lock 0.00 move 0.0261 period None frozen 0.75 pr 6.6 sat None dead 0.04 rate None (0 pts) rate_fs +0.037 (26 pts) d1 1.9e-03 | 38.7s
run39|tri0.3|0|0.5|code|50: level 9.23 slevel 0.454 static 0.958 c1 0.998 c50 0.956 fac1 0.957 fac50 -0.096 lock 0.00 move 0.054 period None frozen 0.62 pr 8.9 sat None dead 0.00 rate +0.261 (33 pts) rate_fs +0.238 (51 pts) d1 1.0e-06 | 14.1s
run39|tri0.3|0|0.75|code|50: level 24.9 slevel 0.458 static 0.967 c1 1.000 c50 0.970 fac1 0.988 fac50 0.039 lock 0.00 move 0.0224 period None frozen 0.70 pr 6.8 sat None dead 0.00 rate +0.144 (55 pts) rate_fs +0.113 (88 pts) d1 8.1e-07 | 8.3s
ex16|tri0.3|1|0.5|leak|50: level 0.778 slevel 0.468 static 0.969 c1 0.998 c50 0.968 fac1 0.946 fac50 -0.005 lock 0.00 move 0.0648 period None frozen 0.70 pr 9.2 sat None dead 0.04 rate None (0 pts) rate_fs +0.126 (6 pts) d1 1.7e-03 | 44.5s
ex16|tri0.3|1|0.9|code|50: level 0.777 slevel 0.466 static 0.976 c1 1.000 c50 0.976 fac1 0.995 fac50 -0.002 lock 0.85 move 0.00959 period None frozen 0.81 pr 4.0 sat None dead 0.03 rate None (0 pts) rate_fs +0.048 (35 pts) d1 1.8e-03 | 36.1s
ex16|tri0.3|1|0.75|leak|50: level 0.777 slevel 0.465 static 0.966 c1 1.000 c50 0.964 fac1 0.988 fac50 -0.060 lock 0.00 move 0.0275 period None frozen 0.73 pr 6.8 sat None dead 0.04 rate None (0 pts) rate_fs +0.072 (22 pts) d1 8.6e-04 | 41.4s
run39|tri0.3|0|0.75|leak|50: level 3.44 slevel 0.455 static 0.967 c1 1.000 c50 0.961 fac1 0.989 fac50 -0.154 lock 0.00 move 0.0218 period None frozen 0.69 pr 6.6 sat None dead 0.00 rate +0.119 (73 pts) rate_fs +0.116 (102 pts) d1 8.6e-07 | 10.1s
run39|tri0.3|0|0.9|leak|50: level 3.4 slevel 0.452 static 0.971 c1 1.000 c50 0.976 fac1 0.993 fac50 0.058 lock 0.84 move 0.0085 period None frozen 0.75 pr 4.1 sat None dead 0.00 rate +0.030 (211 pts) rate_fs +0.029 (311 pts) d1 2.7e-05 | 11.2s
ex16|tri0.3|1|0.9|leak|50: level 0.777 slevel 0.467 static 0.975 c1 1.000 c50 0.976 fac1 0.994 fac50 0.014 lock 0.87 move 0.00966 period None frozen 0.80 pr 4.0 sat None dead 0.03 rate +0.160 (3 pts) rate_fs +0.032 (71 pts) d1 3.3e-04 | 43.8s
run39|tri0.7|1|0.0|code|50: level 0.806 slevel 0.373 static 0.986 c1 0.984 c50 0.986 fac1 -0.213 fac50 -0.068 lock 0.00 move 0.19 period None frozen 0.78 pr 9.6 sat None dead 0.00 rate +0.081 (109 pts) rate_fs +0.072 (157 pts) d1 1.1e-06 | 9.9s
ex16|tri0.3|1|0.25|leak|50: level 0.777 slevel 0.468 static 0.964 c1 0.992 c50 0.962 fac1 0.777 fac50 -0.028 lock 0.00 move 0.142 period None frozen 0.64 pr 11.7 sat None dead 0.04 rate None (0 pts) rate_fs +0.172 (4 pts) d1 2.5e-03 | 64.1s
run39|tri0.3|0|0.9|code|50: level 92.8 slevel 0.454 static 0.976 c1 1.000 c50 0.976 fac1 0.995 fac50 -0.039 lock 0.98 move 0.00754 period None frozen 0.79 pr 4.0 sat None dead 0.00 rate +0.034 (275 pts) rate_fs +0.034 (368 pts) d1 1.1e-06 | 17.8s
run39|tri0.7|1|0.25|code|50: level 0.806 slevel 0.370 static 0.997 c1 1.000 c50 0.996 fac1 0.935 fac50 -0.155 lock 0.00 move 0.0408 period None frozen 0.90 pr 5.6 sat None dead 0.00 rate +0.020 (394 pts) rate_fs +0.020 (394 pts) d1 8.7e-07 | 10.0s
ex16|tri0.3|0|0.0|code|50: level 2.72 slevel 0.466 static 0.922 c1 0.923 c50 0.923 fac1 -0.004 fac50 0.003 lock 0.00 move 0.394 period None frozen 0.44 pr 15.8 sat None dead 0.04 rate None (0 pts) rate_fs None (2 pts) d1 2.5e-03 | 51.3s
ex16|tri0.3|0|0.75|code|50: level 19.6 slevel 0.467 static 0.966 c1 1.000 c50 0.965 fac1 0.989 fac50 -0.040 lock 0.00 move 0.0226 period None frozen 0.70 pr 6.4 sat None dead 0.04 rate None (0 pts) rate_fs +0.068 (28 pts) d1 6.3e-04 | 33.8s
run39|tri0.7|1|0.25|leak|50: level 0.806 slevel 0.371 static 0.996 c1 1.000 c50 0.996 fac1 0.942 fac50 -0.041 lock 0.00 move 0.0407 period None frozen 0.90 pr 5.9 sat None dead 0.00 rate +0.024 (394 pts) rate_fs +0.024 (394 pts) d1 9.5e-07 | 11.8s
ex16|tri0.3|0|0.25|code|50: level 4.08 slevel 0.469 static 0.961 c1 0.993 c50 0.959 fac1 0.810 fac50 -0.044 lock 0.00 move 0.125 period None frozen 0.60 pr 11.0 sat None dead 0.04 rate None (0 pts) rate_fs +0.158 (6 pts) d1 1.9e-03 | 53.8s
run39|tri0.7|1|0.5|code|50: level 0.806 slevel 0.369 static 0.999 c1 1.000 c50 0.999 fac1 0.980 fac50 0.137 lock 0.82 move 0.0199 period None frozen 0.94 pr 5.1 sat None dead 0.00 rate +0.009 (394 pts) rate_fs +0.009 (394 pts) d1 7.4e-07 | 18.2s
run39|tri0.7|1|0.75|code|50: level 0.806 slevel 0.370 static 0.999 c1 1.000 c50 0.999 fac1 0.994 fac50 -0.536 lock 0.94 move 0.00838 period None frozen 0.96 pr 4.0 sat None dead 0.00 rate +0.004 (394 pts) rate_fs +0.004 (394 pts) d1 7.9e-07 | 9.9s
ex16|tri0.3|0|0.9|code|50: level 72.9 slevel 0.465 static 0.974 c1 1.000 c50 0.978 fac1 0.995 fac50 0.096 lock 0.89 move 0.00781 period None frozen 0.78 pr 3.6 sat None dead 0.03 rate +0.137 (7 pts) rate_fs +0.034 (77 pts) d1 2.5e-04 | 36.8s
ex16|tri0.3|0|0.5|code|50: level 7.29 slevel 0.469 static 0.963 c1 0.998 c50 0.963 fac1 0.954 fac50 -0.040 lock 0.00 move 0.0575 period None frozen 0.64 pr 9.2 sat None dead 0.04 rate None (0 pts) rate_fs +0.105 (13 pts) d1 1.3e-03 | 54.0s
ex16|tri0.7|1|0.0|code|50: level 0.776 slevel 0.386 static 0.942 c1 0.943 c50 0.943 fac1 0.012 fac50 0.003 lock 0.00 move 0.35 period None frozen 0.55 pr 15.9 sat None dead 0.04 rate +0.138 (31 pts) rate_fs +0.115 (59 pts) d1 1.4e-05 | 38.5s
ex16|tri0.3|0|0.9|leak|50: level 2.7 slevel 0.467 static 0.970 c1 1.000 c50 0.974 fac1 0.994 fac50 0.068 lock 0.81 move 0.00888 period None frozen 0.76 pr 3.9 sat None dead 0.04 rate +0.112 (9 pts) rate_fs +0.052 (58 pts) d1 2.5e-04 | 42.4s
run39|tri0.7|1|0.5|leak|50: level 0.806 slevel 0.370 static 0.997 c1 1.000 c50 0.998 fac1 0.987 fac50 0.153 lock 0.71 move 0.0208 period None frozen 0.91 pr 5.2 sat None dead 0.00 rate +0.012 (394 pts) rate_fs +0.012 (394 pts) d1 7.3e-07 | 21.5s
ex16|tri0.7|1|0.25|code|50: level 0.777 slevel 0.385 static 0.975 c1 0.998 c50 0.974 fac1 0.921 fac50 -0.051 lock 0.00 move 0.0859 period None frozen 0.72 pr 9.5 sat None dead 0.04 rate +0.024 (164 pts) rate_fs +0.022 (301 pts) d1 1.1e-05 | 38.9s
run39|tri0.7|1|0.9|code|50: level 0.805 slevel 0.369 static 0.999 c1 1.000 c50 0.999 fac1 0.995 fac50 0.284 lock 0.98 move 0.00316 period None frozen 0.96 pr 2.6 sat None dead 0.00 rate -0.000 (394 pts) rate_fs -0.000 (394 pts) d1 9.1e-07 | 10.2s
ex16|tri0.3|0|0.25|leak|50: level 2.7 slevel 0.468 static 0.962 c1 0.992 c50 0.962 fac1 0.799 fac50 -0.027 lock 0.00 move 0.126 period None frozen 0.61 pr 11.3 sat None dead 0.04 rate None (0 pts) rate_fs +0.136 (7 pts) d1 1.9e-03 | 66.3s
ex16|tri0.3|0|0.5|leak|50: level 2.7 slevel 0.467 static 0.963 c1 0.998 c50 0.961 fac1 0.952 fac50 -0.064 lock 0.00 move 0.0605 period None frozen 0.64 pr 9.4 sat None dead 0.04 rate None (0 pts) rate_fs +0.094 (15 pts) d1 1.3e-03 | 66.6s
run39|tri0.7|1|0.9|leak|50: level 0.806 slevel 0.369 static 0.998 c1 1.000 c50 0.999 fac1 0.992 fac50 0.402 lock 0.98 move 0.00319 period None frozen 0.95 pr 1.8 sat None dead 0.00 rate +0.003 (394 pts) rate_fs +0.003 (394 pts) d1 9.0e-07 | 11.8s
run39|tri0.7|0|0.25|code|50: level 71.8 slevel 0.378 static 0.999 c1 1.000 c50 1.000 fac1 0.920 fac50 0.405 lock 0.69 move 0.00907 period None frozen 0.98 pr 2.0 sat None dead 0.00 rate -0.000 (394 pts) rate_fs -0.000 (394 pts) d1 7.9e-07 | 9.7s
run39|tri0.7|1|0.75|leak|50: level 0.806 slevel 0.370 static 0.999 c1 1.000 c50 0.999 fac1 0.994 fac50 -0.437 lock 0.94 move 0.00839 period None frozen 0.96 pr 4.2 sat None dead 0.00 rate +0.010 (394 pts) rate_fs +0.010 (394 pts) d1 8.1e-07 | 21.9s
ex16|tri0.7|1|0.25|leak|50: level 0.777 slevel 0.385 static 0.981 c1 0.998 c50 0.979 fac1 0.902 fac50 -0.082 lock 0.00 move 0.085 period None frozen 0.75 pr 10.5 sat None dead 0.04 rate +0.028 (158 pts) rate_fs +0.024 (301 pts) d1 1.0e-05 | 44.5s
ex16|tri0.3|0|0.75|leak|50: level 2.7 slevel 0.466 static 0.966 c1 1.000 c50 0.964 fac1 0.990 fac50 -0.058 lock 0.00 move 0.0244 period None frozen 0.70 pr 6.6 sat None dead 0.04 rate None (0 pts) rate_fs +0.058 (34 pts) d1 6.3e-04 | 68.0s
run39|tri0.7|0|0.0|code|50: level 27.5 slevel 0.380 static 0.998 c1 0.998 c50 0.998 fac1 0.062 fac50 0.007 lock 0.00 move 0.0566 period None frozen 0.92 pr 10.6 sat None dead 0.00 rate +0.045 (199 pts) rate_fs +0.029 (394 pts) d1 1.0e-06 | 17.6s
ex16|tri0.7|1|0.75|code|50: level 0.777 slevel 0.384 static 0.990 c1 1.000 c50 0.986 fac1 0.993 fac50 -0.279 lock 0.80 move 0.0159 period None frozen 0.86 pr 5.1 sat None dead 0.04 rate +0.009 (386 pts) rate_fs +0.009 (394 pts) d1 7.9e-06 | 39.2s
run39|tri0.7|0|0.5|code|50: level 278 slevel 0.379 static 1.000 c1 1.000 c50 1.000 fac1 0.965 fac50 0.799 lock 1.00 move 0.00221 period None frozen 0.99 pr 1.9 sat None dead 0.00 rate +0.004 (394 pts) rate_fs +0.004 (394 pts) d1 7.1e-07 | 9.9s
ex16|tri0.7|1|0.5|leak|50: level 0.778 slevel 0.386 static 0.984 c1 1.000 c50 0.980 fac1 0.981 fac50 -0.158 lock 0.00 move 0.0394 period None frozen 0.79 pr 7.7 sat None dead 0.04 rate +0.020 (213 pts) rate_fs +0.019 (378 pts) d1 6.8e-06 | 44.2s
run39|tri0.7|0|0.5|leak|50: level 27.6 slevel 0.379 static 1.000 c1 1.000 c50 1.000 fac1 0.964 fac50 0.832 lock 1.00 move 0.00263 period None frozen 0.99 pr 1.9 sat None dead 0.00 rate +0.002 (394 pts) rate_fs +0.002 (394 pts) d1 7.1e-07 | 11.5s
run39|tri0.7|0|0.25|leak|50: level 27.5 slevel 0.379 static 0.999 c1 1.000 c50 1.000 fac1 0.919 fac50 0.420 lock 0.61 move 0.0095 period None frozen 0.98 pr 2.0 sat None dead 0.00 rate +0.002 (394 pts) rate_fs +0.002 (394 pts) d1 7.8e-07 | 20.7s
ex16|tri0.7|1|0.9|code|50: level 0.778 slevel 0.388 static 0.993 c1 1.000 c50 0.996 fac1 0.993 fac50 0.288 lock 0.96 move 0.00564 period None frozen 0.91 pr 2.6 sat None dead 0.04 rate +0.005 (394 pts) rate_fs +0.005 (394 pts) d1 7.4e-06 | 38.7s
run39|tri0.7|0|0.75|leak|50: level 27.6 slevel 0.378 static 1.000 c1 1.000 c50 1.000 fac1 0.993 fac50 0.023 lock 1.00 move 0.000618 period None frozen 0.99 pr 2.8 sat None dead 0.00 rate -0.001 (394 pts) rate_fs -0.001 (394 pts) d1 8.0e-07 | 11.4s
run39|tri0.7|0|0.75|code|50: level 2.8e+03 slevel 0.378 static 1.000 c1 1.000 c50 1.000 fac1 0.995 fac50 -0.347 lock 1.00 move 0.000193 period None frozen 1.00 pr 3.5 sat None dead 0.00 rate +0.002 (394 pts) rate_fs +0.002 (394 pts) d1 8.0e-07 | 17.8s
ex16|tri0.7|0|0.0|code|50: level 15.3 slevel 0.390 static 0.975 c1 0.975 c50 0.975 fac1 0.003 fac50 -0.019 lock 0.00 move 0.223 period None frozen 0.66 pr 14.6 sat None dead 0.04 rate +0.121 (44 pts) rate_fs +0.102 (77 pts) d1 1.0e-05 | 37.1s
run39|tri0.7|0|0.9|code|50: level 5.94e+04 slevel 0.378 static 1.000 c1 1.000 c50 1.000 fac1 0.994 fac50 -0.261 lock 1.00 move 0.000265 period None frozen 0.99 pr 2.8 sat None dead 0.00 rate +0.000 (394 pts) rate_fs +0.000 (394 pts) d1 9.1e-07 | 9.8s
ex16|tri0.7|0|0.25|code|50: level 39.5 slevel 0.386 static 0.989 c1 1.000 c50 0.989 fac1 0.964 fac50 -0.031 lock 0.00 move 0.0256 period None frozen 0.81 pr 7.8 sat None dead 0.04 rate +0.034 (159 pts) rate_fs +0.038 (223 pts) d1 7.6e-06 | 37.8s
run39|raw|1|0.25|code|50: level 0.806 slevel 0.000 static 0.002 c1 0.984 c50 -0.720 fac1 0.981 fac50 -0.603 lock 0.00 move 0.177 period None frozen 0.08 pr 1.9 sat None dead 0.00 rate +0.003 (394 pts) rate_fs +0.003 (394 pts) d1 8.1e-07 | 4.6s
ex16|tri0.7|1|0.5|code|50: level 0.777 slevel 0.385 static 0.982 c1 1.000 c50 0.979 fac1 0.982 fac50 -0.109 lock 0.00 move 0.0399 period None frozen 0.79 pr 7.2 sat None dead 0.04 rate +0.019 (216 pts) rate_fs +0.016 (393 pts) d1 9.3e-06 | 69.8s
run39|tri0.7|0|0.9|leak|50: level 27.5 slevel 0.378 static 1.000 c1 1.000 c50 1.000 fac1 0.995 fac50 0.181 lock 1.00 move 0.00032 period None frozen 0.99 pr 2.7 sat None dead 0.00 rate -0.000 (394 pts) rate_fs -0.000 (394 pts) d1 9.1e-07 | 11.5s
run39|raw|1|0.0|code|50: level 0.803 slevel 0.000 static 0.018 c1 -0.914 c50 -0.452 fac1 -0.945 fac50 -0.403 lock 0.00 move 1.95 period None frozen 0.06 pr 1.9 sat None dead 0.00 rate +0.000 (394 pts) rate_fs +0.000 (394 pts) d1 1.0e-06 | 7.9s
run39|raw|1|0.5|code|50: level 0.807 slevel 0.000 static 0.004 c1 0.993 c50 0.906 fac1 0.989 fac50 0.755 lock 0.00 move 0.12 period None frozen 0.08 pr 2.0 sat None dead 0.00 rate +0.003 (394 pts) rate_fs +0.003 (394 pts) d1 7.1e-07 | 4.7s
ex16|tri0.7|0|0.5|code|50: level 154 slevel 0.388 static 0.988 c1 1.000 c50 0.989 fac1 0.993 fac50 0.084 lock 0.46 move 0.0103 period None frozen 0.83 pr 4.5 sat None dead 0.04 rate +0.025 (210 pts) rate_fs +0.023 (364 pts) d1 5.1e-06 | 37.9s
run39|raw|1|0.25|leak|50: level 0.807 slevel 0.000 static 0.002 c1 0.984 c50 -0.721 fac1 0.981 fac50 -0.603 lock 0.00 move 0.177 period None frozen 0.08 pr 1.9 sat None dead 0.00 rate +0.002 (394 pts) rate_fs +0.002 (394 pts) d1 8.2e-07 | 11.7s
run39|raw|1|0.5|leak|50: level 0.807 slevel 0.000 static 0.003 c1 0.993 c50 0.906 fac1 0.989 fac50 0.755 lock 0.00 move 0.12 period None frozen 0.08 pr 2.0 sat None dead 0.00 rate +0.000 (394 pts) rate_fs +0.000 (394 pts) d1 7.1e-07 | 6.6s
ex16|raw|1|0.0|code|50: level 0.775 slevel 0.000 static 0.017 c1 -0.048 c50 -0.584 fac1 -0.067 fac50 -0.519 lock 0.00 move 1.46 period None frozen 0.04 pr 3.2 sat None dead 0.04 rate +0.000 (394 pts) rate_fs +0.000 (394 pts) d1 1.0e-06 | 22.2s
ex16|raw|1|0.25|code|50: level 0.776 slevel 0.001 static 0.035 c1 0.979 c50 -0.520 fac1 0.975 fac50 -0.483 lock 0.00 move 0.207 period None frozen 0.04 pr 4.5 sat None dead 0.04 rate +0.008 (394 pts) rate_fs +0.008 (394 pts) d1 8.7e-07 | 23.3s
run39|raw|1|0.75|code|50: level 0.801 slevel 0.019 static 0.938 c1 1.000 c50 0.937 fac1 0.995 fac50 -0.040 lock 0.31 move 0.0108 period None frozen 0.69 pr 3.9 sat None dead 0.00 rate +0.001 (394 pts) rate_fs +0.001 (394 pts) d1 7.9e-07 | 8.4s
ex16|tri0.7|0|0.9|code|50: level 3.21e+04 slevel 0.391 static 0.994 c1 1.000 c50 0.998 fac1 0.993 fac50 0.375 lock 1.00 move 0.00154 period None frozen 0.91 pr 2.0 sat None dead 0.04 rate +0.005 (394 pts) rate_fs +0.005 (394 pts) d1 1.4e-06 | 38.3s
ex16|tri0.7|1|0.75|leak|50: level 0.778 slevel 0.388 static 0.990 c1 1.000 c50 0.990 fac1 0.993 fac50 -0.030 lock 0.84 move 0.0155 period None frozen 0.86 pr 4.7 sat None dead 0.04 rate +0.011 (394 pts) rate_fs +0.011 (394 pts) d1 3.5e-06 | 77.7s
ex16|tri0.7|0|0.75|leak|50: level 15.1 slevel 0.390 static 0.991 c1 1.000 c50 0.993 fac1 0.993 fac50 0.126 lock 0.98 move 0.00473 period None frozen 0.87 pr 3.3 sat None dead 0.04 rate +0.010 (394 pts) rate_fs +0.010 (394 pts) d1 2.7e-06 | 44.6s
ex16|raw|0|0.0|code|50: DIVERGED at step 50
run39|raw|0|0.0|code|50: DIVERGED at step 50
ex16|raw|0|0.25|code|50: DIVERGED at step 50
run39|raw|0|0.25|code|50: DIVERGED at step 50
run39|raw|1|0.9|code|50: level 0.805 slevel 0.009 static 0.472 c1 1.000 c50 0.747 fac1 0.995 fac50 0.379 lock 0.00 move 0.0163 period None frozen 0.28 pr 2.2 sat None dead 0.00 rate +0.002 (394 pts) rate_fs +0.002 (394 pts) d1 9.0e-07 | 6.4s
run39|raw|0|0.25|leak|50: DIVERGED at step 60
run39|raw|1|0.75|leak|50: level 0.807 slevel 0.000 static 0.004 c1 0.998 c50 -0.963 fac1 0.994 fac50 -0.806 lock 0.00 move 0.0614 period None frozen 0.05 pr 2.0 sat None dead 0.00 rate +0.000 (394 pts) rate_fs +0.000 (394 pts) d1 7.9e-07 | 12.0s
ex16|raw|0|0.25|leak|50: DIVERGED at step 60
ex16|raw|0|0.5|code|50: DIVERGED at step 50
run39|raw|0|0.5|code|50: DIVERGED at step 50
run39|raw|0|0.5|leak|50: DIVERGED at step 70
run39|raw|0|0.75|code|50: DIVERGED at step 50
ex16|raw|0|0.5|leak|50: DIVERGED at step 80
ex16|raw|0|0.75|code|50: DIVERGED at step 50
ex16|raw|1|0.25|leak|50: level 0.775 slevel 0.001 static 0.048 c1 0.976 c50 -0.207 fac1 0.972 fac50 -0.227 lock 0.00 move 0.218 period None frozen 0.04 pr 8.8 sat None dead 0.04 rate +0.009 (394 pts) rate_fs +0.009 (394 pts) d1 8.4e-07 | 29.9s
run39|raw|0|0.9|code|50: DIVERGED at step 40
run39|raw|0|0.75|leak|50: DIVERGED at step 110
ex16|raw|0|0.9|code|50: DIVERGED at step 50
ex16|raw|0|0.75|leak|50: DIVERGED at step 130
run39|raw|0|0.9|leak|50: DIVERGED at step 230
run39|raw|1|0.9|leak|50: level 0.804 slevel 0.005 static 0.281 c1 1.000 c50 0.467 fac1 0.996 fac50 0.217 lock 0.00 move 0.0239 period None frozen 0.16 pr 2.6 sat None dead 0.00 rate +0.002 (394 pts) rate_fs +0.002 (394 pts) d1 9.0e-07 | 6.8s
ex16|raw|1|0.75|code|50: level 0.775 slevel 0.005 static 0.299 c1 0.999 c50 0.148 fac1 0.995 fac50 -0.177 lock 0.00 move 0.0416 period None frozen 0.12 pr 4.6 sat None dead 0.04 rate +0.003 (394 pts) rate_fs +0.003 (394 pts) d1 8.3e-07 | 24.2s
ex16|raw|0|0.9|leak|50: DIVERGED at step 260
run39|relu|1|0.0|code|50: level 0.811 slevel 0.341 static 0.906 c1 0.852 c50 0.978 fac1 -0.602 fac50 0.629 lock 0.00 move 0.56 period None frozen 0.57 pr 2.7 sat None dead 0.00 rate +0.019 (394 pts) rate_fs +0.019 (394 pts) d1 1.0e-06 | 5.2s
ex16|tri0.7|1|0.9|leak|50: level 0.776 slevel 0.386 static 0.986 c1 1.000 c50 0.992 fac1 0.994 fac50 0.266 lock 0.96 move 0.00607 period None frozen 0.87 pr 2.7 sat None dead 0.04 rate +0.006 (394 pts) rate_fs +0.006 (394 pts) d1 1.6e-06 | 80.0s
run39|relu|1|0.25|code|50: level 0.812 slevel 0.345 static 0.991 c1 1.000 c50 0.992 fac1 0.955 fac50 0.090 lock 0.00 move 0.0439 period None frozen 0.90 pr 2.2 sat None dead 0.00 rate -0.001 (394 pts) rate_fs -0.001 (394 pts) d1 8.0e-07 | 5.5s
ex16|tri0.7|0|0.9|leak|50: level 15.1 slevel 0.388 static 0.995 c1 1.000 c50 0.998 fac1 0.993 fac50 0.400 lock 1.00 move 0.00162 period None frozen 0.92 pr 2.0 sat None dead 0.04 rate +0.006 (394 pts) rate_fs +0.006 (394 pts) d1 1.4e-06 | 49.0s
run39|relu|1|0.25|leak|50: level 0.812 slevel 0.345 static 0.992 c1 1.000 c50 0.993 fac1 0.955 fac50 0.100 lock 0.00 move 0.0437 period None frozen 0.90 pr 2.2 sat None dead 0.00 rate +0.002 (394 pts) rate_fs +0.002 (394 pts) d1 7.9e-07 | 7.4s
ex16|tri0.7|0|0.25|leak|50: level 15.2 slevel 0.387 static 0.987 c1 1.000 c50 0.985 fac1 0.963 fac50 -0.109 lock 0.00 move 0.0294 period None frozen 0.79 pr 6.8 sat None dead 0.04 rate +0.036 (168 pts) rate_fs +0.031 (277 pts) d1 7.6e-06 | 79.3s
ex16|raw|1|0.5|code|50: level 0.775 slevel 0.001 static 0.072 c1 0.994 c50 0.263 fac1 0.990 fac50 0.168 lock 0.00 move 0.108 period None frozen 0.04 pr 7.4 sat None dead 0.04 rate +0.007 (394 pts) rate_fs +0.007 (394 pts) d1 7.7e-07 | 41.8s
ex16|raw|1|0.9|code|50: level 0.776 slevel 0.006 static 0.360 c1 1.000 c50 0.681 fac1 0.995 fac50 0.388 lock 0.00 move 0.0177 period None frozen 0.23 pr 2.3 sat None dead 0.04 rate +0.003 (394 pts) rate_fs +0.003 (394 pts) d1 9.3e-07 | 24.6s
ex16|raw|1|0.75|leak|50: level 0.777 slevel 0.001 static 0.088 c1 0.999 c50 -0.059 fac1 0.995 fac50 -0.156 lock 0.00 move 0.0502 period None frozen 0.04 pr 5.0 sat None dead 0.04 rate +0.005 (394 pts) rate_fs +0.005 (394 pts) d1 8.1e-07 | 30.6s
run39|relu|1|0.5|code|50: level 0.813 slevel 0.343 static 1.000 c1 1.000 c50 1.000 fac1 0.921 fac50 -0.122 lock 0.88 move 0.0196 period None frozen 0.99 pr 2.4 sat None dead 0.00 rate +0.000 (394 pts) rate_fs +0.000 (394 pts) d1 7.1e-07 | 10.1s
run39|relu|1|0.5|leak|50: level 0.813 slevel 0.343 static 1.000 c1 1.000 c50 1.000 fac1 0.923 fac50 -0.123 lock 0.88 move 0.0196 period None frozen 0.99 pr 2.4 sat None dead 0.00 rate +0.001 (394 pts) rate_fs +0.001 (394 pts) d1 7.1e-07 | 7.4s
ex16|tri0.7|0|0.75|code|50: level 1.52e+03 slevel 0.387 static 0.994 c1 1.000 c50 0.994 fac1 0.993 fac50 -0.083 lock 1.00 move 0.00443 period None frozen 0.88 pr 4.6 sat None dead 0.04 rate +0.010 (394 pts) rate_fs +0.010 (394 pts) d1 2.7e-06 | 70.5s
run39|relu|1|0.75|leak|50: level 0.813 slevel 0.343 static 1.000 c1 1.000 c50 1.000 fac1 0.992 fac50 0.296 lock 0.94 move 0.00812 period None frozen 0.99 pr 2.2 sat None dead 0.00 rate +0.003 (394 pts) rate_fs +0.003 (394 pts) d1 8.0e-07 | 7.3s
ex16|relu|0|0.0|code|50: DIVERGED at step 70
run39|relu|1|0.75|code|50: level 0.813 slevel 0.343 static 1.000 c1 1.000 c50 1.000 fac1 0.995 fac50 0.415 lock 0.94 move 0.00811 period None frozen 0.99 pr 1.9 sat None dead 0.00 rate +0.000 (394 pts) rate_fs +0.000 (394 pts) d1 7.9e-07 | 9.8s
run39|relu|0|0.0|code|50: DIVERGED at step 60
run39|relu|0|0.25|code|50: DIVERGED at step 60
ex16|tri0.7|0|0.5|leak|50: level 15 slevel 0.387 static 0.988 c1 1.000 c50 0.987 fac1 0.988 fac50 -0.053 lock 0.03 move 0.0147 period None frozen 0.81 pr 5.9 sat None dead 0.04 rate +0.021 (243 pts) rate_fs +0.021 (394 pts) d1 5.1e-06 | 79.5s
ex16|relu|0|0.25|code|50: DIVERGED at step 60
ex16|relu|0|0.25|leak|50: DIVERGED at step 80
run39|relu|0|0.5|code|50: DIVERGED at step 60
run39|relu|0|0.25|leak|50: DIVERGED at step 70
run39|relu|0|0.5|leak|50: DIVERGED at step 90
ex16|relu|0|0.5|code|50: DIVERGED at step 60
run39|relu|1|0.9|code|50: level 0.814 slevel 0.346 static 1.000 c1 1.000 c50 1.000 fac1 0.991 fac50 0.513 lock 0.98 move 0.00303 period None frozen 0.98 pr 1.1 sat None dead 0.00 rate -0.000 (394 pts) rate_fs -0.000 (394 pts) d1 9.0e-07 | 9.8s
run39|relu|0|0.75|code|50: DIVERGED at step 50
ex16|relu|0|0.5|leak|50: DIVERGED at step 100
ex16|relu|0|0.75|code|50: DIVERGED at step 60
ex16|relu|0|0.9|code|50: DIVERGED at step 50
ex16|relu|1|0.25|code|50: level 0.777 slevel 0.338 static 0.984 c1 0.999 c50 0.984 fac1 0.918 fac50 0.021 lock 0.00 move 0.0754 period None frozen 0.77 pr 9.9 sat None dead 0.04 rate +0.004 (394 pts) rate_fs +0.004 (394 pts) d1 8.6e-07 | 25.8s
ex16|raw|1|0.5|leak|50: level 0.776 slevel 0.002 static 0.170 c1 0.995 c50 0.262 fac1 0.990 fac50 0.085 lock 0.00 move 0.0997 period None frozen 0.04 pr 7.4 sat None dead 0.04 rate +0.009 (394 pts) rate_fs +0.009 (394 pts) d1 7.5e-07 | 52.8s
run39|relu|0|0.9|code|50: DIVERGED at step 50
run39|relu|0|0.75|leak|50: DIVERGED at step 150
run39|relu|0|0.9|leak|50: DIVERGED at step 330
run39|relu|1|0.9|leak|50: level 0.814 slevel 0.346 static 1.000 c1 1.000 c50 1.000 fac1 0.991 fac50 0.353 lock 0.98 move 0.00305 period None frozen 0.99 pr 1.8 sat None dead 0.00 rate -0.001 (394 pts) rate_fs -0.001 (394 pts) d1 9.0e-07 | 13.4s
ex16|relu|0|0.75|leak|50: DIVERGED at step 170
ex16|relu|1|0.5|code|50: level 0.777 slevel 0.341 static 0.991 c1 1.000 c50 0.989 fac1 0.982 fac50 -0.132 lock 0.07 move 0.0343 period None frozen 0.84 pr 7.2 sat None dead 0.04 rate +0.002 (394 pts) rate_fs +0.002 (394 pts) d1 7.5e-07 | 25.6s
ex16|relu|0|0.9|leak|50: DIVERGED at step 380
ex16|relu|1|0.25|leak|50: level 0.776 slevel 0.338 static 0.984 c1 0.999 c50 0.984 fac1 0.915 fac50 -0.022 lock 0.00 move 0.0756 period None frozen 0.77 pr 10.4 sat None dead 0.04 rate +0.004 (394 pts) rate_fs +0.004 (394 pts) d1 8.6e-07 | 31.9s
ex16|relu|1|0.75|code|50: level 0.777 slevel 0.340 static 0.995 c1 1.000 c50 0.996 fac1 0.992 fac50 0.057 lock 0.90 move 0.0135 period None frozen 0.90 pr 3.9 sat None dead 0.04 rate +0.002 (394 pts) rate_fs +0.002 (394 pts) d1 8.1e-07 | 26.2s
run39|tri1.0|1|0.25|code|50: level 0.81 slevel 0.320 static 0.991 c1 0.999 c50 0.984 fac1 0.932 fac50 -0.726 lock 0.00 move 0.0458 period None frozen 0.91 pr 2.1 sat None dead 0.00 rate +0.002 (394 pts) rate_fs +0.002 (394 pts) d1 8.2e-07 | 10.2s
ex16|relu|1|0.5|leak|50: level 0.776 slevel 0.342 static 0.993 c1 1.000 c50 0.991 fac1 0.979 fac50 -0.140 lock 0.06 move 0.0345 period None frozen 0.85 pr 7.6 sat None dead 0.04 rate +0.005 (394 pts) rate_fs +0.005 (394 pts) d1 7.4e-07 | 31.8s
ex16|relu|1|0.9|code|50: level 0.777 slevel 0.341 static 0.997 c1 1.000 c50 0.999 fac1 0.993 fac50 0.401 lock 0.96 move 0.00489 period None frozen 0.94 pr 2.0 sat None dead 0.04 rate -0.000 (394 pts) rate_fs -0.000 (394 pts) d1 9.2e-07 | 26.2s
run39|tri1.0|1|0.5|code|50: level 0.809 slevel 0.323 static 0.996 c1 1.000 c50 0.993 fac1 0.994 fac50 -0.648 lock 0.86 move 0.0185 period None frozen 0.93 pr 2.2 sat None dead 0.00 rate +0.001 (394 pts) rate_fs +0.001 (394 pts) d1 7.2e-07 | 10.1s
ex16|raw|1|0.9|leak|50: level 0.774 slevel 0.008 static 0.640 c1 1.000 c50 0.852 fac1 0.994 fac50 0.423 lock 0.23 move 0.0125 period None frozen 0.43 pr 2.1 sat None dead 0.04 rate +0.002 (394 pts) rate_fs +0.002 (394 pts) d1 9.1e-07 | 53.1s
ex16|relu|1|0.0|code|50: level 0.776 slevel 0.335 static 0.920 c1 0.911 c50 0.920 fac1 -0.102 fac50 -0.012 lock 0.00 move 0.436 period None frozen 0.47 pr 15.3 sat None dead 0.04 rate +0.033 (268 pts) rate_fs +0.033 (340 pts) d1 1.1e-06 | 44.1s
run39|tri1.0|1|0.0|code|50: level 0.81 slevel 0.320 static 0.935 c1 0.879 c50 0.993 fac1 -0.933 fac50 0.745 lock 0.00 move 0.519 period None frozen 0.77 pr 1.2 sat None dead 0.00 rate +0.006 (394 pts) rate_fs +0.006 (394 pts) d1 1.0e-06 | 18.2s
ex16|relu|1|0.9|leak|50: level 0.776 slevel 0.344 static 0.998 c1 1.000 c50 0.999 fac1 0.995 fac50 0.234 lock 0.96 move 0.00485 period None frozen 0.95 pr 3.0 sat None dead 0.04 rate -0.000 (394 pts) rate_fs -0.000 (394 pts) d1 9.1e-07 | 31.2s
run39|tri1.0|1|0.75|code|50: level 0.809 slevel 0.323 static 0.997 c1 1.000 c50 0.998 fac1 0.997 fac50 0.184 lock 0.94 move 0.00769 period None frozen 0.95 pr 2.1 sat None dead 0.00 rate -0.000 (394 pts) rate_fs -0.000 (394 pts) d1 8.0e-07 | 10.0s
run39|tri1.0|1|0.5|leak|50: level 0.809 slevel 0.323 static 0.996 c1 1.000 c50 0.993 fac1 0.993 fac50 -0.645 lock 0.86 move 0.0185 period None frozen 0.93 pr 2.2 sat None dead 0.00 rate +0.000 (394 pts) rate_fs +0.000 (394 pts) d1 7.2e-07 | 11.8s
run39|tri1.0|0|0.0|code|50: DIVERGED at step 60
ex16|tri1.0|0|0.0|code|50: DIVERGED at step 70
run39|tri1.0|0|0.25|code|50: DIVERGED at step 60
ex16|tri1.0|0|0.25|code|50: DIVERGED at step 60
run39|tri1.0|0|0.25|leak|50: DIVERGED at step 70
run39|tri1.0|1|0.25|leak|50: level 0.81 slevel 0.320 static 0.991 c1 0.999 c50 0.984 fac1 0.932 fac50 -0.726 lock 0.00 move 0.0458 period None frozen 0.91 pr 2.1 sat None dead 0.00 rate -0.001 (394 pts) rate_fs -0.001 (394 pts) d1 8.2e-07 | 21.9s
ex16|tri1.0|0|0.5|code|50: DIVERGED at step 60
ex16|tri1.0|0|0.25|leak|50: DIVERGED at step 80
run39|tri1.0|0|0.5|code|50: DIVERGED at step 60
run39|tri1.0|0|0.5|leak|50: DIVERGED at step 100
run39|tri1.0|0|0.75|code|50: DIVERGED at step 50
run39|tri1.0|1|0.75|leak|50: level 0.809 slevel 0.324 static 0.997 c1 1.000 c50 0.998 fac1 0.997 fac50 0.184 lock 0.94 move 0.00769 period None frozen 0.95 pr 2.1 sat None dead 0.00 rate -0.001 (394 pts) rate_fs -0.001 (394 pts) d1 8.0e-07 | 11.7s
run39|tri1.0|0|0.75|leak|50: DIVERGED at step 160
ex16|tri1.0|0|0.5|leak|50: DIVERGED at step 110
ex16|tri1.0|0|0.75|code|50: DIVERGED at step 60
run39|tri1.0|0|0.9|code|50: DIVERGED at step 50
ex16|tri1.0|0|0.9|code|50: DIVERGED at step 60
run39|tri1.0|0|0.9|leak|50: DIVERGED at step 350
ex16|tri1.0|0|0.75|leak|50: DIVERGED at step 190
run39|tri1.0|1|0.9|leak|50: level 0.809 slevel 0.321 static 0.998 c1 1.000 c50 0.999 fac1 0.992 fac50 0.481 lock 0.98 move 0.00288 period None frozen 0.96 pr 1.6 sat None dead 0.00 rate -0.000 (394 pts) rate_fs -0.000 (394 pts) d1 9.0e-07 | 11.6s
run39|tri1.0|1|0.9|code|50: level 0.809 slevel 0.321 static 0.998 c1 1.000 c50 0.999 fac1 0.993 fac50 0.485 lock 0.98 move 0.00289 period None frozen 0.96 pr 1.6 sat None dead 0.00 rate -0.001 (394 pts) rate_fs -0.001 (394 pts) d1 9.0e-07 | 18.3s
run39|kwta4|1|0.0|code|50: level 0.803 slevel 0.114 static 0.199 c1 0.194 c50 0.194 fac1 -0.008 fac50 -0.005 lock 0.00 move 1.27 period None frozen 0.00 pr 20.9 sat None dead 0.00 rate +0.000 (394 pts) rate_fs +0.000 (394 pts) d1 5.8e-07 | 9.2s
ex16|relu|1|0.75|leak|50: level 0.776 slevel 0.339 static 0.992 c1 1.000 c50 0.992 fac1 0.995 fac50 0.067 lock 0.89 move 0.0138 period None frozen 0.88 pr 4.1 sat None dead 0.04 rate +0.002 (394 pts) rate_fs +0.002 (394 pts) d1 8.0e-07 | 54.5s
run39|kwta4|1|0.25|code|50: level 0.803 slevel 0.115 static 0.328 c1 0.732 c50 0.323 fac1 0.600 fac50 -0.006 lock 0.00 move 0.726 period None frozen 0.00 pr 17.8 sat None dead 0.00 rate -0.000 (394 pts) rate_fs -0.000 (394 pts) d1 5.4e-07 | 9.6s
ex16|tri1.0|1|0.5|code|50: level 0.776 slevel 0.334 static 0.988 c1 1.000 c50 0.986 fac1 0.982 fac50 -0.066 lock 0.01 move 0.0364 period None frozen 0.82 pr 7.3 sat None dead 0.04 rate +0.002 (394 pts) rate_fs +0.002 (394 pts) d1 7.5e-07 | 38.8s
ex16|tri1.0|0|0.9|leak|50: DIVERGED at step 420
ex16|tri1.0|1|0.75|code|50: level 0.776 slevel 0.331 static 0.995 c1 1.000 c50 0.994 fac1 0.993 fac50 -0.140 lock 0.89 move 0.0138 period None frozen 0.90 pr 4.8 sat None dead 0.04 rate +0.001 (394 pts) rate_fs +0.001 (394 pts) d1 8.1e-07 | 38.7s
run39|kwta4|1|0.5|code|50: level 0.804 slevel 0.116 static 0.365 c1 0.936 c50 0.337 fac1 0.897 fac50 -0.039 lock 0.00 move 0.357 period None frozen 0.01 pr 14.4 sat None dead 0.00 rate -0.000 (394 pts) rate_fs -0.000 (394 pts) d1 6.2e-07 | 9.5s
ex16|tri1.0|1|0.5|leak|50: level 0.776 slevel 0.333 static 0.988 c1 1.000 c50 0.985 fac1 0.984 fac50 -0.094 lock 0.01 move 0.0359 period None frozen 0.82 pr 7.0 sat None dead 0.04 rate +0.002 (394 pts) rate_fs +0.002 (394 pts) d1 7.4e-07 | 44.6s
run39|kwta4|1|0.25|leak|50: level 0.803 slevel 0.115 static 0.322 c1 0.707 c50 0.338 fac1 0.575 fac50 0.007 lock 0.00 move 0.755 period None frozen 0.00 pr 17.8 sat None dead 0.00 rate +0.000 (394 pts) rate_fs +0.000 (394 pts) d1 5.8e-07 | 12.3s
ex16|tri1.0|1|0.75|leak|50: level 0.776 slevel 0.332 static 0.986 c1 1.000 c50 0.989 fac1 0.994 fac50 0.130 lock 0.86 move 0.0146 period None frozen 0.84 pr 3.4 sat None dead 0.04 rate +0.002 (394 pts) rate_fs +0.002 (394 pts) d1 8.0e-07 | 44.4s
run39|kwta4|1|0.75|code|50: level 0.805 slevel 0.116 static 0.396 c1 0.989 c50 0.406 fac1 0.978 fac50 -0.016 lock 0.00 move 0.146 period None frozen 0.03 pr 10.3 sat None dead 0.00 rate -0.000 (394 pts) rate_fs -0.000 (394 pts) d1 7.6e-07 | 9.4s
ex16|kwta4|1|0.0|code|50: level 0.774 slevel 0.114 static 0.196 c1 0.197 c50 0.184 fac1 -0.002 fac50 -0.007 lock 0.00 move 1.27 period None frozen 0.04 pr 19.4 sat None dead 0.04 rate -0.000 (341 pts) rate_fs +0.001 (343 pts) d1 6.4e-07 | 35.6s
run39|kwta4|1|0.75|leak|50: level 0.805 slevel 0.116 static 0.387 c1 0.989 c50 0.345 fac1 0.980 fac50 -0.080 lock 0.00 move 0.144 period None frozen 0.04 pr 10.4 sat None dead 0.00 rate -0.000 (394 pts) rate_fs -0.000 (394 pts) d1 7.7e-07 | 12.2s
ex16|kwta4|1|0.25|code|50: level 0.774 slevel 0.115 static 0.315 c1 0.708 c50 0.307 fac1 0.584 fac50 -0.012 lock 0.00 move 0.753 period None frozen 0.04 pr 16.7 sat None dead 0.04 rate -0.000 (394 pts) rate_fs -0.000 (394 pts) d1 6.0e-07 | 37.2s
ex16|tri1.0|1|0.0|code|50: level 0.776 slevel 0.329 static 0.909 c1 0.909 c50 0.909 fac1 -0.015 fac50 -0.022 lock 0.00 move 0.439 period None frozen 0.45 pr 15.3 sat None dead 0.04 rate +0.035 (254 pts) rate_fs +0.035 (319 pts) d1 1.1e-06 | 69.5s
run39|kwta4|0|0.0|code|50: DIVERGED at step 70
run39|kwta4|1|0.5|leak|50: level 0.803 slevel 0.116 static 0.360 c1 0.936 c50 0.326 fac1 0.898 fac50 -0.043 lock 0.00 move 0.358 period None frozen 0.01 pr 14.4 sat None dead 0.00 rate -0.000 (394 pts) rate_fs -0.000 (394 pts) d1 6.2e-07 | 21.7s
run39|kwta4|1|0.9|code|50: level 0.803 slevel 0.117 static 0.463 c1 0.999 c50 0.417 fac1 0.993 fac50 -0.097 lock 0.00 move 0.0553 period None frozen 0.12 pr 6.1 sat None dead 0.00 rate -0.001 (394 pts) rate_fs -0.001 (394 pts) d1 9.0e-07 | 9.5s
ex16|tri1.0|1|0.25|code|50: level 0.775 slevel 0.330 static 0.968 c1 0.997 c50 0.958 fac1 0.921 fac50 -0.266 lock 0.00 move 0.0915 period None frozen 0.69 pr 6.0 sat None dead 0.04 rate +0.003 (394 pts) rate_fs +0.003 (394 pts) d1 8.5e-07 | 70.6s
ex16|kwta4|0|0.0|code|50: DIVERGED at step 80
run39|kwta4|0|0.25|code|50: DIVERGED at step 70
run39|kwta4|0|0.5|code|50: DIVERGED at step 70
run39|kwta4|0|0.25|leak|50: DIVERGED at step 90
ex16|kwta4|0|0.5|code|50: DIVERGED at step 70
ex16|kwta4|0|0.25|leak|50: DIVERGED at step 110
ex16|kwta4|0|0.25|code|50: DIVERGED at step 80
run39|kwta4|0|0.75|code|50: DIVERGED at step 60
ex16|kwta4|0|0.75|code|50: DIVERGED at step 70
run39|kwta4|0|0.5|leak|50: DIVERGED at step 130
run39|kwta4|0|0.9|code|50: DIVERGED at step 60
ex16|kwta4|0|0.9|code|50: DIVERGED at step 60
run39|kwta4|0|0.75|leak|50: DIVERGED at step 220
run39|kwta4|1|0.9|leak|50: level 0.802 slevel 0.117 static 0.405 c1 0.999 c50 0.363 fac1 0.994 fac50 -0.021 lock 0.00 move 0.0532 period None frozen 0.09 pr 5.6 sat None dead 0.00 rate -0.001 (394 pts) rate_fs -0.001 (394 pts) d1 8.9e-07 | 12.0s
ex16|kwta4|0|0.5|leak|50: DIVERGED at step 150
run39|kwta4|0|0.9|leak|50: DIVERGED at step 500
run39|sign|0|0.0|code|50: level 3.43 slevel 0.000 static 0.003 c1 0.003 c50 -0.007 fac1 0.001 fac50 -0.008 lock 0.00 move 1.41 period None frozen 0.00 pr 23.0 sat 1.000 dead 0.00 rate None (0 pts) rate_fs None (0 pts) d1 0.0e+00 | 3.4s
run39|sign|0|0.25|code|50: level 3.93 slevel 0.000 static 0.019 c1 0.600 c50 0.007 fac1 0.598 fac50 -0.007 lock 0.00 move 0.886 period None frozen 0.00 pr 20.4 sat 1.000 dead 0.00 rate -0.455 (3 pts) rate_fs -0.455 (3 pts) d1 2.5e-07 | 3.8s
ex16|tri1.0|1|0.25|leak|50: level 0.775 slevel 0.331 static 0.971 c1 0.997 c50 0.961 fac1 0.920 fac50 -0.239 lock 0.00 move 0.0905 period None frozen 0.70 pr 6.3 sat None dead 0.04 rate +0.005 (394 pts) rate_fs +0.005 (394 pts) d1 8.5e-07 | 81.1s
ex16|kwta4|0|0.75|leak|50: DIVERGED at step 270
run39|sign|0|0.25|leak|50: level 2.97 slevel 0.000 static 0.013 c1 0.612 c50 -0.001 fac1 0.613 fac50 -0.011 lock 0.00 move 0.872 period None frozen 0.00 pr 20.3 sat 1.000 dead 0.00 rate None (2 pts) rate_fs None (2 pts) d1 2.6e-07 | 5.0s
ex16|kwta4|1|0.75|code|50: level 0.776 slevel 0.116 static 0.373 c1 0.988 c50 0.331 fac1 0.978 fac50 -0.053 lock 0.00 move 0.153 period None frozen 0.06 pr 10.2 sat None dead 0.04 rate -0.001 (394 pts) rate_fs -0.001 (394 pts) d1 7.9e-07 | 37.8s
ex16|tri1.0|1|0.9|code|50: level 0.775 slevel 0.332 static 0.995 c1 1.000 c50 0.998 fac1 0.994 fac50 0.342 lock 0.96 move 0.00511 period None frozen 0.92 pr 2.4 sat None dead 0.04 rate -0.001 (394 pts) rate_fs -0.001 (394 pts) d1 9.2e-07 | 70.7s
ex16|kwta4|1|0.5|leak|50: level 0.774 slevel 0.115 static 0.338 c1 0.928 c50 0.322 fac1 0.892 fac50 -0.016 lock 0.00 move 0.375 period None frozen 0.04 pr 13.9 sat None dead 0.04 rate -0.000 (394 pts) rate_fs -0.000 (394 pts) d1 6.2e-07 | 44.8s
run39|sign|0|0.75|code|50: level 11.7 slevel 0.001 static 0.069 c1 0.984 c50 0.068 fac1 0.980 fac50 0.000 lock 0.00 move 0.177 period None frozen 0.00 pr 9.6 sat 1.000 dead 0.00 rate -0.201 (27 pts) rate_fs -0.201 (27 pts) d1 7.5e-07 | 3.8s
run39|sign|0|0.5|leak|50: level 2.9 slevel 0.000 static 0.021 c1 0.901 c50 0.006 fac1 0.898 fac50 -0.012 lock 0.00 move 0.439 period None frozen 0.00 pr 14.8 sat 1.000 dead 0.00 rate -0.551 (9 pts) rate_fs -0.551 (9 pts) d1 5.1e-07 | 5.0s
run39|sign|0|0.5|code|50: level 5.8 slevel 0.000 static 0.022 c1 0.899 c50 -0.021 fac1 0.897 fac50 -0.036 lock 0.00 move 0.442 period None frozen 0.00 pr 15.6 sat 1.000 dead 0.00 rate -0.412 (10 pts) rate_fs -0.412 (10 pts) d1 5.1e-07 | 6.8s
ex16|sign|0|0.0|code|50: level 2.96 slevel 0.000 static 0.004 c1 0.005 c50 0.000 fac1 0.001 fac50 -0.003 lock 0.00 move 1.41 period None frozen 0.04 pr 21.5 sat 0.965 dead 0.04 rate None (0 pts) rate_fs None (0 pts) d1 1.6e-01 | 18.3s
ex16|kwta4|1|0.75|leak|50: level 0.774 slevel 0.116 static 0.359 c1 0.988 c50 0.316 fac1 0.978 fac50 -0.059 lock 0.00 move 0.151 period None frozen 0.06 pr 10.0 sat None dead 0.04 rate -0.000 (394 pts) rate_fs -0.000 (394 pts) d1 7.8e-07 | 44.7s
ex16|kwta4|1|0.9|code|50: level 0.777 slevel 0.117 static 0.457 c1 0.998 c50 0.399 fac1 0.993 fac50 -0.100 lock 0.00 move 0.0562 period None frozen 0.14 pr 5.9 sat None dead 0.04 rate -0.002 (394 pts) rate_fs -0.002 (394 pts) d1 9.1e-07 | 38.1s
run39|sign|0|0.9|code|50: level 29.7 slevel 0.001 static 0.162 c1 0.998 c50 0.235 fac1 0.994 fac50 0.073 lock 0.00 move 0.063 period None frozen 0.00 pr 4.8 sat 1.000 dead 0.00 rate -0.059 (89 pts) rate_fs -0.059 (89 pts) d1 9.0e-07 | 4.0s
run39|sign|0|0.75|leak|50: level 2.93 slevel 0.002 static 0.086 c1 0.984 c50 -0.017 fac1 0.979 fac50 -0.112 lock 0.00 move 0.176 period None frozen 0.00 pr 9.7 sat 1.000 dead 0.00 rate -0.180 (24 pts) rate_fs -0.180 (24 pts) d1 7.5e-07 | 5.1s
ex16|tri1.0|1|0.9|leak|50: level 0.775 slevel 0.335 static 0.995 c1 1.000 c50 0.997 fac1 0.994 fac50 0.324 lock 0.96 move 0.00508 period None frozen 0.92 pr 2.4 sat None dead 0.04 rate +0.002 (394 pts) rate_fs +0.002 (394 pts) d1 9.1e-07 | 80.9s
run39|sign|0|0.9|leak|50: level 2.92 slevel 0.004 static 0.223 c1 0.998 c50 0.181 fac1 0.993 fac50 -0.050 lock 0.00 move 0.0645 period None frozen 0.01 pr 5.7 sat 1.000 dead 0.00 rate -0.081 (81 pts) rate_fs -0.081 (81 pts) d1 9.0e-07 | 5.3s
run39|step0|0|0.0|code|50: level 2.41 slevel 0.501 static 0.786 c1 0.790 c50 0.790 fac1 -0.001 fac50 -0.002 lock 0.00 move 0.654 period None frozen 0.15 pr 20.3 sat 0.500 dead 0.00 rate None (0 pts) rate_fs None (0 pts) d1 0.0e+00 | 5.1s
ex16|sign|0|0.25|leak|50: level 2.56 slevel 0.000 static 0.018 c1 0.615 c50 -0.001 fac1 0.614 fac50 -0.017 lock 0.00 move 0.865 period None frozen 0.04 pr 19.3 sat 0.965 dead 0.04 rate None (0 pts) rate_fs None (0 pts) d1 1.4e-01 | 22.9s
ex16|kwta4|0|0.9|leak|50: DIVERGED at step 620
run39|step0|0|0.25|code|50: level 3.13 slevel 0.496 static 0.884 c1 0.947 c50 0.885 fac1 0.531 fac50 -0.019 lock 0.00 move 0.333 period None frozen 0.31 pr 17.2 sat 0.498 dead 0.00 rate None (1 pts) rate_fs None (1 pts) d1 2.6e-07 | 5.2s
run39|step0|0|0.25|leak|50: level 2.35 slevel 0.499 static 0.878 c1 0.946 c50 0.879 fac1 0.547 fac50 0.008 lock 0.00 move 0.334 period None frozen 0.31 pr 17.2 sat 0.499 dead 0.00 rate None (2 pts) rate_fs None (2 pts) d1 2.5e-07 | 6.6s
ex16|sign|0|0.5|leak|50: level 2.52 slevel 0.000 static 0.051 c1 0.901 c50 0.019 fac1 0.897 fac50 -0.026 lock 0.00 move 0.435 period None frozen 0.04 pr 15.0 sat 0.965 dead 0.04 rate None (0 pts) rate_fs None (0 pts) d1 9.6e-02 | 23.0s
ex16|kwta4|1|0.9|leak|50: level 0.773 slevel 0.117 static 0.429 c1 0.999 c50 0.392 fac1 0.993 fac50 -0.055 lock 0.00 move 0.0552 period None frozen 0.14 pr 5.7 sat None dead 0.04 rate -0.001 (394 pts) rate_fs -0.001 (394 pts) d1 9.0e-07 | 45.5s
run39|step0|0|0.5|code|50: level 4.69 slevel 0.493 static 0.890 c1 0.987 c50 0.899 fac1 0.876 fac50 0.027 lock 0.00 move 0.166 period None frozen 0.37 pr 13.1 sat 0.498 dead 0.00 rate -0.472 (10 pts) rate_fs -0.472 (10 pts) d1 5.0e-07 | 5.4s
ex16|kwta4|1|0.5|code|50: level 0.776 slevel 0.115 static 0.342 c1 0.929 c50 0.327 fac1 0.891 fac50 -0.023 lock 0.00 move 0.375 period None frozen 0.04 pr 13.9 sat None dead 0.04 rate -0.000 (394 pts) rate_fs -0.000 (394 pts) d1 6.3e-07 | 71.2s
ex16|sign|0|0.25|code|50: level 3.42 slevel 0.000 static 0.021 c1 0.616 c50 0.011 fac1 0.613 fac50 -0.010 lock 0.00 move 0.867 period None frozen 0.04 pr 19.3 sat 0.965 dead 0.04 rate None (0 pts) rate_fs None (0 pts) d1 1.4e-01 | 34.1s
ex16|sign|0|0.75|leak|50: level 2.59 slevel 0.001 static 0.193 c1 0.985 c50 0.132 fac1 0.978 fac50 -0.065 lock 0.01 move 0.169 period None frozen 0.04 pr 10.3 sat 1.000 dead 0.03 rate None (0 pts) rate_fs None (0 pts) d1 5.6e-02 | 23.5s
run39|step0|0|0.5|leak|50: level 2.35 slevel 0.492 static 0.893 c1 0.987 c50 0.894 fac1 0.872 fac50 -0.019 lock 0.00 move 0.163 period None frozen 0.37 pr 13.5 sat 0.497 dead 0.00 rate -0.246 (11 pts) rate_fs -0.246 (11 pts) d1 5.0e-07 | 6.6s
run39|step0|0|0.75|code|50: level 9.35 slevel 0.496 static 0.898 c1 0.998 c50 0.899 fac1 0.974 fac50 -0.033 lock 0.00 move 0.067 period None frozen 0.43 pr 9.6 sat 0.496 dead 0.00 rate -0.186 (25 pts) rate_fs -0.186 (25 pts) d1 7.5e-07 | 5.5s
ex16|sign|0|0.9|leak|50: level 2.6 slevel 0.003 static 0.283 c1 0.998 c50 0.297 fac1 0.993 fac50 -0.008 lock 0.01 move 0.0609 period None frozen 0.06 pr 5.5 sat 1.000 dead 0.03 rate None (0 pts) rate_fs None (0 pts) d1 2.3e-02 | 23.7s
ex16|kwta4|1|0.25|leak|50: level 0.773 slevel 0.115 static 0.319 c1 0.712 c50 0.301 fac1 0.584 fac50 -0.021 lock 0.00 move 0.752 period None frozen 0.04 pr 16.7 sat None dead 0.04 rate -0.000 (394 pts) rate_fs -0.000 (394 pts) d1 6.2e-07 | 84.5s
ex16|sign|0|0.5|code|50: level 5.02 slevel 0.000 static 0.041 c1 0.900 c50 0.006 fac1 0.897 fac50 -0.027 lock 0.00 move 0.438 period None frozen 0.04 pr 15.0 sat 0.965 dead 0.04 rate None (0 pts) rate_fs None (0 pts) d1 9.5e-02 | 35.6s
ex16|step0|0|0.0|code|50: level 2.15 slevel 0.511 static 0.804 c1 0.805 c50 0.806 fac1 0.000 fac50 -0.004 lock 0.01 move 0.623 period None frozen 0.20 pr 18.4 sat 0.521 dead 0.03 rate None (0 pts) rate_fs None (0 pts) d1 1.4e-01 | 23.5s
ex16|sign|0|0.75|code|50: level 10.4 slevel 0.002 static 0.202 c1 0.985 c50 0.146 fac1 0.978 fac50 -0.065 lock 0.01 move 0.167 period None frozen 0.04 pr 10.4 sat 1.000 dead 0.03 rate None (0 pts) rate_fs None (0 pts) d1 5.5e-02 | 34.7s
run39|step0|0|0.9|code|50: level 23.5 slevel 0.497 static 0.905 c1 1.000 c50 0.910 fac1 0.993 fac50 0.043 lock 0.00 move 0.0235 period None frozen 0.53 pr 5.1 sat 0.498 dead 0.00 rate -0.061 (87 pts) rate_fs -0.061 (87 pts) d1 9.0e-07 | 5.7s
run39|step0|0|0.75|leak|50: level 2.34 slevel 0.501 static 0.898 c1 0.998 c50 0.890 fac1 0.972 fac50 -0.067 lock 0.00 move 0.0684 period None frozen 0.44 pr 10.5 sat 0.499 dead 0.00 rate -0.160 (36 pts) rate_fs -0.160 (36 pts) d1 7.5e-07 | 12.7s
run39|step0|0|0.9|leak|50: level 2.35 slevel 0.502 static 0.917 c1 1.000 c50 0.908 fac1 0.993 fac50 -0.143 lock 0.00 move 0.025 period None frozen 0.56 pr 6.1 sat 0.497 dead 0.00 rate -0.059 (118 pts) rate_fs -0.059 (118 pts) d1 9.0e-07 | 7.2s
ex16|sign|0|0.9|code|50: level 26.1 slevel 0.004 static 0.307 c1 0.998 c50 0.295 fac1 0.993 fac50 -0.012 lock 0.01 move 0.0601 period None frozen 0.06 pr 5.4 sat 1.000 dead 0.03 rate None (0 pts) rate_fs None (0 pts) d1 2.3e-02 | 34.2s
ex16|step0|0|0.25|leak|50: level 2.1 slevel 0.507 static 0.893 c1 0.951 c50 0.895 fac1 0.532 fac50 -0.008 lock 0.01 move 0.314 period None frozen 0.37 pr 15.5 sat 0.520 dead 0.03 rate None (0 pts) rate_fs None (0 pts) d1 1.1e-01 | 27.2s
run39|cstep|0|0.0|code|50: level 2.42 slevel 0.502 static 0.789 c1 0.797 c50 0.794 fac1 0.007 fac50 -0.006 lock 0.00 move 0.645 period None frozen 0.15 pr 20.3 sat 0.501 dead 0.00 rate None (0 pts) rate_fs None (0 pts) d1 0.0e+00 | 11.3s
run39|cstep|0|0.25|code|50: level 3.16 slevel 0.504 static 0.880 c1 0.947 c50 0.882 fac1 0.535 fac50 -0.000 lock 0.00 move 0.327 period None frozen 0.31 pr 17.1 sat 0.502 dead 0.00 rate +0.124 (3 pts) rate_fs +0.124 (3 pts) d1 2.6e-07 | 11.6s
ex16|step0|0|0.75|code|50: level 8.32 slevel 0.502 static 0.912 c1 0.998 c50 0.908 fac1 0.974 fac50 -0.065 lock 0.01 move 0.0636 period None frozen 0.49 pr 9.2 sat 0.507 dead 0.03 rate None (0 pts) rate_fs None (0 pts) d1 3.5e-02 | 24.2s
ex16|step0|0|0.5|leak|50: level 2.1 slevel 0.509 static 0.908 c1 0.988 c50 0.909 fac1 0.870 fac50 -0.020 lock 0.01 move 0.153 period None frozen 0.43 pr 12.4 sat 0.521 dead 0.03 rate None (0 pts) rate_fs None (0 pts) d1 7.2e-02 | 27.2s
run39|cstep|0|0.5|code|50: level 4.73 slevel 0.506 static 0.896 c1 0.987 c50 0.898 fac1 0.870 fac50 -0.036 lock 0.00 move 0.16 period None frozen 0.37 pr 13.0 sat 0.504 dead 0.00 rate -0.392 (13 pts) rate_fs -0.392 (13 pts) d1 5.1e-07 | 11.7s
run39|cstep|0|0.25|leak|50: level 2.37 slevel 0.506 static 0.875 c1 0.947 c50 0.882 fac1 0.554 fac50 -0.006 lock 0.00 move 0.327 period None frozen 0.31 pr 16.6 sat 0.502 dead 0.00 rate -0.564 (3 pts) rate_fs -0.564 (3 pts) d1 2.6e-07 | 13.7s
ex16|step0|0|0.9|code|50: level 20.6 slevel 0.506 static 0.917 c1 1.000 c50 0.918 fac1 0.992 fac50 -0.031 lock 0.01 move 0.0231 period None frozen 0.57 pr 5.4 sat 0.507 dead 0.03 rate None (0 pts) rate_fs +0.123 (3 pts) d1 1.4e-02 | 24.6s
run39|cstep|0|0.75|code|50: level 9.41 slevel 0.499 static 0.904 c1 0.998 c50 0.900 fac1 0.973 fac50 -0.063 lock 0.00 move 0.0667 period None frozen 0.44 pr 10.4 sat 0.502 dead 0.00 rate -0.172 (38 pts) rate_fs -0.172 (38 pts) d1 7.5e-07 | 6.4s
ex16|step0|0|0.25|code|50: level 2.8 slevel 0.507 static 0.891 c1 0.951 c50 0.894 fac1 0.542 fac50 -0.004 lock 0.01 move 0.314 period None frozen 0.36 pr 15.4 sat 0.520 dead 0.03 rate None (0 pts) rate_fs None (0 pts) d1 1.1e-01 | 44.2s
ex16|step0|0|0.9|leak|50: level 2.09 slevel 0.508 static 0.917 c1 1.000 c50 0.921 fac1 0.993 fac50 0.010 lock 0.01 move 0.0226 period None frozen 0.59 pr 5.0 sat 0.509 dead 0.03 rate None (0 pts) rate_fs +0.112 (4 pts) d1 1.4e-02 | 27.8s
run39|cstep|0|0.5|leak|50: level 2.38 slevel 0.507 static 0.899 c1 0.987 c50 0.900 fac1 0.867 fac50 -0.028 lock 0.00 move 0.161 period None frozen 0.39 pr 13.7 sat 0.504 dead 0.00 rate -0.289 (14 pts) rate_fs -0.289 (14 pts) d1 5.1e-07 | 14.1s
run39|cstep|0|0.9|code|50: level 23.6 slevel 0.502 static 0.914 c1 1.000 c50 0.908 fac1 0.992 fac50 -0.092 lock 0.00 move 0.0248 period None frozen 0.54 pr 5.8 sat 0.501 dead 0.00 rate -0.073 (104 pts) rate_fs -0.073 (104 pts) d1 9.0e-07 | 6.8s
ex16|cstep|0|0.25|code|50: level 2.72 slevel 0.498 static 0.887 c1 0.948 c50 0.886 fac1 0.535 fac50 -0.025 lock 0.00 move 0.326 period None frozen 0.35 pr 15.6 sat 0.480 dead 0.04 rate None (0 pts) rate_fs None (0 pts) d1 1.2e-01 | 26.3s
ex16|step0|0|0.5|code|50: level 4.19 slevel 0.510 static 0.909 c1 0.988 c50 0.908 fac1 0.869 fac50 -0.023 lock 0.01 move 0.154 period None frozen 0.42 pr 12.4 sat 0.521 dead 0.03 rate None (0 pts) rate_fs None (0 pts) d1 7.2e-02 | 44.0s
ex16|cstep|0|0.25|leak|50: level 2.03 slevel 0.498 static 0.887 c1 0.945 c50 0.886 fac1 0.527 fac50 -0.008 lock 0.00 move 0.329 period None frozen 0.35 pr 15.7 sat 0.480 dead 0.04 rate None (0 pts) rate_fs None (0 pts) d1 1.2e-01 | 29.8s
run39|wta|0|0.25|code|50: level 0.652 slevel 0.031 static 0.078 c1 0.363 c50 0.070 fac1 0.327 fac50 -0.006 lock 0.00 move 1.12 period None frozen 0.00 pr 21.3 sat None dead 0.00 rate -0.507 (3 pts) rate_fs -0.507 (3 pts) d1 2.6e-07 | 5.8s
ex16|cstep|0|0.5|code|50: level 4.06 slevel 0.500 static 0.901 c1 0.987 c50 0.901 fac1 0.871 fac50 -0.017 lock 0.00 move 0.161 period None frozen 0.40 pr 12.6 sat 0.479 dead 0.04 rate None (0 pts) rate_fs None (0 pts) d1 8.2e-02 | 26.3s
run39|cstep|0|0.75|leak|50: level 2.36 slevel 0.503 static 0.893 c1 0.998 c50 0.884 fac1 0.976 fac50 -0.110 lock 0.00 move 0.0656 period None frozen 0.44 pr 8.8 sat 0.501 dead 0.00 rate -0.181 (28 pts) rate_fs -0.181 (28 pts) d1 7.5e-07 | 14.1s
run39|wta|0|0.0|code|50: level 0.611 slevel 0.031 static 0.042 c1 0.038 c50 0.033 fac1 -0.004 fac50 -0.004 lock 0.00 move 1.39 period None frozen 0.00 pr 22.1 sat None dead 0.00 rate None (0 pts) rate_fs None (0 pts) d1 0.0e+00 | 10.4s
run39|cstep|0|0.9|leak|50: level 2.37 slevel 0.506 static 0.921 c1 1.000 c50 0.917 fac1 0.993 fac50 -0.054 lock 0.00 move 0.0239 period None frozen 0.57 pr 5.8 sat 0.505 dead 0.00 rate -0.067 (100 pts) rate_fs -0.067 (100 pts) d1 9.0e-07 | 15.2s
run39|wta|0|0.5|code|50: level 0.863 slevel 0.031 static 0.133 c1 0.739 c50 0.106 fac1 0.713 fac50 -0.021 lock 0.00 move 0.71 period None frozen 0.00 pr 17.8 sat None dead 0.00 rate -0.475 (11 pts) rate_fs -0.475 (11 pts) d1 5.3e-07 | 5.7s
run39|wta|0|0.25|leak|50: level 0.49 slevel 0.031 static 0.078 c1 0.371 c50 0.067 fac1 0.327 fac50 -0.009 lock 0.00 move 1.12 period None frozen 0.01 pr 21.1 sat None dead 0.00 rate -0.178 (3 pts) rate_fs -0.178 (3 pts) d1 2.6e-07 | 6.9s
ex16|cstep|0|0.5|leak|50: level 2.03 slevel 0.500 static 0.902 c1 0.988 c50 0.898 fac1 0.873 fac50 -0.035 lock 0.00 move 0.158 period None frozen 0.41 pr 12.5 sat 0.480 dead 0.04 rate None (0 pts) rate_fs None (0 pts) d1 8.1e-02 | 30.3s
ex16|step0|0|0.75|leak|50: level 2.08 slevel 0.501 static 0.910 c1 0.998 c50 0.906 fac1 0.975 fac50 -0.056 lock 0.01 move 0.0628 period None frozen 0.51 pr 9.0 sat 0.507 dead 0.03 rate None (0 pts) rate_fs None (0 pts) d1 3.5e-02 | 51.0s
run39|wta|0|0.75|code|50: level 1.74 slevel 0.031 static 0.164 c1 0.957 c50 0.145 fac1 0.949 fac50 -0.030 lock 0.00 move 0.286 period None frozen 0.00 pr 12.6 sat None dead 0.00 rate -0.148 (30 pts) rate_fs -0.148 (30 pts) d1 7.6e-07 | 5.8s
ex16|cstep|0|0.0|code|50: level 2.08 slevel 0.499 static 0.788 c1 0.787 c50 0.783 fac1 -0.004 fac50 -0.003 lock 0.00 move 0.653 period None frozen 0.18 pr 18.7 sat 0.481 dead 0.04 rate None (0 pts) rate_fs None (0 pts) d1 1.6e-01 | 46.9s
run39|wta|0|0.75|leak|50: level 0.427 slevel 0.031 static 0.139 c1 0.955 c50 0.087 fac1 0.947 fac50 -0.054 lock 0.00 move 0.292 period None frozen 0.02 pr 13.3 sat None dead 0.00 rate -0.175 (32 pts) rate_fs -0.175 (32 pts) d1 7.5e-07 | 7.2s
ex16|cstep|0|0.75|leak|50: level 2.07 slevel 0.500 static 0.910 c1 0.998 c50 0.907 fac1 0.975 fac50 -0.050 lock 0.01 move 0.063 period None frozen 0.50 pr 8.7 sat 0.483 dead 0.03 rate None (0 pts) rate_fs None (0 pts) d1 3.5e-02 | 30.5s
run39|wta|0|0.5|leak|50: level 0.43 slevel 0.031 static 0.120 c1 0.734 c50 0.108 fac1 0.710 fac50 -0.012 lock 0.00 move 0.716 period None frozen 0.01 pr 18.2 sat None dead 0.00 rate -0.439 (11 pts) rate_fs -0.439 (11 pts) d1 5.0e-07 | 13.1s
ex16|wta|0|0.0|code|50: level 0.54 slevel 0.031 static 0.056 c1 0.052 c50 0.051 fac1 -0.005 fac50 -0.004 lock 0.01 move 1.35 period None frozen 0.04 pr 19.9 sat None dead 0.03 rate None (0 pts) rate_fs None (0 pts) d1 2.1e-01 | 24.7s
run39|wta|0|0.9|code|50: level 4.26 slevel 0.031 static 0.200 c1 0.994 c50 0.122 fac1 0.989 fac50 -0.070 lock 0.00 move 0.108 period None frozen 0.00 pr 7.7 sat None dead 0.00 rate -0.060 (90 pts) rate_fs -0.060 (90 pts) d1 9.0e-07 | 6.2s
ex16|wta|0|0.25|code|50: level 0.587 slevel 0.031 static 0.095 c1 0.394 c50 0.084 fac1 0.339 fac50 -0.007 lock 0.01 move 1.06 period None frozen 0.04 pr 18.6 sat None dead 0.03 rate None (0 pts) rate_fs None (0 pts) d1 1.9e-01 | 24.9s
ex16|cstep|0|0.9|leak|50: level 2.06 slevel 0.497 static 0.926 c1 1.000 c50 0.922 fac1 0.993 fac50 -0.081 lock 0.01 move 0.023 period None frozen 0.60 pr 5.6 sat 0.481 dead 0.03 rate None (0 pts) rate_fs +0.104 (4 pts) d1 1.4e-02 | 31.3s
run39|wta|0|0.9|leak|50: level 0.427 slevel 0.031 static 0.212 c1 0.994 c50 0.133 fac1 0.989 fac50 -0.088 lock 0.00 move 0.106 period None frozen 0.11 pr 7.5 sat None dead 0.00 rate -0.067 (87 pts) rate_fs -0.067 (87 pts) d1 9.1e-07 | 7.6s
run39|tanh|1|0.25|code|51: level 0.804 slevel 0.004 static 0.239 c1 0.961 c50 0.162 fac1 0.945 fac50 -0.094 lock 0.00 move 0.276 period None frozen 0.00 pr 11.0 sat 0.007 dead 0.00 rate +0.046 (205 pts) rate_fs +0.047 (237 pts) d1 9.1e-07 | 5.0s
run39|tanh|1|0.0|code|51: level 0.803 slevel 0.000 static 0.012 c1 0.006 c50 0.023 fac1 -0.006 fac50 0.010 lock 0.00 move 1.41 period None frozen 0.00 pr 20.7 sat 0.008 dead 0.00 rate +0.087 (99 pts) rate_fs +0.088 (125 pts) d1 1.1e-06 | 7.9s
ex16|wta|0|0.5|code|50: level 0.791 slevel 0.031 static 0.146 c1 0.762 c50 0.128 fac1 0.730 fac50 -0.020 lock 0.01 move 0.655 period None frozen 0.04 pr 15.6 sat None dead 0.03 rate None (0 pts) rate_fs None (0 pts) d1 1.4e-01 | 24.9s
run39|tanh|1|0.25|leak|51: level 0.804 slevel 0.006 static 0.216 c1 0.952 c50 0.211 fac1 0.938 fac50 -0.013 lock 0.00 move 0.297 period None frozen 0.00 pr 13.0 sat 0.007 dead 0.00 rate +0.061 (153 pts) rate_fs +0.063 (200 pts) d1 8.6e-07 | 6.5s
run39|tanh|1|0.5|code|51: level 0.805 slevel 0.008 static 0.420 c1 0.994 c50 0.412 fac1 0.986 fac50 -0.047 lock 0.00 move 0.1 period None frozen 0.04 pr 8.0 sat 0.006 dead 0.00 rate +0.030 (365 pts) rate_fs +0.030 (394 pts) d1 7.4e-07 | 5.5s
ex16|cstep|0|0.75|code|50: level 8.29 slevel 0.500 static 0.914 c1 0.998 c50 0.913 fac1 0.974 fac50 -0.029 lock 0.01 move 0.0625 period None frozen 0.50 pr 9.1 sat 0.483 dead 0.03 rate None (0 pts) rate_fs None (0 pts) d1 3.5e-02 | 48.1s
run39|tanh|1|0.5|leak|51: level 0.805 slevel 0.002 static 0.101 c1 0.989 c50 0.287 fac1 0.984 fac50 0.168 lock 0.00 move 0.146 period None frozen 0.00 pr 9.0 sat 0.007 dead 0.00 rate +0.029 (326 pts) rate_fs +0.031 (394 pts) d1 7.4e-07 | 7.3s
run39|tanh|1|0.75|code|51: level 0.805 slevel 0.006 static 0.213 c1 0.999 c50 0.341 fac1 0.994 fac50 0.086 lock 0.00 move 0.0497 period None frozen 0.02 pr 3.6 sat 0.006 dead 0.00 rate +0.011 (394 pts) rate_fs +0.011 (394 pts) d1 8.0e-07 | 5.6s
ex16|cstep|0|0.9|code|50: level 20.6 slevel 0.499 static 0.920 c1 1.000 c50 0.920 fac1 0.993 fac50 -0.040 lock 0.01 move 0.0228 period None frozen 0.58 pr 5.3 sat 0.481 dead 0.03 rate None (0 pts) rate_fs +0.121 (3 pts) d1 1.4e-02 | 49.4s
ex16|wta|0|0.75|leak|50: level 0.391 slevel 0.031 static 0.193 c1 0.958 c50 0.151 fac1 0.948 fac50 -0.039 lock 0.01 move 0.274 period None frozen 0.10 pr 11.3 sat None dead 0.03 rate None (0 pts) rate_fs None (0 pts) d1 7.0e-02 | 29.0s
ex16|tanh|1|0.0|code|51: level 0.779 slevel 0.000 static 0.010 c1 0.010 c50 0.006 fac1 -0.001 fac50 -0.006 lock 0.00 move 1.41 period None frozen 0.03 pr 19.7 sat 0.008 dead 0.03 rate +0.086 (100 pts) rate_fs +0.087 (128 pts) d1 1.1e-06 | 21.6s
run39|tanh|1|0.75|leak|51: level 0.802 slevel 0.002 static 0.110 c1 0.998 c50 -0.080 fac1 0.993 fac50 -0.199 lock 0.00 move 0.0673 period None frozen 0.00 pr 6.6 sat 0.007 dead 0.00 rate +0.019 (394 pts) rate_fs +0.019 (394 pts) d1 7.9e-07 | 7.4s
ex16|tanh|1|0.25|code|51: level 0.779 slevel 0.000 static 0.026 c1 0.949 c50 -0.014 fac1 0.945 fac50 -0.032 lock 0.00 move 0.317 period None frozen 0.03 pr 12.7 sat 0.007 dead 0.03 rate +0.052 (176 pts) rate_fs +0.051 (230 pts) d1 9.0e-07 | 23.9s
run39|tanh|1|0.9|leak|51: level 0.805 slevel 0.007 static 0.502 c1 1.000 c50 0.706 fac1 0.994 fac50 0.262 lock 0.00 move 0.0183 period None frozen 0.23 pr 2.6 sat 0.006 dead 0.00 rate +0.006 (394 pts) rate_fs +0.006 (394 pts) d1 9.1e-07 | 7.6s
run39|tanh|0|0.0|code|51: level 3.21 slevel 0.000 static 0.004 c1 0.008 c50 0.008 fac1 0.003 fac50 0.005 lock 0.00 move 1.41 period None frozen 0.00 pr 23.0 sat 0.496 dead 0.00 rate +0.507 (13 pts) rate_fs +0.507 (17 pts) d1 1.7e-06 | 3.8s
run39|tanh|1|0.9|code|51: level 0.801 slevel 0.008 static 0.400 c1 1.000 c50 0.625 fac1 0.995 fac50 0.265 lock 0.00 move 0.0215 period None frozen 0.17 pr 2.8 sat 0.007 dead 0.00 rate +0.009 (394 pts) rate_fs +0.009 (394 pts) d1 9.0e-07 | 10.4s
ex16|tanh|1|0.25|leak|51: level 0.779 slevel 0.001 static 0.049 c1 0.946 c50 -0.057 fac1 0.940 fac50 -0.096 lock 0.00 move 0.327 period None frozen 0.03 pr 12.6 sat 0.007 dead 0.03 rate +0.049 (181 pts) rate_fs +0.052 (224 pts) d1 9.1e-07 | 29.3s
ex16|tanh|1|0.5|code|51: level 0.78 slevel 0.001 static 0.089 c1 0.989 c50 -0.032 fac1 0.984 fac50 -0.118 lock 0.00 move 0.151 period None frozen 0.03 pr 9.7 sat 0.007 dead 0.03 rate +0.038 (254 pts) rate_fs +0.037 (324 pts) d1 7.7e-07 | 25.8s
run39|tanh|0|0.25|code|51: level 3.96 slevel 0.000 static 0.018 c1 0.746 c50 -0.013 fac1 0.745 fac50 -0.026 lock 0.00 move 0.7 period None frozen 0.00 pr 18.2 sat 0.581 dead 0.00 rate +0.402 (17 pts) rate_fs +0.400 (22 pts) d1 1.6e-06 | 4.1s
ex16|wta|0|0.25|leak|50: level 0.44 slevel 0.031 static 0.096 c1 0.393 c50 0.089 fac1 0.337 fac50 -0.004 lock 0.01 move 1.06 period None frozen 0.05 pr 18.7 sat None dead 0.03 rate None (0 pts) rate_fs None (0 pts) d1 1.9e-01 | 54.0s
ex16|wta|0|0.75|code|50: level 1.57 slevel 0.031 static 0.185 c1 0.959 c50 0.161 fac1 0.951 fac50 -0.034 lock 0.01 move 0.27 period None frozen 0.04 pr 11.1 sat None dead 0.03 rate None (0 pts) rate_fs None (0 pts) d1 6.8e-02 | 47.0s
ex16|tanh|1|0.75|code|51: level 0.78 slevel 0.002 static 0.211 c1 0.998 c50 0.114 fac1 0.994 fac50 -0.098 lock 0.00 move 0.0599 period None frozen 0.05 pr 6.2 sat 0.006 dead 0.03 rate +0.017 (394 pts) rate_fs +0.017 (394 pts) d1 8.1e-07 | 26.7s
run39|tanh|0|0.5|code|51: level 6.03 slevel 0.001 static 0.032 c1 0.934 c50 -0.005 fac1 0.931 fac50 -0.032 lock 0.00 move 0.358 period None frozen 0.00 pr 14.5 sat 0.714 dead 0.00 rate +0.287 (25 pts) rate_fs +0.294 (32 pts) d1 1.4e-06 | 4.0s
run39|tanh|0|0.25|leak|51: level 2.92 slevel 0.000 static 0.028 c1 0.788 c50 -0.003 fac1 0.785 fac50 -0.037 lock 0.00 move 0.643 period None frozen 0.00 pr 17.5 sat 0.456 dead 0.00 rate +0.294 (25 pts) rate_fs +0.294 (34 pts) d1 1.4e-06 | 5.4s
ex16|wta|0|0.5|leak|50: level 0.394 slevel 0.031 static 0.143 c1 0.756 c50 0.129 fac1 0.726 fac50 -0.015 lock 0.01 move 0.659 period None frozen 0.07 pr 15.6 sat None dead 0.03 rate None (0 pts) rate_fs None (0 pts) d1 1.4e-01 | 54.2s
run39|tanh|0|0.75|code|51: level 12.2 slevel 0.002 static 0.087 c1 0.986 c50 -0.026 fac1 0.982 fac50 -0.099 lock 0.00 move 0.161 period None frozen 0.00 pr 10.3 sat 0.856 dead 0.00 rate +0.226 (32 pts) rate_fs +0.231 (42 pts) d1 1.2e-06 | 4.1s
ex16|wta|0|0.9|code|50: level 3.94 slevel 0.031 static 0.273 c1 0.995 c50 0.218 fac1 0.989 fac50 -0.065 lock 0.00 move 0.0983 period None frozen 0.05 pr 6.7 sat None dead 0.03 rate None (0 pts) rate_fs None (0 pts) d1 2.4e-02 | 47.3s
ex16|tanh|0|0.0|code|51: level 2.56 slevel 0.000 static 0.003 c1 -0.003 c50 -0.004 fac1 -0.009 fac50 -0.007 lock 0.00 move 1.42 period None frozen 0.03 pr 20.8 sat 0.390 dead 0.03 rate +0.433 (16 pts) rate_fs +0.427 (21 pts) d1 1.7e-06 | 19.7s
ex16|tanh|1|0.9|code|51: level 0.78 slevel 0.005 static 0.442 c1 1.000 c50 0.651 fac1 0.994 fac50 0.246 lock 0.00 move 0.0215 period None frozen 0.22 pr 3.0 sat 0.006 dead 0.03 rate +0.007 (394 pts) rate_fs +0.007 (394 pts) d1 9.1e-07 | 26.6s
run39|tanh|0|0.5|leak|51: level 2.92 slevel 0.001 static 0.061 c1 0.952 c50 0.073 fac1 0.947 fac50 0.004 lock 0.00 move 0.304 period None frozen 0.00 pr 13.9 sat 0.455 dead 0.00 rate +0.159 (56 pts) rate_fs +0.153 (72 pts) d1 9.8e-07 | 10.3s
run39|tanh|0|0.9|code|51: level 30.3 slevel 0.004 static 0.160 c1 0.998 c50 0.221 fac1 0.993 fac50 0.044 lock 0.00 move 0.0626 period None frozen 0.00 pr 5.3 sat 0.942 dead 0.00 rate +0.160 (54 pts) rate_fs +0.152 (72 pts) d1 1.1e-06 | 7.5s
run39|tanh|0|0.75|leak|51: level 2.96 slevel 0.002 static 0.151 c1 0.993 c50 0.100 fac1 0.987 fac50 -0.045 lock 0.00 move 0.121 period None frozen 0.00 pr 9.2 sat 0.462 dead 0.00 rate +0.087 (109 pts) rate_fs +0.083 (141 pts) d1 8.6e-07 | 10.8s
run39|tanh|0|0.9|leak|51: level 2.84 slevel 0.002 static 0.177 c1 0.999 c50 0.145 fac1 0.995 fac50 -0.031 lock 0.00 move 0.0494 period None frozen 0.01 pr 5.2 sat 0.443 dead 0.00 rate +0.032 (280 pts) rate_fs +0.033 (347 pts) d1 9.2e-07 | 7.1s
ex16|tanh|1|0.9|leak|51: level 0.78 slevel 0.007 static 0.495 c1 1.000 c50 0.692 fac1 0.994 fac50 0.262 lock 0.00 move 0.0199 period None frozen 0.25 pr 2.8 sat 0.006 dead 0.03 rate +0.008 (394 pts) rate_fs +0.008 (394 pts) d1 9.1e-07 | 32.0s
ex16|wta|0|0.9|leak|50: level 0.394 slevel 0.031 static 0.249 c1 0.995 c50 0.178 fac1 0.990 fac50 -0.091 lock 0.00 move 0.0962 period None frozen 0.19 pr 6.7 sat None dead 0.03 rate None (0 pts) rate_fs None (0 pts) d1 2.4e-02 | 54.3s
ex16|tanh|0|0.5|code|51: level 4.94 slevel 0.000 static 0.041 c1 0.937 c50 0.000 fac1 0.933 fac50 -0.034 lock 0.00 move 0.348 period None frozen 0.03 pr 13.8 sat 0.636 dead 0.03 rate +0.282 (27 pts) rate_fs +0.281 (35 pts) d1 1.4e-06 | 20.7s
ex16|tanh|0|0.75|code|51: level 10.1 slevel 0.001 static 0.096 c1 0.987 c50 0.040 fac1 0.983 fac50 -0.055 lock 0.00 move 0.156 period None frozen 0.03 pr 9.7 sat 0.801 dead 0.03 rate +0.217 (35 pts) rate_fs +0.216 (47 pts) d1 1.2e-06 | 21.2s
ex16|tanh|0|0.25|code|51: level 3.22 slevel 0.000 static 0.027 c1 0.774 c50 0.011 fac1 0.771 fac50 -0.014 lock 0.00 move 0.665 period None frozen 0.03 pr 17.2 sat 0.485 dead 0.03 rate +0.352 (20 pts) rate_fs +0.345 (27 pts) d1 1.6e-06 | 30.7s
run39|sig4_0|1|0.25|code|51: level 0.806 slevel 0.600 static 1.000 c1 1.000 c50 1.000 fac1 -0.160 fac50 -0.565 lock 0.24 move 0.0349 period 4 frozen 0.99 pr 2.3 sat 0.122 dead 0.00 rate -0.000 (394 pts) rate_fs -0.000 (394 pts) d1 6.6e-07 | 9.3s
ex16|tanh|0|0.9|code|51: level 25.4 slevel 0.002 static 0.215 c1 0.998 c50 0.214 fac1 0.993 fac50 -0.022 lock 0.00 move 0.0608 period None frozen 0.03 pr 5.4 sat 0.903 dead 0.03 rate +0.133 (57 pts) rate_fs +0.134 (76 pts) d1 1.2e-06 | 21.1s
ex16|tanh|0|0.75|leak|51: level 2.35 slevel 0.002 static 0.106 c1 0.993 c50 0.040 fac1 0.989 fac50 -0.071 lock 0.00 move 0.112 period None frozen 0.03 pr 8.2 sat 0.353 dead 0.03 rate +0.075 (121 pts) rate_fs +0.075 (152 pts) d1 8.8e-07 | 26.8s
ex16|tanh|1|0.5|leak|51: level 0.78 slevel 0.002 static 0.123 c1 0.990 c50 0.148 fac1 0.985 fac50 0.011 lock 0.00 move 0.144 period None frozen 0.03 pr 9.2 sat 0.006 dead 0.03 rate +0.031 (307 pts) rate_fs +0.031 (390 pts) d1 7.8e-07 | 56.7s
run39|sig4_0|1|0.0|code|51: level 0.806 slevel 0.600 static 0.999 c1 0.998 c50 0.999 fac1 -0.394 fac50 -0.175 lock 0.00 move 0.0751 period 4 frozen 0.97 pr 2.5 sat 0.121 dead 0.00 rate -0.000 (394 pts) rate_fs -0.000 (394 pts) d1 8.2e-07 | 16.2s
run39|sig4_0|1|0.5|code|51: level 0.806 slevel 0.600 static 1.000 c1 1.000 c50 1.000 fac1 -0.115 fac50 -0.640 lock 0.80 move 0.0182 period 4 frozen 1.00 pr 2.1 sat 0.122 dead 0.00 rate -0.000 (394 pts) rate_fs -0.000 (394 pts) d1 6.5e-07 | 9.3s
ex16|tanh|1|0.75|leak|51: level 0.78 slevel 0.002 static 0.159 c1 0.998 c50 0.085 fac1 0.994 fac50 -0.089 lock 0.00 move 0.0641 period None frozen 0.04 pr 6.2 sat 0.006 dead 0.03 rate +0.020 (394 pts) rate_fs +0.020 (394 pts) d1 8.1e-07 | 57.4s
run39|sig4_0|1|0.5|leak|51: level 0.806 slevel 0.600 static 1.000 c1 1.000 c50 1.000 fac1 -0.115 fac50 -0.640 lock 0.80 move 0.0182 period 4 frozen 1.00 pr 2.1 sat 0.122 dead 0.00 rate -0.000 (394 pts) rate_fs -0.000 (394 pts) d1 6.5e-07 | 10.8s
run39|sig4_0|1|0.25|leak|51: level 0.806 slevel 0.600 static 1.000 c1 1.000 c50 1.000 fac1 -0.160 fac50 -0.565 lock 0.24 move 0.0349 period 4 frozen 0.99 pr 2.3 sat 0.122 dead 0.00 rate -0.000 (394 pts) rate_fs -0.000 (394 pts) d1 6.6e-07 | 19.7s
run39|sig4_0|1|0.75|code|51: level 0.806 slevel 0.600 static 1.000 c1 1.000 c50 1.000 fac1 -0.093 fac50 -0.678 lock 0.94 move 0.00748 period 4 frozen 1.00 pr 2.0 sat 0.122 dead 0.00 rate -0.001 (394 pts) rate_fs -0.001 (394 pts) d1 7.8e-07 | 9.3s
ex16|tanh|0|0.9|leak|51: level 2.35 slevel 0.003 static 0.278 c1 0.999 c50 0.360 fac1 0.995 fac50 0.073 lock 0.00 move 0.0401 period None frozen 0.06 pr 4.3 sat 0.354 dead 0.03 rate +0.032 (292 pts) rate_fs +0.032 (369 pts) d1 9.2e-07 | 30.4s
ex16|tanh|0|0.25|leak|51: level 2.35 slevel 0.000 static 0.030 c1 0.819 c50 0.029 fac1 0.814 fac50 -0.003 lock 0.00 move 0.595 period None frozen 0.03 pr 16.6 sat 0.354 dead 0.03 rate +0.245 (31 pts) rate_fs +0.243 (41 pts) d1 1.4e-06 | 43.8s
ex16|tanh|0|0.5|leak|51: level 2.35 slevel 0.001 static 0.047 c1 0.960 c50 0.009 fac1 0.957 fac50 -0.036 lock 0.00 move 0.276 period None frozen 0.03 pr 12.7 sat 0.353 dead 0.03 rate +0.151 (57 pts) rate_fs +0.151 (73 pts) d1 1.0e-06 | 44.7s
run39|sig4_0|0|0.0|code|51: level 2.42 slevel 0.518 static 0.904 c1 0.907 c50 0.908 fac1 -0.003 fac50 0.010 lock 0.00 move 0.445 period None frozen 0.35 pr 18.1 sat 0.330 dead 0.00 rate +0.276 (26 pts) rate_fs +0.274 (35 pts) d1 1.4e-06 | 6.2s
run39|sig4_0|1|0.75|leak|51: level 0.806 slevel 0.600 static 1.000 c1 1.000 c50 1.000 fac1 -0.093 fac50 -0.678 lock 0.94 move 0.00748 period 4 frozen 1.00 pr 2.0 sat 0.122 dead 0.00 rate -0.001 (394 pts) rate_fs -0.001 (394 pts) d1 7.7e-07 | 19.1s
run39|sig4_0|1|0.9|code|51: level 0.806 slevel 0.600 static 1.000 c1 1.000 c50 1.000 fac1 -0.088 fac50 -0.672 lock 0.96 move 0.00271 period 4 frozen 1.00 pr 2.0 sat 0.122 dead 0.00 rate -0.002 (394 pts) rate_fs -0.002 (394 pts) d1 9.0e-07 | 16.2s
run39|sig4_0|0|0.25|code|51: level 3.23 slevel 0.516 static 0.926 c1 0.983 c50 0.929 fac1 0.758 fac50 0.026 lock 0.00 move 0.19 period None frozen 0.45 pr 14.0 sat 0.365 dead 0.00 rate +0.223 (36 pts) rate_fs +0.225 (46 pts) d1 1.3e-06 | 11.9s
ex16|sig4_0|1|0.5|code|51: level 0.777 slevel 0.614 static 1.000 c1 1.000 c50 1.000 fac1 0.975 fac50 -0.054 lock 0.98 move 0.0156 period None frozen 0.99 pr 3.8 sat 0.119 dead 0.03 rate -0.000 (394 pts) rate_fs -0.000 (394 pts) d1 6.6e-07 | 38.0s
run39|sig4_0|1|0.9|leak|51: level 0.806 slevel 0.600 static 1.000 c1 1.000 c50 1.000 fac1 -0.087 fac50 -0.672 lock 0.96 move 0.00271 period 4 frozen 1.00 pr 2.0 sat 0.122 dead 0.00 rate -0.001 (394 pts) rate_fs -0.001 (394 pts) d1 9.0e-07 | 19.0s
ex16|sig4_0|1|0.25|leak|51: level 0.777 slevel 0.614 static 1.000 c1 1.000 c50 1.000 fac1 0.900 fac50 -0.081 lock 0.96 move 0.0258 period None frozen 0.99 pr 4.3 sat 0.118 dead 0.03 rate -0.000 (394 pts) rate_fs -0.000 (394 pts) d1 6.9e-07 | 41.4s
run39|sig4_0|0|0.25|leak|51: level 2.41 slevel 0.529 static 0.939 c1 0.990 c50 0.936 fac1 0.838 fac50 -0.061 lock 0.00 move 0.142 period None frozen 0.50 pr 12.3 sat 0.329 dead 0.00 rate +0.127 (70 pts) rate_fs +0.121 (93 pts) d1 1.1e-06 | 14.8s
ex16|sig4_0|1|0.75|code|51: level 0.777 slevel 0.614 static 1.000 c1 1.000 c50 1.000 fac1 0.989 fac50 -0.005 lock 0.99 move 0.00705 period None frozen 1.00 pr 3.5 sat 0.119 dead 0.03 rate -0.001 (394 pts) rate_fs -0.001 (394 pts) d1 7.8e-07 | 37.6s
ex16|sig4_0|1|0.5|leak|51: level 0.777 slevel 0.614 static 1.000 c1 1.000 c50 1.000 fac1 0.975 fac50 -0.054 lock 0.98 move 0.0156 period None frozen 0.99 pr 3.8 sat 0.119 dead 0.03 rate -0.000 (394 pts) rate_fs -0.000 (394 pts) d1 6.6e-07 | 41.5s
ex16|sig4_0|0|0.0|code|51: level 2.01 slevel 0.547 static 0.935 c1 0.935 c50 0.935 fac1 0.003 fac50 -0.009 lock 0.00 move 0.367 period None frozen 0.49 pr 14.3 sat 0.299 dead 0.03 rate +0.210 (39 pts) rate_fs +0.208 (51 pts) d1 1.4e-06 | 27.4s
run39|sig4_0|0|0.5|code|51: level 4.89 slevel 0.505 static 0.912 c1 0.994 c50 0.909 fac1 0.928 fac50 -0.039 lock 0.00 move 0.111 period None frozen 0.42 pr 12.7 sat 0.406 dead 0.00 rate +0.209 (42 pts) rate_fs +0.204 (51 pts) d1 1.1e-06 | 12.1s
ex16|sig4_0|1|0.9|code|51: level 0.777 slevel 0.614 static 1.000 c1 1.000 c50 1.000 fac1 0.995 fac50 0.200 lock 0.99 move 0.0027 period None frozen 1.00 pr 2.4 sat 0.119 dead 0.03 rate -0.002 (394 pts) rate_fs -0.002 (394 pts) d1 9.0e-07 | 37.6s
run39|sig4_0|0|0.5|leak|51: level 2.42 slevel 0.524 static 0.942 c1 0.998 c50 0.942 fac1 0.957 fac50 -0.037 lock 0.00 move 0.0676 period None frozen 0.56 pr 10.4 sat 0.329 dead 0.00 rate +0.078 (122 pts) rate_fs +0.082 (145 pts) d1 8.9e-07 | 15.7s
ex16|sig4_0|1|0.0|code|51: level 0.777 slevel 0.614 static 1.000 c1 1.000 c50 1.000 fac1 -0.058 fac50 -0.029 lock 0.75 move 0.0417 period None frozen 0.98 pr 6.1 sat 0.118 dead 0.03 rate -0.000 (394 pts) rate_fs -0.000 (394 pts) d1 8.6e-07 | 62.4s
run39|sig4_0|0|0.75|leak|51: level 2.42 slevel 0.517 static 0.945 c1 1.000 c50 0.944 fac1 0.990 fac50 -0.035 lock 0.00 move 0.023 period None frozen 0.63 pr 6.8 sat 0.330 dead 0.00 rate +0.047 (201 pts) rate_fs +0.044 (265 pts) d1 8.2e-07 | 9.8s
run39|sig4_0|0|0.75|code|51: level 9.81 slevel 0.492 static 0.905 c1 0.999 c50 0.899 fac1 0.983 fac50 -0.061 lock 0.00 move 0.0516 period None frozen 0.48 pr 8.9 sat 0.445 dead 0.00 rate +0.144 (56 pts) rate_fs +0.143 (76 pts) d1 9.6e-07 | 13.2s
ex16|sig4_0|1|0.9|leak|51: level 0.777 slevel 0.614 static 1.000 c1 1.000 c50 1.000 fac1 0.995 fac50 0.200 lock 0.99 move 0.0027 period None frozen 1.00 pr 2.4 sat 0.119 dead 0.03 rate -0.002 (394 pts) rate_fs -0.002 (394 pts) d1 9.1e-07 | 40.9s
ex16|sig4_0|1|0.25|code|51: level 0.777 slevel 0.614 static 1.000 c1 1.000 c50 1.000 fac1 0.900 fac50 -0.081 lock 0.96 move 0.0258 period None frozen 0.99 pr 4.3 sat 0.118 dead 0.03 rate -0.000 (394 pts) rate_fs -0.000 (394 pts) d1 6.9e-07 | 64.8s
run39|sig4_0|0|0.9|code|51: level 24.7 slevel 0.490 static 0.916 c1 1.000 c50 0.911 fac1 0.993 fac50 -0.038 lock 0.00 move 0.0222 period None frozen 0.56 pr 5.7 sat 0.471 dead 0.00 rate +0.102 (85 pts) rate_fs +0.098 (117 pts) d1 1.0e-06 | 13.3s
ex16|sig4_0|0|0.25|leak|51: level 2 slevel 0.549 static 0.963 c1 0.996 c50 0.965 fac1 0.877 fac50 0.015 lock 0.00 move 0.0965 period None frozen 0.63 pr 10.1 sat 0.297 dead 0.03 rate +0.089 (102 pts) rate_fs +0.087 (134 pts) d1 1.1e-06 | 35.5s
run39|sig8_0|1|0.0|code|51: level 0.806 slevel 0.546 static 0.954 c1 0.953 c50 0.951 fac1 -0.006 fac50 -0.043 lock 0.00 move 0.311 period None frozen 0.59 pr 14.9 sat 0.275 dead 0.00 rate +0.090 (88 pts) rate_fs +0.098 (111 pts) d1 1.2e-06 | 7.2s
run39|sig8_0|1|0.25|code|51: level 0.806 slevel 0.546 static 0.967 c1 0.998 c50 0.966 fac1 0.943 fac50 -0.041 lock 0.00 move 0.0637 period None frozen 0.70 pr 6.1 sat 0.275 dead 0.00 rate +0.044 (205 pts) rate_fs +0.046 (263 pts) d1 7.8e-07 | 9.0s
ex16|sig4_0|0|0.75|code|51: level 8.18 slevel 0.515 static 0.917 c1 0.999 c50 0.916 fac1 0.981 fac50 -0.062 lock 0.00 move 0.0501 period None frozen 0.52 pr 8.5 sat 0.433 dead 0.03 rate +0.155 (51 pts) rate_fs +0.159 (65 pts) d1 1.2e-06 | 30.8s
run39|sig4_0|0|0.9|leak|51: level 2.4 slevel 0.520 static 0.952 c1 1.000 c50 0.962 fac1 0.995 fac50 0.169 lock 0.84 move 0.00858 period None frozen 0.71 pr 3.3 sat 0.329 dead 0.00 rate +0.016 (394 pts) rate_fs +0.016 (394 pts) d1 9.1e-07 | 18.7s
ex16|sig4_0|0|0.25|code|51: level 2.69 slevel 0.541 static 0.943 c1 0.989 c50 0.941 fac1 0.803 fac50 -0.033 lock 0.00 move 0.152 period None frozen 0.52 pr 11.9 sat 0.342 dead 0.03 rate +0.156 (53 pts) rate_fs +0.156 (70 pts) d1 1.3e-06 | 51.9s
run39|sig8_0|1|0.5|code|51: level 0.805 slevel 0.544 static 0.965 c1 1.000 c50 0.962 fac1 0.986 fac50 -0.188 lock 0.00 move 0.0272 period None frozen 0.73 pr 5.0 sat 0.273 dead 0.00 rate +0.033 (302 pts) rate_fs +0.033 (348 pts) d1 7.5e-07 | 9.2s
ex16|sig4_0|0|0.5|leak|51: level 2 slevel 0.553 static 0.962 c1 0.999 c50 0.962 fac1 0.969 fac50 -0.014 lock 0.00 move 0.0473 period None frozen 0.65 pr 8.4 sat 0.297 dead 0.03 rate +0.058 (165 pts) rate_fs +0.058 (194 pts) d1 8.9e-07 | 40.8s
ex16|sig4_0|0|0.9|code|51: level 20.6 slevel 0.505 static 0.923 c1 1.000 c50 0.921 fac1 0.993 fac50 -0.028 lock 0.01 move 0.0207 period None frozen 0.59 pr 5.2 sat 0.462 dead 0.03 rate +0.110 (67 pts) rate_fs +0.110 (98 pts) d1 1.2e-06 | 31.7s
run39|sig8_0|1|0.25|leak|51: level 0.805 slevel 0.540 static 0.969 c1 0.998 c50 0.972 fac1 0.936 fac50 0.070 lock 0.00 move 0.0644 period None frozen 0.69 pr 6.3 sat 0.273 dead 0.00 rate +0.033 (260 pts) rate_fs +0.038 (293 pts) d1 9.2e-07 | 19.5s
run39|sig8_0|1|0.5|leak|51: level 0.806 slevel 0.544 static 0.968 c1 1.000 c50 0.956 fac1 0.985 fac50 -0.349 lock 0.00 move 0.0294 period None frozen 0.74 pr 4.7 sat 0.275 dead 0.00 rate +0.020 (394 pts) rate_fs +0.020 (394 pts) d1 7.7e-07 | 10.9s
ex16|sig4_0|1|0.75|leak|51: level 0.777 slevel 0.614 static 1.000 c1 1.000 c50 1.000 fac1 0.989 fac50 -0.005 lock 0.99 move 0.00705 period None frozen 1.00 pr 3.5 sat 0.119 dead 0.03 rate -0.001 (394 pts) rate_fs -0.001 (394 pts) d1 7.8e-07 | 73.6s
ex16|sig4_0|0|0.5|code|51: level 4.07 slevel 0.527 static 0.923 c1 0.996 c50 0.919 fac1 0.938 fac50 -0.044 lock 0.00 move 0.0961 period None frozen 0.49 pr 11.0 sat 0.386 dead 0.03 rate +0.158 (52 pts) rate_fs +0.156 (67 pts) d1 1.2e-06 | 52.4s
ex16|sig4_0|0|0.75|leak|51: level 2 slevel 0.546 static 0.964 c1 1.000 c50 0.960 fac1 0.991 fac50 -0.101 lock 0.01 move 0.0202 period None frozen 0.70 pr 6.4 sat 0.297 dead 0.03 rate +0.032 (305 pts) rate_fs +0.032 (378 pts) d1 8.4e-07 | 40.5s
run39|sig8_0|1|0.75|code|51: level 0.806 slevel 0.543 static 0.986 c1 1.000 c50 0.985 fac1 0.995 fac50 -0.037 lock 0.94 move 0.00908 period None frozen 0.85 pr 3.0 sat 0.271 dead 0.00 rate +0.009 (394 pts) rate_fs +0.009 (394 pts) d1 8.1e-07 | 16.6s
run39|sig8_0|1|0.75|leak|51: level 0.804 slevel 0.543 static 0.977 c1 1.000 c50 0.977 fac1 0.993 fac50 0.039 lock 0.49 move 0.0121 period None frozen 0.79 pr 5.0 sat 0.272 dead 0.00 rate +0.026 (394 pts) rate_fs +0.026 (394 pts) d1 8.0e-07 | 10.9s
ex16|sig4_0|0|0.9|leak|51: level 2.01 slevel 0.551 static 0.971 c1 1.000 c50 0.972 fac1 0.996 fac50 -0.015 lock 0.95 move 0.00735 period None frozen 0.78 pr 3.6 sat 0.297 dead 0.03 rate +0.012 (394 pts) rate_fs +0.012 (394 pts) d1 9.1e-07 | 40.3s
run39|sig8_0|0|0.0|code|51: level 2.47 slevel 0.496 static 0.840 c1 0.845 c50 0.844 fac1 -0.003 fac50 -0.001 lock 0.00 move 0.568 period None frozen 0.23 pr 19.8 sat 0.404 dead 0.00 rate +0.673 (8 pts) rate_fs +0.652 (12 pts) d1 2.0e-06 | 6.2s
run39|sig8_0|0|0.25|code|51: level 3.26 slevel 0.496 static 0.906 c1 0.968 c50 0.908 fac1 0.642 fac50 -0.011 lock 0.00 move 0.262 period None frozen 0.38 pr 16.0 sat 0.424 dead 0.00 rate +0.506 (12 pts) rate_fs +0.503 (17 pts) d1 1.9e-06 | 6.6s
run39|sig8_0|1|0.9|code|51: level 0.807 slevel 0.547 static 0.978 c1 1.000 c50 0.990 fac1 0.993 fac50 0.350 lock 0.96 move 0.00395 period None frozen 0.84 pr 2.1 sat 0.277 dead 0.00 rate +0.002 (394 pts) rate_fs +0.002 (394 pts) d1 9.1e-07 | 16.6s
ex16|sig8_0|1|0.5|code|51: level 0.779 slevel 0.557 static 0.983 c1 1.000 c50 0.982 fac1 0.983 fac50 -0.010 lock 0.01 move 0.0269 period None frozen 0.79 pr 6.3 sat 0.268 dead 0.03 rate +0.022 (394 pts) rate_fs +0.022 (394 pts) d1 8.1e-07 | 37.5s
run39|sig8_0|0|0.25|leak|51: level 2.44 slevel 0.504 static 0.912 c1 0.972 c50 0.907 fac1 0.686 fac50 -0.031 lock 0.00 move 0.239 period None frozen 0.40 pr 15.6 sat 0.405 dead 0.00 rate +0.324 (22 pts) rate_fs +0.333 (29 pts) d1 1.3e-06 | 7.7s
run39|sig8_0|1|0.9|leak|51: level 0.804 slevel 0.537 static 0.981 c1 1.000 c50 0.988 fac1 0.994 fac50 0.187 lock 0.96 move 0.00497 period None frozen 0.85 pr 3.0 sat 0.270 dead 0.00 rate +0.007 (394 pts) rate_fs +0.007 (394 pts) d1 9.1e-07 | 19.0s
run39|sig8_0|0|0.5|leak|51: level 2.45 slevel 0.508 static 0.912 c1 0.994 c50 0.914 fac1 0.929 fac50 -0.004 lock 0.00 move 0.109 period None frozen 0.44 pr 12.3 sat 0.405 dead 0.00 rate +0.210 (42 pts) rate_fs +0.217 (52 pts) d1 1.1e-06 | 7.9s
ex16|sig8_0|1|0.5|leak|51: level 0.779 slevel 0.558 static 0.982 c1 1.000 c50 0.981 fac1 0.983 fac50 -0.033 lock 0.01 move 0.0274 period None frozen 0.79 pr 6.1 sat 0.268 dead 0.03 rate +0.034 (298 pts) rate_fs +0.031 (394 pts) d1 8.1e-07 | 40.8s
run39|sig8_0|0|0.5|code|51: level 4.9 slevel 0.494 static 0.905 c1 0.991 c50 0.900 fac1 0.905 fac50 -0.021 lock 0.00 move 0.134 period None frozen 0.38 pr 12.9 sat 0.445 dead 0.00 rate +0.384 (16 pts) rate_fs +0.367 (24 pts) d1 1.3e-06 | 11.8s
ex16|sig8_0|1|0.75|leak|51: level 0.779 slevel 0.555 static 0.984 c1 1.000 c50 0.982 fac1 0.993 fac50 -0.115 lock 0.73 move 0.0116 period None frozen 0.83 pr 4.7 sat 0.268 dead 0.03 rate +0.017 (394 pts) rate_fs +0.017 (394 pts) d1 8.2e-07 | 41.0s
run39|sig8_0|0|0.75|code|51: level 9.81 slevel 0.484 static 0.902 c1 0.998 c50 0.905 fac1 0.978 fac50 0.013 lock 0.00 move 0.0594 period None frozen 0.46 pr 8.9 sat 0.463 dead 0.00 rate +0.232 (31 pts) rate_fs +0.234 (41 pts) d1 1.1e-06 | 6.9s
ex16|sig8_0|1|0.9|code|51: level 0.78 slevel 0.554 static 0.990 c1 1.000 c50 0.991 fac1 0.996 fac50 0.110 lock 0.99 move 0.0044 period None frozen 0.88 pr 3.0 sat 0.268 dead 0.03 rate +0.003 (394 pts) rate_fs +0.003 (394 pts) d1 9.1e-07 | 37.9s
ex16|sig8_0|1|0.0|code|51: level 0.779 slevel 0.559 static 0.966 c1 0.966 c50 0.967 fac1 0.001 fac50 0.022 lock 0.00 move 0.275 period None frozen 0.65 pr 12.4 sat 0.269 dead 0.03 rate +0.123 (70 pts) rate_fs +0.121 (93 pts) d1 1.2e-06 | 62.3s
run39|sig8_0|0|0.9|code|51: level 24.6 slevel 0.482 static 0.922 c1 1.000 c50 0.911 fac1 0.993 fac50 -0.071 lock 0.00 move 0.0225 period None frozen 0.57 pr 5.9 sat 0.473 dead 0.00 rate +0.191 (41 pts) rate_fs +0.155 (66 pts) d1 1.2e-06 | 7.3s
ex16|sig8_0|1|0.9|leak|51: level 0.78 slevel 0.558 static 0.988 c1 1.000 c50 0.991 fac1 0.995 fac50 0.139 lock 0.99 move 0.00451 period None frozen 0.88 pr 2.9 sat 0.269 dead 0.03 rate +0.008 (394 pts) rate_fs +0.008 (394 pts) d1 9.1e-07 | 41.6s
ex16|sig8_0|1|0.25|code|51: level 0.779 slevel 0.554 static 0.981 c1 0.999 c50 0.980 fac1 0.926 fac50 -0.043 lock 0.00 move 0.0601 period None frozen 0.76 pr 8.2 sat 0.269 dead 0.03 rate +0.039 (245 pts) rate_fs +0.041 (284 pts) d1 9.8e-07 | 64.8s
ex16|sig8_0|0|0.25|leak|51: level 2.04 slevel 0.526 static 0.922 c1 0.980 c50 0.923 fac1 0.733 fac50 -0.009 lock 0.00 move 0.205 period None frozen 0.46 pr 12.8 sat 0.387 dead 0.03 rate +0.301 (24 pts) rate_fs +0.297 (32 pts) d1 1.8e-06 | 32.4s
run39|sig8_0|0|0.75|leak|51: level 2.45 slevel 0.502 static 0.916 c1 0.999 c50 0.912 fac1 0.986 fac50 -0.055 lock 0.00 move 0.0449 period None frozen 0.50 pr 8.6 sat 0.407 dead 0.00 rate +0.110 (78 pts) rate_fs +0.113 (98 pts) d1 9.0e-07 | 15.2s
ex16|sig8_0|0|0.5|code|51: level 4.09 slevel 0.515 static 0.905 c1 0.992 c50 0.906 fac1 0.912 fac50 -0.025 lock 0.00 move 0.125 period None frozen 0.44 pr 11.7 sat 0.433 dead 0.03 rate +0.321 (19 pts) rate_fs +0.320 (27 pts) d1 1.9e-06 | 29.2s
run39|step1|1|0.0|code|51: level 0.796 slevel 0.153 static 0.263 c1 0.257 c50 0.264 fac1 -0.011 fac50 0.001 lock 0.00 move 1.22 period None frozen 0.00 pr 22.2 sat 0.152 dead 0.00 rate None (0 pts) rate_fs None (0 pts) d1 0.0e+00 | 5.6s
run39|step1|1|0.25|code|51: level 0.8 slevel 0.149 static 0.439 c1 0.720 c50 0.427 fac1 0.503 fac50 -0.015 lock 0.00 move 0.75 period None frozen 0.01 pr 20.0 sat 0.153 dead 0.00 rate -0.290 (3 pts) rate_fs -0.290 (3 pts) d1 2.5e-07 | 5.7s
run39|step1|1|0.25|leak|51: level 0.793 slevel 0.147 static 0.436 c1 0.715 c50 0.428 fac1 0.501 fac50 -0.010 lock 0.00 move 0.753 period None frozen 0.01 pr 20.0 sat 0.149 dead 0.00 rate -0.094 (3 pts) rate_fs -0.094 (3 pts) d1 2.7e-07 | 7.1s
ex16|sig8_0|0|0.5|leak|51: level 2.04 slevel 0.526 static 0.926 c1 0.996 c50 0.927 fac1 0.936 fac50 -0.018 lock 0.00 move 0.0955 period None frozen 0.51 pr 10.8 sat 0.387 dead 0.03 rate +0.176 (47 pts) rate_fs +0.169 (64 pts) d1 1.3e-06 | 33.4s
ex16|sig8_0|0|0.0|code|51: level 2.06 slevel 0.522 static 0.864 c1 0.865 c50 0.865 fac1 -0.006 fac50 -0.003 lock 0.00 move 0.522 period None frozen 0.31 pr 16.6 sat 0.388 dead 0.03 rate +0.525 (11 pts) rate_fs +0.535 (16 pts) d1 2.2e-06 | 48.2s
ex16|sig8_0|1|0.25|leak|51: level 0.779 slevel 0.556 static 0.981 c1 0.999 c50 0.981 fac1 0.927 fac50 -0.016 lock 0.00 move 0.0583 period None frozen 0.76 pr 7.8 sat 0.268 dead 0.03 rate +0.048 (188 pts) rate_fs +0.050 (222 pts) d1 9.7e-07 | 74.3s
run39|sig8_0|0|0.9|leak|51: level 2.43 slevel 0.499 static 0.917 c1 1.000 c50 0.918 fac1 0.994 fac50 -0.030 lock 0.00 move 0.0173 period None frozen 0.58 pr 5.3 sat 0.402 dead 0.00 rate +0.044 (203 pts) rate_fs +0.044 (287 pts) d1 9.3e-07 | 18.2s
run39|step1|1|0.5|code|51: level 0.803 slevel 0.151 static 0.487 c1 0.928 c50 0.469 fac1 0.857 fac50 -0.024 lock 0.00 move 0.378 period None frozen 0.03 pr 15.8 sat 0.152 dead 0.00 rate -0.277 (10 pts) rate_fs -0.277 (10 pts) d1 5.0e-07 | 5.8s
ex16|sig8_0|1|0.75|code|51: level 0.78 slevel 0.559 static 0.985 c1 1.000 c50 0.981 fac1 0.994 fac50 -0.133 lock 0.69 move 0.0118 period None frozen 0.83 pr 4.5 sat 0.269 dead 0.03 rate +0.009 (394 pts) rate_fs +0.009 (394 pts) d1 8.2e-07 | 65.6s
run39|step1|1|0.5|leak|51: level 0.792 slevel 0.148 static 0.495 c1 0.926 c50 0.478 fac1 0.854 fac50 -0.031 lock 0.00 move 0.383 period None frozen 0.04 pr 16.2 sat 0.149 dead 0.00 rate -0.083 (16 pts) rate_fs -0.083 (16 pts) d1 5.1e-07 | 7.0s
ex16|sig8_0|0|0.25|code|51: level 2.72 slevel 0.518 static 0.914 c1 0.973 c50 0.915 fac1 0.680 fac50 -0.014 lock 0.00 move 0.234 period None frozen 0.42 pr 13.5 sat 0.410 dead 0.03 rate +0.432 (15 pts) rate_fs +0.434 (21 pts) d1 2.1e-06 | 51.1s
run39|step1|1|0.75|leak|51: level 0.794 slevel 0.147 static 0.492 c1 0.988 c50 0.458 fac1 0.972 fac50 -0.069 lock 0.00 move 0.154 period None frozen 0.07 pr 11.1 sat 0.150 dead 0.00 rate -0.123 (31 pts) rate_fs -0.123 (31 pts) d1 7.7e-07 | 7.1s
ex16|sig8_0|0|0.75|leak|51: level 2.03 slevel 0.523 static 0.927 c1 0.999 c50 0.924 fac1 0.986 fac50 -0.049 lock 0.00 move 0.0384 period None frozen 0.56 pr 7.6 sat 0.387 dead 0.03 rate +0.090 (99 pts) rate_fs +0.086 (130 pts) d1 9.2e-07 | 35.3s
run39|step1|1|0.75|code|51: level 0.803 slevel 0.157 static 0.497 c1 0.989 c50 0.480 fac1 0.973 fac50 -0.057 lock 0.00 move 0.151 period None frozen 0.07 pr 10.8 sat 0.151 dead 0.00 rate -0.176 (29 pts) rate_fs -0.176 (29 pts) d1 7.5e-07 | 10.7s
run39|step1|1|0.9|code|51: level 0.802 slevel 0.151 static 0.570 c1 0.999 c50 0.588 fac1 0.992 fac50 -0.046 lock 0.00 move 0.0549 period None frozen 0.18 pr 6.2 sat 0.150 dead 0.00 rate -0.062 (106 pts) rate_fs -0.062 (106 pts) d1 9.0e-07 | 6.3s
ex16|sig8_0|0|0.9|code|51: level 20.4 slevel 0.502 static 0.920 c1 1.000 c50 0.920 fac1 0.993 fac50 -0.017 lock 0.01 move 0.0217 period None frozen 0.58 pr 5.2 sat 0.469 dead 0.03 rate +0.130 (56 pts) rate_fs +0.119 (84 pts) d1 1.7e-06 | 32.2s
ex16|step1|1|0.0|code|51: level 0.763 slevel 0.152 static 0.264 c1 0.251 c50 0.248 fac1 -0.003 fac50 -0.002 lock 0.00 move 1.22 period None frozen 0.03 pr 20.1 sat 0.148 dead 0.03 rate None (0 pts) rate_fs None (0 pts) d1 0.0e+00 | 24.4s
run39|step1|1|0.9|leak|51: level 0.795 slevel 0.147 static 0.561 c1 0.998 c50 0.496 fac1 0.992 fac50 -0.132 lock 0.00 move 0.0585 period None frozen 0.19 pr 6.6 sat 0.149 dead 0.00 rate -0.069 (92 pts) rate_fs -0.069 (92 pts) d1 8.9e-07 | 7.5s
run39|step1|0|0.25|code|51: level 2.82 slevel 0.370 static 0.805 c1 0.912 c50 0.815 fac1 0.538 fac50 0.003 lock 0.00 move 0.42 period None frozen 0.17 pr 18.6 sat 0.368 dead 0.00 rate -0.789 (3 pts) rate_fs -0.789 (3 pts) d1 2.6e-07 | 5.4s
ex16|step1|1|0.5|code|51: level 0.778 slevel 0.159 static 0.493 c1 0.928 c50 0.467 fac1 0.858 fac50 -0.034 lock 0.00 move 0.377 period None frozen 0.06 pr 14.6 sat 0.153 dead 0.03 rate -0.138 (16 pts) rate_fs -0.138 (16 pts) d1 5.0e-07 | 25.9s
run39|step1|0|0.0|code|51: level 2.08 slevel 0.328 static 0.604 c1 0.607 c50 0.607 fac1 -0.007 fac50 -0.005 lock 0.00 move 0.891 period None frozen 0.03 pr 21.8 sat 0.329 dead 0.00 rate None (0 pts) rate_fs None (0 pts) d1 0.0e+00 | 9.9s
ex16|sig8_0|0|0.75|code|51: level 8.19 slevel 0.508 static 0.910 c1 0.998 c50 0.908 fac1 0.978 fac50 -0.027 lock 0.00 move 0.0571 period None frozen 0.49 pr 9.0 sat 0.456 dead 0.03 rate +0.216 (32 pts) rate_fs +0.216 (45 pts) d1 1.9e-06 | 52.9s
run39|step1|0|0.25|leak|51: level 1.96 slevel 0.322 static 0.758 c1 0.891 c50 0.754 fac1 0.538 fac50 -0.022 lock 0.00 move 0.472 period None frozen 0.13 pr 18.8 sat 0.319 dead 0.00 rate None (1 pts) rate_fs None (1 pts) d1 2.6e-07 | 6.8s
ex16|sig8_0|0|0.9|leak|51: level 2.03 slevel 0.525 static 0.940 c1 1.000 c50 0.940 fac1 0.994 fac50 -0.053 lock 0.07 move 0.0142 period None frozen 0.66 pr 4.8 sat 0.387 dead 0.03 rate +0.037 (256 pts) rate_fs +0.037 (321 pts) d1 9.3e-07 | 41.2s
run39|step1|0|0.5|code|51: level 4.43 slevel 0.410 static 0.863 c1 0.982 c50 0.863 fac1 0.867 fac50 -0.005 lock 0.00 move 0.192 period None frozen 0.29 pr 14.2 sat 0.406 dead 0.00 rate -0.629 (10 pts) rate_fs -0.629 (10 pts) d1 5.1e-07 | 5.5s
ex16|step1|1|0.5|leak|51: level 0.744 slevel 0.150 static 0.468 c1 0.925 c50 0.454 fac1 0.858 fac50 -0.026 lock 0.00 move 0.384 period None frozen 0.06 pr 14.5 sat 0.141 dead 0.03 rate -0.235 (13 pts) rate_fs -0.235 (13 pts) d1 5.1e-07 | 28.9s
run39|step1|0|0.75|code|51: level 9.34 slevel 0.448 static 0.885 c1 0.998 c50 0.878 fac1 0.975 fac50 -0.082 lock 0.00 move 0.0693 period None frozen 0.41 pr 9.8 sat 0.446 dead 0.00 rate -0.155 (30 pts) rate_fs -0.155 (30 pts) d1 7.5e-07 | 5.6s
run39|step1|0|0.75|leak|51: level 1.94 slevel 0.315 static 0.797 c1 0.995 c50 0.802 fac1 0.974 fac50 -0.004 lock 0.00 move 0.0957 period None frozen 0.27 pr 10.8 sat 0.317 dead 0.00 rate -0.180 (27 pts) rate_fs -0.180 (27 pts) d1 7.5e-07 | 6.9s
ex16|step1|0|0.0|code|51: level 1.62 slevel 0.298 static 0.554 c1 0.556 c50 0.553 fac1 0.002 fac50 -0.003 lock 0.00 move 0.931 period None frozen 0.05 pr 19.7 sat 0.289 dead 0.03 rate None (0 pts) rate_fs None (0 pts) d1 0.0e+00 | 23.8s
run39|step1|0|0.5|leak|51: level 1.95 slevel 0.326 static 0.793 c1 0.974 c50 0.791 fac1 0.868 fac50 -0.037 lock 0.00 move 0.23 period None frozen 0.20 pr 15.1 sat 0.319 dead 0.00 rate -0.394 (11 pts) rate_fs -0.394 (11 pts) d1 5.0e-07 | 12.7s
ex16|step1|1|0.25|code|51: level 0.774 slevel 0.156 static 0.428 c1 0.719 c50 0.412 fac1 0.512 fac50 -0.014 lock 0.00 move 0.747 period None frozen 0.04 pr 17.9 sat 0.150 dead 0.03 rate -0.144 (6 pts) rate_fs -0.144 (6 pts) d1 2.5e-07 | 46.1s
ex16|step1|0|0.25|code|51: level 2.24 slevel 0.351 static 0.778 c1 0.901 c50 0.779 fac1 0.548 fac50 -0.013 lock 0.00 move 0.438 period None frozen 0.18 pr 16.6 sat 0.339 dead 0.03 rate -1.088 (4 pts) rate_fs -1.088 (4 pts) d1 2.6e-07 | 24.3s
run39|step1|0|0.9|code|51: level 23.9 slevel 0.481 static 0.906 c1 1.000 c50 0.903 fac1 0.992 fac50 -0.075 lock 0.00 move 0.0258 period None frozen 0.53 pr 6.2 sat 0.470 dead 0.00 rate -0.062 (103 pts) rate_fs -0.062 (103 pts) d1 9.0e-07 | 6.0s
ex16|step1|0|0.25|leak|51: level 1.48 slevel 0.281 static 0.699 c1 0.863 c50 0.702 fac1 0.544 fac50 -0.006 lock 0.00 move 0.508 period None frozen 0.13 pr 17.0 sat 0.274 dead 0.03 rate -3.742 (3 pts) rate_fs -3.742 (3 pts) d1 2.6e-07 | 28.3s
ex16|step1|0|0.5|code|51: level 3.63 slevel 0.400 static 0.853 c1 0.982 c50 0.850 fac1 0.871 fac50 -0.041 lock 0.00 move 0.189 period None frozen 0.32 pr 13.1 sat 0.391 dead 0.03 rate -0.332 (14 pts) rate_fs -0.332 (14 pts) d1 5.0e-07 | 25.3s
run39|tri0.3|1|0.0|code|51: level 0.805 slevel 0.464 static 0.931 c1 0.931 c50 0.932 fac1 -0.013 fac50 0.008 lock 0.00 move 0.389 period None frozen 0.50 pr 17.8 sat None dead 0.00 rate +0.658 (9 pts) rate_fs +0.636 (15 pts) d1 2.3e-06 | 7.4s
ex16|step1|1|0.25|leak|51: level 0.749 slevel 0.151 static 0.418 c1 0.709 c50 0.414 fac1 0.501 fac50 -0.010 lock 0.00 move 0.76 period None frozen 0.04 pr 17.9 sat 0.143 dead 0.03 rate -0.059 (8 pts) rate_fs -0.059 (8 pts) d1 2.6e-07 | 53.4s
ex16|step1|0|0.75|code|51: level 7.71 slevel 0.451 static 0.890 c1 0.997 c50 0.887 fac1 0.974 fac50 -0.040 lock 0.00 move 0.0703 period None frozen 0.43 pr 9.5 sat 0.437 dead 0.03 rate -0.142 (36 pts) rate_fs -0.142 (36 pts) d1 7.5e-07 | 24.8s
ex16|step1|1|0.75|code|51: level 0.78 slevel 0.160 static 0.514 c1 0.988 c50 0.481 fac1 0.973 fac50 -0.053 lock 0.00 move 0.154 period None frozen 0.10 pr 10.4 sat 0.155 dead 0.03 rate -0.124 (36 pts) rate_fs -0.124 (36 pts) d1 7.5e-07 | 47.8s
run39|tri0.3|1|0.25|code|51: level 0.806 slevel 0.466 static 0.968 c1 0.993 c50 0.970 fac1 0.764 fac50 -0.005 lock 0.00 move 0.128 period None frozen 0.67 pr 11.7 sat None dead 0.00 rate +0.468 (15 pts) rate_fs +0.459 (22 pts) d1 1.6e-06 | 7.8s
run39|step1|0|0.9|leak|51: level 1.94 slevel 0.309 static 0.830 c1 0.999 c50 0.829 fac1 0.993 fac50 -0.010 lock 0.00 move 0.0339 period None frozen 0.40 pr 6.0 sat 0.317 dead 0.00 rate -0.052 (120 pts) rate_fs -0.052 (120 pts) d1 9.0e-07 | 13.8s
ex16|step1|1|0.9|code|51: level 0.781 slevel 0.158 static 0.575 c1 0.998 c50 0.559 fac1 0.992 fac50 -0.056 lock 0.00 move 0.0557 period None frozen 0.21 pr 6.0 sat 0.156 dead 0.03 rate -0.082 (109 pts) rate_fs -0.082 (109 pts) d1 9.0e-07 | 49.7s
run39|tri0.3|1|0.25|leak|51: level 0.806 slevel 0.464 static 0.967 c1 0.993 c50 0.967 fac1 0.785 fac50 -0.022 lock 0.00 move 0.122 period None frozen 0.67 pr 11.7 sat None dead 0.00 rate +1.633 (3 pts) rate_fs +0.376 (15 pts) d1 3.2e-06 | 10.5s
ex16|step1|0|0.75|leak|51: level 1.47 slevel 0.277 static 0.736 c1 0.994 c50 0.724 fac1 0.975 fac50 -0.051 lock 0.00 move 0.103 period None frozen 0.23 pr 9.8 sat 0.272 dead 0.03 rate -0.205 (36 pts) rate_fs -0.205 (36 pts) d1 7.5e-07 | 28.5s
ex16|step1|1|0.75|leak|51: level 0.748 slevel 0.151 static 0.513 c1 0.988 c50 0.482 fac1 0.972 fac50 -0.052 lock 0.00 move 0.156 period None frozen 0.11 pr 10.4 sat 0.144 dead 0.03 rate -0.161 (36 pts) rate_fs -0.161 (36 pts) d1 7.5e-07 | 54.3s
run39|tri0.3|1|0.5|code|51: level 0.806 slevel 0.466 static 0.968 c1 0.999 c50 0.972 fac1 0.951 fac50 0.068 lock 0.00 move 0.0578 period None frozen 0.71 pr 9.0 sat None dead 0.00 rate +0.467 (22 pts) rate_fs +0.294 (39 pts) d1 8.6e-07 | 8.2s
ex16|step1|0|0.9|code|51: level 19.8 slevel 0.471 static 0.914 c1 1.000 c50 0.909 fac1 0.992 fac50 -0.061 lock 0.00 move 0.0244 period None frozen 0.56 pr 5.6 sat 0.461 dead 0.03 rate -0.092 (109 pts) rate_fs -0.092 (109 pts) d1 9.0e-07 | 26.6s
run39|tri0.3|1|0.5|leak|51: level 0.806 slevel 0.464 static 0.970 c1 0.999 c50 0.969 fac1 0.948 fac50 -0.045 lock 0.00 move 0.0578 period None frozen 0.70 pr 9.5 sat None dead 0.00 rate +0.309 (26 pts) rate_fs +0.316 (40 pts) d1 4.7e-06 | 9.3s
ex16|step1|1|0.9|leak|51: level 0.74 slevel 0.146 static 0.534 c1 0.998 c50 0.523 fac1 0.992 fac50 -0.042 lock 0.00 move 0.0578 period None frozen 0.20 pr 5.9 sat 0.139 dead 0.03 rate -0.066 (109 pts) rate_fs -0.066 (109 pts) d1 9.0e-07 | 56.9s
ex16|step1|0|0.9|leak|51: level 1.46 slevel 0.279 static 0.773 c1 0.999 c50 0.759 fac1 0.993 fac50 -0.045 lock 0.00 move 0.0381 period None frozen 0.36 pr 5.7 sat 0.270 dead 0.03 rate -0.103 (109 pts) rate_fs -0.103 (109 pts) d1 9.0e-07 | 30.4s
run39|tri0.3|1|0.9|code|51: level 0.804 slevel 0.466 static 0.973 c1 1.000 c50 0.969 fac1 0.995 fac50 -0.074 lock 0.63 move 0.0102 period None frozen 0.78 pr 4.8 sat None dead 0.00 rate +0.029 (310 pts) rate_fs +0.031 (378 pts) d1 1.1e-06 | 9.9s
run39|tri0.3|1|0.75|leak|51: level 0.807 slevel 0.464 static 0.974 c1 1.000 c50 0.973 fac1 0.988 fac50 -0.021 lock 0.00 move 0.0228 period None frozen 0.75 pr 6.5 sat None dead 0.00 rate +0.096 (69 pts) rate_fs +0.101 (99 pts) d1 1.2e-06 | 11.7s
ex16|tri0.3|1|0.25|code|51: level 0.781 slevel 0.465 static 0.956 c1 0.992 c50 0.956 fac1 0.810 fac50 -0.012 lock 0.00 move 0.132 period None frozen 0.63 pr 11.3 sat None dead 0.03 rate None (0 pts) rate_fs +0.252 (5 pts) d1 2.9e-03 | 30.1s
run39|tri0.3|1|0.9|leak|51: level 0.807 slevel 0.458 static 0.983 c1 1.000 c50 0.983 fac1 0.995 fac50 -0.013 lock 0.94 move 0.00762 period None frozen 0.83 pr 4.2 sat None dead 0.00 rate +0.031 (246 pts) rate_fs +0.036 (326 pts) d1 9.1e-07 | 11.7s
run39|tri0.3|1|0.75|code|51: level 0.805 slevel 0.462 static 0.963 c1 1.000 c50 0.965 fac1 0.990 fac50 0.051 lock 0.00 move 0.024 period None frozen 0.72 pr 6.3 sat None dead 0.00 rate +0.162 (56 pts) rate_fs +0.147 (87 pts) d1 8.7e-07 | 17.3s
run39|tri0.3|0|0.0|code|51: level 3.58 slevel 0.466 static 0.933 c1 0.935 c50 0.935 fac1 -0.017 fac50 -0.003 lock 0.00 move 0.372 period None frozen 0.44 pr 17.6 sat None dead 0.00 rate +0.888 (8 pts) rate_fs +0.884 (12 pts) d1 1.8e-06 | 7.0s
ex16|step1|0|0.5|leak|51: level 1.47 slevel 0.280 static 0.727 c1 0.966 c50 0.721 fac1 0.871 fac50 -0.037 lock 0.00 move 0.252 period None frozen 0.17 pr 13.7 sat 0.272 dead 0.03 rate -0.640 (12 pts) rate_fs -0.640 (12 pts) d1 5.1e-07 | 50.2s
ex16|tri0.3|1|0.25|leak|51: level 0.781 slevel 0.466 static 0.954 c1 0.992 c50 0.952 fac1 0.810 fac50 -0.032 lock 0.00 move 0.136 period None frozen 0.63 pr 11.4 sat None dead 0.03 rate None (0 pts) rate_fs +0.158 (8 pts) d1 2.8e-03 | 34.5s
run39|tri0.3|0|0.5|code|51: level 9.59 slevel 0.467 static 0.965 c1 0.999 c50 0.966 fac1 0.954 fac50 -0.020 lock 0.00 move 0.0539 period None frozen 0.63 pr 9.4 sat None dead 0.00 rate +0.299 (30 pts) rate_fs +0.236 (45 pts) d1 1.2e-06 | 7.5s
run39|tri0.3|0|0.25|leak|51: level 3.56 slevel 0.467 static 0.968 c1 0.994 c50 0.971 fac1 0.809 fac50 -0.018 lock 0.00 move 0.109 period None frozen 0.63 pr 11.8 sat None dead 0.00 rate +0.579 (11 pts) rate_fs +0.422 (22 pts) d1 7.2e-06 | 9.2s
run39|tri0.3|0|0.25|code|51: level 5.37 slevel 0.467 static 0.967 c1 0.994 c50 0.968 fac1 0.821 fac50 -0.001 lock 0.00 move 0.107 period None frozen 0.62 pr 10.5 sat None dead 0.00 rate +0.636 (10 pts) rate_fs +0.576 (17 pts) d1 1.3e-06 | 13.4s
run39|tri0.3|0|0.5|leak|51: level 3.57 slevel 0.466 static 0.964 c1 0.999 c50 0.963 fac1 0.956 fac50 -0.075 lock 0.00 move 0.0543 period None frozen 0.64 pr 8.4 sat None dead 0.00 rate +0.453 (22 pts) rate_fs +0.270 (44 pts) d1 1.0e-06 | 9.1s
run39|tri0.3|0|0.75|code|51: level 25.8 slevel 0.468 static 0.966 c1 1.000 c50 0.958 fac1 0.990 fac50 -0.244 lock 0.00 move 0.0214 period None frozen 0.69 pr 6.3 sat None dead 0.00 rate +0.067 (130 pts) rate_fs +0.070 (173 pts) d1 1.0e-06 | 9.1s
ex16|tri0.3|1|0.0|code|51: level 0.781 slevel 0.464 static 0.918 c1 0.918 c50 0.918 fac1 -0.003 fac50 -0.001 lock 0.00 move 0.414 period None frozen 0.48 pr 15.6 sat None dead 0.03 rate None (0 pts) rate_fs None (2 pts) d1 3.8e-03 | 52.9s
ex16|tri0.3|1|0.75|code|51: level 0.781 slevel 0.465 static 0.958 c1 1.000 c50 0.955 fac1 0.989 fac50 -0.055 lock 0.00 move 0.0258 period None frozen 0.71 pr 6.5 sat None dead 0.03 rate +0.106 (8 pts) rate_fs +0.076 (42 pts) d1 9.7e-04 | 40.0s
ex16|tri0.3|1|0.75|leak|51: level 0.781 slevel 0.466 static 0.954 c1 1.000 c50 0.951 fac1 0.990 fac50 -0.047 lock 0.00 move 0.0252 period None frozen 0.71 pr 5.9 sat None dead 0.03 rate +0.162 (4 pts) rate_fs +0.081 (33 pts) d1 9.6e-04 | 37.5s
ex16|tri0.3|0|0.25|code|51: level 4.05 slevel 0.463 static 0.956 c1 0.992 c50 0.955 fac1 0.819 fac50 -0.018 lock 0.00 move 0.126 period None frozen 0.59 pr 11.5 sat None dead 0.03 rate None (0 pts) rate_fs +0.167 (7 pts) d1 2.2e-03 | 29.5s
run39|tri0.3|0|0.75|leak|51: level 3.57 slevel 0.463 static 0.974 c1 1.000 c50 0.975 fac1 0.987 fac50 -0.038 lock 0.00 move 0.021 period None frozen 0.75 pr 6.7 sat None dead 0.00 rate +0.091 (80 pts) rate_fs +0.129 (109 pts) d1 8.2e-07 | 9.9s
ex16|tri0.3|1|0.9|leak|51: level 0.78 slevel 0.464 static 0.964 c1 1.000 c50 0.970 fac1 0.995 fac50 0.112 lock 0.79 move 0.00933 period None frozen 0.78 pr 3.6 sat None dead 0.03 rate +0.046 (34 pts) rate_fs +0.031 (118 pts) d1 3.8e-04 | 42.9s
ex16|tri0.3|1|0.5|code|51: level 0.781 slevel 0.465 static 0.956 c1 0.998 c50 0.953 fac1 0.956 fac50 -0.069 lock 0.00 move 0.0614 period None frozen 0.67 pr 8.9 sat None dead 0.03 rate None (1 pts) rate_fs +0.124 (19 pts) d1 1.9e-03 | 56.0s
run39|tri0.3|0|0.9|leak|51: level 3.59 slevel 0.470 static 0.973 c1 1.000 c50 0.974 fac1 0.995 fac50 -0.020 lock 0.90 move 0.00799 period None frozen 0.78 pr 4.1 sat None dead 0.00 rate +0.034 (279 pts) rate_fs +0.034 (340 pts) d1 9.1e-07 | 11.6s
ex16|tri0.3|0|0.25|leak|51: level 2.69 slevel 0.465 static 0.958 c1 0.992 c50 0.958 fac1 0.810 fac50 -0.017 lock 0.00 move 0.125 period None frozen 0.61 pr 11.3 sat None dead 0.03 rate None (0 pts) rate_fs +0.217 (7 pts) d1 2.2e-03 | 33.9s
run39|tri0.3|0|0.9|code|51: level 95.6 slevel 0.470 static 0.983 c1 1.000 c50 0.987 fac1 0.995 fac50 0.158 lock 1.00 move 0.00575 period None frozen 0.83 pr 3.3 sat None dead 0.00 rate +0.031 (332 pts) rate_fs +0.034 (394 pts) d1 9.4e-07 | 17.9s
run39|tri0.7|1|0.0|code|51: level 0.803 slevel 0.392 static 0.959 c1 0.935 c50 0.977 fac1 -0.625 fac50 0.360 lock 0.00 move 0.393 period None frozen 0.70 pr 2.5 sat None dead 0.00 rate +0.087 (99 pts) rate_fs +0.075 (157 pts) d1 1.1e-06 | 10.1s
ex16|tri0.3|1|0.5|leak|51: level 0.781 slevel 0.466 static 0.955 c1 0.998 c50 0.953 fac1 0.954 fac50 -0.040 lock 0.00 move 0.0645 period None frozen 0.66 pr 9.5 sat None dead 0.03 rate None (0 pts) rate_fs +0.139 (16 pts) d1 1.9e-03 | 64.8s
ex16|tri0.3|0|0.75|code|51: level 19.4 slevel 0.465 static 0.961 c1 1.000 c50 0.952 fac1 0.990 fac50 -0.166 lock 0.00 move 0.0237 period None frozen 0.68 pr 6.4 sat None dead 0.03 rate +0.206 (5 pts) rate_fs +0.083 (35 pts) d1 7.3e-04 | 33.7s
ex16|tri0.3|0|0.0|code|51: level 2.7 slevel 0.465 static 0.921 c1 0.920 c50 0.922 fac1 -0.003 fac50 0.006 lock 0.00 move 0.395 period None frozen 0.44 pr 15.5 sat None dead 0.03 rate None (0 pts) rate_fs None (2 pts) d1 3.0e-03 | 52.0s
run39|tri0.7|1|0.25|leak|51: level 0.801 slevel 0.394 static 0.997 c1 1.000 c50 0.996 fac1 0.838 fac50 -0.279 lock 0.00 move 0.0415 period None frozen 0.92 pr 4.4 sat None dead 0.00 rate +0.024 (394 pts) rate_fs +0.024 (394 pts) d1 8.2e-07 | 12.1s
run39|tri0.7|1|0.5|code|51: level 0.801 slevel 0.395 static 0.998 c1 1.000 c50 0.998 fac1 0.985 fac50 -0.070 lock 0.63 move 0.0182 period None frozen 0.94 pr 4.5 sat None dead 0.00 rate +0.018 (394 pts) rate_fs +0.018 (394 pts) d1 7.0e-07 | 10.2s
run39|tri0.7|1|0.25|code|51: level 0.801 slevel 0.394 static 0.997 c1 1.000 c50 0.997 fac1 0.824 fac50 -0.266 lock 0.00 move 0.0414 period None frozen 0.93 pr 4.3 sat None dead 0.00 rate +0.025 (390 pts) rate_fs +0.025 (394 pts) d1 9.1e-07 | 19.0s
run39|tri0.7|1|0.5|leak|51: level 0.801 slevel 0.394 static 0.998 c1 1.000 c50 0.999 fac1 0.975 fac50 0.313 lock 0.57 move 0.0187 period None frozen 0.95 pr 3.5 sat None dead 0.00 rate +0.014 (394 pts) rate_fs +0.014 (394 pts) d1 7.7e-07 | 12.0s
ex16|tri0.3|1|0.9|code|51: level 0.781 slevel 0.467 static 0.965 c1 1.000 c50 0.970 fac1 0.995 fac50 0.084 lock 0.85 move 0.00908 period None frozen 0.79 pr 3.8 sat None dead 0.03 rate +0.064 (23 pts) rate_fs +0.024 (136 pts) d1 3.9e-04 | 69.1s
ex16|tri0.3|0|0.9|code|51: level 72.2 slevel 0.469 static 0.968 c1 1.000 c50 0.973 fac1 0.994 fac50 0.058 lock 0.88 move 0.00829 period None frozen 0.76 pr 3.8 sat None dead 0.03 rate +0.078 (25 pts) rate_fs +0.037 (103 pts) d1 2.9e-04 | 36.9s
run39|tri0.7|1|0.75|code|51: level 0.801 slevel 0.394 static 0.998 c1 1.000 c50 0.998 fac1 0.991 fac50 -0.074 lock 0.94 move 0.0073 period None frozen 0.95 pr 3.6 sat None dead 0.00 rate +0.004 (394 pts) rate_fs +0.004 (394 pts) d1 8.1e-07 | 10.3s
ex16|tri0.3|0|0.5|code|51: level 7.23 slevel 0.465 static 0.953 c1 0.998 c50 0.952 fac1 0.961 fac50 -0.033 lock 0.00 move 0.0577 period None frozen 0.62 pr 8.7 sat None dead 0.03 rate None (1 pts) rate_fs +0.175 (15 pts) d1 1.5e-03 | 56.2s
ex16|tri0.3|0|0.9|leak|51: level 2.69 slevel 0.462 static 0.969 c1 1.000 c50 0.971 fac1 0.995 fac50 0.020 lock 0.82 move 0.00895 period None frozen 0.77 pr 3.9 sat None dead 0.03 rate +0.050 (31 pts) rate_fs +0.025 (139 pts) d1 2.9e-04 | 43.4s
ex16|tri0.7|1|0.0|code|51: level 0.781 slevel 0.390 static 0.977 c1 0.978 c50 0.978 fac1 -0.004 fac50 0.004 lock 0.00 move 0.218 period None frozen 0.70 pr 14.2 sat None dead 0.03 rate +0.108 (53 pts) rate_fs +0.103 (80 pts) d1 1.5e-05 | 39.2s
ex16|tri0.3|0|0.5|leak|51: level 2.69 slevel 0.467 static 0.958 c1 0.998 c50 0.958 fac1 0.959 fac50 -0.022 lock 0.00 move 0.0574 period None frozen 0.64 pr 9.0 sat None dead 0.03 rate None (1 pts) rate_fs +0.161 (15 pts) d1 1.5e-03 | 65.4s
run39|tri0.7|1|0.9|leak|51: level 0.803 slevel 0.403 static 0.999 c1 1.000 c50 1.000 fac1 0.992 fac50 0.402 lock 0.98 move 0.00259 period None frozen 0.97 pr 1.8 sat None dead 0.00 rate +0.001 (394 pts) rate_fs +0.001 (394 pts) d1 9.0e-07 | 12.2s
ex16|tri0.7|1|0.25|code|51: level 0.781 slevel 0.386 static 0.990 c1 1.000 c50 0.990 fac1 0.953 fac50 0.003 lock 0.00 move 0.0372 period None frozen 0.83 pr 7.9 sat None dead 0.03 rate +0.034 (212 pts) rate_fs +0.029 (330 pts) d1 1.1e-05 | 39.7s
run39|tri0.7|1|0.75|leak|51: level 0.801 slevel 0.394 static 0.999 c1 1.000 c50 0.998 fac1 0.993 fac50 -0.407 lock 0.94 move 0.00755 period None frozen 0.95 pr 3.2 sat None dead 0.00 rate +0.009 (394 pts) rate_fs +0.009 (394 pts) d1 7.9e-07 | 21.9s
run39|tri0.7|0|0.0|code|51: level 27.5 slevel 0.387 static 0.982 c1 0.982 c50 0.981 fac1 -0.030 fac50 -0.062 lock 0.00 move 0.19 period None frozen 0.70 pr 13.0 sat None dead 0.00 rate +0.099 (90 pts) rate_fs +0.087 (131 pts) d1 1.1e-06 | 9.9s
ex16|tri0.3|0|0.75|leak|51: level 2.68 slevel 0.467 static 0.958 c1 1.000 c50 0.952 fac1 0.990 fac50 -0.137 lock 0.00 move 0.0237 period None frozen 0.68 pr 6.4 sat None dead 0.03 rate +0.113 (8 pts) rate_fs +0.085 (38 pts) d1 7.3e-04 | 64.3s
run39|tri0.7|1|0.9|code|51: level 0.803 slevel 0.400 static 0.999 c1 1.000 c50 0.999 fac1 0.992 fac50 0.399 lock 0.98 move 0.00262 period None frozen 0.97 pr 1.8 sat None dead 0.00 rate -0.000 (394 pts) rate_fs -0.000 (394 pts) d1 9.0e-07 | 19.1s
ex16|tri0.7|1|0.25|leak|51: level 0.781 slevel 0.385 static 0.992 c1 1.000 c50 0.992 fac1 0.949 fac50 0.014 lock 0.00 move 0.0371 period None frozen 0.84 pr 8.2 sat None dead 0.03 rate +0.039 (191 pts) rate_fs +0.030 (324 pts) d1 1.1e-05 | 45.0s
run39|tri0.7|0|0.25|leak|51: level 27.4 slevel 0.393 static 0.999 c1 1.000 c50 0.999 fac1 0.946 fac50 -0.043 lock 0.96 move 0.00747 period None frozen 0.95 pr 4.8 sat None dead 0.00 rate +0.018 (394 pts) rate_fs +0.018 (394 pts) d1 9.2e-07 | 11.7s
run39|tri0.7|0|0.5|code|51: level 276 slevel 0.393 static 0.999 c1 1.000 c50 0.999 fac1 0.987 fac50 0.197 lock 1.00 move 0.0018 period None frozen 0.94 pr 2.3 sat None dead 0.00 rate +0.019 (394 pts) rate_fs +0.019 (394 pts) d1 7.3e-07 | 9.9s
run39|tri0.7|0|0.25|code|51: level 71.6 slevel 0.393 static 1.000 c1 1.000 c50 1.000 fac1 0.929 fac50 -0.104 lock 0.96 move 0.00746 period None frozen 0.96 pr 4.6 sat None dead 0.00 rate +0.018 (394 pts) rate_fs +0.018 (394 pts) d1 1.1e-06 | 16.5s
run39|tri0.7|0|0.5|leak|51: level 27.3 slevel 0.393 static 0.999 c1 1.000 c50 0.999 fac1 0.988 fac50 0.242 lock 1.00 move 0.00298 period None frozen 0.94 pr 2.6 sat None dead 0.00 rate +0.020 (394 pts) rate_fs +0.020 (394 pts) d1 7.9e-07 | 15.9s
ex16|tri0.7|1|0.75|leak|51: level 0.781 slevel 0.384 static 0.996 c1 1.000 c50 0.995 fac1 0.996 fac50 -0.031 lock 0.98 move 0.00691 period None frozen 0.92 pr 3.5 sat None dead 0.03 rate +0.011 (394 pts) rate_fs +0.011 (394 pts) d1 3.7e-06 | 45.0s
ex16|tri0.7|1|0.9|code|51: level 0.781 slevel 0.383 static 0.997 c1 1.000 c50 0.999 fac1 0.994 fac50 0.318 lock 0.99 move 0.00262 period None frozen 0.94 pr 2.5 sat None dead 0.03 rate +0.005 (394 pts) rate_fs +0.005 (394 pts) d1 1.7e-06 | 39.2s
ex16|tri0.7|1|0.9|leak|51: level 0.78 slevel 0.385 static 0.998 c1 1.000 c50 0.998 fac1 0.994 fac50 0.223 lock 0.99 move 0.00264 period None frozen 0.94 pr 2.9 sat None dead 0.03 rate +0.001 (394 pts) rate_fs +0.001 (394 pts) d1 1.7e-06 | 44.8s
ex16|tri0.7|1|0.5|code|51: level 0.781 slevel 0.384 static 0.994 c1 1.000 c50 0.992 fac1 0.989 fac50 -0.191 lock 0.44 move 0.0173 period None frozen 0.87 pr 6.3 sat None dead 0.03 rate +0.020 (373 pts) rate_fs +0.020 (394 pts) d1 7.3e-06 | 65.4s
ex16|tri0.7|0|0.25|code|51: level 40.8 slevel 0.388 static 0.990 c1 1.000 c50 0.991 fac1 0.978 fac50 0.073 lock 0.01 move 0.0186 period None frozen 0.83 pr 5.8 sat None dead 0.03 rate +0.025 (287 pts) rate_fs +0.025 (394 pts) d1 8.4e-06 | 38.0s
ex16|tri0.7|1|0.5|leak|51: level 0.781 slevel 0.385 static 0.993 c1 1.000 c50 0.990 fac1 0.990 fac50 -0.265 lock 0.39 move 0.0175 period None frozen 0.87 pr 5.5 sat None dead 0.03 rate +0.019 (335 pts) rate_fs +0.018 (394 pts) d1 7.2e-06 | 64.1s
ex16|tri0.7|1|0.75|code|51: level 0.781 slevel 0.384 static 0.995 c1 1.000 c50 0.995 fac1 0.995 fac50 -0.120 lock 0.98 move 0.00719 period None frozen 0.91 pr 4.4 sat None dead 0.03 rate +0.011 (394 pts) rate_fs +0.011 (394 pts) d1 3.7e-06 | 64.1s
ex16|tri0.7|0|0.0|code|51: level 15.6 slevel 0.388 static 0.986 c1 0.988 c50 0.986 fac1 0.138 fac50 -0.004 lock 0.00 move 0.153 period None frozen 0.75 pr 12.1 sat None dead 0.03 rate +0.095 (63 pts) rate_fs +0.079 (107 pts) d1 1.1e-05 | 52.9s
ex16|tri0.7|0|0.25|leak|51: level 15.6 slevel 0.388 static 0.989 c1 1.000 c50 0.989 fac1 0.977 fac50 -0.017 lock 0.01 move 0.0204 period None frozen 0.82 pr 5.9 sat None dead 0.03 rate +0.029 (243 pts) rate_fs +0.026 (394 pts) d1 8.4e-06 | 43.1s
ex16|tri0.7|0|0.5|code|51: level 157 slevel 0.389 static 0.990 c1 1.000 c50 0.991 fac1 0.992 fac50 0.055 lock 0.48 move 0.0102 period None frozen 0.85 pr 4.8 sat None dead 0.03 rate +0.018 (385 pts) rate_fs +0.019 (394 pts) d1 5.6e-06 | 47.7s
ex16|tri0.7|0|0.5|leak|51: level 15.6 slevel 0.387 static 0.992 c1 1.000 c50 0.992 fac1 0.992 fac50 0.036 lock 0.66 move 0.00998 period None frozen 0.86 pr 4.9 sat None dead 0.03 rate +0.017 (394 pts) rate_fs +0.017 (394 pts) d1 5.6e-06 | 46.3s
run39|raw|1|0.0|code|51: level 0.803 slevel 0.000 static 0.007 c1 0.715 c50 -0.035 fac1 0.719 fac50 -0.037 lock 0.00 move 0.75 period None frozen 0.00 pr 3.7 sat None dead 0.00 rate +0.000 (394 pts) rate_fs +0.000 (394 pts) d1 1.0e-06 | 7.7s
run39|raw|1|0.5|code|51: level 0.803 slevel 0.002 static 0.056 c1 0.992 c50 0.853 fac1 0.988 fac50 0.706 lock 0.00 move 0.125 period None frozen 0.02 pr 2.8 sat None dead 0.00 rate +0.001 (394 pts) rate_fs +0.001 (394 pts) d1 7.1e-07 | 8.0s
run39|raw|1|0.25|code|51: level 0.801 slevel 0.001 static 0.036 c1 0.979 c50 -0.865 fac1 0.975 fac50 -0.780 lock 0.00 move 0.204 period None frozen 0.05 pr 2.1 sat None dead 0.00 rate +0.000 (394 pts) rate_fs +0.000 (394 pts) d1 8.1e-07 | 8.2s
run39|tri0.7|0|0.9|code|51: level 5.9e+04 slevel 0.391 static 1.000 c1 1.000 c50 1.000 fac1 0.993 fac50 0.416 lock 1.00 move 0.000283 period None frozen 0.98 pr 1.8 sat None dead 0.00 rate +0.003 (394 pts) rate_fs +0.003 (394 pts) d1 9.0e-07 | 9.6s
run39|tri0.7|0|0.75|leak|51: level 27.3 slevel 0.394 static 0.999 c1 1.000 c50 0.999 fac1 0.992 fac50 0.223 lock 1.00 move 0.00131 period None frozen 0.96 pr 2.4 sat None dead 0.00 rate +0.010 (394 pts) rate_fs +0.010 (394 pts) d1 7.9e-07 | 11.6s
run39|raw|1|0.25|leak|51: level 0.801 slevel 0.001 static 0.036 c1 0.979 c50 -0.865 fac1 0.975 fac50 -0.780 lock 0.00 move 0.204 period None frozen 0.05 pr 2.1 sat None dead 0.00 rate +0.001 (394 pts) rate_fs +0.001 (394 pts) d1 8.1e-07 | 11.8s
run39|raw|1|0.75|code|51: level 0.803 slevel 0.007 static 0.384 c1 0.999 c50 0.324 fac1 0.993 fac50 -0.118 lock 0.00 move 0.034 period None frozen 0.09 pr 4.4 sat None dead 0.00 rate +0.003 (394 pts) rate_fs +0.003 (394 pts) d1 7.9e-07 | 8.1s
run39|tri0.7|0|0.75|code|51: level 2.78e+03 slevel 0.391 static 0.998 c1 1.000 c50 0.999 fac1 0.995 fac50 0.449 lock 1.00 move 0.000838 period None frozen 0.95 pr 1.5 sat None dead 0.00 rate +0.009 (394 pts) rate_fs +0.009 (394 pts) d1 7.8e-07 | 17.9s
run39|raw|1|0.5|leak|51: level 0.803 slevel 0.002 static 0.060 c1 0.992 c50 0.851 fac1 0.989 fac50 0.713 lock 0.00 move 0.126 period None frozen 0.02 pr 2.8 sat None dead 0.00 rate -0.001 (394 pts) rate_fs -0.001 (394 pts) d1 7.1e-07 | 11.8s
run39|tri0.7|0|0.9|leak|51: level 27.5 slevel 0.389 static 1.000 c1 1.000 c50 1.000 fac1 0.993 fac50 0.429 lock 1.00 move 0.00044 period None frozen 0.97 pr 1.7 sat None dead 0.00 rate -0.000 (394 pts) rate_fs -0.000 (394 pts) d1 9.1e-07 | 20.9s
ex16|raw|1|0.0|code|51: level 0.778 slevel 0.000 static 0.002 c1 0.223 c50 -0.742 fac1 0.222 fac50 -0.628 lock 0.00 move 1.24 period None frozen 0.03 pr 5.1 sat None dead 0.03 rate +0.002 (394 pts) rate_fs +0.002 (394 pts) d1 1.0e-06 | 22.0s
ex16|raw|0|0.0|code|51: DIVERGED at step 50
run39|raw|0|0.0|code|51: DIVERGED at step 50
ex16|raw|0|0.25|code|51: DIVERGED at step 50
run39|raw|0|0.25|code|51: DIVERGED at step 50
run39|raw|1|0.75|leak|51: level 0.802 slevel 0.002 static 0.125 c1 0.999 c50 0.100 fac1 0.994 fac50 -0.068 lock 0.00 move 0.0397 period None frozen 0.02 pr 4.2 sat None dead 0.00 rate +0.003 (394 pts) rate_fs +0.003 (394 pts) d1 7.9e-07 | 12.1s
run39|raw|0|0.25|leak|51: DIVERGED at step 60
ex16|raw|0|0.25|leak|51: DIVERGED at step 60
run39|raw|0|0.5|code|51: DIVERGED at step 50
ex16|raw|0|0.5|code|51: DIVERGED at step 50
run39|raw|1|0.9|code|51: level 0.804 slevel 0.012 static 0.540 c1 1.000 c50 0.818 fac1 0.994 fac50 0.423 lock 0.02 move 0.0131 period None frozen 0.31 pr 2.1 sat None dead 0.00 rate +0.003 (394 pts) rate_fs +0.003 (394 pts) d1 9.1e-07 | 8.3s
ex16|raw|0|0.5|leak|51: DIVERGED at step 80
run39|raw|0|0.5|leak|51: DIVERGED at step 70
run39|raw|0|0.75|code|51: DIVERGED at step 40
run39|raw|0|0.75|leak|51: DIVERGED at step 110
ex16|raw|0|0.9|code|51: DIVERGED at step 50
ex16|raw|0|0.75|code|51: DIVERGED at step 50
run39|raw|0|0.9|code|51: DIVERGED at step 40
run39|raw|0|0.9|leak|51: DIVERGED at step 230
ex16|raw|0|0.75|leak|51: DIVERGED at step 120
run39|raw|1|0.9|leak|51: level 0.803 slevel 0.007 static 0.537 c1 1.000 c50 0.820 fac1 0.994 fac50 0.440 lock 0.04 move 0.0128 period None frozen 0.33 pr 2.0 sat None dead 0.00 rate +0.004 (394 pts) rate_fs +0.004 (394 pts) d1 9.0e-07 | 11.9s
ex16|raw|0|0.9|leak|51: DIVERGED at step 260
run39|relu|1|0.0|code|51: level 0.802 slevel 0.313 static 0.886 c1 0.879 c50 0.872 fac1 -0.134 fac50 -0.186 lock 0.00 move 0.508 period None frozen 0.41 pr 12.6 sat None dead 0.00 rate +0.051 (171 pts) rate_fs +0.050 (221 pts) d1 1.0e-06 | 9.3s
ex16|tri0.7|0|0.75|code|51: level 1.59e+03 slevel 0.387 static 0.993 c1 1.000 c50 0.992 fac1 0.994 fac50 -0.225 lock 1.00 move 0.00428 period None frozen 0.89 pr 3.8 sat None dead 0.03 rate +0.010 (394 pts) rate_fs +0.010 (394 pts) d1 2.9e-06 | 38.8s
ex16|tri0.7|0|0.9|code|51: level 3.37e+04 slevel 0.385 static 0.997 c1 1.000 c50 0.998 fac1 0.995 fac50 0.303 lock 1.00 move 0.0013 period None frozen 0.94 pr 2.5 sat None dead 0.03 rate +0.006 (394 pts) rate_fs +0.006 (394 pts) d1 1.4e-06 | 38.8s
ex16|raw|1|0.25|code|51: level 0.779 slevel 0.014 static 0.756 c1 0.993 c50 0.716 fac1 0.971 fac50 -0.124 lock 0.00 move 0.115 period None frozen 0.46 pr 2.2 sat None dead 0.03 rate +0.002 (394 pts) rate_fs +0.002 (394 pts) d1 8.3e-07 | 39.3s
ex16|raw|1|0.75|code|51: level 0.78 slevel 0.014 static 0.840 c1 1.000 c50 0.853 fac1 0.994 fac50 0.018 lock 0.01 move 0.0127 period None frozen 0.52 pr 3.2 sat None dead 0.03 rate -0.001 (394 pts) rate_fs -0.001 (394 pts) d1 8.0e-07 | 31.2s
ex16|raw|1|0.5|code|51: level 0.779 slevel 0.015 static 0.943 c1 1.000 c50 0.901 fac1 0.994 fac50 -0.566 lock 0.01 move 0.0195 period None frozen 0.71 pr 2.8 sat None dead 0.03 rate +0.001 (394 pts) rate_fs +0.001 (394 pts) d1 7.4e-07 | 41.3s
ex16|raw|1|0.75|leak|51: level 0.779 slevel 0.011 static 0.612 c1 1.000 c50 0.653 fac1 0.994 fac50 0.060 lock 0.00 move 0.0232 period None frozen 0.30 pr 3.9 sat None dead 0.03 rate +0.004 (394 pts) rate_fs +0.004 (394 pts) d1 8.0e-07 | 30.1s
ex16|tri0.7|0|0.9|leak|51: level 15.6 slevel 0.386 static 0.996 c1 1.000 c50 0.998 fac1 0.994 fac50 0.361 lock 1.00 move 0.0014 period None frozen 0.92 pr 2.2 sat None dead 0.03 rate +0.005 (394 pts) rate_fs +0.005 (394 pts) d1 1.4e-06 | 42.9s
run39|relu|1|0.25|code|51: level 0.803 slevel 0.318 static 0.970 c1 0.999 c50 0.997 fac1 0.961 fac50 0.734 lock 0.00 move 0.0544 period None frozen 0.75 pr 3.4 sat None dead 0.00 rate +0.010 (394 pts) rate_fs +0.010 (394 pts) d1 8.3e-07 | 10.3s
run39|relu|1|0.25|leak|51: level 0.802 slevel 0.318 static 0.971 c1 0.999 c50 0.993 fac1 0.964 fac50 0.639 lock 0.00 move 0.051 period None frozen 0.76 pr 3.5 sat None dead 0.00 rate +0.006 (394 pts) rate_fs +0.006 (394 pts) d1 8.3e-07 | 7.3s
run39|relu|1|0.75|code|51: level 0.8 slevel 0.307 static 0.969 c1 1.000 c50 0.977 fac1 0.993 fac50 0.140 lock 0.94 move 0.00885 period None frozen 0.79 pr 3.0 sat None dead 0.00 rate +0.004 (394 pts) rate_fs +0.004 (394 pts) d1 7.9e-07 | 5.4s
run39|relu|1|0.5|code|51: level 0.8 slevel 0.307 static 0.964 c1 1.000 c50 0.976 fac1 0.990 fac50 0.247 lock 0.00 move 0.0271 period None frozen 0.72 pr 4.8 sat None dead 0.00 rate +0.017 (394 pts) rate_fs +0.017 (394 pts) d1 7.1e-07 | 9.6s
ex16|raw|1|0.9|code|51: level 0.78 slevel 0.009 static 0.607 c1 1.000 c50 0.863 fac1 0.993 fac50 0.451 lock 0.26 move 0.0109 period None frozen 0.39 pr 1.8 sat None dead 0.03 rate +0.000 (394 pts) rate_fs +0.000 (394 pts) d1 9.1e-07 | 33.3s
ex16|raw|1|0.25|leak|51: level 0.779 slevel 0.015 static 0.753 c1 0.994 c50 0.717 fac1 0.971 fac50 -0.113 lock 0.00 move 0.114 period None frozen 0.45 pr 2.4 sat None dead 0.03 rate +0.003 (394 pts) rate_fs +0.003 (394 pts) d1 8.2e-07 | 52.0s
run39|relu|1|0.75|leak|51: level 0.8 slevel 0.312 static 0.972 c1 1.000 c50 0.980 fac1 0.996 fac50 0.261 lock 0.94 move 0.00977 period None frozen 0.79 pr 2.4 sat None dead 0.00 rate +0.005 (394 pts) rate_fs +0.005 (394 pts) d1 7.9e-07 | 7.4s
ex16|relu|1|0.0|code|51: level 0.78 slevel 0.323 static 0.958 c1 0.961 c50 0.961 fac1 0.030 fac50 0.034 lock 0.00 move 0.286 period None frozen 0.62 pr 14.1 sat None dead 0.03 rate +0.036 (252 pts) rate_fs +0.035 (333 pts) d1 1.1e-06 | 25.5s
run39|relu|0|0.0|code|51: DIVERGED at step 60
ex16|relu|0|0.0|code|51: DIVERGED at step 70
run39|relu|0|0.25|code|51: DIVERGED at step 60
ex16|relu|0|0.25|code|51: DIVERGED at step 60
run39|relu|1|0.5|leak|51: level 0.799 slevel 0.314 static 0.956 c1 1.000 c50 0.951 fac1 0.991 fac50 -0.087 lock 0.00 move 0.0256 period None frozen 0.69 pr 5.0 sat None dead 0.00 rate +0.010 (394 pts) rate_fs +0.010 (394 pts) d1 7.2e-07 | 13.4s
run39|relu|0|0.25|leak|51: DIVERGED at step 80
ex16|relu|0|0.25|leak|51: DIVERGED at step 80
run39|relu|0|0.5|code|51: DIVERGED at step 60
ex16|relu|0|0.5|code|51: DIVERGED at step 60
run39|relu|0|0.5|leak|51: DIVERGED at step 100
run39|relu|0|0.75|code|51: DIVERGED at step 50
ex16|relu|0|0.5|leak|51: DIVERGED at step 110
ex16|relu|0|0.75|code|51: DIVERGED at step 60
ex16|raw|1|0.5|leak|51: level 0.778 slevel 0.016 static 0.972 c1 1.000 c50 0.959 fac1 0.992 fac50 -0.405 lock 0.07 move 0.0159 period None frozen 0.78 pr 3.6 sat None dead 0.03 rate +0.002 (394 pts) rate_fs +0.002 (394 pts) d1 7.3e-07 | 50.4s
run39|relu|0|0.75|leak|51: DIVERGED at step 160
run39|relu|0|0.9|code|51: DIVERGED at step 50
run39|relu|1|0.9|code|51: level 0.801 slevel 0.313 static 0.994 c1 1.000 c50 0.998 fac1 0.991 fac50 0.383 lock 0.98 move 0.00271 period None frozen 0.91 pr 2.0 sat None dead 0.00 rate +0.001 (394 pts) rate_fs +0.001 (394 pts) d1 9.0e-07 | 9.8s
ex16|relu|0|0.9|code|51: DIVERGED at step 50
run39|relu|0|0.9|leak|51: DIVERGED at step 360
ex16|tri0.7|0|0.75|leak|51: level 15.6 slevel 0.387 static 0.993 c1 1.000 c50 0.993 fac1 0.995 fac50 -0.092 lock 0.99 move 0.00394 period None frozen 0.89 pr 3.8 sat None dead 0.03 rate +0.006 (394 pts) rate_fs +0.006 (394 pts) d1 2.9e-06 | 61.8s
ex16|relu|0|0.75|leak|51: DIVERGED at step 180
ex16|relu|0|0.9|leak|51: DIVERGED at step 400
ex16|relu|1|0.5|code|51: level 0.781 slevel 0.325 static 0.980 c1 1.000 c50 0.975 fac1 0.993 fac50 -0.143 lock 0.87 move 0.016 period None frozen 0.81 pr 3.1 sat None dead 0.03 rate +0.003 (394 pts) rate_fs +0.003 (394 pts) d1 7.3e-07 | 25.8s
run39|relu|1|0.9|leak|51: level 0.802 slevel 0.321 static 0.978 c1 1.000 c50 0.991 fac1 0.994 fac50 0.421 lock 0.96 move 0.00378 period None frozen 0.84 pr 1.9 sat None dead 0.00 rate +0.001 (394 pts) rate_fs +0.001 (394 pts) d1 9.0e-07 | 13.3s
ex16|relu|1|0.75|code|51: level 0.781 slevel 0.327 static 0.982 c1 1.000 c50 0.987 fac1 0.994 fac50 0.186 lock 0.99 move 0.00753 period None frozen 0.84 pr 2.7 sat None dead 0.03 rate +0.003 (394 pts) rate_fs +0.003 (394 pts) d1 8.0e-07 | 26.3s
ex16|relu|1|0.25|code|51: level 0.78 slevel 0.325 static 0.988 c1 1.000 c50 0.983 fac1 0.973 fac50 -0.370 lock 0.00 move 0.0329 period None frozen 0.83 pr 5.7 sat None dead 0.03 rate +0.012 (394 pts) rate_fs +0.012 (394 pts) d1 8.5e-07 | 35.8s
ex16|relu|1|0.5|leak|51: level 0.78 slevel 0.325 static 0.977 c1 1.000 c50 0.973 fac1 0.995 fac50 -0.072 lock 0.63 move 0.0167 period None frozen 0.80 pr 3.1 sat None dead 0.03 rate +0.002 (394 pts) rate_fs +0.002 (394 pts) d1 7.3e-07 | 31.6s
ex16|raw|1|0.9|leak|51: level 0.78 slevel 0.013 static 0.856 c1 1.000 c50 0.948 fac1 0.992 fac50 0.422 lock 0.98 move 0.00657 period None frozen 0.62 pr 1.8 sat None dead 0.03 rate +0.001 (394 pts) rate_fs +0.001 (394 pts) d1 9.1e-07 | 52.2s
run39|tri1.0|1|0.25|code|51: level 0.8 slevel 0.327 static 0.961 c1 0.999 c50 0.956 fac1 0.965 fac50 -0.198 lock 0.00 move 0.055 period None frozen 0.68 pr 5.5 sat None dead 0.00 rate +0.023 (394 pts) rate_fs +0.023 (394 pts) d1 8.3e-07 | 10.3s
ex16|relu|1|0.9|code|51: level 0.781 slevel 0.329 static 0.993 c1 1.000 c50 0.998 fac1 0.993 fac50 0.484 lock 0.99 move 0.00272 period None frozen 0.92 pr 1.5 sat None dead 0.03 rate +0.001 (394 pts) rate_fs +0.001 (394 pts) d1 9.1e-07 | 25.9s
run39|tri1.0|1|0.25|leak|51: level 0.8 slevel 0.325 static 0.956 c1 0.999 c50 0.944 fac1 0.970 fac50 -0.280 lock 0.00 move 0.0535 period None frozen 0.68 pr 5.1 sat None dead 0.00 rate +0.014 (394 pts) rate_fs +0.014 (394 pts) d1 8.0e-07 | 12.0s
run39|tri1.0|1|0.0|code|51: level 0.8 slevel 0.327 static 0.927 c1 0.921 c50 0.934 fac1 -0.158 fac50 0.018 lock 0.00 move 0.409 period None frozen 0.51 pr 13.7 sat None dead 0.00 rate +0.040 (222 pts) rate_fs +0.040 (276 pts) d1 1.0e-06 | 17.5s
run39|tri1.0|1|0.5|leak|51: level 0.799 slevel 0.327 static 0.954 c1 1.000 c50 0.945 fac1 0.989 fac50 -0.232 lock 0.00 move 0.0269 period None frozen 0.73 pr 3.2 sat None dead 0.00 rate +0.002 (394 pts) rate_fs +0.002 (394 pts) d1 7.1e-07 | 11.9s
ex16|relu|1|0.9|leak|51: level 0.78 slevel 0.326 static 0.996 c1 1.000 c50 0.999 fac1 0.992 fac50 0.479 lock 0.99 move 0.00243 period None frozen 0.94 pr 1.5 sat None dead 0.03 rate +0.001 (394 pts) rate_fs +0.001 (394 pts) d1 9.1e-07 | 31.1s
run39|tri1.0|1|0.5|code|51: level 0.799 slevel 0.328 static 0.963 c1 1.000 c50 0.955 fac1 0.990 fac50 -0.204 lock 0.00 move 0.0262 period None frozen 0.74 pr 3.4 sat None dead 0.00 rate +0.006 (394 pts) rate_fs +0.006 (394 pts) d1 7.2e-07 | 18.7s
run39|tri1.0|1|0.75|leak|51: level 0.799 slevel 0.328 static 0.958 c1 1.000 c50 0.942 fac1 0.996 fac50 -0.290 lock 0.24 move 0.0133 period None frozen 0.75 pr 3.2 sat None dead 0.00 rate +0.001 (394 pts) rate_fs +0.001 (394 pts) d1 7.9e-07 | 11.8s
run39|tri1.0|0|0.0|code|51: DIVERGED at step 60
ex16|tri1.0|0|0.0|code|51: DIVERGED at step 70
run39|tri1.0|0|0.25|code|51: DIVERGED at step 60
ex16|tri1.0|0|0.25|code|51: DIVERGED at step 60
run39|tri1.0|0|0.25|leak|51: DIVERGED at step 70
ex16|tri1.0|0|0.5|code|51: DIVERGED at step 60
run39|tri1.0|0|0.5|code|51: DIVERGED at step 60
run39|tri1.0|1|0.75|code|51: level 0.799 slevel 0.328 static 0.958 c1 1.000 c50 0.944 fac1 0.996 fac50 -0.299 lock 0.24 move 0.0135 period None frozen 0.76 pr 3.2 sat None dead 0.00 rate -0.000 (394 pts) rate_fs -0.000 (394 pts) d1 8.0e-07 | 18.9s
ex16|tri1.0|0|0.25|leak|51: DIVERGED at step 80
run39|tri1.0|0|0.5|leak|51: DIVERGED at step 100
ex16|tri1.0|0|0.5|leak|51: DIVERGED at step 110
run39|tri1.0|0|0.75|code|51: DIVERGED at step 50
ex16|relu|1|0.25|leak|51: level 0.78 slevel 0.323 static 0.977 c1 1.000 c50 0.969 fac1 0.982 fac50 -0.256 lock 0.00 move 0.035 period None frozen 0.78 pr 4.5 sat None dead 0.03 rate +0.005 (394 pts) rate_fs +0.005 (394 pts) d1 8.4e-07 | 54.4s
run39|tri1.0|1|0.9|leak|51: level 0.801 slevel 0.326 static 0.987 c1 1.000 c50 0.994 fac1 0.994 fac50 0.424 lock 0.98 move 0.00338 period None frozen 0.88 pr 2.0 sat None dead 0.00 rate +0.003 (394 pts) rate_fs +0.003 (394 pts) d1 9.1e-07 | 11.8s
run39|tri1.0|0|0.9|code|51: DIVERGED at step 50
ex16|tri1.0|0|0.75|code|51: DIVERGED at step 60
run39|tri1.0|1|0.9|code|51: level 0.8 slevel 0.327 static 0.979 c1 1.000 c50 0.990 fac1 0.994 fac50 0.393 lock 0.98 move 0.00398 period None frozen 0.84 pr 2.2 sat None dead 0.00 rate +0.001 (394 pts) rate_fs +0.001 (394 pts) d1 9.0e-07 | 18.6s
run39|tri1.0|0|0.75|leak|51: DIVERGED at step 160
ex16|tri1.0|0|0.9|code|51: DIVERGED at step 60
ex16|tri1.0|0|0.75|leak|51: DIVERGED at step 190
ex16|relu|1|0.75|leak|51: level 0.781 slevel 0.324 static 0.988 c1 1.000 c50 0.992 fac1 0.992 fac50 0.198 lock 0.99 move 0.00704 period None frozen 0.86 pr 2.7 sat None dead 0.03 rate +0.002 (394 pts) rate_fs +0.002 (394 pts) d1 8.0e-07 | 54.3s
run39|tri1.0|0|0.9|leak|51: DIVERGED at step 350
ex16|tri1.0|1|0.5|code|51: level 0.782 slevel 0.334 static 0.984 c1 1.000 c50 0.978 fac1 0.994 fac50 -0.311 lock 0.72 move 0.0158 period None frozen 0.84 pr 3.3 sat None dead 0.03 rate +0.004 (394 pts) rate_fs +0.004 (394 pts) d1 7.3e-07 | 39.0s
ex16|tri1.0|0|0.9|leak|51: DIVERGED at step 410
run39|kwta4|1|0.25|code|51: level 0.804 slevel 0.114 static 0.335 c1 0.727 c50 0.305 fac1 0.590 fac50 -0.028 lock 0.00 move 0.745 period None frozen 0.00 pr 18.6 sat None dead 0.00 rate +0.000 (394 pts) rate_fs +0.000 (394 pts) d1 5.5e-07 | 9.6s
ex16|tri1.0|1|0.75|code|51: level 0.783 slevel 0.334 static 0.991 c1 1.000 c50 0.993 fac1 0.997 fac50 0.154 lock 0.99 move 0.0066 period None frozen 0.90 pr 2.4 sat None dead 0.03 rate +0.002 (394 pts) rate_fs +0.002 (394 pts) d1 8.0e-07 | 38.9s
ex16|tri1.0|1|0.5|leak|51: level 0.783 slevel 0.334 static 0.984 c1 1.000 c50 0.979 fac1 0.994 fac50 -0.312 lock 0.81 move 0.0155 period None frozen 0.85 pr 3.0 sat None dead 0.03 rate +0.005 (394 pts) rate_fs +0.005 (394 pts) d1 7.3e-07 | 44.9s
run39|kwta4|1|0.0|code|51: level 0.802 slevel 0.114 static 0.198 c1 0.192 c50 0.196 fac1 -0.006 fac50 0.003 lock 0.00 move 1.27 period None frozen 0.00 pr 21.5 sat None dead 0.00 rate +0.000 (394 pts) rate_fs +0.000 (394 pts) d1 5.7e-07 | 18.0s
run39|kwta4|1|0.5|code|51: level 0.803 slevel 0.114 static 0.317 c1 0.931 c50 0.309 fac1 0.895 fac50 -0.008 lock 0.00 move 0.369 period None frozen 0.00 pr 15.0 sat None dead 0.00 rate +0.000 (394 pts) rate_fs +0.000 (394 pts) d1 5.9e-07 | 9.7s
ex16|tri1.0|1|0.9|code|51: level 0.783 slevel 0.331 static 0.991 c1 1.000 c50 0.997 fac1 0.993 fac50 0.440 lock 0.99 move 0.00283 period None frozen 0.90 pr 1.8 sat None dead 0.03 rate +0.000 (394 pts) rate_fs +0.000 (394 pts) d1 9.0e-07 | 38.7s
ex16|tri1.0|1|0.75|leak|51: level 0.783 slevel 0.334 static 0.986 c1 1.000 c50 0.991 fac1 0.996 fac50 0.254 lock 0.99 move 0.0068 period None frozen 0.88 pr 2.4 sat None dead 0.03 rate +0.001 (394 pts) rate_fs +0.001 (394 pts) d1 8.0e-07 | 44.6s
run39|kwta4|1|0.25|leak|51: level 0.802 slevel 0.114 static 0.345 c1 0.729 c50 0.331 fac1 0.589 fac50 -0.011 lock 0.00 move 0.741 period None frozen 0.00 pr 18.2 sat None dead 0.00 rate +0.000 (394 pts) rate_fs +0.000 (394 pts) d1 5.4e-07 | 22.3s
run39|kwta4|1|0.5|leak|51: level 0.802 slevel 0.115 static 0.330 c1 0.931 c50 0.340 fac1 0.896 fac50 0.004 lock 0.00 move 0.363 period None frozen 0.01 pr 15.2 sat None dead 0.00 rate -0.000 (394 pts) rate_fs -0.000 (394 pts) d1 6.0e-07 | 12.2s
ex16|tri1.0|1|0.0|code|51: level 0.782 slevel 0.329 static 0.943 c1 0.941 c50 0.949 fac1 -0.061 fac50 0.077 lock 0.00 move 0.359 period None frozen 0.56 pr 13.3 sat None dead 0.03 rate +0.040 (223 pts) rate_fs +0.040 (283 pts) d1 1.0e-06 | 67.7s
ex16|tri1.0|1|0.9|leak|51: level 0.783 slevel 0.337 static 0.991 c1 1.000 c50 0.997 fac1 0.993 fac50 0.446 lock 0.99 move 0.00279 period None frozen 0.91 pr 1.8 sat None dead 0.03 rate +0.001 (394 pts) rate_fs +0.001 (394 pts) d1 9.1e-07 | 47.4s
run39|kwta4|1|0.75|leak|51: level 0.802 slevel 0.115 static 0.375 c1 0.989 c50 0.300 fac1 0.979 fac50 -0.089 lock 0.00 move 0.145 period None frozen 0.03 pr 10.2 sat None dead 0.00 rate -0.000 (394 pts) rate_fs -0.000 (394 pts) d1 7.5e-07 | 12.8s
run39|kwta4|0|0.0|code|51: DIVERGED at step 70
run39|kwta4|1|0.75|code|51: level 0.803 slevel 0.115 static 0.375 c1 0.989 c50 0.345 fac1 0.978 fac50 -0.039 lock 0.00 move 0.15 period None frozen 0.03 pr 11.0 sat None dead 0.00 rate -0.000 (394 pts) rate_fs -0.000 (394 pts) d1 7.8e-07 | 15.8s
ex16|kwta4|0|0.0|code|51: DIVERGED at step 80
run39|kwta4|0|0.25|code|51: DIVERGED at step 70
run39|kwta4|0|0.25|leak|51: DIVERGED at step 90
ex16|kwta4|0|0.25|code|51: DIVERGED at step 80
ex16|tri1.0|1|0.25|code|51: level 0.783 slevel 0.333 static 0.987 c1 1.000 c50 0.984 fac1 0.973 fac50 -0.193 lock 0.00 move 0.0332 period None frozen 0.82 pr 5.4 sat None dead 0.03 rate +0.014 (394 pts) rate_fs +0.014 (394 pts) d1 8.3e-07 | 70.6s
run39|kwta4|0|0.5|code|51: DIVERGED at step 70
ex16|kwta4|0|0.5|code|51: DIVERGED at step 70
ex16|kwta4|0|0.25|leak|51: DIVERGED at step 110
run39|kwta4|0|0.75|code|51: DIVERGED at step 60
run39|kwta4|0|0.5|leak|51: DIVERGED at step 130
ex16|kwta4|0|0.75|code|51: DIVERGED at step 70
ex16|kwta4|0|0.9|code|51: DIVERGED at step 60
run39|kwta4|0|0.75|leak|51: DIVERGED at step 230
run39|kwta4|0|0.9|code|51: DIVERGED at step 60
run39|kwta4|1|0.9|code|51: level 0.804 slevel 0.116 static 0.460 c1 0.999 c50 0.415 fac1 0.993 fac50 -0.070 lock 0.00 move 0.0562 period None frozen 0.12 pr 6.1 sat None dead 0.00 rate -0.001 (394 pts) rate_fs -0.001 (394 pts) d1 9.0e-07 | 15.0s
ex16|kwta4|0|0.5|leak|51: DIVERGED at step 150
run39|kwta4|0|0.9|leak|51: DIVERGED at step 520
ex16|tri1.0|1|0.25|leak|51: level 0.782 slevel 0.333 static 0.979 c1 1.000 c50 0.973 fac1 0.979 fac50 -0.215 lock 0.00 move 0.0349 period None frozen 0.78 pr 5.2 sat None dead 0.03 rate +0.008 (394 pts) rate_fs +0.008 (394 pts) d1 8.2e-07 | 81.4s
run39|sign|0|0.0|code|51: level 3.59 slevel 0.000 static 0.004 c1 0.004 c50 -0.008 fac1 -0.001 fac50 -0.009 lock 0.00 move 1.42 period None frozen 0.00 pr 23.2 sat 1.000 dead 0.00 rate None (0 pts) rate_fs None (0 pts) d1 0.0e+00 | 5.0s
ex16|kwta4|0|0.75|leak|51: DIVERGED at step 270
run39|kwta4|1|0.9|leak|51: level 0.8 slevel 0.117 static 0.469 c1 0.999 c50 0.401 fac1 0.993 fac50 -0.104 lock 0.00 move 0.0531 period None frozen 0.13 pr 6.1 sat None dead 0.00 rate -0.001 (394 pts) rate_fs -0.001 (394 pts) d1 9.0e-07 | 20.5s
run39|sign|0|0.25|code|51: level 4.15 slevel 0.000 static 0.017 c1 0.624 c50 0.015 fac1 0.622 fac50 -0.001 lock 0.00 move 0.86 period None frozen 0.00 pr 20.5 sat 1.000 dead 0.00 rate None (1 pts) rate_fs None (1 pts) d1 2.5e-07 | 7.3s
run39|sign|0|0.25|leak|51: level 3.1 slevel 0.000 static 0.008 c1 0.618 c50 -0.005 fac1 0.619 fac50 -0.012 lock 0.00 move 0.868 period None frozen 0.00 pr 20.5 sat 1.000 dead 0.00 rate None (2 pts) rate_fs None (2 pts) d1 2.6e-07 | 9.9s
ex16|kwta4|1|0.0|code|51: level 0.778 slevel 0.114 static 0.200 c1 0.192 c50 0.188 fac1 -0.005 fac50 -0.004 lock 0.00 move 1.27 period None frozen 0.03 pr 19.1 sat None dead 0.03 rate -0.000 (394 pts) rate_fs -0.000 (394 pts) d1 6.4e-07 | 60.7s
run39|sign|0|0.5|code|51: level 6.12 slevel 0.000 static 0.037 c1 0.901 c50 0.018 fac1 0.897 fac50 -0.017 lock 0.00 move 0.437 period None frozen 0.00 pr 15.3 sat 1.000 dead 0.00 rate -0.343 (11 pts) rate_fs -0.343 (11 pts) d1 4.9e-07 | 5.8s
ex16|kwta4|1|0.5|leak|51: level 0.776 slevel 0.115 static 0.353 c1 0.935 c50 0.349 fac1 0.899 fac50 -0.011 lock 0.00 move 0.353 period None frozen 0.04 pr 13.6 sat None dead 0.03 rate -0.000 (394 pts) rate_fs -0.000 (394 pts) d1 6.2e-07 | 52.6s
ex16|kwta4|1|0.5|code|51: level 0.779 slevel 0.115 static 0.359 c1 0.936 c50 0.339 fac1 0.899 fac50 -0.031 lock 0.00 move 0.355 period None frozen 0.04 pr 13.4 sat None dead 0.03 rate -0.000 (394 pts) rate_fs -0.000 (394 pts) d1 6.1e-07 | 56.7s
run39|sign|0|0.5|leak|51: level 3.06 slevel 0.000 static 0.043 c1 0.903 c50 0.043 fac1 0.898 fac50 -0.005 lock 0.00 move 0.433 period None frozen 0.00 pr 15.5 sat 1.000 dead 0.00 rate -0.377 (10 pts) rate_fs -0.377 (10 pts) d1 5.1e-07 | 6.2s
ex16|kwta4|1|0.25|code|51: level 0.779 slevel 0.114 static 0.326 c1 0.725 c50 0.319 fac1 0.594 fac50 -0.004 lock 0.00 move 0.736 period None frozen 0.03 pr 16.3 sat None dead 0.03 rate -0.000 (394 pts) rate_fs -0.000 (394 pts) d1 6.2e-07 | 66.5s
ex16|kwta4|0|0.9|leak|51: DIVERGED at step 620
ex16|sign|0|0.0|code|51: level 2.96 slevel 0.000 static 0.003 c1 0.000 c50 0.000 fac1 -0.003 fac50 -0.002 lock 0.00 move 1.41 period None frozen 0.03 pr 21.3 sat 0.970 dead 0.03 rate None (0 pts) rate_fs None (0 pts) d1 1.8e-01 | 29.2s
ex16|sign|0|0.25|code|51: level 3.42 slevel 0.000 static 0.011 c1 0.620 c50 0.020 fac1 0.621 fac50 0.009 lock 0.00 move 0.864 period None frozen 0.03 pr 19.1 sat 0.970 dead 0.03 rate None (0 pts) rate_fs None (0 pts) d1 1.6e-01 | 25.3s
run39|sign|0|0.75|code|51: level 12.2 slevel 0.001 static 0.088 c1 0.983 c50 0.106 fac1 0.979 fac50 0.005 lock 0.00 move 0.178 period None frozen 0.00 pr 9.9 sat 1.000 dead 0.00 rate -0.226 (26 pts) rate_fs -0.226 (26 pts) d1 7.5e-07 | 6.5s
ex16|kwta4|1|0.75|code|51: level 0.78 slevel 0.116 static 0.379 c1 0.989 c50 0.343 fac1 0.980 fac50 -0.039 lock 0.00 move 0.148 period None frozen 0.06 pr 9.8 sat None dead 0.03 rate -0.000 (394 pts) rate_fs -0.000 (394 pts) d1 7.7e-07 | 57.8s
run39|sign|0|0.9|code|51: level 30.9 slevel 0.002 static 0.219 c1 0.998 c50 0.294 fac1 0.993 fac50 0.059 lock 0.00 move 0.0625 period None frozen 0.00 pr 5.1 sat 1.000 dead 0.00 rate -0.070 (85 pts) rate_fs -0.070 (85 pts) d1 9.0e-07 | 8.2s
ex16|kwta4|1|0.9|code|51: level 0.78 slevel 0.116 static 0.483 c1 0.999 c50 0.462 fac1 0.993 fac50 -0.059 lock 0.00 move 0.0527 period None frozen 0.17 pr 5.6 sat None dead 0.03 rate -0.001 (394 pts) rate_fs -0.001 (394 pts) d1 9.0e-07 | 55.4s
run39|sign|0|0.75|leak|51: level 3.07 slevel 0.003 static 0.105 c1 0.984 c50 0.025 fac1 0.979 fac50 -0.085 lock 0.00 move 0.175 period None frozen 0.00 pr 10.0 sat 1.000 dead 0.00 rate -0.167 (27 pts) rate_fs -0.167 (27 pts) d1 7.6e-07 | 9.9s
run39|sign|0|0.9|leak|51: level 3.13 slevel 0.001 static 0.158 c1 0.998 c50 0.219 fac1 0.994 fac50 0.067 lock 0.00 move 0.0617 period None frozen 0.00 pr 4.8 sat 1.000 dead 0.00 rate -0.062 (105 pts) rate_fs -0.062 (105 pts) d1 9.0e-07 | 9.2s
ex16|sign|0|0.5|code|51: level 5.05 slevel 0.000 static 0.035 c1 0.903 c50 -0.004 fac1 0.900 fac50 -0.040 lock 0.00 move 0.431 period None frozen 0.03 pr 14.7 sat 0.970 dead 0.03 rate None (0 pts) rate_fs None (0 pts) d1 1.1e-01 | 31.4s
run39|step0|0|0.0|code|51: level 2.52 slevel 0.484 static 0.780 c1 0.783 c50 0.783 fac1 -0.011 fac50 0.002 lock 0.00 move 0.659 period None frozen 0.16 pr 20.9 sat 0.483 dead 0.00 rate None (0 pts) rate_fs None (0 pts) d1 0.0e+00 | 11.0s
ex16|kwta4|1|0.75|leak|51: level 0.776 slevel 0.116 static 0.384 c1 0.989 c50 0.325 fac1 0.979 fac50 -0.068 lock 0.00 move 0.149 period None frozen 0.06 pr 10.0 sat None dead 0.03 rate -0.000 (394 pts) rate_fs -0.000 (394 pts) d1 7.8e-07 | 67.7s
run39|step0|0|0.25|code|51: level 3.27 slevel 0.486 static 0.881 c1 0.946 c50 0.884 fac1 0.533 fac50 -0.004 lock 0.00 move 0.331 period None frozen 0.31 pr 17.5 sat 0.483 dead 0.00 rate -0.366 (5 pts) rate_fs -0.366 (5 pts) d1 2.5e-07 | 10.7s
ex16|kwta4|1|0.25|leak|51: level 0.776 slevel 0.114 static 0.323 c1 0.725 c50 0.311 fac1 0.603 fac50 -0.016 lock 0.00 move 0.731 period None frozen 0.03 pr 16.3 sat None dead 0.03 rate -0.000 (394 pts) rate_fs -0.000 (394 pts) d1 6.1e-07 | 84.4s
ex16|sign|0|0.25|leak|51: level 2.56 slevel 0.000 static 0.011 c1 0.621 c50 -0.021 fac1 0.622 fac50 -0.028 lock 0.00 move 0.862 period None frozen 0.03 pr 18.9 sat 0.970 dead 0.03 rate None (0 pts) rate_fs None (0 pts) d1 1.6e-01 | 42.1s
run39|step0|0|0.5|code|51: level 4.89 slevel 0.489 static 0.896 c1 0.987 c50 0.896 fac1 0.874 fac50 -0.023 lock 0.00 move 0.16 period None frozen 0.38 pr 13.9 sat 0.483 dead 0.00 rate -0.312 (10 pts) rate_fs -0.312 (10 pts) d1 5.1e-07 | 6.7s
run39|step0|0|0.25|leak|51: level 2.46 slevel 0.482 static 0.882 c1 0.947 c50 0.885 fac1 0.544 fac50 -0.003 lock 0.00 move 0.328 period None frozen 0.31 pr 17.6 sat 0.484 dead 0.00 rate -0.926 (3 pts) rate_fs -0.926 (3 pts) d1 2.5e-07 | 13.5s
ex16|sign|0|0.75|code|51: level 10.5 slevel 0.002 static 0.229 c1 0.985 c50 0.178 fac1 0.978 fac50 -0.063 lock 0.00 move 0.163 period None frozen 0.04 pr 10.3 sat 1.000 dead 0.03 rate None (0 pts) rate_fs None (0 pts) d1 7.2e-02 | 33.5s
ex16|kwta4|1|0.9|leak|51: level 0.776 slevel 0.116 static 0.479 c1 0.999 c50 0.440 fac1 0.993 fac50 -0.084 lock 0.00 move 0.0546 period None frozen 0.16 pr 5.8 sat None dead 0.03 rate -0.001 (394 pts) rate_fs -0.001 (394 pts) d1 9.1e-07 | 70.0s
ex16|sign|0|0.9|code|51: level 26.3 slevel 0.002 static 0.338 c1 0.998 c50 0.361 fac1 0.993 fac50 0.021 lock 0.00 move 0.0593 period None frozen 0.06 pr 5.4 sat 1.000 dead 0.03 rate None (0 pts) rate_fs None (0 pts) d1 2.9e-02 | 30.6s
run39|step0|0|0.75|leak|51: level 2.44 slevel 0.480 static 0.905 c1 0.998 c50 0.897 fac1 0.973 fac50 -0.073 lock 0.00 move 0.0671 period None frozen 0.45 pr 10.3 sat 0.483 dead 0.00 rate -0.136 (38 pts) rate_fs -0.136 (38 pts) d1 7.5e-07 | 7.5s
run39|step0|0|0.75|code|51: level 9.8 slevel 0.473 static 0.900 c1 0.998 c50 0.896 fac1 0.976 fac50 -0.065 lock 0.00 move 0.0652 period None frozen 0.43 pr 9.5 sat 0.482 dead 0.00 rate -0.145 (31 pts) rate_fs -0.145 (31 pts) d1 7.5e-07 | 10.0s
ex16|sign|0|0.5|leak|51: level 2.53 slevel 0.000 static 0.028 c1 0.904 c50 -0.012 fac1 0.901 fac50 -0.040 lock 0.00 move 0.43 period None frozen 0.03 pr 14.6 sat 0.970 dead 0.03 rate None (0 pts) rate_fs None (0 pts) d1 1.1e-01 | 41.6s
run39|step0|0|0.5|leak|51: level 2.45 slevel 0.488 static 0.893 c1 0.987 c50 0.891 fac1 0.875 fac50 -0.035 lock 0.00 move 0.16 period None frozen 0.39 pr 13.6 sat 0.483 dead 0.00 rate -0.509 (9 pts) rate_fs -0.509 (9 pts) d1 5.0e-07 | 14.2s
run39|step0|0|0.9|code|51: level 24.2 slevel 0.470 static 0.919 c1 1.000 c50 0.920 fac1 0.992 fac50 -0.045 lock 0.00 move 0.0241 period None frozen 0.57 pr 6.0 sat 0.482 dead 0.00 rate -0.062 (84 pts) rate_fs -0.062 (84 pts) d1 9.0e-07 | 7.3s
ex16|sign|0|0.9|leak|51: level 2.63 slevel 0.004 static 0.352 c1 0.998 c50 0.333 fac1 0.993 fac50 -0.033 lock 0.00 move 0.0592 period None frozen 0.07 pr 5.7 sat 1.000 dead 0.03 rate None (0 pts) rate_fs None (0 pts) d1 2.9e-02 | 38.7s
run39|step0|0|0.9|leak|51: level 2.46 slevel 0.481 static 0.916 c1 1.000 c50 0.921 fac1 0.993 fac50 -0.012 lock 0.00 move 0.0237 period None frozen 0.57 pr 5.9 sat 0.486 dead 0.00 rate -0.061 (95 pts) rate_fs -0.061 (95 pts) d1 9.0e-07 | 8.7s
ex16|step0|0|0.0|code|51: level 2.16 slevel 0.494 static 0.816 c1 0.817 c50 0.820 fac1 0.000 fac50 -0.001 lock 0.00 move 0.597 period None frozen 0.24 pr 17.9 sat 0.508 dead 0.03 rate None (0 pts) rate_fs None (0 pts) d1 1.8e-01 | 38.8s
ex16|sign|0|0.75|leak|51: level 2.63 slevel 0.002 static 0.239 c1 0.986 c50 0.199 fac1 0.978 fac50 -0.056 lock 0.00 move 0.163 period None frozen 0.04 pr 10.2 sat 1.000 dead 0.03 rate None (0 pts) rate_fs None (0 pts) d1 7.1e-02 | 45.2s
run39|cstep|0|0.0|code|51: level 2.56 slevel 0.499 static 0.797 c1 0.797 c50 0.800 fac1 -0.014 fac50 -0.002 lock 0.00 move 0.648 period None frozen 0.16 pr 20.6 sat 0.502 dead 0.00 rate None (0 pts) rate_fs None (0 pts) d1 0.0e+00 | 12.3s
run39|cstep|0|0.25|code|51: level 3.32 slevel 0.492 static 0.888 c1 0.949 c50 0.888 fac1 0.534 fac50 -0.015 lock 0.00 move 0.324 period None frozen 0.33 pr 17.3 sat 0.501 dead 0.00 rate -1.101 (3 pts) rate_fs -1.101 (3 pts) d1 2.6e-07 | 11.4s
ex16|step0|0|0.25|code|51: level 2.83 slevel 0.496 static 0.903 c1 0.956 c50 0.905 fac1 0.534 fac50 -0.006 lock 0.00 move 0.296 period None frozen 0.39 pr 14.7 sat 0.509 dead 0.03 rate None (0 pts) rate_fs None (0 pts) d1 1.4e-01 | 40.5s
run39|cstep|0|0.25|leak|51: level 2.49 slevel 0.490 static 0.887 c1 0.949 c50 0.888 fac1 0.537 fac50 -0.013 lock 0.00 move 0.325 period None frozen 0.32 pr 17.5 sat 0.501 dead 0.00 rate None (1 pts) rate_fs None (1 pts) d1 2.5e-07 | 10.5s
ex16|step0|0|0.25|leak|51: level 2.12 slevel 0.493 static 0.903 c1 0.956 c50 0.902 fac1 0.535 fac50 -0.009 lock 0.00 move 0.296 period None frozen 0.40 pr 14.7 sat 0.509 dead 0.03 rate None (0 pts) rate_fs None (0 pts) d1 1.4e-01 | 44.6s
run39|cstep|0|0.5|code|51: level 4.98 slevel 0.492 static 0.905 c1 0.987 c50 0.908 fac1 0.865 fac50 0.013 lock 0.00 move 0.162 period None frozen 0.39 pr 13.8 sat 0.501 dead 0.00 rate -0.479 (11 pts) rate_fs -0.479 (11 pts) d1 5.1e-07 | 11.3s
run39|cstep|0|0.5|leak|51: level 2.48 slevel 0.489 static 0.900 c1 0.987 c50 0.895 fac1 0.872 fac50 -0.029 lock 0.00 move 0.161 period None frozen 0.39 pr 13.4 sat 0.501 dead 0.00 rate -0.205 (11 pts) rate_fs -0.205 (11 pts) d1 5.0e-07 | 9.5s
ex16|step0|0|0.5|code|51: level 4.24 slevel 0.499 static 0.915 c1 0.989 c50 0.917 fac1 0.869 fac50 -0.013 lock 0.00 move 0.145 period None frozen 0.45 pr 11.8 sat 0.509 dead 0.03 rate None (0 pts) rate_fs None (0 pts) d1 9.3e-02 | 41.8s
run39|cstep|0|0.75|code|51: level 9.88 slevel 0.496 static 0.903 c1 0.998 c50 0.900 fac1 0.973 fac50 -0.072 lock 0.00 move 0.0665 period None frozen 0.45 pr 10.1 sat 0.500 dead 0.00 rate -0.204 (27 pts) rate_fs -0.204 (27 pts) d1 7.5e-07 | 7.5s
ex16|step0|0|0.75|code|51: level 8.29 slevel 0.499 static 0.909 c1 0.998 c50 0.904 fac1 0.975 fac50 -0.070 lock 0.00 move 0.0627 period None frozen 0.49 pr 9.0 sat 0.494 dead 0.03 rate None (0 pts) rate_fs None (0 pts) d1 4.5e-02 | 41.9s
ex16|step0|0|0.5|leak|51: level 2.11 slevel 0.493 static 0.914 c1 0.989 c50 0.915 fac1 0.869 fac50 -0.011 lock 0.00 move 0.146 period None frozen 0.46 pr 12.1 sat 0.508 dead 0.03 rate None (0 pts) rate_fs None (0 pts) d1 9.4e-02 | 44.9s
run39|cstep|0|0.75|leak|51: level 2.49 slevel 0.499 static 0.899 c1 0.998 c50 0.898 fac1 0.975 fac50 -0.043 lock 0.00 move 0.0654 period None frozen 0.44 pr 9.6 sat 0.501 dead 0.00 rate -0.198 (37 pts) rate_fs -0.198 (37 pts) d1 7.5e-07 | 10.5s
ex16|step0|0|0.9|code|51: level 20.7 slevel 0.501 static 0.928 c1 1.000 c50 0.922 fac1 0.992 fac50 -0.081 lock 0.00 move 0.0228 period None frozen 0.60 pr 5.7 sat 0.492 dead 0.03 rate None (0 pts) rate_fs None (1 pts) d1 1.8e-02 | 37.6s
run39|cstep|0|0.9|code|51: level 24.8 slevel 0.495 static 0.910 c1 1.000 c50 0.913 fac1 0.993 fac50 -0.030 lock 0.00 move 0.0236 period None frozen 0.56 pr 5.6 sat 0.498 dead 0.00 rate -0.049 (122 pts) rate_fs -0.049 (122 pts) d1 9.0e-07 | 10.8s
run39|wta|0|0.0|code|51: level 0.637 slevel 0.031 static 0.043 c1 0.042 c50 0.038 fac1 -0.004 fac50 -0.003 lock 0.00 move 1.38 period None frozen 0.00 pr 22.7 sat None dead 0.00 rate None (0 pts) rate_fs None (0 pts) d1 0.0e+00 | 5.8s
ex16|step0|0|0.75|leak|51: level 2.07 slevel 0.496 static 0.910 c1 0.998 c50 0.905 fac1 0.974 fac50 -0.064 lock 0.00 move 0.0627 period None frozen 0.50 pr 9.3 sat 0.493 dead 0.03 rate None (0 pts) rate_fs None (0 pts) d1 4.5e-02 | 46.1s
run39|cstep|0|0.9|leak|51: level 2.51 slevel 0.498 static 0.929 c1 1.000 c50 0.924 fac1 0.993 fac50 -0.072 lock 0.00 move 0.0226 period None frozen 0.61 pr 5.7 sat 0.501 dead 0.00 rate -0.062 (89 pts) rate_fs -0.062 (89 pts) d1 9.0e-07 | 11.0s
ex16|cstep|0|0.0|code|51: level 2.09 slevel 0.501 static 0.792 c1 0.793 c50 0.790 fac1 0.001 fac50 -0.005 lock 0.00 move 0.645 period None frozen 0.20 pr 18.4 sat 0.514 dead 0.03 rate None (0 pts) rate_fs None (0 pts) d1 1.7e-01 | 40.9s
ex16|step0|0|0.9|leak|51: level 2.07 slevel 0.493 static 0.921 c1 1.000 c50 0.917 fac1 0.993 fac50 -0.055 lock 0.00 move 0.0231 period None frozen 0.59 pr 5.4 sat 0.492 dead 0.03 rate None (0 pts) rate_fs None (1 pts) d1 1.8e-02 | 47.6s
run39|wta|0|0.25|code|51: level 0.683 slevel 0.031 static 0.071 c1 0.367 c50 0.059 fac1 0.328 fac50 -0.009 lock 0.00 move 1.12 period None frozen 0.00 pr 21.7 sat None dead 0.00 rate None (1 pts) rate_fs None (1 pts) d1 2.6e-07 | 10.9s
run39|wta|0|0.5|code|51: level 0.908 slevel 0.031 static 0.120 c1 0.747 c50 0.112 fac1 0.723 fac50 -0.008 lock 0.00 move 0.7 period None frozen 0.00 pr 18.2 sat None dead 0.00 rate -0.368 (10 pts) rate_fs -0.368 (10 pts) d1 5.0e-07 | 5.9s
ex16|cstep|0|0.75|code|51: level 8.32 slevel 0.500 static 0.908 c1 0.998 c50 0.903 fac1 0.975 fac50 -0.052 lock 0.00 move 0.0623 period None frozen 0.50 pr 9.0 sat 0.516 dead 0.03 rate None (0 pts) rate_fs None (0 pts) d1 4.5e-02 | 33.7s
run39|wta|0|0.25|leak|51: level 0.511 slevel 0.031 static 0.079 c1 0.365 c50 0.069 fac1 0.321 fac50 -0.008 lock 0.00 move 1.12 period None frozen 0.00 pr 21.6 sat None dead 0.00 rate -0.423 (4 pts) rate_fs -0.423 (4 pts) d1 2.5e-07 | 13.4s
ex16|cstep|0|0.25|code|51: level 2.72 slevel 0.499 static 0.888 c1 0.948 c50 0.887 fac1 0.538 fac50 -0.015 lock 0.00 move 0.321 period None frozen 0.35 pr 15.3 sat 0.514 dead 0.03 rate None (0 pts) rate_fs None (0 pts) d1 1.3e-01 | 52.1s
ex16|cstep|0|0.75|leak|51: level 2.08 slevel 0.499 static 0.911 c1 0.998 c50 0.906 fac1 0.975 fac50 -0.057 lock 0.00 move 0.0617 period None frozen 0.50 pr 8.9 sat 0.517 dead 0.03 rate None (0 pts) rate_fs None (0 pts) d1 4.5e-02 | 33.9s
run39|wta|0|0.75|code|51: level 1.77 slevel 0.031 static 0.157 c1 0.953 c50 0.133 fac1 0.944 fac50 -0.025 lock 0.00 move 0.3 period None frozen 0.00 pr 13.2 sat None dead 0.00 rate -0.147 (29 pts) rate_fs -0.147 (29 pts) d1 7.6e-07 | 8.1s
ex16|cstep|0|0.5|code|51: level 4.08 slevel 0.502 static 0.901 c1 0.988 c50 0.897 fac1 0.873 fac50 -0.042 lock 0.00 move 0.157 period None frozen 0.42 pr 12.3 sat 0.514 dead 0.03 rate None (0 pts) rate_fs None (0 pts) d1 9.0e-02 | 49.3s
run39|wta|0|0.5|leak|51: level 0.452 slevel 0.031 static 0.112 c1 0.743 c50 0.114 fac1 0.721 fac50 -0.001 lock 0.00 move 0.705 period None frozen 0.01 pr 18.4 sat None dead 0.00 rate -0.320 (13 pts) rate_fs -0.320 (13 pts) d1 5.1e-07 | 13.0s
ex16|wta|0|0.25|code|51: level 0.587 slevel 0.031 static 0.105 c1 0.409 c50 0.101 fac1 0.347 fac50 -0.003 lock 0.00 move 1.04 period None frozen 0.04 pr 17.9 sat None dead 0.03 rate None (0 pts) rate_fs None (0 pts) d1 2.2e-01 | 28.8s
ex16|cstep|0|0.25|leak|51: level 2.04 slevel 0.499 static 0.890 c1 0.949 c50 0.888 fac1 0.535 fac50 -0.008 lock 0.00 move 0.318 period None frozen 0.37 pr 15.4 sat 0.515 dead 0.03 rate None (0 pts) rate_fs None (0 pts) d1 1.4e-01 | 52.8s
ex16|cstep|0|0.9|leak|51: level 2.08 slevel 0.502 static 0.925 c1 1.000 c50 0.922 fac1 0.993 fac50 -0.052 lock 0.00 move 0.022 period None frozen 0.60 pr 5.3 sat 0.518 dead 0.03 rate None (0 pts) rate_fs None (1 pts) d1 1.7e-02 | 35.5s
ex16|wta|0|0.0|code|51: level 0.536 slevel 0.031 static 0.058 c1 0.059 c50 0.054 fac1 0.000 fac50 -0.003 lock 0.00 move 1.35 period None frozen 0.04 pr 19.3 sat None dead 0.03 rate None (0 pts) rate_fs None (0 pts) d1 2.4e-01 | 32.0s
run39|wta|0|0.75|leak|51: level 0.444 slevel 0.031 static 0.152 c1 0.954 c50 0.142 fac1 0.946 fac50 -0.006 lock 0.00 move 0.296 period None frozen 0.02 pr 13.1 sat None dead 0.00 rate -0.141 (33 pts) rate_fs -0.141 (33 pts) d1 7.3e-07 | 9.9s
run39|tanh|1|0.0|code|52: level 0.803 slevel 0.000 static 0.005 c1 -0.034 c50 0.004 fac1 -0.041 fac50 -0.002 lock 0.00 move 1.44 period None frozen 0.00 pr 20.0 sat 0.008 dead 0.00 rate +0.079 (106 pts) rate_fs +0.081 (134 pts) d1 1.1e-06 | 5.8s
run39|wta|0|0.9|leak|51: level 0.443 slevel 0.031 static 0.220 c1 0.994 c50 0.121 fac1 0.988 fac50 -0.096 lock 0.00 move 0.109 period None frozen 0.09 pr 8.1 sat None dead 0.00 rate -0.062 (86 pts) rate_fs -0.062 (86 pts) d1 8.9e-07 | 8.8s
ex16|cstep|0|0.9|code|51: level 20.9 slevel 0.503 static 0.920 c1 1.000 c50 0.918 fac1 0.993 fac50 -0.040 lock 0.00 move 0.0221 period None frozen 0.59 pr 5.2 sat 0.517 dead 0.03 rate None (0 pts) rate_fs None (1 pts) d1 1.8e-02 | 44.3s
run39|wta|0|0.9|code|51: level 4.45 slevel 0.031 static 0.193 c1 0.994 c50 0.136 fac1 0.989 fac50 -0.068 lock 0.00 move 0.111 period None frozen 0.00 pr 8.0 sat None dead 0.00 rate -0.059 (97 pts) rate_fs -0.059 (97 pts) d1 9.0e-07 | 12.5s
ex16|cstep|0|0.5|leak|51: level 2.04 slevel 0.501 static 0.902 c1 0.988 c50 0.898 fac1 0.872 fac50 -0.027 lock 0.00 move 0.157 period None frozen 0.43 pr 12.4 sat 0.514 dead 0.03 rate None (0 pts) rate_fs None (0 pts) d1 9.0e-02 | 57.2s
run39|tanh|1|0.25|code|52: level 0.803 slevel 0.001 static 0.044 c1 0.960 c50 -0.108 fac1 0.954 fac50 -0.144 lock 0.00 move 0.281 period None frozen 0.00 pr 8.3 sat 0.007 dead 0.00 rate +0.036 (228 pts) rate_fs +0.040 (283 pts) d1 9.3e-07 | 8.1s
run39|tanh|1|0.5|code|52: level 0.804 slevel 0.000 static 0.055 c1 0.988 c50 -0.193 fac1 0.984 fac50 -0.224 lock 0.00 move 0.156 period None frozen 0.00 pr 8.0 sat 0.007 dead 0.00 rate +0.033 (275 pts) rate_fs +0.034 (364 pts) d1 7.6e-07 | 6.0s
run39|tanh|1|0.25|leak|52: level 0.804 slevel 0.000 static 0.035 c1 0.952 c50 -0.038 fac1 0.948 fac50 -0.072 lock 0.00 move 0.311 period None frozen 0.00 pr 9.1 sat 0.007 dead 0.00 rate +0.049 (183 pts) rate_fs +0.050 (217 pts) d1 8.9e-07 | 7.5s
ex16|wta|0|0.5|code|51: level 0.798 slevel 0.031 static 0.168 c1 0.775 c50 0.154 fac1 0.742 fac50 -0.009 lock 0.00 move 0.632 period None frozen 0.04 pr 14.7 sat None dead 0.03 rate None (0 pts) rate_fs None (0 pts) d1 1.7e-01 | 35.1s
ex16|wta|0|0.25|leak|51: level 0.438 slevel 0.031 static 0.104 c1 0.402 c50 0.093 fac1 0.343 fac50 -0.010 lock 0.00 move 1.05 period None frozen 0.06 pr 18.0 sat None dead 0.03 rate None (0 pts) rate_fs None (0 pts) d1 2.2e-01 | 41.9s
run39|tanh|1|0.75|code|52: level 0.804 slevel 0.001 static 0.057 c1 0.998 c50 0.051 fac1 0.994 fac50 0.008 lock 0.00 move 0.0642 period None frozen 0.00 pr 4.9 sat 0.006 dead 0.00 rate +0.012 (394 pts) rate_fs +0.012 (394 pts) d1 8.1e-07 | 6.1s
ex16|wta|0|0.75|code|51: level 1.59 slevel 0.031 static 0.195 c1 0.962 c50 0.160 fac1 0.952 fac50 -0.042 lock 0.00 move 0.258 period None frozen 0.04 pr 10.9 sat None dead 0.03 rate None (0 pts) rate_fs None (0 pts) d1 8.4e-02 | 33.9s
run39|tanh|1|0.5|leak|52: level 0.803 slevel 0.001 static 0.049 c1 0.990 c50 -0.217 fac1 0.985 fac50 -0.235 lock 0.00 move 0.146 period None frozen 0.00 pr 7.6 sat 0.007 dead 0.00 rate +0.034 (296 pts) rate_fs +0.033 (371 pts) d1 7.7e-07 | 14.2s
run39|tanh|1|0.75|leak|52: level 0.804 slevel 0.001 static 0.085 c1 0.998 c50 0.002 fac1 0.994 fac50 -0.083 lock 0.00 move 0.0568 period None frozen 0.00 pr 4.8 sat 0.006 dead 0.00 rate +0.013 (394 pts) rate_fs +0.013 (394 pts) d1 8.0e-07 | 9.8s
run39|tanh|1|0.9|code|52: level 0.807 slevel 0.006 static 0.391 c1 1.000 c50 0.627 fac1 0.993 fac50 0.218 lock 0.00 move 0.022 period None frozen 0.16 pr 3.0 sat 0.005 dead 0.00 rate +0.006 (394 pts) rate_fs +0.006 (394 pts) d1 9.1e-07 | 8.0s
ex16|wta|0|0.9|code|51: level 4.02 slevel 0.031 static 0.283 c1 0.995 c50 0.226 fac1 0.990 fac50 -0.068 lock 0.00 move 0.0907 period None frozen 0.05 pr 6.4 sat None dead 0.03 rate None (0 pts) rate_fs None (0 pts) d1 2.9e-02 | 36.0s
run39|tanh|0|0.0|code|52: level 3.07 slevel 0.000 static 0.004 c1 0.000 c50 -0.003 fac1 -0.003 fac50 -0.005 lock 0.00 move 1.42 period None frozen 0.00 pr 22.6 sat 0.480 dead 0.00 rate +0.513 (13 pts) rate_fs +0.502 (18 pts) d1 1.5e-06 | 6.6s
ex16|wta|0|0.5|leak|51: level 0.397 slevel 0.031 static 0.162 c1 0.771 c50 0.153 fac1 0.739 fac50 -0.012 lock 0.00 move 0.637 period None frozen 0.08 pr 14.8 sat None dead 0.03 rate None (0 pts) rate_fs None (0 pts) d1 1.6e-01 | 52.8s
run39|tanh|1|0.9|leak|52: level 0.805 slevel 0.004 static 0.262 c1 1.000 c50 0.465 fac1 0.994 fac50 0.196 lock 0.00 move 0.028 period None frozen 0.08 pr 3.4 sat 0.006 dead 0.00 rate +0.011 (394 pts) rate_fs +0.011 (394 pts) d1 9.1e-07 | 13.5s
ex16|wta|0|0.75|leak|51: level 0.399 slevel 0.031 static 0.190 c1 0.962 c50 0.148 fac1 0.953 fac50 -0.048 lock 0.00 move 0.257 period None frozen 0.11 pr 10.7 sat None dead 0.03 rate None (0 pts) rate_fs None (0 pts) d1 9.2e-02 | 48.9s
ex16|tanh|1|0.0|code|52: level 0.79 slevel 0.000 static 0.008 c1 -0.003 c50 0.006 fac1 -0.013 fac50 -0.003 lock 0.00 move 1.42 period None frozen 0.01 pr 19.6 sat 0.008 dead 0.02 rate +0.085 (103 pts) rate_fs +0.085 (130 pts) d1 1.1e-06 | 40.3s
ex16|tanh|1|0.25|code|52: level 0.791 slevel 0.000 static 0.023 c1 0.943 c50 0.075 fac1 0.940 fac50 0.043 lock 0.00 move 0.338 period None frozen 0.01 pr 13.1 sat 0.007 dead 0.02 rate +0.048 (203 pts) rate_fs +0.047 (251 pts) d1 8.9e-07 | 38.7s
ex16|wta|0|0.9|leak|51: level 0.403 slevel 0.031 static 0.267 c1 0.995 c50 0.217 fac1 0.990 fac50 -0.067 lock 0.00 move 0.0895 period None frozen 0.22 pr 6.4 sat None dead 0.03 rate None (0 pts) rate_fs None (0 pts) d1 2.8e-02 | 44.1s
run39|tanh|0|0.25|code|52: level 3.82 slevel 0.000 static 0.018 c1 0.765 c50 -0.041 fac1 0.764 fac50 -0.053 lock 0.00 move 0.678 period None frozen 0.00 pr 16.5 sat 0.569 dead 0.00 rate +0.361 (19 pts) rate_fs +0.360 (25 pts) d1 1.7e-06 | 8.1s
run39|tanh|0|0.25|leak|52: level 2.78 slevel 0.000 static 0.022 c1 0.792 c50 0.002 fac1 0.790 fac50 -0.013 lock 0.00 move 0.638 period None frozen 0.00 pr 17.2 sat 0.434 dead 0.00 rate +0.268 (28 pts) rate_fs +0.265 (37 pts) d1 1.3e-06 | 8.4s
run39|tanh|0|0.5|code|52: level 5.78 slevel 0.000 static 0.019 c1 0.931 c50 -0.049 fac1 0.929 fac50 -0.054 lock 0.00 move 0.365 period None frozen 0.00 pr 14.7 sat 0.704 dead 0.00 rate +0.299 (26 pts) rate_fs +0.305 (33 pts) d1 1.2e-06 | 7.5s
ex16|tanh|1|0.25|leak|52: level 0.79 slevel 0.001 static 0.083 c1 0.945 c50 0.012 fac1 0.938 fac50 -0.072 lock 0.00 move 0.336 period None frozen 0.02 pr 13.5 sat 0.007 dead 0.02 rate +0.049 (192 pts) rate_fs +0.048 (239 pts) d1 8.9e-07 | 48.4s
run39|tanh|0|0.5|leak|52: level 2.78 slevel 0.001 static 0.057 c1 0.955 c50 -0.080 fac1 0.951 fac50 -0.118 lock 0.00 move 0.295 period None frozen 0.00 pr 13.2 sat 0.436 dead 0.00 rate +0.157 (57 pts) rate_fs +0.161 (70 pts) d1 9.7e-07 | 10.2s
run39|tanh|0|0.75|code|52: level 11.8 slevel 0.002 static 0.099 c1 0.987 c50 0.039 fac1 0.983 fac50 -0.069 lock 0.00 move 0.158 period None frozen 0.00 pr 9.9 sat 0.854 dead 0.00 rate +0.206 (38 pts) rate_fs +0.203 (49 pts) d1 1.2e-06 | 7.7s
ex16|tanh|1|0.5|code|52: level 0.792 slevel 0.002 static 0.127 c1 0.989 c50 0.097 fac1 0.984 fac50 -0.033 lock 0.00 move 0.152 period None frozen 0.02 pr 10.1 sat 0.006 dead 0.02 rate +0.036 (280 pts) rate_fs +0.035 (349 pts) d1 7.5e-07 | 48.0s
ex16|tanh|1|0.75|code|52: level 0.791 slevel 0.002 static 0.151 c1 0.998 c50 0.068 fac1 0.993 fac50 -0.087 lock 0.00 move 0.0716 period None frozen 0.02 pr 6.6 sat 0.006 dead 0.02 rate +0.020 (394 pts) rate_fs +0.020 (394 pts) d1 8.0e-07 | 47.4s
ex16|tanh|0|0.0|code|52: level 2.55 slevel 0.000 static 0.004 c1 0.002 c50 0.007 fac1 -0.003 fac50 0.003 lock 0.00 move 1.41 period None frozen 0.02 pr 20.7 sat 0.386 dead 0.02 rate +0.420 (16 pts) rate_fs +0.419 (22 pts) d1 1.6e-06 | 33.8s
ex16|tanh|1|0.5|leak|52: level 0.79 slevel 0.001 static 0.085 c1 0.989 c50 0.061 fac1 0.985 fac50 -0.044 lock 0.00 move 0.149 period None frozen 0.02 pr 9.1 sat 0.006 dead 0.02 rate +0.036 (273 pts) rate_fs +0.036 (340 pts) d1 7.6e-07 | 49.8s
run39|tanh|0|0.75|leak|52: level 2.82 slevel 0.001 static 0.145 c1 0.993 c50 0.126 fac1 0.989 fac50 -0.014 lock 0.00 move 0.114 period None frozen 0.00 pr 8.0 sat 0.445 dead 0.00 rate +0.077 (118 pts) rate_fs +0.075 (151 pts) d1 8.8e-07 | 8.6s
run39|tanh|0|0.9|code|52: level 29.7 slevel 0.003 static 0.227 c1 0.998 c50 0.315 fac1 0.993 fac50 0.054 lock 0.00 move 0.0599 period None frozen 0.00 pr 5.2 sat 0.941 dead 0.00 rate +0.148 (58 pts) rate_fs +0.152 (76 pts) d1 1.0e-06 | 8.1s
ex16|tanh|0|0.25|code|52: level 3.19 slevel 0.000 static 0.024 c1 0.763 c50 0.010 fac1 0.761 fac50 -0.012 lock 0.00 move 0.677 period None frozen 0.01 pr 17.4 sat 0.481 dead 0.02 rate +0.354 (21 pts) rate_fs +0.357 (27 pts) d1 1.5e-06 | 33.4s
ex16|tanh|1|0.9|leak|52: level 0.789 slevel 0.004 static 0.385 c1 1.000 c50 0.580 fac1 0.995 fac50 0.225 lock 0.00 move 0.0242 period None frozen 0.18 pr 3.2 sat 0.006 dead 0.02 rate +0.008 (394 pts) rate_fs +0.008 (394 pts) d1 9.1e-07 | 43.9s
ex16|tanh|1|0.75|leak|52: level 0.791 slevel 0.005 static 0.314 c1 0.999 c50 0.299 fac1 0.994 fac50 -0.016 lock 0.00 move 0.0552 period None frozen 0.08 pr 5.9 sat 0.006 dead 0.02 rate +0.017 (394 pts) rate_fs +0.017 (394 pts) d1 8.0e-07 | 51.1s
run39|tanh|0|0.9|leak|52: level 2.78 slevel 0.002 static 0.267 c1 0.999 c50 0.369 fac1 0.994 fac50 0.094 lock 0.00 move 0.0419 period None frozen 0.01 pr 4.3 sat 0.434 dead 0.00 rate +0.034 (258 pts) rate_fs +0.036 (317 pts) d1 9.2e-07 | 7.8s
ex16|tanh|0|0.5|code|52: level 4.91 slevel 0.000 static 0.037 c1 0.936 c50 0.008 fac1 0.933 fac50 -0.027 lock 0.00 move 0.352 period None frozen 0.02 pr 14.1 sat 0.637 dead 0.02 rate +0.279 (28 pts) rate_fs +0.275 (36 pts) d1 1.3e-06 | 27.4s
ex16|tanh|1|0.9|code|52: level 0.792 slevel 0.012 static 0.594 c1 1.000 c50 0.749 fac1 0.994 fac50 0.256 lock 0.00 move 0.019 period None frozen 0.30 pr 2.9 sat 0.006 dead 0.02 rate +0.009 (394 pts) rate_fs +0.009 (394 pts) d1 9.0e-07 | 50.5s
ex16|tanh|0|0.75|code|52: level 9.95 slevel 0.001 static 0.080 c1 0.987 c50 0.000 fac1 0.983 fac50 -0.073 lock 0.00 move 0.16 period None frozen 0.02 pr 10.0 sat 0.806 dead 0.02 rate +0.212 (39 pts) rate_fs +0.206 (52 pts) d1 1.2e-06 | 28.4s
run39|sig4_0|1|0.0|code|52: level 0.803 slevel 0.599 static 0.999 c1 0.998 c50 0.998 fac1 -0.357 fac50 -0.234 lock 0.00 move 0.0775 period 4 frozen 0.97 pr 2.5 sat 0.124 dead 0.00 rate -0.000 (394 pts) rate_fs -0.000 (394 pts) d1 8.3e-07 | 13.2s
ex16|tanh|0|0.25|leak|52: level 2.34 slevel 0.000 static 0.019 c1 0.815 c50 0.005 fac1 0.814 fac50 -0.012 lock 0.00 move 0.599 period None frozen 0.02 pr 16.1 sat 0.348 dead 0.02 rate +0.230 (34 pts) rate_fs +0.231 (44 pts) d1 1.3e-06 | 39.9s
run39|sig4_0|1|0.25|code|52: level 0.803 slevel 0.599 static 1.000 c1 1.000 c50 1.000 fac1 -0.147 fac50 -0.587 lock 0.41 move 0.036 period 4 frozen 0.99 pr 2.2 sat 0.123 dead 0.00 rate -0.000 (394 pts) rate_fs -0.000 (394 pts) d1 6.7e-07 | 15.3s
run39|sig4_0|1|0.5|code|52: level 0.803 slevel 0.599 static 1.000 c1 1.000 c50 1.000 fac1 -0.083 fac50 -0.696 lock 0.86 move 0.0195 period 4 frozen 0.99 pr 2.0 sat 0.124 dead 0.00 rate -0.001 (394 pts) rate_fs -0.001 (394 pts) d1 6.7e-07 | 14.7s
run39|sig4_0|1|0.25|leak|52: level 0.803 slevel 0.599 static 1.000 c1 1.000 c50 1.000 fac1 -0.147 fac50 -0.587 lock 0.41 move 0.036 period 4 frozen 0.99 pr 2.2 sat 0.123 dead 0.00 rate -0.000 (394 pts) rate_fs -0.000 (394 pts) d1 6.8e-07 | 16.9s
ex16|tanh|0|0.5|leak|52: level 2.33 slevel 0.001 static 0.045 c1 0.959 c50 -0.015 fac1 0.955 fac50 -0.062 lock 0.00 move 0.283 period None frozen 0.02 pr 13.1 sat 0.347 dead 0.02 rate +0.134 (64 pts) rate_fs +0.136 (80 pts) d1 1.0e-06 | 41.8s
ex16|tanh|0|0.9|code|52: level 25 slevel 0.003 static 0.276 c1 0.998 c50 0.251 fac1 0.993 fac50 -0.031 lock 0.00 move 0.062 period None frozen 0.03 pr 5.7 sat 0.914 dead 0.02 rate +0.149 (56 pts) rate_fs +0.135 (81 pts) d1 1.1e-06 | 32.2s
run39|sig4_0|1|0.75|code|52: level 0.803 slevel 0.599 static 1.000 c1 1.000 c50 1.000 fac1 -0.064 fac50 -0.726 lock 0.94 move 0.00839 period 4 frozen 1.00 pr 1.9 sat 0.124 dead 0.00 rate -0.001 (394 pts) rate_fs -0.001 (394 pts) d1 7.9e-07 | 13.2s
ex16|tanh|0|0.75|leak|52: level 2.35 slevel 0.002 static 0.118 c1 0.994 c50 0.070 fac1 0.989 fac50 -0.050 lock 0.00 move 0.11 period None frozen 0.02 pr 8.4 sat 0.351 dead 0.02 rate +0.080 (114 pts) rate_fs +0.079 (145 pts) d1 8.7e-07 | 39.0s
run39|sig4_0|1|0.5|leak|52: level 0.803 slevel 0.599 static 1.000 c1 1.000 c50 1.000 fac1 -0.083 fac50 -0.696 lock 0.86 move 0.0195 period 4 frozen 0.99 pr 2.0 sat 0.124 dead 0.00 rate -0.000 (394 pts) rate_fs -0.000 (394 pts) d1 6.7e-07 | 19.6s
run39|sig4_0|1|0.9|code|52: level 0.803 slevel 0.599 static 1.000 c1 1.000 c50 1.000 fac1 -0.049 fac50 -0.647 lock 0.94 move 0.00309 period 4 frozen 1.00 pr 2.3 sat 0.124 dead 0.00 rate -0.002 (394 pts) rate_fs -0.002 (394 pts) d1 9.0e-07 | 14.1s
run39|sig4_0|1|0.75|leak|52: level 0.803 slevel 0.599 static 1.000 c1 1.000 c50 1.000 fac1 -0.064 fac50 -0.726 lock 0.94 move 0.00839 period 4 frozen 1.00 pr 1.9 sat 0.124 dead 0.00 rate -0.001 (394 pts) rate_fs -0.001 (394 pts) d1 7.9e-07 | 19.4s
run39|sig4_0|0|0.0|code|52: level 2.32 slevel 0.524 static 0.895 c1 0.894 c50 0.893 fac1 -0.012 fac50 -0.023 lock 0.00 move 0.455 period None frozen 0.36 pr 17.5 sat 0.335 dead 0.00 rate +0.299 (26 pts) rate_fs +0.302 (34 pts) d1 1.4e-06 | 10.3s
run39|sig4_0|1|0.9|leak|52: level 0.803 slevel 0.599 static 1.000 c1 1.000 c50 1.000 fac1 -0.049 fac50 -0.647 lock 0.94 move 0.00309 period 4 frozen 1.00 pr 2.3 sat 0.124 dead 0.00 rate -0.002 (394 pts) rate_fs -0.002 (394 pts) d1 9.1e-07 | 14.7s
ex16|tanh|0|0.9|leak|52: level 2.34 slevel 0.004 static 0.271 c1 0.999 c50 0.348 fac1 0.994 fac50 0.055 lock 0.00 move 0.0406 period None frozen 0.04 pr 4.4 sat 0.349 dead 0.02 rate +0.029 (315 pts) rate_fs +0.030 (386 pts) d1 9.2e-07 | 45.4s
run39|sig4_0|0|0.25|code|52: level 3.11 slevel 0.512 static 0.916 c1 0.981 c50 0.916 fac1 0.777 fac50 -0.009 lock 0.00 move 0.193 period None frozen 0.42 pr 13.6 sat 0.373 dead 0.00 rate +0.225 (37 pts) rate_fs +0.224 (47 pts) d1 1.2e-06 | 10.5s
run39|sig4_0|0|0.5|code|52: level 4.66 slevel 0.507 static 0.906 c1 0.993 c50 0.903 fac1 0.928 fac50 -0.019 lock 0.00 move 0.114 period None frozen 0.42 pr 11.9 sat 0.412 dead 0.00 rate +0.187 (41 pts) rate_fs +0.200 (53 pts) d1 1.0e-06 | 6.8s
run39|sig4_0|0|0.25|leak|52: level 2.31 slevel 0.523 static 0.933 c1 0.989 c50 0.928 fac1 0.834 fac50 -0.045 lock 0.00 move 0.15 period None frozen 0.49 pr 11.8 sat 0.333 dead 0.00 rate +0.100 (86 pts) rate_fs +0.101 (108 pts) d1 1.1e-06 | 14.0s
ex16|sig4_0|1|0.25|code|52: level 0.789 slevel 0.604 static 1.000 c1 1.000 c50 1.000 fac1 0.848 fac50 -0.014 lock 0.89 move 0.0548 period None frozen 0.98 pr 5.9 sat 0.126 dead 0.02 rate -0.000 (394 pts) rate_fs -0.000 (394 pts) d1 6.5e-07 | 59.7s
ex16|sig4_0|1|0.0|code|52: level 0.788 slevel 0.605 static 1.000 c1 1.000 c50 1.000 fac1 -0.013 fac50 -0.000 lock 0.22 move 0.071 period None frozen 0.96 pr 7.7 sat 0.126 dead 0.02 rate -0.000 (394 pts) rate_fs -0.000 (394 pts) d1 8.0e-07 | 60.7s
run39|sig4_0|0|0.5|leak|52: level 2.32 slevel 0.527 static 0.940 c1 0.998 c50 0.939 fac1 0.955 fac50 -0.061 lock 0.00 move 0.0715 period None frozen 0.56 pr 9.8 sat 0.333 dead 0.00 rate +0.073 (125 pts) rate_fs +0.071 (158 pts) d1 8.4e-07 | 12.8s
ex16|sig4_0|1|0.5|code|52: level 0.789 slevel 0.603 static 1.000 c1 1.000 c50 1.000 fac1 0.967 fac50 0.001 lock 0.95 move 0.0385 period None frozen 0.98 pr 5.0 sat 0.127 dead 0.02 rate -0.000 (394 pts) rate_fs -0.000 (394 pts) d1 6.5e-07 | 55.2s
ex16|sig4_0|1|0.25|leak|52: level 0.788 slevel 0.605 static 1.000 c1 1.000 c50 1.000 fac1 0.848 fac50 -0.013 lock 0.89 move 0.0436 period None frozen 0.98 pr 5.9 sat 0.126 dead 0.02 rate -0.000 (394 pts) rate_fs -0.000 (394 pts) d1 6.6e-07 | 61.3s
ex16|sig4_0|1|0.75|code|52: level 0.79 slevel 0.603 static 1.000 c1 1.000 c50 1.000 fac1 0.990 fac50 -0.045 lock 0.98 move 0.0193 period None frozen 0.99 pr 4.2 sat 0.126 dead 0.02 rate -0.001 (394 pts) rate_fs -0.001 (394 pts) d1 7.8e-07 | 54.6s
ex16|sig4_0|0|0.0|code|52: level 2.01 slevel 0.539 static 0.931 c1 0.933 c50 0.931 fac1 0.014 fac50 -0.002 lock 0.00 move 0.374 period None frozen 0.46 pr 14.3 sat 0.305 dead 0.02 rate +0.218 (36 pts) rate_fs +0.223 (47 pts) d1 1.3e-06 | 43.0s
run39|sig4_0|0|0.75|code|52: level 9.38 slevel 0.505 static 0.895 c1 0.998 c50 0.899 fac1 0.981 fac50 -0.027 lock 0.00 move 0.0557 period None frozen 0.44 pr 9.0 sat 0.454 dead 0.00 rate +0.148 (53 pts) rate_fs +0.156 (66 pts) d1 9.7e-07 | 11.9s
ex16|sig4_0|1|0.5|leak|52: level 0.788 slevel 0.605 static 1.000 c1 1.000 c50 1.000 fac1 0.967 fac50 0.006 lock 0.95 move 0.0258 period None frozen 0.99 pr 5.0 sat 0.126 dead 0.02 rate -0.000 (394 pts) rate_fs -0.000 (394 pts) d1 6.5e-07 | 65.2s
run39|sig4_0|0|0.75|leak|52: level 2.32 slevel 0.521 static 0.939 c1 1.000 c50 0.935 fac1 0.989 fac50 -0.092 lock 0.00 move 0.0295 period None frozen 0.60 pr 7.8 sat 0.333 dead 0.00 rate +0.049 (193 pts) rate_fs +0.046 (255 pts) d1 8.5e-07 | 14.8s
run39|sig4_0|0|0.9|code|52: level 23.4 slevel 0.478 static 0.908 c1 1.000 c50 0.904 fac1 0.994 fac50 -0.052 lock 0.00 move 0.0229 period None frozen 0.54 pr 5.6 sat 0.477 dead 0.00 rate +0.086 (88 pts) rate_fs +0.095 (123 pts) d1 9.9e-07 | 13.5s
ex16|sig4_0|0|0.25|code|52: level 2.69 slevel 0.523 static 0.936 c1 0.988 c50 0.940 fac1 0.809 fac50 0.013 lock 0.00 move 0.155 period None frozen 0.50 pr 11.7 sat 0.345 dead 0.02 rate +0.159 (54 pts) rate_fs +0.158 (68 pts) d1 1.2e-06 | 51.2s
ex16|sig4_0|1|0.9|code|52: level 0.79 slevel 0.603 static 1.000 c1 1.000 c50 1.000 fac1 0.994 fac50 0.061 lock 0.99 move 0.00762 period None frozen 1.00 pr 3.1 sat 0.126 dead 0.02 rate -0.002 (394 pts) rate_fs -0.002 (394 pts) d1 9.0e-07 | 59.7s
run39|sig8_0|1|0.0|code|52: level 0.803 slevel 0.542 static 0.941 c1 0.939 c50 0.940 fac1 -0.017 fac50 0.007 lock 0.00 move 0.354 period None frozen 0.53 pr 15.3 sat 0.280 dead 0.00 rate +0.128 (70 pts) rate_fs +0.127 (89 pts) d1 1.1e-06 | 8.1s
ex16|sig4_0|1|0.75|leak|52: level 0.788 slevel 0.605 static 1.000 c1 1.000 c50 1.000 fac1 0.990 fac50 -0.029 lock 0.98 move 0.0115 period None frozen 0.99 pr 4.2 sat 0.126 dead 0.02 rate -0.001 (394 pts) rate_fs -0.001 (394 pts) d1 7.8e-07 | 66.2s
run39|sig4_0|0|0.9|leak|52: level 2.31 slevel 0.525 static 0.960 c1 1.000 c50 0.961 fac1 0.994 fac50 -0.049 lock 0.76 move 0.00904 period None frozen 0.73 pr 4.3 sat 0.330 dead 0.00 rate +0.019 (394 pts) rate_fs +0.019 (394 pts) d1 9.2e-07 | 14.7s
ex16|sig4_0|0|0.25|leak|52: level 2 slevel 0.539 static 0.957 c1 0.995 c50 0.959 fac1 0.880 fac50 -0.012 lock 0.00 move 0.104 period None frozen 0.59 pr 10.0 sat 0.303 dead 0.02 rate +0.091 (96 pts) rate_fs +0.092 (120 pts) d1 1.0e-06 | 47.9s
ex16|sig4_0|0|0.5|code|52: level 4.06 slevel 0.512 static 0.922 c1 0.995 c50 0.924 fac1 0.934 fac50 -0.006 lock 0.00 move 0.1 period None frozen 0.47 pr 11.0 sat 0.391 dead 0.02 rate +0.187 (47 pts) rate_fs +0.187 (59 pts) d1 1.1e-06 | 49.7s
ex16|sig4_0|1|0.9|leak|52: level 0.787 slevel 0.605 static 1.000 c1 1.000 c50 1.000 fac1 0.994 fac50 0.064 lock 0.99 move 0.0044 period None frozen 1.00 pr 3.0 sat 0.126 dead 0.02 rate -0.002 (394 pts) rate_fs -0.002 (394 pts) d1 9.0e-07 | 68.5s
run39|sig8_0|1|0.25|leak|52: level 0.804 slevel 0.539 static 0.968 c1 0.996 c50 0.968 fac1 0.889 fac50 -0.004 lock 0.00 move 0.0919 period None frozen 0.68 pr 8.1 sat 0.279 dead 0.00 rate +0.044 (185 pts) rate_fs +0.041 (281 pts) d1 9.0e-07 | 12.3s
ex16|sig4_0|0|0.75|code|52: level 8.14 slevel 0.504 static 0.909 c1 0.999 c50 0.911 fac1 0.982 fac50 -0.017 lock 0.00 move 0.0524 period None frozen 0.48 pr 8.8 sat 0.440 dead 0.02 rate +0.135 (60 pts) rate_fs +0.137 (77 pts) d1 1.1e-06 | 41.7s
run39|sig8_0|1|0.25|code|52: level 0.804 slevel 0.539 static 0.968 c1 0.996 c50 0.979 fac1 0.881 fac50 0.311 lock 0.00 move 0.0935 period None frozen 0.69 pr 7.4 sat 0.280 dead 0.00 rate +0.042 (202 pts) rate_fs +0.041 (289 pts) d1 8.7e-07 | 16.8s
run39|sig8_0|1|0.5|leak|52: level 0.805 slevel 0.543 static 0.979 c1 1.000 c50 0.977 fac1 0.976 fac50 -0.067 lock 0.00 move 0.0365 period None frozen 0.76 pr 6.6 sat 0.276 dead 0.00 rate +0.032 (297 pts) rate_fs +0.032 (394 pts) d1 7.6e-07 | 13.6s
run39|sig8_0|1|0.5|code|52: level 0.805 slevel 0.536 static 0.982 c1 0.999 c50 0.978 fac1 0.968 fac50 -0.197 lock 0.00 move 0.0371 period None frozen 0.78 pr 6.5 sat 0.278 dead 0.00 rate +0.026 (350 pts) rate_fs +0.026 (394 pts) d1 7.6e-07 | 16.5s
run39|sig8_0|1|0.75|code|52: level 0.806 slevel 0.543 static 0.982 c1 1.000 c50 0.976 fac1 0.992 fac50 -0.285 lock 0.27 move 0.0138 period None frozen 0.82 pr 4.2 sat 0.275 dead 0.00 rate +0.009 (394 pts) rate_fs +0.009 (394 pts) d1 8.1e-07 | 16.3s
ex16|sig4_0|0|0.5|leak|52: level 2 slevel 0.542 static 0.959 c1 0.999 c50 0.956 fac1 0.971 fac50 -0.071 lock 0.00 move 0.0479 period None frozen 0.64 pr 8.4 sat 0.302 dead 0.02 rate +0.052 (172 pts) rate_fs +0.055 (211 pts) d1 8.4e-07 | 61.3s
run39|sig8_0|1|0.75|leak|52: level 0.805 slevel 0.546 static 0.981 c1 1.000 c50 0.972 fac1 0.993 fac50 -0.385 lock 0.22 move 0.0143 period None frozen 0.81 pr 3.7 sat 0.275 dead 0.00 rate +0.010 (394 pts) rate_fs +0.010 (394 pts) d1 8.1e-07 | 15.9s
ex16|sig4_0|0|0.9|code|52: level 20.5 slevel 0.494 static 0.924 c1 1.000 c50 0.919 fac1 0.993 fac50 -0.080 lock 0.00 move 0.0216 period None frozen 0.57 pr 5.6 sat 0.468 dead 0.02 rate +0.113 (69 pts) rate_fs +0.111 (97 pts) d1 1.1e-06 | 52.7s
run39|sig8_0|1|0.9|code|52: level 0.805 slevel 0.534 static 0.990 c1 1.000 c50 0.992 fac1 0.993 fac50 0.044 lock 0.94 move 0.00478 period None frozen 0.88 pr 3.0 sat 0.280 dead 0.00 rate +0.007 (394 pts) rate_fs +0.007 (394 pts) d1 9.1e-07 | 16.3s
run39|sig8_0|0|0.0|code|52: level 2.37 slevel 0.497 static 0.829 c1 0.826 c50 0.828 fac1 -0.004 fac50 -0.006 lock 0.00 move 0.576 period None frozen 0.21 pr 19.3 sat 0.415 dead 0.00 rate +0.569 (11 pts) rate_fs +0.581 (14 pts) d1 1.8e-06 | 9.8s
ex16|sig8_0|1|0.0|code|52: level 0.787 slevel 0.543 static 0.959 c1 0.958 c50 0.959 fac1 -0.017 fac50 0.001 lock 0.00 move 0.307 period None frozen 0.61 pr 12.9 sat 0.276 dead 0.02 rate +0.110 (77 pts) rate_fs +0.111 (98 pts) d1 1.2e-06 | 49.0s
ex16|sig4_0|0|0.75|leak|52: level 1.99 slevel 0.536 static 0.961 c1 1.000 c50 0.961 fac1 0.991 fac50 -0.030 lock 0.03 move 0.0201 period None frozen 0.70 pr 6.0 sat 0.302 dead 0.02 rate +0.030 (311 pts) rate_fs +0.030 (379 pts) d1 8.3e-07 | 60.8s
run39|sig8_0|1|0.9|leak|52: level 0.804 slevel 0.547 static 0.986 c1 1.000 c50 0.987 fac1 0.996 fac50 0.099 lock 0.94 move 0.0054 period None frozen 0.86 pr 2.9 sat 0.273 dead 0.00 rate +0.002 (394 pts) rate_fs +0.002 (394 pts) d1 9.1e-07 | 14.7s
run39|sig8_0|0|0.25|code|52: level 3.13 slevel 0.498 static 0.894 c1 0.963 c50 0.893 fac1 0.645 fac50 -0.030 lock 0.00 move 0.27 period None frozen 0.35 pr 15.7 sat 0.433 dead 0.00 rate +0.466 (14 pts) rate_fs +0.477 (19 pts) d1 1.6e-06 | 11.5s
ex16|sig4_0|0|0.9|leak|52: level 2 slevel 0.534 static 0.966 c1 1.000 c50 0.973 fac1 0.995 fac50 0.110 lock 0.97 move 0.00714 period None frozen 0.77 pr 3.4 sat 0.302 dead 0.02 rate +0.015 (394 pts) rate_fs +0.015 (394 pts) d1 9.1e-07 | 59.8s
run39|sig8_0|0|0.25|leak|52: level 2.34 slevel 0.503 static 0.898 c1 0.970 c50 0.895 fac1 0.700 fac50 -0.026 lock 0.00 move 0.244 period None frozen 0.40 pr 14.3 sat 0.414 dead 0.00 rate +0.417 (18 pts) rate_fs +0.398 (25 pts) d1 1.4e-06 | 8.4s
run39|sig8_0|0|0.5|code|52: level 4.68 slevel 0.499 static 0.888 c1 0.990 c50 0.881 fac1 0.905 fac50 -0.071 lock 0.00 move 0.143 period None frozen 0.38 pr 12.8 sat 0.453 dead 0.00 rate +0.323 (22 pts) rate_fs +0.338 (29 pts) d1 1.3e-06 | 7.4s
ex16|sig8_0|1|0.25|code|52: level 0.788 slevel 0.540 static 0.975 c1 0.998 c50 0.975 fac1 0.931 fac50 -0.046 lock 0.00 move 0.0809 period None frozen 0.72 pr 8.4 sat 0.276 dead 0.02 rate +0.050 (186 pts) rate_fs +0.049 (240 pts) d1 8.7e-07 | 61.3s
run39|sig8_0|0|0.5|leak|52: level 2.33 slevel 0.504 static 0.903 c1 0.993 c50 0.904 fac1 0.929 fac50 -0.001 lock 0.00 move 0.116 period None frozen 0.43 pr 12.1 sat 0.412 dead 0.00 rate +0.230 (41 pts) rate_fs +0.228 (49 pts) d1 1.1e-06 | 11.8s
ex16|sig8_0|1|0.5|code|52: level 0.788 slevel 0.542 static 0.975 c1 1.000 c50 0.974 fac1 0.982 fac50 -0.021 lock 0.01 move 0.0483 period None frozen 0.75 pr 6.7 sat 0.276 dead 0.02 rate +0.036 (275 pts) rate_fs +0.036 (329 pts) d1 7.6e-07 | 57.5s
ex16|sig8_0|1|0.25|leak|52: level 0.787 slevel 0.540 static 0.975 c1 0.998 c50 0.975 fac1 0.918 fac50 0.002 lock 0.00 move 0.0773 period None frozen 0.72 pr 8.4 sat 0.276 dead 0.02 rate +0.047 (202 pts) rate_fs +0.050 (244 pts) d1 8.7e-07 | 61.3s
ex16|sig8_0|1|0.75|code|52: level 0.788 slevel 0.540 static 0.981 c1 1.000 c50 0.979 fac1 0.994 fac50 -0.092 lock 0.49 move 0.0222 period None frozen 0.82 pr 4.9 sat 0.276 dead 0.02 rate +0.019 (394 pts) rate_fs +0.019 (394 pts) d1 8.0e-07 | 52.4s
run39|sig8_0|0|0.75|code|52: level 9.39 slevel 0.493 static 0.881 c1 0.998 c50 0.876 fac1 0.979 fac50 -0.084 lock 0.00 move 0.063 period None frozen 0.42 pr 9.2 sat 0.475 dead 0.00 rate +0.218 (36 pts) rate_fs +0.240 (46 pts) d1 1.1e-06 | 12.3s
ex16|sig8_0|1|0.5|leak|52: level 0.787 slevel 0.538 static 0.980 c1 1.000 c50 0.978 fac1 0.979 fac50 -0.082 lock 0.02 move 0.0371 period None frozen 0.78 pr 6.9 sat 0.276 dead 0.02 rate +0.030 (294 pts) rate_fs +0.033 (362 pts) d1 7.6e-07 | 62.6s
run39|sig8_0|0|0.75|leak|52: level 2.34 slevel 0.511 static 0.911 c1 0.999 c50 0.904 fac1 0.985 fac50 -0.088 lock 0.00 move 0.0461 period None frozen 0.50 pr 8.9 sat 0.412 dead 0.00 rate +0.089 (104 pts) rate_fs +0.087 (126 pts) d1 8.8e-07 | 10.9s
run39|sig8_0|0|0.9|code|52: level 23.4 slevel 0.491 static 0.899 c1 1.000 c50 0.894 fac1 0.993 fac50 -0.108 lock 0.00 move 0.0247 period None frozen 0.51 pr 5.8 sat 0.485 dead 0.00 rate +0.108 (76 pts) rate_fs +0.104 (102 pts) d1 1.1e-06 | 9.3s
ex16|sig8_0|0|0.0|code|52: level 2.06 slevel 0.518 static 0.859 c1 0.861 c50 0.859 fac1 -0.006 fac50 -0.007 lock 0.00 move 0.53 period None frozen 0.28 pr 16.7 sat 0.395 dead 0.02 rate +0.545 (11 pts) rate_fs +0.532 (15 pts) d1 1.9e-06 | 43.2s
ex16|sig8_0|1|0.9|leak|52: level 0.785 slevel 0.542 static 0.985 c1 1.000 c50 0.989 fac1 0.994 fac50 0.139 lock 0.99 move 0.00596 period None frozen 0.86 pr 3.1 sat 0.274 dead 0.02 rate +0.005 (394 pts) rate_fs +0.005 (394 pts) d1 9.1e-07 | 55.7s
run39|step1|1|0.0|code|52: level 0.803 slevel 0.155 static 0.262 c1 0.254 c50 0.253 fac1 -0.005 fac50 -0.004 lock 0.00 move 1.22 period None frozen 0.00 pr 22.0 sat 0.159 dead 0.00 rate None (0 pts) rate_fs None (0 pts) d1 0.0e+00 | 7.6s
ex16|sig8_0|0|0.25|code|52: level 2.71 slevel 0.509 static 0.911 c1 0.971 c50 0.911 fac1 0.660 fac50 -0.019 lock 0.00 move 0.242 period None frozen 0.41 pr 13.8 sat 0.415 dead 0.02 rate +0.449 (15 pts) rate_fs +0.426 (21 pts) d1 1.7e-06 | 42.6s
ex16|sig8_0|1|0.9|code|52: level 0.788 slevel 0.544 static 0.983 c1 1.000 c50 0.987 fac1 0.995 fac50 0.176 lock 0.99 move 0.00876 period None frozen 0.85 pr 3.0 sat 0.274 dead 0.02 rate +0.008 (394 pts) rate_fs +0.008 (394 pts) d1 9.1e-07 | 63.9s
run39|step1|1|0.25|code|52: level 0.802 slevel 0.153 static 0.411 c1 0.710 c50 0.399 fac1 0.502 fac50 -0.020 lock 0.00 move 0.763 period None frozen 0.01 pr 20.1 sat 0.156 dead 0.00 rate -0.008 (6 pts) rate_fs -0.008 (6 pts) d1 2.5e-07 | 8.7s
run39|sig8_0|0|0.9|leak|52: level 2.32 slevel 0.499 static 0.918 c1 1.000 c50 0.920 fac1 0.994 fac50 -0.043 lock 0.00 move 0.0174 period None frozen 0.59 pr 5.2 sat 0.410 dead 0.00 rate +0.048 (205 pts) rate_fs +0.046 (268 pts) d1 9.2e-07 | 18.5s
ex16|sig8_0|1|0.75|leak|52: level 0.786 slevel 0.540 static 0.976 c1 1.000 c50 0.973 fac1 0.994 fac50 -0.079 lock 0.33 move 0.017 period None frozen 0.80 pr 5.0 sat 0.276 dead 0.02 rate +0.019 (394 pts) rate_fs +0.019 (394 pts) d1 8.0e-07 | 71.0s
run39|step1|1|0.25|leak|52: level 0.803 slevel 0.151 static 0.428 c1 0.725 c50 0.422 fac1 0.517 fac50 -0.017 lock 0.00 move 0.747 period None frozen 0.01 pr 19.7 sat 0.157 dead 0.00 rate -0.029 (7 pts) rate_fs -0.029 (7 pts) d1 2.5e-07 | 9.2s
ex16|sig8_0|0|0.5|code|52: level 4.08 slevel 0.502 static 0.906 c1 0.992 c50 0.905 fac1 0.909 fac50 -0.024 lock 0.00 move 0.128 period None frozen 0.42 pr 11.8 sat 0.438 dead 0.02 rate +0.325 (22 pts) rate_fs +0.332 (29 pts) d1 1.6e-06 | 45.9s
run39|step1|1|0.5|code|52: level 0.804 slevel 0.155 static 0.473 c1 0.928 c50 0.453 fac1 0.859 fac50 -0.027 lock 0.00 move 0.382 period None frozen 0.03 pr 15.8 sat 0.157 dead 0.00 rate -0.213 (12 pts) rate_fs -0.213 (12 pts) d1 5.1e-07 | 9.9s
ex16|sig8_0|0|0.25|leak|52: level 2.03 slevel 0.515 static 0.920 c1 0.978 c50 0.923 fac1 0.718 fac50 -0.005 lock 0.00 move 0.212 period None frozen 0.44 pr 13.0 sat 0.391 dead 0.02 rate +0.325 (23 pts) rate_fs +0.316 (32 pts) d1 1.4e-06 | 51.0s
run39|step1|1|0.75|code|52: level 0.802 slevel 0.147 static 0.516 c1 0.988 c50 0.471 fac1 0.971 fac50 -0.067 lock 0.00 move 0.159 period None frozen 0.08 pr 11.3 sat 0.157 dead 0.00 rate -0.143 (31 pts) rate_fs -0.143 (31 pts) d1 7.5e-07 | 7.1s
run39|step1|1|0.5|leak|52: level 0.803 slevel 0.151 static 0.488 c1 0.929 c50 0.456 fac1 0.860 fac50 -0.044 lock 0.00 move 0.377 period None frozen 0.03 pr 15.8 sat 0.157 dead 0.00 rate -0.195 (11 pts) rate_fs -0.195 (11 pts) d1 5.0e-07 | 12.8s
ex16|sig8_0|0|0.75|code|52: level 8.16 slevel 0.496 static 0.903 c1 0.998 c50 0.896 fac1 0.978 fac50 -0.069 lock 0.00 move 0.0582 period None frozen 0.46 pr 9.0 sat 0.463 dead 0.02 rate +0.292 (27 pts) rate_fs +0.251 (41 pts) d1 1.5e-06 | 45.6s
run39|step1|1|0.75|leak|52: level 0.803 slevel 0.154 static 0.479 c1 0.987 c50 0.461 fac1 0.972 fac50 -0.050 lock 0.00 move 0.16 period None frozen 0.06 pr 11.4 sat 0.156 dead 0.00 rate -0.146 (32 pts) rate_fs -0.146 (32 pts) d1 7.6e-07 | 6.8s
ex16|sig8_0|0|0.5|leak|52: level 2.03 slevel 0.512 static 0.919 c1 0.995 c50 0.917 fac1 0.938 fac50 -0.041 lock 0.00 move 0.0991 period None frozen 0.47 pr 10.9 sat 0.391 dead 0.02 rate +0.175 (47 pts) rate_fs +0.174 (61 pts) d1 1.1e-06 | 52.5s
run39|step1|1|0.9|code|52: level 0.804 slevel 0.154 static 0.579 c1 0.999 c50 0.587 fac1 0.992 fac50 -0.023 lock 0.00 move 0.0537 period None frozen 0.18 pr 5.9 sat 0.160 dead 0.00 rate -0.052 (90 pts) rate_fs -0.052 (90 pts) d1 9.0e-07 | 5.9s
ex16|step1|1|0.0|code|52: level 0.776 slevel 0.153 static 0.258 c1 0.250 c50 0.250 fac1 -0.008 fac50 -0.003 lock 0.00 move 1.22 period None frozen 0.02 pr 20.0 sat 0.151 dead 0.02 rate None (0 pts) rate_fs None (0 pts) d1 0.0e+00 | 35.1s
run39|step1|0|0.0|code|52: level 1.97 slevel 0.339 static 0.564 c1 0.572 c50 0.562 fac1 -0.003 fac50 -0.009 lock 0.00 move 0.924 period None frozen 0.02 pr 21.7 sat 0.335 dead 0.00 rate None (0 pts) rate_fs None (0 pts) d1 0.0e+00 | 5.0s
run39|step1|0|0.25|code|52: level 2.66 slevel 0.374 static 0.765 c1 0.895 c50 0.767 fac1 0.550 fac50 -0.008 lock 0.00 move 0.449 period None frozen 0.15 pr 18.4 sat 0.373 dead 0.00 rate None (2 pts) rate_fs None (2 pts) d1 2.5e-07 | 5.1s
run39|step1|1|0.9|leak|52: level 0.803 slevel 0.155 static 0.518 c1 0.998 c50 0.445 fac1 0.993 fac50 -0.112 lock 0.00 move 0.0601 period None frozen 0.16 pr 6.6 sat 0.157 dead 0.00 rate -0.068 (102 pts) rate_fs -0.068 (102 pts) d1 9.0e-07 | 13.3s
ex16|step1|1|0.25|code|52: level 0.784 slevel 0.153 static 0.412 c1 0.706 c50 0.402 fac1 0.508 fac50 -0.009 lock 0.00 move 0.76 period None frozen 0.03 pr 18.0 sat 0.152 dead 0.02 rate -0.076 (13 pts) rate_fs -0.076 (13 pts) d1 2.6e-07 | 38.5s
ex16|sig8_0|0|0.9|code|52: level 20.5 slevel 0.491 static 0.916 c1 1.000 c50 0.914 fac1 0.993 fac50 -0.066 lock 0.00 move 0.0227 period None frozen 0.56 pr 5.5 sat 0.480 dead 0.02 rate +0.123 (66 pts) rate_fs +0.123 (89 pts) d1 1.3e-06 | 51.9s
ex16|step1|1|0.5|leak|52: level 0.752 slevel 0.150 static 0.457 c1 0.924 c50 0.443 fac1 0.857 fac50 -0.012 lock 0.00 move 0.388 period None frozen 0.05 pr 14.5 sat 0.143 dead 0.02 rate -0.142 (16 pts) rate_fs -0.142 (16 pts) d1 5.0e-07 | 32.7s
run39|step1|0|0.25|leak|52: level 1.81 slevel 0.320 static 0.698 c1 0.864 c50 0.696 fac1 0.551 fac50 -0.010 lock 0.00 move 0.51 period None frozen 0.10 pr 18.4 sat 0.320 dead 0.00 rate -0.417 (3 pts) rate_fs -0.417 (3 pts) d1 2.6e-07 | 6.6s
ex16|sig8_0|0|0.9|leak|52: level 2.03 slevel 0.513 static 0.928 c1 1.000 c50 0.931 fac1 0.995 fac50 0.004 lock 0.08 move 0.0147 period None frozen 0.63 pr 4.4 sat 0.391 dead 0.02 rate +0.040 (237 pts) rate_fs +0.039 (298 pts) d1 9.2e-07 | 52.5s
ex16|sig8_0|0|0.75|leak|52: level 2.03 slevel 0.515 static 0.927 c1 0.999 c50 0.922 fac1 0.986 fac50 -0.076 lock 0.00 move 0.0394 period None frozen 0.55 pr 8.0 sat 0.390 dead 0.02 rate +0.092 (93 pts) rate_fs +0.091 (119 pts) d1 9.2e-07 | 59.3s
ex16|step1|1|0.75|leak|52: level 0.751 slevel 0.149 static 0.472 c1 0.987 c50 0.450 fac1 0.972 fac50 -0.048 lock 0.00 move 0.161 period None frozen 0.08 pr 10.6 sat 0.143 dead 0.02 rate -0.168 (36 pts) rate_fs -0.168 (36 pts) d1 7.4e-07 | 30.8s
run39|step1|0|0.5|leak|52: level 1.79 slevel 0.311 static 0.724 c1 0.967 c50 0.715 fac1 0.880 fac50 -0.048 lock 0.00 move 0.254 period None frozen 0.14 pr 14.1 sat 0.318 dead 0.00 rate -0.413 (12 pts) rate_fs -0.413 (12 pts) d1 5.1e-07 | 6.7s
ex16|step1|1|0.9|code|52: level 0.793 slevel 0.159 static 0.574 c1 0.998 c50 0.538 fac1 0.992 fac50 -0.059 lock 0.00 move 0.058 period None frozen 0.19 pr 6.2 sat 0.155 dead 0.02 rate -0.071 (105 pts) rate_fs -0.071 (105 pts) d1 9.0e-07 | 28.8s
run39|step1|0|0.5|code|52: level 4.25 slevel 0.402 static 0.834 c1 0.979 c50 0.822 fac1 0.877 fac50 -0.051 lock 0.00 move 0.198 period None frozen 0.25 pr 14.0 sat 0.418 dead 0.00 rate -0.536 (7 pts) rate_fs -0.536 (7 pts) d1 5.1e-07 | 10.2s
run39|step1|0|0.75|code|52: level 8.98 slevel 0.451 static 0.868 c1 0.997 c50 0.853 fac1 0.976 fac50 -0.079 lock 0.00 move 0.0734 period None frozen 0.37 pr 9.5 sat 0.458 dead 0.00 rate -0.180 (31 pts) rate_fs -0.180 (31 pts) d1 7.5e-07 | 5.5s
ex16|step1|0|0.0|code|52: level 1.6 slevel 0.295 static 0.537 c1 0.531 c50 0.528 fac1 -0.002 fac50 -0.006 lock 0.00 move 0.952 period None frozen 0.03 pr 19.7 sat 0.288 dead 0.02 rate None (0 pts) rate_fs None (0 pts) d1 0.0e+00 | 24.1s
ex16|step1|0|0.25|code|52: level 2.2 slevel 0.343 static 0.760 c1 0.889 c50 0.758 fac1 0.536 fac50 -0.016 lock 0.00 move 0.462 period None frozen 0.15 pr 16.9 sat 0.336 dead 0.02 rate -3.904 (3 pts) rate_fs -3.904 (3 pts) d1 2.5e-07 | 24.7s
ex16|step1|1|0.5|code|52: level 0.79 slevel 0.154 static 0.457 c1 0.924 c50 0.446 fac1 0.858 fac50 -0.028 lock 0.00 move 0.39 period None frozen 0.04 pr 14.7 sat 0.153 dead 0.02 rate -0.122 (16 pts) rate_fs -0.122 (16 pts) d1 5.0e-07 | 47.3s
run39|step1|0|0.75|leak|52: level 1.79 slevel 0.316 static 0.738 c1 0.994 c50 0.724 fac1 0.975 fac50 -0.078 lock 0.00 move 0.105 period None frozen 0.21 pr 10.3 sat 0.317 dead 0.00 rate -0.135 (33 pts) rate_fs -0.135 (33 pts) d1 7.5e-07 | 6.8s
run39|step1|0|0.9|code|52: level 23 slevel 0.475 static 0.892 c1 1.000 c50 0.887 fac1 0.993 fac50 -0.053 lock 0.00 move 0.027 period None frozen 0.51 pr 6.1 sat 0.482 dead 0.00 rate -0.068 (92 pts) rate_fs -0.068 (92 pts) d1 9.0e-07 | 5.6s
run39|step1|0|0.9|leak|52: level 1.77 slevel 0.314 static 0.779 c1 0.999 c50 0.754 fac1 0.993 fac50 -0.137 lock 0.00 move 0.0406 period None frozen 0.32 pr 6.5 sat 0.317 dead 0.00 rate -0.074 (81 pts) rate_fs -0.074 (81 pts) d1 9.0e-07 | 7.1s
ex16|step1|1|0.25|leak|52: level 0.757 slevel 0.151 static 0.406 c1 0.702 c50 0.392 fac1 0.504 fac50 -0.012 lock 0.00 move 0.766 period None frozen 0.03 pr 17.8 sat 0.144 dead 0.02 rate -0.106 (9 pts) rate_fs -0.106 (9 pts) d1 2.6e-07 | 52.9s
run39|tri0.3|1|0.0|code|52: level 0.805 slevel 0.470 static 0.893 c1 0.891 c50 0.892 fac1 -0.023 fac50 -0.012 lock 0.00 move 0.471 period None frozen 0.40 pr 18.3 sat None dead 0.00 rate +0.475 (12 pts) rate_fs +0.527 (16 pts) d1 2.2e-06 | 7.1s
run39|tri0.3|1|0.25|code|52: level 0.803 slevel 0.466 static 0.949 c1 0.989 c50 0.948 fac1 0.785 fac50 -0.004 lock 0.00 move 0.153 period None frozen 0.58 pr 12.3 sat None dead 0.00 rate +0.598 (14 pts) rate_fs +0.490 (22 pts) d1 1.5e-06 | 7.3s
ex16|step1|0|0.25|leak|52: level 1.45 slevel 0.280 static 0.684 c1 0.853 c50 0.679 fac1 0.542 fac50 -0.014 lock 0.00 move 0.528 period None frozen 0.10 pr 17.1 sat 0.268 dead 0.02 rate -3.806 (3 pts) rate_fs -3.806 (3 pts) d1 2.5e-07 | 27.9s
ex16|step1|1|0.75|code|52: level 0.792 slevel 0.157 static 0.481 c1 0.988 c50 0.452 fac1 0.972 fac50 -0.043 lock 0.00 move 0.159 period None frozen 0.08 pr 10.6 sat 0.155 dead 0.02 rate -0.108 (42 pts) rate_fs -0.108 (42 pts) d1 7.5e-07 | 48.1s
run39|tri0.3|1|0.25|leak|52: level 0.803 slevel 0.466 static 0.947 c1 0.989 c50 0.946 fac1 0.797 fac50 -0.027 lock 0.00 move 0.151 period None frozen 0.57 pr 12.0 sat None dead 0.00 rate +0.297 (18 pts) rate_fs +0.371 (26 pts) d1 1.6e-06 | 8.6s
run39|tri0.3|1|0.5|code|52: level 0.803 slevel 0.466 static 0.943 c1 0.997 c50 0.940 fac1 0.954 fac50 -0.044 lock 0.00 move 0.0732 period None frozen 0.59 pr 10.0 sat None dead 0.00 rate +0.235 (29 pts) rate_fs +0.313 (37 pts) d1 1.3e-06 | 7.3s
ex16|step1|0|0.75|code|52: level 7.74 slevel 0.448 static 0.883 c1 0.997 c50 0.875 fac1 0.974 fac50 -0.076 lock 0.00 move 0.0719 period None frozen 0.42 pr 9.4 sat 0.443 dead 0.02 rate -0.205 (35 pts) rate_fs -0.205 (35 pts) d1 7.5e-07 | 24.6s
run39|tri0.3|1|0.5|leak|52: level 0.804 slevel 0.465 static 0.949 c1 0.998 c50 0.953 fac1 0.950 fac50 0.060 lock 0.00 move 0.072 period None frozen 0.62 pr 9.0 sat None dead 0.00 rate +0.284 (30 pts) rate_fs +0.271 (47 pts) d1 1.1e-06 | 8.9s
run39|tri0.3|1|0.75|code|52: level 0.803 slevel 0.465 static 0.954 c1 1.000 c50 0.945 fac1 0.988 fac50 -0.165 lock 0.00 move 0.0286 period None frozen 0.68 pr 6.7 sat None dead 0.00 rate +0.150 (62 pts) rate_fs +0.158 (81 pts) d1 3.2e-06 | 7.7s
ex16|step1|0|0.9|code|52: level 20.1 slevel 0.474 static 0.912 c1 1.000 c50 0.911 fac1 0.992 fac50 -0.042 lock 0.00 move 0.024 period None frozen 0.55 pr 5.3 sat 0.471 dead 0.02 rate -0.047 (116 pts) rate_fs -0.047 (116 pts) d1 9.0e-07 | 25.7s
run39|tri0.3|1|0.75|leak|52: level 0.803 slevel 0.462 static 0.960 c1 1.000 c50 0.955 fac1 0.987 fac50 -0.101 lock 0.00 move 0.0295 period None frozen 0.70 pr 7.3 sat None dead 0.00 rate +0.066 (115 pts) rate_fs +0.074 (154 pts) d1 8.9e-07 | 9.9s
ex16|step1|1|0.9|leak|52: level 0.748 slevel 0.148 static 0.515 c1 0.998 c50 0.493 fac1 0.992 fac50 -0.061 lock 0.00 move 0.06 period None frozen 0.18 pr 6.2 sat 0.142 dead 0.02 rate -0.072 (105 pts) rate_fs -0.072 (105 pts) d1 9.0e-07 | 56.4s
ex16|tri0.3|1|0.0|code|52: level 0.789 slevel 0.466 static 0.914 c1 0.915 c50 0.916 fac1 -0.006 fac50 0.006 lock 0.00 move 0.425 period None frozen 0.45 pr 15.6 sat None dead 0.02 rate None (0 pts) rate_fs +0.407 (3 pts) d1 2.0e-03 | 29.6s
ex16|step1|0|0.5|code|52: level 3.6 slevel 0.403 static 0.845 c1 0.980 c50 0.842 fac1 0.868 fac50 -0.030 lock 0.00 move 0.198 period None frozen 0.28 pr 13.3 sat 0.395 dead 0.02 rate -0.429 (12 pts) rate_fs -0.429 (12 pts) d1 5.0e-07 | 43.9s
run39|tri0.3|1|0.9|code|52: level 0.804 slevel 0.466 static 0.957 c1 1.000 c50 0.951 fac1 0.994 fac50 -0.100 lock 0.27 move 0.0112 period None frozen 0.74 pr 3.8 sat None dead 0.00 rate +0.040 (198 pts) rate_fs +0.039 (288 pts) d1 1.0e-06 | 9.5s
run39|tri0.3|0|0.0|code|52: level 3.25 slevel 0.469 static 0.884 c1 0.892 c50 0.885 fac1 0.027 fac50 -0.014 lock 0.00 move 0.466 period None frozen 0.33 pr 18.3 sat None dead 0.00 rate +0.773 (7 pts) rate_fs +0.803 (10 pts) d1 1.5e-06 | 6.6s
run39|tri0.3|1|0.9|leak|52: level 0.803 slevel 0.462 static 0.960 c1 1.000 c50 0.967 fac1 0.993 fac50 0.101 lock 0.69 move 0.00956 period None frozen 0.76 pr 3.7 sat None dead 0.00 rate +0.044 (226 pts) rate_fs +0.047 (287 pts) d1 1.1e-06 | 11.1s
run39|tri0.3|0|0.25|code|52: level 4.82 slevel 0.469 static 0.932 c1 0.987 c50 0.932 fac1 0.812 fac50 -0.010 lock 0.00 move 0.159 period None frozen 0.48 pr 12.0 sat None dead 0.00 rate +0.416 (3 pts) rate_fs +0.582 (9 pts) d1 2.7e-06 | 6.8s
ex16|tri0.3|1|0.25|leak|52: level 0.788 slevel 0.467 static 0.957 c1 0.991 c50 0.957 fac1 0.794 fac50 -0.012 lock 0.00 move 0.141 period None frozen 0.62 pr 11.4 sat None dead 0.02 rate None (0 pts) rate_fs +0.262 (8 pts) d1 1.5e-03 | 34.6s
ex16|step1|0|0.5|leak|52: level 1.43 slevel 0.277 static 0.710 c1 0.963 c50 0.698 fac1 0.875 fac50 -0.030 lock 0.00 move 0.261 period None frozen 0.14 pr 13.6 sat 0.265 dead 0.02 rate -0.736 (11 pts) rate_fs -0.736 (11 pts) d1 5.0e-07 | 51.1s
ex16|tri0.3|1|0.5|leak|52: level 0.788 slevel 0.468 static 0.960 c1 0.998 c50 0.958 fac1 0.951 fac50 -0.055 lock 0.00 move 0.0667 period None frozen 0.66 pr 9.3 sat None dead 0.02 rate +0.318 (3 pts) rate_fs +0.171 (18 pts) d1 1.0e-03 | 35.0s
run39|tri0.3|0|0.5|code|52: level 8.59 slevel 0.470 static 0.933 c1 0.997 c50 0.933 fac1 0.953 fac50 -0.043 lock 0.00 move 0.0738 period None frozen 0.53 pr 10.2 sat None dead 0.00 rate +0.242 (31 pts) rate_fs +0.232 (48 pts) d1 1.0e-06 | 7.3s
run39|tri0.3|0|0.25|leak|52: level 3.19 slevel 0.469 static 0.931 c1 0.987 c50 0.926 fac1 0.818 fac50 -0.050 lock 0.00 move 0.157 period None frozen 0.49 pr 11.6 sat None dead 0.00 rate +0.722 (11 pts) rate_fs +0.585 (17 pts) d1 2.0e-06 | 8.4s
ex16|step1|0|0.75|leak|52: level 1.42 slevel 0.276 static 0.716 c1 0.994 c50 0.687 fac1 0.975 fac50 -0.090 lock 0.00 move 0.108 period None frozen 0.21 pr 9.9 sat 0.261 dead 0.02 rate -0.157 (38 pts) rate_fs -0.157 (38 pts) d1 7.5e-07 | 51.8s
ex16|step1|0|0.9|leak|52: level 1.43 slevel 0.280 static 0.742 c1 0.999 c50 0.745 fac1 0.993 fac50 -0.012 lock 0.00 move 0.039 period None frozen 0.32 pr 5.5 sat 0.265 dead 0.02 rate -0.060 (117 pts) rate_fs -0.060 (117 pts) d1 9.0e-07 | 54.2s
run39|tri0.3|0|0.5|leak|52: level 3.2 slevel 0.460 static 0.933 c1 0.997 c50 0.926 fac1 0.955 fac50 -0.090 lock 0.00 move 0.073 period None frozen 0.54 pr 9.6 sat None dead 0.00 rate +0.604 (14 pts) rate_fs +0.383 (26 pts) d1 1.3e-06 | 8.4s
run39|tri0.3|0|0.75|code|52: level 23.2 slevel 0.468 static 0.932 c1 1.000 c50 0.931 fac1 0.990 fac50 -0.094 lock 0.00 move 0.0276 period None frozen 0.58 pr 6.5 sat None dead 0.00 rate +0.097 (110 pts) rate_fs +0.096 (148 pts) d1 8.3e-07 | 8.1s
ex16|tri0.3|1|0.75|leak|52: level 0.787 slevel 0.468 static 0.965 c1 1.000 c50 0.961 fac1 0.988 fac50 -0.067 lock 0.01 move 0.0272 period None frozen 0.73 pr 6.9 sat None dead 0.02 rate +0.077 (22 pts) rate_fs +0.079 (55 pts) d1 5.2e-04 | 37.8s
ex16|tri0.3|1|0.9|code|52: level 0.789 slevel 0.465 static 0.973 c1 1.000 c50 0.973 fac1 0.994 fac50 -0.027 lock 0.86 move 0.0117 period None frozen 0.80 pr 4.2 sat None dead 0.02 rate +0.033 (66 pts) rate_fs +0.029 (157 pts) d1 2.0e-04 | 38.7s
ex16|tri0.3|1|0.25|code|52: level 0.789 slevel 0.466 static 0.954 c1 0.991 c50 0.954 fac1 0.800 fac50 -0.018 lock 0.00 move 0.146 period None frozen 0.62 pr 11.4 sat None dead 0.02 rate None (1 pts) rate_fs +0.259 (10 pts) d1 1.6e-03 | 56.2s
run39|tri0.3|0|0.9|code|52: level 85.3 slevel 0.472 static 0.952 c1 1.000 c50 0.959 fac1 0.994 fac50 -0.016 lock 0.37 move 0.0105 period None frozen 0.69 pr 4.4 sat None dead 0.00 rate +0.060 (181 pts) rate_fs +0.051 (256 pts) d1 9.2e-07 | 8.9s
ex16|tri0.3|1|0.5|code|52: level 0.79 slevel 0.466 static 0.960 c1 0.998 c50 0.958 fac1 0.950 fac50 -0.050 lock 0.00 move 0.0734 period None frozen 0.66 pr 9.7 sat None dead 0.02 rate +0.316 (5 pts) rate_fs +0.185 (20 pts) d1 1.0e-03 | 56.3s
ex16|tri0.3|1|0.9|leak|52: level 0.788 slevel 0.465 static 0.965 c1 1.000 c50 0.968 fac1 0.995 fac50 0.072 lock 0.79 move 0.0103 period None frozen 0.77 pr 3.8 sat None dead 0.02 rate +0.039 (55 pts) rate_fs +0.034 (138 pts) d1 2.0e-04 | 44.6s
ex16|tri0.3|0|0.5|code|52: level 7.14 slevel 0.465 static 0.953 c1 0.998 c50 0.952 fac1 0.956 fac50 -0.050 lock 0.00 move 0.0616 period None frozen 0.59 pr 9.1 sat None dead 0.02 rate None (2 pts) rate_fs +0.139 (19 pts) d1 8.9e-04 | 30.1s
run39|tri0.3|0|0.9|leak|52: level 3.18 slevel 0.469 static 0.949 c1 1.000 c50 0.958 fac1 0.994 fac50 0.076 lock 0.29 move 0.0107 period None frozen 0.67 pr 4.0 sat None dead 0.00 rate +0.033 (260 pts) rate_fs +0.034 (332 pts) d1 9.6e-07 | 11.1s
ex16|tri0.3|0|0.25|leak|52: level 2.65 slevel 0.463 static 0.953 c1 0.991 c50 0.951 fac1 0.804 fac50 -0.042 lock 0.00 move 0.135 period None frozen 0.56 pr 11.8 sat None dead 0.02 rate None (0 pts) rate_fs +0.267 (9 pts) d1 1.3e-03 | 33.9s
run39|tri0.3|0|0.75|leak|52: level 3.2 slevel 0.466 static 0.945 c1 1.000 c50 0.943 fac1 0.989 fac50 -0.005 lock 0.00 move 0.0293 period None frozen 0.61 pr 6.8 sat None dead 0.00 rate +0.131 (70 pts) rate_fs +0.115 (108 pts) d1 8.4e-07 | 17.0s
run39|tri0.7|1|0.0|code|52: level 0.801 slevel 0.399 static 0.922 c1 0.921 c50 0.924 fac1 -0.031 fac50 -0.008 lock 0.00 move 0.402 period None frozen 0.46 pr 17.3 sat None dead 0.00 rate +0.183 (46 pts) rate_fs +0.159 (69 pts) d1 1.3e-06 | 7.7s
ex16|tri0.3|1|0.75|code|52: level 0.79 slevel 0.468 static 0.960 c1 1.000 c50 0.958 fac1 0.989 fac50 -0.066 lock 0.01 move 0.0322 period None frozen 0.71 pr 7.0 sat None dead 0.02 rate +0.088 (21 pts) rate_fs +0.071 (59 pts) d1 5.2e-04 | 60.9s
run39|tri0.7|1|0.25|code|52: level 0.798 slevel 0.396 static 0.984 c1 0.999 c50 0.986 fac1 0.904 fac50 0.082 lock 0.00 move 0.0683 period None frozen 0.75 pr 8.9 sat None dead 0.00 rate +0.045 (193 pts) rate_fs +0.041 (301 pts) d1 1.2e-06 | 9.9s
ex16|tri0.3|0|0.75|code|52: level 19.2 slevel 0.463 static 0.957 c1 1.000 c50 0.953 fac1 0.989 fac50 -0.114 lock 0.01 move 0.0248 period None frozen 0.66 pr 7.0 sat None dead 0.02 rate +0.104 (20 pts) rate_fs +0.071 (59 pts) d1 4.4e-04 | 32.5s
ex16|tri0.3|0|0.0|code|52: level 2.68 slevel 0.465 static 0.914 c1 0.915 c50 0.915 fac1 -0.009 fac50 0.002 lock 0.00 move 0.411 period None frozen 0.41 pr 15.6 sat None dead 0.02 rate None (0 pts) rate_fs +0.454 (3 pts) d1 1.8e-03 | 51.4s
run39|tri0.7|1|0.25|leak|52: level 0.799 slevel 0.394 static 0.978 c1 0.998 c50 0.977 fac1 0.921 fac50 0.008 lock 0.00 move 0.07 period None frozen 0.73 pr 8.4 sat None dead 0.00 rate +0.047 (200 pts) rate_fs +0.043 (273 pts) d1 9.2e-07 | 11.6s
ex16|tri0.3|0|0.25|code|52: level 4 slevel 0.462 static 0.955 c1 0.991 c50 0.953 fac1 0.795 fac50 -0.028 lock 0.00 move 0.134 period None frozen 0.56 pr 11.9 sat None dead 0.02 rate None (1 pts) rate_fs +0.298 (9 pts) d1 1.3e-03 | 53.2s
run39|tri0.7|1|0.5|code|52: level 0.799 slevel 0.399 static 0.975 c1 1.000 c50 0.966 fac1 0.986 fac50 -0.252 lock 0.00 move 0.0327 period None frozen 0.75 pr 5.7 sat None dead 0.00 rate +0.023 (394 pts) rate_fs +0.023 (394 pts) d1 7.8e-07 | 17.9s
run39|tri0.7|1|0.75|code|52: level 0.798 slevel 0.399 static 0.988 c1 1.000 c50 0.986 fac1 0.994 fac50 -0.136 lock 0.90 move 0.0125 period None frozen 0.85 pr 4.3 sat None dead 0.00 rate +0.011 (394 pts) rate_fs +0.011 (394 pts) d1 8.2e-07 | 9.8s
ex16|tri0.3|0|0.9|code|52: level 70.7 slevel 0.462 static 0.965 c1 1.000 c50 0.969 fac1 0.995 fac50 0.020 lock 0.72 move 0.00924 period None frozen 0.74 pr 4.1 sat None dead 0.02 rate +0.049 (48 pts) rate_fs +0.035 (132 pts) d1 1.8e-04 | 35.1s
run39|tri0.7|1|0.75|leak|52: level 0.799 slevel 0.399 static 0.976 c1 1.000 c50 0.970 fac1 0.995 fac50 -0.146 lock 0.57 move 0.0137 period None frozen 0.78 pr 4.0 sat None dead 0.00 rate +0.009 (394 pts) rate_fs +0.009 (394 pts) d1 8.1e-07 | 11.5s
run39|tri0.7|1|0.5|leak|52: level 0.798 slevel 0.397 static 0.983 c1 1.000 c50 0.983 fac1 0.983 fac50 -0.079 lock 0.00 move 0.03 period None frozen 0.78 pr 5.5 sat None dead 0.00 rate +0.026 (354 pts) rate_fs +0.026 (394 pts) d1 7.7e-07 | 21.2s
ex16|tri0.3|0|0.9|leak|52: level 2.65 slevel 0.461 static 0.967 c1 1.000 c50 0.969 fac1 0.995 fac50 0.060 lock 0.79 move 0.00901 period None frozen 0.75 pr 3.9 sat None dead 0.02 rate +0.033 (66 pts) rate_fs +0.031 (154 pts) d1 1.8e-04 | 43.0s
run39|tri0.7|1|0.9|leak|52: level 0.799 slevel 0.401 static 0.974 c1 1.000 c50 0.985 fac1 0.993 fac50 0.265 lock 0.94 move 0.0055 period None frozen 0.80 pr 2.5 sat None dead 0.00 rate +0.007 (394 pts) rate_fs +0.007 (394 pts) d1 9.1e-07 | 11.4s
run39|tri0.7|1|0.9|code|52: level 0.797 slevel 0.393 static 0.980 c1 1.000 c50 0.991 fac1 0.995 fac50 0.388 lock 0.94 move 0.00502 period None frozen 0.85 pr 2.1 sat None dead 0.00 rate +0.003 (394 pts) rate_fs +0.003 (394 pts) d1 9.0e-07 | 18.0s
ex16|tri0.3|0|0.5|leak|52: level 2.65 slevel 0.463 static 0.954 c1 0.998 c50 0.954 fac1 0.955 fac50 -0.023 lock 0.00 move 0.0618 period None frozen 0.60 pr 9.4 sat None dead 0.02 rate None (2 pts) rate_fs +0.134 (19 pts) d1 8.9e-04 | 65.6s
ex16|tri0.7|1|0.5|code|52: level 0.789 slevel 0.386 static 0.993 c1 1.000 c50 0.992 fac1 0.985 fac50 -0.122 lock 0.18 move 0.0418 period None frozen 0.86 pr 7.0 sat None dead 0.02 rate +0.026 (336 pts) rate_fs +0.026 (394 pts) d1 3.9e-06 | 39.3s
run39|tri0.7|0|0.25|code|52: level 58 slevel 0.395 static 0.986 c1 0.999 c50 0.984 fac1 0.949 fac50 -0.162 lock 0.00 move 0.0347 period None frozen 0.78 pr 6.3 sat None dead 0.00 rate +0.031 (315 pts) rate_fs +0.030 (394 pts) d1 9.0e-07 | 9.5s
run39|tri0.7|0|0.0|code|52: level 22.2 slevel 0.397 static 0.974 c1 0.974 c50 0.976 fac1 -0.054 fac50 0.037 lock 0.00 move 0.227 period None frozen 0.66 pr 15.3 sat None dead 0.00 rate +0.117 (68 pts) rate_fs +0.110 (98 pts) d1 1.2e-06 | 17.3s
ex16|tri0.3|0|0.75|leak|52: level 2.64 slevel 0.464 static 0.956 c1 1.000 c50 0.952 fac1 0.989 fac50 -0.090 lock 0.01 move 0.0266 period None frozen 0.66 pr 7.0 sat None dead 0.02 rate +0.116 (16 pts) rate_fs +0.069 (57 pts) d1 4.4e-04 | 66.4s
ex16|tri0.7|1|0.25|leak|52: level 0.788 slevel 0.385 static 0.990 c1 0.999 c50 0.989 fac1 0.940 fac50 -0.084 lock 0.00 move 0.0581 period None frozen 0.82 pr 8.9 sat None dead 0.02 rate +0.037 (208 pts) rate_fs +0.034 (318 pts) d1 5.9e-06 | 45.2s
ex16|tri0.7|1|0.5|leak|52: level 0.787 slevel 0.386 static 0.993 c1 1.000 c50 0.995 fac1 0.984 fac50 0.172 lock 0.09 move 0.0302 period None frozen 0.86 pr 7.0 sat None dead 0.02 rate +0.022 (373 pts) rate_fs +0.022 (394 pts) d1 3.9e-06 | 45.3s
ex16|tri0.7|1|0.75|code|52: level 0.79 slevel 0.388 static 0.990 c1 1.000 c50 0.992 fac1 0.995 fac50 0.123 lock 0.98 move 0.02 period None frozen 0.87 pr 3.4 sat None dead 0.02 rate +0.010 (394 pts) rate_fs +0.010 (394 pts) d1 2.1e-06 | 39.6s
run39|tri0.7|0|0.5|code|52: level 223 slevel 0.395 static 0.987 c1 1.000 c50 0.984 fac1 0.988 fac50 -0.215 lock 0.00 move 0.0134 period None frozen 0.81 pr 4.3 sat None dead 0.00 rate +0.017 (394 pts) rate_fs +0.017 (394 pts) d1 8.2e-07 | 9.5s
ex16|tri0.7|1|0.0|code|52: level 0.788 slevel 0.388 static 0.958 c1 0.958 c50 0.958 fac1 -0.002 fac50 0.009 lock 0.00 move 0.306 period None frozen 0.59 pr 14.9 sat None dead 0.02 rate +0.132 (55 pts) rate_fs +0.124 (81 pts) d1 7.8e-06 | 63.5s
run39|tri0.7|0|0.75|code|52: level 2.25e+03 slevel 0.394 static 0.988 c1 1.000 c50 0.991 fac1 0.996 fac50 0.153 lock 1.00 move 0.00543 period None frozen 0.85 pr 3.3 sat None dead 0.00 rate +0.008 (394 pts) rate_fs +0.008 (394 pts) d1 8.0e-07 | 9.6s
run39|tri0.7|0|0.25|leak|52: level 22.2 slevel 0.395 static 0.985 c1 0.999 c50 0.982 fac1 0.955 fac50 -0.168 lock 0.00 move 0.0337 period None frozen 0.78 pr 5.9 sat None dead 0.00 rate +0.048 (218 pts) rate_fs +0.035 (378 pts) d1 9.0e-07 | 20.7s
ex16|tri0.7|0|0.0|code|52: level 14.4 slevel 0.379 static 0.973 c1 0.974 c50 0.974 fac1 -0.010 fac50 0.003 lock 0.00 move 0.229 period None frozen 0.63 pr 14.5 sat None dead 0.02 rate +0.138 (48 pts) rate_fs +0.117 (78 pts) d1 7.0e-06 | 37.7s
run39|tri0.7|0|0.75|leak|52: level 22.2 slevel 0.395 static 0.990 c1 1.000 c50 0.993 fac1 0.993 fac50 0.152 lock 1.00 move 0.00597 period None frozen 0.84 pr 3.5 sat None dead 0.00 rate +0.015 (394 pts) rate_fs +0.015 (394 pts) d1 8.1e-07 | 11.2s
ex16|tri0.7|1|0.9|leak|52: level 0.787 slevel 0.390 static 0.993 c1 1.000 c50 0.997 fac1 0.993 fac50 0.381 lock 0.99 move 0.0049 period None frozen 0.91 pr 2.1 sat None dead 0.02 rate +0.005 (394 pts) rate_fs +0.005 (394 pts) d1 1.2e-06 | 45.2s
run39|tri0.7|0|0.5|leak|52: level 22.2 slevel 0.396 static 0.987 c1 1.000 c50 0.984 fac1 0.987 fac50 -0.269 lock 0.00 move 0.0132 period None frozen 0.82 pr 4.3 sat None dead 0.00 rate +0.016 (394 pts) rate_fs +0.016 (394 pts) d1 7.8e-07 | 21.0s
run39|tri0.7|0|0.9|code|52: level 4.77e+04 slevel 0.393 static 0.991 c1 1.000 c50 0.997 fac1 0.994 fac50 0.460 lock 1.00 move 0.00177 period None frozen 0.90 pr 1.7 sat None dead 0.00 rate +0.006 (394 pts) rate_fs +0.006 (394 pts) d1 9.1e-07 | 9.7s
ex16|tri0.7|1|0.25|code|52: level 0.789 slevel 0.386 static 0.989 c1 0.999 c50 0.988 fac1 0.947 fac50 -0.047 lock 0.00 move 0.0673 period None frozen 0.80 pr 8.6 sat None dead 0.02 rate +0.037 (221 pts) rate_fs +0.035 (313 pts) d1 5.9e-06 | 72.3s
ex16|tri0.7|0|0.25|code|52: level 37.4 slevel 0.378 static 0.988 c1 1.000 c50 0.988 fac1 0.957 fac50 -0.025 lock 0.00 move 0.0307 period None frozen 0.78 pr 8.6 sat None dead 0.02 rate +0.052 (161 pts) rate_fs +0.036 (288 pts) d1 5.3e-06 | 38.6s
run39|raw|1|0.0|code|52: level 0.804 slevel 0.000 static 0.002 c1 -0.153 c50 0.591 fac1 -0.151 fac50 0.493 lock 0.00 move 1.52 period None frozen 0.00 pr 4.7 sat None dead 0.00 rate +0.003 (394 pts) rate_fs +0.003 (394 pts) d1 9.8e-07 | 4.5s
run39|raw|1|0.25|code|52: level 0.803 slevel 0.000 static 0.003 c1 0.995 c50 -0.549 fac1 0.992 fac50 -0.458 lock 0.00 move 0.103 period None frozen 0.05 pr 2.1 sat None dead 0.00 rate +0.002 (394 pts) rate_fs +0.002 (394 pts) d1 8.1e-07 | 4.5s
run39|tri0.7|0|0.9|leak|52: level 22.3 slevel 0.393 static 0.991 c1 1.000 c50 0.995 fac1 0.994 fac50 0.232 lock 1.00 move 0.00252 period None frozen 0.88 pr 2.7 sat None dead 0.00 rate +0.005 (394 pts) rate_fs +0.005 (394 pts) d1 9.1e-07 | 11.3s
run39|raw|1|0.25|leak|52: level 0.803 slevel 0.000 static 0.003 c1 0.995 c50 -0.549 fac1 0.992 fac50 -0.458 lock 0.00 move 0.103 period None frozen 0.05 pr 2.1 sat None dead 0.00 rate -0.001 (394 pts) rate_fs -0.001 (394 pts) d1 8.1e-07 | 6.3s
run39|raw|1|0.5|code|52: level 0.802 slevel 0.000 static 0.016 c1 0.998 c50 -0.839 fac1 0.995 fac50 -0.703 lock 0.00 move 0.0656 period None frozen 0.05 pr 2.1 sat None dead 0.00 rate -0.001 (394 pts) rate_fs -0.001 (394 pts) d1 7.2e-07 | 4.6s
ex16|tri0.7|0|0.5|code|52: level 144 slevel 0.380 static 0.988 c1 1.000 c50 0.987 fac1 0.987 fac50 -0.159 lock 0.03 move 0.0145 period None frozen 0.81 pr 5.6 sat None dead 0.02 rate +0.024 (308 pts) rate_fs +0.024 (394 pts) d1 3.6e-06 | 38.6s
run39|raw|1|0.5|leak|52: level 0.802 slevel 0.000 static 0.016 c1 0.998 c50 -0.840 fac1 0.995 fac50 -0.703 lock 0.00 move 0.0656 period None frozen 0.05 pr 2.1 sat None dead 0.00 rate -0.001 (394 pts) rate_fs -0.001 (394 pts) d1 7.3e-07 | 6.6s
run39|raw|1|0.75|code|52: level 0.802 slevel 0.000 static 0.029 c1 1.000 c50 0.244 fac1 0.997 fac50 0.228 lock 0.00 move 0.0317 period None frozen 0.05 pr 2.1 sat None dead 0.00 rate -0.000 (394 pts) rate_fs -0.000 (394 pts) d1 8.0e-07 | 4.8s
ex16|tri0.7|0|0.75|code|52: level 1.45e+03 slevel 0.378 static 0.989 c1 1.000 c50 0.990 fac1 0.995 fac50 0.000 lock 0.99 move 0.00544 period None frozen 0.84 pr 4.2 sat None dead 0.02 rate +0.013 (394 pts) rate_fs +0.013 (394 pts) d1 1.9e-06 | 38.9s
ex16|raw|1|0.0|code|52: level 0.79 slevel 0.000 static 0.023 c1 -0.049 c50 0.457 fac1 -0.086 fac50 0.376 lock 0.00 move 1.45 period None frozen 0.01 pr 5.7 sat None dead 0.02 rate +0.001 (394 pts) rate_fs +0.001 (394 pts) d1 9.8e-07 | 22.5s
ex16|tri0.7|1|0.9|code|52: level 0.789 slevel 0.389 static 0.996 c1 1.000 c50 0.998 fac1 0.994 fac50 0.325 lock 0.99 move 0.00783 period None frozen 0.93 pr 2.4 sat None dead 0.02 rate +0.004 (394 pts) rate_fs +0.004 (394 pts) d1 1.2e-06 | 71.9s
run39|raw|1|0.9|code|52: level 0.803 slevel 0.004 static 0.469 c1 1.000 c50 0.844 fac1 0.992 fac50 0.457 lock 0.00 move 0.0117 period None frozen 0.23 pr 1.6 sat None dead 0.00 rate +0.001 (394 pts) rate_fs +0.001 (394 pts) d1 9.1e-07 | 4.6s
run39|raw|1|0.75|leak|52: level 0.802 slevel 0.000 static 0.038 c1 1.000 c50 0.221 fac1 0.997 fac50 0.203 lock 0.00 move 0.0314 period None frozen 0.05 pr 2.1 sat None dead 0.00 rate +0.000 (394 pts) rate_fs +0.000 (394 pts) d1 8.0e-07 | 6.5s
ex16|raw|0|0.0|code|52: DIVERGED at step 50
run39|raw|0|0.0|code|52: DIVERGED at step 50
ex16|raw|0|0.25|code|52: DIVERGED at step 50
run39|raw|0|0.25|code|52: DIVERGED at step 50
ex16|raw|0|0.25|leak|52: DIVERGED at step 60
ex16|raw|1|0.5|code|52: level 0.791 slevel 0.004 static 0.268 c1 0.998 c50 0.108 fac1 0.994 fac50 -0.178 lock 0.00 move 0.0668 period None frozen 0.06 pr 3.8 sat None dead 0.02 rate +0.002 (394 pts) rate_fs +0.002 (394 pts) d1 7.1e-07 | 23.4s
run39|raw|0|0.25|leak|52: DIVERGED at step 60
run39|raw|0|0.5|code|52: DIVERGED at step 50
ex16|raw|0|0.5|code|52: DIVERGED at step 50
run39|raw|0|0.5|leak|52: DIVERGED at step 70
ex16|tri0.7|0|0.75|leak|52: level 14.3 slevel 0.379 static 0.990 c1 1.000 c50 0.991 fac1 0.996 fac50 0.076 lock 0.99 move 0.00527 period None frozen 0.85 pr 3.6 sat None dead 0.02 rate +0.012 (394 pts) rate_fs +0.012 (394 pts) d1 1.9e-06 | 44.4s
run39|raw|0|0.75|code|52: DIVERGED at step 50
ex16|raw|0|0.5|leak|52: DIVERGED at step 80
ex16|tri0.7|1|0.75|leak|52: level 0.787 slevel 0.387 static 0.985 c1 1.000 c50 0.987 fac1 0.994 fac50 0.047 lock 0.96 move 0.0135 period None frozen 0.83 pr 4.1 sat None dead 0.02 rate +0.013 (394 pts) rate_fs +0.013 (394 pts) d1 2.1e-06 | 82.6s
ex16|raw|0|0.75|code|52: DIVERGED at step 50
run39|raw|0|0.9|code|52: DIVERGED at step 50
run39|raw|0|0.75|leak|52: DIVERGED at step 120
ex16|raw|0|0.9|code|52: DIVERGED at step 50
run39|raw|1|0.9|leak|52: level 0.804 slevel 0.004 static 0.455 c1 1.000 c50 0.837 fac1 0.993 fac50 0.470 lock 0.00 move 0.0123 period None frozen 0.26 pr 1.6 sat None dead 0.00 rate +0.000 (394 pts) rate_fs +0.000 (394 pts) d1 9.0e-07 | 6.4s
run39|raw|0|0.9|leak|52: DIVERGED at step 240
ex16|raw|0|0.75|leak|52: DIVERGED at step 130
ex16|raw|0|0.9|leak|52: DIVERGED at step 270
ex16|raw|1|0.75|code|52: level 0.793 slevel 0.005 static 0.351 c1 1.000 c50 0.559 fac1 0.996 fac50 0.266 lock 0.00 move 0.0307 period None frozen 0.19 pr 2.8 sat None dead 0.02 rate +0.005 (394 pts) rate_fs +0.005 (394 pts) d1 8.0e-07 | 23.4s
run39|relu|1|0.0|code|52: level 0.801 slevel 0.323 static 0.863 c1 0.876 c50 0.891 fac1 0.030 fac50 0.157 lock 0.00 move 0.518 period None frozen 0.35 pr 12.7 sat None dead 0.00 rate +0.061 (143 pts) rate_fs +0.061 (187 pts) d1 1.2e-06 | 4.4s
ex16|raw|1|0.5|leak|52: level 0.79 slevel 0.004 static 0.276 c1 0.998 c50 0.122 fac1 0.994 fac50 -0.138 lock 0.00 move 0.0573 period None frozen 0.05 pr 3.9 sat None dead 0.02 rate +0.002 (394 pts) rate_fs +0.002 (394 pts) d1 7.2e-07 | 29.3s
run39|relu|1|0.25|code|52: level 0.799 slevel 0.316 static 0.974 c1 0.996 c50 0.965 fac1 0.838 fac50 -0.364 lock 0.00 move 0.0999 period None frozen 0.77 pr 3.1 sat None dead 0.00 rate +0.006 (394 pts) rate_fs +0.006 (394 pts) d1 8.3e-07 | 8.9s
ex16|raw|1|0.25|code|52: level 0.791 slevel 0.004 static 0.269 c1 0.992 c50 0.041 fac1 0.986 fac50 -0.259 lock 0.00 move 0.141 period None frozen 0.04 pr 5.5 sat None dead 0.02 rate +0.008 (394 pts) rate_fs +0.008 (394 pts) d1 8.0e-07 | 40.1s
run39|relu|1|0.25|leak|52: level 0.799 slevel 0.317 static 0.975 c1 0.996 c50 0.966 fac1 0.837 fac50 -0.402 lock 0.00 move 0.0996 period None frozen 0.78 pr 3.0 sat None dead 0.00 rate +0.003 (394 pts) rate_fs +0.003 (394 pts) d1 8.3e-07 | 7.0s
run39|relu|1|0.5|code|52: level 0.8 slevel 0.315 static 0.967 c1 1.000 c50 0.980 fac1 0.987 fac50 0.344 lock 0.00 move 0.0321 period None frozen 0.77 pr 2.6 sat None dead 0.00 rate +0.006 (394 pts) rate_fs +0.006 (394 pts) d1 7.3e-07 | 5.3s
ex16|raw|1|0.9|code|52: level 0.794 slevel 0.007 static 0.555 c1 1.000 c50 0.853 fac1 0.994 fac50 0.467 lock 0.19 move 0.0139 period None frozen 0.35 pr 1.8 sat None dead 0.02 rate +0.001 (394 pts) rate_fs +0.001 (394 pts) d1 9.1e-07 | 23.4s
ex16|raw|1|0.75|leak|52: level 0.791 slevel 0.004 static 0.212 c1 1.000 c50 0.467 fac1 0.996 fac50 0.260 lock 0.00 move 0.0278 period None frozen 0.11 pr 2.9 sat None dead 0.02 rate +0.003 (394 pts) rate_fs +0.003 (394 pts) d1 7.9e-07 | 29.6s
run39|relu|1|0.75|code|52: level 0.799 slevel 0.315 static 0.968 c1 1.000 c50 0.950 fac1 0.994 fac50 -0.463 lock 0.45 move 0.0134 period None frozen 0.79 pr 2.9 sat None dead 0.00 rate +0.000 (394 pts) rate_fs +0.000 (394 pts) d1 8.0e-07 | 5.2s
ex16|tri0.7|0|0.25|leak|52: level 14.3 slevel 0.380 static 0.985 c1 0.999 c50 0.988 fac1 0.958 fac50 0.189 lock 0.00 move 0.033 period None frozen 0.75 pr 7.9 sat None dead 0.02 rate +0.043 (168 pts) rate_fs +0.041 (254 pts) d1 5.3e-06 | 79.7s
run39|relu|1|0.75|leak|52: level 0.799 slevel 0.314 static 0.974 c1 1.000 c50 0.965 fac1 0.996 fac50 -0.255 lock 0.84 move 0.0118 period None frozen 0.80 pr 3.7 sat None dead 0.00 rate +0.002 (394 pts) rate_fs +0.002 (394 pts) d1 8.0e-07 | 7.1s
run39|relu|1|0.5|leak|52: level 0.8 slevel 0.314 static 0.966 c1 1.000 c50 0.978 fac1 0.988 fac50 0.299 lock 0.00 move 0.0309 period None frozen 0.73 pr 3.8 sat None dead 0.00 rate +0.005 (394 pts) rate_fs +0.005 (394 pts) d1 7.4e-07 | 13.1s
ex16|tri0.7|0|0.9|leak|52: level 14.2 slevel 0.379 static 0.994 c1 1.000 c50 0.996 fac1 0.996 fac50 0.281 lock 0.99 move 0.00211 period None frozen 0.91 pr 2.5 sat None dead 0.02 rate +0.007 (394 pts) rate_fs +0.007 (394 pts) d1 1.1e-06 | 61.1s
ex16|relu|0|0.0|code|52: DIVERGED at step 70
run39|relu|0|0.0|code|52: DIVERGED at step 70
ex16|relu|1|0.25|code|52: level 0.791 slevel 0.318 static 0.943 c1 0.996 c50 0.941 fac1 0.927 fac50 -0.049 lock 0.00 move 0.108 period None frozen 0.58 pr 9.9 sat None dead 0.02 rate +0.020 (394 pts) rate_fs +0.020 (394 pts) d1 8.2e-07 | 25.2s
ex16|raw|1|0.25|leak|52: level 0.791 slevel 0.003 static 0.168 c1 0.991 c50 -0.030 fac1 0.986 fac50 -0.218 lock 0.00 move 0.135 period None frozen 0.02 pr 5.6 sat None dead 0.02 rate +0.008 (394 pts) rate_fs +0.008 (394 pts) d1 8.1e-07 | 53.6s
run39|relu|0|0.25|code|52: DIVERGED at step 60
ex16|relu|0|0.25|code|52: DIVERGED at step 60
run39|relu|0|0.25|leak|52: DIVERGED at step 80
ex16|tri0.7|0|0.9|code|52: level 3.09e+04 slevel 0.378 static 0.994 c1 1.000 c50 0.997 fac1 0.994 fac50 0.313 lock 0.99 move 0.00188 period None frozen 0.90 pr 2.5 sat None dead 0.02 rate +0.004 (394 pts) rate_fs +0.004 (394 pts) d1 1.1e-06 | 67.7s
run39|relu|0|0.5|code|52: DIVERGED at step 60
ex16|relu|0|0.5|code|52: DIVERGED at step 60
run39|relu|0|0.5|leak|52: DIVERGED at step 100
ex16|tri0.7|0|0.5|leak|52: level 14.3 slevel 0.378 static 0.988 c1 1.000 c50 0.987 fac1 0.988 fac50 -0.070 lock 0.03 move 0.0142 period None frozen 0.80 pr 6.4 sat None dead 0.02 rate +0.030 (262 pts) rate_fs +0.028 (366 pts) d1 3.6e-06 | 80.9s
run39|relu|0|0.75|code|52: DIVERGED at step 60
ex16|relu|0|0.75|code|52: DIVERGED at step 60
run39|relu|0|0.75|leak|52: DIVERGED at step 170
run39|relu|0|0.9|code|52: DIVERGED at step 50
ex16|relu|0|0.25|leak|52: DIVERGED at step 80
ex16|relu|0|0.9|code|52: DIVERGED at step 60
ex16|relu|0|0.5|leak|52: DIVERGED at step 110
ex16|relu|1|0.5|code|52: level 0.792 slevel 0.319 static 0.958 c1 1.000 c50 0.952 fac1 0.987 fac50 -0.149 lock 0.00 move 0.0489 period None frozen 0.69 pr 6.2 sat None dead 0.02 rate +0.016 (394 pts) rate_fs +0.016 (394 pts) d1 7.2e-07 | 25.6s
run39|relu|1|0.9|code|52: level 0.799 slevel 0.317 static 0.983 c1 1.000 c50 0.992 fac1 0.994 fac50 0.344 lock 0.94 move 0.00431 period None frozen 0.87 pr 2.4 sat None dead 0.00 rate +0.001 (394 pts) rate_fs +0.001 (394 pts) d1 9.0e-07 | 9.6s
run39|relu|0|0.9|leak|52: DIVERGED at step 380
ex16|relu|0|0.75|leak|52: DIVERGED at step 180
ex16|relu|0|0.9|leak|52: DIVERGED at step 410
ex16|relu|1|0.25|leak|52: level 0.789 slevel 0.320 static 0.943 c1 0.996 c50 0.941 fac1 0.933 fac50 -0.040 lock 0.00 move 0.0973 period None frozen 0.58 pr 9.8 sat None dead 0.02 rate +0.029 (345 pts) rate_fs +0.028 (394 pts) d1 8.1e-07 | 31.0s
run39|relu|1|0.9|leak|52: level 0.8 slevel 0.315 static 0.989 c1 1.000 c50 0.996 fac1 0.993 fac50 0.436 lock 0.94 move 0.00386 period None frozen 0.89 pr 1.8 sat None dead 0.00 rate +0.001 (394 pts) rate_fs +0.001 (394 pts) d1 9.1e-07 | 13.0s
ex16|relu|1|0.75|code|52: level 0.793 slevel 0.320 static 0.953 c1 1.000 c50 0.958 fac1 0.996 fac50 0.116 lock 0.50 move 0.0219 period None frozen 0.73 pr 3.6 sat None dead 0.02 rate +0.009 (394 pts) rate_fs +0.009 (394 pts) d1 7.9e-07 | 26.3s
ex16|relu|1|0.0|code|52: level 0.789 slevel 0.316 static 0.847 c1 0.851 c50 0.855 fac1 0.010 fac50 0.044 lock 0.00 move 0.561 period None frozen 0.31 pr 14.7 sat None dead 0.02 rate +0.065 (134 pts) rate_fs +0.065 (170 pts) d1 1.0e-06 | 38.6s
ex16|relu|1|0.9|code|52: level 0.793 slevel 0.321 static 0.988 c1 1.000 c50 0.994 fac1 0.994 fac50 0.345 lock 0.99 move 0.00807 period None frozen 0.88 pr 2.3 sat None dead 0.02 rate +0.003 (394 pts) rate_fs +0.003 (394 pts) d1 9.1e-07 | 25.9s
ex16|raw|1|0.9|leak|52: level 0.791 slevel 0.009 static 0.526 c1 1.000 c50 0.805 fac1 0.994 fac50 0.421 lock 0.02 move 0.0139 period None frozen 0.33 pr 2.1 sat None dead 0.02 rate +0.000 (394 pts) rate_fs +0.000 (394 pts) d1 9.1e-07 | 51.9s
ex16|relu|1|0.75|leak|52: level 0.789 slevel 0.316 static 0.967 c1 1.000 c50 0.960 fac1 0.995 fac50 -0.122 lock 0.35 move 0.0163 period None frozen 0.76 pr 4.7 sat None dead 0.02 rate +0.007 (394 pts) rate_fs +0.007 (394 pts) d1 8.0e-07 | 32.0s
run39|tri1.0|1|0.5|code|52: level 0.805 slevel 0.337 static 0.978 c1 1.000 c50 0.983 fac1 0.980 fac50 0.143 lock 0.00 move 0.0341 period None frozen 0.72 pr 4.7 sat None dead 0.00 rate +0.010 (394 pts) rate_fs +0.010 (394 pts) d1 7.5e-07 | 9.8s
run39|tri1.0|1|0.0|code|52: level 0.803 slevel 0.338 static 0.864 c1 0.861 c50 0.880 fac1 -0.068 fac50 0.051 lock 0.00 move 0.549 period None frozen 0.34 pr 14.3 sat None dead 0.00 rate +0.057 (150 pts) rate_fs +0.057 (185 pts) d1 1.1e-06 | 15.2s
run39|tri1.0|1|0.5|leak|52: level 0.807 slevel 0.336 static 0.937 c1 1.000 c50 0.939 fac1 0.989 fac50 -0.061 lock 0.00 move 0.0342 period None frozen 0.60 pr 4.0 sat None dead 0.00 rate +0.011 (394 pts) rate_fs +0.011 (394 pts) d1 7.4e-07 | 11.4s
run39|tri1.0|1|0.25|code|52: level 0.804 slevel 0.340 static 0.965 c1 0.998 c50 0.975 fac1 0.939 fac50 0.109 lock 0.00 move 0.0759 period None frozen 0.63 pr 7.7 sat None dead 0.00 rate +0.019 (394 pts) rate_fs +0.019 (394 pts) d1 8.7e-07 | 17.9s
run39|tri1.0|1|0.75|code|52: level 0.805 slevel 0.335 static 0.972 c1 1.000 c50 0.954 fac1 0.994 fac50 -0.540 lock 0.04 move 0.0164 period None frozen 0.77 pr 2.8 sat None dead 0.00 rate +0.003 (394 pts) rate_fs +0.003 (394 pts) d1 8.0e-07 | 9.6s
ex16|relu|1|0.9|leak|52: level 0.79 slevel 0.320 static 0.985 c1 1.000 c50 0.992 fac1 0.994 fac50 0.338 lock 0.99 move 0.00526 period None frozen 0.87 pr 2.4 sat None dead 0.02 rate +0.002 (394 pts) rate_fs +0.002 (394 pts) d1 9.0e-07 | 31.1s
run39|tri1.0|1|0.25|leak|52: level 0.804 slevel 0.333 static 0.926 c1 0.997 c50 0.935 fac1 0.953 fac50 0.071 lock 0.00 move 0.0898 period None frozen 0.52 pr 7.8 sat None dead 0.00 rate +0.022 (394 pts) rate_fs +0.022 (394 pts) d1 8.7e-07 | 21.0s
run39|tri1.0|0|0.0|code|52: DIVERGED at step 70
ex16|tri1.0|0|0.0|code|52: DIVERGED at step 70
run39|tri1.0|0|0.25|code|52: DIVERGED at step 60
run39|tri1.0|1|0.75|leak|52: level 0.805 slevel 0.337 static 0.973 c1 1.000 c50 0.955 fac1 0.993 fac50 -0.565 lock 0.06 move 0.0168 period None frozen 0.78 pr 2.5 sat None dead 0.00 rate +0.006 (394 pts) rate_fs +0.006 (394 pts) d1 8.0e-07 | 11.4s
run39|tri1.0|0|0.25|leak|52: DIVERGED at step 80
ex16|tri1.0|0|0.25|leak|52: DIVERGED at step 80
ex16|tri1.0|0|0.25|code|52: DIVERGED at step 70
run39|tri1.0|0|0.5|code|52: DIVERGED at step 60
ex16|tri1.0|0|0.5|code|52: DIVERGED at step 60
run39|tri1.0|0|0.75|code|52: DIVERGED at step 60
run39|tri1.0|0|0.5|leak|52: DIVERGED at step 100
ex16|tri1.0|0|0.5|leak|52: DIVERGED at step 110
ex16|tri1.0|0|0.75|code|52: DIVERGED at step 60
run39|tri1.0|0|0.9|code|52: DIVERGED at step 50
ex16|tri1.0|0|0.9|code|52: DIVERGED at step 60
run39|tri1.0|0|0.75|leak|52: DIVERGED at step 180
run39|tri1.0|1|0.9|code|52: level 0.805 slevel 0.340 static 0.987 c1 1.000 c50 0.988 fac1 0.996 fac50 0.083 lock 0.94 move 0.00496 period None frozen 0.87 pr 2.3 sat None dead 0.00 rate +0.001 (394 pts) rate_fs +0.001 (394 pts) d1 9.0e-07 | 17.3s
ex16|tri1.0|0|0.75|leak|52: DIVERGED at step 190
run39|tri1.0|0|0.9|leak|52: DIVERGED at step 390
ex16|relu|1|0.5|leak|52: level 0.789 slevel 0.317 static 0.968 c1 1.000 c50 0.962 fac1 0.987 fac50 -0.157 lock 0.00 move 0.0369 period None frozen 0.73 pr 6.1 sat None dead 0.02 rate +0.017 (394 pts) rate_fs +0.017 (394 pts) d1 7.3e-07 | 54.2s
ex16|tri1.0|1|0.0|code|52: level 0.791 slevel 0.332 static 0.898 c1 0.898 c50 0.895 fac1 -0.001 fac50 -0.017 lock 0.00 move 0.46 period None frozen 0.42 pr 14.6 sat None dead 0.02 rate +0.048 (183 pts) rate_fs +0.048 (231 pts) d1 1.0e-06 | 35.3s
ex16|tri1.0|1|0.25|code|52: level 0.792 slevel 0.333 static 0.984 c1 0.999 c50 0.984 fac1 0.946 fac50 0.055 lock 0.00 move 0.0713 period None frozen 0.77 pr 7.0 sat None dead 0.02 rate +0.010 (394 pts) rate_fs +0.010 (394 pts) d1 8.0e-07 | 39.0s
run39|tri1.0|1|0.9|leak|52: level 0.805 slevel 0.339 static 0.992 c1 1.000 c50 0.993 fac1 0.995 fac50 0.110 lock 0.94 move 0.00456 period None frozen 0.89 pr 2.6 sat None dead 0.00 rate +0.003 (394 pts) rate_fs +0.003 (394 pts) d1 9.0e-07 | 20.9s
run39|kwta4|1|0.25|code|52: level 0.802 slevel 0.115 static 0.297 c1 0.700 c50 0.274 fac1 0.583 fac50 -0.014 lock 0.00 move 0.765 period None frozen 0.00 pr 18.5 sat None dead 0.00 rate -0.000 (394 pts) rate_fs -0.000 (394 pts) d1 5.9e-07 | 9.3s
ex16|tri1.0|1|0.5|code|52: level 0.792 slevel 0.332 static 0.991 c1 1.000 c50 0.991 fac1 0.985 fac50 -0.038 lock 0.15 move 0.0418 period None frozen 0.85 pr 5.3 sat None dead 0.02 rate +0.007 (394 pts) rate_fs +0.007 (394 pts) d1 7.1e-07 | 38.5s
run39|kwta4|1|0.25|leak|52: level 0.802 slevel 0.115 static 0.307 c1 0.711 c50 0.294 fac1 0.592 fac50 -0.010 lock 0.00 move 0.754 period None frozen 0.00 pr 18.2 sat None dead 0.00 rate -0.000 (394 pts) rate_fs -0.000 (394 pts) d1 5.8e-07 | 11.5s
run39|kwta4|1|0.0|code|52: level 0.803 slevel 0.114 static 0.188 c1 0.189 c50 0.187 fac1 -0.002 fac50 -0.000 lock 0.00 move 1.27 period None frozen 0.00 pr 21.3 sat None dead 0.00 rate -0.000 (394 pts) rate_fs -0.000 (394 pts) d1 5.8e-07 | 16.9s
ex16|tri1.0|0|0.9|leak|52: DIVERGED at step 430
ex16|tri1.0|1|0.9|code|52: level 0.793 slevel 0.333 static 0.996 c1 1.000 c50 0.998 fac1 0.994 fac50 0.350 lock 0.99 move 0.00775 period None frozen 0.93 pr 2.4 sat None dead 0.02 rate +0.001 (394 pts) rate_fs +0.001 (394 pts) d1 9.0e-07 | 38.8s
run39|kwta4|1|0.5|leak|52: level 0.803 slevel 0.115 static 0.320 c1 0.931 c50 0.309 fac1 0.898 fac50 -0.011 lock 0.00 move 0.362 period None frozen 0.01 pr 14.7 sat None dead 0.00 rate +0.000 (394 pts) rate_fs +0.000 (394 pts) d1 6.4e-07 | 11.4s
run39|kwta4|1|0.5|code|52: level 0.803 slevel 0.115 static 0.315 c1 0.929 c50 0.287 fac1 0.896 fac50 -0.042 lock 0.00 move 0.375 period None frozen 0.01 pr 14.9 sat None dead 0.00 rate -0.000 (394 pts) rate_fs -0.000 (394 pts) d1 6.1e-07 | 17.2s
ex16|tri1.0|1|0.9|leak|52: level 0.791 slevel 0.331 static 0.992 c1 1.000 c50 0.997 fac1 0.994 fac50 0.440 lock 0.99 move 0.00466 period None frozen 0.91 pr 2.0 sat None dead 0.02 rate +0.001 (394 pts) rate_fs +0.001 (394 pts) d1 9.0e-07 | 44.7s
run39|kwta4|1|0.75|leak|52: level 0.805 slevel 0.116 static 0.343 c1 0.988 c50 0.283 fac1 0.979 fac50 -0.077 lock 0.00 move 0.151 period None frozen 0.02 pr 10.6 sat None dead 0.00 rate -0.000 (394 pts) rate_fs -0.000 (394 pts) d1 7.7e-07 | 11.4s
run39|kwta4|1|0.75|code|52: level 0.803 slevel 0.116 static 0.355 c1 0.989 c50 0.302 fac1 0.978 fac50 -0.082 lock 0.00 move 0.152 period None frozen 0.04 pr 10.6 sat None dead 0.00 rate -0.000 (394 pts) rate_fs -0.000 (394 pts) d1 7.6e-07 | 17.8s
ex16|kwta4|1|0.25|code|52: level 0.79 slevel 0.114 static 0.308 c1 0.709 c50 0.301 fac1 0.580 fac50 -0.012 lock 0.00 move 0.756 period None frozen 0.02 pr 16.6 sat None dead 0.02 rate -0.000 (394 pts) rate_fs -0.000 (394 pts) d1 5.8e-07 | 37.2s
run39|kwta4|0|0.0|code|52: DIVERGED at step 80
ex16|kwta4|0|0.0|code|52: DIVERGED at step 80
run39|kwta4|0|0.25|code|52: DIVERGED at step 70
ex16|kwta4|0|0.25|code|52: DIVERGED at step 80
run39|kwta4|0|0.25|leak|52: DIVERGED at step 100
ex16|kwta4|0|0.5|code|52: DIVERGED at step 70
run39|kwta4|1|0.9|code|52: level 0.801 slevel 0.117 static 0.421 c1 0.999 c50 0.412 fac1 0.994 fac50 -0.051 lock 0.00 move 0.0538 period None frozen 0.11 pr 5.8 sat None dead 0.00 rate -0.001 (394 pts) rate_fs -0.001 (394 pts) d1 9.0e-07 | 17.5s
run39|kwta4|0|0.5|code|52: DIVERGED at step 70
run39|kwta4|0|0.5|leak|52: DIVERGED at step 140
run39|kwta4|1|0.9|leak|52: level 0.802 slevel 0.116 static 0.429 c1 0.998 c50 0.385 fac1 0.994 fac50 -0.046 lock 0.00 move 0.0562 period None frozen 0.11 pr 6.0 sat None dead 0.00 rate -0.001 (394 pts) rate_fs -0.001 (394 pts) d1 9.0e-07 | 11.7s
ex16|kwta4|0|0.25|leak|52: DIVERGED at step 110
run39|kwta4|0|0.75|code|52: DIVERGED at step 70
ex16|kwta4|1|0.5|code|52: level 0.791 slevel 0.115 static 0.339 c1 0.930 c50 0.322 fac1 0.894 fac50 -0.018 lock 0.00 move 0.369 period None frozen 0.03 pr 13.8 sat None dead 0.02 rate -0.000 (394 pts) rate_fs -0.000 (394 pts) d1 6.1e-07 | 37.9s
ex16|kwta4|0|0.75|code|52: DIVERGED at step 70
run39|kwta4|0|0.9|code|52: DIVERGED at step 60
ex16|tri1.0|1|0.75|code|52: level 0.792 slevel 0.332 static 0.992 c1 1.000 c50 0.992 fac1 0.995 fac50 -0.081 lock 0.97 move 0.0198 period None frozen 0.89 pr 3.8 sat None dead 0.02 rate +0.001 (394 pts) rate_fs +0.001 (394 pts) d1 7.9e-07 | 69.8s
ex16|kwta4|0|0.9|code|52: DIVERGED at step 70
run39|kwta4|0|0.75|leak|52: DIVERGED at step 250
ex16|kwta4|0|0.5|leak|52: DIVERGED at step 150
ex16|kwta4|1|0.25|leak|52: level 0.787 slevel 0.114 static 0.315 c1 0.709 c50 0.306 fac1 0.583 fac50 -0.010 lock 0.00 move 0.756 period None frozen 0.02 pr 16.4 sat None dead 0.02 rate -0.000 (394 pts) rate_fs -0.000 (394 pts) d1 5.7e-07 | 48.4s
ex16|tri1.0|1|0.25|leak|52: level 0.791 slevel 0.333 static 0.984 c1 0.999 c50 0.986 fac1 0.950 fac50 0.105 lock 0.00 move 0.0597 period None frozen 0.78 pr 7.2 sat None dead 0.02 rate +0.008 (394 pts) rate_fs +0.008 (394 pts) d1 8.0e-07 | 80.6s
run39|sign|0|0.0|code|52: level 3.44 slevel 0.000 static 0.003 c1 0.002 c50 -0.001 fac1 -0.000 fac50 -0.005 lock 0.00 move 1.41 period None frozen 0.00 pr 23.0 sat 1.000 dead 0.00 rate None (0 pts) rate_fs None (0 pts) d1 0.0e+00 | 3.5s
ex16|kwta4|1|0.75|code|52: level 0.792 slevel 0.116 static 0.365 c1 0.988 c50 0.326 fac1 0.978 fac50 -0.054 lock 0.00 move 0.152 period None frozen 0.05 pr 10.1 sat None dead 0.02 rate -0.000 (394 pts) rate_fs -0.000 (394 pts) d1 7.7e-07 | 38.0s
ex16|kwta4|1|0.9|code|52: level 0.792 slevel 0.116 static 0.467 c1 0.998 c50 0.433 fac1 0.993 fac50 -0.066 lock 0.00 move 0.0552 period None frozen 0.15 pr 5.8 sat None dead 0.02 rate +0.205 (38 pts) rate_fs +0.288 (60 pts) d1 9.0e-07 | 31.4s
run39|sign|0|0.25|code|52: level 3.98 slevel 0.000 static 0.012 c1 0.623 c50 -0.029 fac1 0.623 fac50 -0.038 lock 0.00 move 0.858 period None frozen 0.00 pr 20.0 sat 1.000 dead 0.00 rate None (2 pts) rate_fs None (2 pts) d1 2.5e-07 | 3.6s
run39|kwta4|0|0.9|leak|52: DIVERGED at step 560
run39|sign|0|0.25|leak|52: level 2.98 slevel 0.000 static 0.013 c1 0.616 c50 0.005 fac1 0.615 fac50 -0.007 lock 0.00 move 0.871 period None frozen 0.00 pr 20.0 sat 1.000 dead 0.00 rate None (2 pts) rate_fs None (2 pts) d1 2.6e-07 | 4.9s
ex16|tri1.0|1|0.5|leak|52: level 0.791 slevel 0.330 static 0.991 c1 1.000 c50 0.989 fac1 0.986 fac50 -0.184 lock 0.11 move 0.0293 period None frozen 0.85 pr 6.5 sat None dead 0.02 rate +0.005 (394 pts) rate_fs +0.005 (394 pts) d1 7.1e-07 | 80.4s
ex16|kwta4|1|0.5|leak|52: level 0.787 slevel 0.115 static 0.333 c1 0.931 c50 0.310 fac1 0.895 fac50 -0.027 lock 0.00 move 0.368 period None frozen 0.02 pr 13.6 sat None dead 0.02 rate -0.000 (394 pts) rate_fs -0.000 (394 pts) d1 6.0e-07 | 45.0s
run39|sign|0|0.5|code|52: level 5.89 slevel 0.000 static 0.033 c1 0.905 c50 -0.049 fac1 0.901 fac50 -0.073 lock 0.00 move 0.431 period None frozen 0.00 pr 14.7 sat 1.000 dead 0.00 rate -0.467 (7 pts) rate_fs -0.467 (7 pts) d1 5.2e-07 | 3.6s
ex16|kwta4|0|0.75|leak|52: DIVERGED at step 280
run39|sign|0|0.75|code|52: level 11.8 slevel 0.001 static 0.055 c1 0.984 c50 0.043 fac1 0.981 fac50 -0.016 lock 0.00 move 0.176 period None frozen 0.00 pr 9.0 sat 1.000 dead 0.00 rate -0.207 (29 pts) rate_fs -0.207 (29 pts) d1 7.5e-07 | 6.5s
ex16|kwta4|0|0.9|leak|52: DIVERGED at step 640
run39|sign|0|0.75|leak|52: level 2.92 slevel 0.001 static 0.113 c1 0.983 c50 0.054 fac1 0.978 fac50 -0.059 lock 0.00 move 0.179 period None frozen 0.00 pr 10.6 sat 1.000 dead 0.00 rate -0.154 (34 pts) rate_fs -0.154 (34 pts) d1 7.5e-07 | 4.9s
run39|sign|0|0.5|leak|52: level 2.95 slevel 0.000 static 0.048 c1 0.904 c50 0.010 fac1 0.900 fac50 -0.037 lock 0.00 move 0.429 period None frozen 0.00 pr 14.9 sat 1.000 dead 0.00 rate -0.667 (7 pts) rate_fs -0.667 (7 pts) d1 5.1e-07 | 8.9s
ex16|tri1.0|1|0.75|leak|52: level 0.791 slevel 0.333 static 0.994 c1 1.000 c50 0.992 fac1 0.994 fac50 -0.245 lock 0.98 move 0.0121 period None frozen 0.91 pr 2.9 sat None dead 0.02 rate +0.002 (394 pts) rate_fs +0.002 (394 pts) d1 7.9e-07 | 82.6s
ex16|sign|0|0.0|code|52: level 2.95 slevel 0.000 static 0.004 c1 -0.000 c50 0.000 fac1 -0.004 fac50 -0.004 lock 0.00 move 1.41 period None frozen 0.02 pr 21.2 sat 0.985 dead 0.02 rate None (0 pts) rate_fs None (0 pts) d1 1.1e-01 | 18.6s
run39|sign|0|0.9|leak|52: level 2.97 slevel 0.002 static 0.176 c1 0.998 c50 0.241 fac1 0.993 fac50 0.035 lock 0.00 move 0.0616 period None frozen 0.00 pr 5.1 sat 1.000 dead 0.00 rate -0.064 (85 pts) rate_fs -0.064 (85 pts) d1 9.0e-07 | 5.2s
ex16|kwta4|1|0.0|code|52: level 0.789 slevel 0.114 static 0.193 c1 0.187 c50 0.186 fac1 -0.007 fac50 -0.005 lock 0.00 move 1.27 period None frozen 0.02 pr 19.0 sat None dead 0.02 rate -0.000 (394 pts) rate_fs -0.000 (394 pts) d1 5.8e-07 | 69.3s
run39|sign|0|0.9|code|52: level 29.7 slevel 0.002 static 0.206 c1 0.998 c50 0.268 fac1 0.993 fac50 0.055 lock 0.00 move 0.0625 period None frozen 0.01 pr 5.0 sat 1.000 dead 0.00 rate -0.056 (94 pts) rate_fs -0.056 (94 pts) d1 9.0e-07 | 7.0s
ex16|sign|0|0.5|code|52: level 5.02 slevel 0.000 static 0.030 c1 0.903 c50 -0.022 fac1 0.899 fac50 -0.049 lock 0.00 move 0.433 period None frozen 0.02 pr 14.8 sat 0.985 dead 0.02 rate None (0 pts) rate_fs None (0 pts) d1 6.5e-02 | 19.4s
run39|step0|0|0.25|code|52: level 3.14 slevel 0.483 static 0.871 c1 0.941 c50 0.867 fac1 0.538 fac50 -0.029 lock 0.00 move 0.341 period None frozen 0.30 pr 17.0 sat 0.494 dead 0.00 rate None (1 pts) rate_fs None (1 pts) d1 2.6e-07 | 5.4s
run39|step0|0|0.0|code|52: level 2.42 slevel 0.476 static 0.772 c1 0.773 c50 0.773 fac1 0.003 fac50 0.003 lock 0.00 move 0.663 period None frozen 0.15 pr 20.5 sat 0.496 dead 0.00 rate None (0 pts) rate_fs None (0 pts) d1 0.0e+00 | 9.7s
ex16|sign|0|0.75|code|52: level 10.2 slevel 0.002 static 0.144 c1 0.985 c50 0.054 fac1 0.979 fac50 -0.087 lock 0.00 move 0.17 period None frozen 0.02 pr 10.1 sat 1.000 dead 0.02 rate None (0 pts) rate_fs None (0 pts) d1 4.8e-02 | 19.1s
ex16|kwta4|1|0.9|leak|52: level 0.785 slevel 0.117 static 0.450 c1 0.998 c50 0.403 fac1 0.993 fac50 -0.071 lock 0.00 move 0.0556 period None frozen 0.14 pr 5.8 sat None dead 0.02 rate -0.001 (394 pts) rate_fs -0.001 (394 pts) d1 9.0e-07 | 46.0s
ex16|sign|0|0.5|leak|52: level 2.51 slevel 0.000 static 0.038 c1 0.902 c50 0.003 fac1 0.898 fac50 -0.032 lock 0.00 move 0.435 period None frozen 0.02 pr 14.9 sat 0.985 dead 0.02 rate None (0 pts) rate_fs None (0 pts) d1 6.6e-02 | 23.6s
run39|step0|0|0.5|code|52: level 4.7 slevel 0.485 static 0.888 c1 0.985 c50 0.884 fac1 0.866 fac50 -0.041 lock 0.00 move 0.171 period None frozen 0.36 pr 13.9 sat 0.494 dead 0.00 rate -0.438 (9 pts) rate_fs -0.438 (9 pts) d1 5.0e-07 | 5.5s
ex16|sign|0|0.75|leak|52: level 2.54 slevel 0.001 static 0.116 c1 0.984 c50 0.068 fac1 0.979 fac50 -0.054 lock 0.00 move 0.173 period None frozen 0.02 pr 10.0 sat 1.000 dead 0.02 rate None (0 pts) rate_fs None (0 pts) d1 4.8e-02 | 23.5s
run39|step0|0|0.5|leak|52: level 2.35 slevel 0.487 static 0.886 c1 0.986 c50 0.874 fac1 0.875 fac50 -0.049 lock 0.00 move 0.168 period None frozen 0.36 pr 13.1 sat 0.494 dead 0.00 rate -0.308 (8 pts) rate_fs -0.308 (8 pts) d1 5.0e-07 | 6.4s
run39|step0|0|0.25|leak|52: level 2.35 slevel 0.484 static 0.870 c1 0.941 c50 0.870 fac1 0.536 fac50 -0.020 lock 0.00 move 0.341 period None frozen 0.31 pr 17.3 sat 0.494 dead 0.00 rate None (2 pts) rate_fs None (2 pts) d1 2.6e-07 | 12.1s
run39|step0|0|0.75|code|52: level 9.36 slevel 0.481 static 0.892 c1 0.998 c50 0.881 fac1 0.974 fac50 -0.061 lock 0.00 move 0.0686 period None frozen 0.43 pr 10.0 sat 0.492 dead 0.00 rate -0.144 (41 pts) rate_fs -0.144 (41 pts) d1 7.5e-07 | 5.4s
ex16|sign|0|0.25|code|52: level 3.41 slevel 0.000 static 0.018 c1 0.616 c50 0.007 fac1 0.613 fac50 -0.010 lock 0.00 move 0.867 period None frozen 0.01 pr 19.1 sat 0.985 dead 0.02 rate None (0 pts) rate_fs None (0 pts) d1 9.8e-02 | 33.2s
ex16|sign|0|0.9|leak|52: level 2.54 slevel 0.003 static 0.260 c1 0.998 c50 0.254 fac1 0.993 fac50 -0.008 lock 0.00 move 0.063 period None frozen 0.03 pr 5.5 sat 1.000 dead 0.02 rate None (0 pts) rate_fs None (1 pts) d1 1.9e-02 | 23.6s
run39|step0|0|0.75|leak|52: level 2.34 slevel 0.486 static 0.901 c1 0.998 c50 0.900 fac1 0.973 fac50 -0.012 lock 0.00 move 0.0676 period None frozen 0.45 pr 10.1 sat 0.494 dead 0.00 rate -0.195 (24 pts) rate_fs -0.195 (24 pts) d1 7.5e-07 | 6.7s
ex16|step0|0|0.25|code|52: level 2.75 slevel 0.490 static 0.889 c1 0.949 c50 0.889 fac1 0.531 fac50 -0.010 lock 0.00 move 0.32 period None frozen 0.34 pr 15.4 sat 0.505 dead 0.02 rate None (0 pts) rate_fs None (0 pts) d1 8.0e-02 | 24.9s
run39|step0|0|0.9|code|52: level 23.4 slevel 0.492 static 0.912 c1 1.000 c50 0.907 fac1 0.992 fac50 -0.043 lock 0.00 move 0.0249 period None frozen 0.55 pr 6.0 sat 0.498 dead 0.00 rate -0.092 (88 pts) rate_fs -0.092 (88 pts) d1 9.0e-07 | 10.4s
run39|cstep|0|0.0|code|52: level 2.44 slevel 0.502 static 0.776 c1 0.777 c50 0.778 fac1 -0.007 fac50 -0.002 lock 0.00 move 0.657 period None frozen 0.15 pr 20.4 sat 0.505 dead 0.00 rate None (0 pts) rate_fs None (0 pts) d1 0.0e+00 | 5.9s
ex16|sign|0|0.9|code|52: level 25.5 slevel 0.003 static 0.262 c1 0.998 c50 0.304 fac1 0.993 fac50 0.026 lock 0.00 move 0.0622 period None frozen 0.03 pr 5.4 sat 1.000 dead 0.02 rate None (0 pts) rate_fs None (0 pts) d1 1.9e-02 | 34.1s
ex16|sign|0|0.25|leak|52: level 2.55 slevel 0.000 static 0.013 c1 0.609 c50 0.007 fac1 0.609 fac50 -0.006 lock 0.00 move 0.875 period None frozen 0.02 pr 19.2 sat 0.985 dead 0.02 rate None (0 pts) rate_fs None (0 pts) d1 9.6e-02 | 42.3s
ex16|step0|0|0.5|code|52: level 4.12 slevel 0.493 static 0.902 c1 0.988 c50 0.904 fac1 0.868 fac50 -0.003 lock 0.00 move 0.158 period None frozen 0.40 pr 12.4 sat 0.504 dead 0.02 rate None (0 pts) rate_fs None (0 pts) d1 5.4e-02 | 25.0s
run39|step0|0|0.9|leak|52: level 2.35 slevel 0.490 static 0.903 c1 1.000 c50 0.909 fac1 0.993 fac50 -0.019 lock 0.00 move 0.0246 period None frozen 0.53 pr 5.6 sat 0.494 dead 0.00 rate -0.047 (104 pts) rate_fs -0.047 (104 pts) d1 9.0e-07 | 12.8s
ex16|kwta4|1|0.75|leak|52: level 0.787 slevel 0.116 static 0.401 c1 0.989 c50 0.361 fac1 0.978 fac50 -0.060 lock 0.00 move 0.149 period None frozen 0.06 pr 9.9 sat None dead 0.02 rate -0.000 (394 pts) rate_fs -0.000 (394 pts) d1 7.7e-07 | 80.9s
run39|cstep|0|0.5|code|52: level 4.75 slevel 0.504 static 0.895 c1 0.986 c50 0.896 fac1 0.864 fac50 -0.009 lock 0.00 move 0.163 period None frozen 0.38 pr 13.7 sat 0.505 dead 0.00 rate -0.320 (9 pts) rate_fs -0.320 (9 pts) d1 5.0e-07 | 6.1s
run39|cstep|0|0.25|code|52: level 3.17 slevel 0.506 static 0.875 c1 0.944 c50 0.878 fac1 0.535 fac50 0.001 lock 0.00 move 0.334 period None frozen 0.32 pr 17.2 sat 0.504 dead 0.00 rate None (2 pts) rate_fs None (2 pts) d1 2.5e-07 | 11.3s
ex16|step0|0|0.75|code|52: level 8.16 slevel 0.490 static 0.904 c1 0.998 c50 0.902 fac1 0.974 fac50 -0.044 lock 0.00 move 0.065 period None frozen 0.46 pr 9.4 sat 0.493 dead 0.02 rate None (0 pts) rate_fs None (0 pts) d1 2.9e-02 | 25.2s
ex16|step0|0|0.9|code|52: level 20.4 slevel 0.486 static 0.917 c1 1.000 c50 0.914 fac1 0.993 fac50 -0.067 lock 0.00 move 0.0238 period None frozen 0.56 pr 5.7 sat 0.491 dead 0.02 rate None (0 pts) rate_fs +0.114 (5 pts) d1 1.2e-02 | 24.7s
run39|cstep|0|0.25|leak|52: level 2.38 slevel 0.507 static 0.880 c1 0.945 c50 0.879 fac1 0.532 fac50 -0.012 lock 0.00 move 0.332 period None frozen 0.33 pr 17.2 sat 0.504 dead 0.00 rate -0.253 (3 pts) rate_fs -0.253 (3 pts) d1 2.6e-07 | 13.7s
ex16|step0|0|0.75|leak|52: level 2.04 slevel 0.482 static 0.907 c1 0.998 c50 0.901 fac1 0.974 fac50 -0.059 lock 0.00 move 0.064 period None frozen 0.48 pr 9.2 sat 0.491 dead 0.02 rate None (0 pts) rate_fs None (0 pts) d1 2.9e-02 | 28.1s
ex16|step0|0|0.0|code|52: level 2.12 slevel 0.495 static 0.796 c1 0.797 c50 0.799 fac1 -0.003 fac50 -0.002 lock 0.00 move 0.631 period None frozen 0.18 pr 18.2 sat 0.506 dead 0.02 rate None (0 pts) rate_fs None (0 pts) d1 1.0e-01 | 42.8s
run39|cstep|0|0.5|leak|52: level 2.37 slevel 0.508 static 0.892 c1 0.986 c50 0.890 fac1 0.870 fac50 -0.023 lock 0.00 move 0.164 period None frozen 0.39 pr 13.5 sat 0.505 dead 0.00 rate -0.320 (10 pts) rate_fs -0.320 (10 pts) d1 5.0e-07 | 13.5s
ex16|step0|0|0.9|leak|52: level 2.05 slevel 0.484 static 0.915 c1 1.000 c50 0.916 fac1 0.993 fac50 -0.027 lock 0.00 move 0.0233 period None frozen 0.57 pr 5.3 sat 0.494 dead 0.02 rate None (0 pts) rate_fs +0.103 (5 pts) d1 1.2e-02 | 28.9s
ex16|cstep|0|0.0|code|52: level 2.1 slevel 0.494 static 0.790 c1 0.792 c50 0.794 fac1 -0.005 fac50 -0.004 lock 0.00 move 0.644 period None frozen 0.18 pr 18.3 sat 0.505 dead 0.02 rate None (0 pts) rate_fs None (0 pts) d1 1.1e-01 | 26.6s
run39|cstep|0|0.75|leak|52: level 2.37 slevel 0.502 static 0.895 c1 0.998 c50 0.893 fac1 0.974 fac50 -0.071 lock 0.00 move 0.0666 period None frozen 0.45 pr 10.0 sat 0.503 dead 0.00 rate -0.168 (28 pts) rate_fs -0.168 (28 pts) d1 7.5e-07 | 7.5s
run39|cstep|0|0.9|code|52: level 23.7 slevel 0.499 static 0.916 c1 1.000 c50 0.919 fac1 0.992 fac50 -0.022 lock 0.00 move 0.0237 period None frozen 0.57 pr 5.6 sat 0.500 dead 0.00 rate -0.053 (95 pts) rate_fs -0.053 (95 pts) d1 9.0e-07 | 6.7s
run39|cstep|0|0.75|code|52: level 9.5 slevel 0.501 static 0.898 c1 0.998 c50 0.902 fac1 0.976 fac50 -0.078 lock 0.00 move 0.064 period None frozen 0.44 pr 9.5 sat 0.504 dead 0.00 rate -0.174 (36 pts) rate_fs -0.174 (36 pts) d1 7.5e-07 | 11.6s
ex16|cstep|0|0.25|code|52: level 2.74 slevel 0.494 static 0.889 c1 0.948 c50 0.888 fac1 0.532 fac50 -0.016 lock 0.00 move 0.319 period None frozen 0.34 pr 15.4 sat 0.504 dead 0.02 rate None (0 pts) rate_fs None (0 pts) d1 8.3e-02 | 26.8s
run39|wta|0|0.0|code|52: level 0.612 slevel 0.031 static 0.042 c1 0.040 c50 0.034 fac1 -0.003 fac50 -0.006 lock 0.00 move 1.39 period None frozen 0.00 pr 22.3 sat None dead 0.00 rate None (0 pts) rate_fs None (0 pts) d1 0.0e+00 | 5.6s
ex16|step0|0|0.25|leak|52: level 2.06 slevel 0.495 static 0.888 c1 0.948 c50 0.887 fac1 0.530 fac50 -0.003 lock 0.00 move 0.322 period None frozen 0.34 pr 15.5 sat 0.505 dead 0.02 rate None (0 pts) rate_fs None (0 pts) d1 8.0e-02 | 51.3s
run39|cstep|0|0.9|leak|52: level 2.37 slevel 0.501 static 0.915 c1 1.000 c50 0.912 fac1 0.992 fac50 -0.044 lock 0.00 move 0.0241 period None frozen 0.56 pr 5.7 sat 0.504 dead 0.00 rate -0.063 (84 pts) rate_fs -0.063 (84 pts) d1 9.0e-07 | 8.7s
ex16|cstep|0|0.25|leak|52: level 2.05 slevel 0.494 static 0.889 c1 0.948 c50 0.889 fac1 0.519 fac50 -0.012 lock 0.00 move 0.32 period None frozen 0.36 pr 15.4 sat 0.503 dead 0.02 rate None (0 pts) rate_fs None (0 pts) d1 8.3e-02 | 30.4s
ex16|step0|0|0.5|leak|52: level 2.06 slevel 0.492 static 0.903 c1 0.987 c50 0.904 fac1 0.867 fac50 -0.004 lock 0.00 move 0.158 period None frozen 0.40 pr 12.6 sat 0.505 dead 0.02 rate None (0 pts) rate_fs None (0 pts) d1 5.3e-02 | 48.3s
ex16|cstep|0|0.75|code|52: level 8.24 slevel 0.496 static 0.908 c1 0.998 c50 0.901 fac1 0.975 fac50 -0.070 lock 0.00 move 0.0631 period None frozen 0.47 pr 9.1 sat 0.503 dead 0.02 rate None (0 pts) rate_fs None (0 pts) d1 2.9e-02 | 26.6s
ex16|cstep|0|0.5|code|52: level 4.1 slevel 0.494 static 0.904 c1 0.988 c50 0.900 fac1 0.866 fac50 -0.055 lock 0.00 move 0.157 period None frozen 0.41 pr 12.4 sat 0.503 dead 0.02 rate None (0 pts) rate_fs None (0 pts) d1 5.5e-02 | 39.5s
ex16|cstep|0|0.75|leak|52: level 2.05 slevel 0.495 static 0.905 c1 0.998 c50 0.901 fac1 0.974 fac50 -0.061 lock 0.00 move 0.0648 period None frozen 0.48 pr 9.2 sat 0.504 dead 0.02 rate None (0 pts) rate_fs None (0 pts) d1 2.9e-02 | 31.5s
ex16|wta|0|0.0|code|52: level 0.528 slevel 0.031 static 0.051 c1 0.048 c50 0.047 fac1 -0.005 fac50 -0.004 lock 0.00 move 1.37 period None frozen 0.02 pr 20.0 sat None dead 0.02 rate None (0 pts) rate_fs None (0 pts) d1 1.6e-01 | 25.0s
ex16|cstep|0|0.9|code|52: level 20.5 slevel 0.494 static 0.919 c1 1.000 c50 0.915 fac1 0.993 fac50 -0.059 lock 0.00 move 0.0233 period None frozen 0.57 pr 5.4 sat 0.504 dead 0.02 rate None (0 pts) rate_fs +0.103 (5 pts) d1 1.2e-02 | 31.6s
ex16|cstep|0|0.5|leak|52: level 2.05 slevel 0.493 static 0.906 c1 0.988 c50 0.903 fac1 0.865 fac50 -0.047 lock 0.00 move 0.157 period None frozen 0.42 pr 12.4 sat 0.503 dead 0.02 rate None (0 pts) rate_fs None (0 pts) d1 5.6e-02 | 42.7s
ex16|cstep|0|0.9|leak|52: level 2.06 slevel 0.495 static 0.920 c1 1.000 c50 0.917 fac1 0.993 fac50 -0.045 lock 0.00 move 0.0235 period None frozen 0.58 pr 5.5 sat 0.504 dead 0.02 rate None (0 pts) rate_fs +0.090 (7 pts) d1 1.2e-02 | 38.8s
run39|wta|0|0.25|code|52: level 0.653 slevel 0.031 static 0.079 c1 0.367 c50 0.068 fac1 0.322 fac50 -0.013 lock 0.00 move 1.12 period None frozen 0.00 pr 21.2 sat None dead 0.00 rate -0.569 (4 pts) rate_fs -0.569 (4 pts) d1 2.6e-07 | 5.3s
run39|wta|0|0.9|code|52: level 4.33 slevel 0.031 static 0.248 c1 0.994 c50 0.200 fac1 0.989 fac50 -0.090 lock 0.00 move 0.104 period None frozen 0.00 pr 7.3 sat None dead 0.00 rate -0.049 (119 pts) rate_fs -0.049 (119 pts) d1 9.0e-07 | 6.0s
run39|wta|0|0.25|leak|52: level 0.492 slevel 0.031 static 0.075 c1 0.370 c50 0.064 fac1 0.333 fac50 -0.008 lock 0.00 move 1.12 period None frozen 0.00 pr 21.3 sat None dead 0.00 rate None (2 pts) rate_fs None (2 pts) d1 2.6e-07 | 6.5s
run39|wta|0|0.9|leak|52: level 0.43 slevel 0.031 static 0.218 c1 0.994 c50 0.153 fac1 0.989 fac50 -0.077 lock 0.00 move 0.107 period None frozen 0.08 pr 7.6 sat None dead 0.00 rate -0.065 (87 pts) rate_fs -0.065 (87 pts) d1 9.0e-07 | 7.0s
run39|wta|0|0.5|code|52: level 0.862 slevel 0.031 static 0.119 c1 0.736 c50 0.096 fac1 0.717 fac50 -0.021 lock 0.00 move 0.712 period None frozen 0.00 pr 18.1 sat None dead 0.00 rate -0.589 (7 pts) rate_fs -0.589 (7 pts) d1 5.0e-07 | 8.7s
run39|wta|0|0.75|code|52: level 1.72 slevel 0.031 static 0.157 c1 0.955 c50 0.129 fac1 0.947 fac50 -0.027 lock 0.00 move 0.293 period None frozen 0.00 pr 12.8 sat None dead 0.00 rate -0.157 (27 pts) rate_fs -0.157 (27 pts) d1 7.6e-07 | 10.1s
run39|tanh|1|0.0|code|53: level 0.803 slevel 0.000 static 0.012 c1 -0.011 c50 -0.037 fac1 -0.027 fac50 -0.040 lock 0.00 move 1.42 period None frozen 0.00 pr 18.9 sat 0.008 dead 0.00 rate +0.087 (99 pts) rate_fs +0.086 (128 pts) d1 1.1e-06 | 4.3s
run39|tanh|1|0.25|code|53: level 0.803 slevel 0.002 static 0.096 c1 0.945 c50 0.084 fac1 0.936 fac50 -0.004 lock 0.00 move 0.341 period None frozen 0.00 pr 12.5 sat 0.007 dead 0.00 rate +0.046 (190 pts) rate_fs +0.047 (248 pts) d1 8.4e-07 | 4.9s
run39|wta|0|0.5|leak|52: level 0.432 slevel 0.031 static 0.111 c1 0.741 c50 0.089 fac1 0.721 fac50 -0.015 lock 0.00 move 0.705 period None frozen 0.00 pr 18.2 sat None dead 0.00 rate -0.443 (9 pts) rate_fs -0.443 (9 pts) d1 4.7e-07 | 12.1s
run39|wta|0|0.75|leak|52: level 0.427 slevel 0.031 static 0.138 c1 0.954 c50 0.107 fac1 0.947 fac50 -0.033 lock 0.00 move 0.295 period None frozen 0.01 pr 13.6 sat None dead 0.00 rate -0.168 (30 pts) rate_fs -0.168 (30 pts) d1 7.5e-07 | 12.4s
run39|tanh|1|0.5|code|53: level 0.802 slevel 0.002 static 0.085 c1 0.987 c50 -0.032 fac1 0.982 fac50 -0.140 lock 0.00 move 0.162 period None frozen 0.00 pr 9.5 sat 0.007 dead 0.00 rate +0.043 (235 pts) rate_fs +0.042 (285 pts) d1 7.4e-07 | 5.0s
run39|tanh|1|0.25|leak|53: level 0.803 slevel 0.002 static 0.084 c1 0.939 c50 0.083 fac1 0.932 fac50 0.005 lock 0.00 move 0.349 period None frozen 0.00 pr 12.4 sat 0.007 dead 0.00 rate +0.047 (190 pts) rate_fs +0.045 (254 pts) d1 8.9e-07 | 11.9s
ex16|wta|0|0.25|code|52: level 0.569 slevel 0.031 static 0.088 c1 0.381 c50 0.087 fac1 0.333 fac50 -0.002 lock 0.00 move 1.09 period None frozen 0.02 pr 18.8 sat None dead 0.02 rate None (0 pts) rate_fs None (0 pts) d1 1.5e-01 | 24.7s
ex16|wta|0|0.75|code|52: level 1.51 slevel 0.031 static 0.156 c1 0.956 c50 0.129 fac1 0.948 fac50 -0.040 lock 0.00 move 0.28 period None frozen 0.02 pr 11.7 sat None dead 0.02 rate None (0 pts) rate_fs None (0 pts) d1 5.4e-02 | 25.2s
run39|tanh|1|0.5|leak|53: level 0.802 slevel 0.002 static 0.227 c1 0.986 c50 0.131 fac1 0.979 fac50 -0.108 lock 0.00 move 0.167 period None frozen 0.00 pr 9.8 sat 0.007 dead 0.00 rate +0.034 (280 pts) rate_fs +0.033 (349 pts) d1 7.4e-07 | 13.4s
ex16|wta|0|0.25|leak|52: level 0.428 slevel 0.031 static 0.090 c1 0.385 c50 0.083 fac1 0.336 fac50 -0.006 lock 0.00 move 1.08 period None frozen 0.03 pr 18.7 sat None dead 0.02 rate None (0 pts) rate_fs None (0 pts) d1 1.5e-01 | 28.6s
ex16|wta|0|0.9|leak|52: level 0.38 slevel 0.031 static 0.229 c1 0.994 c50 0.173 fac1 0.989 fac50 -0.075 lock 0.00 move 0.0999 period None frozen 0.19 pr 6.9 sat None dead 0.02 rate None (0 pts) rate_fs None (0 pts) d1 2.2e-02 | 28.8s
ex16|tanh|1|0.25|code|53: level 0.775 slevel 0.002 static 0.138 c1 0.951 c50 0.058 fac1 0.940 fac50 -0.079 lock 0.00 move 0.321 period None frozen 0.04 pr 13.0 sat 0.007 dead 0.04 rate +0.046 (202 pts) rate_fs +0.047 (250 pts) d1 9.0e-07 | 23.6s
ex16|wta|0|0.5|code|52: level 0.762 slevel 0.031 static 0.129 c1 0.750 c50 0.115 fac1 0.728 fac50 -0.018 lock 0.00 move 0.675 period None frozen 0.02 pr 15.9 sat None dead 0.02 rate None (0 pts) rate_fs None (0 pts) d1 1.1e-01 | 30.3s
run39|tanh|1|0.75|code|53: level 0.804 slevel 0.000 static 0.051 c1 0.997 c50 -0.203 fac1 0.993 fac50 -0.225 lock 0.00 move 0.0771 period None frozen 0.00 pr 6.9 sat 0.006 dead 0.00 rate +0.019 (394 pts) rate_fs +0.019 (394 pts) d1 8.0e-07 | 9.9s
run39|tanh|1|0.75|leak|53: level 0.803 slevel 0.003 static 0.249 c1 0.998 c50 0.207 fac1 0.993 fac50 -0.089 lock 0.00 move 0.0693 period None frozen 0.03 pr 7.1 sat 0.007 dead 0.00 rate +0.023 (394 pts) rate_fs +0.023 (394 pts) d1 8.0e-07 | 7.3s
run39|tanh|1|0.9|code|53: level 0.806 slevel 0.003 static 0.311 c1 1.000 c50 0.480 fac1 0.995 fac50 0.181 lock 0.00 move 0.0271 period None frozen 0.13 pr 3.4 sat 0.006 dead 0.00 rate +0.003 (394 pts) rate_fs +0.003 (394 pts) d1 9.0e-07 | 5.4s
ex16|tanh|1|0.25|leak|53: level 0.774 slevel 0.002 static 0.115 c1 0.952 c50 0.075 fac1 0.944 fac50 -0.031 lock 0.00 move 0.314 period None frozen 0.04 pr 12.3 sat 0.007 dead 0.04 rate +0.048 (205 pts) rate_fs +0.048 (248 pts) d1 8.8e-07 | 28.5s
run39|tanh|1|0.9|leak|53: level 0.808 slevel 0.005 static 0.272 c1 1.000 c50 0.476 fac1 0.995 fac50 0.202 lock 0.00 move 0.0277 period None frozen 0.09 pr 3.3 sat 0.005 dead 0.00 rate +0.007 (394 pts) rate_fs +0.007 (394 pts) d1 9.0e-07 | 7.3s
run39|tanh|0|0.25|code|53: level 3.66 slevel 0.000 static 0.016 c1 0.755 c50 0.005 fac1 0.756 fac50 -0.010 lock 0.00 move 0.684 period None frozen 0.00 pr 17.0 sat 0.535 dead 0.00 rate +0.379 (18 pts) rate_fs +0.376 (25 pts) d1 1.7e-06 | 3.8s
run39|tanh|0|0.0|code|53: level 2.93 slevel 0.000 static 0.005 c1 -0.013 c50 0.011 fac1 -0.021 fac50 0.004 lock 0.00 move 1.43 period None frozen 0.00 pr 21.7 sat 0.444 dead 0.00 rate +0.440 (15 pts) rate_fs +0.440 (20 pts) d1 1.6e-06 | 6.6s
ex16|tanh|1|0.5|code|53: level 0.775 slevel 0.003 static 0.240 c1 0.990 c50 0.226 fac1 0.983 fac50 -0.017 lock 0.00 move 0.152 period None frozen 0.04 pr 10.2 sat 0.006 dead 0.04 rate +0.035 (285 pts) rate_fs +0.034 (354 pts) d1 7.8e-07 | 32.1s
run39|tanh|0|0.25|leak|53: level 2.66 slevel 0.000 static 0.020 c1 0.786 c50 0.034 fac1 0.786 fac50 0.014 lock 0.00 move 0.637 period None frozen 0.00 pr 16.7 sat 0.403 dead 0.00 rate +0.264 (30 pts) rate_fs +0.268 (37 pts) d1 1.4e-06 | 5.3s
ex16|tanh|1|0.0|code|53: level 0.774 slevel 0.001 static 0.069 c1 0.055 c50 0.055 fac1 -0.016 fac50 -0.013 lock 0.00 move 1.37 period None frozen 0.04 pr 19.8 sat 0.008 dead 0.04 rate +0.081 (107 pts) rate_fs +0.081 (135 pts) d1 1.1e-06 | 37.9s
run39|tanh|0|0.5|code|53: level 5.63 slevel 0.001 static 0.064 c1 0.937 c50 -0.003 fac1 0.932 fac50 -0.057 lock 0.00 move 0.344 period None frozen 0.00 pr 13.8 sat 0.680 dead 0.00 rate +0.325 (23 pts) rate_fs +0.321 (32 pts) d1 1.3e-06 | 7.1s
ex16|wta|0|0.9|code|52: level 3.81 slevel 0.031 static 0.220 c1 0.994 c50 0.155 fac1 0.990 fac50 -0.093 lock 0.00 move 0.101 period None frozen 0.02 pr 7.2 sat None dead 0.02 rate None (0 pts) rate_fs None (0 pts) d1 2.2e-02 | 45.7s
run39|tanh|0|0.5|leak|53: level 2.68 slevel 0.000 static 0.029 c1 0.956 c50 -0.037 fac1 0.954 fac50 -0.053 lock 0.00 move 0.29 period None frozen 0.00 pr 12.3 sat 0.408 dead 0.00 rate +0.141 (58 pts) rate_fs +0.146 (72 pts) d1 1.0e-06 | 5.3s
ex16|tanh|0|0.0|code|53: level 2.46 slevel 0.000 static 0.010 c1 0.007 c50 0.007 fac1 -0.004 fac50 -0.003 lock 0.00 move 1.41 period None frozen 0.04 pr 20.6 sat 0.373 dead 0.04 rate +0.418 (16 pts) rate_fs +0.415 (22 pts) d1 1.7e-06 | 19.9s
ex16|wta|0|0.5|leak|52: level 0.382 slevel 0.031 static 0.137 c1 0.751 c50 0.125 fac1 0.728 fac50 -0.012 lock 0.00 move 0.672 period None frozen 0.05 pr 15.8 sat None dead 0.02 rate None (0 pts) rate_fs None (0 pts) d1 1.1e-01 | 51.6s
ex16|wta|0|0.75|leak|52: level 0.378 slevel 0.031 static 0.168 c1 0.957 c50 0.138 fac1 0.948 fac50 -0.043 lock 0.00 move 0.28 period None frozen 0.09 pr 11.5 sat None dead 0.02 rate None (0 pts) rate_fs None (0 pts) d1 5.5e-02 | 51.6s
ex16|tanh|0|0.25|code|53: level 3.09 slevel 0.001 static 0.060 c1 0.775 c50 0.035 fac1 0.765 fac50 -0.023 lock 0.00 move 0.66 period None frozen 0.04 pr 17.2 sat 0.468 dead 0.04 rate +0.355 (20 pts) rate_fs +0.351 (27 pts) d1 1.6e-06 | 19.8s
run39|tanh|0|0.75|code|53: level 11.4 slevel 0.001 static 0.065 c1 0.987 c50 0.027 fac1 0.982 fac50 -0.033 lock 0.00 move 0.16 period None frozen 0.00 pr 9.9 sat 0.836 dead 0.00 rate +0.232 (34 pts) rate_fs +0.230 (44 pts) d1 1.2e-06 | 7.2s
run39|tanh|0|0.75|leak|53: level 2.67 slevel 0.002 static 0.083 c1 0.992 c50 -0.037 fac1 0.988 fac50 -0.105 lock 0.00 move 0.121 period None frozen 0.00 pr 8.6 sat 0.405 dead 0.00 rate +0.074 (128 pts) rate_fs +0.075 (155 pts) d1 8.8e-07 | 5.9s
ex16|tanh|1|0.75|leak|53: level 0.775 slevel 0.004 static 0.260 c1 0.998 c50 0.265 fac1 0.993 fac50 -0.020 lock 0.00 move 0.0608 period None frozen 0.07 pr 6.0 sat 0.006 dead 0.04 rate +0.018 (394 pts) rate_fs +0.018 (394 pts) d1 8.0e-07 | 31.7s
ex16|tanh|0|0.5|code|53: level 4.75 slevel 0.001 static 0.087 c1 0.939 c50 0.092 fac1 0.932 fac50 -0.001 lock 0.00 move 0.343 period None frozen 0.04 pr 14.0 sat 0.622 dead 0.04 rate +0.270 (29 pts) rate_fs +0.271 (38 pts) d1 1.3e-06 | 19.9s
run39|tanh|0|0.9|code|53: level 28 slevel 0.004 static 0.211 c1 0.998 c50 0.182 fac1 0.993 fac50 -0.052 lock 0.00 move 0.0635 period None frozen 0.00 pr 5.8 sat 0.932 dead 0.00 rate +0.179 (51 pts) rate_fs +0.155 (76 pts) d1 1.1e-06 | 7.3s
ex16|tanh|1|0.75|code|53: level 0.776 slevel 0.005 static 0.318 c1 0.999 c50 0.294 fac1 0.994 fac50 -0.031 lock 0.00 move 0.0565 period None frozen 0.11 pr 5.3 sat 0.006 dead 0.04 rate +0.015 (394 pts) rate_fs +0.015 (394 pts) d1 8.1e-07 | 42.3s
run39|tanh|0|0.9|leak|53: level 2.7 slevel 0.005 static 0.243 c1 0.999 c50 0.329 fac1 0.995 fac50 0.081 lock 0.00 move 0.0418 period None frozen 0.02 pr 4.3 sat 0.410 dead 0.00 rate +0.034 (292 pts) rate_fs +0.033 (360 pts) d1 9.1e-07 | 7.0s
ex16|tanh|1|0.9|leak|53: level 0.774 slevel 0.008 static 0.525 c1 1.000 c50 0.685 fac1 0.995 fac50 0.239 lock 0.00 move 0.0208 period None frozen 0.27 pr 3.0 sat 0.006 dead 0.04 rate +0.007 (394 pts) rate_fs +0.007 (394 pts) d1 9.1e-07 | 31.5s
ex16|tanh|0|0.25|leak|53: level 2.25 slevel 0.001 static 0.046 c1 0.821 c50 0.014 fac1 0.815 fac50 -0.033 lock 0.00 move 0.591 period None frozen 0.04 pr 16.2 sat 0.336 dead 0.04 rate +0.226 (34 pts) rate_fs +0.224 (44 pts) d1 1.3e-06 | 24.3s
run39|sig4_0|1|0.0|code|53: level 0.802 slevel 0.604 static 0.996 c1 0.995 c50 0.995 fac1 -0.334 fac50 -0.276 lock 0.00 move 0.143 period 4 frozen 0.94 pr 2.6 sat 0.128 dead 0.00 rate -0.000 (394 pts) rate_fs -0.000 (394 pts) d1 8.2e-07 | 9.2s
ex16|tanh|1|0.5|leak|53: level 0.773 slevel 0.003 static 0.187 c1 0.990 c50 0.177 fac1 0.985 fac50 -0.012 lock 0.00 move 0.147 period None frozen 0.04 pr 9.7 sat 0.007 dead 0.04 rate +0.031 (306 pts) rate_fs +0.031 (379 pts) d1 7.6e-07 | 55.4s
ex16|tanh|0|0.5|leak|53: level 2.27 slevel 0.001 static 0.078 c1 0.962 c50 0.006 fac1 0.957 fac50 -0.067 lock 0.00 move 0.268 period None frozen 0.04 pr 12.4 sat 0.340 dead 0.04 rate +0.142 (61 pts) rate_fs +0.140 (79 pts) d1 9.6e-07 | 25.2s
run39|sig4_0|1|0.5|code|53: level 0.803 slevel 0.603 static 1.000 c1 1.000 c50 1.000 fac1 -0.076 fac50 -0.706 lock 0.63 move 0.037 period 4 frozen 0.99 pr 2.1 sat 0.130 dead 0.00 rate -0.000 (394 pts) rate_fs -0.000 (394 pts) d1 6.5e-07 | 9.0s
ex16|tanh|0|0.75|code|53: level 9.69 slevel 0.002 static 0.136 c1 0.988 c50 0.084 fac1 0.983 fac50 -0.048 lock 0.00 move 0.153 period None frozen 0.04 pr 9.7 sat 0.791 dead 0.04 rate +0.206 (35 pts) rate_fs +0.194 (48 pts) d1 1.2e-06 | 26.3s
run39|sig4_0|1|0.25|leak|53: level 0.802 slevel 0.603 static 1.000 c1 1.000 c50 1.000 fac1 -0.112 fac50 -0.646 lock 0.04 move 0.0718 period 4 frozen 0.98 pr 2.2 sat 0.131 dead 0.00 rate -0.000 (394 pts) rate_fs -0.000 (394 pts) d1 6.6e-07 | 10.6s
ex16|tanh|0|0.9|code|53: level 24.4 slevel 0.002 static 0.232 c1 0.998 c50 0.263 fac1 0.994 fac50 0.018 lock 0.00 move 0.0597 period None frozen 0.05 pr 5.4 sat 0.895 dead 0.04 rate +0.143 (47 pts) rate_fs +0.135 (67 pts) d1 1.2e-06 | 20.7s
ex16|tanh|1|0.9|code|53: level 0.775 slevel 0.012 static 0.715 c1 1.000 c50 0.810 fac1 0.993 fac50 0.219 lock 0.00 move 0.0181 period None frozen 0.42 pr 3.1 sat 0.007 dead 0.04 rate +0.006 (394 pts) rate_fs +0.006 (394 pts) d1 9.2e-07 | 45.3s
run39|sig4_0|1|0.5|leak|53: level 0.803 slevel 0.603 static 1.000 c1 1.000 c50 1.000 fac1 -0.076 fac50 -0.706 lock 0.63 move 0.037 period 4 frozen 0.99 pr 2.1 sat 0.130 dead 0.00 rate -0.000 (394 pts) rate_fs -0.000 (394 pts) d1 6.5e-07 | 10.5s
run39|sig4_0|1|0.25|code|53: level 0.802 slevel 0.603 static 1.000 c1 1.000 c50 1.000 fac1 -0.112 fac50 -0.646 lock 0.04 move 0.0718 period 4 frozen 0.98 pr 2.2 sat 0.131 dead 0.00 rate -0.000 (394 pts) rate_fs -0.000 (394 pts) d1 6.7e-07 | 16.2s
run39|sig4_0|1|0.75|code|53: level 0.803 slevel 0.602 static 1.000 c1 1.000 c50 1.000 fac1 -0.058 fac50 -0.737 lock 0.92 move 0.0156 period 4 frozen 1.00 pr 2.0 sat 0.129 dead 0.00 rate -0.001 (394 pts) rate_fs -0.001 (394 pts) d1 7.8e-07 | 9.0s
run39|sig4_0|1|0.75|leak|53: level 0.803 slevel 0.602 static 1.000 c1 1.000 c50 1.000 fac1 -0.058 fac50 -0.737 lock 0.92 move 0.0156 period 4 frozen 1.00 pr 2.0 sat 0.129 dead 0.00 rate -0.001 (394 pts) rate_fs -0.001 (394 pts) d1 7.8e-07 | 10.3s
run39|sig4_0|1|0.9|code|53: level 0.803 slevel 0.602 static 1.000 c1 1.000 c50 1.000 fac1 -0.053 fac50 -0.720 lock 0.96 move 0.00573 period 4 frozen 1.00 pr 2.0 sat 0.129 dead 0.00 rate -0.002 (394 pts) rate_fs -0.002 (394 pts) d1 9.0e-07 | 8.9s
run39|sig4_0|0|0.0|code|53: level 2.25 slevel 0.522 static 0.905 c1 0.906 c50 0.905 fac1 -0.031 fac50 -0.016 lock 0.00 move 0.436 period None frozen 0.37 pr 16.4 sat 0.320 dead 0.00 rate +0.265 (28 pts) rate_fs +0.268 (37 pts) d1 1.3e-06 | 6.3s
run39|sig4_0|1|0.9|leak|53: level 0.803 slevel 0.602 static 1.000 c1 1.000 c50 1.000 fac1 -0.053 fac50 -0.720 lock 0.96 move 0.00573 period 4 frozen 1.00 pr 2.0 sat 0.129 dead 0.00 rate -0.001 (394 pts) rate_fs -0.001 (394 pts) d1 9.0e-07 | 10.5s
run39|sig4_0|0|0.25|code|53: level 3.01 slevel 0.514 static 0.925 c1 0.984 c50 0.929 fac1 0.771 fac50 -0.007 lock 0.00 move 0.18 period None frozen 0.46 pr 11.9 sat 0.359 dead 0.00 rate +0.174 (46 pts) rate_fs +0.174 (62 pts) d1 1.3e-06 | 6.8s
ex16|tanh|0|0.75|leak|53: level 2.25 slevel 0.002 static 0.162 c1 0.994 c50 0.093 fac1 0.989 fac50 -0.076 lock 0.00 move 0.111 period None frozen 0.04 pr 8.7 sat 0.335 dead 0.04 rate +0.071 (129 pts) rate_fs +0.071 (161 pts) d1 8.6e-07 | 45.7s
run39|sig4_0|0|0.25|leak|53: level 2.23 slevel 0.527 static 0.941 c1 0.991 c50 0.939 fac1 0.834 fac50 -0.034 lock 0.00 move 0.135 period None frozen 0.52 pr 10.7 sat 0.320 dead 0.00 rate +0.091 (89 pts) rate_fs +0.097 (110 pts) d1 1.0e-06 | 8.4s
ex16|sig4_0|1|0.25|code|53: level 0.782 slevel 0.602 static 0.999 c1 1.000 c50 0.999 fac1 0.772 fac50 -0.041 lock 0.17 move 0.0887 period None frozen 0.91 pr 7.4 sat 0.120 dead 0.03 rate -0.000 (394 pts) rate_fs -0.000 (394 pts) d1 6.8e-07 | 38.8s
ex16|sig4_0|1|0.5|code|53: level 0.783 slevel 0.600 static 1.000 c1 1.000 c50 0.999 fac1 0.948 fac50 -0.056 lock 0.64 move 0.0529 period None frozen 0.93 pr 6.4 sat 0.120 dead 0.03 rate -0.000 (394 pts) rate_fs -0.000 (394 pts) d1 6.6e-07 | 35.7s
ex16|tanh|0|0.9|leak|53: level 2.26 slevel 0.005 static 0.308 c1 0.999 c50 0.363 fac1 0.994 fac50 0.043 lock 0.00 move 0.04 period None frozen 0.07 pr 4.6 sat 0.341 dead 0.04 rate +0.027 (347 pts) rate_fs +0.026 (394 pts) d1 9.2e-07 | 51.7s
run39|sig4_0|0|0.5|code|53: level 4.51 slevel 0.501 static 0.906 c1 0.994 c50 0.906 fac1 0.929 fac50 -0.038 lock 0.00 move 0.109 period None frozen 0.43 pr 11.2 sat 0.400 dead 0.00 rate +0.188 (39 pts) rate_fs +0.190 (55 pts) d1 1.1e-06 | 12.1s
run39|sig4_0|0|0.5|leak|53: level 2.23 slevel 0.523 static 0.940 c1 0.998 c50 0.938 fac1 0.966 fac50 -0.048 lock 0.00 move 0.0587 period None frozen 0.58 pr 8.1 sat 0.319 dead 0.00 rate +0.066 (131 pts) rate_fs +0.068 (165 pts) d1 8.6e-07 | 8.8s
ex16|sig4_0|1|0.9|code|53: level 0.783 slevel 0.601 static 1.000 c1 1.000 c50 1.000 fac1 0.995 fac50 0.033 lock 0.96 move 0.00932 period None frozen 0.98 pr 3.6 sat 0.121 dead 0.03 rate -0.002 (394 pts) rate_fs -0.002 (394 pts) d1 9.0e-07 | 36.0s
ex16|sig4_0|0|0.25|code|53: level 2.57 slevel 0.526 static 0.936 c1 0.988 c50 0.932 fac1 0.816 fac50 -0.029 lock 0.01 move 0.161 period None frozen 0.52 pr 11.2 sat 0.339 dead 0.03 rate +0.137 (58 pts) rate_fs +0.138 (75 pts) d1 1.3e-06 | 29.4s
ex16|sig4_0|1|0.75|leak|53: level 0.78 slevel 0.602 static 1.000 c1 1.000 c50 1.000 fac1 0.985 fac50 -0.080 lock 0.90 move 0.0178 period None frozen 0.96 pr 5.5 sat 0.119 dead 0.03 rate -0.001 (394 pts) rate_fs -0.001 (394 pts) d1 7.8e-07 | 40.8s
run39|sig4_0|0|0.75|leak|53: level 2.23 slevel 0.531 static 0.947 c1 1.000 c50 0.950 fac1 0.989 fac50 0.025 lock 0.00 move 0.0263 period None frozen 0.63 pr 6.5 sat 0.318 dead 0.00 rate +0.031 (304 pts) rate_fs +0.032 (353 pts) d1 8.3e-07 | 10.5s
ex16|sig4_0|1|0.0|code|53: level 0.781 slevel 0.601 static 0.997 c1 0.997 c50 0.997 fac1 -0.016 fac50 -0.012 lock 0.01 move 0.158 period None frozen 0.85 pr 9.5 sat 0.120 dead 0.03 rate -0.000 (394 pts) rate_fs -0.000 (394 pts) d1 8.3e-07 | 62.3s
ex16|sig4_0|0|0.5|code|53: level 3.86 slevel 0.511 static 0.918 c1 0.995 c50 0.918 fac1 0.941 fac50 -0.033 lock 0.01 move 0.0996 period None frozen 0.49 pr 10.5 sat 0.383 dead 0.03 rate +0.162 (51 pts) rate_fs +0.164 (64 pts) d1 1.1e-06 | 28.9s
run39|sig4_0|0|0.75|code|53: level 9.04 slevel 0.489 static 0.896 c1 0.998 c50 0.894 fac1 0.980 fac50 -0.056 lock 0.00 move 0.0554 period None frozen 0.45 pr 9.2 sat 0.444 dead 0.00 rate +0.161 (50 pts) rate_fs +0.156 (67 pts) d1 1.0e-06 | 12.5s
run39|sig4_0|0|0.9|code|53: level 22.6 slevel 0.481 static 0.915 c1 1.000 c50 0.909 fac1 0.992 fac50 -0.087 lock 0.00 move 0.0224 period None frozen 0.55 pr 5.6 sat 0.468 dead 0.00 rate +0.087 (95 pts) rate_fs +0.090 (115 pts) d1 9.5e-07 | 7.3s
ex16|sig4_0|0|0.25|leak|53: level 1.91 slevel 0.542 static 0.964 c1 0.995 c50 0.966 fac1 0.868 fac50 0.052 lock 0.01 move 0.112 period None frozen 0.64 pr 9.7 sat 0.296 dead 0.03 rate +0.067 (136 pts) rate_fs +0.065 (177 pts) d1 1.1e-06 | 39.7s
run39|sig8_0|1|0.0|code|53: level 0.801 slevel 0.537 static 0.939 c1 0.941 c50 0.938 fac1 0.006 fac50 -0.033 lock 0.00 move 0.367 period None frozen 0.53 pr 14.5 sat 0.275 dead 0.00 rate +0.119 (66 pts) rate_fs +0.124 (85 pts) d1 1.1e-06 | 7.1s
ex16|sig4_0|0|0.0|code|53: level 1.92 slevel 0.541 static 0.928 c1 0.929 c50 0.929 fac1 -0.009 fac50 -0.006 lock 0.01 move 0.38 period None frozen 0.47 pr 14.2 sat 0.297 dead 0.03 rate +0.185 (45 pts) rate_fs +0.182 (59 pts) d1 1.3e-06 | 48.9s
run39|sig4_0|0|0.9|leak|53: level 2.23 slevel 0.521 static 0.962 c1 1.000 c50 0.964 fac1 0.995 fac50 0.021 lock 0.88 move 0.00821 period None frozen 0.74 pr 3.9 sat 0.320 dead 0.00 rate +0.011 (394 pts) rate_fs +0.011 (394 pts) d1 9.2e-07 | 10.5s
ex16|sig4_0|0|0.75|code|53: level 7.76 slevel 0.500 static 0.913 c1 0.999 c50 0.915 fac1 0.981 fac50 -0.018 lock 0.01 move 0.0512 period None frozen 0.51 pr 8.4 sat 0.430 dead 0.03 rate +0.135 (58 pts) rate_fs +0.134 (76 pts) d1 1.1e-06 | 30.1s
run39|sig8_0|1|0.25|code|53: level 0.802 slevel 0.532 static 0.964 c1 0.995 c50 0.965 fac1 0.877 fac50 -0.027 lock 0.00 move 0.113 period None frozen 0.67 pr 8.1 sat 0.274 dead 0.00 rate +0.037 (257 pts) rate_fs +0.036 (327 pts) d1 9.2e-07 | 9.3s
ex16|sig4_0|1|0.25|leak|53: level 0.781 slevel 0.602 static 0.999 c1 1.000 c50 0.999 fac1 0.773 fac50 -0.041 lock 0.18 move 0.0796 period None frozen 0.91 pr 7.3 sat 0.119 dead 0.03 rate -0.000 (394 pts) rate_fs -0.000 (394 pts) d1 6.8e-07 | 72.4s
ex16|sig4_0|1|0.75|code|53: level 0.783 slevel 0.599 static 1.000 c1 1.000 c50 1.000 fac1 0.985 fac50 -0.080 lock 0.90 move 0.0243 period None frozen 0.96 pr 5.4 sat 0.120 dead 0.03 rate -0.001 (394 pts) rate_fs -0.001 (394 pts) d1 7.8e-07 | 64.2s
ex16|sig4_0|0|0.5|leak|53: level 1.91 slevel 0.540 static 0.968 c1 0.999 c50 0.967 fac1 0.971 fac50 -0.025 lock 0.01 move 0.0498 period None frozen 0.69 pr 7.6 sat 0.296 dead 0.03 rate +0.046 (215 pts) rate_fs +0.047 (254 pts) d1 8.5e-07 | 39.5s
ex16|sig4_0|1|0.5|leak|53: level 0.781 slevel 0.602 static 1.000 c1 1.000 c50 1.000 fac1 0.948 fac50 -0.057 lock 0.65 move 0.0422 period None frozen 0.94 pr 6.4 sat 0.119 dead 0.03 rate -0.000 (394 pts) rate_fs -0.000 (394 pts) d1 6.5e-07 | 70.4s
run39|sig8_0|1|0.25|leak|53: level 0.802 slevel 0.534 static 0.967 c1 0.994 c50 0.969 fac1 0.843 fac50 0.008 lock 0.00 move 0.119 period None frozen 0.69 pr 7.1 sat 0.276 dead 0.00 rate +0.037 (222 pts) rate_fs +0.037 (293 pts) d1 8.9e-07 | 10.8s
run39|sig8_0|1|0.5|code|53: level 0.803 slevel 0.537 static 0.965 c1 0.999 c50 0.961 fac1 0.972 fac50 -0.140 lock 0.00 move 0.0525 period None frozen 0.70 pr 6.9 sat 0.274 dead 0.00 rate +0.022 (394 pts) rate_fs +0.022 (394 pts) d1 7.5e-07 | 9.2s
run39|sig8_0|1|0.5|leak|53: level 0.803 slevel 0.535 static 0.978 c1 0.999 c50 0.975 fac1 0.969 fac50 -0.156 lock 0.00 move 0.0486 period None frozen 0.74 pr 6.5 sat 0.275 dead 0.00 rate +0.024 (375 pts) rate_fs +0.024 (394 pts) d1 7.7e-07 | 10.7s
ex16|sig4_0|0|0.9|code|53: level 19.4 slevel 0.491 static 0.916 c1 1.000 c50 0.917 fac1 0.993 fac50 -0.024 lock 0.02 move 0.0213 period None frozen 0.58 pr 5.0 sat 0.457 dead 0.03 rate +0.121 (65 pts) rate_fs +0.110 (93 pts) d1 1.1e-06 | 30.8s
run39|sig8_0|1|0.9|code|53: level 0.802 slevel 0.540 static 0.979 c1 1.000 c50 0.981 fac1 0.996 fac50 0.105 lock 0.96 move 0.00717 period None frozen 0.82 pr 2.9 sat 0.275 dead 0.00 rate +0.009 (394 pts) rate_fs +0.009 (394 pts) d1 9.1e-07 | 9.0s
ex16|sig4_0|1|0.9|leak|53: level 0.78 slevel 0.602 static 1.000 c1 1.000 c50 1.000 fac1 0.995 fac50 0.058 lock 0.96 move 0.00651 period None frozen 0.98 pr 3.7 sat 0.119 dead 0.03 rate -0.002 (394 pts) rate_fs -0.002 (394 pts) d1 9.0e-07 | 72.4s
run39|sig8_0|1|0.9|leak|53: level 0.802 slevel 0.536 static 0.971 c1 1.000 c50 0.977 fac1 0.996 fac50 0.154 lock 0.96 move 0.00775 period None frozen 0.80 pr 3.1 sat 0.275 dead 0.00 rate +0.004 (394 pts) rate_fs +0.004 (394 pts) d1 9.1e-07 | 10.6s
run39|sig8_0|1|0.75|code|53: level 0.803 slevel 0.537 static 0.971 c1 1.000 c50 0.964 fac1 0.992 fac50 -0.270 lock 0.06 move 0.0201 period None frozen 0.77 pr 3.8 sat 0.275 dead 0.00 rate +0.009 (394 pts) rate_fs +0.009 (394 pts) d1 8.1e-07 | 16.5s
ex16|sig4_0|0|0.9|leak|53: level 1.92 slevel 0.543 static 0.975 c1 1.000 c50 0.983 fac1 0.994 fac50 0.186 lock 0.96 move 0.00662 period None frozen 0.81 pr 2.9 sat 0.297 dead 0.03 rate +0.011 (394 pts) rate_fs +0.011 (394 pts) d1 9.1e-07 | 40.0s
run39|sig8_0|1|0.75|leak|53: level 0.802 slevel 0.539 static 0.978 c1 1.000 c50 0.973 fac1 0.993 fac50 -0.197 lock 0.16 move 0.0194 period None frozen 0.79 pr 4.3 sat 0.276 dead 0.00 rate +0.013 (394 pts) rate_fs +0.013 (394 pts) d1 8.1e-07 | 18.8s
run39|sig8_0|0|0.0|code|53: level 2.3 slevel 0.508 static 0.842 c1 0.845 c50 0.844 fac1 -0.013 fac50 -0.008 lock 0.00 move 0.562 period None frozen 0.24 pr 18.5 sat 0.405 dead 0.00 rate +0.573 (10 pts) rate_fs +0.578 (14 pts) d1 2.1e-06 | 11.2s
run39|sig8_0|0|0.25|code|53: level 3.02 slevel 0.494 static 0.899 c1 0.967 c50 0.900 fac1 0.651 fac50 -0.019 lock 0.00 move 0.257 period None frozen 0.38 pr 14.3 sat 0.423 dead 0.00 rate +0.403 (17 pts) rate_fs +0.398 (24 pts) d1 1.6e-06 | 11.7s
run39|sig8_0|0|0.25|leak|53: level 2.26 slevel 0.505 static 0.908 c1 0.973 c50 0.913 fac1 0.683 fac50 -0.007 lock 0.00 move 0.233 period None frozen 0.40 pr 14.0 sat 0.401 dead 0.00 rate +0.371 (19 pts) rate_fs +0.365 (25 pts) d1 1.4e-06 | 12.9s
ex16|sig8_0|1|0.25|leak|53: level 0.78 slevel 0.546 static 0.977 c1 0.998 c50 0.975 fac1 0.895 fac50 -0.037 lock 0.01 move 0.107 period None frozen 0.73 pr 8.0 sat 0.274 dead 0.03 rate +0.013 (394 pts) rate_fs +0.013 (394 pts) d1 9.2e-07 | 44.5s
run39|sig8_0|0|0.5|code|53: level 4.54 slevel 0.493 static 0.895 c1 0.991 c50 0.898 fac1 0.907 fac50 -0.022 lock 0.00 move 0.135 period None frozen 0.38 pr 12.0 sat 0.445 dead 0.00 rate +0.311 (24 pts) rate_fs +0.333 (30 pts) d1 1.2e-06 | 8.1s
ex16|sig8_0|1|0.5|leak|53: level 0.78 slevel 0.544 static 0.983 c1 1.000 c50 0.979 fac1 0.976 fac50 -0.166 lock 0.01 move 0.0514 period None frozen 0.79 pr 6.7 sat 0.274 dead 0.03 rate +0.019 (394 pts) rate_fs +0.019 (394 pts) d1 7.8e-07 | 42.9s
ex16|sig4_0|0|0.75|leak|53: level 1.91 slevel 0.540 static 0.970 c1 1.000 c50 0.969 fac1 0.992 fac50 -0.085 lock 0.08 move 0.019 period None frozen 0.75 pr 5.4 sat 0.296 dead 0.03 rate +0.034 (286 pts) rate_fs +0.034 (369 pts) d1 8.3e-07 | 67.8s
ex16|sig8_0|1|0.9|code|53: level 0.782 slevel 0.549 static 0.987 c1 1.000 c50 0.990 fac1 0.995 fac50 0.153 lock 0.95 move 0.01 period None frozen 0.88 pr 2.9 sat 0.275 dead 0.03 rate +0.004 (394 pts) rate_fs +0.004 (394 pts) d1 9.1e-07 | 39.7s
ex16|sig8_0|0|0.0|code|53: level 1.96 slevel 0.513 static 0.859 c1 0.857 c50 0.858 fac1 -0.011 fac50 -0.002 lock 0.01 move 0.535 period None frozen 0.31 pr 16.4 sat 0.386 dead 0.03 rate +0.495 (12 pts) rate_fs +0.496 (17 pts) d1 2.0e-06 | 33.6s
ex16|sig8_0|1|0.0|code|53: level 0.78 slevel 0.544 static 0.953 c1 0.953 c50 0.954 fac1 -0.016 fac50 -0.002 lock 0.01 move 0.336 period None frozen 0.59 pr 13.2 sat 0.274 dead 0.03 rate +0.088 (94 pts) rate_fs +0.088 (123 pts) d1 1.2e-06 | 61.7s
run39|sig8_0|0|0.75|code|53: level 9.11 slevel 0.480 static 0.895 c1 0.998 c50 0.893 fac1 0.979 fac50 -0.041 lock 0.00 move 0.0578 period None frozen 0.45 pr 8.8 sat 0.467 dead 0.00 rate +0.214 (31 pts) rate_fs +0.212 (44 pts) d1 1.6e-06 | 11.5s
ex16|sig8_0|1|0.25|code|53: level 0.782 slevel 0.544 static 0.979 c1 0.998 c50 0.978 fac1 0.882 fac50 -0.041 lock 0.01 move 0.115 period None frozen 0.73 pr 8.7 sat 0.274 dead 0.03 rate +0.012 (394 pts) rate_fs +0.012 (394 pts) d1 9.3e-07 | 64.5s
ex16|sig8_0|1|0.75|leak|53: level 0.779 slevel 0.545 static 0.982 c1 1.000 c50 0.979 fac1 0.994 fac50 -0.119 lock 0.51 move 0.0209 period None frozen 0.82 pr 4.6 sat 0.274 dead 0.03 rate +0.005 (394 pts) rate_fs +0.005 (394 pts) d1 8.1e-07 | 50.2s
run39|sig8_0|0|0.5|leak|53: level 2.26 slevel 0.495 static 0.908 c1 0.994 c50 0.910 fac1 0.928 fac50 -0.011 lock 0.00 move 0.108 period None frozen 0.44 pr 11.0 sat 0.401 dead 0.00 rate +0.162 (46 pts) rate_fs +0.163 (61 pts) d1 1.1e-06 | 16.1s
ex16|sig8_0|1|0.5|code|53: level 0.782 slevel 0.548 static 0.977 c1 1.000 c50 0.978 fac1 0.977 fac50 0.019 lock 0.01 move 0.0621 period None frozen 0.76 pr 6.5 sat 0.274 dead 0.03 rate +0.015 (394 pts) rate_fs +0.015 (394 pts) d1 7.9e-07 | 60.5s
ex16|sig8_0|0|0.25|code|53: level 2.58 slevel 0.507 static 0.910 c1 0.970 c50 0.910 fac1 0.671 fac50 -0.020 lock 0.01 move 0.244 period None frozen 0.43 pr 13.3 sat 0.407 dead 0.03 rate +0.403 (16 pts) rate_fs +0.405 (22 pts) d1 1.7e-06 | 37.5s
ex16|sig8_0|1|0.9|leak|53: level 0.779 slevel 0.546 static 0.991 c1 1.000 c50 0.994 fac1 0.995 fac50 0.261 lock 0.96 move 0.00704 period None frozen 0.90 pr 2.7 sat 0.273 dead 0.03 rate +0.005 (394 pts) rate_fs +0.005 (394 pts) d1 9.1e-07 | 49.6s
run39|sig8_0|0|0.75|leak|53: level 2.27 slevel 0.500 static 0.920 c1 0.999 c50 0.920 fac1 0.985 fac50 -0.083 lock 0.00 move 0.0424 period None frozen 0.54 pr 8.3 sat 0.401 dead 0.00 rate +0.125 (75 pts) rate_fs +0.120 (98 pts) d1 9.0e-07 | 16.3s
run39|sig8_0|0|0.9|code|53: level 22.7 slevel 0.488 static 0.907 c1 1.000 c50 0.908 fac1 0.993 fac50 -0.065 lock 0.00 move 0.0235 period None frozen 0.54 pr 5.7 sat 0.479 dead 0.00 rate +0.131 (66 pts) rate_fs +0.129 (88 pts) d1 1.1e-06 | 14.5s
ex16|sig8_0|0|0.25|leak|53: level 1.93 slevel 0.513 static 0.920 c1 0.978 c50 0.922 fac1 0.710 fac50 -0.001 lock 0.01 move 0.216 period None frozen 0.47 pr 12.8 sat 0.383 dead 0.03 rate +0.303 (26 pts) rate_fs +0.295 (35 pts) d1 1.5e-06 | 42.0s
run39|step1|1|0.25|code|53: level 0.787 slevel 0.160 static 0.490 c1 0.750 c50 0.501 fac1 0.504 fac50 0.002 lock 0.00 move 0.719 period None frozen 0.02 pr 18.5 sat 0.155 dead 0.00 rate +0.057 (7 pts) rate_fs +0.057 (7 pts) d1 2.5e-07 | 8.7s
run39|step1|1|0.0|code|53: level 0.78 slevel 0.155 static 0.294 c1 0.274 c50 0.286 fac1 -0.014 fac50 -0.003 lock 0.00 move 1.21 period None frozen 0.00 pr 21.0 sat 0.152 dead 0.00 rate None (0 pts) rate_fs None (0 pts) d1 0.0e+00 | 10.6s
ex16|sig8_0|1|0.75|code|53: level 0.782 slevel 0.549 static 0.987 c1 1.000 c50 0.986 fac1 0.991 fac50 -0.088 lock 0.61 move 0.026 period None frozen 0.84 pr 5.1 sat 0.276 dead 0.03 rate +0.007 (394 pts) rate_fs +0.007 (394 pts) d1 8.1e-07 | 65.4s
run39|sig8_0|0|0.9|leak|53: level 2.24 slevel 0.508 static 0.930 c1 1.000 c50 0.934 fac1 0.994 fac50 -0.042 lock 0.00 move 0.0171 period None frozen 0.62 pr 5.2 sat 0.395 dead 0.00 rate +0.044 (222 pts) rate_fs +0.044 (269 pts) d1 9.3e-07 | 18.2s
run39|step1|1|0.5|code|53: level 0.799 slevel 0.157 static 0.559 c1 0.938 c50 0.566 fac1 0.850 fac50 -0.009 lock 0.00 move 0.362 period None frozen 0.06 pr 14.9 sat 0.157 dead 0.00 rate -0.095 (10 pts) rate_fs -0.095 (10 pts) d1 4.9e-07 | 6.7s
run39|step1|1|0.25|leak|53: level 0.764 slevel 0.156 static 0.502 c1 0.753 c50 0.497 fac1 0.502 fac50 -0.009 lock 0.00 move 0.713 period None frozen 0.02 pr 18.1 sat 0.150 dead 0.00 rate +0.043 (5 pts) rate_fs +0.043 (5 pts) d1 2.5e-07 | 12.6s
ex16|sig8_0|0|0.5|code|53: level 3.88 slevel 0.502 static 0.907 c1 0.992 c50 0.908 fac1 0.909 fac50 -0.035 lock 0.01 move 0.129 period None frozen 0.44 pr 11.5 sat 0.431 dead 0.03 rate +0.316 (21 pts) rate_fs +0.307 (31 pts) d1 1.7e-06 | 49.4s
run39|step1|1|0.5|leak|53: level 0.762 slevel 0.160 static 0.566 c1 0.939 c50 0.562 fac1 0.857 fac50 -0.025 lock 0.00 move 0.35 period None frozen 0.07 pr 14.3 sat 0.151 dead 0.00 rate -0.470 (12 pts) rate_fs -0.470 (12 pts) d1 5.1e-07 | 10.9s
run39|step1|1|0.75|code|53: level 0.801 slevel 0.158 static 0.532 c1 0.990 c50 0.480 fac1 0.974 fac50 -0.083 lock 0.00 move 0.146 period None frozen 0.09 pr 10.2 sat 0.159 dead 0.00 rate -0.144 (29 pts) rate_fs -0.144 (29 pts) d1 7.4e-07 | 7.9s
run39|step1|1|0.9|code|53: level 0.802 slevel 0.158 static 0.635 c1 0.999 c50 0.594 fac1 0.992 fac50 -0.088 lock 0.00 move 0.0564 period None frozen 0.20 pr 6.5 sat 0.161 dead 0.00 rate -0.075 (79 pts) rate_fs -0.075 (79 pts) d1 9.0e-07 | 6.9s
ex16|sig8_0|0|0.5|leak|53: level 1.93 slevel 0.511 static 0.922 c1 0.995 c50 0.921 fac1 0.937 fac50 -0.016 lock 0.01 move 0.1 period None frozen 0.50 pr 10.5 sat 0.383 dead 0.03 rate +0.143 (57 pts) rate_fs +0.147 (76 pts) d1 1.2e-06 | 49.6s
run39|step1|1|0.75|leak|53: level 0.76 slevel 0.156 static 0.535 c1 0.989 c50 0.512 fac1 0.972 fac50 -0.085 lock 0.00 move 0.149 period None frozen 0.11 pr 10.4 sat 0.149 dead 0.00 rate -0.148 (28 pts) rate_fs -0.148 (28 pts) d1 7.4e-07 | 14.4s
ex16|step1|1|0.0|code|53: level 0.758 slevel 0.153 static 0.270 c1 0.258 c50 0.255 fac1 -0.012 fac50 -0.007 lock 0.00 move 1.22 period None frozen 0.04 pr 19.8 sat 0.146 dead 0.04 rate None (0 pts) rate_fs None (0 pts) d1 0.0e+00 | 36.8s
ex16|sig8_0|0|0.75|code|53: level 7.78 slevel 0.495 static 0.909 c1 0.998 c50 0.902 fac1 0.978 fac50 -0.080 lock 0.01 move 0.058 period None frozen 0.50 pr 8.6 sat 0.454 dead 0.03 rate +0.234 (29 pts) rate_fs +0.237 (41 pts) d1 1.6e-06 | 52.9s
ex16|sig8_0|0|0.75|leak|53: level 1.94 slevel 0.515 static 0.927 c1 0.999 c50 0.923 fac1 0.986 fac50 -0.056 lock 0.01 move 0.04 period None frozen 0.57 pr 7.6 sat 0.383 dead 0.03 rate +0.098 (88 pts) rate_fs +0.095 (118 pts) d1 9.1e-07 | 50.5s
run39|step1|1|0.9|leak|53: level 0.763 slevel 0.158 static 0.593 c1 0.999 c50 0.579 fac1 0.993 fac50 -0.024 lock 0.00 move 0.0533 period None frozen 0.21 pr 5.7 sat 0.154 dead 0.00 rate -0.075 (101 pts) rate_fs -0.075 (101 pts) d1 9.0e-07 | 12.4s
run39|step1|0|0.0|code|53: level 1.85 slevel 0.331 static 0.580 c1 0.582 c50 0.581 fac1 -0.015 fac50 -0.007 lock 0.00 move 0.917 period None frozen 0.03 pr 20.7 sat 0.312 dead 0.00 rate None (0 pts) rate_fs None (0 pts) d1 0.0e+00 | 10.4s
ex16|step1|1|0.25|code|53: level 0.769 slevel 0.154 static 0.456 c1 0.729 c50 0.454 fac1 0.506 fac50 -0.009 lock 0.00 move 0.742 period None frozen 0.05 pr 17.5 sat 0.150 dead 0.04 rate -0.106 (9 pts) rate_fs -0.106 (9 pts) d1 2.5e-07 | 43.7s
ex16|sig8_0|0|0.9|code|53: level 19.5 slevel 0.494 static 0.918 c1 1.000 c50 0.917 fac1 0.993 fac50 -0.045 lock 0.01 move 0.0227 period None frozen 0.58 pr 5.4 sat 0.470 dead 0.03 rate +0.152 (45 pts) rate_fs +0.131 (69 pts) d1 1.4e-06 | 50.9s
ex16|step1|1|0.75|code|53: level 0.776 slevel 0.158 static 0.544 c1 0.989 c50 0.500 fac1 0.972 fac50 -0.066 lock 0.00 move 0.15 period None frozen 0.12 pr 10.2 sat 0.153 dead 0.04 rate -0.273 (37 pts) rate_fs -0.273 (37 pts) d1 7.5e-07 | 33.2s
run39|step1|0|0.25|code|53: level 2.5 slevel 0.372 static 0.764 c1 0.895 c50 0.770 fac1 0.538 fac50 -0.018 lock 0.00 move 0.457 period None frozen 0.14 pr 17.9 sat 0.353 dead 0.00 rate None (2 pts) rate_fs None (2 pts) d1 2.5e-07 | 11.6s
run39|step1|0|0.5|code|53: level 4.04 slevel 0.419 static 0.832 c1 0.980 c50 0.842 fac1 0.874 fac50 -0.006 lock 0.00 move 0.201 period None frozen 0.26 pr 13.8 sat 0.403 dead 0.00 rate -0.407 (8 pts) rate_fs -0.407 (8 pts) d1 5.1e-07 | 7.0s
ex16|step1|1|0.25|leak|53: level 0.747 slevel 0.152 static 0.446 c1 0.723 c50 0.441 fac1 0.507 fac50 -0.003 lock 0.00 move 0.742 period None frozen 0.05 pr 17.4 sat 0.143 dead 0.04 rate -0.164 (10 pts) rate_fs -0.164 (10 pts) d1 2.6e-07 | 48.7s
ex16|step1|1|0.5|code|53: level 0.774 slevel 0.158 static 0.519 c1 0.932 c50 0.507 fac1 0.856 fac50 -0.020 lock 0.00 move 0.373 period None frozen 0.08 pr 14.3 sat 0.152 dead 0.04 rate -0.148 (13 pts) rate_fs -0.148 (13 pts) d1 5.0e-07 | 44.1s
run39|step1|0|0.25|leak|53: level 1.7 slevel 0.317 static 0.727 c1 0.873 c50 0.739 fac1 0.523 fac50 0.003 lock 0.00 move 0.499 period None frozen 0.12 pr 18.0 sat 0.297 dead 0.00 rate -1.038 (3 pts) rate_fs -1.038 (3 pts) d1 2.6e-07 | 13.5s
ex16|step1|1|0.75|leak|53: level 0.742 slevel 0.150 static 0.523 c1 0.988 c50 0.492 fac1 0.972 fac50 -0.056 lock 0.00 move 0.154 period None frozen 0.12 pr 10.3 sat 0.142 dead 0.04 rate -0.145 (38 pts) rate_fs -0.145 (38 pts) d1 7.5e-07 | 42.2s
run39|step1|0|0.5|leak|53: level 1.7 slevel 0.320 static 0.747 c1 0.968 c50 0.751 fac1 0.869 fac50 -0.011 lock 0.00 move 0.246 period None frozen 0.17 pr 14.3 sat 0.297 dead 0.00 rate -0.312 (13 pts) rate_fs -0.312 (13 pts) d1 4.9e-07 | 13.6s
run39|step1|0|0.75|code|53: level 8.59 slevel 0.448 static 0.873 c1 0.997 c50 0.870 fac1 0.974 fac50 -0.064 lock 0.00 move 0.0747 period None frozen 0.37 pr 9.7 sat 0.447 dead 0.00 rate -0.146 (30 pts) rate_fs -0.146 (30 pts) d1 7.5e-07 | 11.3s
ex16|step1|1|0.9|code|53: level 0.775 slevel 0.159 static 0.598 c1 0.999 c50 0.589 fac1 0.993 fac50 -0.024 lock 0.00 move 0.0531 period None frozen 0.23 pr 5.6 sat 0.153 dead 0.04 rate -0.062 (120 pts) rate_fs -0.062 (120 pts) d1 9.0e-07 | 41.7s
ex16|sig8_0|0|0.9|leak|53: level 1.94 slevel 0.518 static 0.938 c1 1.000 c50 0.939 fac1 0.995 fac50 -0.017 lock 0.11 move 0.0145 period None frozen 0.67 pr 4.6 sat 0.382 dead 0.03 rate +0.036 (264 pts) rate_fs +0.036 (325 pts) d1 9.3e-07 | 68.3s
ex16|step1|1|0.5|leak|53: level 0.744 slevel 0.151 static 0.503 c1 0.929 c50 0.495 fac1 0.858 fac50 -0.016 lock 0.00 move 0.375 period None frozen 0.08 pr 14.3 sat 0.142 dead 0.04 rate -0.165 (16 pts) rate_fs -0.165 (16 pts) d1 5.0e-07 | 54.5s
run39|step1|0|0.9|code|53: level 22.6 slevel 0.479 static 0.902 c1 1.000 c50 0.903 fac1 0.993 fac50 -0.088 lock 0.00 move 0.0236 period None frozen 0.55 pr 5.5 sat 0.478 dead 0.00 rate -0.061 (105 pts) rate_fs -0.061 (105 pts) d1 9.0e-07 | 7.1s
run39|step1|0|0.75|leak|53: level 1.69 slevel 0.318 static 0.778 c1 0.995 c50 0.771 fac1 0.973 fac50 -0.056 lock 0.00 move 0.101 period None frozen 0.26 pr 10.4 sat 0.296 dead 0.00 rate -0.168 (31 pts) rate_fs -0.168 (31 pts) d1 7.5e-07 | 13.7s
ex16|step1|0|0.0|code|53: level 1.53 slevel 0.298 static 0.542 c1 0.539 c50 0.541 fac1 -0.005 fac50 -0.004 lock 0.00 move 0.954 period None frozen 0.06 pr 19.5 sat 0.280 dead 0.04 rate None (0 pts) rate_fs None (0 pts) d1 0.0e+00 | 36.9s
ex16|step1|1|0.9|leak|53: level 0.742 slevel 0.151 static 0.550 c1 0.998 c50 0.529 fac1 0.993 fac50 -0.040 lock 0.00 move 0.0569 period None frozen 0.22 pr 5.9 sat 0.144 dead 0.04 rate -0.089 (126 pts) rate_fs -0.089 (126 pts) d1 9.0e-07 | 49.0s
run39|tri0.3|1|0.25|code|53: level 0.802 slevel 0.467 static 0.960 c1 0.991 c50 0.958 fac1 0.765 fac50 -0.028 lock 0.00 move 0.154 period None frozen 0.61 pr 11.4 sat None dead 0.00 rate +0.319 (20 pts) rate_fs +0.321 (29 pts) d1 1.7e-06 | 9.4s
run39|tri0.3|1|0.0|code|53: level 0.8 slevel 0.469 static 0.907 c1 0.907 c50 0.907 fac1 -0.030 fac50 -0.011 lock 0.00 move 0.459 period None frozen 0.42 pr 16.9 sat None dead 0.00 rate +0.834 (6 pts) rate_fs +0.830 (10 pts) d1 2.5e-06 | 10.7s
run39|step1|0|0.9|leak|53: level 1.7 slevel 0.327 static 0.799 c1 0.999 c50 0.786 fac1 0.992 fac50 -0.123 lock 0.00 move 0.0365 period None frozen 0.36 pr 6.0 sat 0.299 dead 0.00 rate -0.069 (91 pts) rate_fs -0.069 (91 pts) d1 9.0e-07 | 14.4s
ex16|step1|0|0.5|code|53: level 3.42 slevel 0.391 static 0.844 c1 0.980 c50 0.838 fac1 0.871 fac50 -0.033 lock 0.00 move 0.2 period None frozen 0.29 pr 13.1 sat 0.382 dead 0.04 rate -0.782 (12 pts) rate_fs -0.782 (12 pts) d1 5.1e-07 | 33.2s
ex16|step1|0|0.25|code|53: level 2.11 slevel 0.344 static 0.783 c1 0.897 c50 0.777 fac1 0.534 fac50 -0.022 lock 0.00 move 0.45 period None frozen 0.19 pr 16.6 sat 0.329 dead 0.04 rate -1.016 (3 pts) rate_fs -1.016 (3 pts) d1 2.5e-07 | 42.6s
run39|tri0.3|1|0.25|leak|53: level 0.802 slevel 0.466 static 0.959 c1 0.991 c50 0.957 fac1 0.768 fac50 -0.053 lock 0.00 move 0.154 period None frozen 0.60 pr 11.1 sat None dead 0.00 rate +0.561 (11 pts) rate_fs +0.432 (20 pts) d1 2.2e-06 | 17.0s
run39|tri0.3|1|0.5|code|53: level 0.802 slevel 0.467 static 0.962 c1 0.998 c50 0.963 fac1 0.948 fac50 0.014 lock 0.00 move 0.0707 period None frozen 0.64 pr 9.2 sat None dead 0.00 rate +0.191 (42 pts) rate_fs +0.213 (58 pts) d1 1.1e-06 | 11.2s
ex16|step1|0|0.25|leak|53: level 1.4 slevel 0.283 static 0.705 c1 0.862 c50 0.704 fac1 0.539 fac50 -0.005 lock 0.00 move 0.52 period None frozen 0.13 pr 16.9 sat 0.263 dead 0.04 rate -1.042 (3 pts) rate_fs -1.042 (3 pts) d1 2.5e-07 | 50.0s
ex16|step1|0|0.75|code|53: level 7.29 slevel 0.441 static 0.873 c1 0.997 c50 0.864 fac1 0.975 fac50 -0.073 lock 0.00 move 0.0737 period None frozen 0.41 pr 9.2 sat 0.431 dead 0.04 rate -0.269 (37 pts) rate_fs -0.269 (37 pts) d1 7.5e-07 | 41.8s
run39|tri0.3|1|0.5|leak|53: level 0.801 slevel 0.466 static 0.957 c1 0.998 c50 0.954 fac1 0.952 fac50 -0.087 lock 0.00 move 0.0715 period None frozen 0.64 pr 8.9 sat None dead 0.00 rate +0.231 (34 pts) rate_fs +0.245 (52 pts) d1 9.7e-07 | 16.8s
run39|tri0.3|1|0.75|code|53: level 0.802 slevel 0.466 static 0.958 c1 1.000 c50 0.962 fac1 0.990 fac50 0.014 lock 0.00 move 0.0277 period None frozen 0.69 pr 5.0 sat None dead 0.00 rate +0.059 (89 pts) rate_fs +0.072 (121 pts) d1 2.2e-05 | 17.3s
ex16|step1|0|0.5|leak|53: level 1.39 slevel 0.278 static 0.737 c1 0.967 c50 0.735 fac1 0.872 fac50 -0.019 lock 0.00 move 0.257 period None frozen 0.18 pr 13.6 sat 0.262 dead 0.04 rate -0.657 (12 pts) rate_fs -0.657 (12 pts) d1 5.0e-07 | 51.2s
ex16|step1|0|0.9|code|53: level 18.9 slevel 0.468 static 0.913 c1 1.000 c50 0.911 fac1 0.993 fac50 -0.048 lock 0.00 move 0.0247 period None frozen 0.57 pr 5.5 sat 0.458 dead 0.04 rate -0.043 (128 pts) rate_fs -0.043 (128 pts) d1 9.0e-07 | 44.5s
ex16|step1|0|0.75|leak|53: level 1.4 slevel 0.280 static 0.757 c1 0.994 c50 0.744 fac1 0.974 fac50 -0.044 lock 0.00 move 0.104 period None frozen 0.25 pr 9.7 sat 0.263 dead 0.04 rate -0.211 (37 pts) rate_fs -0.211 (37 pts) d1 7.5e-07 | 48.9s
run39|tri0.3|1|0.75|leak|53: level 0.801 slevel 0.469 static 0.966 c1 1.000 c50 0.962 fac1 0.988 fac50 -0.106 lock 0.00 move 0.0283 period None frozen 0.70 pr 6.4 sat None dead 0.00 rate +0.153 (62 pts) rate_fs +0.103 (104 pts) d1 8.4e-07 | 15.0s
ex16|step1|0|0.9|leak|53: level 1.39 slevel 0.274 static 0.785 c1 0.999 c50 0.792 fac1 0.993 fac50 -0.013 lock 0.00 move 0.0379 period None frozen 0.37 pr 5.5 sat 0.261 dead 0.04 rate -0.111 (110 pts) rate_fs -0.111 (110 pts) d1 9.0e-07 | 47.4s
run39|tri0.3|1|0.9|code|53: level 0.803 slevel 0.474 static 0.970 c1 1.000 c50 0.977 fac1 0.995 fac50 0.166 lock 0.94 move 0.00893 period None frozen 0.79 pr 3.1 sat None dead 0.00 rate +0.052 (188 pts) rate_fs +0.039 (306 pts) d1 1.1e-06 | 18.6s
run39|tri0.3|0|0.0|code|53: level 3.17 slevel 0.468 static 0.909 c1 0.909 c50 0.909 fac1 -0.017 fac50 -0.004 lock 0.00 move 0.426 period None frozen 0.37 pr 17.6 sat None dead 0.00 rate +0.623 (7 pts) rate_fs +0.649 (11 pts) d1 3.1e-06 | 12.1s
run39|tri0.3|0|0.25|code|53: level 4.78 slevel 0.471 static 0.948 c1 0.990 c50 0.949 fac1 0.795 fac50 -0.035 lock 0.00 move 0.139 period None frozen 0.54 pr 12.1 sat None dead 0.00 rate +0.481 (9 pts) rate_fs +0.422 (17 pts) d1 1.3e-06 | 10.5s
ex16|tri0.3|1|0.0|code|53: level 0.776 slevel 0.464 static 0.917 c1 0.919 c50 0.919 fac1 -0.004 fac50 0.007 lock 0.00 move 0.427 period None frozen 0.48 pr 15.4 sat None dead 0.04 rate None (0 pts) rate_fs +0.374 (3 pts) d1 2.9e-03 | 50.6s
run39|tri0.3|1|0.9|leak|53: level 0.802 slevel 0.469 static 0.983 c1 1.000 c50 0.982 fac1 0.994 fac50 -0.040 lock 0.96 move 0.00824 period None frozen 0.83 pr 4.0 sat None dead 0.00 rate +0.059 (177 pts) rate_fs +0.044 (286 pts) d1 9.1e-07 | 24.0s
run39|tri0.3|0|0.5|code|53: level 8.57 slevel 0.474 static 0.960 c1 0.998 c50 0.960 fac1 0.947 fac50 0.008 lock 0.00 move 0.0625 period None frozen 0.61 pr 9.7 sat None dead 0.00 rate +0.814 (10 pts) rate_fs +0.295 (27 pts) d1 1.7e-06 | 9.8s
run39|tri0.3|0|0.25|leak|53: level 3.17 slevel 0.471 static 0.948 c1 0.990 c50 0.949 fac1 0.807 fac50 0.010 lock 0.00 move 0.138 period None frozen 0.53 pr 11.2 sat None dead 0.00 rate +0.914 (6 pts) rate_fs +0.586 (14 pts) d1 1.2e-06 | 14.9s
ex16|tri0.3|1|0.25|code|53: level 0.777 slevel 0.462 static 0.959 c1 0.991 c50 0.959 fac1 0.781 fac50 -0.005 lock 0.00 move 0.162 period None frozen 0.63 pr 11.4 sat None dead 0.04 rate None (0 pts) rate_fs +0.104 (5 pts) d1 2.4e-03 | 62.8s
ex16|tri0.3|1|0.5|code|53: level 0.777 slevel 0.460 static 0.964 c1 0.998 c50 0.962 fac1 0.949 fac50 -0.034 lock 0.00 move 0.0814 period None frozen 0.68 pr 9.4 sat None dead 0.04 rate None (0 pts) rate_fs +0.112 (10 pts) d1 1.9e-03 | 58.1s
ex16|tri0.3|1|0.5|leak|53: level 0.775 slevel 0.462 static 0.965 c1 0.998 c50 0.964 fac1 0.948 fac50 -0.040 lock 0.00 move 0.0736 period None frozen 0.68 pr 9.4 sat None dead 0.04 rate None (0 pts) rate_fs +0.168 (9 pts) d1 1.4e-03 | 56.5s
run39|tri0.3|0|0.5|leak|53: level 3.17 slevel 0.470 static 0.950 c1 0.998 c50 0.949 fac1 0.949 fac50 -0.024 lock 0.00 move 0.0656 period None frozen 0.58 pr 9.5 sat None dead 0.00 rate +0.262 (35 pts) rate_fs +0.219 (53 pts) d1 9.7e-07 | 16.3s
run39|tri0.3|0|0.75|code|53: level 23 slevel 0.472 static 0.961 c1 1.000 c50 0.955 fac1 0.988 fac50 -0.191 lock 0.00 move 0.0254 period None frozen 0.65 pr 6.8 sat None dead 0.00 rate +0.133 (53 pts) rate_fs +0.121 (83 pts) d1 8.1e-07 | 14.5s
run39|tri0.3|0|0.75|leak|53: level 3.17 slevel 0.468 static 0.957 c1 1.000 c50 0.954 fac1 0.989 fac50 -0.066 lock 0.00 move 0.0254 period None frozen 0.65 pr 7.1 sat None dead 0.00 rate +0.125 (81 pts) rate_fs +0.110 (108 pts) d1 9.4e-07 | 14.7s
ex16|tri0.3|0|0.0|code|53: level 2.57 slevel 0.464 static 0.923 c1 0.924 c50 0.923 fac1 -0.005 fac50 -0.008 lock 0.00 move 0.396 period None frozen 0.45 pr 15.3 sat None dead 0.04 rate None (0 pts) rate_fs None (2 pts) d1 2.2e-03 | 49.8s
ex16|tri0.3|1|0.75|code|53: level 0.777 slevel 0.462 static 0.972 c1 1.000 c50 0.970 fac1 0.987 fac50 -0.080 lock 0.02 move 0.0336 period None frozen 0.75 pr 6.9 sat None dead 0.04 rate None (0 pts) rate_fs +0.091 (15 pts) d1 1.6e-03 | 69.2s
ex16|tri0.3|1|0.9|code|53: level 0.777 slevel 0.460 static 0.975 c1 1.000 c50 0.977 fac1 0.994 fac50 0.009 lock 0.86 move 0.0123 period None frozen 0.81 pr 3.9 sat None dead 0.03 rate None (0 pts) rate_fs +0.035 (50 pts) d1 1.5e-03 | 59.1s
ex16|tri0.3|1|0.25|leak|53: level 0.776 slevel 0.461 static 0.961 c1 0.991 c50 0.959 fac1 0.777 fac50 -0.028 lock 0.00 move 0.157 period None frozen 0.63 pr 11.6 sat None dead 0.04 rate None (0 pts) rate_fs +0.211 (4 pts) d1 2.2e-03 | 86.9s
run39|tri0.3|0|0.9|code|53: level 84.6 slevel 0.466 static 0.963 c1 1.000 c50 0.968 fac1 0.995 fac50 0.023 lock 0.59 move 0.00936 period None frozen 0.72 pr 4.3 sat None dead 0.00 rate +0.035 (261 pts) rate_fs +0.035 (333 pts) d1 9.6e-07 | 19.3s
ex16|tri0.3|0|0.25|code|53: level 3.84 slevel 0.463 static 0.959 c1 0.992 c50 0.959 fac1 0.796 fac50 -0.027 lock 0.00 move 0.134 period None frozen 0.60 pr 11.2 sat None dead 0.04 rate None (0 pts) rate_fs +0.196 (5 pts) d1 1.7e-03 | 54.8s
run39|tri0.3|0|0.9|leak|53: level 3.17 slevel 0.469 static 0.962 c1 1.000 c50 0.964 fac1 0.994 fac50 0.001 lock 0.63 move 0.00923 period None frozen 0.72 pr 4.3 sat None dead 0.00 rate +0.042 (189 pts) rate_fs +0.043 (261 pts) d1 9.4e-07 | 12.1s
ex16|tri0.3|0|0.5|code|53: level 6.85 slevel 0.461 static 0.962 c1 0.998 c50 0.964 fac1 0.950 fac50 -0.002 lock 0.00 move 0.0625 period None frozen 0.63 pr 9.3 sat None dead 0.04 rate None (0 pts) rate_fs +0.089 (16 pts) d1 1.1e-03 | 50.6s
ex16|tri0.3|0|0.25|leak|53: level 2.55 slevel 0.462 static 0.959 c1 0.991 c50 0.960 fac1 0.790 fac50 -0.014 lock 0.00 move 0.134 period None frozen 0.60 pr 11.4 sat None dead 0.04 rate None (0 pts) rate_fs +0.168 (4 pts) d1 1.7e-03 | 54.0s
run39|tri0.7|1|0.0|code|53: level 0.801 slevel 0.382 static 0.952 c1 0.942 c50 0.939 fac1 -0.238 fac50 -0.292 lock 0.00 move 0.358 period None frozen 0.69 pr 3.6 sat None dead 0.00 rate +0.103 (85 pts) rate_fs +0.072 (162 pts) d1 1.2e-06 | 16.6s
ex16|tri0.3|1|0.75|leak|53: level 0.775 slevel 0.465 static 0.966 c1 1.000 c50 0.963 fac1 0.988 fac50 -0.091 lock 0.01 move 0.0296 period None frozen 0.74 pr 6.5 sat None dead 0.04 rate None (0 pts) rate_fs +0.065 (29 pts) d1 7.2e-04 | 80.2s
ex16|tri0.3|1|0.9|leak|53: level 0.774 slevel 0.466 static 0.971 c1 1.000 c50 0.976 fac1 0.994 fac50 0.096 lock 0.89 move 0.0105 period None frozen 0.79 pr 3.4 sat None dead 0.04 rate None (2 pts) rate_fs +0.042 (52 pts) d1 2.9e-04 | 73.5s
run39|tri0.7|1|0.25|leak|53: level 0.799 slevel 0.381 static 0.997 c1 0.999 c50 0.995 fac1 0.651 fac50 -0.407 lock 0.00 move 0.0773 period None frozen 0.90 pr 4.9 sat None dead 0.00 rate +0.026 (394 pts) rate_fs +0.026 (394 pts) d1 8.6e-07 | 16.3s
run39|tri0.7|1|0.25|code|53: level 0.8 slevel 0.382 static 0.996 c1 0.999 c50 0.994 fac1 0.749 fac50 -0.302 lock 0.00 move 0.0777 period None frozen 0.88 pr 5.8 sat None dead 0.00 rate +0.018 (394 pts) rate_fs +0.018 (394 pts) d1 8.4e-07 | 19.5s
ex16|tri0.3|0|0.5|leak|53: level 2.55 slevel 0.461 static 0.961 c1 0.998 c50 0.960 fac1 0.955 fac50 -0.046 lock 0.00 move 0.0615 period None frozen 0.64 pr 9.1 sat None dead 0.04 rate None (0 pts) rate_fs +0.098 (12 pts) d1 1.1e-03 | 61.3s
run39|tri0.7|1|0.5|code|53: level 0.8 slevel 0.385 static 0.999 c1 1.000 c50 0.999 fac1 0.950 fac50 -0.264 lock 0.55 move 0.0342 period None frozen 0.96 pr 3.3 sat None dead 0.00 rate +0.008 (394 pts) rate_fs +0.008 (394 pts) d1 7.6e-07 | 15.1s
ex16|tri0.3|0|0.75|code|53: level 18.5 slevel 0.465 static 0.967 c1 1.000 c50 0.960 fac1 0.989 fac50 -0.167 lock 0.01 move 0.023 period None frozen 0.70 pr 6.3 sat None dead 0.04 rate None (0 pts) rate_fs +0.065 (33 pts) d1 5.7e-04 | 58.1s
run39|tri0.7|1|0.5|leak|53: level 0.797 slevel 0.380 static 0.998 c1 1.000 c50 0.999 fac1 0.967 fac50 0.395 lock 0.47 move 0.0344 period None frozen 0.95 pr 2.5 sat None dead 0.00 rate +0.002 (394 pts) rate_fs +0.002 (394 pts) d1 7.7e-07 | 20.9s
run39|tri0.7|1|0.75|code|53: level 0.798 slevel 0.383 static 0.997 c1 1.000 c50 0.998 fac1 0.990 fac50 0.117 lock 0.92 move 0.0138 period None frozen 0.94 pr 2.5 sat None dead 0.00 rate +0.007 (394 pts) rate_fs +0.007 (394 pts) d1 8.1e-07 | 18.8s
ex16|tri0.3|0|0.75|leak|53: level 2.54 slevel 0.461 static 0.966 c1 1.000 c50 0.960 fac1 0.988 fac50 -0.157 lock 0.01 move 0.0249 period None frozen 0.70 pr 6.6 sat None dead 0.04 rate None (0 pts) rate_fs +0.092 (24 pts) d1 5.7e-04 | 60.4s
run39|tri0.7|1|0.75|leak|53: level 0.8 slevel 0.384 static 0.998 c1 1.000 c50 0.997 fac1 0.994 fac50 -0.289 lock 0.92 move 0.0137 period None frozen 0.95 pr 3.2 sat None dead 0.00 rate +0.008 (394 pts) rate_fs +0.008 (394 pts) d1 7.9e-07 | 20.0s
ex16|tri0.3|0|0.9|code|53: level 68 slevel 0.461 static 0.970 c1 1.000 c50 0.972 fac1 0.994 fac50 -0.013 lock 0.78 move 0.00891 period None frozen 0.76 pr 4.1 sat None dead 0.03 rate +0.139 (7 pts) rate_fs +0.031 (88 pts) d1 2.3e-04 | 60.5s
run39|tri0.7|1|0.9|code|53: level 0.799 slevel 0.385 static 0.997 c1 1.000 c50 0.998 fac1 0.997 fac50 0.289 lock 0.96 move 0.00518 period None frozen 0.95 pr 2.5 sat None dead 0.00 rate +0.004 (394 pts) rate_fs +0.004 (394 pts) d1 9.1e-07 | 18.0s
run39|tri0.7|1|0.9|leak|53: level 0.798 slevel 0.384 static 0.997 c1 1.000 c50 0.998 fac1 0.996 fac50 0.258 lock 0.96 move 0.00519 period None frozen 0.95 pr 2.6 sat None dead 0.00 rate +0.006 (394 pts) rate_fs +0.006 (394 pts) d1 9.1e-07 | 18.3s
run39|tri0.7|0|0.0|code|53: level 22.1 slevel 0.381 static 0.979 c1 0.973 c50 0.987 fac1 -0.403 fac50 0.295 lock 0.00 move 0.243 period None frozen 0.69 pr 4.7 sat None dead 0.00 rate +0.115 (79 pts) rate_fs +0.092 (129 pts) d1 1.2e-06 | 13.9s
ex16|tri0.7|1|0.0|code|53: level 0.773 slevel 0.388 static 0.961 c1 0.961 c50 0.961 fac1 -0.026 fac50 -0.009 lock 0.00 move 0.307 period None frozen 0.61 pr 14.6 sat None dead 0.04 rate +0.095 (50 pts) rate_fs +0.064 (109 pts) d1 1.1e-05 | 62.6s
run39|tri0.7|0|0.25|code|53: level 55.8 slevel 0.381 static 0.994 c1 1.000 c50 0.994 fac1 0.949 fac50 -0.042 lock 0.00 move 0.0225 period None frozen 0.83 pr 6.8 sat None dead 0.00 rate +0.032 (298 pts) rate_fs +0.030 (394 pts) d1 9.9e-07 | 19.0s
ex16|tri0.7|1|0.25|code|53: level 0.773 slevel 0.387 static 0.988 c1 0.998 c50 0.988 fac1 0.866 fac50 -0.010 lock 0.00 move 0.106 period None frozen 0.79 pr 10.7 sat None dead 0.04 rate +0.004 (394 pts) rate_fs +0.004 (394 pts) d1 9.4e-06 | 63.7s
ex16|tri0.7|1|0.25|leak|53: level 0.772 slevel 0.387 static 0.989 c1 0.999 c50 0.989 fac1 0.866 fac50 -0.018 lock 0.00 move 0.0967 period None frozen 0.79 pr 10.7 sat None dead 0.04 rate +0.010 (394 pts) rate_fs +0.010 (394 pts) d1 8.5e-06 | 60.0s
ex16|tri0.7|1|0.5|code|53: level 0.774 slevel 0.383 static 0.993 c1 1.000 c50 0.993 fac1 0.965 fac50 -0.033 lock 0.03 move 0.0577 period None frozen 0.85 pr 8.7 sat None dead 0.04 rate -0.002 (394 pts) rate_fs -0.002 (394 pts) d1 7.7e-06 | 59.7s
ex16|tri0.3|0|0.9|leak|53: level 2.56 slevel 0.464 static 0.972 c1 1.000 c50 0.976 fac1 0.994 fac50 0.071 lock 0.82 move 0.00879 period None frozen 0.78 pr 3.8 sat None dead 0.04 rate +0.114 (9 pts) rate_fs +0.038 (71 pts) d1 2.3e-04 | 78.5s
run39|tri0.7|0|0.5|code|53: level 216 slevel 0.378 static 0.998 c1 1.000 c50 0.998 fac1 0.988 fac50 0.001 lock 1.00 move 0.00644 period None frozen 0.91 pr 4.6 sat None dead 0.00 rate +0.016 (394 pts) rate_fs +0.016 (394 pts) d1 7.7e-07 | 14.9s
run39|tri0.7|0|0.25|leak|53: level 21.4 slevel 0.382 static 0.995 c1 1.000 c50 0.995 fac1 0.941 fac50 -0.127 lock 0.00 move 0.021 period None frozen 0.86 pr 6.2 sat None dead 0.00 rate +0.040 (229 pts) rate_fs +0.035 (334 pts) d1 9.4e-07 | 22.8s
run39|tri0.7|0|0.5|leak|53: level 21.4 slevel 0.380 static 0.997 c1 1.000 c50 0.996 fac1 0.982 fac50 -0.178 lock 0.78 move 0.00836 period None frozen 0.90 pr 5.8 sat None dead 0.00 rate +0.018 (394 pts) rate_fs +0.018 (394 pts) d1 8.3e-07 | 16.5s
ex16|tri0.7|1|0.75|code|53: level 0.774 slevel 0.387 static 0.997 c1 1.000 c50 0.997 fac1 0.990 fac50 -0.075 lock 0.81 move 0.0249 period None frozen 0.91 pr 6.3 sat None dead 0.04 rate +0.001 (394 pts) rate_fs +0.001 (394 pts) d1 6.5e-06 | 69.3s
run39|tri0.7|0|0.75|code|53: level 2.19e+03 slevel 0.379 static 0.998 c1 1.000 c50 0.998 fac1 0.993 fac50 0.127 lock 1.00 move 0.00219 period None frozen 0.93 pr 3.5 sat None dead 0.00 rate +0.007 (394 pts) rate_fs +0.007 (394 pts) d1 8.1e-07 | 19.1s
ex16|tri0.7|1|0.9|code|53: level 0.774 slevel 0.385 static 0.998 c1 1.000 c50 0.999 fac1 0.994 fac50 0.201 lock 0.95 move 0.0094 period None frozen 0.95 pr 3.4 sat None dead 0.04 rate +0.001 (394 pts) rate_fs +0.001 (394 pts) d1 6.2e-06 | 61.8s
ex16|tri0.7|1|0.75|leak|53: level 0.771 slevel 0.386 static 0.997 c1 1.000 c50 0.996 fac1 0.991 fac50 -0.104 lock 0.82 move 0.0184 period None frozen 0.91 pr 6.1 sat None dead 0.04 rate +0.005 (394 pts) rate_fs +0.005 (394 pts) d1 2.9e-06 | 65.3s
ex16|tri0.7|1|0.5|leak|53: level 0.771 slevel 0.387 static 0.992 c1 1.000 c50 0.992 fac1 0.972 fac50 -0.063 lock 0.03 move 0.0472 period None frozen 0.85 pr 8.6 sat None dead 0.04 rate +0.008 (394 pts) rate_fs +0.008 (394 pts) d1 5.7e-06 | 78.1s
run39|tri0.7|0|0.75|leak|53: level 21.9 slevel 0.379 static 0.995 c1 1.000 c50 0.997 fac1 0.995 fac50 0.278 lock 1.00 move 0.0023 period None frozen 0.91 pr 2.5 sat None dead 0.00 rate +0.015 (394 pts) rate_fs +0.015 (394 pts) d1 8.1e-07 | 18.5s
run39|raw|1|0.0|code|53: level 0.801 slevel 0.000 static 0.012 c1 0.482 c50 0.356 fac1 0.483 fac50 0.292 lock 0.00 move 1.01 period None frozen 0.00 pr 2.6 sat None dead 0.00 rate +0.000 (394 pts) rate_fs +0.000 (394 pts) d1 9.6e-07 | 8.0s
run39|tri0.7|0|0.9|code|53: level 4.63e+04 slevel 0.379 static 0.998 c1 1.000 c50 0.999 fac1 0.995 fac50 0.273 lock 1.00 move 0.000964 period None frozen 0.95 pr 2.5 sat None dead 0.00 rate +0.003 (394 pts) rate_fs +0.003 (394 pts) d1 9.1e-07 | 17.8s
ex16|tri0.7|0|0.5|code|53: level 143 slevel 0.391 static 0.997 c1 1.000 c50 0.998 fac1 0.989 fac50 0.131 lock 0.98 move 0.00683 period None frozen 0.91 pr 4.3 sat None dead 0.04 rate +0.015 (338 pts) rate_fs +0.014 (394 pts) d1 4.3e-06 | 47.5s
run39|raw|1|0.25|code|53: level 0.802 slevel 0.000 static 0.015 c1 0.964 c50 0.938 fac1 0.961 fac50 0.783 lock 0.00 move 0.269 period None frozen 0.08 pr 1.9 sat None dead 0.00 rate -0.001 (394 pts) rate_fs -0.001 (394 pts) d1 8.0e-07 | 8.5s
ex16|tri0.7|0|0.0|code|53: level 14.3 slevel 0.391 static 0.989 c1 0.990 c50 0.990 fac1 0.059 fac50 0.001 lock 0.00 move 0.14 period None frozen 0.78 pr 13.0 sat None dead 0.04 rate +0.091 (56 pts) rate_fs +0.058 (129 pts) d1 8.6e-06 | 68.0s
ex16|tri0.7|1|0.9|leak|53: level 0.771 slevel 0.386 static 0.998 c1 1.000 c50 0.999 fac1 0.994 fac50 0.263 lock 0.96 move 0.00648 period None frozen 0.95 pr 3.0 sat None dead 0.04 rate +0.003 (394 pts) rate_fs +0.003 (394 pts) d1 1.5e-06 | 74.7s
run39|tri0.7|0|0.9|leak|53: level 21.5 slevel 0.382 static 0.998 c1 1.000 c50 0.999 fac1 0.994 fac50 0.458 lock 1.00 move 0.000818 period None frozen 0.95 pr 1.6 sat None dead 0.00 rate +0.003 (394 pts) rate_fs +0.003 (394 pts) d1 9.2e-07 | 18.0s
run39|raw|1|0.5|code|53: level 0.802 slevel 0.001 static 0.048 c1 0.985 c50 -0.645 fac1 0.981 fac50 -0.612 lock 0.00 move 0.175 period None frozen 0.03 pr 2.2 sat None dead 0.00 rate +0.002 (394 pts) rate_fs +0.002 (394 pts) d1 7.2e-07 | 5.3s
ex16|tri0.7|0|0.25|code|53: level 37.1 slevel 0.390 static 0.996 c1 1.000 c50 0.996 fac1 0.967 fac50 -0.141 lock 0.03 move 0.0151 period None frozen 0.88 pr 5.5 sat None dead 0.04 rate +0.021 (260 pts) rate_fs +0.020 (394 pts) d1 6.4e-06 | 64.7s
run39|raw|1|0.25|leak|53: level 0.802 slevel 0.000 static 0.015 c1 0.964 c50 0.938 fac1 0.961 fac50 0.783 lock 0.00 move 0.269 period None frozen 0.08 pr 1.9 sat None dead 0.00 rate +0.002 (394 pts) rate_fs +0.002 (394 pts) d1 8.1e-07 | 12.5s
ex16|tri0.7|0|0.25|leak|53: level 14.3 slevel 0.391 static 0.998 c1 1.000 c50 0.998 fac1 0.953 fac50 0.015 lock 0.04 move 0.0168 period None frozen 0.90 pr 7.5 sat None dead 0.04 rate +0.024 (243 pts) rate_fs +0.020 (394 pts) d1 6.4e-06 | 67.3s
run39|raw|1|0.5|leak|53: level 0.801 slevel 0.001 static 0.049 c1 0.985 c50 -0.644 fac1 0.981 fac50 -0.612 lock 0.00 move 0.175 period None frozen 0.03 pr 2.2 sat None dead 0.00 rate +0.002 (394 pts) rate_fs +0.002 (394 pts) d1 7.1e-07 | 8.9s
run39|raw|1|0.75|code|53: level 0.802 slevel 0.003 static 0.160 c1 0.998 c50 -0.028 fac1 0.995 fac50 -0.172 lock 0.00 move 0.059 period None frozen 0.02 pr 5.3 sat None dead 0.00 rate +0.003 (394 pts) rate_fs +0.003 (394 pts) d1 7.9e-07 | 8.8s
run39|raw|1|0.9|code|53: level 0.804 slevel 0.004 static 0.320 c1 1.000 c50 0.704 fac1 0.994 fac50 0.387 lock 0.00 move 0.0171 period None frozen 0.16 pr 2.3 sat None dead 0.00 rate +0.002 (394 pts) rate_fs +0.002 (394 pts) d1 9.0e-07 | 6.0s
run39|raw|1|0.75|leak|53: level 0.803 slevel 0.002 static 0.153 c1 0.998 c50 -0.062 fac1 0.993 fac50 -0.222 lock 0.00 move 0.0653 period None frozen 0.01 pr 5.5 sat None dead 0.00 rate +0.007 (394 pts) rate_fs +0.007 (394 pts) d1 7.9e-07 | 12.6s
ex16|raw|0|0.0|code|53: DIVERGED at step 50
run39|raw|0|0.0|code|53: DIVERGED at step 50
ex16|raw|0|0.25|code|53: DIVERGED at step 50
run39|raw|0|0.25|code|53: DIVERGED at step 50
ex16|raw|0|0.25|leak|53: DIVERGED at step 60
run39|raw|0|0.25|leak|53: DIVERGED at step 60
ex16|raw|0|0.5|code|53: DIVERGED at step 50
run39|raw|0|0.5|code|53: DIVERGED at step 50
ex16|raw|1|0.0|code|53: level 0.774 slevel 0.004 static 0.257 c1 -0.112 c50 0.488 fac1 -0.516 fac50 0.252 lock 0.00 move 1.49 period None frozen 0.04 pr 6.5 sat None dead 0.04 rate +0.001 (394 pts) rate_fs +0.001 (394 pts) d1 1.0e-06 | 39.0s
ex16|tri0.7|0|0.75|code|53: level 1.44e+03 slevel 0.392 static 0.998 c1 1.000 c50 0.998 fac1 0.992 fac50 -0.185 lock 0.99 move 0.00204 period None frozen 0.94 pr 3.9 sat None dead 0.04 rate +0.010 (394 pts) rate_fs +0.010 (394 pts) d1 2.3e-06 | 60.7s
run39|raw|0|0.5|leak|53: DIVERGED at step 70
ex16|raw|0|0.5|leak|53: DIVERGED at step 80
ex16|raw|0|0.75|code|53: DIVERGED at step 50
run39|raw|0|0.75|code|53: DIVERGED at step 50
ex16|raw|1|0.25|code|53: level 0.774 slevel 0.007 static 0.445 c1 0.992 c50 0.384 fac1 0.983 fac50 -0.043 lock 0.00 move 0.157 period None frozen 0.09 pr 7.6 sat None dead 0.04 rate +0.005 (394 pts) rate_fs +0.005 (394 pts) d1 8.3e-07 | 36.4s
run39|raw|0|0.9|code|53: DIVERGED at step 50
run39|raw|1|0.9|leak|53: level 0.804 slevel 0.002 static 0.219 c1 1.000 c50 0.461 fac1 0.995 fac50 0.225 lock 0.00 move 0.0242 period None frozen 0.08 pr 3.1 sat None dead 0.00 rate +0.003 (394 pts) rate_fs +0.003 (394 pts) d1 9.0e-07 | 8.4s
ex16|raw|0|0.9|code|53: DIVERGED at step 50
run39|raw|0|0.75|leak|53: DIVERGED at step 120
run39|raw|0|0.9|leak|53: DIVERGED at step 250
ex16|raw|0|0.75|leak|53: DIVERGED at step 130
ex16|tri0.7|0|0.9|code|53: level 3.05e+04 slevel 0.390 static 0.998 c1 1.000 c50 0.999 fac1 0.994 fac50 0.235 lock 0.99 move 0.00109 period None frozen 0.95 pr 2.8 sat None dead 0.04 rate +0.002 (394 pts) rate_fs +0.002 (394 pts) d1 1.3e-06 | 55.1s
ex16|raw|0|0.9|leak|53: DIVERGED at step 280
run39|relu|1|0.25|code|53: level 0.795 slevel 0.311 static 0.999 c1 1.000 c50 0.998 fac1 0.590 fac50 -0.495 lock 0.00 move 0.0729 period None frozen 0.95 pr 3.0 sat None dead 0.00 rate +0.001 (394 pts) rate_fs +0.001 (394 pts) d1 7.9e-07 | 6.1s
ex16|tri0.7|0|0.75|leak|53: level 14.3 slevel 0.391 static 0.998 c1 1.000 c50 0.998 fac1 0.995 fac50 -0.028 lock 0.99 move 0.00273 period None frozen 0.94 pr 3.6 sat None dead 0.04 rate +0.006 (394 pts) rate_fs +0.006 (394 pts) d1 2.3e-06 | 68.1s
run39|relu|1|0.0|code|53: level 0.793 slevel 0.308 static 0.957 c1 0.937 c50 0.973 fac1 -0.502 fac50 0.273 lock 0.00 move 0.386 period None frozen 0.67 pr 3.5 sat None dead 0.00 rate +0.025 (379 pts) rate_fs +0.025 (394 pts) d1 9.9e-07 | 9.5s
ex16|raw|1|0.5|code|53: level 0.775 slevel 0.012 static 0.831 c1 0.999 c50 0.830 fac1 0.989 fac50 -0.095 lock 0.00 move 0.0639 period None frozen 0.43 pr 4.8 sat None dead 0.04 rate +0.004 (394 pts) rate_fs +0.004 (394 pts) d1 7.3e-07 | 37.9s
ex16|raw|1|0.25|leak|53: level 0.774 slevel 0.007 static 0.467 c1 0.993 c50 0.397 fac1 0.984 fac50 -0.105 lock 0.00 move 0.134 period None frozen 0.09 pr 7.3 sat None dead 0.04 rate +0.007 (394 pts) rate_fs +0.007 (394 pts) d1 8.2e-07 | 46.1s
run39|relu|1|0.25|leak|53: level 0.792 slevel 0.306 static 0.999 c1 1.000 c50 0.999 fac1 0.307 fac50 -0.069 lock 0.00 move 0.067 period None frozen 0.97 pr 3.3 sat None dead 0.00 rate -0.000 (394 pts) rate_fs -0.000 (394 pts) d1 8.0e-07 | 10.1s
ex16|tri0.7|0|0.5|leak|53: level 14.3 slevel 0.390 static 0.998 c1 1.000 c50 0.998 fac1 0.989 fac50 -0.026 lock 0.91 move 0.00723 period None frozen 0.92 pr 5.7 sat None dead 0.04 rate +0.015 (358 pts) rate_fs +0.015 (394 pts) d1 4.3e-06 | 82.0s
ex16|raw|1|0.75|code|53: level 0.774 slevel 0.011 static 0.757 c1 1.000 c50 0.880 fac1 0.991 fac50 0.308 lock 0.05 move 0.0271 period None frozen 0.45 pr 2.3 sat None dead 0.04 rate +0.001 (394 pts) rate_fs +0.001 (394 pts) d1 8.1e-07 | 39.9s
run39|relu|1|0.5|code|53: level 0.795 slevel 0.310 static 1.000 c1 1.000 c50 1.000 fac1 0.855 fac50 0.455 lock 0.61 move 0.0337 period None frozen 0.98 pr 2.5 sat None dead 0.00 rate -0.000 (394 pts) rate_fs -0.000 (394 pts) d1 7.1e-07 | 10.8s
run39|relu|1|0.5|leak|53: level 0.792 slevel 0.308 static 1.000 c1 1.000 c50 1.000 fac1 0.821 fac50 0.297 lock 0.63 move 0.0326 period None frozen 0.98 pr 2.6 sat None dead 0.00 rate -0.000 (394 pts) rate_fs -0.000 (394 pts) d1 7.2e-07 | 13.3s
run39|relu|1|0.75|code|53: level 0.795 slevel 0.310 static 1.000 c1 1.000 c50 1.000 fac1 0.978 fac50 0.786 lock 0.92 move 0.0136 period None frozen 0.99 pr 2.2 sat None dead 0.00 rate +0.000 (394 pts) rate_fs +0.000 (394 pts) d1 7.9e-07 | 10.3s
ex16|raw|1|0.9|code|53: level 0.773 slevel 0.013 static 0.901 c1 1.000 c50 0.967 fac1 0.992 fac50 0.424 lock 0.94 move 0.0105 period None frozen 0.68 pr 1.9 sat None dead 0.04 rate -0.000 (394 pts) rate_fs -0.000 (394 pts) d1 9.2e-07 | 41.4s
ex16|raw|1|0.5|leak|53: level 0.774 slevel 0.008 static 0.487 c1 0.999 c50 0.438 fac1 0.996 fac50 -0.009 lock 0.00 move 0.0557 period None frozen 0.19 pr 4.0 sat None dead 0.04 rate +0.007 (394 pts) rate_fs +0.007 (394 pts) d1 7.3e-07 | 51.0s
run39|relu|1|0.75|leak|53: level 0.792 slevel 0.308 static 1.000 c1 1.000 c50 1.000 fac1 0.915 fac50 0.653 lock 0.92 move 0.0134 period None frozen 1.00 pr 2.5 sat None dead 0.00 rate +0.000 (394 pts) rate_fs +0.000 (394 pts) d1 7.9e-07 | 11.0s
run39|relu|0|0.0|code|53: DIVERGED at step 60
ex16|relu|0|0.0|code|53: DIVERGED at step 70
run39|relu|0|0.25|code|53: DIVERGED at step 60
run39|relu|1|0.9|code|53: level 0.794 slevel 0.310 static 1.000 c1 1.000 c50 1.000 fac1 0.994 fac50 -0.646 lock 0.96 move 0.00496 period None frozen 0.99 pr 2.1 sat None dead 0.00 rate -0.000 (394 pts) rate_fs -0.000 (394 pts) d1 9.1e-07 | 6.2s
ex16|relu|0|0.25|code|53: DIVERGED at step 70
run39|relu|0|0.25|leak|53: DIVERGED at step 80
run39|relu|0|0.5|code|53: DIVERGED at step 60
ex16|relu|0|0.5|code|53: DIVERGED at step 60
run39|relu|0|0.5|leak|53: DIVERGED at step 100
ex16|relu|0|0.25|leak|53: DIVERGED at step 90
run39|relu|0|0.75|code|53: DIVERGED at step 50
ex16|relu|0|0.5|leak|53: DIVERGED at step 110
run39|relu|0|0.75|leak|53: DIVERGED at step 160
ex16|tri0.7|0|0.9|leak|53: level 14.3 slevel 0.391 static 0.998 c1 1.000 c50 0.999 fac1 0.995 fac50 0.346 lock 0.99 move 0.00118 period None frozen 0.95 pr 2.4 sat None dead 0.04 rate +0.001 (394 pts) rate_fs +0.001 (394 pts) d1 1.2e-06 | 77.9s
run39|relu|0|0.9|code|53: DIVERGED at step 50
ex16|relu|0|0.75|code|53: DIVERGED at step 60
ex16|relu|0|0.9|code|53: DIVERGED at step 60
ex16|raw|1|0.75|leak|53: level 0.773 slevel 0.010 static 0.689 c1 1.000 c50 0.855 fac1 0.991 fac50 0.308 lock 0.00 move 0.0216 period None frozen 0.38 pr 2.2 sat None dead 0.04 rate +0.000 (394 pts) rate_fs +0.000 (394 pts) d1 7.9e-07 | 55.4s
ex16|raw|1|0.9|leak|53: level 0.771 slevel 0.017 static 0.866 c1 1.000 c50 0.947 fac1 0.994 fac50 0.427 lock 0.95 move 0.00907 period None frozen 0.63 pr 2.0 sat None dead 0.04 rate -0.000 (394 pts) rate_fs -0.000 (394 pts) d1 9.0e-07 | 48.6s
ex16|relu|1|0.0|code|53: level 0.774 slevel 0.326 static 0.921 c1 0.912 c50 0.919 fac1 -0.100 fac50 -0.011 lock 0.00 move 0.446 period None frozen 0.48 pr 14.2 sat None dead 0.04 rate +0.031 (306 pts) rate_fs +0.030 (394 pts) d1 1.0e-06 | 36.0s
run39|relu|0|0.9|leak|53: DIVERGED at step 360
ex16|relu|0|0.75|leak|53: DIVERGED at step 190
run39|relu|1|0.9|leak|53: level 0.792 slevel 0.309 static 1.000 c1 1.000 c50 1.000 fac1 0.991 fac50 -0.078 lock 0.96 move 0.0049 period None frozen 0.99 pr 2.6 sat None dead 0.00 rate -0.001 (394 pts) rate_fs -0.001 (394 pts) d1 9.1e-07 | 14.8s
ex16|relu|1|0.25|code|53: level 0.775 slevel 0.326 static 0.980 c1 0.998 c50 0.978 fac1 0.895 fac50 -0.077 lock 0.00 move 0.11 period None frozen 0.74 pr 9.4 sat None dead 0.04 rate +0.001 (394 pts) rate_fs +0.001 (394 pts) d1 8.1e-07 | 42.0s
ex16|relu|0|0.9|leak|53: DIVERGED at step 430
ex16|relu|1|0.5|code|53: level 0.776 slevel 0.327 static 0.989 c1 1.000 c50 0.989 fac1 0.974 fac50 0.004 lock 0.01 move 0.0585 period None frozen 0.81 pr 7.6 sat None dead 0.04 rate +0.001 (394 pts) rate_fs +0.001 (394 pts) d1 7.2e-07 | 40.1s
ex16|relu|1|0.75|code|53: level 0.776 slevel 0.325 static 0.994 c1 1.000 c50 0.992 fac1 0.991 fac50 -0.254 lock 0.82 move 0.0246 period None frozen 0.89 pr 5.5 sat None dead 0.04 rate -0.001 (394 pts) rate_fs -0.001 (394 pts) d1 8.0e-07 | 34.7s
run39|tri1.0|1|0.25|code|53: level 0.804 slevel 0.321 static 0.994 c1 0.999 c50 0.999 fac1 0.817 fac50 0.596 lock 0.00 move 0.0785 period None frozen 0.91 pr 2.9 sat None dead 0.00 rate +0.002 (394 pts) rate_fs +0.002 (394 pts) d1 7.8e-07 | 13.8s
ex16|relu|1|0.5|leak|53: level 0.773 slevel 0.328 static 0.992 c1 1.000 c50 0.992 fac1 0.974 fac50 0.002 lock 0.03 move 0.0443 period None frozen 0.85 pr 8.2 sat None dead 0.04 rate +0.000 (394 pts) rate_fs +0.000 (394 pts) d1 7.2e-07 | 41.6s
ex16|relu|1|0.25|leak|53: level 0.774 slevel 0.325 static 0.982 c1 0.998 c50 0.979 fac1 0.904 fac50 -0.099 lock 0.00 move 0.0966 period None frozen 0.75 pr 9.5 sat None dead 0.04 rate +0.001 (394 pts) rate_fs +0.001 (394 pts) d1 8.0e-07 | 49.6s
ex16|relu|1|0.9|code|53: level 0.776 slevel 0.322 static 0.992 c1 1.000 c50 0.996 fac1 0.995 fac50 0.384 lock 0.94 move 0.00931 period None frozen 0.90 pr 2.3 sat None dead 0.04 rate +0.001 (394 pts) rate_fs +0.001 (394 pts) d1 9.1e-07 | 33.5s
run39|tri1.0|1|0.0|code|53: level 0.802 slevel 0.323 static 0.946 c1 0.915 c50 0.959 fac1 -0.542 fac50 0.113 lock 0.00 move 0.43 period None frozen 0.74 pr 2.4 sat None dead 0.00 rate +0.005 (394 pts) rate_fs +0.005 (394 pts) d1 1.0e-06 | 19.4s
run39|tri1.0|1|0.5|code|53: level 0.804 slevel 0.322 static 0.996 c1 1.000 c50 0.994 fac1 0.984 fac50 -0.395 lock 0.51 move 0.0326 period None frozen 0.94 pr 2.2 sat None dead 0.00 rate -0.002 (394 pts) rate_fs -0.002 (394 pts) d1 7.1e-07 | 14.0s
run39|tri1.0|1|0.25|leak|53: level 0.804 slevel 0.321 static 0.994 c1 0.999 c50 0.999 fac1 0.817 fac50 0.595 lock 0.00 move 0.0785 period None frozen 0.91 pr 2.9 sat None dead 0.00 rate +0.001 (394 pts) rate_fs +0.001 (394 pts) d1 7.8e-07 | 19.6s
ex16|relu|1|0.75|leak|53: level 0.773 slevel 0.328 static 0.996 c1 1.000 c50 0.996 fac1 0.992 fac50 0.007 lock 0.87 move 0.0172 period None frozen 0.91 pr 5.5 sat None dead 0.04 rate +0.000 (394 pts) rate_fs +0.000 (394 pts) d1 7.9e-07 | 44.3s
ex16|tri1.0|0|0.0|code|53: DIVERGED at step 70
run39|tri1.0|0|0.0|code|53: DIVERGED at step 60
run39|tri1.0|1|0.5|leak|53: level 0.804 slevel 0.322 static 0.996 c1 1.000 c50 0.994 fac1 0.984 fac50 -0.394 lock 0.51 move 0.0326 period None frozen 0.94 pr 2.2 sat None dead 0.00 rate +0.001 (394 pts) rate_fs +0.001 (394 pts) d1 7.1e-07 | 16.6s
ex16|tri1.0|0|0.25|code|53: DIVERGED at step 70
run39|tri1.0|0|0.25|code|53: DIVERGED at step 60
run39|tri1.0|0|0.25|leak|53: DIVERGED at step 80
ex16|tri1.0|0|0.5|code|53: DIVERGED at step 60
run39|tri1.0|1|0.75|code|53: level 0.804 slevel 0.319 static 0.999 c1 1.000 c50 0.999 fac1 0.994 fac50 -0.297 lock 0.92 move 0.0126 period None frozen 0.98 pr 2.2 sat None dead 0.00 rate -0.000 (394 pts) rate_fs -0.000 (394 pts) d1 7.9e-07 | 18.8s
ex16|tri1.0|0|0.25|leak|53: DIVERGED at step 90
run39|tri1.0|0|0.5|code|53: DIVERGED at step 60
run39|tri1.0|0|0.5|leak|53: DIVERGED at step 100
run39|tri1.0|0|0.75|code|53: DIVERGED at step 60
ex16|tri1.0|0|0.75|code|53: DIVERGED at step 60
run39|tri1.0|1|0.9|code|53: level 0.804 slevel 0.321 static 0.999 c1 1.000 c50 1.000 fac1 0.994 fac50 0.427 lock 0.96 move 0.00453 period None frozen 0.97 pr 2.0 sat None dead 0.00 rate -0.001 (394 pts) rate_fs -0.001 (394 pts) d1 9.1e-07 | 18.9s
ex16|relu|1|0.9|leak|53: level 0.773 slevel 0.328 static 0.997 c1 1.000 c50 0.999 fac1 0.994 fac50 0.331 lock 0.96 move 0.00611 period None frozen 0.94 pr 2.6 sat None dead 0.04 rate +0.000 (394 pts) rate_fs +0.000 (394 pts) d1 9.0e-07 | 49.0s
run39|tri1.0|1|0.75|leak|53: level 0.804 slevel 0.320 static 0.998 c1 1.000 c50 0.998 fac1 0.995 fac50 -0.376 lock 0.92 move 0.0126 period None frozen 0.97 pr 2.1 sat None dead 0.00 rate +0.002 (394 pts) rate_fs +0.002 (394 pts) d1 8.0e-07 | 21.7s
ex16|tri1.0|0|0.5|leak|53: DIVERGED at step 110
run39|tri1.0|1|0.9|leak|53: level 0.804 slevel 0.321 static 0.998 c1 1.000 c50 0.999 fac1 0.994 fac50 0.433 lock 0.96 move 0.00458 period None frozen 0.96 pr 2.0 sat None dead 0.00 rate -0.001 (394 pts) rate_fs -0.001 (394 pts) d1 9.0e-07 | 16.4s
run39|tri1.0|0|0.75|leak|53: DIVERGED at step 170
run39|tri1.0|0|0.9|code|53: DIVERGED at step 50
ex16|tri1.0|0|0.9|code|53: DIVERGED at step 60
run39|tri1.0|0|0.9|leak|53: DIVERGED at step 380
ex16|tri1.0|0|0.75|leak|53: DIVERGED at step 190
run39|kwta4|1|0.0|code|53: level 0.801 slevel 0.114 static 0.204 c1 0.205 c50 0.197 fac1 -0.008 fac50 -0.014 lock 0.00 move 1.26 period None frozen 0.00 pr 20.4 sat None dead 0.00 rate -0.000 (394 pts) rate_fs -0.000 (394 pts) d1 5.8e-07 | 10.9s
ex16|tri1.0|1|0.0|code|53: level 0.774 slevel 0.327 static 0.934 c1 0.932 c50 0.934 fac1 -0.056 fac50 -0.036 lock 0.00 move 0.388 period None frozen 0.52 pr 14.4 sat None dead 0.04 rate +0.015 (394 pts) rate_fs +0.015 (394 pts) d1 1.0e-06 | 56.7s
ex16|tri1.0|1|0.5|code|53: level 0.776 slevel 0.330 static 0.990 c1 1.000 c50 0.989 fac1 0.975 fac50 -0.092 lock 0.01 move 0.0589 period None frozen 0.83 pr 7.7 sat None dead 0.04 rate +0.000 (394 pts) rate_fs +0.000 (394 pts) d1 7.2e-07 | 51.9s
ex16|tri1.0|0|0.9|leak|53: DIVERGED at step 430
ex16|tri1.0|1|0.25|code|53: level 0.775 slevel 0.333 static 0.985 c1 0.998 c50 0.985 fac1 0.891 fac50 0.020 lock 0.00 move 0.108 period None frozen 0.76 pr 10.2 sat None dead 0.04 rate +0.000 (394 pts) rate_fs +0.000 (394 pts) d1 8.0e-07 | 57.9s
run39|kwta4|1|0.25|code|53: level 0.801 slevel 0.114 static 0.336 c1 0.729 c50 0.342 fac1 0.588 fac50 -0.011 lock 0.00 move 0.739 period None frozen 0.01 pr 17.2 sat None dead 0.00 rate -0.000 (394 pts) rate_fs -0.000 (394 pts) d1 5.8e-07 | 19.7s
run39|kwta4|1|0.25|leak|53: level 0.799 slevel 0.115 static 0.330 c1 0.731 c50 0.322 fac1 0.595 fac50 -0.024 lock 0.00 move 0.739 period None frozen 0.01 pr 17.2 sat None dead 0.00 rate -0.000 (394 pts) rate_fs -0.000 (394 pts) d1 5.5e-07 | 17.7s
run39|kwta4|1|0.5|code|53: level 0.801 slevel 0.115 static 0.372 c1 0.940 c50 0.366 fac1 0.900 fac50 -0.024 lock 0.00 move 0.349 period None frozen 0.02 pr 13.5 sat None dead 0.00 rate -0.000 (394 pts) rate_fs -0.000 (394 pts) d1 6.0e-07 | 9.9s
ex16|tri1.0|1|0.25|leak|53: level 0.774 slevel 0.333 static 0.987 c1 0.999 c50 0.986 fac1 0.894 fac50 -0.014 lock 0.00 move 0.0956 period None frozen 0.78 pr 9.9 sat None dead 0.04 rate -0.001 (394 pts) rate_fs -0.001 (394 pts) d1 8.1e-07 | 64.1s
ex16|tri1.0|1|0.9|code|53: level 0.777 slevel 0.333 static 0.998 c1 1.000 c50 0.999 fac1 0.994 fac50 0.208 lock 0.95 move 0.00927 period None frozen 0.95 pr 3.3 sat None dead 0.04 rate -0.001 (394 pts) rate_fs -0.001 (394 pts) d1 9.1e-07 | 49.2s
ex16|tri1.0|1|0.5|leak|53: level 0.774 slevel 0.331 static 0.992 c1 1.000 c50 0.991 fac1 0.975 fac50 -0.140 lock 0.02 move 0.0453 period None frozen 0.85 pr 7.6 sat None dead 0.04 rate -0.001 (394 pts) rate_fs -0.001 (394 pts) d1 7.2e-07 | 62.7s
run39|kwta4|1|0.9|code|53: level 0.804 slevel 0.117 static 0.461 c1 0.999 c50 0.432 fac1 0.994 fac50 -0.044 lock 0.00 move 0.0549 period None frozen 0.12 pr 5.7 sat None dead 0.00 rate -0.001 (394 pts) rate_fs -0.001 (394 pts) d1 9.0e-07 | 9.7s
run39|kwta4|1|0.75|leak|53: level 0.794 slevel 0.116 static 0.424 c1 0.989 c50 0.391 fac1 0.978 fac50 -0.056 lock 0.00 move 0.143 period None frozen 0.04 pr 10.1 sat None dead 0.00 rate -0.000 (394 pts) rate_fs -0.000 (394 pts) d1 7.6e-07 | 11.8s
ex16|tri1.0|1|0.75|leak|53: level 0.774 slevel 0.332 static 0.996 c1 1.000 c50 0.995 fac1 0.991 fac50 -0.240 lock 0.85 move 0.0178 period None frozen 0.91 pr 4.3 sat None dead 0.04 rate +0.000 (394 pts) rate_fs +0.000 (394 pts) d1 7.9e-07 | 61.7s
run39|kwta4|1|0.5|leak|53: level 0.796 slevel 0.115 static 0.388 c1 0.939 c50 0.394 fac1 0.898 fac50 0.001 lock 0.00 move 0.344 period None frozen 0.02 pr 13.9 sat None dead 0.00 rate -0.000 (394 pts) rate_fs -0.000 (394 pts) d1 6.0e-07 | 20.3s
run39|kwta4|0|0.0|code|53: DIVERGED at step 80
run39|kwta4|0|0.25|code|53: DIVERGED at step 70
run39|kwta4|1|0.75|code|53: level 0.801 slevel 0.116 static 0.438 c1 0.990 c50 0.394 fac1 0.978 fac50 -0.059 lock 0.00 move 0.142 period None frozen 0.05 pr 10.0 sat None dead 0.00 rate -0.000 (394 pts) rate_fs -0.000 (394 pts) d1 7.7e-07 | 18.5s
ex16|kwta4|0|0.0|code|53: DIVERGED at step 90
run39|kwta4|0|0.25|leak|53: DIVERGED at step 100
ex16|kwta4|0|0.25|code|53: DIVERGED at step 80
ex16|kwta4|0|0.5|code|53: DIVERGED at step 70
run39|kwta4|0|0.5|code|53: DIVERGED at step 70
ex16|kwta4|0|0.25|leak|53: DIVERGED at step 120
run39|kwta4|0|0.75|code|53: DIVERGED at step 60
run39|kwta4|0|0.5|leak|53: DIVERGED at step 140
run39|kwta4|0|0.75|leak|53: DIVERGED at step 240
ex16|kwta4|0|0.75|code|53: DIVERGED at step 70
run39|kwta4|0|0.9|code|53: DIVERGED at step 60
ex16|kwta4|0|0.5|leak|53: DIVERGED at step 160
ex16|kwta4|0|0.9|code|53: DIVERGED at step 70
ex16|kwta4|1|0.0|code|53: level 0.773 slevel 0.114 static 0.208 c1 0.202 c50 0.203 fac1 -0.009 fac50 -0.004 lock 0.00 move 1.26 period None frozen 0.04 pr 18.6 sat None dead 0.04 rate +0.000 (394 pts) rate_fs +0.000 (394 pts) d1 6.4e-07 | 47.4s
ex16|tri1.0|1|0.75|code|53: level 0.776 slevel 0.333 static 0.994 c1 1.000 c50 0.993 fac1 0.993 fac50 -0.123 lock 0.81 move 0.0249 period None frozen 0.88 pr 4.8 sat None dead 0.04 rate -0.000 (394 pts) rate_fs -0.000 (394 pts) d1 8.0e-07 | 73.0s
ex16|kwta4|0|0.75|leak|53: DIVERGED at step 290
run39|kwta4|0|0.9|leak|53: DIVERGED at step 550
ex16|kwta4|1|0.5|code|53: level 0.774 slevel 0.115 static 0.375 c1 0.939 c50 0.350 fac1 0.902 fac50 -0.028 lock 0.00 move 0.348 period None frozen 0.05 pr 12.9 sat None dead 0.04 rate -0.000 (394 pts) rate_fs -0.000 (394 pts) d1 6.2e-07 | 42.4s
run39|kwta4|1|0.9|leak|53: level 0.791 slevel 0.116 static 0.451 c1 0.999 c50 0.425 fac1 0.993 fac50 -0.039 lock 0.00 move 0.0543 period None frozen 0.12 pr 5.7 sat None dead 0.00 rate -0.001 (394 pts) rate_fs -0.001 (394 pts) d1 9.0e-07 | 17.0s
run39|sign|0|0.0|code|53: level 3.35 slevel 0.000 static 0.004 c1 0.001 c50 -0.000 fac1 -0.004 fac50 -0.003 lock 0.00 move 1.41 period None frozen 0.00 pr 22.2 sat 1.000 dead 0.00 rate None (0 pts) rate_fs None (0 pts) d1 0.0e+00 | 6.8s
ex16|tri1.0|1|0.9|leak|53: level 0.774 slevel 0.334 static 0.999 c1 1.000 c50 0.999 fac1 0.992 fac50 0.220 lock 0.96 move 0.00624 period None frozen 0.96 pr 3.1 sat None dead 0.04 rate -0.001 (394 pts) rate_fs -0.001 (394 pts) d1 9.0e-07 | 74.9s
run39|sign|0|0.25|code|53: level 3.85 slevel 0.000 static 0.014 c1 0.609 c50 -0.003 fac1 0.607 fac50 -0.014 lock 0.00 move 0.877 period None frozen 0.00 pr 19.7 sat 1.000 dead 0.00 rate -1.118 (3 pts) rate_fs -1.118 (3 pts) d1 2.5e-07 | 5.6s
run39|sign|0|0.25|leak|53: level 2.89 slevel 0.000 static 0.011 c1 0.612 c50 0.009 fac1 0.611 fac50 0.002 lock 0.00 move 0.874 period None frozen 0.00 pr 19.7 sat 1.000 dead 0.00 rate None (2 pts) rate_fs None (2 pts) d1 2.6e-07 | 7.1s
run39|sign|0|0.5|code|53: level 5.73 slevel 0.000 static 0.043 c1 0.904 c50 -0.005 fac1 0.899 fac50 -0.043 lock 0.00 move 0.431 period None frozen 0.00 pr 14.8 sat 1.000 dead 0.00 rate -0.360 (14 pts) rate_fs -0.360 (14 pts) d1 5.1e-07 | 7.0s
ex16|kwta4|1|0.25|code|53: level 0.773 slevel 0.114 static 0.341 c1 0.732 c50 0.331 fac1 0.597 fac50 -0.013 lock 0.00 move 0.726 period None frozen 0.04 pr 15.8 sat None dead 0.04 rate -0.000 (394 pts) rate_fs -0.000 (394 pts) d1 5.8e-07 | 65.0s
run39|sign|0|0.5|leak|53: level 2.83 slevel 0.000 static 0.023 c1 0.897 c50 -0.015 fac1 0.895 fac50 -0.031 lock 0.00 move 0.444 period None frozen 0.00 pr 14.9 sat 1.000 dead 0.00 rate -0.250 (10 pts) rate_fs -0.250 (10 pts) d1 5.1e-07 | 8.9s
run39|sign|0|0.75|code|53: level 11.3 slevel 0.000 static 0.065 c1 0.983 c50 -0.062 fac1 0.979 fac50 -0.102 lock 0.00 move 0.182 period None frozen 0.00 pr 10.2 sat 1.000 dead 0.00 rate -0.178 (35 pts) rate_fs -0.178 (35 pts) d1 7.6e-07 | 6.5s
ex16|kwta4|1|0.25|leak|53: level 0.77 slevel 0.114 static 0.340 c1 0.732 c50 0.339 fac1 0.596 fac50 -0.010 lock 0.00 move 0.728 period None frozen 0.04 pr 15.9 sat None dead 0.04 rate -0.000 (394 pts) rate_fs -0.000 (394 pts) d1 5.8e-07 | 62.4s
ex16|kwta4|0|0.9|leak|53: DIVERGED at step 690
run39|sign|0|0.75|leak|53: level 2.87 slevel 0.001 static 0.091 c1 0.984 c50 0.023 fac1 0.979 fac50 -0.085 lock 0.00 move 0.173 period None frozen 0.00 pr 9.5 sat 1.000 dead 0.00 rate -0.125 (30 pts) rate_fs -0.125 (30 pts) d1 7.6e-07 | 6.1s
ex16|sign|0|0.0|code|53: level 2.85 slevel 0.000 static 0.006 c1 0.005 c50 0.002 fac1 -0.003 fac50 -0.004 lock 0.00 move 1.41 period None frozen 0.04 pr 21.1 sat 0.965 dead 0.04 rate None (0 pts) rate_fs None (0 pts) d1 1.5e-01 | 28.6s
run39|sign|0|0.9|code|53: level 28.2 slevel 0.002 static 0.207 c1 0.998 c50 0.142 fac1 0.993 fac50 -0.079 lock 0.00 move 0.0667 period None frozen 0.00 pr 5.9 sat 1.000 dead 0.00 rate -0.059 (81 pts) rate_fs -0.059 (81 pts) d1 9.0e-07 | 8.4s
ex16|sign|0|0.25|code|53: level 3.28 slevel 0.000 static 0.038 c1 0.617 c50 0.030 fac1 0.605 fac50 -0.009 lock 0.00 move 0.866 period None frozen 0.04 pr 19.1 sat 0.965 dead 0.04 rate None (0 pts) rate_fs None (0 pts) d1 1.3e-01 | 30.8s
ex16|kwta4|1|0.9|code|53: level 0.777 slevel 0.117 static 0.460 c1 0.999 c50 0.460 fac1 0.994 fac50 -0.015 lock 0.00 move 0.0521 period None frozen 0.17 pr 5.3 sat None dead 0.04 rate -0.002 (394 pts) rate_fs -0.002 (394 pts) d1 9.0e-07 | 51.2s
run39|sign|0|0.9|leak|53: level 2.82 slevel 0.002 static 0.197 c1 0.998 c50 0.245 fac1 0.993 fac50 0.030 lock 0.00 move 0.0664 period None frozen 0.00 pr 5.3 sat 1.000 dead 0.00 rate -0.069 (89 pts) rate_fs -0.069 (89 pts) d1 9.0e-07 | 6.3s
ex16|kwta4|1|0.75|code|53: level 0.775 slevel 0.116 static 0.405 c1 0.990 c50 0.365 fac1 0.979 fac50 -0.058 lock 0.00 move 0.144 period None frozen 0.08 pr 9.5 sat None dead 0.04 rate -0.000 (394 pts) rate_fs -0.000 (394 pts) d1 7.8e-07 | 67.1s
run39|step0|0|0.25|code|53: level 3.03 slevel 0.485 static 0.873 c1 0.940 c50 0.875 fac1 0.513 fac50 -0.019 lock 0.00 move 0.342 period None frozen 0.31 pr 16.7 sat 0.490 dead 0.00 rate None (1 pts) rate_fs None (1 pts) d1 2.6e-07 | 8.4s
ex16|sign|0|0.5|code|53: level 4.87 slevel 0.001 static 0.075 c1 0.905 c50 0.063 fac1 0.897 fac50 -0.020 lock 0.00 move 0.427 period None frozen 0.04 pr 14.9 sat 0.965 dead 0.04 rate None (0 pts) rate_fs None (0 pts) d1 8.4e-02 | 32.9s
run39|step0|0|0.0|code|53: level 2.34 slevel 0.498 static 0.775 c1 0.779 c50 0.780 fac1 -0.007 fac50 -0.008 lock 0.00 move 0.667 period None frozen 0.14 pr 19.9 sat 0.494 dead 0.00 rate None (0 pts) rate_fs None (0 pts) d1 0.0e+00 | 10.8s
ex16|kwta4|1|0.9|leak|53: level 0.771 slevel 0.117 static 0.486 c1 0.999 c50 0.459 fac1 0.993 fac50 -0.056 lock 0.00 move 0.0529 period None frozen 0.17 pr 5.6 sat None dead 0.04 rate -0.001 (394 pts) rate_fs -0.001 (394 pts) d1 9.0e-07 | 55.8s
ex16|sign|0|0.75|code|53: level 9.93 slevel 0.003 static 0.254 c1 0.985 c50 0.210 fac1 0.977 fac50 -0.057 lock 0.01 move 0.168 period None frozen 0.04 pr 10.5 sat 1.000 dead 0.03 rate None (0 pts) rate_fs None (0 pts) d1 5.5e-02 | 28.6s
ex16|kwta4|1|0.5|leak|53: level 0.77 slevel 0.115 static 0.379 c1 0.936 c50 0.367 fac1 0.894 fac50 -0.030 lock 0.00 move 0.357 period None frozen 0.05 pr 13.2 sat None dead 0.04 rate -0.000 (394 pts) rate_fs -0.000 (394 pts) d1 6.0e-07 | 72.0s
ex16|kwta4|1|0.75|leak|53: level 0.77 slevel 0.116 static 0.389 c1 0.990 c50 0.347 fac1 0.980 fac50 -0.073 lock 0.00 move 0.146 period None frozen 0.07 pr 9.6 sat None dead 0.04 rate -0.000 (394 pts) rate_fs -0.000 (394 pts) d1 7.7e-07 | 68.3s
run39|step0|0|0.25|leak|53: level 2.27 slevel 0.483 static 0.872 c1 0.940 c50 0.874 fac1 0.532 fac50 -0.006 lock 0.00 move 0.337 period None frozen 0.30 pr 16.6 sat 0.489 dead 0.00 rate None (2 pts) rate_fs None (2 pts) d1 2.6e-07 | 9.7s
ex16|sign|0|0.25|leak|53: level 2.47 slevel 0.000 static 0.044 c1 0.623 c50 0.038 fac1 0.610 fac50 -0.008 lock 0.00 move 0.858 period None frozen 0.04 pr 19.0 sat 0.965 dead 0.04 rate None (0 pts) rate_fs None (0 pts) d1 1.3e-01 | 43.3s
ex16|sign|0|0.5|leak|53: level 2.43 slevel 0.001 static 0.069 c1 0.903 c50 0.059 fac1 0.896 fac50 -0.011 lock 0.00 move 0.431 period None frozen 0.04 pr 14.8 sat 0.965 dead 0.04 rate None (0 pts) rate_fs None (0 pts) d1 8.3e-02 | 39.2s
run39|step0|0|0.5|code|53: level 4.54 slevel 0.481 static 0.882 c1 0.986 c50 0.885 fac1 0.873 fac50 -0.036 lock 0.00 move 0.163 period None frozen 0.36 pr 12.8 sat 0.491 dead 0.00 rate -0.356 (7 pts) rate_fs -0.356 (7 pts) d1 5.0e-07 | 10.7s
ex16|sign|0|0.9|code|53: level 25 slevel 0.003 static 0.311 c1 0.998 c50 0.295 fac1 0.993 fac50 -0.037 lock 0.01 move 0.0605 period None frozen 0.06 pr 5.7 sat 1.000 dead 0.03 rate None (0 pts) rate_fs None (0 pts) d1 2.2e-02 | 31.5s
run39|step0|0|0.5|leak|53: level 2.28 slevel 0.487 static 0.889 c1 0.986 c50 0.890 fac1 0.866 fac50 -0.009 lock 0.00 move 0.164 period None frozen 0.37 pr 13.2 sat 0.491 dead 0.00 rate -0.704 (10 pts) rate_fs -0.704 (10 pts) d1 5.1e-07 | 12.7s
run39|step0|0|0.75|code|53: level 9.01 slevel 0.481 static 0.894 c1 0.998 c50 0.889 fac1 0.974 fac50 -0.062 lock 0.00 move 0.0694 period None frozen 0.42 pr 9.9 sat 0.488 dead 0.00 rate -0.206 (37 pts) rate_fs -0.206 (37 pts) d1 7.5e-07 | 10.7s
run39|step0|0|0.75|leak|53: level 2.27 slevel 0.488 static 0.893 c1 0.998 c50 0.896 fac1 0.975 fac50 -0.036 lock 0.00 move 0.0662 period None frozen 0.44 pr 9.3 sat 0.492 dead 0.00 rate -0.129 (36 pts) rate_fs -0.129 (36 pts) d1 7.5e-07 | 7.0s
ex16|sign|0|0.75|leak|53: level 2.5 slevel 0.003 static 0.223 c1 0.985 c50 0.187 fac1 0.978 fac50 -0.041 lock 0.01 move 0.165 period None frozen 0.04 pr 10.0 sat 1.000 dead 0.03 rate None (0 pts) rate_fs None (0 pts) d1 5.5e-02 | 39.9s
ex16|step0|0|0.0|code|53: level 2.03 slevel 0.491 static 0.790 c1 0.790 c50 0.788 fac1 -0.005 fac50 -0.003 lock 0.01 move 0.64 period None frozen 0.21 pr 17.9 sat 0.508 dead 0.03 rate None (0 pts) rate_fs None (0 pts) d1 1.4e-01 | 30.0s
run39|step0|0|0.9|leak|53: level 2.28 slevel 0.481 static 0.926 c1 1.000 c50 0.930 fac1 0.992 fac50 0.028 lock 0.00 move 0.0234 period None frozen 0.58 pr 5.4 sat 0.489 dead 0.00 rate -0.054 (104 pts) rate_fs -0.054 (104 pts) d1 9.0e-07 | 7.4s
run39|step0|0|0.9|code|53: level 22.8 slevel 0.473 static 0.904 c1 1.000 c50 0.910 fac1 0.994 fac50 0.006 lock 0.00 move 0.0234 period None frozen 0.54 pr 5.1 sat 0.490 dead 0.00 rate -0.061 (94 pts) rate_fs -0.061 (94 pts) d1 9.0e-07 | 11.1s
ex16|step0|0|0.25|code|53: level 2.64 slevel 0.491 static 0.888 c1 0.947 c50 0.888 fac1 0.521 fac50 -0.007 lock 0.01 move 0.322 period None frozen 0.37 pr 15.0 sat 0.509 dead 0.03 rate None (0 pts) rate_fs None (0 pts) d1 1.1e-01 | 29.4s
run39|cstep|0|0.0|code|53: level 2.36 slevel 0.497 static 0.775 c1 0.781 c50 0.776 fac1 -0.011 fac50 -0.013 lock 0.00 move 0.664 period None frozen 0.14 pr 19.8 sat 0.499 dead 0.00 rate None (0 pts) rate_fs None (0 pts) d1 0.0e+00 | 11.6s
ex16|sign|0|0.9|leak|53: level 2.5 slevel 0.004 static 0.357 c1 0.998 c50 0.348 fac1 0.993 fac50 -0.024 lock 0.01 move 0.0602 period None frozen 0.08 pr 5.7 sat 1.000 dead 0.03 rate None (0 pts) rate_fs None (0 pts) d1 2.3e-02 | 41.1s
run39|cstep|0|0.5|code|53: level 4.59 slevel 0.492 static 0.901 c1 0.987 c50 0.906 fac1 0.864 fac50 0.004 lock 0.00 move 0.159 period None frozen 0.40 pr 13.2 sat 0.496 dead 0.00 rate -0.341 (10 pts) rate_fs -0.341 (10 pts) d1 5.1e-07 | 6.4s
ex16|step0|0|0.75|code|53: level 7.82 slevel 0.496 static 0.912 c1 0.998 c50 0.909 fac1 0.973 fac50 -0.051 lock 0.01 move 0.065 period None frozen 0.50 pr 9.2 sat 0.494 dead 0.03 rate None (0 pts) rate_fs None (0 pts) d1 3.6e-02 | 25.0s
run39|cstep|0|0.25|leak|53: level 2.3 slevel 0.494 static 0.881 c1 0.946 c50 0.885 fac1 0.527 fac50 0.001 lock 0.00 move 0.33 period None frozen 0.32 pr 16.6 sat 0.497 dead 0.00 rate +0.166 (3 pts) rate_fs +0.166 (3 pts) d1 2.6e-07 | 7.5s
run39|cstep|0|0.25|code|53: level 3.06 slevel 0.494 static 0.880 c1 0.946 c50 0.881 fac1 0.531 fac50 -0.013 lock 0.00 move 0.327 period None frozen 0.32 pr 16.7 sat 0.497 dead 0.00 rate None (2 pts) rate_fs None (2 pts) d1 2.6e-07 | 11.7s
ex16|step0|0|0.5|leak|53: level 1.98 slevel 0.491 static 0.900 c1 0.987 c50 0.900 fac1 0.869 fac50 -0.025 lock 0.01 move 0.158 period None frozen 0.44 pr 12.0 sat 0.509 dead 0.03 rate None (0 pts) rate_fs None (0 pts) d1 7.3e-02 | 33.3s
run39|cstep|0|0.75|code|53: level 9.11 slevel 0.494 static 0.901 c1 0.998 c50 0.896 fac1 0.975 fac50 -0.057 lock 0.00 move 0.0658 period None frozen 0.44 pr 9.4 sat 0.495 dead 0.00 rate -0.210 (28 pts) rate_fs -0.210 (28 pts) d1 7.5e-07 | 6.6s
ex16|step0|0|0.75|leak|53: level 1.96 slevel 0.494 static 0.903 c1 0.998 c50 0.897 fac1 0.975 fac50 -0.081 lock 0.01 move 0.0648 period None frozen 0.49 pr 8.8 sat 0.495 dead 0.03 rate None (0 pts) rate_fs None (0 pts) d1 3.6e-02 | 28.8s
ex16|step0|0|0.25|leak|53: level 1.98 slevel 0.489 static 0.888 c1 0.947 c50 0.887 fac1 0.529 fac50 -0.009 lock 0.01 move 0.323 period None frozen 0.37 pr 15.1 sat 0.509 dead 0.03 rate None (0 pts) rate_fs None (0 pts) d1 1.1e-01 | 42.9s
ex16|step0|0|0.9|code|53: level 19.6 slevel 0.493 static 0.919 c1 1.000 c50 0.917 fac1 0.992 fac50 -0.028 lock 0.01 move 0.0231 period None frozen 0.59 pr 5.3 sat 0.495 dead 0.03 rate None (0 pts) rate_fs +0.116 (3 pts) d1 1.4e-02 | 27.9s
run39|cstep|0|0.5|leak|53: level 2.29 slevel 0.492 static 0.904 c1 0.987 c50 0.906 fac1 0.865 fac50 -0.001 lock 0.00 move 0.162 period None frozen 0.40 pr 13.4 sat 0.497 dead 0.00 rate -0.401 (10 pts) rate_fs -0.401 (10 pts) d1 5.0e-07 | 14.0s
run39|cstep|0|0.9|code|53: level 22.8 slevel 0.505 static 0.911 c1 1.000 c50 0.905 fac1 0.993 fac50 -0.106 lock 0.00 move 0.0238 period None frozen 0.55 pr 5.5 sat 0.500 dead 0.00 rate -0.064 (93 pts) rate_fs -0.064 (93 pts) d1 9.0e-07 | 6.8s
ex16|cstep|0|0.25|code|53: level 2.6 slevel 0.500 static 0.889 c1 0.948 c50 0.889 fac1 0.530 fac50 -0.001 lock 0.00 move 0.327 period None frozen 0.36 pr 15.1 sat 0.518 dead 0.04 rate None (0 pts) rate_fs None (0 pts) d1 1.2e-01 | 26.8s
ex16|step0|0|0.5|code|53: level 3.96 slevel 0.495 static 0.904 c1 0.987 c50 0.903 fac1 0.870 fac50 -0.019 lock 0.01 move 0.156 period None frozen 0.43 pr 12.1 sat 0.509 dead 0.03 rate None (0 pts) rate_fs None (0 pts) d1 7.3e-02 | 42.9s
run39|cstep|0|0.75|leak|53: level 2.29 slevel 0.494 static 0.905 c1 0.998 c50 0.901 fac1 0.975 fac50 -0.055 lock 0.00 move 0.0654 period None frozen 0.46 pr 9.5 sat 0.498 dead 0.00 rate -0.183 (30 pts) rate_fs -0.183 (30 pts) d1 7.5e-07 | 14.3s
run39|wta|0|0.25|code|53: level 0.643 slevel 0.031 static 0.081 c1 0.381 c50 0.085 fac1 0.335 fac50 -0.003 lock 0.00 move 1.1 period None frozen 0.01 pr 19.9 sat None dead 0.00 rate None (2 pts) rate_fs None (2 pts) d1 2.7e-07 | 5.9s
run39|cstep|0|0.9|leak|53: level 2.3 slevel 0.496 static 0.913 c1 1.000 c50 0.913 fac1 0.993 fac50 -0.054 lock 0.00 move 0.024 period None frozen 0.56 pr 5.7 sat 0.500 dead 0.00 rate -0.072 (88 pts) rate_fs -0.072 (88 pts) d1 9.0e-07 | 14.7s
ex16|cstep|0|0.25|leak|53: level 1.95 slevel 0.500 static 0.889 c1 0.949 c50 0.889 fac1 0.529 fac50 -0.016 lock 0.00 move 0.328 period None frozen 0.37 pr 15.1 sat 0.518 dead 0.04 rate None (0 pts) rate_fs None (0 pts) d1 1.2e-01 | 30.9s
run39|wta|0|0.0|code|53: level 0.599 slevel 0.031 static 0.048 c1 0.036 c50 0.037 fac1 -0.012 fac50 -0.010 lock 0.00 move 1.39 period None frozen 0.01 pr 20.8 sat None dead 0.00 rate None (0 pts) rate_fs None (0 pts) d1 0.0e+00 | 10.3s
ex16|cstep|0|0.75|code|53: level 7.92 slevel 0.503 static 0.917 c1 0.998 c50 0.911 fac1 0.974 fac50 -0.075 lock 0.01 move 0.0631 period None frozen 0.51 pr 8.7 sat 0.516 dead 0.03 rate None (0 pts) rate_fs None (0 pts) d1 3.6e-02 | 26.7s
run39|wta|0|0.25|leak|53: level 0.48 slevel 0.031 static 0.081 c1 0.371 c50 0.072 fac1 0.326 fac50 -0.009 lock 0.00 move 1.12 period None frozen 0.02 pr 20.0 sat None dead 0.00 rate None (2 pts) rate_fs None (2 pts) d1 2.4e-07 | 13.2s
ex16|cstep|0|0.75|leak|53: level 1.98 slevel 0.502 static 0.913 c1 0.998 c50 0.909 fac1 0.974 fac50 -0.066 lock 0.01 move 0.0632 period None frozen 0.51 pr 8.8 sat 0.517 dead 0.03 rate None (0 pts) rate_fs None (0 pts) d1 3.7e-02 | 30.6s
run39|wta|0|0.5|code|53: level 0.849 slevel 0.031 static 0.136 c1 0.746 c50 0.121 fac1 0.719 fac50 -0.017 lock 0.00 move 0.697 period None frozen 0.00 pr 16.6 sat None dead 0.00 rate -0.620 (9 pts) rate_fs -0.620 (9 pts) d1 5.3e-07 | 10.6s
ex16|cstep|0|0.9|code|53: level 19.8 slevel 0.501 static 0.923 c1 1.000 c50 0.920 fac1 0.993 fac50 -0.060 lock 0.01 move 0.0232 period None frozen 0.60 pr 5.5 sat 0.516 dead 0.03 rate None (0 pts) rate_fs +0.106 (4 pts) d1 1.4e-02 | 27.7s
ex16|cstep|0|0.0|code|53: level 2 slevel 0.499 static 0.793 c1 0.790 c50 0.794 fac1 -0.007 fac50 -0.003 lock 0.00 move 0.649 period None frozen 0.20 pr 18.0 sat 0.517 dead 0.04 rate None (0 pts) rate_fs None (0 pts) d1 1.5e-01 | 49.5s
ex16|wta|0|0.0|code|53: level 0.519 slevel 0.031 static 0.055 c1 0.053 c50 0.054 fac1 -0.004 fac50 -0.002 lock 0.01 move 1.36 period None frozen 0.05 pr 19.1 sat None dead 0.03 rate None (0 pts) rate_fs None (0 pts) d1 1.8e-01 | 25.5s
run39|wta|0|0.5|leak|53: level 0.423 slevel 0.031 static 0.126 c1 0.743 c50 0.106 fac1 0.718 fac50 -0.022 lock 0.00 move 0.699 period None frozen 0.04 pr 16.8 sat None dead 0.00 rate -0.295 (12 pts) rate_fs -0.295 (12 pts) d1 4.9e-07 | 13.0s
ex16|step0|0|0.9|leak|53: level 1.95 slevel 0.493 static 0.921 c1 1.000 c50 0.920 fac1 0.992 fac50 -0.049 lock 0.01 move 0.0234 period None frozen 0.60 pr 5.4 sat 0.494 dead 0.03 rate None (0 pts) rate_fs +0.125 (3 pts) d1 1.4e-02 | 52.8s
ex16|cstep|0|0.9|leak|53: level 1.99 slevel 0.502 static 0.929 c1 1.000 c50 0.930 fac1 0.992 fac50 -0.051 lock 0.01 move 0.0224 period None frozen 0.62 pr 5.2 sat 0.517 dead 0.03 rate None (0 pts) rate_fs +0.117 (3 pts) d1 1.4e-02 | 31.9s
ex16|wta|0|0.25|code|53: level 0.564 slevel 0.031 static 0.097 c1 0.398 c50 0.089 fac1 0.343 fac50 -0.006 lock 0.01 move 1.06 period None frozen 0.04 pr 17.8 sat None dead 0.03 rate None (0 pts) rate_fs None (0 pts) d1 1.7e-01 | 25.6s
run39|wta|0|0.75|code|53: level 1.71 slevel 0.031 static 0.164 c1 0.959 c50 0.143 fac1 0.951 fac50 -0.025 lock 0.00 move 0.281 period None frozen 0.00 pr 11.9 sat None dead 0.00 rate -0.156 (37 pts) rate_fs -0.156 (37 pts) d1 7.6e-07 | 11.5s
ex16|cstep|0|0.5|code|53: level 3.88 slevel 0.500 static 0.909 c1 0.988 c50 0.908 fac1 0.860 fac50 -0.025 lock 0.00 move 0.161 period None frozen 0.43 pr 12.3 sat 0.518 dead 0.04 rate None (0 pts) rate_fs None (0 pts) d1 8.1e-02 | 49.0s
run39|wta|0|0.75|leak|53: level 0.429 slevel 0.031 static 0.176 c1 0.959 c50 0.121 fac1 0.950 fac50 -0.052 lock 0.00 move 0.278 period None frozen 0.07 pr 11.4 sat None dead 0.00 rate -0.169 (28 pts) rate_fs -0.169 (28 pts) d1 7.6e-07 | 13.1s
ex16|wta|0|0.5|code|53: level 0.76 slevel 0.031 static 0.151 c1 0.762 c50 0.144 fac1 0.732 fac50 -0.007 lock 0.01 move 0.652 period None frozen 0.04 pr 14.8 sat None dead 0.03 rate None (0 pts) rate_fs None (0 pts) d1 1.2e-01 | 25.4s
run39|wta|0|0.9|code|53: level 4.31 slevel 0.031 static 0.218 c1 0.995 c50 0.149 fac1 0.990 fac50 -0.100 lock 0.00 move 0.0991 period None frozen 0.01 pr 6.8 sat None dead 0.00 rate -0.047 (118 pts) rate_fs -0.047 (118 pts) d1 8.9e-07 | 12.0s
run39|wta|0|0.9|leak|53: level 0.419 slevel 0.031 static 0.238 c1 0.994 c50 0.148 fac1 0.989 fac50 -0.098 lock 0.00 move 0.106 period None frozen 0.14 pr 7.3 sat None dead 0.00 rate -0.059 (92 pts) rate_fs -0.059 (92 pts) d1 9.0e-07 | 13.8s
ex16|wta|0|0.75|code|53: level 1.5 slevel 0.031 static 0.183 c1 0.959 c50 0.150 fac1 0.950 fac50 -0.042 lock 0.01 move 0.271 period None frozen 0.04 pr 10.9 sat None dead 0.03 rate None (0 pts) rate_fs None (0 pts) d1 5.8e-02 | 25.4s
ex16|wta|0|0.5|leak|53: level 0.382 slevel 0.031 static 0.153 c1 0.765 c50 0.148 fac1 0.733 fac50 -0.009 lock 0.01 move 0.65 period None frozen 0.08 pr 14.5 sat None dead 0.03 rate None (0 pts) rate_fs None (0 pts) d1 1.2e-01 | 29.7s
ex16|cstep|0|0.5|leak|53: level 1.94 slevel 0.500 static 0.906 c1 0.988 c50 0.906 fac1 0.865 fac50 -0.012 lock 0.00 move 0.16 period None frozen 0.43 pr 12.2 sat 0.518 dead 0.04 rate None (0 pts) rate_fs None (0 pts) d1 8.0e-02 | 54.8s
ex16|wta|0|0.9|code|53: level 3.78 slevel 0.031 static 0.266 c1 0.995 c50 0.213 fac1 0.989 fac50 -0.074 lock 0.01 move 0.0986 period None frozen 0.05 pr 6.6 sat None dead 0.03 rate None (0 pts) rate_fs None (0 pts) d1 2.4e-02 | 25.4s
ex16|wta|0|0.75|leak|53: level 0.378 slevel 0.031 static 0.190 c1 0.960 c50 0.150 fac1 0.951 fac50 -0.050 lock 0.01 move 0.268 period None frozen 0.13 pr 10.8 sat None dead 0.03 rate None (0 pts) rate_fs None (0 pts) d1 5.8e-02 | 29.4s
ex16|wta|0|0.25|leak|53: level 0.424 slevel 0.031 static 0.097 c1 0.401 c50 0.090 fac1 0.348 fac50 -0.008 lock 0.01 move 1.06 period None frozen 0.06 pr 17.7 sat None dead 0.03 rate None (0 pts) rate_fs None (0 pts) d1 1.6e-01 | 46.4s
ex16|wta|0|0.9|leak|53: level 0.378 slevel 0.031 static 0.274 c1 0.995 c50 0.225 fac1 0.989 fac50 -0.067 lock 0.01 move 0.098 period None frozen 0.23 pr 6.6 sat None dead 0.03 rate None (0 pts) rate_fs None (0 pts) d1 2.4e-02 | 29.4s
