raw|49|1.0|0.15|none|52|0.0|1: c1 -0.307 c10 0.995 static 0.000 fac1 -0.315 ac1_39 -0.316 sent static 0.000 level 0.000 lock 0.00 move 1.62 period None dead 0.22 | kin 2.22 cyc 0.63 gscc 0.63 in 0/0 | 2.4s
raw|49|1.0|0.15|none|50|0.0|1: c1 0.671 c10 -0.102 static 0.000 fac1 0.681 ac1_39 0.682 sent static 0.000 level 0.000 lock 0.00 move 0.798 period None dead 0.04 | kin 2.33 cyc 0.86 gscc 0.86 in 0/0 | 2.5s
raw|49|1.0|0.15|none|51|0.0|1: c1 -0.289 c10 -0.284 static 0.000 fac1 -0.296 ac1_39 -0.329 sent static 0.000 level 0.000 lock 0.00 move 1.63 period None dead 0.06 | kin 2.71 cyc 0.84 gscc 0.84 in 0/0 | 2.5s
raw|49|1.0|0.15|none|53|0.0|1: c1 0.180 c10 0.009 static 0.000 fac1 0.190 ac1_39 0.199 sent static 0.000 level 0.000 lock 0.00 move 1.26 period None dead 0.18 | kin 2.33 cyc 0.71 gscc 0.71 in 0/0 | 2.6s
relu|49|1.0|0.15|none|50|0.0|1: c1 0.849 c10 0.863 static 0.852 fac1 -0.056 ac1_39 -0.062 sent static 0.855 level 0.314 lock 0.00 move 0.577 period None dead 0.04 | kin 2.33 cyc 0.86 gscc 0.86 in 0/0 | 2.9s
relu|49|1.0|0.15|none|51|0.0|1: c1 0.934 c10 0.935 static 0.934 fac1 -0.062 ac1_39 -0.066 sent static 0.936 level 0.302 lock 0.00 move 0.368 period None dead 0.06 | kin 2.71 cyc 0.84 gscc 0.84 in 0/0 | 3.0s
relu|49|1.0|0.15|none|53|0.0|1: c1 0.991 c10 0.999 static 0.993 fac1 -0.294 ac1_39 -0.293 sent static 0.992 level 0.336 lock 0.00 move 0.133 period None dead 0.18 | kin 2.33 cyc 0.71 gscc 0.71 in 0/0 | 3.0s
relu|49|1.0|0.15|none|52|0.0|1: c1 0.670 c10 0.687 static 0.703 fac1 -0.045 ac1_39 -0.041 sent static 0.747 level 0.321 lock 0.00 move 0.79 period None dead 0.22 | kin 2.22 cyc 0.63 gscc 0.63 in 0/0 | 5.2s
tanh|49|1.0|0.15|none|50|0.0|1: c1 0.048 c10 0.045 static 0.004 fac1 0.048 ac1_39 0.044 sent static 0.004 level 0.000 lock 0.00 move 1.38 period None dead 0.04 | kin 2.33 cyc 0.86 gscc 0.86 in 0/0 | 2.9s
tanh|49|1.0|0.15|none|51|0.0|1: c1 -0.064 c10 0.094 static 0.002 fac1 -0.067 ac1_39 -0.071 sent static 0.002 level 0.000 lock 0.00 move 1.46 period None dead 0.06 | kin 2.71 cyc 0.84 gscc 0.84 in 0/0 | 3.0s
tanh|49|1.0|0.15|none|53|0.0|1: c1 -0.076 c10 0.053 static 0.001 fac1 -0.088 ac1_39 -0.084 sent static 0.001 level 0.000 lock 0.00 move 1.47 period None dead 0.18 | kin 2.33 cyc 0.71 gscc 0.71 in 0/0 | 3.4s
tri1.0|49|1.0|0.15|none|53|0.0|1: c1 0.902 c10 0.902 static 0.941 fac1 -0.640 ac1_39 -0.647 sent static 0.943 level 0.327 lock 0.00 move 0.458 period None dead 0.18 | kin 2.33 cyc 0.71 gscc 0.71 in 0/0 | 6.9s
tri0.7|49|1.0|0.15|none|53|0.0|1: c1 0.998 c10 0.998 static 0.998 fac1 -0.081 ac1_39 -0.069 sent static 0.998 level 0.388 lock 0.00 move 0.0649 period None dead 0.18 | kin 2.33 cyc 0.71 gscc 0.71 in 0/0 | 7.1s
tanh|49|1.0|0.15|none|52|0.0|1: c1 0.103 c10 -0.062 static 0.003 fac1 0.114 ac1_39 0.117 sent static 0.003 level 0.000 lock 0.00 move 1.35 period None dead 0.22 | kin 2.22 cyc 0.63 gscc 0.63 in 0/0 | 4.9s
sig4_0|49|1.0|0.15|none|52|0.0|1: c1 1.000 c10 1.000 static 1.000 fac1 0.603 ac1_39 0.624 sent static 1.000 level 0.608 lock 1.00 move 1.67e-07 period 1 dead 0.16 | kin 2.22 cyc 0.63 gscc 0.63 in 0/0 | 4.8s
sig4_0|49|1.0|0.15|none|50|0.0|1: c1 1.000 c10 1.000 static 1.000 fac1 0.574 ac1_39 0.583 sent static 1.000 level 0.615 lock 1.00 move 1.82e-07 period 1 dead 0.04 | kin 2.33 cyc 0.86 gscc 0.86 in 0/0 | 4.9s
sig4_0|49|1.0|0.15|none|51|0.0|1: c1 1.000 c10 1.000 static 1.000 fac1 0.595 ac1_39 0.613 sent static 1.000 level 0.589 lock 1.00 move 1.7e-07 period 1 dead 0.06 | kin 2.71 cyc 0.84 gscc 0.84 in 0/0 | 5.1s
tri0.3|49|1.0|0.15|none|52|0.0|1: c1 0.880 c10 0.891 static 0.896 fac1 -0.024 ac1_39 -0.025 sent static 0.906 level 0.474 lock 0.00 move 0.474 period None dead 0.22 | kin 2.22 cyc 0.63 gscc 0.63 in 0/0 | 10.3s
sig8_0|49|1.0|0.15|none|50|0.0|1: c1 0.937 c10 0.940 static 0.938 fac1 -0.020 ac1_39 -0.021 sent static 0.935 level 0.544 lock 0.00 move 0.362 period None dead 0.04 | kin 2.33 cyc 0.86 gscc 0.86 in 0/0 | 5.0s
tri0.7|49|1.0|0.15|none|52|0.0|1: c1 0.892 c10 0.883 static 0.910 fac1 -0.023 ac1_39 -0.010 sent static 0.930 level 0.385 lock 0.00 move 0.435 period None dead 0.22 | kin 2.22 cyc 0.63 gscc 0.63 in 0/0 | 10.4s
sig8_0|49|1.0|0.15|none|51|0.0|1: c1 0.951 c10 0.952 static 0.952 fac1 -0.020 ac1_39 -0.020 sent static 0.952 level 0.522 lock 0.00 move 0.322 period None dead 0.06 | kin 2.71 cyc 0.84 gscc 0.84 in 0/0 | 5.1s
tri1.0|49|1.0|0.15|none|52|0.0|1: c1 0.820 c10 0.825 static 0.842 fac1 -0.037 ac1_39 -0.037 sent static 0.853 level 0.319 lock 0.00 move 0.583 period None dead 0.22 | kin 2.22 cyc 0.63 gscc 0.63 in 0/0 | 10.4s
sig8_0|49|1.0|0.15|none|52|0.0|1: c1 0.953 c10 0.961 static 0.958 fac1 -0.028 ac1_39 -0.038 sent static 0.961 level 0.527 lock 0.07 move 0.308 period None dead 0.16 | kin 2.22 cyc 0.63 gscc 0.63 in 0/0 | 4.9s
tri0.3|49|1.0|0.15|none|50|0.0|1: c1 0.895 c10 0.898 static 0.891 fac1 -0.008 ac1_39 -0.003 sent static 0.904 level 0.464 lock 0.00 move 0.461 period None dead 0.04 | kin 2.33 cyc 0.86 gscc 0.86 in 0/0 | 10.8s
tri0.7|49|1.0|0.15|none|50|0.0|1: c1 0.894 c10 0.897 static 0.903 fac1 -0.085 ac1_39 -0.094 sent static 0.913 level 0.377 lock 0.00 move 0.488 period None dead 0.04 | kin 2.33 cyc 0.86 gscc 0.86 in 0/0 | 10.8s
tri1.0|49|1.0|0.15|none|50|0.0|1: c1 0.837 c10 0.824 static 0.840 fac1 -0.032 ac1_39 -0.031 sent static 0.853 level 0.323 lock 0.00 move 0.586 period None dead 0.04 | kin 2.33 cyc 0.86 gscc 0.86 in 0/0 | 10.8s
tri0.3|49|1.0|0.15|none|51|0.0|1: c1 0.943 c10 0.940 static 0.941 fac1 -0.008 ac1_39 -0.007 sent static 0.942 level 0.459 lock 0.00 move 0.351 period None dead 0.06 | kin 2.71 cyc 0.84 gscc 0.84 in 0/0 | 11.1s
tri0.7|49|1.0|0.15|none|51|0.0|1: c1 0.994 c10 0.999 static 0.997 fac1 -0.740 ac1_39 -0.771 sent static 0.997 level 0.374 lock 0.00 move 0.113 period None dead 0.06 | kin 2.71 cyc 0.84 gscc 0.84 in 0/0 | 11.1s
tri0.3|49|1.0|0.15|none|53|0.0|1: c1 0.923 c10 0.919 static 0.932 fac1 0.015 ac1_39 0.015 sent static 0.930 level 0.468 lock 0.00 move 0.381 period None dead 0.18 | kin 2.33 cyc 0.71 gscc 0.71 in 0/0 | 11.1s
tri1.0|49|1.0|0.15|none|51|0.0|1: c1 0.996 c10 0.973 static 0.983 fac1 0.735 ac1_39 0.739 sent static 0.985 level 0.313 lock 0.00 move 0.0926 period None dead 0.06 | kin 2.71 cyc 0.84 gscc 0.84 in 0/0 | 11.1s
step0|49|1.0|0.15|none|51|0.0|1: c1 0.795 c10 0.798 static 0.807 fac1 -0.011 ac1_39 -0.011 sent static 0.790 level 0.474 lock 0.00 move 0.632 period None dead 0.06 | kin 2.71 cyc 0.84 gscc 0.84 in 0/0 | 4.3s
step0|49|1.0|0.15|none|52|0.0|1: c1 0.820 c10 0.823 static 0.863 fac1 -0.006 ac1_39 -0.014 sent static 0.827 level 0.496 lock 0.07 move 0.56 period None dead 0.16 | kin 2.22 cyc 0.63 gscc 0.63 in 0/0 | 4.1s
step0|49|1.0|0.15|none|53|0.0|1: c1 0.821 c10 0.824 static 0.825 fac1 -0.006 ac1_39 -0.009 sent static 0.821 level 0.512 lock 0.09 move 0.565 period None dead 0.10 | kin 2.33 cyc 0.71 gscc 0.71 in 0/0 | 4.4s
sig8_0|49|1.0|0.15|none|53|0.0|1: c1 0.984 c10 0.976 static 0.979 fac1 0.216 ac1_39 0.204 sent static 0.979 level 0.589 lock 0.09 move 0.186 period None dead 0.10 | kin 2.33 cyc 0.71 gscc 0.71 in 0/0 | 5.2s
cstep|49|1.0|0.15|none|50|0.0|1: c1 0.785 c10 0.784 static 0.782 fac1 -0.013 ac1_39 -0.009 sent static 0.788 level 0.499 lock 0.00 move 0.661 period None dead 0.04 | kin 2.33 cyc 0.86 gscc 0.86 in 0/0 | 5.0s
sign|49|1.0|0.15|none|50|0.0|1: c1 0.006 c10 -0.002 static 0.003 fac1 0.004 ac1_39 0.005 sent static 0.003 level 0.000 lock 0.00 move 1.41 period None dead 0.04 | kin 2.33 cyc 0.86 gscc 0.86 in 0/0 | 2.9s
sign|49|1.0|0.15|none|52|0.0|1: c1 0.000 c10 0.000 static 0.003 fac1 -0.009 ac1_39 -0.008 sent static 0.003 level 0.000 lock 0.00 move 1.42 period None dead 0.22 | kin 2.22 cyc 0.63 gscc 0.63 in 0/0 | 2.8s
sig4_0|49|1.0|0.15|none|53|0.0|1: c1 1.000 c10 1.000 static 1.000 fac1 0.643 ac1_39 0.669 sent static 1.000 level 0.624 lock 1.00 move 1.59e-07 period 1 dead 0.10 | kin 2.33 cyc 0.71 gscc 0.71 in 0/0 | 9.5s
raw|49|1.0|0.15|kp1|50|0.0|1: c1 0.668 c10 -0.100 static 0.001 fac1 0.676 ac1_39 0.675 sent static 0.001 level 0.000 lock 0.00 move 0.807 period None dead 0.02 | kin 2.33 cyc 0.86 gscc 0.86 in 3/48 | 2.5s
raw|49|1.0|0.15|kp1|51|0.0|1: c1 -0.295 c10 -0.265 static 0.002 fac1 -0.313 ac1_39 -0.339 sent static 0.002 level 0.000 lock 0.00 move 1.63 period None dead 0.06 | kin 2.71 cyc 0.84 gscc 0.84 in 3/46 | 2.6s
cstep|49|1.0|0.15|none|52|0.0|1: c1 0.730 c10 0.732 static 0.741 fac1 -0.011 ac1_39 -0.008 sent static 0.766 level 0.502 lock 0.00 move 0.722 period None dead 0.22 | kin 2.22 cyc 0.63 gscc 0.63 in 0/0 | 4.7s
step0|49|1.0|0.15|none|50|0.0|1: c1 0.775 c10 0.775 static 0.770 fac1 -0.009 ac1_39 -0.009 sent static 0.780 level 0.492 lock 0.00 move 0.662 period None dead 0.04 | kin 2.33 cyc 0.86 gscc 0.86 in 0/0 | 8.1s
raw|49|1.0|0.15|kp1|52|0.0|1: c1 -0.287 c10 0.954 static 0.013 fac1 -0.313 ac1_39 -0.315 sent static 0.013 level 0.000 lock 0.00 move 1.61 period None dead 0.22 | kin 2.22 cyc 0.63 gscc 0.63 in 3/38 | 2.5s
raw|49|1.0|0.15|kp1|53|0.0|1: c1 -0.238 c10 -0.149 static 0.105 fac1 -0.395 ac1_39 -0.391 sent static 0.105 level 0.001 lock 0.00 move 1.57 period None dead 0.10 | kin 2.33 cyc 0.71 gscc 0.71 in 3/44 | 2.6s
sign|49|1.0|0.15|none|51|0.0|1: c1 -0.001 c10 -0.007 static 0.003 fac1 -0.005 ac1_39 -0.003 sent static 0.003 level 0.000 lock 0.00 move 1.41 period None dead 0.06 | kin 2.71 cyc 0.84 gscc 0.84 in 0/0 | 5.5s
sign|49|1.0|0.15|none|53|0.0|1: c1 0.000 c10 0.000 static 0.003 fac1 0.005 ac1_39 0.002 sent static 0.003 level 0.000 lock 0.00 move 1.41 period None dead 0.18 | kin 2.33 cyc 0.71 gscc 0.71 in 0/0 | 5.5s
relu|49|1.0|0.15|kp1|50|0.0|1: c1 0.831 c10 0.834 static 0.832 fac1 -0.037 ac1_39 -0.041 sent static 0.837 level 0.311 lock 0.00 move 0.615 period None dead 0.02 | kin 2.33 cyc 0.86 gscc 0.86 in 3/48 | 2.9s
kwta4|49|1.0|0.15|none|52|0.0|1: c1 0.154 c10 0.144 static 0.168 fac1 -0.006 ac1_39 -0.006 sent static 0.185 level 0.112 lock 0.00 move 1.3 period None dead 0.22 | kin 2.22 cyc 0.63 gscc 0.63 in 0/0 | 5.2s
kwta4|49|1.0|0.15|none|53|0.0|1: c1 0.188 c10 0.194 static 0.210 fac1 -0.012 ac1_39 -0.011 sent static 0.201 level 0.113 lock 0.00 move 1.26 period None dead 0.18 | kin 2.33 cyc 0.71 gscc 0.71 in 0/0 | 5.6s
relu|49|1.0|0.15|kp1|52|0.0|1: c1 0.684 c10 0.692 static 0.711 fac1 -0.072 ac1_39 -0.068 sent static 0.756 level 0.318 lock 0.00 move 0.781 period None dead 0.22 | kin 2.22 cyc 0.63 gscc 0.63 in 3/38 | 2.8s
relu|49|1.0|0.15|kp1|53|0.0|1: c1 0.895 c10 0.878 static 0.918 fac1 -0.245 ac1_39 -0.271 sent static 0.927 level 0.342 lock 0.00 move 0.51 period None dead 0.10 | kin 2.33 cyc 0.71 gscc 0.71 in 3/44 | 3.0s
wta|49|1.0|0.15|none|52|0.0|1: c1 0.224 c10 0.229 static 0.302 fac1 0.010 ac1_39 0.007 sent static 0.124 level 0.031 lock 0.07 move 1.16 period None dead 0.16 | kin 2.22 cyc 0.63 gscc 0.63 in 0/0 | 8.5s
wta|49|1.0|0.15|none|50|0.0|1: c1 0.056 c10 0.047 static 0.055 fac1 -0.001 ac1_39 0.001 sent static 0.053 level 0.031 lock 0.00 move 1.37 period None dead 0.04 | kin 2.33 cyc 0.86 gscc 0.86 in 0/0 | 8.8s
wta|49|1.0|0.15|none|51|0.0|1: c1 0.080 c10 0.076 static 0.077 fac1 0.006 ac1_39 0.009 sent static 0.056 level 0.031 lock 0.00 move 1.31 period None dead 0.06 | kin 2.71 cyc 0.84 gscc 0.84 in 0/0 | 9.0s
cstep|49|1.0|0.15|none|51|0.0|1: c1 0.804 c10 0.803 static 0.809 fac1 -0.010 ac1_39 -0.008 sent static 0.788 level 0.489 lock 0.00 move 0.636 period None dead 0.06 | kin 2.71 cyc 0.84 gscc 0.84 in 0/0 | 9.6s
cstep|49|1.0|0.15|none|53|0.0|1: c1 0.789 c10 0.792 static 0.805 fac1 -0.010 ac1_39 -0.009 sent static 0.805 level 0.505 lock 0.00 move 0.631 period None dead 0.18 | kin 2.33 cyc 0.71 gscc 0.71 in 0/0 | 9.7s
relu|49|1.0|0.15|kp1|51|0.0|1: c1 0.941 c10 0.935 static 0.942 fac1 -0.051 ac1_39 -0.087 sent static 0.944 level 0.305 lock 0.00 move 0.372 period None dead 0.06 | kin 2.71 cyc 0.84 gscc 0.84 in 3/46 | 5.5s
wta|49|1.0|0.15|none|53|0.0|1: c1 0.083 c10 0.079 static 0.093 fac1 -0.007 ac1_39 -0.007 sent static 0.069 level 0.031 lock 0.09 move 1.25 period None dead 0.10 | kin 2.33 cyc 0.71 gscc 0.71 in 0/0 | 9.1s
tri0.3|49|1.0|0.15|kp1|50|0.0|1: c1 0.895 c10 0.896 static 0.893 fac1 -0.018 ac1_39 -0.031 sent static 0.906 level 0.460 lock 0.00 move 0.464 period None dead 0.02 | kin 2.33 cyc 0.86 gscc 0.86 in 3/48 | 5.7s
tri0.3|49|1.0|0.15|kp1|52|0.0|1: c1 0.878 c10 0.881 static 0.892 fac1 -0.009 ac1_39 -0.021 sent static 0.903 level 0.475 lock 0.00 move 0.486 period None dead 0.22 | kin 2.22 cyc 0.63 gscc 0.63 in 3/38 | 5.4s
tri0.3|49|1.0|0.15|kp1|53|0.0|1: c1 0.856 c10 0.839 static 0.870 fac1 -0.111 ac1_39 -0.155 sent static 0.890 level 0.470 lock 0.00 move 0.571 period None dead 0.10 | kin 2.33 cyc 0.71 gscc 0.71 in 3/44 | 5.8s
kwta4|49|1.0|0.15|none|50|0.0|1: c1 0.185 c10 0.176 static 0.179 fac1 0.002 ac1_39 0.004 sent static 0.197 level 0.112 lock 0.00 move 1.27 period None dead 0.04 | kin 2.33 cyc 0.86 gscc 0.86 in 0/0 | 10.8s
tri0.7|49|1.0|0.15|kp1|52|0.0|1: c1 0.853 c10 0.806 static 0.883 fac1 -0.099 ac1_39 -0.106 sent static 0.906 level 0.382 lock 0.00 move 0.53 period None dead 0.22 | kin 2.22 cyc 0.63 gscc 0.63 in 3/38 | 5.6s
kwta4|49|1.0|0.15|none|51|0.0|1: c1 0.212 c10 0.207 static 0.225 fac1 -0.012 ac1_39 -0.010 sent static 0.216 level 0.112 lock 0.00 move 1.24 period None dead 0.06 | kin 2.71 cyc 0.84 gscc 0.84 in 0/0 | 11.1s
tri0.7|49|1.0|0.15|kp1|53|0.0|1: c1 0.883 c10 0.863 static 0.907 fac1 -0.246 ac1_39 -0.255 sent static 0.928 level 0.395 lock 0.00 move 0.512 period None dead 0.10 | kin 2.33 cyc 0.71 gscc 0.71 in 3/44 | 6.0s
tri1.0|49|1.0|0.15|kp1|50|0.0|1: c1 0.834 c10 0.830 static 0.825 fac1 -0.027 ac1_39 -0.029 sent static 0.850 level 0.324 lock 0.00 move 0.588 period None dead 0.02 | kin 2.33 cyc 0.86 gscc 0.86 in 3/48 | 5.7s
tri1.0|49|1.0|0.15|kp1|52|0.0|1: c1 0.723 c10 0.730 static 0.778 fac1 -0.189 ac1_39 -0.195 sent static 0.818 level 0.313 lock 0.00 move 0.722 period None dead 0.22 | kin 2.22 cyc 0.63 gscc 0.63 in 3/38 | 5.5s
tri1.0|49|1.0|0.15|kp1|51|0.0|1: c1 0.985 c10 0.977 static 0.984 fac1 0.112 ac1_39 0.065 sent static 0.985 level 0.315 lock 0.00 move 0.188 period None dead 0.06 | kin 2.71 cyc 0.84 gscc 0.84 in 3/46 | 5.8s
tanh|49|1.0|0.15|kp1|52|0.0|1: c1 0.000 c10 0.000 static 0.020 fac1 -0.020 ac1_39 -0.009 sent static 0.019 level 0.000 lock 0.00 move 1.4 period None dead 0.22 | kin 2.22 cyc 0.63 gscc 0.63 in 3/38 | 5.2s
tanh|49|1.0|0.15|kp1|50|0.0|1: c1 0.034 c10 0.060 static 0.006 fac1 0.028 ac1_39 0.027 sent static 0.006 level 0.000 lock 0.00 move 1.39 period None dead 0.02 | kin 2.33 cyc 0.86 gscc 0.86 in 3/48 | 5.5s
tanh|49|1.0|0.15|kp1|51|0.0|1: c1 -0.025 c10 0.001 static 0.007 fac1 -0.037 ac1_39 -0.036 sent static 0.007 level 0.000 lock 0.00 move 1.43 period None dead 0.06 | kin 2.71 cyc 0.84 gscc 0.84 in 3/46 | 5.6s
sig4_0|49|1.0|0.15|kp1|52|0.0|1: c1 0.995 c10 0.994 static 0.996 fac1 -0.362 ac1_39 -0.389 sent static 0.998 level 0.605 lock 0.07 move 0.156 period 4 dead 0.16 | kin 2.22 cyc 0.63 gscc 0.63 in 3/38 | 4.8s
tanh|49|1.0|0.15|kp1|53|0.0|1: c1 -0.051 c10 -0.053 static 0.094 fac1 -0.178 ac1_39 -0.178 sent static 0.092 level 0.001 lock 0.00 move 1.45 period None dead 0.10 | kin 2.33 cyc 0.71 gscc 0.71 in 3/44 | 5.6s
sig4_0|49|1.0|0.15|kp1|53|0.0|1: c1 0.977 c10 0.977 static 0.983 fac1 -0.313 ac1_39 -0.308 sent static 0.988 level 0.619 lock 0.04 move 0.302 period 4 dead 0.06 | kin 2.33 cyc 0.71 gscc 0.71 in 3/44 | 5.2s
tri0.3|49|1.0|0.15|kp1|51|0.0|1: c1 0.939 c10 0.935 static 0.939 fac1 -0.033 ac1_39 -0.055 sent static 0.938 level 0.458 lock 0.00 move 0.37 period None dead 0.06 | kin 2.71 cyc 0.84 gscc 0.84 in 3/46 | 11.1s
sig8_0|49|1.0|0.15|kp1|52|0.0|1: c1 0.939 c10 0.945 static 0.950 fac1 -0.101 ac1_39 -0.127 sent static 0.953 level 0.535 lock 0.07 move 0.36 period None dead 0.16 | kin 2.22 cyc 0.63 gscc 0.63 in 3/38 | 4.8s
sig8_0|49|1.0|0.15|kp1|50|0.0|1: c1 0.938 c10 0.940 static 0.938 fac1 -0.002 ac1_39 -0.022 sent static 0.938 level 0.552 lock 0.00 move 0.372 period None dead 0.02 | kin 2.33 cyc 0.86 gscc 0.86 in 3/48 | 5.1s
tri0.7|49|1.0|0.15|kp1|50|0.0|1: c1 0.886 c10 0.890 static 0.897 fac1 -0.103 ac1_39 -0.118 sent static 0.908 level 0.380 lock 0.00 move 0.508 period None dead 0.02 | kin 2.33 cyc 0.86 gscc 0.86 in 3/48 | 10.9s
step0|49|1.0|0.15|kp1|50|0.0|1: c1 0.774 c10 0.780 static 0.769 fac1 -0.008 ac1_39 -0.017 sent static 0.780 level 0.497 lock 0.00 move 0.668 period None dead 0.02 | kin 2.33 cyc 0.86 gscc 0.86 in 3/48 | 4.3s
step0|49|1.0|0.15|kp1|52|0.0|1: c1 0.832 c10 0.822 static 0.862 fac1 -0.005 ac1_39 -0.007 sent static 0.824 level 0.495 lock 0.07 move 0.567 period None dead 0.16 | kin 2.22 cyc 0.63 gscc 0.63 in 3/38 | 4.1s
tri0.7|49|1.0|0.15|kp1|51|0.0|1: c1 0.985 c10 0.981 static 0.988 fac1 -0.091 ac1_39 -0.114 sent static 0.988 level 0.372 lock 0.00 move 0.195 period None dead 0.06 | kin 2.71 cyc 0.84 gscc 0.84 in 3/46 | 11.1s
step0|49|1.0|0.15|kp1|51|0.0|1: c1 0.796 c10 0.803 static 0.806 fac1 -0.019 ac1_39 -0.017 sent static 0.784 level 0.477 lock 0.00 move 0.633 period None dead 0.06 | kin 2.71 cyc 0.84 gscc 0.84 in 3/46 | 4.3s
step0|49|1.0|0.15|kp1|53|0.0|1: c1 0.762 c10 0.762 static 0.770 fac1 -0.046 ac1_39 -0.078 sent static 0.782 level 0.501 lock 0.04 move 0.7 period None dead 0.06 | kin 2.33 cyc 0.71 gscc 0.71 in 3/44 | 4.4s
sign|49|1.0|0.15|kp1|51|0.0|1: c1 -0.004 c10 0.000 static 0.003 fac1 -0.009 ac1_39 -0.010 sent static 0.003 level 0.000 lock 0.00 move 1.42 period None dead 0.06 | kin 2.71 cyc 0.84 gscc 0.84 in 3/46 | 3.0s
sig4_0|49|1.0|0.15|kp1|50|0.0|1: c1 0.999 c10 0.998 static 0.999 fac1 -0.215 ac1_39 -0.338 sent static 0.999 level 0.614 lock 0.00 move 0.115 period 4 dead 0.02 | kin 2.33 cyc 0.86 gscc 0.86 in 3/48 | 9.4s
sig4_0|49|1.0|0.15|kp1|51|0.0|1: c1 0.995 c10 0.998 static 0.997 fac1 -0.518 ac1_39 -0.461 sent static 0.998 level 0.590 lock 0.00 move 0.127 period 4 dead 0.06 | kin 2.71 cyc 0.84 gscc 0.84 in 3/46 | 9.6s
sign|49|1.0|0.15|kp1|53|0.0|1: c1 0.011 c10 -0.028 static 0.031 fac1 -0.019 ac1_39 -0.039 sent static 0.022 level 0.000 lock 0.00 move 1.4 period None dead 0.10 | kin 2.33 cyc 0.71 gscc 0.71 in 3/44 | 3.0s
cstep|49|1.0|0.15|kp1|53|0.0|1: c1 0.739 c10 0.754 static 0.768 fac1 -0.043 ac1_39 -0.082 sent static 0.784 level 0.503 lock 0.00 move 0.722 period None dead 0.10 | kin 2.33 cyc 0.71 gscc 0.71 in 3/44 | 5.2s
tri1.0|49|1.0|0.15|kp1|53|0.0|1: c1 0.787 c10 0.781 static 0.846 fac1 -0.275 ac1_39 -0.276 sent static 0.857 level 0.340 lock 0.00 move 0.65 period None dead 0.10 | kin 2.33 cyc 0.71 gscc 0.71 in 3/44 | 11.3s
sign|49|1.0|0.15|kp1|50|0.0|1: c1 -0.014 c10 0.007 static 0.004 fac1 -0.019 ac1_39 -0.020 sent static 0.004 level 0.000 lock 0.00 move 1.43 period None dead 0.02 | kin 2.33 cyc 0.86 gscc 0.86 in 3/48 | 5.4s
sig8_0|49|1.0|0.15|kp1|51|0.0|1: c1 0.942 c10 0.946 static 0.946 fac1 -0.103 ac1_39 -0.109 sent static 0.948 level 0.523 lock 0.00 move 0.349 period None dead 0.06 | kin 2.71 cyc 0.84 gscc 0.84 in 3/46 | 9.5s
sign|49|1.0|0.15|kp1|52|0.0|1: c1 -0.003 c10 0.002 static 0.004 fac1 -0.011 ac1_39 -0.013 sent static 0.004 level 0.000 lock 0.00 move 1.42 period None dead 0.22 | kin 2.22 cyc 0.63 gscc 0.63 in 3/38 | 5.2s
wta|49|1.0|0.15|kp1|50|0.0|1: c1 0.052 c10 0.065 static 0.061 fac1 -0.005 ac1_39 -0.011 sent static 0.054 level 0.031 lock 0.00 move 1.37 period None dead 0.02 | kin 2.33 cyc 0.86 gscc 0.86 in 3/48 | 4.7s
wta|49|1.0|0.15|kp1|52|0.0|1: c1 0.215 c10 0.231 static 0.312 fac1 -0.011 ac1_39 -0.019 sent static 0.137 level 0.031 lock 0.07 move 1.17 period None dead 0.16 | kin 2.22 cyc 0.63 gscc 0.63 in 3/38 | 4.5s
sig8_0|49|1.0|0.15|kp1|53|0.0|1: c1 0.922 c10 0.918 static 0.934 fac1 -0.219 ac1_39 -0.241 sent static 0.944 level 0.565 lock 0.04 move 0.444 period None dead 0.06 | kin 2.33 cyc 0.71 gscc 0.71 in 3/44 | 9.7s
wta|49|1.0|0.15|kp1|53|0.0|1: c1 0.030 c10 0.040 static 0.067 fac1 -0.019 ac1_39 -0.060 sent static 0.057 level 0.031 lock 0.04 move 1.37 period None dead 0.06 | kin 2.33 cyc 0.71 gscc 0.71 in 3/44 | 4.9s
raw|49|1.0|0.15|mnist|52|0.0|1: c1 -0.232 c10 0.974 static 0.050 fac1 -0.312 ac1_39 -0.311 sent static 0.050 level 0.001 lock 0.00 move 1.57 period None dead 0.22 | kin 2.22 cyc 0.63 gscc 0.63 in 2/38 | 2.5s
kwta4|49|1.0|0.15|kp1|52|0.0|1: c1 0.152 c10 0.148 static 0.170 fac1 -0.009 ac1_39 -0.012 sent static 0.193 level 0.112 lock 0.00 move 1.29 period None dead 0.22 | kin 2.22 cyc 0.63 gscc 0.63 in 3/38 | 5.3s
kwta4|49|1.0|0.15|kp1|51|0.0|1: c1 0.213 c10 0.223 static 0.223 fac1 -0.001 ac1_39 -0.002 sent static 0.219 level 0.112 lock 0.00 move 1.24 period None dead 0.06 | kin 2.71 cyc 0.84 gscc 0.84 in 3/46 | 5.7s
raw|49|1.0|0.15|mnist|53|0.0|1: c1 0.232 c10 0.291 static 0.304 fac1 -0.062 ac1_39 -0.062 sent static 0.304 level 0.004 lock 0.00 move 1.22 period None dead 0.10 | kin 2.33 cyc 0.71 gscc 0.71 in 10/44 | 2.7s
raw|49|1.0|0.15|mnist|50|0.0|1: c1 0.631 c10 -0.028 static 0.061 fac1 0.614 ac1_39 0.611 sent static 0.061 level 0.001 lock 0.00 move 0.853 period None dead 0.02 | kin 2.33 cyc 0.86 gscc 0.86 in 10/48 | 4.8s
cstep|49|1.0|0.15|kp1|52|0.0|1: c1 0.726 c10 0.723 static 0.737 fac1 -0.010 ac1_39 -0.012 sent static 0.760 level 0.503 lock 0.00 move 0.729 period None dead 0.22 | kin 2.22 cyc 0.63 gscc 0.63 in 3/38 | 9.1s
cstep|49|1.0|0.15|kp1|50|0.0|1: c1 0.776 c10 0.777 static 0.777 fac1 -0.018 ac1_39 -0.021 sent static 0.784 level 0.498 lock 0.00 move 0.675 period None dead 0.02 | kin 2.33 cyc 0.86 gscc 0.86 in 3/48 | 9.5s
kwta4|49|1.0|0.15|kp1|53|0.0|1: c1 0.185 c10 0.199 static 0.220 fac1 -0.017 ac1_39 -0.036 sent static 0.214 level 0.113 lock 0.00 move 1.27 period None dead 0.10 | kin 2.33 cyc 0.71 gscc 0.71 in 3/44 | 5.7s
cstep|49|1.0|0.15|kp1|51|0.0|1: c1 0.800 c10 0.798 static 0.803 fac1 -0.019 ac1_39 -0.015 sent static 0.787 level 0.492 lock 0.00 move 0.641 period None dead 0.06 | kin 2.71 cyc 0.84 gscc 0.84 in 3/46 | 9.7s
raw|49|1.0|0.15|mnist|51|0.0|1: c1 -0.229 c10 -0.293 static 0.014 fac1 -0.264 ac1_39 -0.288 sent static 0.014 level 0.000 lock 0.00 move 1.59 period None dead 0.06 | kin 2.71 cyc 0.84 gscc 0.84 in 5/46 | 4.8s
wta|49|1.0|0.15|kp1|51|0.0|1: c1 0.071 c10 0.079 static 0.086 fac1 -0.009 ac1_39 -0.015 sent static 0.058 level 0.031 lock 0.00 move 1.33 period None dead 0.06 | kin 2.71 cyc 0.84 gscc 0.84 in 3/46 | 9.2s
relu|49|1.0|0.15|mnist|50|0.0|1: c1 0.772 c10 0.762 static 0.767 fac1 -0.036 ac1_39 -0.035 sent static 0.792 level 0.309 lock 0.00 move 0.705 period None dead 0.02 | kin 2.33 cyc 0.86 gscc 0.86 in 10/48 | 5.6s
relu|49|1.0|0.15|mnist|52|0.0|1: c1 0.655 c10 0.661 static 0.687 fac1 -0.046 ac1_39 -0.042 sent static 0.736 level 0.316 lock 0.00 move 0.816 period None dead 0.22 | kin 2.22 cyc 0.63 gscc 0.63 in 2/38 | 5.2s
relu|49|1.0|0.15|mnist|51|0.0|1: c1 0.900 c10 0.900 static 0.900 fac1 -0.035 ac1_39 -0.029 sent static 0.893 level 0.308 lock 0.00 move 0.487 period None dead 0.06 | kin 2.71 cyc 0.84 gscc 0.84 in 5/46 | 5.6s
relu|49|1.0|0.15|mnist|53|0.0|1: c1 0.803 c10 0.810 static 0.811 fac1 -0.051 ac1_39 -0.046 sent static 0.833 level 0.329 lock 0.00 move 0.647 period None dead 0.10 | kin 2.33 cyc 0.71 gscc 0.71 in 10/44 | 5.7s
tri0.3|49|1.0|0.15|mnist|50|0.0|1: c1 0.860 c10 0.861 static 0.854 fac1 -0.002 ac1_39 -0.005 sent static 0.878 level 0.461 lock 0.00 move 0.555 period None dead 0.02 | kin 2.33 cyc 0.86 gscc 0.86 in 10/48 | 6.0s
tri0.3|49|1.0|0.15|mnist|51|0.0|1: c1 0.933 c10 0.931 static 0.931 fac1 0.004 ac1_39 0.004 sent static 0.937 level 0.461 lock 0.00 move 0.384 period None dead 0.06 | kin 2.71 cyc 0.84 gscc 0.84 in 5/46 | 6.0s
kwta4|49|1.0|0.15|kp1|50|0.0|1: c1 0.190 c10 0.187 static 0.193 fac1 0.002 ac1_39 0.003 sent static 0.200 level 0.113 lock 0.00 move 1.27 period None dead 0.02 | kin 2.33 cyc 0.86 gscc 0.86 in 3/48 | 10.9s
tri0.3|49|1.0|0.15|mnist|53|0.0|1: c1 0.842 c10 0.844 static 0.849 fac1 -0.017 ac1_39 -0.018 sent static 0.881 level 0.470 lock 0.00 move 0.582 period None dead 0.10 | kin 2.33 cyc 0.71 gscc 0.71 in 10/44 | 6.1s
tri0.7|49|1.0|0.15|mnist|50|0.0|1: c1 0.825 c10 0.827 static 0.826 fac1 -0.017 ac1_39 -0.020 sent static 0.850 level 0.381 lock 0.00 move 0.606 period None dead 0.02 | kin 2.33 cyc 0.86 gscc 0.86 in 10/48 | 6.1s
tri0.7|49|1.0|0.15|mnist|52|0.0|1: c1 0.876 c10 0.855 static 0.899 fac1 -0.056 ac1_39 -0.052 sent static 0.912 level 0.384 lock 0.00 move 0.466 period None dead 0.22 | kin 2.22 cyc 0.63 gscc 0.63 in 2/38 | 5.8s
tri0.7|49|1.0|0.15|mnist|51|0.0|1: c1 0.968 c10 0.968 static 0.968 fac1 -0.017 ac1_39 -0.010 sent static 0.971 level 0.379 lock 0.00 move 0.301 period None dead 0.06 | kin 2.71 cyc 0.84 gscc 0.84 in 5/46 | 6.2s
tri0.7|49|1.0|0.15|mnist|53|0.0|1: c1 0.835 c10 0.839 static 0.842 fac1 -0.016 ac1_39 -0.020 sent static 0.871 level 0.388 lock 0.00 move 0.59 period None dead 0.10 | kin 2.33 cyc 0.71 gscc 0.71 in 10/44 | 6.1s
tanh|49|1.0|0.15|mnist|51|0.0|1: c1 -0.009 c10 0.023 static 0.033 fac1 -0.050 ac1_39 -0.051 sent static 0.031 level 0.001 lock 0.00 move 1.42 period None dead 0.06 | kin 2.71 cyc 0.84 gscc 0.84 in 5/46 | 5.7s
tanh|49|1.0|0.15|mnist|50|0.0|1: c1 0.030 c10 0.140 static 0.070 fac1 -0.044 ac1_39 -0.043 sent static 0.060 level 0.001 lock 0.00 move 1.38 period None dead 0.02 | kin 2.33 cyc 0.86 gscc 0.86 in 10/48 | 5.6s
tri1.0|49|1.0|0.15|mnist|53|0.0|1: c1 0.794 c10 0.796 static 0.794 fac1 -0.025 ac1_39 -0.025 sent static 0.827 level 0.327 lock 0.00 move 0.667 period None dead 0.10 | kin 2.33 cyc 0.71 gscc 0.71 in 10/44 | 6.1s
tanh|49|1.0|0.15|mnist|52|0.0|1: c1 0.064 c10 0.027 static 0.072 fac1 0.001 ac1_39 0.005 sent static 0.070 level 0.001 lock 0.00 move 1.34 period None dead 0.22 | kin 2.22 cyc 0.63 gscc 0.63 in 2/38 | 5.3s
tanh|49|1.0|0.15|mnist|53|0.0|1: c1 0.167 c10 0.228 static 0.208 fac1 -0.037 ac1_39 -0.037 sent static 0.194 level 0.002 lock 0.00 move 1.27 period None dead 0.10 | kin 2.33 cyc 0.71 gscc 0.71 in 10/44 | 5.7s
tri0.3|49|1.0|0.15|mnist|52|0.0|1: c1 0.878 c10 0.883 static 0.886 fac1 -0.009 ac1_39 -0.007 sent static 0.901 level 0.472 lock 0.00 move 0.488 period None dead 0.22 | kin 2.22 cyc 0.63 gscc 0.63 in 2/38 | 10.4s
sig4_0|49|1.0|0.15|mnist|53|0.0|1: c1 0.952 c10 0.953 static 0.954 fac1 -0.041 ac1_39 -0.035 sent static 0.972 level 0.621 lock 0.04 move 0.382 period None dead 0.06 | kin 2.33 cyc 0.71 gscc 0.71 in 10/44 | 5.3s
sig8_0|49|1.0|0.15|mnist|50|0.0|1: c1 0.916 c10 0.915 static 0.913 fac1 -0.025 ac1_39 -0.023 sent static 0.924 level 0.536 lock 0.00 move 0.455 period None dead 0.02 | kin 2.33 cyc 0.86 gscc 0.86 in 10/48 | 5.2s
sig8_0|49|1.0|0.15|mnist|52|0.0|1: c1 0.943 c10 0.948 static 0.951 fac1 -0.004 ac1_39 -0.007 sent static 0.955 level 0.521 lock 0.07 move 0.343 period None dead 0.16 | kin 2.22 cyc 0.63 gscc 0.63 in 2/38 | 4.9s
step0|49|1.0|0.15|mnist|50|0.0|1: c1 0.763 c10 0.763 static 0.757 fac1 -0.002 ac1_39 -0.002 sent static 0.770 level 0.493 lock 0.00 move 0.689 period None dead 0.02 | kin 2.33 cyc 0.86 gscc 0.86 in 10/48 | 4.4s
step0|49|1.0|0.15|mnist|51|0.0|1: c1 0.791 c10 0.789 static 0.793 fac1 -0.008 ac1_39 -0.012 sent static 0.786 level 0.484 lock 0.00 move 0.638 period None dead 0.06 | kin 2.71 cyc 0.84 gscc 0.84 in 5/46 | 4.4s
sig8_0|49|1.0|0.15|mnist|53|0.0|1: c1 0.890 c10 0.891 static 0.892 fac1 -0.021 ac1_39 -0.023 sent static 0.920 level 0.555 lock 0.04 move 0.503 period None dead 0.06 | kin 2.33 cyc 0.71 gscc 0.71 in 10/44 | 5.3s
step0|49|1.0|0.15|mnist|52|0.0|1: c1 0.824 c10 0.829 static 0.847 fac1 -0.011 ac1_39 -0.013 sent static 0.827 level 0.494 lock 0.07 move 0.568 period None dead 0.16 | kin 2.22 cyc 0.63 gscc 0.63 in 2/38 | 4.1s
tri1.0|49|1.0|0.15|mnist|52|0.0|1: c1 0.691 c10 0.782 static 0.754 fac1 -0.191 ac1_39 -0.189 sent static 0.789 level 0.321 lock 0.00 move 0.773 period None dead 0.22 | kin 2.22 cyc 0.63 gscc 0.63 in 2/38 | 10.5s
tri1.0|49|1.0|0.15|mnist|50|0.0|1: c1 0.734 c10 0.735 static 0.738 fac1 -0.029 ac1_39 -0.033 sent static 0.770 level 0.323 lock 0.00 move 0.732 period None dead 0.02 | kin 2.33 cyc 0.86 gscc 0.86 in 10/48 | 11.1s
sign|49|1.0|0.15|mnist|52|0.0|1: c1 0.000 c10 0.000 static 0.004 fac1 -0.005 ac1_39 -0.007 sent static 0.004 level 0.000 lock 0.00 move 1.42 period None dead 0.22 | kin 2.22 cyc 0.63 gscc 0.63 in 2/38 | 2.8s
tri1.0|49|1.0|0.15|mnist|51|0.0|1: c1 0.951 c10 0.951 static 0.949 fac1 -0.009 ac1_39 -0.008 sent static 0.952 level 0.320 lock 0.00 move 0.346 period None dead 0.06 | kin 2.71 cyc 0.84 gscc 0.84 in 5/46 | 11.2s
sign|49|1.0|0.15|mnist|51|0.0|1: c1 0.004 c10 0.000 static 0.006 fac1 0.000 ac1_39 -0.002 sent static 0.005 level 0.000 lock 0.00 move 1.41 period None dead 0.06 | kin 2.71 cyc 0.84 gscc 0.84 in 5/46 | 3.0s
cstep|49|1.0|0.15|mnist|51|0.0|1: c1 0.793 c10 0.798 static 0.797 fac1 -0.007 ac1_39 -0.008 sent static 0.787 level 0.489 lock 0.00 move 0.649 period None dead 0.06 | kin 2.71 cyc 0.84 gscc 0.84 in 5/46 | 5.2s
sig4_0|49|1.0|0.15|mnist|50|0.0|1: c1 0.975 c10 0.975 static 0.977 fac1 -0.029 ac1_39 -0.022 sent static 0.986 level 0.605 lock 0.00 move 0.294 period None dead 0.02 | kin 2.33 cyc 0.86 gscc 0.86 in 10/48 | 9.4s
sign|49|1.0|0.15|mnist|53|0.0|1: c1 0.026 c10 0.034 static 0.037 fac1 -0.013 ac1_39 -0.013 sent static 0.024 level 0.000 lock 0.00 move 1.37 period None dead 0.10 | kin 2.33 cyc 0.71 gscc 0.71 in 10/44 | 3.1s
sig4_0|49|1.0|0.15|mnist|52|0.0|1: c1 0.999 c10 0.999 static 1.000 fac1 0.013 ac1_39 -0.004 sent static 1.000 level 0.603 lock 0.10 move 0.118 period None dead 0.16 | kin 2.22 cyc 0.63 gscc 0.63 in 2/38 | 9.0s
sig4_0|49|1.0|0.15|mnist|51|0.0|1: c1 0.991 c10 0.991 static 0.992 fac1 0.007 ac1_39 0.004 sent static 0.994 level 0.591 lock 0.00 move 0.181 period None dead 0.06 | kin 2.71 cyc 0.84 gscc 0.84 in 5/46 | 9.5s
sig8_0|49|1.0|0.15|mnist|51|0.0|1: c1 0.938 c10 0.939 static 0.937 fac1 -0.016 ac1_39 -0.014 sent static 0.938 level 0.525 lock 0.00 move 0.37 period None dead 0.06 | kin 2.71 cyc 0.84 gscc 0.84 in 5/46 | 9.6s
sign|49|1.0|0.15|mnist|50|0.0|1: c1 0.005 c10 0.017 static 0.011 fac1 -0.008 ac1_39 -0.006 sent static 0.007 level 0.000 lock 0.00 move 1.4 period None dead 0.02 | kin 2.33 cyc 0.86 gscc 0.86 in 10/48 | 5.5s
wta|49|1.0|0.15|mnist|50|0.0|1: c1 0.059 c10 0.061 static 0.066 fac1 -0.008 ac1_39 -0.008 sent static 0.056 level 0.031 lock 0.00 move 1.31 period None dead 0.02 | kin 2.33 cyc 0.86 gscc 0.86 in 10/48 | 4.9s
wta|49|1.0|0.15|mnist|52|0.0|1: c1 0.240 c10 0.245 static 0.314 fac1 -0.007 ac1_39 -0.006 sent static 0.124 level 0.031 lock 0.07 move 1.15 period None dead 0.16 | kin 2.22 cyc 0.63 gscc 0.63 in 2/38 | 4.5s
wta|49|1.0|0.15|mnist|51|0.0|1: c1 0.084 c10 0.077 static 0.086 fac1 -0.002 ac1_39 -0.002 sent static 0.067 level 0.031 lock 0.00 move 1.3 period None dead 0.06 | kin 2.71 cyc 0.84 gscc 0.84 in 5/46 | 4.9s
raw|49|1.0|0.3|none|50|0.0|1: c1 -0.950 c10 -0.975 static 0.000 fac1 -0.947 ac1_39 -0.950 sent static 0.000 level 0.000 lock 0.00 move 1.97 period None dead 0.00 | kin 4.84 cyc 0.98 gscc 0.98 in 0/0 | 2.8s
wta|49|1.0|0.15|mnist|53|0.0|1: c1 0.105 c10 0.090 static 0.095 fac1 -0.009 ac1_39 -0.009 sent static 0.066 level 0.031 lock 0.04 move 1.29 period None dead 0.06 | kin 2.33 cyc 0.71 gscc 0.71 in 10/44 | 5.0s
step0|49|1.0|0.15|mnist|53|0.0|1: c1 0.761 c10 0.761 static 0.760 fac1 -0.006 ac1_39 -0.008 sent static 0.781 level 0.509 lock 0.04 move 0.699 period None dead 0.06 | kin 2.33 cyc 0.71 gscc 0.71 in 10/44 | 8.5s
raw|49|1.0|0.3|none|51|0.0|1: c1 0.737 c10 -0.909 static 0.000 fac1 0.740 ac1_39 0.743 sent static 0.000 level 0.000 lock 0.00 move 0.716 period None dead 0.00 | kin 5.24 cyc 1.00 gscc 1.00 in 0/0 | 2.9s
raw|49|1.0|0.3|none|53|0.0|1: c1 0.597 c10 -0.896 static 0.000 fac1 0.602 ac1_39 0.603 sent static 0.000 level 0.000 lock 0.00 move 0.892 period None dead 0.00 | kin 4.76 cyc 0.98 gscc 0.98 in 0/0 | 2.9s
cstep|49|1.0|0.15|mnist|50|0.0|1: c1 0.760 c10 0.761 static 0.758 fac1 -0.010 ac1_39 -0.008 sent static 0.772 level 0.499 lock 0.00 move 0.707 period None dead 0.02 | kin 2.33 cyc 0.86 gscc 0.86 in 10/48 | 9.7s
cstep|49|1.0|0.15|mnist|52|0.0|1: c1 0.733 c10 0.735 static 0.743 fac1 -0.004 ac1_39 -0.003 sent static 0.770 level 0.502 lock 0.00 move 0.723 period None dead 0.22 | kin 2.22 cyc 0.63 gscc 0.63 in 2/38 | 9.2s
relu|49|1.0|0.3|none|50|0.0|1: c1 0.855 c10 0.985 static 0.911 fac1 -0.691 ac1_39 -0.693 sent static 0.922 level 0.340 lock 0.00 move 0.55 period None dead 0.00 | kin 4.84 cyc 0.98 gscc 0.98 in 0/0 | 4.5s
kwta4|49|1.0|0.15|mnist|52|0.0|1: c1 0.156 c10 0.154 static 0.159 fac1 -0.001 ac1_39 0.000 sent static 0.187 level 0.112 lock 0.00 move 1.28 period None dead 0.22 | kin 2.22 cyc 0.63 gscc 0.63 in 2/38 | 5.3s
raw|49|1.0|0.3|none|52|0.0|1: c1 -0.179 c10 -0.041 static 0.000 fac1 -0.182 ac1_39 -0.193 sent static 0.000 level 0.000 lock 0.00 move 1.54 period None dead 0.00 | kin 4.84 cyc 1.00 gscc 1.00 in 0/0 | 5.0s
cstep|49|1.0|0.15|mnist|53|0.0|1: c1 0.741 c10 0.752 static 0.749 fac1 -0.017 ac1_39 -0.018 sent static 0.780 level 0.502 lock 0.00 move 0.727 period None dead 0.10 | kin 2.33 cyc 0.71 gscc 0.71 in 10/44 | 10.0s
relu|49|1.0|0.3|none|51|0.0|1: c1 0.923 c10 0.921 static 0.922 fac1 0.015 ac1_39 0.013 sent static 0.922 level 0.309 lock 0.00 move 0.395 period None dead 0.00 | kin 5.24 cyc 1.00 gscc 1.00 in 0/0 | 6.1s
relu|49|1.0|0.3|none|52|0.0|1: c1 0.894 c10 0.890 static 0.870 fac1 0.154 ac1_39 0.153 sent static 0.877 level 0.319 lock 0.00 move 0.468 period None dead 0.00 | kin 4.84 cyc 1.00 gscc 1.00 in 0/0 | 5.8s
relu|49|1.0|0.3|none|53|0.0|1: c1 0.981 c10 0.991 static 0.986 fac1 -0.510 ac1_39 -0.512 sent static 0.985 level 0.318 lock 0.00 move 0.215 period None dead 0.00 | kin 4.76 cyc 0.98 gscc 0.98 in 0/0 | 6.0s
tri0.3|49|1.0|0.3|none|50|0.0|1: c1 0.918 c10 0.918 static 0.914 fac1 -0.005 ac1_39 -0.005 sent static 0.923 level 0.460 lock 0.00 move 0.408 period None dead 0.00 | kin 4.84 cyc 0.98 gscc 0.98 in 0/0 | 6.5s
tri0.3|49|1.0|0.3|none|52|0.0|1: c1 0.895 c10 0.893 static 0.894 fac1 -0.005 ac1_39 -0.004 sent static 0.905 level 0.468 lock 0.00 move 0.463 period None dead 0.00 | kin 4.84 cyc 1.00 gscc 1.00 in 0/0 | 6.2s
tri0.3|49|1.0|0.3|none|51|0.0|1: c1 0.937 c10 0.936 static 0.936 fac1 -0.015 ac1_39 -0.016 sent static 0.935 level 0.465 lock 0.00 move 0.374 period None dead 0.00 | kin 5.24 cyc 1.00 gscc 1.00 in 0/0 | 6.5s
tri0.3|49|1.0|0.3|none|53|0.0|1: c1 0.913 c10 0.913 static 0.910 fac1 0.004 ac1_39 0.004 sent static 0.911 level 0.470 lock 0.00 move 0.437 period None dead 0.00 | kin 4.76 cyc 0.98 gscc 0.98 in 0/0 | 6.5s
tri0.7|49|1.0|0.3|none|50|0.0|1: c1 0.991 c10 0.994 static 0.992 fac1 -0.149 ac1_39 -0.158 sent static 0.992 level 0.372 lock 0.00 move 0.132 period None dead 0.00 | kin 4.84 cyc 0.98 gscc 0.98 in 0/0 | 6.6s
tri0.7|49|1.0|0.3|none|53|0.0|1: c1 0.974 c10 0.990 static 0.977 fac1 -0.210 ac1_39 -0.209 sent static 0.979 level 0.379 lock 0.00 move 0.235 period None dead 0.00 | kin 4.76 cyc 0.98 gscc 0.98 in 0/0 | 6.7s
kwta4|49|1.0|0.15|mnist|50|0.0|1: c1 0.192 c10 0.194 static 0.194 fac1 -0.010 ac1_39 -0.011 sent static 0.206 level 0.112 lock 0.00 move 1.27 period None dead 0.02 | kin 2.33 cyc 0.86 gscc 0.86 in 10/48 | 11.0s
kwta4|49|1.0|0.15|mnist|51|0.0|1: c1 0.212 c10 0.209 static 0.215 fac1 -0.004 ac1_39 -0.003 sent static 0.211 level 0.112 lock 0.00 move 1.25 period None dead 0.06 | kin 2.71 cyc 0.84 gscc 0.84 in 5/46 | 11.1s
tri1.0|49|1.0|0.3|none|52|0.0|1: c1 0.859 c10 0.872 static 0.865 fac1 -0.065 ac1_39 -0.064 sent static 0.874 level 0.333 lock 0.00 move 0.561 period None dead 0.00 | kin 4.84 cyc 1.00 gscc 1.00 in 0/0 | 6.3s
kwta4|49|1.0|0.15|mnist|53|0.0|1: c1 0.217 c10 0.223 static 0.226 fac1 -0.008 ac1_39 -0.007 sent static 0.225 level 0.113 lock 0.00 move 1.23 period None dead 0.10 | kin 2.33 cyc 0.71 gscc 0.71 in 10/44 | 11.3s
tanh|49|1.0|0.3|none|50|0.0|1: c1 0.043 c10 -0.015 static 0.003 fac1 0.043 ac1_39 0.042 sent static 0.003 level 0.000 lock 0.00 move 1.38 period None dead 0.00 | kin 4.84 cyc 0.98 gscc 0.98 in 0/0 | 6.1s
tri1.0|49|1.0|0.3|none|53|0.0|1: c1 0.930 c10 0.923 static 0.938 fac1 -0.166 ac1_39 -0.167 sent static 0.945 level 0.319 lock 0.00 move 0.378 period None dead 0.00 | kin 4.76 cyc 0.98 gscc 0.98 in 0/0 | 6.6s
tanh|49|1.0|0.3|none|51|0.0|1: c1 0.019 c10 -0.008 static 0.002 fac1 0.019 ac1_39 0.017 sent static 0.002 level 0.000 lock 0.00 move 1.4 period None dead 0.00 | kin 5.24 cyc 1.00 gscc 1.00 in 0/0 | 6.1s
tanh|49|1.0|0.3|none|52|0.0|1: c1 -0.051 c10 -0.050 static 0.003 fac1 -0.054 ac1_39 -0.052 sent static 0.003 level 0.000 lock 0.00 move 1.45 period None dead 0.00 | kin 4.84 cyc 1.00 gscc 1.00 in 0/0 | 5.9s
tanh|49|1.0|0.3|none|53|0.0|1: c1 -0.013 c10 -0.018 static 0.001 fac1 -0.013 ac1_39 -0.010 sent static 0.001 level 0.000 lock 0.00 move 1.42 period None dead 0.00 | kin 4.76 cyc 0.98 gscc 0.98 in 0/0 | 6.2s
sig4_0|49|1.0|0.3|none|52|0.0|1: c1 1.000 c10 1.000 static 1.000 fac1 0.514 ac1_39 0.514 sent static 1.000 level 0.598 lock 1.00 move 2.01e-07 period 1 dead 0.00 | kin 4.84 cyc 1.00 gscc 1.00 in 0/0 | 5.5s
sig4_0|49|1.0|0.3|none|51|0.0|1: c1 1.000 c10 1.000 static 1.000 fac1 0.527 ac1_39 0.538 sent static 1.000 level 0.600 lock 1.00 move 1.92e-07 period 1 dead 0.00 | kin 5.24 cyc 1.00 gscc 1.00 in 0/0 | 5.8s
sig4_0|49|1.0|0.3|none|53|0.0|1: c1 1.000 c10 1.000 static 1.000 fac1 0.518 ac1_39 0.527 sent static 1.000 level 0.606 lock 1.00 move 2.03e-07 period 1 dead 0.00 | kin 4.76 cyc 0.98 gscc 0.98 in 0/0 | 5.7s
sig8_0|49|1.0|0.3|none|50|0.0|1: c1 0.944 c10 0.945 static 0.943 fac1 -0.024 ac1_39 -0.024 sent static 0.944 level 0.552 lock 0.00 move 0.35 period None dead 0.00 | kin 4.84 cyc 0.98 gscc 0.98 in 0/0 | 5.7s
tri0.7|49|1.0|0.3|none|52|0.0|1: c1 0.927 c10 0.935 static 0.931 fac1 -0.050 ac1_39 -0.050 sent static 0.934 level 0.397 lock 0.00 move 0.399 period None dead 0.00 | kin 4.84 cyc 1.00 gscc 1.00 in 0/0 | 11.9s
sig8_0|49|1.0|0.3|none|51|0.0|1: c1 0.956 c10 0.955 static 0.957 fac1 -0.003 ac1_39 -0.003 sent static 0.957 level 0.544 lock 0.00 move 0.303 period None dead 0.00 | kin 5.24 cyc 1.00 gscc 1.00 in 0/0 | 5.7s
tri0.7|49|1.0|0.3|none|51|0.0|1: c1 0.968 c10 0.989 static 0.976 fac1 -0.385 ac1_39 -0.411 sent static 0.978 level 0.395 lock 0.00 move 0.273 period None dead 0.00 | kin 5.24 cyc 1.00 gscc 1.00 in 0/0 | 12.4s
sig8_0|49|1.0|0.3|none|52|0.0|1: c1 0.949 c10 0.948 static 0.947 fac1 0.050 ac1_39 0.048 sent static 0.951 level 0.536 lock 0.00 move 0.324 period None dead 0.00 | kin 4.84 cyc 1.00 gscc 1.00 in 0/0 | 5.5s
step0|49|1.0|0.3|none|51|0.0|1: c1 0.785 c10 0.786 static 0.782 fac1 -0.004 ac1_39 -0.002 sent static 0.779 level 0.481 lock 0.00 move 0.674 period None dead 0.00 | kin 5.24 cyc 1.00 gscc 1.00 in 0/0 | 4.8s
tri1.0|49|1.0|0.3|none|50|0.0|1: c1 0.875 c10 0.990 static 0.931 fac1 -0.871 ac1_39 -0.874 sent static 0.938 level 0.321 lock 0.00 move 0.521 period None dead 0.00 | kin 4.84 cyc 0.98 gscc 0.98 in 0/0 | 12.4s
tri1.0|49|1.0|0.3|none|51|0.0|1: c1 0.925 c10 0.941 static 0.930 fac1 -0.137 ac1_39 -0.141 sent static 0.936 level 0.325 lock 0.00 move 0.396 period None dead 0.00 | kin 5.24 cyc 1.00 gscc 1.00 in 0/0 | 12.4s
cstep|49|1.0|0.3|none|50|0.0|1: c1 0.795 c10 0.793 static 0.793 fac1 -0.012 ac1_39 -0.010 sent static 0.789 level 0.498 lock 0.00 move 0.659 period None dead 0.00 | kin 4.84 cyc 0.98 gscc 0.98 in 0/0 | 5.7s
sign|49|1.0|0.3|none|50|0.0|1: c1 -0.000 c10 -0.007 static 0.004 fac1 -0.003 ac1_39 -0.002 sent static 0.003 level 0.000 lock 0.00 move 1.41 period None dead 0.00 | kin 4.84 cyc 0.98 gscc 0.98 in 0/0 | 3.2s
sign|49|1.0|0.3|none|52|0.0|1: c1 0.002 c10 0.003 static 0.004 fac1 -0.001 ac1_39 0.001 sent static 0.003 level 0.000 lock 0.00 move 1.41 period None dead 0.00 | kin 4.84 cyc 1.00 gscc 1.00 in 0/0 | 3.1s
sign|49|1.0|0.3|none|51|0.0|1: c1 -0.007 c10 -0.006 static 0.004 fac1 -0.011 ac1_39 -0.011 sent static 0.004 level 0.000 lock 0.00 move 1.42 period None dead 0.00 | kin 5.24 cyc 1.00 gscc 1.00 in 0/0 | 3.3s
sign|49|1.0|0.3|none|53|0.0|1: c1 0.004 c10 -0.003 static 0.003 fac1 0.001 ac1_39 0.002 sent static 0.003 level 0.000 lock 0.00 move 1.41 period None dead 0.00 | kin 4.76 cyc 0.98 gscc 0.98 in 0/0 | 3.3s
sig4_0|49|1.0|0.3|none|50|0.0|1: c1 1.000 c10 1.000 static 1.000 fac1 0.515 ac1_39 0.513 sent static 1.000 level 0.607 lock 1.00 move 2.02e-07 period 1 dead 0.00 | kin 4.84 cyc 0.98 gscc 0.98 in 0/0 | 10.5s
step0|49|1.0|0.3|none|50|0.0|1: c1 0.791 c10 0.791 static 0.788 fac1 -0.010 ac1_39 -0.009 sent static 0.787 level 0.505 lock 0.00 move 0.673 period None dead 0.00 | kin 4.84 cyc 0.98 gscc 0.98 in 0/0 | 9.1s
step0|49|1.0|0.3|none|52|0.0|1: c1 0.769 c10 0.768 static 0.769 fac1 -0.002 ac1_39 -0.004 sent static 0.787 level 0.478 lock 0.00 move 0.676 period None dead 0.00 | kin 4.84 cyc 1.00 gscc 1.00 in 0/0 | 9.0s
raw|49|1.0|0.3|kp1|50|0.0|1: c1 -0.914 c10 -0.938 static 0.018 fac1 -0.945 ac1_39 -0.948 sent static 0.018 level 0.000 lock 0.00 move 1.95 period None dead 0.00 | kin 4.84 cyc 0.98 gscc 0.98 in 3/49 | 2.8s
step0|49|1.0|0.3|none|53|0.0|1: c1 0.784 c10 0.782 static 0.778 fac1 -0.008 ac1_39 -0.008 sent static 0.789 level 0.499 lock 0.00 move 0.679 period None dead 0.00 | kin 4.76 cyc 0.98 gscc 0.98 in 0/0 | 9.2s
raw|49|1.0|0.3|kp1|51|0.0|1: c1 0.715 c10 -0.878 static 0.007 fac1 0.719 ac1_39 0.715 sent static 0.007 level 0.000 lock 0.00 move 0.75 period None dead 0.00 | kin 5.24 cyc 1.00 gscc 1.00 in 3/49 | 2.8s
wta|49|1.0|0.3|none|51|0.0|1: c1 0.039 c10 0.034 static 0.041 fac1 -0.005 ac1_39 -0.003 sent static 0.042 level 0.031 lock 0.00 move 1.39 period None dead 0.00 | kin 5.24 cyc 1.00 gscc 1.00 in 0/0 | 5.4s
raw|49|1.0|0.3|kp1|52|0.0|1: c1 -0.153 c10 -0.035 static 0.002 fac1 -0.151 ac1_39 -0.160 sent static 0.002 level 0.000 lock 0.00 move 1.52 period None dead 0.00 | kin 4.84 cyc 1.00 gscc 1.00 in 3/49 | 2.8s
wta|49|1.0|0.3|none|53|0.0|1: c1 0.044 c10 0.040 static 0.044 fac1 -0.002 ac1_39 -0.002 sent static 0.043 level 0.031 lock 0.00 move 1.38 period None dead 0.00 | kin 4.76 cyc 0.98 gscc 0.98 in 0/0 | 5.4s
sig8_0|49|1.0|0.3|none|53|0.0|1: c1 0.948 c10 0.949 static 0.946 fac1 -0.001 ac1_39 0.001 sent static 0.950 level 0.537 lock 0.00 move 0.339 period None dead 0.00 | kin 4.76 cyc 0.98 gscc 0.98 in 0/0 | 10.6s
raw|49|1.0|0.3|kp1|53|0.0|1: c1 0.482 c10 -0.769 static 0.012 fac1 0.483 ac1_39 0.483 sent static 0.012 level 0.000 lock 0.00 move 1.01 period None dead 0.00 | kin 4.76 cyc 0.98 gscc 0.98 in 3/49 | 2.9s
kwta4|49|1.0|0.3|none|50|0.0|1: c1 0.195 c10 0.206 static 0.200 fac1 -0.006 ac1_39 -0.006 sent static 0.196 level 0.114 lock 0.00 move 1.26 period None dead 0.00 | kin 4.84 cyc 0.98 gscc 0.98 in 0/0 | 6.2s
cstep|49|1.0|0.3|none|52|0.0|1: c1 0.776 c10 0.775 static 0.773 fac1 -0.003 ac1_39 -0.002 sent static 0.789 level 0.501 lock 0.00 move 0.669 period None dead 0.00 | kin 4.84 cyc 1.00 gscc 1.00 in 0/0 | 10.4s
cstep|49|1.0|0.3|none|51|0.0|1: c1 0.798 c10 0.799 static 0.797 fac1 -0.012 ac1_39 -0.012 sent static 0.792 level 0.499 lock 0.00 move 0.66 period None dead 0.00 | kin 5.24 cyc 1.00 gscc 1.00 in 0/0 | 10.9s
relu|49|1.0|0.3|kp1|53|0.0|1: c1 0.937 c10 0.975 static 0.957 fac1 -0.502 ac1_39 -0.487 sent static 0.961 level 0.308 lock 0.00 move 0.386 period None dead 0.00 | kin 4.76 cyc 0.98 gscc 0.98 in 3/49 | 3.3s
kwta4|49|1.0|0.3|none|53|0.0|1: c1 0.210 c10 0.203 static 0.208 fac1 -0.002 ac1_39 -0.002 sent static 0.198 level 0.114 lock 0.00 move 1.26 period None dead 0.00 | kin 4.76 cyc 0.98 gscc 0.98 in 0/0 | 6.3s
relu|49|1.0|0.3|kp1|50|0.0|1: c1 0.852 c10 0.985 static 0.906 fac1 -0.602 ac1_39 -0.613 sent static 0.917 level 0.341 lock 0.00 move 0.56 period None dead 0.00 | kin 4.84 cyc 0.98 gscc 0.98 in 3/49 | 5.9s
cstep|49|1.0|0.3|none|53|0.0|1: c1 0.781 c10 0.782 static 0.776 fac1 -0.008 ac1_39 -0.008 sent static 0.789 level 0.494 lock 0.00 move 0.678 period None dead 0.00 | kin 4.76 cyc 0.98 gscc 0.98 in 0/0 | 10.9s
wta|49|1.0|0.3|none|50|0.0|1: c1 0.036 c10 0.036 static 0.041 fac1 -0.007 ac1_39 -0.005 sent static 0.043 level 0.031 lock 0.00 move 1.39 period None dead 0.00 | kin 4.84 cyc 0.98 gscc 0.98 in 0/0 | 10.0s
wta|49|1.0|0.3|none|52|0.0|1: c1 0.038 c10 0.030 static 0.042 fac1 -0.005 ac1_39 -0.005 sent static 0.042 level 0.031 lock 0.00 move 1.38 period None dead 0.00 | kin 4.84 cyc 1.00 gscc 1.00 in 0/0 | 9.7s
relu|49|1.0|0.3|kp1|51|0.0|1: c1 0.879 c10 0.874 static 0.886 fac1 -0.134 ac1_39 -0.131 sent static 0.891 level 0.313 lock 0.00 move 0.508 period None dead 0.00 | kin 5.24 cyc 1.00 gscc 1.00 in 3/49 | 6.0s
relu|49|1.0|0.3|kp1|52|0.0|1: c1 0.876 c10 0.888 static 0.863 fac1 0.030 ac1_39 0.036 sent static 0.872 level 0.323 lock 0.00 move 0.518 period None dead 0.00 | kin 4.84 cyc 1.00 gscc 1.00 in 3/49 | 5.8s
tri0.3|49|1.0|0.3|kp1|52|0.0|1: c1 0.891 c10 0.894 static 0.893 fac1 -0.023 ac1_39 -0.025 sent static 0.904 level 0.470 lock 0.00 move 0.471 period None dead 0.00 | kin 4.84 cyc 1.00 gscc 1.00 in 3/49 | 6.3s
tri0.3|49|1.0|0.3|kp1|51|0.0|1: c1 0.931 c10 0.931 static 0.931 fac1 -0.013 ac1_39 -0.018 sent static 0.931 level 0.464 lock 0.00 move 0.389 period None dead 0.00 | kin 5.24 cyc 1.00 gscc 1.00 in 3/49 | 6.5s
tri0.3|49|1.0|0.3|kp1|53|0.0|1: c1 0.907 c10 0.909 static 0.907 fac1 -0.030 ac1_39 -0.044 sent static 0.909 level 0.469 lock 0.00 move 0.459 period None dead 0.00 | kin 4.76 cyc 0.98 gscc 0.98 in 3/49 | 6.6s
tri0.7|49|1.0|0.3|kp1|50|0.0|1: c1 0.984 c10 0.988 static 0.986 fac1 -0.213 ac1_39 -0.228 sent static 0.987 level 0.373 lock 0.00 move 0.19 period None dead 0.00 | kin 4.84 cyc 0.98 gscc 0.98 in 3/49 | 6.6s
tri0.7|49|1.0|0.3|kp1|52|0.0|1: c1 0.921 c10 0.921 static 0.922 fac1 -0.031 ac1_39 -0.033 sent static 0.932 level 0.399 lock 0.00 move 0.402 period None dead 0.00 | kin 4.84 cyc 1.00 gscc 1.00 in 3/49 | 6.4s
kwta4|49|1.0|0.3|none|51|0.0|1: c1 0.186 c10 0.193 static 0.194 fac1 -0.012 ac1_39 -0.010 sent static 0.192 level 0.114 lock 0.00 move 1.27 period None dead 0.00 | kin 5.24 cyc 1.00 gscc 1.00 in 0/0 | 12.4s
tri0.7|49|1.0|0.3|kp1|53|0.0|1: c1 0.942 c10 0.939 static 0.952 fac1 -0.238 ac1_39 -0.258 sent static 0.959 level 0.382 lock 0.00 move 0.358 period None dead 0.00 | kin 4.76 cyc 0.98 gscc 0.98 in 3/49 | 6.8s
kwta4|49|1.0|0.3|none|52|0.0|1: c1 0.182 c10 0.183 static 0.186 fac1 -0.005 ac1_39 -0.003 sent static 0.185 level 0.114 lock 0.00 move 1.28 period None dead 0.00 | kin 4.84 cyc 1.00 gscc 1.00 in 0/0 | 11.8s
tri1.0|49|1.0|0.3|kp1|52|0.0|1: c1 0.861 c10 0.874 static 0.864 fac1 -0.068 ac1_39 -0.067 sent static 0.874 level 0.338 lock 0.00 move 0.549 period None dead 0.00 | kin 4.84 cyc 1.00 gscc 1.00 in 3/49 | 6.3s
tri1.0|49|1.0|0.3|kp1|53|0.0|1: c1 0.915 c10 0.959 static 0.946 fac1 -0.542 ac1_39 -0.569 sent static 0.956 level 0.323 lock 0.00 move 0.43 period None dead 0.00 | kin 4.76 cyc 0.98 gscc 0.98 in 3/49 | 6.6s
tanh|49|1.0|0.3|kp1|50|0.0|1: c1 -0.015 c10 0.016 static 0.005 fac1 -0.020 ac1_39 -0.022 sent static 0.005 level 0.000 lock 0.00 move 1.43 period None dead 0.00 | kin 4.84 cyc 0.98 gscc 0.98 in 3/49 | 6.1s
tanh|49|1.0|0.3|kp1|52|0.0|1: c1 -0.034 c10 0.008 static 0.005 fac1 -0.041 ac1_39 -0.039 sent static 0.005 level 0.000 lock 0.00 move 1.44 period None dead 0.00 | kin 4.84 cyc 1.00 gscc 1.00 in 3/49 | 5.9s
tanh|49|1.0|0.3|kp1|51|0.0|1: c1 0.006 c10 0.010 static 0.012 fac1 -0.006 ac1_39 -0.005 sent static 0.011 level 0.000 lock 0.00 move 1.41 period None dead 0.00 | kin 5.24 cyc 1.00 gscc 1.00 in 3/49 | 6.2s
tanh|49|1.0|0.3|kp1|53|0.0|1: c1 -0.011 c10 -0.088 static 0.012 fac1 -0.027 ac1_39 -0.028 sent static 0.012 level 0.000 lock 0.00 move 1.42 period None dead 0.00 | kin 4.76 cyc 0.98 gscc 0.98 in 3/49 | 6.2s
sig4_0|49|1.0|0.3|kp1|52|0.0|1: c1 0.998 c10 0.998 static 0.999 fac1 -0.357 ac1_39 -0.339 sent static 0.999 level 0.599 lock 0.00 move 0.0775 period 4 dead 0.00 | kin 4.84 cyc 1.00 gscc 1.00 in 3/49 | 5.5s
tri0.3|49|1.0|0.3|kp1|50|0.0|1: c1 0.913 c10 0.911 static 0.910 fac1 -0.007 ac1_39 -0.010 sent static 0.918 level 0.461 lock 0.00 move 0.421 period None dead 0.00 | kin 4.84 cyc 0.98 gscc 0.98 in 3/49 | 12.2s
sig4_0|49|1.0|0.3|kp1|53|0.0|1: c1 0.995 c10 0.995 static 0.996 fac1 -0.334 ac1_39 -0.348 sent static 0.997 level 0.604 lock 0.00 move 0.143 period 4 dead 0.00 | kin 4.76 cyc 0.98 gscc 0.98 in 3/49 | 5.8s
sig8_0|49|1.0|0.3|kp1|50|0.0|1: c1 0.941 c10 0.944 static 0.942 fac1 -0.042 ac1_39 -0.044 sent static 0.944 level 0.544 lock 0.00 move 0.361 period None dead 0.00 | kin 4.84 cyc 0.98 gscc 0.98 in 3/49 | 5.8s
sig8_0|49|1.0|0.3|kp1|52|0.0|1: c1 0.939 c10 0.938 static 0.941 fac1 -0.017 ac1_39 -0.021 sent static 0.946 level 0.542 lock 0.00 move 0.354 period None dead 0.00 | kin 4.84 cyc 1.00 gscc 1.00 in 3/49 | 5.5s
sig8_0|49|1.0|0.3|kp1|51|0.0|1: c1 0.953 c10 0.954 static 0.954 fac1 -0.006 ac1_39 -0.010 sent static 0.954 level 0.546 lock 0.00 move 0.311 period None dead 0.00 | kin 5.24 cyc 1.00 gscc 1.00 in 3/49 | 5.8s
tri0.7|49|1.0|0.3|kp1|51|0.0|1: c1 0.935 c10 0.977 static 0.959 fac1 -0.625 ac1_39 -0.636 sent static 0.961 level 0.392 lock 0.00 move 0.393 period None dead 0.00 | kin 5.24 cyc 1.00 gscc 1.00 in 3/49 | 12.5s
step0|49|1.0|0.3|kp1|50|0.0|1: c1 0.790 c10 0.789 static 0.787 fac1 -0.003 ac1_39 -0.005 sent static 0.785 level 0.501 lock 0.00 move 0.671 period None dead 0.00 | kin 4.84 cyc 0.98 gscc 0.98 in 3/49 | 4.8s
step0|49|1.0|0.3|kp1|52|0.0|1: c1 0.773 c10 0.772 static 0.773 fac1 0.001 ac1_39 0.001 sent static 0.787 level 0.476 lock 0.00 move 0.673 period None dead 0.00 | kin 4.84 cyc 1.00 gscc 1.00 in 3/49 | 4.7s
tri1.0|49|1.0|0.3|kp1|50|0.0|1: c1 0.879 c10 0.994 static 0.935 fac1 -0.933 ac1_39 -0.932 sent static 0.945 level 0.320 lock 0.00 move 0.519 period None dead 0.00 | kin 4.84 cyc 0.98 gscc 0.98 in 3/49 | 12.4s
step0|49|1.0|0.3|kp1|53|0.0|1: c1 0.779 c10 0.774 static 0.777 fac1 -0.008 ac1_39 -0.013 sent static 0.784 level 0.498 lock 0.00 move 0.688 period None dead 0.00 | kin 4.76 cyc 0.98 gscc 0.98 in 3/49 | 4.9s
tri1.0|49|1.0|0.3|kp1|51|0.0|1: c1 0.921 c10 0.932 static 0.927 fac1 -0.158 ac1_39 -0.159 sent static 0.934 level 0.327 lock 0.00 move 0.409 period None dead 0.00 | kin 5.24 cyc 1.00 gscc 1.00 in 3/49 | 12.4s
sign|49|1.0|0.3|kp1|50|0.0|1: c1 0.003 c10 0.006 static 0.003 fac1 0.002 ac1_39 0.000 sent static 0.003 level 0.000 lock 0.00 move 1.41 period None dead 0.00 | kin 4.84 cyc 0.98 gscc 0.98 in 3/49 | 3.2s
sign|49|1.0|0.3|kp1|52|0.0|1: c1 0.002 c10 -0.008 static 0.003 fac1 -0.000 ac1_39 -0.001 sent static 0.003 level 0.000 lock 0.00 move 1.41 period None dead 0.00 | kin 4.84 cyc 1.00 gscc 1.00 in 3/49 | 3.2s
sign|49|1.0|0.3|kp1|53|0.0|1: c1 0.001 c10 -0.000 static 0.004 fac1 -0.003 ac1_39 -0.005 sent static 0.004 level 0.000 lock 0.00 move 1.41 period None dead 0.00 | kin 4.76 cyc 0.98 gscc 0.98 in 3/49 | 3.3s
sig4_0|49|1.0|0.3|kp1|50|0.0|1: c1 0.999 c10 0.999 static 0.999 fac1 -0.196 ac1_39 -0.299 sent static 0.999 level 0.608 lock 0.00 move 0.0722 period 4 dead 0.00 | kin 4.84 cyc 0.98 gscc 0.98 in 3/49 | 10.6s
sig4_0|49|1.0|0.3|kp1|51|0.0|1: c1 0.998 c10 0.999 static 0.999 fac1 -0.394 ac1_39 -0.391 sent static 0.999 level 0.600 lock 0.00 move 0.0751 period 4 dead 0.00 | kin 5.24 cyc 1.00 gscc 1.00 in 3/49 | 10.6s
step0|49|1.0|0.3|kp1|51|0.0|1: c1 0.783 c10 0.784 static 0.781 fac1 -0.012 ac1_39 -0.013 sent static 0.782 level 0.484 lock 0.00 move 0.67 period None dead 0.00 | kin 5.24 cyc 1.00 gscc 1.00 in 3/49 | 9.3s
wta|49|1.0|0.3|kp1|50|0.0|1: c1 0.038 c10 0.039 static 0.042 fac1 -0.004 ac1_39 -0.009 sent static 0.042 level 0.031 lock 0.00 move 1.39 period None dead 0.00 | kin 4.84 cyc 0.98 gscc 0.98 in 3/49 | 5.4s
raw|49|1.0|0.3|mnist|50|0.0|1: c1 -0.520 c10 -0.542 static 0.175 fac1 -0.826 ac1_39 -0.830 sent static 0.175 level 0.003 lock 0.00 move 1.74 period None dead 0.00 | kin 4.84 cyc 0.98 gscc 0.98 in 10/49 | 2.9s
wta|49|1.0|0.3|kp1|51|0.0|1: c1 0.042 c10 0.037 static 0.043 fac1 -0.005 ac1_39 -0.002 sent static 0.042 level 0.031 lock 0.00 move 1.38 period None dead 0.00 | kin 5.24 cyc 1.00 gscc 1.00 in 3/49 | 5.4s
sign|49|1.0|0.3|kp1|51|0.0|1: c1 0.004 c10 0.004 static 0.004 fac1 -0.002 ac1_39 -0.004 sent static 0.003 level 0.000 lock 0.00 move 1.41 period None dead 0.00 | kin 5.24 cyc 1.00 gscc 1.00 in 3/49 | 6.1s
raw|49|1.0|0.3|mnist|51|0.0|1: c1 0.643 c10 -0.760 static 0.039 fac1 0.633 ac1_39 0.633 sent static 0.039 level 0.002 lock 0.00 move 0.837 period None dead 0.00 | kin 5.24 cyc 1.00 gscc 1.00 in 5/49 | 2.9s
raw|49|1.0|0.3|mnist|52|0.0|1: c1 -0.156 c10 -0.056 static 0.009 fac1 -0.160 ac1_39 -0.169 sent static 0.009 level 0.000 lock 0.00 move 1.52 period None dead 0.00 | kin 4.84 cyc 1.00 gscc 1.00 in 2/49 | 2.8s
wta|49|1.0|0.3|kp1|53|0.0|1: c1 0.036 c10 0.039 static 0.048 fac1 -0.012 ac1_39 -0.016 sent static 0.043 level 0.031 lock 0.00 move 1.39 period None dead 0.00 | kin 4.76 cyc 0.98 gscc 0.98 in 3/49 | 5.5s
sig8_0|49|1.0|0.3|kp1|53|0.0|1: c1 0.941 c10 0.939 static 0.939 fac1 0.006 ac1_39 -0.011 sent static 0.945 level 0.537 lock 0.00 move 0.367 period None dead 0.00 | kin 4.76 cyc 0.98 gscc 0.98 in 3/49 | 10.7s
kwta4|49|1.0|0.3|kp1|50|0.0|1: c1 0.194 c10 0.192 static 0.199 fac1 -0.008 ac1_39 -0.008 sent static 0.198 level 0.114 lock 0.00 move 1.27 period None dead 0.00 | kin 4.84 cyc 0.98 gscc 0.98 in 3/49 | 6.4s
kwta4|49|1.0|0.3|kp1|52|0.0|1: c1 0.189 c10 0.184 static 0.188 fac1 -0.002 ac1_39 -0.004 sent static 0.187 level 0.114 lock 0.00 move 1.27 period None dead 0.00 | kin 4.84 cyc 1.00 gscc 1.00 in 3/49 | 6.2s
cstep|49|1.0|0.3|kp1|50|0.0|1: c1 0.797 c10 0.794 static 0.790 fac1 0.004 ac1_39 0.002 sent static 0.792 level 0.502 lock 0.00 move 0.662 period None dead 0.00 | kin 4.84 cyc 0.98 gscc 0.98 in 3/49 | 10.9s
cstep|49|1.0|0.3|kp1|52|0.0|1: c1 0.777 c10 0.778 static 0.777 fac1 -0.008 ac1_39 -0.008 sent static 0.789 level 0.502 lock 0.00 move 0.664 period None dead 0.00 | kin 4.84 cyc 1.00 gscc 1.00 in 3/49 | 10.4s
raw|49|1.0|0.3|mnist|53|0.0|1: c1 0.462 c10 -0.475 static 0.077 fac1 0.408 ac1_39 0.405 sent static 0.077 level 0.001 lock 0.00 move 1.04 period None dead 0.00 | kin 4.76 cyc 0.98 gscc 0.98 in 10/49 | 5.4s
relu|49|1.0|0.3|mnist|52|0.0|1: c1 0.870 c10 0.867 static 0.856 fac1 0.059 ac1_39 0.056 sent static 0.865 level 0.317 lock 0.00 move 0.525 period None dead 0.00 | kin 4.84 cyc 1.00 gscc 1.00 in 2/49 | 3.2s
cstep|49|1.0|0.3|kp1|51|0.0|1: c1 0.797 c10 0.800 static 0.799 fac1 -0.016 ac1_39 -0.017 sent static 0.794 level 0.499 lock 0.00 move 0.659 period None dead 0.00 | kin 5.24 cyc 1.00 gscc 1.00 in 3/49 | 11.0s
relu|49|1.0|0.3|mnist|53|0.0|1: c1 0.892 c10 0.890 static 0.887 fac1 0.005 ac1_39 0.006 sent static 0.897 level 0.307 lock 0.00 move 0.521 period None dead 0.00 | kin 4.76 cyc 0.98 gscc 0.98 in 10/49 | 3.4s
cstep|49|1.0|0.3|kp1|53|0.0|1: c1 0.781 c10 0.785 static 0.776 fac1 -0.016 ac1_39 -0.015 sent static 0.787 level 0.497 lock 0.00 move 0.681 period None dead 0.00 | kin 4.76 cyc 0.98 gscc 0.98 in 3/49 | 11.1s
relu|49|1.0|0.3|mnist|50|0.0|1: c1 0.897 c10 0.916 static 0.905 fac1 -0.115 ac1_39 -0.115 sent static 0.916 level 0.339 lock 0.00 move 0.468 period None dead 0.00 | kin 4.84 cyc 0.98 gscc 0.98 in 10/49 | 6.3s
wta|49|1.0|0.3|kp1|52|0.0|1: c1 0.040 c10 0.035 static 0.042 fac1 -0.003 ac1_39 -0.004 sent static 0.043 level 0.031 lock 0.00 move 1.39 period None dead 0.00 | kin 4.84 cyc 1.00 gscc 1.00 in 3/49 | 9.8s
relu|49|1.0|0.3|mnist|51|0.0|1: c1 0.842 c10 0.846 static 0.845 fac1 -0.078 ac1_39 -0.078 sent static 0.850 level 0.321 lock 0.00 move 0.573 period None dead 0.00 | kin 5.24 cyc 1.00 gscc 1.00 in 5/49 | 6.3s
tri0.3|49|1.0|0.3|mnist|52|0.0|1: c1 0.891 c10 0.888 static 0.888 fac1 0.005 ac1_39 0.004 sent static 0.901 level 0.469 lock 0.00 move 0.469 period None dead 0.00 | kin 4.84 cyc 1.00 gscc 1.00 in 2/49 | 6.3s
tri0.3|49|1.0|0.3|mnist|50|0.0|1: c1 0.894 c10 0.897 static 0.892 fac1 -0.014 ac1_39 -0.016 sent static 0.899 level 0.460 lock 0.00 move 0.472 period None dead 0.00 | kin 4.84 cyc 0.98 gscc 0.98 in 10/49 | 6.6s
tanh|49|1.0|0.3|mnist|51|0.0|1: c1 0.076 c10 0.014 static 0.050 fac1 0.031 ac1_39 0.026 sent static 0.046 level 0.002 lock 0.00 move 1.36 period None dead 0.00 | kin 5.24 cyc 1.00 gscc 1.00 in 5/49 | 3.5s
tri0.7|49|1.0|0.3|mnist|50|0.0|1: c1 0.950 c10 0.952 static 0.951 fac1 -0.018 ac1_39 -0.023 sent static 0.955 level 0.382 lock 0.00 move 0.335 period None dead 0.00 | kin 4.84 cyc 0.98 gscc 0.98 in 10/49 | 6.9s
tri0.7|49|1.0|0.3|mnist|52|0.0|1: c1 0.917 c10 0.919 static 0.920 fac1 -0.010 ac1_39 -0.008 sent static 0.924 level 0.398 lock 0.00 move 0.422 period None dead 0.00 | kin 4.84 cyc 1.00 gscc 1.00 in 2/49 | 6.5s
kwta4|49|1.0|0.3|kp1|51|0.0|1: c1 0.192 c10 0.200 static 0.198 fac1 -0.006 ac1_39 -0.007 sent static 0.193 level 0.114 lock 0.00 move 1.27 period None dead 0.00 | kin 5.24 cyc 1.00 gscc 1.00 in 3/49 | 12.7s
tanh|49|1.0|0.3|mnist|50|0.0|1: c1 0.086 c10 0.076 static 0.042 fac1 0.045 ac1_39 0.046 sent static 0.039 level 0.001 lock 0.00 move 1.36 period None dead 0.00 | kin 4.84 cyc 0.98 gscc 0.98 in 10/49 | 6.3s
tri0.7|49|1.0|0.3|mnist|53|0.0|1: c1 0.920 c10 0.915 static 0.917 fac1 -0.002 ac1_39 -0.000 sent static 0.924 level 0.380 lock 0.00 move 0.45 period None dead 0.00 | kin 4.76 cyc 0.98 gscc 0.98 in 10/49 | 6.9s
kwta4|49|1.0|0.3|kp1|53|0.0|1: c1 0.205 c10 0.206 static 0.204 fac1 -0.008 ac1_39 -0.006 sent static 0.198 level 0.114 lock 0.00 move 1.26 period None dead 0.00 | kin 4.76 cyc 0.98 gscc 0.98 in 3/49 | 12.7s
tri0.3|49|1.0|0.3|mnist|53|0.0|1: c1 0.883 c10 0.882 static 0.884 fac1 -0.017 ac1_39 -0.017 sent static 0.893 level 0.460 lock 0.00 move 0.52 period None dead 0.00 | kin 4.76 cyc 0.98 gscc 0.98 in 10/49 | 9.4s
tanh|49|1.0|0.3|mnist|52|0.0|1: c1 0.014 c10 0.029 static 0.019 fac1 -0.005 ac1_39 -0.007 sent static 0.018 level 0.000 lock 0.00 move 1.4 period None dead 0.00 | kin 4.84 cyc 1.00 gscc 1.00 in 2/49 | 6.2s
tri1.0|49|1.0|0.3|mnist|53|0.0|1: c1 0.882 c10 0.884 static 0.880 fac1 -0.014 ac1_39 -0.012 sent static 0.885 level 0.318 lock 0.00 move 0.521 period None dead 0.00 | kin 4.76 cyc 0.98 gscc 0.98 in 10/49 | 6.7s
tri1.0|49|1.0|0.3|mnist|51|0.0|1: c1 0.911 c10 0.921 static 0.915 fac1 -0.077 ac1_39 -0.081 sent static 0.922 level 0.330 lock 0.00 move 0.422 period None dead 0.00 | kin 5.24 cyc 1.00 gscc 1.00 in 5/49 | 7.4s
tanh|49|1.0|0.3|mnist|53|0.0|1: c1 0.115 c10 0.084 static 0.122 fac1 -0.009 ac1_39 -0.009 sent static 0.114 level 0.001 lock 0.00 move 1.33 period None dead 0.00 | kin 4.76 cyc 0.98 gscc 0.98 in 10/49 | 6.4s
sig4_0|49|1.0|0.3|mnist|52|0.0|1: c1 0.998 c10 0.998 static 0.997 fac1 -0.003 ac1_39 -0.007 sent static 0.998 level 0.588 lock 0.00 move 0.105 period None dead 0.00 | kin 4.84 cyc 1.00 gscc 1.00 in 2/49 | 5.6s
sig4_0|49|1.0|0.3|mnist|53|0.0|1: c1 0.970 c10 0.969 static 0.968 fac1 -0.020 ac1_39 -0.019 sent static 0.982 level 0.605 lock 0.00 move 0.295 period None dead 0.00 | kin 4.76 cyc 0.98 gscc 0.98 in 10/49 | 5.9s
sig8_0|49|1.0|0.3|mnist|50|0.0|1: c1 0.921 c10 0.922 static 0.921 fac1 -0.004 ac1_39 -0.006 sent static 0.927 level 0.552 lock 0.00 move 0.411 period None dead 0.00 | kin 4.84 cyc 0.98 gscc 0.98 in 10/49 | 5.8s
tri0.3|49|1.0|0.3|mnist|51|0.0|1: c1 0.929 c10 0.930 static 0.927 fac1 -0.012 ac1_39 -0.013 sent static 0.929 level 0.463 lock 0.00 move 0.4 period None dead 0.00 | kin 5.24 cyc 1.00 gscc 1.00 in 5/49 | 12.6s
sig8_0|49|1.0|0.3|mnist|51|0.0|1: c1 0.942 c10 0.941 static 0.943 fac1 0.003 ac1_39 0.007 sent static 0.948 level 0.551 lock 0.00 move 0.351 period None dead 0.00 | kin 5.24 cyc 1.00 gscc 1.00 in 5/49 | 5.9s
tri0.7|49|1.0|0.3|mnist|51|0.0|1: c1 0.964 c10 0.966 static 0.965 fac1 -0.039 ac1_39 -0.039 sent static 0.966 level 0.391 lock 0.00 move 0.285 period None dead 0.00 | kin 5.24 cyc 1.00 gscc 1.00 in 5/49 | 12.7s
sig8_0|49|1.0|0.3|mnist|52|0.0|1: c1 0.940 c10 0.938 static 0.938 fac1 0.007 ac1_39 0.007 sent static 0.944 level 0.532 lock 0.00 move 0.357 period None dead 0.00 | kin 4.84 cyc 1.00 gscc 1.00 in 2/49 | 5.6s
step0|49|1.0|0.3|mnist|51|0.0|1: c1 0.783 c10 0.782 static 0.782 fac1 -0.011 ac1_39 -0.010 sent static 0.785 level 0.480 lock 0.00 move 0.671 period None dead 0.00 | kin 5.24 cyc 1.00 gscc 1.00 in 5/49 | 4.9s
tri1.0|49|1.0|0.3|mnist|52|0.0|1: c1 0.874 c10 0.875 static 0.868 fac1 0.000 ac1_39 -0.000 sent static 0.875 level 0.336 lock 0.00 move 0.523 period None dead 0.00 | kin 4.84 cyc 1.00 gscc 1.00 in 2/49 | 12.1s
sig4_0|49|1.0|0.3|mnist|50|0.0|1: c1 0.987 c10 0.987 static 0.986 fac1 -0.010 ac1_39 -0.013 sent static 0.991 level 0.612 lock 0.00 move 0.204 period None dead 0.00 | kin 4.84 cyc 0.98 gscc 0.98 in 10/49 | 10.9s
tri1.0|49|1.0|0.3|mnist|50|0.0|1: c1 0.883 c10 0.905 static 0.898 fac1 -0.122 ac1_39 -0.120 sent static 0.912 level 0.325 lock 0.00 move 0.476 period None dead 0.00 | kin 4.84 cyc 0.98 gscc 0.98 in 10/49 | 12.7s
sign|49|1.0|0.3|mnist|50|0.0|1: c1 0.014 c10 0.012 static 0.007 fac1 0.006 ac1_39 0.006 sent static 0.006 level 0.000 lock 0.00 move 1.4 period None dead 0.00 | kin 4.84 cyc 0.98 gscc 0.98 in 10/49 | 3.3s
cstep|49|1.0|0.3|mnist|51|0.0|1: c1 0.794 c10 0.800 static 0.800 fac1 -0.019 ac1_39 -0.020 sent static 0.793 level 0.499 lock 0.00 move 0.665 period None dead 0.00 | kin 5.24 cyc 1.00 gscc 1.00 in 5/49 | 5.8s
sign|49|1.0|0.3|mnist|52|0.0|1: c1 -0.001 c10 0.003 static 0.005 fac1 -0.006 ac1_39 -0.006 sent static 0.004 level 0.000 lock 0.00 move 1.41 period None dead 0.00 | kin 4.84 cyc 1.00 gscc 1.00 in 2/49 | 3.2s
sign|49|1.0|0.3|mnist|51|0.0|1: c1 0.002 c10 -0.000 static 0.005 fac1 -0.005 ac1_39 -0.004 sent static 0.005 level 0.000 lock 0.00 move 1.41 period None dead 0.00 | kin 5.24 cyc 1.00 gscc 1.00 in 5/49 | 3.4s
step0|49|1.0|0.3|mnist|52|0.0|1: c1 0.760 c10 0.764 static 0.764 fac1 -0.003 ac1_39 -0.003 sent static 0.792 level 0.481 lock 0.00 move 0.686 period None dead 0.00 | kin 4.84 cyc 1.00 gscc 1.00 in 2/49 | 6.6s
sig4_0|49|1.0|0.3|mnist|51|0.0|1: c1 0.994 c10 0.994 static 0.994 fac1 -0.022 ac1_39 -0.022 sent static 0.996 level 0.600 lock 0.00 move 0.14 period None dead 0.00 | kin 5.24 cyc 1.00 gscc 1.00 in 5/49 | 10.8s
cstep|49|1.0|0.3|mnist|52|0.0|1: c1 0.777 c10 0.776 static 0.773 fac1 -0.007 ac1_39 -0.007 sent static 0.786 level 0.502 lock 0.00 move 0.67 period None dead 0.00 | kin 4.84 cyc 1.00 gscc 1.00 in 2/49 | 7.7s
wta|49|1.0|0.3|mnist|50|0.0|1: c1 0.054 c10 0.054 static 0.053 fac1 -0.002 ac1_39 -0.002 sent static 0.046 level 0.031 lock 0.00 move 1.35 period None dead 0.00 | kin 4.84 cyc 0.98 gscc 0.98 in 10/49 | 5.5s
step0|49|1.0|0.3|mnist|50|0.0|1: c1 0.780 c10 0.781 static 0.781 fac1 -0.013 ac1_39 -0.015 sent static 0.784 level 0.497 lock 0.00 move 0.684 period None dead 0.00 | kin 4.84 cyc 0.98 gscc 0.98 in 10/49 | 9.4s
raw|49|1.0|0.6|none|50|0.0|1: c1 -0.637 c10 -0.658 static 0.000 fac1 -0.641 ac1_39 -0.642 sent static 0.000 level 0.000 lock 0.00 move 1.82 period None dead 0.00 | kin 10.12 cyc 1.00 gscc 1.00 in 0/0 | 3.4s
sign|49|1.0|0.3|mnist|53|0.0|1: c1 0.014 c10 0.005 static 0.015 fac1 -0.002 ac1_39 -0.002 sent static 0.011 level 0.000 lock 0.00 move 1.4 period None dead 0.00 | kin 4.76 cyc 0.98 gscc 0.98 in 10/49 | 6.3s
raw|49|1.0|0.6|none|52|0.0|1: c1 0.371 c10 -0.289 static 0.000 fac1 0.371 ac1_39 0.366 sent static 0.000 level 0.000 lock 0.00 move 1.13 period None dead 0.00 | kin 10.49 cyc 1.00 gscc 1.00 in 0/0 | 3.3s
step0|49|1.0|0.3|mnist|53|0.0|1: c1 0.764 c10 0.766 static 0.763 fac1 -0.010 ac1_39 -0.012 sent static 0.775 level 0.492 lock 0.00 move 0.715 period None dead 0.00 | kin 4.76 cyc 0.98 gscc 0.98 in 10/49 | 9.5s
raw|49|1.0|0.6|none|51|0.0|1: c1 0.644 c10 -0.412 static 0.000 fac1 0.649 ac1_39 0.651 sent static 0.000 level 0.000 lock 0.00 move 0.835 period None dead 0.00 | kin 10.20 cyc 1.00 gscc 1.00 in 0/0 | 3.5s
raw|49|1.0|0.6|none|53|0.0|1: c1 0.009 c10 -0.673 static 0.001 fac1 0.012 ac1_39 0.010 sent static 0.001 level 0.000 lock 0.00 move 1.41 period None dead 0.00 | kin 9.94 cyc 1.00 gscc 1.00 in 0/0 | 3.4s
wta|49|1.0|0.3|mnist|52|0.0|1: c1 0.039 c10 0.044 static 0.043 fac1 -0.006 ac1_39 -0.003 sent static 0.041 level 0.031 lock 0.00 move 1.38 period None dead 0.00 | kin 4.84 cyc 1.00 gscc 1.00 in 2/49 | 5.2s
sig8_0|49|1.0|0.3|mnist|53|0.0|1: c1 0.908 c10 0.908 static 0.909 fac1 -0.012 ac1_39 -0.016 sent static 0.925 level 0.545 lock 0.00 move 0.457 period None dead 0.00 | kin 4.76 cyc 0.98 gscc 0.98 in 10/49 | 10.9s
wta|49|1.0|0.3|mnist|53|0.0|1: c1 0.059 c10 0.065 static 0.058 fac1 -0.008 ac1_39 -0.010 sent static 0.048 level 0.031 lock 0.00 move 1.35 period None dead 0.00 | kin 4.76 cyc 0.98 gscc 0.98 in 10/49 | 5.5s
cstep|49|1.0|0.3|mnist|50|0.0|1: c1 0.780 c10 0.783 static 0.777 fac1 0.001 ac1_39 0.000 sent static 0.788 level 0.500 lock 0.00 move 0.676 period None dead 0.00 | kin 4.84 cyc 0.98 gscc 0.98 in 10/49 | 11.0s
cstep|49|1.0|0.3|mnist|53|0.0|1: c1 0.764 c10 0.765 static 0.760 fac1 -0.007 ac1_39 -0.008 sent static 0.780 level 0.493 lock 0.00 move 0.701 period None dead 0.00 | kin 4.76 cyc 0.98 gscc 0.98 in 10/49 | 11.1s
kwta4|49|1.0|0.3|mnist|53|0.0|1: c1 0.210 c10 0.216 static 0.217 fac1 -0.008 ac1_39 -0.009 sent static 0.200 level 0.114 lock 0.00 move 1.26 period None dead 0.00 | kin 4.76 cyc 0.98 gscc 0.98 in 10/49 | 6.4s
relu|49|1.0|0.6|none|52|0.0|1: c1 0.953 c10 0.958 static 0.949 fac1 0.057 ac1_39 0.062 sent static 0.953 level 0.321 lock 0.00 move 0.314 period None dead 0.00 | kin 10.49 cyc 1.00 gscc 1.00 in 0/0 | 3.9s
relu|49|1.0|0.6|none|50|0.0|1: c1 0.949 c10 0.970 static 0.960 fac1 -0.309 ac1_39 -0.303 sent static 0.962 level 0.341 lock 0.00 move 0.322 period None dead 0.00 | kin 10.12 cyc 1.00 gscc 1.00 in 0/0 | 7.3s
wta|49|1.0|0.3|mnist|51|0.0|1: c1 0.044 c10 0.046 static 0.048 fac1 -0.004 ac1_39 -0.004 sent static 0.044 level 0.031 lock 0.00 move 1.37 period None dead 0.00 | kin 5.24 cyc 1.00 gscc 1.00 in 5/49 | 10.3s
relu|49|1.0|0.6|none|51|0.0|1: c1 0.928 c10 0.968 static 0.951 fac1 -0.464 ac1_39 -0.476 sent static 0.944 level 0.314 lock 0.00 move 0.401 period None dead 0.00 | kin 10.20 cyc 1.00 gscc 1.00 in 0/0 | 7.2s
relu|49|1.0|0.6|none|53|0.0|1: c1 0.998 c10 0.973 static 0.984 fac1 0.880 ac1_39 0.882 sent static 0.985 level 0.322 lock 0.00 move 0.0616 period None dead 0.00 | kin 9.94 cyc 1.00 gscc 1.00 in 0/0 | 7.2s
tanh|49|1.0|0.6|none|50|0.0|1: c1 0.017 c10 0.006 static 0.004 fac1 0.012 ac1_39 0.013 sent static 0.004 level 0.000 lock 0.00 move 1.41 period None dead 0.00 | kin 10.12 cyc 1.00 gscc 1.00 in 0/0 | 4.0s
tri0.3|49|1.0|0.6|none|52|0.0|1: c1 0.895 c10 0.898 static 0.893 fac1 -0.014 ac1_39 -0.014 sent static 0.903 level 0.465 lock 0.00 move 0.467 period None dead 0.00 | kin 10.49 cyc 1.00 gscc 1.00 in 0/0 | 7.9s
tri0.3|49|1.0|0.6|none|50|0.0|1: c1 0.916 c10 0.919 static 0.917 fac1 -0.005 ac1_39 -0.007 sent static 0.924 level 0.465 lock 0.00 move 0.417 period None dead 0.00 | kin 10.12 cyc 1.00 gscc 1.00 in 0/0 | 8.1s
kwta4|49|1.0|0.3|mnist|52|0.0|1: c1 0.187 c10 0.180 static 0.186 fac1 -0.002 ac1_39 -0.002 sent static 0.188 level 0.114 lock 0.00 move 1.28 period None dead 0.00 | kin 4.84 cyc 1.00 gscc 1.00 in 2/49 | 12.0s
tri0.7|49|1.0|0.6|none|50|0.0|1: c1 0.955 c10 0.959 static 0.955 fac1 -0.074 ac1_39 -0.070 sent static 0.961 level 0.394 lock 0.00 move 0.318 period None dead 0.00 | kin 10.12 cyc 1.00 gscc 1.00 in 0/0 | 8.3s
kwta4|49|1.0|0.3|mnist|50|0.0|1: c1 0.201 c10 0.192 static 0.197 fac1 -0.004 ac1_39 -0.005 sent static 0.198 level 0.114 lock 0.00 move 1.27 period None dead 0.00 | kin 4.84 cyc 0.98 gscc 0.98 in 10/49 | 12.5s
tri0.7|49|1.0|0.6|none|52|0.0|1: c1 0.957 c10 0.957 static 0.954 fac1 0.047 ac1_39 0.046 sent static 0.954 level 0.379 lock 0.00 move 0.302 period None dead 0.00 | kin 10.49 cyc 1.00 gscc 1.00 in 0/0 | 8.0s
tri0.7|49|1.0|0.6|none|51|0.0|1: c1 0.993 c10 0.991 static 0.992 fac1 0.042 ac1_39 0.042 sent static 0.992 level 0.386 lock 0.00 move 0.122 period None dead 0.00 | kin 10.20 cyc 1.00 gscc 1.00 in 0/0 | 8.2s
kwta4|49|1.0|0.3|mnist|51|0.0|1: c1 0.191 c10 0.195 static 0.194 fac1 -0.006 ac1_39 -0.005 sent static 0.189 level 0.114 lock 0.00 move 1.27 period None dead 0.00 | kin 5.24 cyc 1.00 gscc 1.00 in 5/49 | 12.6s
tri1.0|49|1.0|0.6|none|50|0.0|1: c1 0.932 c10 0.920 static 0.922 fac1 0.097 ac1_39 0.098 sent static 0.929 level 0.324 lock 0.00 move 0.382 period None dead 0.00 | kin 10.12 cyc 1.00 gscc 1.00 in 0/0 | 8.1s
tri1.0|49|1.0|0.6|none|53|0.0|1: c1 0.937 c10 0.948 static 0.944 fac1 -0.133 ac1_39 -0.127 sent static 0.946 level 0.321 lock 0.00 move 0.357 period None dead 0.00 | kin 9.94 cyc 1.00 gscc 1.00 in 0/0 | 7.9s
tanh|49|1.0|0.6|none|52|0.0|1: c1 0.021 c10 0.046 static 0.004 fac1 0.018 ac1_39 0.021 sent static 0.004 level 0.000 lock 0.00 move 1.4 period None dead 0.00 | kin 10.49 cyc 1.00 gscc 1.00 in 0/0 | 7.2s
tanh|49|1.0|0.6|none|51|0.0|1: c1 -0.030 c10 0.018 static 0.004 fac1 -0.036 ac1_39 -0.034 sent static 0.004 level 0.000 lock 0.00 move 1.43 period None dead 0.00 | kin 10.20 cyc 1.00 gscc 1.00 in 0/0 | 7.3s
tanh|49|1.0|0.6|none|53|0.0|1: c1 -0.015 c10 0.007 static 0.003 fac1 -0.020 ac1_39 -0.019 sent static 0.003 level 0.000 lock 0.00 move 1.43 period None dead 0.00 | kin 9.94 cyc 1.00 gscc 1.00 in 0/0 | 7.3s
step0|49|1.0|0.6|none|50|0.0|1: c1 0.799 c10 0.797 static 0.800 fac1 -0.007 ac1_39 -0.008 sent static 0.803 level 0.516 lock 0.00 move 0.638 period None dead 0.00 | kin 10.12 cyc 1.00 gscc 1.00 in 0/0 | 5.9s
sig4_0|49|1.0|0.6|none|51|0.0|1: c1 1.000 c10 1.000 static 1.000 fac1 0.540 ac1_39 0.548 sent static 1.000 level 0.588 lock 1.00 move 1.92e-07 period 1 dead 0.00 | kin 10.20 cyc 1.00 gscc 1.00 in 0/0 | 7.0s
sig4_0|49|1.0|0.6|none|52|0.0|1: c1 1.000 c10 1.000 static 1.000 fac1 0.438 ac1_39 0.454 sent static 1.000 level 0.606 lock 1.00 move 2.26e-07 period 1 dead 0.00 | kin 10.49 cyc 1.00 gscc 1.00 in 0/0 | 6.8s
step0|49|1.0|0.6|none|52|0.0|1: c1 0.772 c10 0.772 static 0.768 fac1 -0.004 ac1_39 -0.002 sent static 0.783 level 0.503 lock 0.00 move 0.687 period None dead 0.00 | kin 10.49 cyc 1.00 gscc 1.00 in 0/0 | 5.7s
sig4_0|49|1.0|0.6|none|53|0.0|1: c1 1.000 c10 1.000 static 1.000 fac1 0.415 ac1_39 0.427 sent static 1.000 level 0.599 lock 1.00 move 2.28e-07 period 1 dead 0.00 | kin 9.94 cyc 1.00 gscc 1.00 in 0/0 | 6.9s
tri0.3|49|1.0|0.6|none|51|0.0|1: c1 0.952 c10 0.953 static 0.951 fac1 -0.008 ac1_39 -0.010 sent static 0.948 level 0.470 lock 0.00 move 0.323 period None dead 0.00 | kin 10.20 cyc 1.00 gscc 1.00 in 0/0 | 15.0s
tri0.3|49|1.0|0.6|none|53|0.0|1: c1 0.919 c10 0.918 static 0.917 fac1 0.001 ac1_39 0.002 sent static 0.921 level 0.452 lock 0.00 move 0.415 period None dead 0.00 | kin 9.94 cyc 1.00 gscc 1.00 in 0/0 | 15.1s
sig8_0|49|1.0|0.6|none|51|0.0|1: c1 0.982 c10 0.981 static 0.979 fac1 0.084 ac1_39 0.091 sent static 0.981 level 0.544 lock 0.00 move 0.199 period None dead 0.00 | kin 10.20 cyc 1.00 gscc 1.00 in 0/0 | 6.9s
sig8_0|49|1.0|0.6|none|53|0.0|1: c1 0.946 c10 0.946 static 0.944 fac1 0.011 ac1_39 0.010 sent static 0.949 level 0.550 lock 0.00 move 0.336 period None dead 0.00 | kin 9.94 cyc 1.00 gscc 1.00 in 0/0 | 6.9s
tri0.7|49|1.0|0.6|none|53|0.0|1: c1 0.961 c10 0.966 static 0.959 fac1 0.037 ac1_39 0.035 sent static 0.961 level 0.388 lock 0.00 move 0.295 period None dead 0.00 | kin 9.94 cyc 1.00 gscc 1.00 in 0/0 | 15.0s
step0|49|1.0|0.6|none|53|0.0|1: c1 0.769 c10 0.770 static 0.774 fac1 -0.007 ac1_39 -0.005 sent static 0.780 level 0.490 lock 0.00 move 0.677 period None dead 0.00 | kin 9.94 cyc 1.00 gscc 1.00 in 0/0 | 5.8s
tri1.0|49|1.0|0.6|none|51|0.0|1: c1 0.997 c10 0.957 static 0.963 fac1 0.917 ac1_39 0.918 sent static 0.961 level 0.340 lock 0.00 move 0.0808 period None dead 0.00 | kin 10.20 cyc 1.00 gscc 1.00 in 0/0 | 15.1s
tri1.0|49|1.0|0.6|none|52|0.0|1: c1 0.943 c10 0.939 static 0.937 fac1 0.054 ac1_39 0.054 sent static 0.943 level 0.329 lock 0.00 move 0.349 period None dead 0.00 | kin 10.49 cyc 1.00 gscc 1.00 in 0/0 | 14.8s
sign|49|1.0|0.6|none|50|0.0|1: c1 -0.001 c10 -0.001 static 0.004 fac1 -0.004 ac1_39 -0.005 sent static 0.004 level 0.000 lock 0.00 move 1.42 period None dead 0.00 | kin 10.12 cyc 1.00 gscc 1.00 in 0/0 | 3.9s
sign|49|1.0|0.6|none|51|0.0|1: c1 -0.000 c10 0.009 static 0.003 fac1 -0.004 ac1_39 -0.003 sent static 0.003 level 0.000 lock 0.00 move 1.42 period None dead 0.00 | kin 10.20 cyc 1.00 gscc 1.00 in 0/0 | 3.9s
sign|49|1.0|0.6|none|52|0.0|1: c1 0.001 c10 -0.003 static 0.002 fac1 -0.002 ac1_39 -0.002 sent static 0.002 level 0.000 lock 0.00 move 1.41 period None dead 0.00 | kin 10.49 cyc 1.00 gscc 1.00 in 0/0 | 3.8s
sign|49|1.0|0.6|none|53|0.0|1: c1 0.001 c10 -0.003 static 0.004 fac1 -0.003 ac1_39 -0.005 sent static 0.004 level 0.000 lock 0.00 move 1.41 period None dead 0.00 | kin 9.94 cyc 1.00 gscc 1.00 in 0/0 | 3.9s
sig8_0|49|1.0|0.6|none|52|0.0|1: c1 0.950 c10 0.949 static 0.947 fac1 0.031 ac1_39 0.030 sent static 0.954 level 0.550 lock 0.00 move 0.316 period None dead 0.00 | kin 10.49 cyc 1.00 gscc 1.00 in 0/0 | 11.5s
step0|49|1.0|0.6|none|51|0.0|1: c1 0.815 c10 0.818 static 0.813 fac1 -0.007 ac1_39 -0.007 sent static 0.802 level 0.490 lock 0.00 move 0.624 period None dead 0.00 | kin 10.20 cyc 1.00 gscc 1.00 in 0/0 | 11.1s
sig4_0|49|1.0|0.6|none|50|0.0|1: c1 1.000 c10 1.000 static 1.000 fac1 0.504 ac1_39 0.526 sent static 1.000 level 0.618 lock 1.00 move 1.98e-07 period 1 dead 0.00 | kin 10.12 cyc 1.00 gscc 1.00 in 0/0 | 13.0s
sig8_0|49|1.0|0.6|none|50|0.0|1: c1 0.981 c10 0.978 static 0.980 fac1 0.071 ac1_39 0.068 sent static 0.980 level 0.563 lock 0.00 move 0.197 period None dead 0.00 | kin 10.12 cyc 1.00 gscc 1.00 in 0/0 | 13.0s
cstep|49|1.0|0.6|none|53|0.0|1: c1 0.773 c10 0.771 static 0.770 fac1 -0.001 ac1_39 -0.003 sent static 0.780 level 0.500 lock 0.00 move 0.673 period None dead 0.00 | kin 9.94 cyc 1.00 gscc 1.00 in 0/0 | 7.0s
wta|49|1.0|0.6|none|52|0.0|1: c1 0.040 c10 0.037 static 0.041 fac1 -0.001 ac1_39 -0.002 sent static 0.041 level 0.031 lock 0.00 move 1.39 period None dead 0.00 | kin 10.49 cyc 1.00 gscc 1.00 in 0/0 | 6.4s
wta|49|1.0|0.6|none|53|0.0|1: c1 0.036 c10 0.029 static 0.038 fac1 -0.002 ac1_39 -0.003 sent static 0.041 level 0.031 lock 0.00 move 1.39 period None dead 0.00 | kin 9.94 cyc 1.00 gscc 1.00 in 0/0 | 6.5s
raw|49|1.0|0.6|kp1|50|0.0|1: c1 -0.637 c10 -0.660 static 0.000 fac1 -0.641 ac1_39 -0.643 sent static 0.000 level 0.000 lock 0.00 move 1.82 period None dead 0.00 | kin 10.12 cyc 1.00 gscc 1.00 in 3/49 | 3.4s
raw|49|1.0|0.6|kp1|53|0.0|1: c1 0.023 c10 -0.694 static 0.002 fac1 0.023 ac1_39 0.025 sent static 0.002 level 0.000 lock 0.00 move 1.4 period None dead 0.00 | kin 9.94 cyc 1.00 gscc 1.00 in 3/49 | 3.3s
relu|49|1.0|0.6|kp1|50|0.0|1: c1 0.948 c10 0.970 static 0.959 fac1 -0.315 ac1_39 -0.320 sent static 0.961 level 0.338 lock 0.00 move 0.316 period None dead 0.00 | kin 10.12 cyc 1.00 gscc 1.00 in 3/49 | 4.0s
kwta4|49|1.0|0.6|none|51|0.0|1: c1 0.186 c10 0.178 static 0.189 fac1 -0.008 ac1_39 -0.006 sent static 0.187 level 0.114 lock 0.00 move 1.28 period None dead 0.00 | kin 10.20 cyc 1.00 gscc 1.00 in 0/0 | 7.6s
raw|49|1.0|0.6|kp1|52|0.0|1: c1 0.293 c10 -0.234 static 0.011 fac1 0.283 ac1_39 0.284 sent static 0.011 level 0.000 lock 0.00 move 1.19 period None dead 0.00 | kin 10.49 cyc 1.00 gscc 1.00 in 3/49 | 6.0s
raw|49|1.0|0.6|kp1|51|0.0|1: c1 0.640 c10 -0.413 static 0.001 fac1 0.645 ac1_39 0.646 sent static 0.001 level 0.000 lock 0.00 move 0.841 period None dead 0.00 | kin 10.20 cyc 1.00 gscc 1.00 in 3/49 | 6.1s
kwta4|49|1.0|0.6|none|50|0.0|1: c1 0.174 c10 0.182 static 0.180 fac1 -0.008 ac1_39 -0.008 sent static 0.189 level 0.115 lock 0.00 move 1.29 period None dead 0.00 | kin 10.12 cyc 1.00 gscc 1.00 in 0/0 | 9.1s
cstep|49|1.0|0.6|none|51|0.0|1: c1 0.814 c10 0.816 static 0.813 fac1 -0.006 ac1_39 -0.005 sent static 0.806 level 0.498 lock 0.00 move 0.612 period None dead 0.00 | kin 10.20 cyc 1.00 gscc 1.00 in 0/0 | 13.1s
cstep|49|1.0|0.6|none|50|0.0|1: c1 0.782 c10 0.782 static 0.779 fac1 -0.000 ac1_39 0.000 sent static 0.795 level 0.499 lock 0.00 move 0.661 period None dead 0.00 | kin 10.12 cyc 1.00 gscc 1.00 in 0/0 | 13.4s
relu|49|1.0|0.6|kp1|52|0.0|1: c1 0.953 c10 0.953 static 0.950 fac1 0.025 ac1_39 0.025 sent static 0.954 level 0.319 lock 0.00 move 0.312 period None dead 0.00 | kin 10.49 cyc 1.00 gscc 1.00 in 3/49 | 5.7s
cstep|49|1.0|0.6|none|52|0.0|1: c1 0.768 c10 0.772 static 0.768 fac1 -0.014 ac1_39 -0.013 sent static 0.787 level 0.501 lock 0.00 move 0.683 period None dead 0.00 | kin 10.49 cyc 1.00 gscc 1.00 in 0/0 | 12.7s
relu|49|1.0|0.6|kp1|51|0.0|1: c1 0.931 c10 0.958 static 0.948 fac1 -0.366 ac1_39 -0.382 sent static 0.943 level 0.310 lock 0.00 move 0.393 period None dead 0.00 | kin 10.20 cyc 1.00 gscc 1.00 in 3/49 | 7.3s
wta|49|1.0|0.6|none|50|0.0|1: c1 0.038 c10 0.037 static 0.042 fac1 -0.006 ac1_39 -0.006 sent static 0.040 level 0.031 lock 0.00 move 1.39 period None dead 0.00 | kin 10.12 cyc 1.00 gscc 1.00 in 0/0 | 12.4s
wta|49|1.0|0.6|none|51|0.0|1: c1 0.037 c10 0.037 static 0.039 fac1 -0.003 ac1_39 -0.002 sent static 0.040 level 0.031 lock 0.00 move 1.39 period None dead 0.00 | kin 10.20 cyc 1.00 gscc 1.00 in 0/0 | 12.3s
relu|49|1.0|0.6|kp1|53|0.0|1: c1 0.994 c10 0.968 static 0.981 fac1 0.665 ac1_39 0.657 sent static 0.982 level 0.322 lock 0.00 move 0.119 period None dead 0.00 | kin 9.94 cyc 1.00 gscc 1.00 in 3/49 | 7.2s
tri0.3|49|1.0|0.6|kp1|50|0.0|1: c1 0.919 c10 0.919 static 0.917 fac1 0.003 ac1_39 0.000 sent static 0.925 level 0.467 lock 0.00 move 0.413 period None dead 0.00 | kin 10.12 cyc 1.00 gscc 1.00 in 3/49 | 8.0s
tri0.3|49|1.0|0.6|kp1|51|0.0|1: c1 0.950 c10 0.950 static 0.950 fac1 -0.032 ac1_39 -0.034 sent static 0.945 level 0.468 lock 0.00 move 0.327 period None dead 0.00 | kin 10.20 cyc 1.00 gscc 1.00 in 3/49 | 7.9s
tri0.3|49|1.0|0.6|kp1|52|0.0|1: c1 0.895 c10 0.895 static 0.893 fac1 -0.021 ac1_39 -0.022 sent static 0.903 level 0.466 lock 0.00 move 0.469 period None dead 0.00 | kin 10.49 cyc 1.00 gscc 1.00 in 3/49 | 7.7s
tanh|49|1.0|0.6|kp1|50|0.0|1: c1 0.004 c10 0.020 static 0.002 fac1 0.001 ac1_39 0.002 sent static 0.003 level 0.000 lock 0.00 move 1.41 period None dead 0.00 | kin 10.12 cyc 1.00 gscc 1.00 in 3/49 | 4.0s
tri0.3|49|1.0|0.6|kp1|53|0.0|1: c1 0.920 c10 0.919 static 0.920 fac1 -0.003 ac1_39 -0.002 sent static 0.921 level 0.454 lock 0.00 move 0.414 period None dead 0.00 | kin 9.94 cyc 1.00 gscc 1.00 in 3/49 | 7.9s
tri0.7|49|1.0|0.6|kp1|50|0.0|1: c1 0.938 c10 0.939 static 0.946 fac1 -0.159 ac1_39 -0.163 sent static 0.952 level 0.399 lock 0.00 move 0.36 period None dead 0.00 | kin 10.12 cyc 1.00 gscc 1.00 in 3/49 | 8.3s
kwta4|49|1.0|0.6|none|52|0.0|1: c1 0.189 c10 0.185 static 0.186 fac1 0.003 ac1_39 0.002 sent static 0.190 level 0.115 lock 0.00 move 1.27 period None dead 0.00 | kin 10.49 cyc 1.00 gscc 1.00 in 0/0 | 14.7s
tri0.7|49|1.0|0.6|kp1|52|0.0|1: c1 0.951 c10 0.954 static 0.952 fac1 -0.030 ac1_39 -0.033 sent static 0.953 level 0.378 lock 0.00 move 0.32 period None dead 0.00 | kin 10.49 cyc 1.00 gscc 1.00 in 3/49 | 7.9s
kwta4|49|1.0|0.6|none|53|0.0|1: c1 0.186 c10 0.183 static 0.189 fac1 -0.003 ac1_39 -0.005 sent static 0.200 level 0.114 lock 0.00 move 1.27 period None dead 0.00 | kin 9.94 cyc 1.00 gscc 1.00 in 0/0 | 14.9s
tri1.0|49|1.0|0.6|kp1|51|0.0|1: c1 0.989 c10 0.956 static 0.961 fac1 0.720 ac1_39 0.714 sent static 0.960 level 0.340 lock 0.00 move 0.154 period None dead 0.00 | kin 10.20 cyc 1.00 gscc 1.00 in 3/49 | 7.9s
tanh|49|1.0|0.6|kp1|51|0.0|1: c1 0.021 c10 -0.011 static 0.005 fac1 0.017 ac1_39 0.016 sent static 0.005 level 0.000 lock 0.00 move 1.4 period None dead 0.00 | kin 10.20 cyc 1.00 gscc 1.00 in 3/49 | 7.4s
tanh|49|1.0|0.6|kp1|52|0.0|1: c1 0.000 c10 0.058 static 0.016 fac1 -0.017 ac1_39 -0.016 sent static 0.015 level 0.000 lock 0.00 move 1.42 period None dead 0.00 | kin 10.49 cyc 1.00 gscc 1.00 in 3/49 | 7.3s
tanh|49|1.0|0.6|kp1|53|0.0|1: c1 -0.005 c10 -0.076 static 0.003 fac1 -0.010 ac1_39 -0.009 sent static 0.003 level 0.000 lock 0.00 move 1.42 period None dead 0.00 | kin 9.94 cyc 1.00 gscc 1.00 in 3/49 | 7.3s
sig4_0|49|1.0|0.6|kp1|52|0.0|1: c1 0.999 c10 0.999 static 0.999 fac1 -0.473 ac1_39 -0.423 sent static 1.000 level 0.606 lock 0.00 move 0.0548 period 4 dead 0.00 | kin 10.49 cyc 1.00 gscc 1.00 in 3/49 | 6.8s
sig4_0|49|1.0|0.6|kp1|53|0.0|1: c1 0.999 c10 0.999 static 0.999 fac1 -0.525 ac1_39 -0.479 sent static 1.000 level 0.602 lock 0.00 move 0.0606 period 4 dead 0.00 | kin 9.94 cyc 1.00 gscc 1.00 in 3/49 | 6.9s
sig8_0|49|1.0|0.6|kp1|50|0.0|1: c1 0.979 c10 0.977 static 0.979 fac1 -0.031 ac1_39 -0.033 sent static 0.978 level 0.564 lock 0.00 move 0.21 period None dead 0.00 | kin 10.12 cyc 1.00 gscc 1.00 in 3/49 | 7.1s
sig8_0|49|1.0|0.6|kp1|51|0.0|1: c1 0.978 c10 0.976 static 0.976 fac1 0.037 ac1_39 0.033 sent static 0.978 level 0.543 lock 0.00 move 0.224 period None dead 0.00 | kin 10.20 cyc 1.00 gscc 1.00 in 3/49 | 7.0s
sig8_0|49|1.0|0.6|kp1|52|0.0|1: c1 0.952 c10 0.949 static 0.951 fac1 0.021 ac1_39 0.018 sent static 0.954 level 0.551 lock 0.00 move 0.315 period None dead 0.00 | kin 10.49 cyc 1.00 gscc 1.00 in 3/49 | 6.8s
sig8_0|49|1.0|0.6|kp1|53|0.0|1: c1 0.939 c10 0.940 static 0.940 fac1 -0.021 ac1_39 -0.021 sent static 0.945 level 0.547 lock 0.00 move 0.352 period None dead 0.00 | kin 9.94 cyc 1.00 gscc 1.00 in 3/49 | 7.0s
step0|49|1.0|0.6|kp1|51|0.0|1: c1 0.809 c10 0.809 static 0.809 fac1 -0.007 ac1_39 -0.007 sent static 0.795 level 0.488 lock 0.00 move 0.628 period None dead 0.00 | kin 10.20 cyc 1.00 gscc 1.00 in 3/49 | 5.8s
step0|49|1.0|0.6|kp1|53|0.0|1: c1 0.775 c10 0.777 static 0.772 fac1 0.001 ac1_39 -0.001 sent static 0.782 level 0.486 lock 0.00 move 0.673 period None dead 0.00 | kin 9.94 cyc 1.00 gscc 1.00 in 3/49 | 5.8s
tri0.7|49|1.0|0.6|kp1|51|0.0|1: c1 0.990 c10 0.990 static 0.991 fac1 -0.145 ac1_39 -0.137 sent static 0.990 level 0.386 lock 0.00 move 0.148 period None dead 0.00 | kin 10.20 cyc 1.00 gscc 1.00 in 3/49 | 15.0s
tri0.7|49|1.0|0.6|kp1|53|0.0|1: c1 0.959 c10 0.958 static 0.958 fac1 -0.003 ac1_39 -0.004 sent static 0.961 level 0.389 lock 0.00 move 0.298 period None dead 0.00 | kin 9.94 cyc 1.00 gscc 1.00 in 3/49 | 14.9s
tri1.0|49|1.0|0.6|kp1|50|0.0|1: c1 0.935 c10 0.922 static 0.921 fac1 0.137 ac1_39 0.138 sent static 0.926 level 0.323 lock 0.00 move 0.372 period None dead 0.00 | kin 10.12 cyc 1.00 gscc 1.00 in 3/49 | 15.2s
tri1.0|49|1.0|0.6|kp1|52|0.0|1: c1 0.941 c10 0.938 static 0.933 fac1 0.086 ac1_39 0.084 sent static 0.939 level 0.326 lock 0.00 move 0.356 period None dead 0.00 | kin 10.49 cyc 1.00 gscc 1.00 in 3/49 | 14.7s
sign|49|1.0|0.6|kp1|50|0.0|1: c1 -0.009 c10 -0.003 static 0.004 fac1 -0.014 ac1_39 -0.014 sent static 0.004 level 0.000 lock 0.00 move 1.42 period None dead 0.00 | kin 10.12 cyc 1.00 gscc 1.00 in 3/49 | 3.9s
tri1.0|49|1.0|0.6|kp1|53|0.0|1: c1 0.948 c10 0.965 static 0.951 fac1 -0.076 ac1_39 -0.075 sent static 0.954 level 0.319 lock 0.00 move 0.328 period None dead 0.00 | kin 9.94 cyc 1.00 gscc 1.00 in 3/49 | 15.0s
sign|49|1.0|0.6|kp1|51|0.0|1: c1 0.002 c10 -0.002 static 0.003 fac1 -0.001 ac1_39 -0.003 sent static 0.003 level 0.000 lock 0.00 move 1.42 period None dead 0.00 | kin 10.20 cyc 1.00 gscc 1.00 in 3/49 | 3.9s
sign|49|1.0|0.6|kp1|52|0.0|1: c1 0.001 c10 0.002 static 0.003 fac1 -0.001 ac1_39 -0.000 sent static 0.003 level 0.000 lock 0.00 move 1.41 period None dead 0.00 | kin 10.49 cyc 1.00 gscc 1.00 in 3/49 | 3.8s
sig4_0|49|1.0|0.6|kp1|50|0.0|1: c1 1.000 c10 1.000 static 1.000 fac1 -0.328 ac1_39 -0.339 sent static 1.000 level 0.618 lock 0.00 move 0.0438 period 4 dead 0.00 | kin 10.12 cyc 1.00 gscc 1.00 in 3/49 | 13.1s
sign|49|1.0|0.6|kp1|53|0.0|1: c1 -0.009 c10 -0.002 static 0.003 fac1 -0.013 ac1_39 -0.011 sent static 0.003 level 0.000 lock 0.00 move 1.42 period None dead 0.00 | kin 9.94 cyc 1.00 gscc 1.00 in 3/49 | 3.9s
sig4_0|49|1.0|0.6|kp1|51|0.0|1: c1 0.999 c10 0.999 static 0.999 fac1 -0.339 ac1_39 -0.330 sent static 1.000 level 0.588 lock 0.00 move 0.0499 period 4 dead 0.00 | kin 10.20 cyc 1.00 gscc 1.00 in 3/49 | 12.9s
step0|49|1.0|0.6|kp1|50|0.0|1: c1 0.797 c10 0.802 static 0.801 fac1 -0.016 ac1_39 -0.017 sent static 0.802 level 0.517 lock 0.00 move 0.642 period None dead 0.00 | kin 10.12 cyc 1.00 gscc 1.00 in 3/49 | 11.2s
step0|49|1.0|0.6|kp1|52|0.0|1: c1 0.766 c10 0.764 static 0.767 fac1 -0.002 ac1_39 -0.002 sent static 0.784 level 0.502 lock 0.00 move 0.69 period None dead 0.00 | kin 10.49 cyc 1.00 gscc 1.00 in 3/49 | 10.9s
cstep|49|1.0|0.6|kp1|53|0.0|1: c1 0.776 c10 0.776 static 0.771 fac1 -0.012 ac1_39 -0.010 sent static 0.779 level 0.499 lock 0.00 move 0.681 period None dead 0.00 | kin 9.94 cyc 1.00 gscc 1.00 in 3/49 | 6.9s
raw|49|1.0|0.6|mnist|52|0.0|1: c1 0.520 c10 -0.363 static 0.066 fac1 0.490 ac1_39 0.491 sent static 0.066 level 0.002 lock 0.00 move 0.974 period None dead 0.00 | kin 10.49 cyc 1.00 gscc 1.00 in 2/49 | 3.3s
raw|49|1.0|0.6|mnist|51|0.0|1: c1 0.644 c10 -0.394 static 0.007 fac1 0.647 ac1_39 0.648 sent static 0.007 level 0.000 lock 0.00 move 0.834 period None dead 0.00 | kin 10.20 cyc 1.00 gscc 1.00 in 5/49 | 3.4s
wta|49|1.0|0.6|kp1|50|0.0|1: c1 0.033 c10 0.038 static 0.041 fac1 -0.009 ac1_39 -0.009 sent static 0.041 level 0.031 lock 0.00 move 1.39 period None dead 0.00 | kin 10.12 cyc 1.00 gscc 1.00 in 3/49 | 6.6s
wta|49|1.0|0.6|kp1|51|0.0|1: c1 0.038 c10 0.030 static 0.037 fac1 0.002 ac1_39 -0.001 sent static 0.040 level 0.031 lock 0.00 move 1.39 period None dead 0.00 | kin 10.20 cyc 1.00 gscc 1.00 in 3/49 | 6.5s
relu|49|1.0|0.6|mnist|50|0.0|1: c1 0.918 c10 0.927 static 0.925 fac1 -0.080 ac1_39 -0.079 sent static 0.927 level 0.341 lock 0.00 move 0.405 period None dead 0.00 | kin 10.12 cyc 1.00 gscc 1.00 in 10/49 | 4.1s
wta|49|1.0|0.6|kp1|52|0.0|1: c1 0.035 c10 0.035 static 0.037 fac1 -0.005 ac1_39 -0.007 sent static 0.040 level 0.031 lock 0.00 move 1.39 period None dead 0.00 | kin 10.49 cyc 1.00 gscc 1.00 in 3/49 | 6.4s
raw|49|1.0|0.6|mnist|50|0.0|1: c1 -0.582 c10 -0.621 static 0.007 fac1 -0.597 ac1_39 -0.599 sent static 0.007 level 0.000 lock 0.00 move 1.78 period None dead 0.00 | kin 10.12 cyc 1.00 gscc 1.00 in 10/49 | 6.3s
raw|49|1.0|0.6|mnist|53|0.0|1: c1 0.031 c10 -0.613 static 0.014 fac1 0.020 ac1_39 0.021 sent static 0.014 level 0.000 lock 0.00 move 1.39 period None dead 0.00 | kin 9.94 cyc 1.00 gscc 1.00 in 10/49 | 6.2s
cstep|49|1.0|0.6|kp1|50|0.0|1: c1 0.778 c10 0.779 static 0.775 fac1 -0.007 ac1_39 -0.008 sent static 0.792 level 0.499 lock 0.00 move 0.669 period None dead 0.00 | kin 10.12 cyc 1.00 gscc 1.00 in 3/49 | 13.4s
cstep|49|1.0|0.6|kp1|52|0.0|1: c1 0.772 c10 0.774 static 0.773 fac1 -0.015 ac1_39 -0.016 sent static 0.789 level 0.499 lock 0.00 move 0.681 period None dead 0.00 | kin 10.49 cyc 1.00 gscc 1.00 in 3/49 | 13.1s
cstep|49|1.0|0.6|kp1|51|0.0|1: c1 0.821 c10 0.820 static 0.816 fac1 -0.008 ac1_39 -0.008 sent static 0.814 level 0.499 lock 0.00 move 0.606 period None dead 0.00 | kin 10.20 cyc 1.00 gscc 1.00 in 3/49 | 13.3s
kwta4|49|1.0|0.6|kp1|53|0.0|1: c1 0.184 c10 0.189 static 0.193 fac1 -0.008 ac1_39 -0.006 sent static 0.198 level 0.115 lock 0.00 move 1.27 period None dead 0.00 | kin 9.94 cyc 1.00 gscc 1.00 in 3/49 | 7.6s
relu|49|1.0|0.6|mnist|51|0.0|1: c1 0.963 c10 0.963 static 0.962 fac1 0.006 ac1_39 0.003 sent static 0.957 level 0.317 lock 0.00 move 0.28 period None dead 0.00 | kin 10.20 cyc 1.00 gscc 1.00 in 5/49 | 7.3s
relu|49|1.0|0.6|mnist|52|0.0|1: c1 0.955 c10 0.954 static 0.952 fac1 0.038 ac1_39 0.036 sent static 0.956 level 0.326 lock 0.00 move 0.312 period None dead 0.00 | kin 10.49 cyc 1.00 gscc 1.00 in 2/49 | 7.0s
relu|49|1.0|0.6|mnist|53|0.0|1: c1 0.938 c10 0.944 static 0.941 fac1 -0.090 ac1_39 -0.091 sent static 0.946 level 0.335 lock 0.00 move 0.361 period None dead 0.00 | kin 9.94 cyc 1.00 gscc 1.00 in 10/49 | 7.2s
wta|49|1.0|0.6|kp1|53|0.0|1: c1 0.032 c10 0.037 static 0.039 fac1 -0.009 ac1_39 -0.010 sent static 0.040 level 0.031 lock 0.00 move 1.4 period None dead 0.00 | kin 9.94 cyc 1.00 gscc 1.00 in 3/49 | 12.1s
tri0.3|49|1.0|0.6|mnist|50|0.0|1: c1 0.907 c10 0.903 static 0.903 fac1 0.004 ac1_39 0.005 sent static 0.911 level 0.466 lock 0.00 move 0.453 period None dead 0.00 | kin 10.12 cyc 1.00 gscc 1.00 in 10/49 | 8.1s
tri0.3|49|1.0|0.6|mnist|52|0.0|1: c1 0.893 c10 0.890 static 0.889 fac1 0.006 ac1_39 0.006 sent static 0.899 level 0.466 lock 0.00 move 0.473 period None dead 0.00 | kin 10.49 cyc 1.00 gscc 1.00 in 2/49 | 7.8s
tri0.3|49|1.0|0.6|mnist|51|0.0|1: c1 0.945 c10 0.944 static 0.941 fac1 0.008 ac1_39 0.007 sent static 0.940 level 0.470 lock 0.00 move 0.344 period None dead 0.00 | kin 10.20 cyc 1.00 gscc 1.00 in 5/49 | 7.9s
tri0.3|49|1.0|0.6|mnist|53|0.0|1: c1 0.900 c10 0.897 static 0.899 fac1 -0.005 ac1_39 -0.004 sent static 0.905 level 0.455 lock 0.00 move 0.463 period None dead 0.00 | kin 9.94 cyc 1.00 gscc 1.00 in 10/49 | 7.9s
tanh|49|1.0|0.6|mnist|50|0.0|1: c1 -0.041 c10 -0.005 static 0.016 fac1 -0.058 ac1_39 -0.059 sent static 0.016 level 0.000 lock 0.00 move 1.44 period None dead 0.00 | kin 10.12 cyc 1.00 gscc 1.00 in 10/49 | 4.1s
tri0.7|49|1.0|0.6|mnist|50|0.0|1: c1 0.938 c10 0.938 static 0.940 fac1 -0.026 ac1_39 -0.024 sent static 0.944 level 0.391 lock 0.00 move 0.368 period None dead 0.00 | kin 10.12 cyc 1.00 gscc 1.00 in 10/49 | 8.3s
tri0.7|49|1.0|0.6|mnist|51|0.0|1: c1 0.983 c10 0.982 static 0.982 fac1 0.030 ac1_39 0.029 sent static 0.983 level 0.387 lock 0.00 move 0.194 period None dead 0.00 | kin 10.20 cyc 1.00 gscc 1.00 in 5/49 | 8.2s
tri0.7|49|1.0|0.6|mnist|52|0.0|1: c1 0.946 c10 0.953 static 0.946 fac1 -0.017 ac1_39 -0.019 sent static 0.946 level 0.381 lock 0.00 move 0.335 period None dead 0.00 | kin 10.49 cyc 1.00 gscc 1.00 in 2/49 | 8.0s
kwta4|49|1.0|0.6|kp1|52|0.0|1: c1 0.182 c10 0.175 static 0.186 fac1 -0.007 ac1_39 -0.008 sent static 0.190 level 0.114 lock 0.00 move 1.28 period None dead 0.00 | kin 10.49 cyc 1.00 gscc 1.00 in 3/49 | 14.7s
kwta4|49|1.0|0.6|kp1|50|0.0|1: c1 0.182 c10 0.185 static 0.187 fac1 -0.007 ac1_39 -0.008 sent static 0.192 level 0.114 lock 0.00 move 1.28 period None dead 0.00 | kin 10.12 cyc 1.00 gscc 1.00 in 3/49 | 15.2s
kwta4|49|1.0|0.6|kp1|51|0.0|1: c1 0.191 c10 0.196 static 0.193 fac1 -0.004 ac1_39 -0.006 sent static 0.193 level 0.114 lock 0.00 move 1.27 period None dead 0.00 | kin 10.20 cyc 1.00 gscc 1.00 in 3/49 | 15.1s
tanh|49|1.0|0.6|mnist|51|0.0|1: c1 0.038 c10 -0.020 static 0.013 fac1 0.026 ac1_39 0.026 sent static 0.012 level 0.000 lock 0.00 move 1.39 period None dead 0.00 | kin 10.20 cyc 1.00 gscc 1.00 in 5/49 | 7.4s
tanh|49|1.0|0.6|mnist|52|0.0|1: c1 0.017 c10 0.068 static 0.024 fac1 -0.006 ac1_39 -0.007 sent static 0.022 level 0.000 lock 0.00 move 1.4 period None dead 0.00 | kin 10.49 cyc 1.00 gscc 1.00 in 2/49 | 7.2s
tanh|49|1.0|0.6|mnist|53|0.0|1: c1 0.008 c10 0.001 static 0.023 fac1 -0.016 ac1_39 -0.016 sent static 0.022 level 0.000 lock 0.00 move 1.41 period None dead 0.00 | kin 9.94 cyc 1.00 gscc 1.00 in 10/49 | 7.4s
sig4_0|49|1.0|0.6|mnist|51|0.0|1: c1 0.998 c10 0.998 static 0.998 fac1 -0.005 ac1_39 -0.009 sent static 0.999 level 0.589 lock 0.00 move 0.0807 period None dead 0.00 | kin 10.20 cyc 1.00 gscc 1.00 in 5/49 | 7.0s
sig4_0|49|1.0|0.6|mnist|52|0.0|1: c1 0.999 c10 0.999 static 0.999 fac1 -0.004 ac1_39 -0.006 sent static 0.999 level 0.608 lock 0.00 move 0.0696 period None dead 0.00 | kin 10.49 cyc 1.00 gscc 1.00 in 2/49 | 6.8s
sig4_0|49|1.0|0.6|mnist|53|0.0|1: c1 0.990 c10 0.990 static 0.990 fac1 -0.029 ac1_39 -0.032 sent static 0.994 level 0.602 lock 0.00 move 0.16 period None dead 0.00 | kin 9.94 cyc 1.00 gscc 1.00 in 10/49 | 7.0s
step0|49|1.0|0.6|mnist|50|0.0|1: c1 0.800 c10 0.799 static 0.798 fac1 -0.000 ac1_39 -0.002 sent static 0.797 level 0.518 lock 0.00 move 0.644 period None dead 0.00 | kin 10.12 cyc 1.00 gscc 1.00 in 10/49 | 6.0s
sig8_0|49|1.0|0.6|mnist|50|0.0|1: c1 0.963 c10 0.962 static 0.962 fac1 -0.010 ac1_39 -0.011 sent static 0.966 level 0.568 lock 0.00 move 0.283 period None dead 0.00 | kin 10.12 cyc 1.00 gscc 1.00 in 10/49 | 7.1s
sig8_0|49|1.0|0.6|mnist|51|0.0|1: c1 0.975 c10 0.975 static 0.974 fac1 0.031 ac1_39 0.034 sent static 0.975 level 0.544 lock 0.00 move 0.231 period None dead 0.00 | kin 10.20 cyc 1.00 gscc 1.00 in 5/49 | 7.0s
sig8_0|49|1.0|0.6|mnist|52|0.0|1: c1 0.953 c10 0.949 static 0.950 fac1 0.040 ac1_39 0.040 sent static 0.951 level 0.555 lock 0.00 move 0.319 period None dead 0.00 | kin 10.49 cyc 1.00 gscc 1.00 in 2/49 | 6.8s
sig8_0|49|1.0|0.6|mnist|53|0.0|1: c1 0.929 c10 0.931 static 0.929 fac1 -0.017 ac1_39 -0.016 sent static 0.942 level 0.555 lock 0.00 move 0.381 period None dead 0.00 | kin 9.94 cyc 1.00 gscc 1.00 in 10/49 | 7.0s
tri0.7|49|1.0|0.6|mnist|53|0.0|1: c1 0.935 c10 0.935 static 0.934 fac1 -0.003 ac1_39 -0.002 sent static 0.943 level 0.387 lock 0.00 move 0.369 period None dead 0.00 | kin 9.94 cyc 1.00 gscc 1.00 in 10/49 | 15.1s
tri1.0|49|1.0|0.6|mnist|51|0.0|1: c1 0.962 c10 0.964 static 0.957 fac1 0.085 ac1_39 0.078 sent static 0.959 level 0.340 lock 0.00 move 0.28 period None dead 0.00 | kin 10.20 cyc 1.00 gscc 1.00 in 5/49 | 15.1s
tri1.0|49|1.0|0.6|mnist|50|0.0|1: c1 0.896 c10 0.895 static 0.891 fac1 0.054 ac1_39 0.051 sent static 0.893 level 0.330 lock 0.00 move 0.465 period None dead 0.00 | kin 10.12 cyc 1.00 gscc 1.00 in 10/49 | 15.6s
sign|49|1.0|0.6|mnist|50|0.0|1: c1 -0.003 c10 0.006 static 0.005 fac1 -0.009 ac1_39 -0.009 sent static 0.004 level 0.000 lock 0.00 move 1.42 period None dead 0.00 | kin 10.12 cyc 1.00 gscc 1.00 in 10/49 | 4.0s
tri1.0|49|1.0|0.6|mnist|52|0.0|1: c1 0.929 c10 0.926 static 0.923 fac1 0.032 ac1_39 0.029 sent static 0.930 level 0.327 lock 0.00 move 0.389 period None dead 0.00 | kin 10.49 cyc 1.00 gscc 1.00 in 2/49 | 14.8s
sign|49|1.0|0.6|mnist|51|0.0|1: c1 -0.002 c10 0.001 static 0.004 fac1 -0.008 ac1_39 -0.006 sent static 0.004 level 0.000 lock 0.00 move 1.41 period None dead 0.00 | kin 10.20 cyc 1.00 gscc 1.00 in 5/49 | 3.9s
sign|49|1.0|0.6|mnist|52|0.0|1: c1 0.007 c10 0.005 static 0.004 fac1 0.001 ac1_39 0.003 sent static 0.004 level 0.000 lock 0.00 move 1.41 period None dead 0.00 | kin 10.49 cyc 1.00 gscc 1.00 in 2/49 | 3.8s
sign|49|1.0|0.6|mnist|53|0.0|1: c1 -0.006 c10 0.006 static 0.005 fac1 -0.011 ac1_39 -0.012 sent static 0.004 level 0.000 lock 0.00 move 1.42 period None dead 0.00 | kin 9.94 cyc 1.00 gscc 1.00 in 10/49 | 4.0s
tri1.0|49|1.0|0.6|mnist|53|0.0|1: c1 0.912 c10 0.916 static 0.913 fac1 -0.023 ac1_39 -0.024 sent static 0.919 level 0.319 lock 0.00 move 0.429 period None dead 0.00 | kin 9.94 cyc 1.00 gscc 1.00 in 10/49 | 15.2s
sig4_0|49|1.0|0.6|mnist|50|0.0|1: c1 0.995 c10 0.995 static 0.995 fac1 -0.008 ac1_39 -0.010 sent static 0.997 level 0.619 lock 0.00 move 0.133 period None dead 0.00 | kin 10.12 cyc 1.00 gscc 1.00 in 10/49 | 13.0s
raw|49|2.0|0.15|none|50|0.0|1: c1 0.000 c10 0.000 static 1.000 fac1 0.631 ac1_39 0.630 sent static 1.000 level 0.036 lock 1.00 move 6.32e-07 period 1 dead 0.61 | kin 1.24 cyc 0.27 gscc 0.27 in 0/0 | 1.7s
raw|49|2.0|0.15|none|51|0.0|1: c1 0.382 c10 0.641 static 0.093 fac1 0.387 ac1_39 0.388 sent static 0.093 level 0.000 lock 0.06 move 0.982 period None dead 0.29 | kin 1.37 cyc 0.37 gscc 0.20 in 0/0 | 1.7s
raw|49|2.0|0.15|none|52|0.0|1: c1 0.000 c10 0.000 static 0.000 fac1 -0.751 ac1_39 -0.768 sent static 0.000 level 0.000 lock 0.00 move 1.88 period None dead 0.59 | kin 1.18 cyc 0.16 gscc 0.06 in 0/0 | 1.7s
cstep|49|1.0|0.6|mnist|53|0.0|1: c1 0.767 c10 0.771 static 0.769 fac1 -0.008 ac1_39 -0.008 sent static 0.780 level 0.499 lock 0.00 move 0.685 period None dead 0.00 | kin 9.94 cyc 1.00 gscc 1.00 in 10/49 | 7.0s
step0|49|1.0|0.6|mnist|52|0.0|1: c1 0.765 c10 0.768 static 0.768 fac1 -0.005 ac1_39 -0.008 sent static 0.780 level 0.500 lock 0.00 move 0.694 period None dead 0.00 | kin 10.49 cyc 1.00 gscc 1.00 in 2/49 | 10.8s
wta|49|1.0|0.6|mnist|50|0.0|1: c1 0.040 c10 0.043 static 0.047 fac1 -0.011 ac1_39 -0.011 sent static 0.042 level 0.031 lock 0.00 move 1.37 period None dead 0.00 | kin 10.12 cyc 1.00 gscc 1.00 in 10/49 | 6.6s
step0|49|1.0|0.6|mnist|51|0.0|1: c1 0.815 c10 0.815 static 0.809 fac1 0.001 ac1_39 0.001 sent static 0.801 level 0.487 lock 0.00 move 0.623 period None dead 0.00 | kin 10.20 cyc 1.00 gscc 1.00 in 5/49 | 11.1s
wta|49|1.0|0.6|mnist|51|0.0|1: c1 0.035 c10 0.037 static 0.039 fac1 -0.004 ac1_39 -0.004 sent static 0.041 level 0.031 lock 0.00 move 1.39 period None dead 0.00 | kin 10.20 cyc 1.00 gscc 1.00 in 5/49 | 6.5s
step0|49|1.0|0.6|mnist|53|0.0|1: c1 0.768 c10 0.770 static 0.769 fac1 -0.005 ac1_39 -0.005 sent static 0.778 level 0.496 lock 0.00 move 0.684 period None dead 0.00 | kin 9.94 cyc 1.00 gscc 1.00 in 10/49 | 11.1s
raw|49|2.0|0.15|none|53|0.0|1: c1 0.000 c10 0.997 static 0.291 fac1 -0.989 ac1_39 -0.994 sent static 0.291 level 0.004 lock 0.35 move 1.43 period None dead 0.47 | kin 1.27 cyc 0.29 gscc 0.16 in 0/0 | 3.0s
wta|49|1.0|0.6|mnist|52|0.0|1: c1 0.037 c10 0.038 static 0.042 fac1 -0.006 ac1_39 -0.004 sent static 0.041 level 0.031 lock 0.00 move 1.38 period None dead 0.00 | kin 10.49 cyc 1.00 gscc 1.00 in 2/49 | 6.4s
relu|49|2.0|0.15|none|51|0.0|1: c1 0.870 c10 0.943 static 0.930 fac1 -0.184 ac1_39 -0.252 sent static 0.925 level 0.325 lock 0.06 move 0.439 period None dead 0.29 | kin 1.37 cyc 0.37 gscc 0.20 in 0/0 | 1.9s
relu|49|2.0|0.15|none|52|0.0|1: c1 0.000 c10 0.000 static 0.998 fac1 -0.447 ac1_39 -0.981 sent static 0.998 level 0.318 lock 0.45 move 0.408 period None dead 0.59 | kin 1.18 cyc 0.16 gscc 0.06 in 0/0 | 1.9s
relu|49|2.0|0.15|none|53|0.0|1: c1 0.785 c10 0.569 static 0.962 fac1 -0.006 ac1_39 -0.008 sent static 0.962 level 0.327 lock 0.35 move 0.335 period 4 dead 0.47 | kin 1.27 cyc 0.29 gscc 0.16 in 0/0 | 1.9s
relu|49|2.0|0.15|none|50|0.0|1: c1 0.000 c10 0.000 static 0.861 fac1 -0.395 ac1_39 -0.417 sent static 0.905 level 0.287 lock 0.00 move 0.679 period None dead 0.61 | kin 1.24 cyc 0.27 gscc 0.27 in 0/0 | 3.3s
tri0.3|49|2.0|0.15|none|50|0.0|1: c1 0.000 c10 0.000 static 0.885 fac1 -0.001 ac1_39 0.003 sent static 0.892 level 0.445 lock 0.00 move 0.476 period None dead 0.61 | kin 1.24 cyc 0.27 gscc 0.27 in 0/0 | 3.2s
tri0.3|49|2.0|0.15|none|52|0.0|1: c1 0.000 c10 0.000 static 0.898 fac1 -0.071 ac1_39 -0.068 sent static 0.909 level 0.465 lock 0.00 move 0.437 period None dead 0.59 | kin 1.18 cyc 0.16 gscc 0.06 in 0/0 | 3.1s
tri0.7|49|2.0|0.15|none|50|0.0|1: c1 0.000 c10 0.000 static 0.999 fac1 0.521 ac1_39 0.517 sent static 0.999 level 0.348 lock 0.00 move 0.0299 period 34 dead 0.61 | kin 1.24 cyc 0.27 gscc 0.27 in 0/0 | 3.2s
tri1.0|49|2.0|0.15|none|50|0.0|1: c1 0.000 c10 0.000 static 1.000 fac1 0.158 ac1_39 0.146 sent static 1.000 level 0.303 lock 1.00 move 4.39e-07 period 1 dead 0.61 | kin 1.24 cyc 0.27 gscc 0.27 in 0/0 | 3.2s
cstep|49|1.0|0.6|mnist|50|0.0|1: c1 0.778 c10 0.779 static 0.772 fac1 -0.004 ac1_39 -0.005 sent static 0.789 level 0.498 lock 0.00 move 0.671 period None dead 0.00 | kin 10.12 cyc 1.00 gscc 1.00 in 10/49 | 13.4s
tri0.7|49|2.0|0.15|none|53|0.0|1: c1 0.968 c10 0.937 static 0.997 fac1 -0.063 ac1_39 -0.062 sent static 0.997 level 0.370 lock 0.00 move 0.126 period None dead 0.47 | kin 1.27 cyc 0.29 gscc 0.16 in 0/0 | 3.4s
tri1.0|49|2.0|0.15|none|52|0.0|1: c1 0.000 c10 0.000 static 1.000 fac1 0.104 ac1_39 -1.000 sent static 1.000 level 0.344 lock 0.85 move 0.406 period 2 dead 0.59 | kin 1.18 cyc 0.16 gscc 0.06 in 0/0 | 3.2s
cstep|49|1.0|0.6|mnist|51|0.0|1: c1 0.816 c10 0.816 static 0.813 fac1 -0.003 ac1_39 -0.004 sent static 0.807 level 0.497 lock 0.00 move 0.61 period None dead 0.00 | kin 10.20 cyc 1.00 gscc 1.00 in 5/49 | 13.1s
kwta4|49|1.0|0.6|mnist|52|0.0|1: c1 0.183 c10 0.177 static 0.181 fac1 -0.002 ac1_39 -0.001 sent static 0.188 level 0.115 lock 0.00 move 1.27 period None dead 0.00 | kin 10.49 cyc 1.00 gscc 1.00 in 2/49 | 7.4s
tri1.0|49|2.0|0.15|none|51|0.0|1: c1 0.989 c10 1.000 static 0.994 fac1 -0.605 ac1_39 -0.600 sent static 0.994 level 0.329 lock 0.06 move 0.142 period None dead 0.29 | kin 1.37 cyc 0.37 gscc 0.20 in 0/0 | 3.4s
tanh|49|2.0|0.15|none|50|0.0|1: c1 0.000 c10 0.000 static 0.342 fac1 -0.108 ac1_39 -0.113 sent static 0.314 level 0.012 lock 0.00 move 1.24 period None dead 0.61 | kin 1.24 cyc 0.27 gscc 0.27 in 0/0 | 1.9s
tri0.3|49|2.0|0.15|none|51|0.0|1: c1 0.939 c10 0.939 static 0.943 fac1 0.013 ac1_39 0.015 sent static 0.947 level 0.460 lock 0.00 move 0.324 period None dead 0.29 | kin 1.37 cyc 0.37 gscc 0.20 in 0/0 | 4.9s
cstep|49|1.0|0.6|mnist|52|0.0|1: c1 0.772 c10 0.773 static 0.771 fac1 -0.010 ac1_39 -0.010 sent static 0.787 level 0.499 lock 0.00 move 0.682 period None dead 0.00 | kin 10.49 cyc 1.00 gscc 1.00 in 2/49 | 12.9s
tanh|49|2.0|0.15|none|52|0.0|1: c1 0.000 c10 0.000 static 0.009 fac1 -0.145 ac1_39 -0.122 sent static 0.009 level 0.000 lock 0.00 move 1.4 period None dead 0.59 | kin 1.18 cyc 0.16 gscc 0.06 in 0/0 | 1.9s
tanh|49|2.0|0.15|none|53|0.0|1: c1 0.014 c10 0.000 static 0.001 fac1 0.058 ac1_39 0.071 sent static 0.002 level 0.000 lock 0.00 move 1.35 period None dead 0.47 | kin 1.27 cyc 0.29 gscc 0.16 in 0/0 | 1.9s
tri0.3|49|2.0|0.15|none|53|0.0|1: c1 0.927 c10 0.923 static 0.963 fac1 0.073 ac1_39 0.078 sent static 0.956 level 0.452 lock 0.00 move 0.259 period None dead 0.47 | kin 1.27 cyc 0.29 gscc 0.16 in 0/0 | 6.2s
tri0.7|49|2.0|0.15|none|52|0.0|1: c1 0.000 c10 0.000 static 0.970 fac1 0.305 ac1_39 0.294 sent static 0.978 level 0.396 lock 0.15 move 0.202 period 12 dead 0.59 | kin 1.18 cyc 0.16 gscc 0.06 in 0/0 | 6.0s
tanh|49|2.0|0.15|none|51|0.0|1: c1 0.000 c10 0.445 static 0.001 fac1 -0.116 ac1_39 -0.190 sent static 0.001 level 0.000 lock 0.00 move 1.54 period None dead 0.29 | kin 1.37 cyc 0.37 gscc 0.20 in 0/0 | 3.5s
tri0.7|49|2.0|0.15|none|51|0.0|1: c1 0.996 c10 0.996 static 0.996 fac1 0.012 ac1_39 0.024 sent static 0.997 level 0.385 lock 0.03 move 0.0899 period None dead 0.29 | kin 1.37 cyc 0.37 gscc 0.20 in 0/0 | 6.3s
sig4_0|49|2.0|0.15|none|52|0.0|1: c1 0.998 c10 0.996 static 1.000 fac1 0.337 ac1_39 0.330 sent static 1.000 level 0.587 lock 0.48 move 0.045 period 6 dead 0.41 | kin 1.18 cyc 0.16 gscc 0.06 in 0/0 | 2.8s
sig4_0|49|2.0|0.15|none|51|0.0|1: c1 1.000 c10 1.000 static 1.000 fac1 0.746 ac1_39 0.738 sent static 1.000 level 0.603 lock 1.00 move 1.34e-07 period 1 dead 0.18 | kin 1.37 cyc 0.37 gscc 0.20 in 0/0 | 3.0s
sig8_0|49|2.0|0.15|none|50|0.0|1: c1 1.000 c10 1.000 static 1.000 fac1 0.683 ac1_39 0.492 sent static 1.000 level 0.525 lock 1.00 move 2e-07 period 1 dead 0.31 | kin 1.24 cyc 0.27 gscc 0.27 in 0/0 | 2.9s
sig8_0|49|2.0|0.15|none|51|0.0|1: c1 0.973 c10 0.989 static 0.981 fac1 -0.080 ac1_39 0.023 sent static 0.978 level 0.550 lock 0.17 move 0.23 period None dead 0.18 | kin 1.37 cyc 0.37 gscc 0.20 in 0/0 | 3.0s
sig8_0|49|2.0|0.15|none|52|0.0|1: c1 0.916 c10 1.000 static 0.998 fac1 -0.997 ac1_39 -1.000 sent static 0.998 level 0.514 lock 0.41 move 0.269 period 2 dead 0.41 | kin 1.18 cyc 0.16 gscc 0.06 in 0/0 | 2.8s
sig8_0|49|2.0|0.15|none|53|0.0|1: c1 0.982 c10 0.978 static 1.000 fac1 0.633 ac1_39 -0.060 sent static 1.000 level 0.532 lock 0.53 move 0.184 period 4 dead 0.27 | kin 1.27 cyc 0.29 gscc 0.16 in 0/0 | 2.9s
tri1.0|49|2.0|0.15|none|53|0.0|1: c1 0.973 c10 0.947 static 0.989 fac1 0.497 ac1_39 0.503 sent static 0.990 level 0.310 lock 0.08 move 0.14 period 8 dead 0.47 | kin 1.27 cyc 0.29 gscc 0.16 in 0/0 | 6.2s
step0|49|2.0|0.15|none|51|0.0|1: c1 0.827 c10 0.827 static 0.848 fac1 -0.011 ac1_39 -0.029 sent static 0.825 level 0.469 lock 0.12 move 0.555 period None dead 0.18 | kin 1.37 cyc 0.37 gscc 0.20 in 0/0 | 2.6s
step0|49|2.0|0.15|none|52|0.0|1: c1 0.902 c10 0.916 static 0.970 fac1 0.171 ac1_39 0.068 sent static 0.938 level 0.469 lock 0.41 move 0.278 period 15 dead 0.41 | kin 1.18 cyc 0.16 gscc 0.06 in 0/0 | 2.5s
wta|49|1.0|0.6|mnist|53|0.0|1: c1 0.039 c10 0.046 static 0.047 fac1 -0.008 ac1_39 -0.007 sent static 0.042 level 0.031 lock 0.00 move 1.37 period None dead 0.00 | kin 9.94 cyc 1.00 gscc 1.00 in 10/49 | 12.1s
sig4_0|49|2.0|0.15|none|50|0.0|1: c1 1.000 c10 1.000 static 1.000 fac1 0.892 ac1_39 0.904 sent static 1.000 level 0.591 lock 1.00 move 8.17e-08 period 1 dead 0.31 | kin 1.24 cyc 0.27 gscc 0.27 in 0/0 | 4.5s
sign|49|2.0|0.15|none|50|0.0|1: c1 0.000 c10 0.000 static 0.003 fac1 0.011 ac1_39 0.008 sent static 0.003 level 0.000 lock 0.00 move 1.41 period None dead 0.61 | kin 1.24 cyc 0.27 gscc 0.27 in 0/0 | 1.8s
sign|49|2.0|0.15|none|51|0.0|1: c1 0.000 c10 0.000 static 0.003 fac1 0.007 ac1_39 0.008 sent static 0.003 level 0.000 lock 0.00 move 1.41 period None dead 0.29 | kin 1.37 cyc 0.37 gscc 0.20 in 0/0 | 1.9s
sign|49|2.0|0.15|none|52|0.0|1: c1 0.000 c10 0.000 static 0.003 fac1 -0.000 ac1_39 0.007 sent static 0.003 level 0.000 lock 0.00 move 1.41 period None dead 0.59 | kin 1.18 cyc 0.16 gscc 0.06 in 0/0 | 1.8s
sig4_0|49|2.0|0.15|none|53|0.0|1: c1 1.000 c10 1.000 static 1.000 fac1 0.828 ac1_39 0.846 sent static 1.000 level 0.590 lock 1.00 move 1.02e-07 period 1 dead 0.27 | kin 1.27 cyc 0.29 gscc 0.16 in 0/0 | 5.4s
step0|49|2.0|0.15|none|50|0.0|1: c1 0.921 c10 0.921 static 0.983 fac1 0.017 ac1_39 -0.009 sent static 0.956 level 0.488 lock 0.44 move 0.298 period None dead 0.31 | kin 1.24 cyc 0.27 gscc 0.27 in 0/0 | 4.6s
cstep|49|2.0|0.15|none|53|0.0|1: c1 0.747 c10 0.742 static 0.804 fac1 -0.080 ac1_39 -0.085 sent static 0.810 level 0.502 lock 0.00 move 0.637 period None dead 0.47 | kin 1.27 cyc 0.29 gscc 0.16 in 0/0 | 2.9s
wta|49|2.0|0.15|none|50|0.0|1: c1 0.596 c10 0.646 static 0.806 fac1 0.096 ac1_39 0.007 sent static 0.758 level 0.031 lock 0.44 move 0.658 period 31 dead 0.31 | kin 1.24 cyc 0.27 gscc 0.27 in 0/0 | 2.7s
wta|49|2.0|0.15|none|52|0.0|1: c1 0.198 c10 0.200 static 0.796 fac1 -0.378 ac1_39 -0.444 sent static 0.556 level 0.031 lock 0.41 move 0.785 period 6 dead 0.41 | kin 1.18 cyc 0.16 gscc 0.06 in 0/0 | 2.7s
raw|49|2.0|0.15|kp1|50|0.0|1: c1 0.221 c10 0.000 static 0.731 fac1 -0.181 ac1_39 -0.183 sent static 0.731 level 0.014 lock 0.00 move 0.922 period 4 dead 0.45 | kin 1.24 cyc 0.27 gscc 0.27 in 3/27 | 1.7s
sign|49|2.0|0.15|none|53|0.0|1: c1 0.000 c10 0.000 static 0.003 fac1 -0.005 ac1_39 -0.006 sent static 0.004 level 0.000 lock 0.00 move 1.41 period None dead 0.47 | kin 1.27 cyc 0.29 gscc 0.16 in 0/0 | 3.4s
wta|49|2.0|0.15|none|53|0.0|1: c1 0.493 c10 0.480 static 1.000 fac1 0.997 ac1_39 -0.051 sent static 1.000 level 0.031 lock 0.53 move 0.841 period None dead 0.27 | kin 1.27 cyc 0.29 gscc 0.16 in 0/0 | 2.8s
step0|49|2.0|0.15|none|53|0.0|1: c1 0.895 c10 0.891 static 0.935 fac1 0.054 ac1_39 0.072 sent static 0.887 level 0.479 lock 0.28 move 0.377 period None dead 0.27 | kin 1.27 cyc 0.29 gscc 0.16 in 0/0 | 4.7s
kwta4|49|1.0|0.6|mnist|50|0.0|1: c1 0.180 c10 0.187 static 0.191 fac1 -0.011 ac1_39 -0.010 sent static 0.190 level 0.115 lock 0.00 move 1.28 period None dead 0.00 | kin 10.12 cyc 1.00 gscc 1.00 in 10/49 | 15.2s
kwta4|49|2.0|0.15|none|51|0.0|1: c1 0.232 c10 0.256 static 0.258 fac1 0.012 ac1_39 0.035 sent static 0.237 level 0.112 lock 0.00 move 1.18 period None dead 0.29 | kin 1.37 cyc 0.37 gscc 0.20 in 0/0 | 3.3s
raw|49|2.0|0.15|kp1|53|0.0|1: c1 -0.706 c10 0.679 static 0.025 fac1 -0.948 ac1_39 -0.875 sent static 0.025 level 0.000 lock 0.00 move 1.88 period None dead 0.31 | kin 1.27 cyc 0.29 gscc 0.16 in 3/32 | 1.7s
kwta4|49|1.0|0.6|mnist|51|0.0|1: c1 0.194 c10 0.195 static 0.197 fac1 -0.004 ac1_39 -0.007 sent static 0.191 level 0.114 lock 0.00 move 1.27 period None dead 0.00 | kin 10.20 cyc 1.00 gscc 1.00 in 5/49 | 15.0s
cstep|49|2.0|0.15|none|50|0.0|1: c1 0.000 c10 0.000 static 0.768 fac1 -0.022 ac1_39 -0.022 sent static 0.764 level 0.492 lock 0.00 move 0.712 period None dead 0.61 | kin 1.24 cyc 0.27 gscc 0.27 in 0/0 | 5.3s
kwta4|49|2.0|0.15|none|52|0.0|1: c1 0.000 c10 0.000 static 0.211 fac1 -0.021 ac1_39 -0.022 sent static 0.189 level 0.110 lock 0.00 move 1.28 period None dead 0.59 | kin 1.18 cyc 0.16 gscc 0.06 in 0/0 | 3.1s
kwta4|49|1.0|0.6|mnist|53|0.0|1: c1 0.178 c10 0.185 static 0.192 fac1 -0.016 ac1_39 -0.015 sent static 0.201 level 0.114 lock 0.00 move 1.28 period None dead 0.00 | kin 9.94 cyc 1.00 gscc 1.00 in 10/49 | 14.9s
cstep|49|2.0|0.15|none|52|0.0|1: c1 0.000 c10 0.000 static 0.756 fac1 -0.013 ac1_39 -0.010 sent static 0.799 level 0.501 lock 0.00 move 0.681 period None dead 0.59 | kin 1.18 cyc 0.16 gscc 0.06 in 0/0 | 5.3s
kwta4|49|2.0|0.15|none|53|0.0|1: c1 0.112 c10 0.101 static 0.219 fac1 -0.037 ac1_39 -0.033 sent static 0.221 level 0.111 lock 0.00 move 1.27 period None dead 0.47 | kin 1.27 cyc 0.29 gscc 0.16 in 0/0 | 3.2s
relu|49|2.0|0.15|kp1|50|0.0|1: c1 0.419 c10 0.203 static 0.797 fac1 -0.204 ac1_39 -0.233 sent static 0.853 level 0.308 lock 0.00 move 0.682 period None dead 0.45 | kin 1.24 cyc 0.27 gscc 0.27 in 3/27 | 1.9s
cstep|49|2.0|0.15|none|51|0.0|1: c1 0.776 c10 0.781 static 0.791 fac1 -0.016 ac1_39 -0.023 sent static 0.795 level 0.495 lock 0.00 move 0.621 period None dead 0.29 | kin 1.37 cyc 0.37 gscc 0.20 in 0/0 | 5.7s
raw|49|2.0|0.15|kp1|52|0.0|1: c1 0.000 c10 0.000 static 0.051 fac1 0.112 ac1_39 -0.050 sent static 0.051 level 0.001 lock 0.00 move 1.37 period None dead 0.55 | kin 1.18 cyc 0.16 gscc 0.06 in 3/19 | 2.9s
raw|49|2.0|0.15|kp1|51|0.0|1: c1 0.397 c10 0.636 static 0.111 fac1 0.373 ac1_39 0.371 sent static 0.111 level 0.001 lock 0.06 move 0.977 period None dead 0.27 | kin 1.37 cyc 0.37 gscc 0.20 in 3/34 | 3.0s
relu|49|2.0|0.15|kp1|52|0.0|1: c1 0.000 c10 0.000 static 0.789 fac1 -0.309 ac1_39 -0.418 sent static 0.794 level 0.308 lock 0.00 move 0.807 period 4 dead 0.55 | kin 1.18 cyc 0.16 gscc 0.06 in 3/19 | 1.9s
relu|49|2.0|0.15|kp1|51|0.0|1: c1 0.950 c10 0.948 static 0.959 fac1 -0.182 ac1_39 -0.159 sent static 0.957 level 0.331 lock 0.06 move 0.329 period None dead 0.27 | kin 1.37 cyc 0.37 gscc 0.20 in 3/34 | 1.9s
wta|49|2.0|0.15|none|51|0.0|1: c1 0.148 c10 0.176 static 0.186 fac1 0.016 ac1_39 0.022 sent static 0.141 level 0.031 lock 0.12 move 1.14 period None dead 0.18 | kin 1.37 cyc 0.37 gscc 0.20 in 0/0 | 5.3s
relu|49|2.0|0.15|kp1|53|0.0|1: c1 0.782 c10 0.702 static 0.904 fac1 -0.211 ac1_39 -0.205 sent static 0.907 level 0.320 lock 0.00 move 0.567 period 4 dead 0.31 | kin 1.27 cyc 0.29 gscc 0.16 in 3/32 | 2.5s
tri0.3|49|2.0|0.15|kp1|50|0.0|1: c1 0.532 c10 0.371 static 0.872 fac1 -0.142 ac1_39 -0.166 sent static 0.887 level 0.451 lock 0.00 move 0.594 period None dead 0.45 | kin 1.24 cyc 0.27 gscc 0.27 in 3/27 | 3.2s
kwta4|49|2.0|0.15|none|50|0.0|1: c1 0.000 c10 0.000 static 0.259 fac1 -0.004 ac1_39 -0.004 sent static 0.236 level 0.110 lock 0.00 move 1.24 period None dead 0.61 | kin 1.24 cyc 0.27 gscc 0.27 in 0/0 | 6.0s
tanh|49|2.0|0.15|kp1|53|0.0|1: c1 0.000 c10 0.101 static 0.054 fac1 -0.254 ac1_39 -0.156 sent static 0.045 level 0.000 lock 0.00 move 1.47 period None dead 0.31 | kin 1.27 cyc 0.29 gscc 0.16 in 3/32 | 1.9s
tri0.7|49|2.0|0.15|kp1|50|0.0|1: c1 0.460 c10 0.272 static 0.900 fac1 -0.220 ac1_39 -0.252 sent static 0.916 level 0.377 lock 0.00 move 0.532 period None dead 0.45 | kin 1.24 cyc 0.27 gscc 0.27 in 3/27 | 3.3s
tri0.3|49|2.0|0.15|kp1|53|0.0|1: c1 0.829 c10 0.856 static 0.918 fac1 -0.301 ac1_39 -0.272 sent static 0.927 level 0.467 lock 0.00 move 0.535 period None dead 0.31 | kin 1.27 cyc 0.29 gscc 0.16 in 3/32 | 3.3s
tri0.7|49|2.0|0.15|kp1|53|0.0|1: c1 0.868 c10 0.863 static 0.953 fac1 -0.250 ac1_39 -0.276 sent static 0.958 level 0.371 lock 0.00 move 0.455 period None dead 0.31 | kin 1.27 cyc 0.29 gscc 0.16 in 3/32 | 3.4s
sig4_0|49|2.0|0.15|kp1|50|0.0|1: c1 0.969 c10 0.959 static 0.993 fac1 -0.204 ac1_39 -0.258 sent static 0.996 level 0.597 lock 0.31 move 0.264 period 4 dead 0.27 | kin 1.24 cyc 0.27 gscc 0.27 in 3/27 | 2.9s
tri1.0|49|2.0|0.15|kp1|53|0.0|1: c1 0.867 c10 0.836 static 0.943 fac1 -0.313 ac1_39 -0.269 sent static 0.951 level 0.322 lock 0.06 move 0.467 period 8 dead 0.31 | kin 1.27 cyc 0.29 gscc 0.16 in 3/32 | 3.3s
tanh|49|2.0|0.15|kp1|50|0.0|1: c1 0.169 c10 0.000 static 0.361 fac1 -0.014 ac1_39 -0.049 sent static 0.342 level 0.006 lock 0.00 move 1.16 period None dead 0.45 | kin 1.24 cyc 0.27 gscc 0.27 in 3/27 | 3.4s
tanh|49|2.0|0.15|kp1|52|0.0|1: c1 0.000 c10 0.000 static 0.073 fac1 -0.120 ac1_39 -0.161 sent static 0.079 level 0.001 lock 0.00 move 1.37 period None dead 0.55 | kin 1.18 cyc 0.16 gscc 0.06 in 3/19 | 3.3s
tanh|49|2.0|0.15|kp1|51|0.0|1: c1 0.000 c10 0.412 static 0.180 fac1 -0.153 ac1_39 -0.205 sent static 0.168 level 0.001 lock 0.00 move 1.41 period None dead 0.27 | kin 1.37 cyc 0.37 gscc 0.20 in 3/34 | 3.5s
sig4_0|49|2.0|0.15|kp1|52|0.0|1: c1 0.944 c10 0.955 static 0.991 fac1 -0.307 ac1_39 -0.451 sent static 0.995 level 0.605 lock 0.37 move 0.27 period 4 dead 0.39 | kin 1.18 cyc 0.16 gscc 0.06 in 3/19 | 2.8s
sig4_0|49|2.0|0.15|kp1|53|0.0|1: c1 0.977 c10 0.977 static 0.993 fac1 -0.308 ac1_39 -0.316 sent static 0.997 level 0.602 lock 0.18 move 0.295 period 4 dead 0.20 | kin 1.27 cyc 0.29 gscc 0.16 in 3/32 | 3.0s
tri0.3|49|2.0|0.15|kp1|51|0.0|1: c1 0.904 c10 0.880 static 0.926 fac1 -0.056 ac1_39 -0.067 sent static 0.925 level 0.464 lock 0.00 move 0.408 period None dead 0.27 | kin 1.37 cyc 0.37 gscc 0.20 in 3/34 | 6.3s
tri0.3|49|2.0|0.15|kp1|52|0.0|1: c1 0.000 c10 0.000 static 0.899 fac1 -0.330 ac1_39 -0.311 sent static 0.895 level 0.479 lock 0.00 move 0.539 period None dead 0.55 | kin 1.18 cyc 0.16 gscc 0.06 in 3/19 | 5.9s
sig8_0|49|2.0|0.15|kp1|51|0.0|1: c1 0.960 c10 0.955 static 0.975 fac1 -0.080 ac1_39 -0.117 sent static 0.969 level 0.558 lock 0.17 move 0.273 period None dead 0.16 | kin 1.37 cyc 0.37 gscc 0.20 in 3/34 | 3.0s
tri0.7|49|2.0|0.15|kp1|52|0.0|1: c1 0.000 c10 0.000 static 0.931 fac1 -0.228 ac1_39 -0.316 sent static 0.933 level 0.387 lock 0.14 move 0.479 period 24 dead 0.55 | kin 1.18 cyc 0.16 gscc 0.06 in 3/19 | 6.0s
step0|49|2.0|0.15|kp1|50|0.0|1: c1 0.814 c10 0.806 static 0.890 fac1 -0.070 ac1_39 -0.152 sent static 0.846 level 0.490 lock 0.25 move 0.511 period None dead 0.27 | kin 1.24 cyc 0.27 gscc 0.27 in 3/27 | 2.5s
sig8_0|49|2.0|0.15|kp1|52|0.0|1: c1 0.837 c10 0.888 static 0.960 fac1 -0.216 ac1_39 -0.302 sent static 0.965 level 0.534 lock 0.37 move 0.37 period None dead 0.39 | kin 1.18 cyc 0.16 gscc 0.06 in 3/19 | 2.9s
tri1.0|49|2.0|0.15|kp1|50|0.0|1: c1 0.431 c10 0.224 static 0.906 fac1 -0.197 ac1_39 -0.251 sent static 0.921 level 0.322 lock 0.00 move 0.6 period 4 dead 0.45 | kin 1.24 cyc 0.27 gscc 0.27 in 3/27 | 6.0s
sig8_0|49|2.0|0.15|kp1|53|0.0|1: c1 0.898 c10 0.883 static 0.951 fac1 -0.249 ac1_39 -0.267 sent static 0.960 level 0.533 lock 0.13 move 0.424 period 8 dead 0.20 | kin 1.27 cyc 0.29 gscc 0.16 in 3/32 | 3.0s
tri0.7|49|2.0|0.15|kp1|51|0.0|1: c1 0.948 c10 0.923 static 0.962 fac1 -0.122 ac1_39 -0.150 sent static 0.970 level 0.385 lock 0.03 move 0.312 period None dead 0.27 | kin 1.37 cyc 0.37 gscc 0.20 in 3/34 | 6.4s
step0|49|2.0|0.15|kp1|52|0.0|1: c1 0.852 c10 0.836 static 0.939 fac1 -0.172 ac1_39 -0.290 sent static 0.908 level 0.469 lock 0.37 move 0.418 period 24 dead 0.39 | kin 1.18 cyc 0.16 gscc 0.06 in 3/19 | 2.5s
tri1.0|49|2.0|0.15|kp1|52|0.0|1: c1 0.000 c10 0.000 static 0.870 fac1 -0.301 ac1_39 -0.482 sent static 0.890 level 0.336 lock 0.00 move 0.661 period 4 dead 0.55 | kin 1.18 cyc 0.16 gscc 0.06 in 3/19 | 6.0s
step0|49|2.0|0.15|kp1|51|0.0|1: c1 0.832 c10 0.828 static 0.847 fac1 -0.020 ac1_39 -0.050 sent static 0.823 level 0.477 lock 0.12 move 0.564 period None dead 0.16 | kin 1.37 cyc 0.37 gscc 0.20 in 3/34 | 2.6s
tri1.0|49|2.0|0.15|kp1|51|0.0|1: c1 0.927 c10 0.947 static 0.960 fac1 -0.276 ac1_39 -0.325 sent static 0.961 level 0.327 lock 0.06 move 0.354 period None dead 0.27 | kin 1.37 cyc 0.37 gscc 0.20 in 3/34 | 6.4s
sig4_0|49|2.0|0.15|kp1|51|0.0|1: c1 0.995 c10 0.994 static 0.997 fac1 -0.209 ac1_39 -0.296 sent static 0.998 level 0.610 lock 0.17 move 0.151 period 4 dead 0.16 | kin 1.37 cyc 0.37 gscc 0.20 in 3/34 | 5.6s
cstep|49|2.0|0.15|kp1|52|0.0|1: c1 0.000 c10 0.000 static 0.779 fac1 -0.270 ac1_39 -0.251 sent static 0.800 level 0.496 lock 0.00 move 0.751 period None dead 0.55 | kin 1.18 cyc 0.16 gscc 0.06 in 3/19 | 2.8s
sign|49|2.0|0.15|kp1|52|0.0|1: c1 0.000 c10 0.000 static 0.009 fac1 -0.024 ac1_39 -0.047 sent static 0.007 level 0.000 lock 0.00 move 1.42 period None dead 0.55 | kin 1.18 cyc 0.16 gscc 0.06 in 3/19 | 1.8s
sig8_0|49|2.0|0.15|kp1|50|0.0|1: c1 0.920 c10 0.903 static 0.974 fac1 -0.240 ac1_39 -0.277 sent static 0.973 level 0.550 lock 0.25 move 0.355 period 4 dead 0.27 | kin 1.24 cyc 0.27 gscc 0.27 in 3/27 | 5.3s
cstep|49|2.0|0.15|kp1|53|0.0|1: c1 0.712 c10 0.759 static 0.803 fac1 -0.145 ac1_39 -0.185 sent static 0.815 level 0.500 lock 0.00 move 0.704 period None dead 0.31 | kin 1.27 cyc 0.29 gscc 0.16 in 3/32 | 2.9s
wta|49|2.0|0.15|kp1|50|0.0|1: c1 0.281 c10 0.182 static 0.465 fac1 -0.040 ac1_39 -0.081 sent static 0.375 level 0.031 lock 0.25 move 0.958 period None dead 0.27 | kin 1.24 cyc 0.27 gscc 0.27 in 3/27 | 2.7s
wta|49|2.0|0.15|kp1|51|0.0|1: c1 0.109 c10 0.064 static 0.154 fac1 -0.012 ac1_39 -0.014 sent static 0.121 level 0.031 lock 0.12 move 1.17 period None dead 0.16 | kin 1.37 cyc 0.37 gscc 0.20 in 3/34 | 2.8s
sign|49|2.0|0.15|kp1|50|0.0|1: c1 0.000 c10 0.000 static 0.079 fac1 -0.090 ac1_39 -0.106 sent static 0.057 level 0.002 lock 0.00 move 1.4 period None dead 0.45 | kin 1.24 cyc 0.27 gscc 0.27 in 3/27 | 3.3s
wta|49|2.0|0.15|kp1|53|0.0|1: c1 0.090 c10 0.193 static 0.320 fac1 -0.231 ac1_39 -0.258 sent static 0.313 level 0.031 lock 0.13 move 1.18 period 24 dead 0.20 | kin 1.27 cyc 0.29 gscc 0.16 in 3/32 | 2.8s
step0|49|2.0|0.15|kp1|53|0.0|1: c1 0.812 c10 0.791 static 0.843 fac1 -0.089 ac1_39 -0.111 sent static 0.822 level 0.490 lock 0.13 move 0.584 period None dead 0.20 | kin 1.27 cyc 0.29 gscc 0.16 in 3/32 | 4.9s
raw|49|2.0|0.15|mnist|52|0.0|1: c1 0.000 c10 0.000 static 0.007 fac1 -0.863 ac1_39 -0.814 sent static 0.007 level 0.000 lock 0.00 move 1.81 period None dead 0.57 | kin 1.18 cyc 0.16 gscc 0.06 in 1/4 | 1.7s
sign|49|2.0|0.15|kp1|51|0.0|1: c1 0.000 c10 0.006 static 0.003 fac1 -0.003 ac1_39 -0.005 sent static 0.003 level 0.000 lock 0.00 move 1.41 period None dead 0.27 | kin 1.37 cyc 0.37 gscc 0.20 in 3/34 | 3.5s
sign|49|2.0|0.15|kp1|53|0.0|1: c1 0.000 c10 0.000 static 0.029 fac1 -0.040 ac1_39 -0.063 sent static 0.023 level 0.000 lock 0.00 move 1.39 period None dead 0.31 | kin 1.27 cyc 0.29 gscc 0.16 in 3/32 | 3.4s
raw|49|2.0|0.15|mnist|53|0.0|1: c1 0.000 c10 0.467 static 0.425 fac1 -0.071 ac1_39 -0.464 sent static 0.425 level 0.005 lock 0.00 move 1.4 period None dead 0.24 | kin 1.27 cyc 0.29 gscc 0.16 in 6/35 | 1.7s
cstep|49|2.0|0.15|kp1|50|0.0|1: c1 0.584 c10 0.462 static 0.766 fac1 -0.073 ac1_39 -0.121 sent static 0.782 level 0.491 lock 0.00 move 0.722 period None dead 0.45 | kin 1.24 cyc 0.27 gscc 0.27 in 3/27 | 5.3s
kwta4|49|2.0|0.15|kp1|51|0.0|1: c1 0.221 c10 0.243 static 0.249 fac1 0.001 ac1_39 0.020 sent static 0.222 level 0.111 lock 0.00 move 1.2 period None dead 0.27 | kin 1.37 cyc 0.37 gscc 0.20 in 3/34 | 3.3s
kwta4|49|2.0|0.15|kp1|53|0.0|1: c1 0.139 c10 0.140 static 0.260 fac1 -0.092 ac1_39 -0.101 sent static 0.270 level 0.108 lock 0.00 move 1.28 period None dead 0.31 | kin 1.27 cyc 0.29 gscc 0.16 in 3/32 | 3.2s
raw|49|2.0|0.15|mnist|50|0.0|1: c1 0.338 c10 0.340 static 0.533 fac1 -0.041 ac1_39 -0.043 sent static 0.533 level 0.013 lock 0.00 move 0.949 period None dead 0.39 | kin 1.24 cyc 0.27 gscc 0.27 in 7/30 | 3.0s
cstep|49|2.0|0.15|kp1|51|0.0|1: c1 0.768 c10 0.768 static 0.793 fac1 -0.033 ac1_39 -0.045 sent static 0.790 level 0.492 lock 0.00 move 0.631 period None dead 0.27 | kin 1.37 cyc 0.37 gscc 0.20 in 3/34 | 5.8s
raw|49|2.0|0.15|mnist|51|0.0|1: c1 0.383 c10 0.641 static 0.093 fac1 0.387 ac1_39 0.383 sent static 0.093 level 0.000 lock 0.06 move 0.985 period None dead 0.27 | kin 1.37 cyc 0.37 gscc 0.20 in 1/1 | 3.1s
relu|49|2.0|0.15|mnist|51|0.0|1: c1 0.922 c10 0.911 static 0.935 fac1 0.062 ac1_39 0.026 sent static 0.931 level 0.323 lock 0.06 move 0.389 period None dead 0.27 | kin 1.37 cyc 0.37 gscc 0.20 in 1/1 | 1.9s
relu|49|2.0|0.15|mnist|52|0.0|1: c1 0.000 c10 0.000 static 0.998 fac1 -0.070 ac1_39 -0.068 sent static 0.998 level 0.308 lock 0.43 move 0.336 period None dead 0.57 | kin 1.18 cyc 0.16 gscc 0.06 in 1/4 | 1.9s
relu|49|2.0|0.15|mnist|53|0.0|1: c1 0.743 c10 0.703 static 0.796 fac1 -0.032 ac1_39 -0.028 sent static 0.823 level 0.314 lock 0.00 move 0.693 period None dead 0.24 | kin 1.27 cyc 0.29 gscc 0.16 in 6/35 | 2.0s
relu|49|2.0|0.15|mnist|50|0.0|1: c1 0.487 c10 0.507 static 0.696 fac1 -0.051 ac1_39 -0.076 sent static 0.742 level 0.312 lock 0.00 move 0.832 period None dead 0.39 | kin 1.24 cyc 0.27 gscc 0.27 in 7/30 | 3.4s
wta|49|2.0|0.15|kp1|52|0.0|1: c1 0.299 c10 0.259 static 0.713 fac1 -0.251 ac1_39 -0.367 sent static 0.625 level 0.031 lock 0.37 move 0.879 period 4 dead 0.39 | kin 1.18 cyc 0.16 gscc 0.06 in 3/19 | 5.0s
tanh|49|2.0|0.15|mnist|51|0.0|1: c1 0.000 c10 0.426 static 0.007 fac1 -0.039 ac1_39 -0.115 sent static 0.007 level 0.000 lock 0.00 move 1.48 period None dead 0.27 | kin 1.37 cyc 0.37 gscc 0.20 in 1/1 | 2.0s
tri0.3|49|2.0|0.15|mnist|53|0.0|1: c1 0.776 c10 0.782 static 0.811 fac1 -0.007 ac1_39 -0.011 sent static 0.851 level 0.463 lock 0.00 move 0.649 period None dead 0.24 | kin 1.27 cyc 0.29 gscc 0.16 in 6/35 | 3.3s
tri0.3|49|2.0|0.15|mnist|51|0.0|1: c1 0.927 c10 0.930 static 0.939 fac1 -0.026 ac1_39 -0.020 sent static 0.941 level 0.459 lock 0.00 move 0.363 period None dead 0.27 | kin 1.37 cyc 0.37 gscc 0.20 in 1/1 | 3.4s
kwta4|49|2.0|0.15|kp1|50|0.0|1: c1 0.008 c10 0.082 static 0.243 fac1 -0.034 ac1_39 -0.088 sent static 0.238 level 0.111 lock 0.00 move 1.3 period None dead 0.45 | kin 1.24 cyc 0.27 gscc 0.27 in 3/27 | 6.1s
kwta4|49|2.0|0.15|kp1|52|0.0|1: c1 0.000 c10 0.000 static 0.191 fac1 -0.028 ac1_39 -0.035 sent static 0.194 level 0.111 lock 0.00 move 1.28 period None dead 0.55 | kin 1.18 cyc 0.16 gscc 0.06 in 3/19 | 6.0s
tanh|49|2.0|0.15|mnist|52|0.0|1: c1 0.000 c10 0.000 static 0.010 fac1 0.013 ac1_39 0.017 sent static 0.010 level 0.000 lock 0.00 move 1.35 period None dead 0.57 | kin 1.18 cyc 0.16 gscc 0.06 in 1/4 | 1.9s
tri0.7|49|2.0|0.15|mnist|52|0.0|1: c1 0.000 c10 0.000 static 0.965 fac1 0.288 ac1_39 0.107 sent static 0.968 level 0.396 lock 0.00 move 0.354 period None dead 0.57 | kin 1.18 cyc 0.16 gscc 0.06 in 1/4 | 3.2s
tanh|49|2.0|0.15|mnist|53|0.0|1: c1 0.248 c10 0.310 static 0.343 fac1 -0.040 ac1_39 -0.113 sent static 0.314 level 0.004 lock 0.00 move 1.26 period None dead 0.24 | kin 1.27 cyc 0.29 gscc 0.16 in 6/35 | 2.0s
tri1.0|49|2.0|0.15|mnist|50|0.0|1: c1 0.473 c10 0.495 static 0.711 fac1 -0.023 ac1_39 -0.015 sent static 0.763 level 0.313 lock 0.00 move 0.759 period None dead 0.39 | kin 1.24 cyc 0.27 gscc 0.27 in 7/30 | 3.2s
tri1.0|49|2.0|0.15|mnist|51|0.0|1: c1 0.989 c10 1.000 static 0.994 fac1 -0.609 ac1_39 -0.262 sent static 0.994 level 0.321 lock 0.06 move 0.196 period None dead 0.27 | kin 1.37 cyc 0.37 gscc 0.20 in 1/1 | 3.4s
tanh|49|2.0|0.15|mnist|50|0.0|1: c1 0.245 c10 0.228 static 0.350 fac1 -0.001 ac1_39 0.015 sent static 0.336 level 0.008 lock 0.00 move 1.14 period None dead 0.39 | kin 1.24 cyc 0.27 gscc 0.27 in 7/30 | 3.5s
tri0.3|49|2.0|0.15|mnist|52|0.0|1: c1 0.000 c10 0.000 static 0.886 fac1 -0.201 ac1_39 -0.171 sent static 0.903 level 0.466 lock 0.00 move 0.536 period None dead 0.57 | kin 1.18 cyc 0.16 gscc 0.06 in 1/4 | 6.0s
tri0.3|49|2.0|0.15|mnist|50|0.0|1: c1 0.567 c10 0.569 static 0.782 fac1 -0.003 ac1_39 -0.007 sent static 0.818 level 0.462 lock 0.00 move 0.679 period None dead 0.39 | kin 1.24 cyc 0.27 gscc 0.27 in 7/30 | 6.1s
sig4_0|49|2.0|0.15|mnist|52|0.0|1: c1 0.991 c10 1.000 static 0.999 fac1 -0.997 ac1_39 -0.093 sent static 1.000 level 0.583 lock 0.30 move 0.179 period None dead 0.39 | kin 1.18 cyc 0.16 gscc 0.06 in 1/4 | 2.9s
step0|49|2.0|0.15|mnist|50|0.0|1: c1 0.780 c10 0.781 static 0.853 fac1 -0.011 ac1_39 -0.013 sent static 0.822 level 0.496 lock 0.17 move 0.567 period None dead 0.27 | kin 1.24 cyc 0.27 gscc 0.27 in 7/30 | 2.5s
sig4_0|49|2.0|0.15|mnist|53|0.0|1: c1 0.927 c10 0.929 static 0.942 fac1 -0.014 ac1_39 -0.020 sent static 0.971 level 0.621 lock 0.15 move 0.46 period None dead 0.16 | kin 1.27 cyc 0.29 gscc 0.16 in 6/35 | 3.0s
sig8_0|49|2.0|0.15|mnist|50|0.0|1: c1 0.871 c10 0.870 static 0.936 fac1 0.001 ac1_39 -0.008 sent static 0.922 level 0.554 lock 0.17 move 0.456 period None dead 0.27 | kin 1.24 cyc 0.27 gscc 0.27 in 7/30 | 2.9s
tri0.7|49|2.0|0.15|mnist|50|0.0|1: c1 0.505 c10 0.513 static 0.776 fac1 -0.021 ac1_39 -0.019 sent static 0.828 level 0.376 lock 0.00 move 0.673 period None dead 0.39 | kin 1.24 cyc 0.27 gscc 0.27 in 7/30 | 6.1s
step0|49|2.0|0.15|mnist|52|0.0|1: c1 0.885 c10 0.909 static 0.953 fac1 0.161 ac1_39 0.043 sent static 0.908 level 0.461 lock 0.30 move 0.335 period None dead 0.39 | kin 1.18 cyc 0.16 gscc 0.06 in 1/4 | 2.5s
step0|49|2.0|0.15|mnist|51|0.0|1: c1 0.829 c10 0.828 static 0.848 fac1 0.021 ac1_39 0.017 sent static 0.825 level 0.472 lock 0.12 move 0.555 period None dead 0.16 | kin 1.37 cyc 0.37 gscc 0.20 in 1/1 | 2.6s
sig8_0|49|2.0|0.15|mnist|53|0.0|1: c1 0.875 c10 0.839 static 0.878 fac1 -0.009 ac1_39 -0.014 sent static 0.905 level 0.552 lock 0.10 move 0.565 period None dead 0.16 | kin 1.27 cyc 0.29 gscc 0.16 in 6/35 | 3.0s
step0|49|2.0|0.15|mnist|53|0.0|1: c1 0.737 c10 0.729 static 0.768 fac1 -0.006 ac1_39 -0.010 sent static 0.777 level 0.496 lock 0.10 move 0.701 period None dead 0.16 | kin 1.27 cyc 0.29 gscc 0.16 in 6/35 | 2.6s
tri1.0|49|2.0|0.15|mnist|52|0.0|1: c1 0.000 c10 0.000 static 1.000 fac1 -0.015 ac1_39 -0.021 sent static 1.000 level 0.344 lock 0.81 move 0.306 period None dead 0.57 | kin 1.18 cyc 0.16 gscc 0.06 in 1/4 | 6.0s
tri0.7|49|2.0|0.15|mnist|51|0.0|1: c1 0.996 c10 0.997 static 0.997 fac1 -0.022 ac1_39 -0.022 sent static 0.997 level 0.385 lock 0.06 move 0.162 period None dead 0.27 | kin 1.37 cyc 0.37 gscc 0.20 in 1/1 | 6.4s
tri0.7|49|2.0|0.15|mnist|53|0.0|1: c1 0.807 c10 0.800 static 0.846 fac1 -0.020 ac1_39 -0.020 sent static 0.888 level 0.375 lock 0.00 move 0.615 period None dead 0.24 | kin 1.27 cyc 0.29 gscc 0.16 in 6/35 | 6.3s
tri1.0|49|2.0|0.15|mnist|53|0.0|1: c1 0.717 c10 0.736 static 0.806 fac1 -0.038 ac1_39 -0.074 sent static 0.835 level 0.316 lock 0.00 move 0.7 period None dead 0.24 | kin 1.27 cyc 0.29 gscc 0.16 in 6/35 | 6.3s
sig4_0|49|2.0|0.15|mnist|50|0.0|1: c1 0.915 c10 0.913 static 0.973 fac1 -0.005 ac1_39 -0.015 sent static 0.982 level 0.604 lock 0.17 move 0.388 period None dead 0.27 | kin 1.24 cyc 0.27 gscc 0.27 in 7/30 | 5.3s
sig4_0|49|2.0|0.15|mnist|51|0.0|1: c1 1.000 c10 1.000 static 1.000 fac1 0.734 ac1_39 -0.023 sent static 1.000 level 0.609 lock 0.98 move 0.126 period None dead 0.16 | kin 1.37 cyc 0.37 gscc 0.20 in 1/1 | 5.5s
sign|49|2.0|0.15|mnist|50|0.0|1: c1 0.020 c10 0.005 static 0.052 fac1 -0.002 ac1_39 -0.001 sent static 0.034 level 0.000 lock 0.00 move 1.35 period None dead 0.39 | kin 1.24 cyc 0.27 gscc 0.27 in 7/30 | 1.9s
sign|49|2.0|0.15|mnist|52|0.0|1: c1 0.000 c10 0.000 static 0.005 fac1 -0.025 ac1_39 -0.030 sent static 0.004 level 0.000 lock 0.00 move 1.41 period None dead 0.57 | kin 1.18 cyc 0.16 gscc 0.06 in 1/4 | 1.8s
sign|49|2.0|0.15|mnist|51|0.0|1: c1 0.000 c10 0.000 static 0.004 fac1 -0.000 ac1_39 -0.001 sent static 0.003 level 0.000 lock 0.00 move 1.41 period None dead 0.27 | kin 1.37 cyc 0.37 gscc 0.20 in 1/1 | 1.9s
sig8_0|49|2.0|0.15|mnist|52|0.0|1: c1 0.962 c10 0.944 static 0.979 fac1 0.337 ac1_39 0.159 sent static 0.981 level 0.514 lock 0.30 move 0.233 period None dead 0.39 | kin 1.18 cyc 0.16 gscc 0.06 in 1/4 | 5.2s
sig8_0|49|2.0|0.15|mnist|51|0.0|1: c1 1.000 c10 1.000 static 1.000 fac1 -0.224 ac1_39 -0.016 sent static 1.000 level 0.554 lock 0.76 move 0.15 period None dead 0.16 | kin 1.37 cyc 0.37 gscc 0.20 in 1/1 | 5.6s
wta|49|2.0|0.15|mnist|50|0.0|1: c1 0.230 c10 0.246 static 0.376 fac1 -0.002 ac1_39 -0.007 sent static 0.134 level 0.031 lock 0.17 move 1.04 period None dead 0.27 | kin 1.24 cyc 0.27 gscc 0.27 in 7/30 | 2.7s
cstep|49|2.0|0.15|mnist|53|0.0|1: c1 0.662 c10 0.662 static 0.703 fac1 -0.020 ac1_39 -0.018 sent static 0.759 level 0.499 lock 0.00 move 0.773 period None dead 0.24 | kin 1.27 cyc 0.29 gscc 0.16 in 6/35 | 3.0s
wta|49|2.0|0.15|mnist|52|0.0|1: c1 0.197 c10 0.198 static 0.736 fac1 -0.377 ac1_39 -0.318 sent static 0.556 level 0.031 lock 0.30 move 0.871 period None dead 0.39 | kin 1.18 cyc 0.16 gscc 0.06 in 1/4 | 2.7s
wta|49|2.0|0.15|mnist|51|0.0|1: c1 0.140 c10 0.150 static 0.181 fac1 0.007 ac1_39 0.015 sent static 0.133 level 0.031 lock 0.12 move 1.14 period None dead 0.16 | kin 1.37 cyc 0.37 gscc 0.20 in 1/1 | 2.9s
wta|49|2.0|0.15|mnist|53|0.0|1: c1 0.127 c10 0.128 static 0.153 fac1 0.000 ac1_39 -0.018 sent static 0.124 level 0.031 lock 0.10 move 1.2 period None dead 0.16 | kin 1.27 cyc 0.29 gscc 0.16 in 6/35 | 2.8s
sign|49|2.0|0.15|mnist|53|0.0|1: c1 0.052 c10 0.062 static 0.098 fac1 -0.010 ac1_39 -0.011 sent static 0.066 level 0.001 lock 0.00 move 1.33 period None dead 0.24 | kin 1.27 cyc 0.29 gscc 0.16 in 6/35 | 3.5s
raw|49|2.0|0.3|none|52|0.0|1: c1 0.272 c10 0.756 static 0.406 fac1 -0.224 ac1_39 -0.212 sent static 0.406 level 0.003 lock 0.00 move 1.18 period None dead 0.10 | kin 2.45 cyc 0.82 gscc 0.78 in 0/0 | 1.8s
raw|49|2.0|0.3|none|53|0.0|1: c1 -0.428 c10 0.811 static 0.069 fac1 -0.572 ac1_39 -0.570 sent static 0.069 level 0.002 lock 0.00 move 1.76 period None dead 0.18 | kin 2.35 cyc 0.59 gscc 0.55 in 0/0 | 1.8s
cstep|49|2.0|0.15|mnist|50|0.0|1: c1 0.571 c10 0.572 static 0.715 fac1 -0.002 ac1_39 -0.005 sent static 0.746 level 0.500 lock 0.00 move 0.787 period None dead 0.39 | kin 1.24 cyc 0.27 gscc 0.27 in 7/30 | 5.5s
relu|49|2.0|0.3|none|50|0.0|1: c1 0.831 c10 0.736 static 0.811 fac1 0.200 ac1_39 0.218 sent static 0.829 level 0.305 lock 0.00 move 0.581 period None dead 0.12 | kin 2.39 cyc 0.73 gscc 0.73 in 0/0 | 2.0s
raw|49|2.0|0.3|none|50|0.0|1: c1 0.000 c10 -0.260 static 0.000 fac1 -0.000 ac1_39 -0.026 sent static 0.000 level 0.000 lock 0.00 move 1.43 period None dead 0.12 | kin 2.39 cyc 0.73 gscc 0.73 in 0/0 | 3.2s
raw|49|2.0|0.3|none|51|0.0|1: c1 0.189 c10 0.285 static 0.000 fac1 0.193 ac1_39 0.200 sent static 0.000 level 0.000 lock 0.00 move 1.26 period None dead 0.04 | kin 2.67 cyc 0.88 gscc 0.88 in 0/0 | 3.3s
relu|49|2.0|0.3|none|53|0.0|1: c1 0.941 c10 0.895 static 0.953 fac1 -0.074 ac1_39 -0.057 sent static 0.959 level 0.314 lock 0.00 move 0.366 period 4 dead 0.18 | kin 2.35 cyc 0.59 gscc 0.55 in 0/0 | 2.0s
cstep|49|2.0|0.15|mnist|52|0.0|1: c1 0.000 c10 0.000 static 0.746 fac1 -0.040 ac1_39 -0.048 sent static 0.771 level 0.503 lock 0.00 move 0.734 period None dead 0.57 | kin 1.18 cyc 0.16 gscc 0.06 in 1/4 | 5.3s
cstep|49|2.0|0.15|mnist|51|0.0|1: c1 0.789 c10 0.783 static 0.805 fac1 -0.001 ac1_39 -0.007 sent static 0.795 level 0.499 lock 0.06 move 0.611 period None dead 0.27 | kin 1.37 cyc 0.37 gscc 0.20 in 1/1 | 5.7s
relu|49|2.0|0.3|none|51|0.0|1: c1 0.956 c10 0.957 static 0.956 fac1 0.014 ac1_39 0.014 sent static 0.959 level 0.317 lock 0.00 move 0.3 period None dead 0.04 | kin 2.67 cyc 0.88 gscc 0.88 in 0/0 | 3.8s
relu|49|2.0|0.3|none|52|0.0|1: c1 0.946 c10 0.940 static 0.945 fac1 -0.023 ac1_39 -0.016 sent static 0.951 level 0.303 lock 0.00 move 0.405 period None dead 0.10 | kin 2.45 cyc 0.82 gscc 0.78 in 0/0 | 3.6s
tri0.3|49|2.0|0.3|none|50|0.0|1: c1 0.871 c10 0.875 static 0.880 fac1 -0.013 ac1_39 -0.015 sent static 0.892 level 0.471 lock 0.00 move 0.49 period None dead 0.12 | kin 2.39 cyc 0.73 gscc 0.73 in 0/0 | 3.5s
tri0.3|49|2.0|0.3|none|52|0.0|1: c1 0.912 c10 0.918 static 0.915 fac1 -0.006 ac1_39 -0.008 sent static 0.919 level 0.460 lock 0.00 move 0.416 period None dead 0.10 | kin 2.45 cyc 0.82 gscc 0.78 in 0/0 | 3.5s
kwta4|49|2.0|0.15|mnist|52|0.0|1: c1 0.000 c10 0.000 static 0.218 fac1 -0.021 ac1_39 -0.027 sent static 0.216 level 0.110 lock 0.00 move 1.27 period None dead 0.57 | kin 1.18 cyc 0.16 gscc 0.06 in 1/4 | 6.0s
kwta4|49|2.0|0.15|mnist|50|0.0|1: c1 0.163 c10 0.178 static 0.230 fac1 -0.023 ac1_39 -0.021 sent static 0.221 level 0.112 lock 0.00 move 1.25 period None dead 0.39 | kin 1.24 cyc 0.27 gscc 0.27 in 7/30 | 6.1s
tri0.3|49|2.0|0.3|none|51|0.0|1: c1 0.900 c10 0.901 static 0.897 fac1 -0.026 ac1_39 -0.020 sent static 0.905 level 0.466 lock 0.00 move 0.464 period None dead 0.04 | kin 2.67 cyc 0.88 gscc 0.88 in 0/0 | 3.7s
tri0.3|49|2.0|0.3|none|53|0.0|1: c1 0.940 c10 0.942 static 0.952 fac1 -0.032 ac1_39 -0.043 sent static 0.950 level 0.454 lock 0.00 move 0.336 period None dead 0.18 | kin 2.35 cyc 0.59 gscc 0.55 in 0/0 | 3.6s
kwta4|49|2.0|0.15|mnist|51|0.0|1: c1 0.232 c10 0.250 static 0.266 fac1 -0.014 ac1_39 -0.025 sent static 0.240 level 0.111 lock 0.00 move 1.22 period None dead 0.27 | kin 1.37 cyc 0.37 gscc 0.20 in 1/1 | 6.4s
tri0.7|49|2.0|0.3|none|52|0.0|1: c1 0.984 c10 0.984 static 0.986 fac1 -0.102 ac1_39 -0.101 sent static 0.986 level 0.375 lock 0.00 move 0.198 period None dead 0.10 | kin 2.45 cyc 0.82 gscc 0.78 in 0/0 | 3.6s
tri1.0|49|2.0|0.3|none|50|0.0|1: c1 0.704 c10 0.792 static 0.761 fac1 -0.192 ac1_39 -0.220 sent static 0.803 level 0.319 lock 0.00 move 0.778 period None dead 0.12 | kin 2.39 cyc 0.73 gscc 0.73 in 0/0 | 3.5s
tri0.7|49|2.0|0.3|none|51|0.0|1: c1 0.968 c10 0.966 static 0.965 fac1 0.054 ac1_39 0.053 sent static 0.971 level 0.375 lock 0.00 move 0.261 period None dead 0.04 | kin 2.67 cyc 0.88 gscc 0.88 in 0/0 | 3.8s
kwta4|49|2.0|0.15|mnist|53|0.0|1: c1 0.218 c10 0.223 static 0.261 fac1 -0.025 ac1_39 -0.033 sent static 0.239 level 0.111 lock 0.00 move 1.23 period None dead 0.24 | kin 1.27 cyc 0.29 gscc 0.16 in 6/35 | 6.3s
tri1.0|49|2.0|0.3|none|53|0.0|1: c1 0.927 c10 0.953 static 0.954 fac1 -0.584 ac1_39 -0.534 sent static 0.958 level 0.329 lock 0.00 move 0.402 period 4 dead 0.18 | kin 2.35 cyc 0.59 gscc 0.55 in 0/0 | 3.6s
tanh|49|2.0|0.3|none|50|0.0|1: c1 -0.053 c10 0.114 static 0.004 fac1 -0.062 ac1_39 -0.063 sent static 0.004 level 0.000 lock 0.00 move 1.46 period None dead 0.12 | kin 2.39 cyc 0.73 gscc 0.73 in 0/0 | 3.6s
tanh|49|2.0|0.3|none|51|0.0|1: c1 0.041 c10 0.122 static 0.002 fac1 0.041 ac1_39 0.036 sent static 0.002 level 0.000 lock 0.00 move 1.39 period None dead 0.04 | kin 2.67 cyc 0.88 gscc 0.88 in 0/0 | 3.8s
sig4_0|49|2.0|0.3|none|50|0.0|1: c1 1.000 c10 1.000 static 1.000 fac1 0.626 ac1_39 0.636 sent static 1.000 level 0.604 lock 1.00 move 1.64e-07 period 1 dead 0.10 | kin 2.39 cyc 0.73 gscc 0.73 in 0/0 | 3.1s
sig8_0|49|2.0|0.3|none|50|0.0|1: c1 0.979 c10 0.979 static 0.979 fac1 -0.022 ac1_39 -0.020 sent static 0.981 level 0.541 lock 0.02 move 0.209 period None dead 0.10 | kin 2.39 cyc 0.73 gscc 0.73 in 0/0 | 3.1s
tanh|49|2.0|0.3|none|52|0.0|1: c1 -0.058 c10 0.125 static 0.065 fac1 -0.146 ac1_39 -0.149 sent static 0.063 level 0.000 lock 0.00 move 1.46 period None dead 0.10 | kin 2.45 cyc 0.82 gscc 0.78 in 0/0 | 3.6s
sig4_0|49|2.0|0.3|none|51|0.0|1: c1 1.000 c10 1.000 static 1.000 fac1 -0.995 ac1_39 -0.998 sent static 1.000 level 0.593 lock 1.00 move 0.000552 period 2 dead 0.04 | kin 2.67 cyc 0.88 gscc 0.88 in 0/0 | 3.3s
tanh|49|2.0|0.3|none|53|0.0|1: c1 0.037 c10 0.127 static 0.002 fac1 0.052 ac1_39 0.063 sent static 0.002 level 0.000 lock 0.00 move 1.37 period None dead 0.18 | kin 2.35 cyc 0.59 gscc 0.55 in 0/0 | 3.7s
step0|49|2.0|0.3|none|50|0.0|1: c1 0.833 c10 0.826 static 0.831 fac1 -0.005 ac1_39 -0.007 sent static 0.812 level 0.498 lock 0.02 move 0.59 period None dead 0.10 | kin 2.39 cyc 0.73 gscc 0.73 in 0/0 | 2.7s
sig8_0|49|2.0|0.3|none|51|0.0|1: c1 0.926 c10 0.931 static 0.925 fac1 0.001 ac1_39 -0.021 sent static 0.932 level 0.529 lock 0.00 move 0.405 period None dead 0.04 | kin 2.67 cyc 0.88 gscc 0.88 in 0/0 | 3.3s
tri0.7|49|2.0|0.3|none|50|0.0|1: c1 0.900 c10 0.918 static 0.909 fac1 -0.047 ac1_39 -0.058 sent static 0.922 level 0.386 lock 0.00 move 0.442 period None dead 0.12 | kin 2.39 cyc 0.73 gscc 0.73 in 0/0 | 6.7s
step0|49|2.0|0.3|none|51|0.0|1: c1 0.757 c10 0.755 static 0.761 fac1 -0.001 ac1_39 -0.002 sent static 0.764 level 0.481 lock 0.00 move 0.718 period None dead 0.04 | kin 2.67 cyc 0.88 gscc 0.88 in 0/0 | 2.9s
sig8_0|49|2.0|0.3|none|53|0.0|1: c1 0.983 c10 0.979 static 0.982 fac1 0.098 ac1_39 0.081 sent static 0.986 level 0.559 lock 0.11 move 0.166 period None dead 0.08 | kin 2.35 cyc 0.59 gscc 0.55 in 0/0 | 3.2s
tri0.7|49|2.0|0.3|none|53|0.0|1: c1 0.972 c10 0.985 static 0.983 fac1 -0.563 ac1_39 -0.509 sent static 0.982 level 0.379 lock 0.00 move 0.234 period None dead 0.18 | kin 2.35 cyc 0.59 gscc 0.55 in 0/0 | 6.8s
step0|49|2.0|0.3|none|53|0.0|1: c1 0.848 c10 0.837 static 0.856 fac1 -0.009 ac1_39 -0.010 sent static 0.827 level 0.502 lock 0.11 move 0.538 period None dead 0.08 | kin 2.35 cyc 0.59 gscc 0.55 in 0/0 | 2.8s
tri1.0|49|2.0|0.3|none|52|0.0|1: c1 0.963 c10 0.951 static 0.960 fac1 -0.050 ac1_39 -0.036 sent static 0.966 level 0.318 lock 0.00 move 0.332 period None dead 0.10 | kin 2.45 cyc 0.82 gscc 0.78 in 0/0 | 6.6s
tri1.0|49|2.0|0.3|none|51|0.0|1: c1 0.965 c10 0.967 static 0.972 fac1 -0.373 ac1_39 -0.392 sent static 0.976 level 0.317 lock 0.00 move 0.298 period None dead 0.04 | kin 2.67 cyc 0.88 gscc 0.88 in 0/0 | 7.1s
sign|49|2.0|0.3|none|51|0.0|1: c1 -0.013 c10 -0.006 static 0.003 fac1 -0.016 ac1_39 -0.015 sent static 0.003 level 0.000 lock 0.00 move 1.42 period None dead 0.04 | kin 2.67 cyc 0.88 gscc 0.88 in 0/0 | 2.1s
sign|49|2.0|0.3|none|53|0.0|1: c1 -0.009 c10 0.000 static 0.003 fac1 -0.016 ac1_39 -0.016 sent static 0.003 level 0.000 lock 0.00 move 1.42 period None dead 0.18 | kin 2.35 cyc 0.59 gscc 0.55 in 0/0 | 2.0s
sig4_0|49|2.0|0.3|none|52|0.0|1: c1 1.000 c10 1.000 static 1.000 fac1 0.652 ac1_39 0.638 sent static 1.000 level 0.599 lock 1.00 move 1.66e-07 period 1 dead 0.08 | kin 2.45 cyc 0.82 gscc 0.78 in 0/0 | 5.8s
sig4_0|49|2.0|0.3|none|53|0.0|1: c1 1.000 c10 1.000 static 1.000 fac1 0.642 ac1_39 0.692 sent static 1.000 level 0.613 lock 1.00 move 1.51e-07 period 1 dead 0.08 | kin 2.35 cyc 0.59 gscc 0.55 in 0/0 | 5.9s
step0|49|2.0|0.3|none|52|0.0|1: c1 0.835 c10 0.818 static 0.830 fac1 0.000 ac1_39 0.019 sent static 0.807 level 0.487 lock 0.02 move 0.565 period None dead 0.08 | kin 2.45 cyc 0.82 gscc 0.78 in 0/0 | 5.1s
cstep|49|2.0|0.3|none|52|0.0|1: c1 0.758 c10 0.769 static 0.767 fac1 -0.028 ac1_39 -0.059 sent static 0.776 level 0.495 lock 0.00 move 0.697 period None dead 0.10 | kin 2.45 cyc 0.82 gscc 0.78 in 0/0 | 3.1s
sig8_0|49|2.0|0.3|none|52|0.0|1: c1 0.976 c10 0.973 static 0.977 fac1 0.081 ac1_39 0.058 sent static 0.974 level 0.545 lock 0.02 move 0.253 period None dead 0.08 | kin 2.45 cyc 0.82 gscc 0.78 in 0/0 | 5.8s
cstep|49|2.0|0.3|none|53|0.0|1: c1 0.776 c10 0.777 static 0.786 fac1 -0.030 ac1_39 -0.035 sent static 0.804 level 0.493 lock 0.00 move 0.655 period None dead 0.18 | kin 2.35 cyc 0.59 gscc 0.55 in 0/0 | 3.2s
wta|49|2.0|0.3|none|50|0.0|1: c1 0.077 c10 0.067 static 0.082 fac1 -0.003 ac1_39 0.003 sent static 0.063 level 0.031 lock 0.02 move 1.29 period None dead 0.10 | kin 2.39 cyc 0.73 gscc 0.73 in 0/0 | 3.0s
wta|49|2.0|0.3|none|52|0.0|1: c1 0.090 c10 0.080 static 0.118 fac1 -0.005 ac1_39 -0.015 sent static 0.077 level 0.031 lock 0.02 move 1.27 period None dead 0.08 | kin 2.45 cyc 0.82 gscc 0.78 in 0/0 | 3.0s
sign|49|2.0|0.3|none|50|0.0|1: c1 0.000 c10 0.009 static 0.004 fac1 -0.010 ac1_39 -0.008 sent static 0.004 level 0.000 lock 0.00 move 1.42 period None dead 0.12 | kin 2.39 cyc 0.73 gscc 0.73 in 0/0 | 3.6s
wta|49|2.0|0.3|none|53|0.0|1: c1 0.148 c10 0.205 static 0.237 fac1 0.008 ac1_39 -0.021 sent static 0.116 level 0.031 lock 0.11 move 1.18 period None dead 0.08 | kin 2.35 cyc 0.59 gscc 0.55 in 0/0 | 3.0s
sign|49|2.0|0.3|none|52|0.0|1: c1 -0.006 c10 0.015 static 0.003 fac1 -0.010 ac1_39 -0.007 sent static 0.003 level 0.000 lock 0.00 move 1.41 period None dead 0.10 | kin 2.45 cyc 0.82 gscc 0.78 in 0/0 | 3.6s
raw|49|2.0|0.3|kp1|50|0.0|1: c1 0.008 c10 -0.229 static 0.014 fac1 -0.002 ac1_39 -0.015 sent static 0.014 level 0.000 lock 0.00 move 1.41 period None dead 0.10 | kin 2.39 cyc 0.73 gscc 0.73 in 3/44 | 1.8s
raw|49|2.0|0.3|kp1|51|0.0|1: c1 0.170 c10 0.279 static 0.003 fac1 0.174 ac1_39 0.171 sent static 0.003 level 0.000 lock 0.00 move 1.29 period None dead 0.04 | kin 2.67 cyc 0.88 gscc 0.88 in 3/47 | 1.9s
cstep|49|2.0|0.3|none|50|0.0|1: c1 0.775 c10 0.775 static 0.779 fac1 -0.002 ac1_39 -0.000 sent static 0.782 level 0.501 lock 0.00 move 0.689 period None dead 0.12 | kin 2.39 cyc 0.73 gscc 0.73 in 0/0 | 5.9s
relu|49|2.0|0.3|kp1|51|0.0|1: c1 0.944 c10 0.958 static 0.952 fac1 -0.174 ac1_39 -0.212 sent static 0.958 level 0.317 lock 0.00 move 0.351 period None dead 0.04 | kin 2.67 cyc 0.88 gscc 0.88 in 3/47 | 2.1s
kwta4|49|2.0|0.3|none|51|0.0|1: c1 0.196 c10 0.205 static 0.199 fac1 -0.010 ac1_39 -0.010 sent static 0.210 level 0.113 lock 0.00 move 1.26 period None dead 0.04 | kin 2.67 cyc 0.88 gscc 0.88 in 0/0 | 3.6s
relu|49|2.0|0.3|kp1|53|0.0|1: c1 0.823 c10 0.761 static 0.846 fac1 -0.197 ac1_39 -0.228 sent static 0.869 level 0.327 lock 0.00 move 0.66 period 4 dead 0.04 | kin 2.35 cyc 0.59 gscc 0.55 in 3/47 | 2.0s
cstep|49|2.0|0.3|none|51|0.0|1: c1 0.766 c10 0.767 static 0.764 fac1 -0.006 ac1_39 -0.006 sent static 0.778 level 0.498 lock 0.00 move 0.703 period None dead 0.04 | kin 2.67 cyc 0.88 gscc 0.88 in 0/0 | 6.3s
raw|49|2.0|0.3|kp1|52|0.0|1: c1 0.228 c10 0.721 static 0.386 fac1 -0.236 ac1_39 -0.225 sent static 0.386 level 0.003 lock 0.00 move 1.21 period None dead 0.10 | kin 2.45 cyc 0.82 gscc 0.78 in 3/41 | 3.2s
raw|49|2.0|0.3|kp1|53|0.0|1: c1 0.201 c10 -0.035 static 0.328 fac1 -0.215 ac1_39 -0.216 sent static 0.328 level 0.006 lock 0.00 move 1.26 period 4 dead 0.04 | kin 2.35 cyc 0.59 gscc 0.55 in 3/47 | 3.2s
wta|49|2.0|0.3|none|51|0.0|1: c1 0.051 c10 0.056 static 0.054 fac1 0.000 ac1_39 0.002 sent static 0.050 level 0.031 lock 0.00 move 1.35 period None dead 0.04 | kin 2.67 cyc 0.88 gscc 0.88 in 0/0 | 5.9s
relu|49|2.0|0.3|kp1|50|0.0|1: c1 0.779 c10 0.829 static 0.805 fac1 -0.149 ac1_39 -0.153 sent static 0.827 level 0.303 lock 0.00 move 0.692 period None dead 0.10 | kin 2.39 cyc 0.73 gscc 0.73 in 3/44 | 3.6s
relu|49|2.0|0.3|kp1|52|0.0|1: c1 0.921 c10 0.931 static 0.934 fac1 -0.159 ac1_39 -0.112 sent static 0.943 level 0.300 lock 0.00 move 0.444 period None dead 0.10 | kin 2.45 cyc 0.82 gscc 0.78 in 3/41 | 3.6s
tri0.3|49|2.0|0.3|kp1|50|0.0|1: c1 0.868 c10 0.875 static 0.881 fac1 -0.057 ac1_39 -0.081 sent static 0.896 level 0.467 lock 0.00 move 0.516 period None dead 0.10 | kin 2.39 cyc 0.73 gscc 0.73 in 3/44 | 3.5s
tri0.3|49|2.0|0.3|kp1|53|0.0|1: c1 0.841 c10 0.797 static 0.857 fac1 -0.137 ac1_39 -0.167 sent static 0.878 level 0.458 lock 0.00 move 0.618 period None dead 0.04 | kin 2.35 cyc 0.59 gscc 0.55 in 3/47 | 3.6s
tri0.3|49|2.0|0.3|kp1|51|0.0|1: c1 0.901 c10 0.894 static 0.898 fac1 -0.021 ac1_39 -0.019 sent static 0.908 level 0.466 lock 0.00 move 0.463 period None dead 0.04 | kin 2.67 cyc 0.88 gscc 0.88 in 3/47 | 3.8s
kwta4|49|2.0|0.3|none|50|0.0|1: c1 0.177 c10 0.175 static 0.183 fac1 0.001 ac1_39 0.002 sent static 0.193 level 0.112 lock 0.00 move 1.27 period None dead 0.12 | kin 2.39 cyc 0.73 gscc 0.73 in 0/0 | 6.6s
tri0.7|49|2.0|0.3|kp1|51|0.0|1: c1 0.950 c10 0.933 static 0.950 fac1 -0.046 ac1_39 -0.051 sent static 0.955 level 0.376 lock 0.00 move 0.343 period None dead 0.04 | kin 2.67 cyc 0.88 gscc 0.88 in 3/47 | 3.8s
tri0.7|49|2.0|0.3|kp1|52|0.0|1: c1 0.972 c10 0.966 static 0.973 fac1 -0.117 ac1_39 -0.134 sent static 0.977 level 0.374 lock 0.00 move 0.263 period None dead 0.10 | kin 2.45 cyc 0.82 gscc 0.78 in 3/41 | 3.6s
kwta4|49|2.0|0.3|none|52|0.0|1: c1 0.181 c10 0.172 static 0.190 fac1 -0.007 ac1_39 -0.008 sent static 0.192 level 0.113 lock 0.00 move 1.28 period None dead 0.10 | kin 2.45 cyc 0.82 gscc 0.78 in 0/0 | 6.7s
kwta4|49|2.0|0.3|none|53|0.0|1: c1 0.202 c10 0.200 static 0.223 fac1 -0.009 ac1_39 -0.007 sent static 0.218 level 0.112 lock 0.00 move 1.25 period None dead 0.18 | kin 2.35 cyc 0.59 gscc 0.55 in 0/0 | 6.8s
tri1.0|49|2.0|0.3|kp1|50|0.0|1: c1 0.635 c10 0.825 static 0.754 fac1 -0.407 ac1_39 -0.408 sent static 0.788 level 0.319 lock 0.00 move 0.861 period None dead 0.10 | kin 2.39 cyc 0.73 gscc 0.73 in 3/44 | 3.5s
tri1.0|49|2.0|0.3|kp1|52|0.0|1: c1 0.950 c10 0.934 static 0.950 fac1 -0.063 ac1_39 -0.055 sent static 0.954 level 0.317 lock 0.00 move 0.367 period None dead 0.10 | kin 2.45 cyc 0.82 gscc 0.78 in 3/41 | 3.5s
tri1.0|49|2.0|0.3|kp1|51|0.0|1: c1 0.940 c10 0.951 static 0.955 fac1 -0.396 ac1_39 -0.401 sent static 0.959 level 0.316 lock 0.00 move 0.364 period None dead 0.04 | kin 2.67 cyc 0.88 gscc 0.88 in 3/47 | 3.8s
tanh|49|2.0|0.3|kp1|50|0.0|1: c1 0.014 c10 0.060 static 0.018 fac1 -0.002 ac1_39 -0.003 sent static 0.018 level 0.000 lock 0.00 move 1.4 period None dead 0.10 | kin 2.39 cyc 0.73 gscc 0.73 in 3/44 | 3.7s
tanh|49|2.0|0.3|kp1|51|0.0|1: c1 0.047 c10 0.085 static 0.011 fac1 0.037 ac1_39 0.028 sent static 0.010 level 0.000 lock 0.00 move 1.39 period None dead 0.04 | kin 2.67 cyc 0.88 gscc 0.88 in 3/47 | 3.9s
tanh|49|2.0|0.3|kp1|52|0.0|1: c1 -0.059 c10 0.147 static 0.073 fac1 -0.154 ac1_39 -0.159 sent static 0.070 level 0.001 lock 0.00 move 1.44 period None dead 0.10 | kin 2.45 cyc 0.82 gscc 0.78 in 3/41 | 3.7s
tanh|49|2.0|0.3|kp1|53|0.0|1: c1 0.001 c10 0.000 static 0.205 fac1 -0.265 ac1_39 -0.269 sent static 0.204 level 0.003 lock 0.00 move 1.42 period None dead 0.04 | kin 2.35 cyc 0.59 gscc 0.55 in 3/47 | 3.7s
sig4_0|49|2.0|0.3|kp1|51|0.0|1: c1 0.996 c10 0.998 static 0.997 fac1 -0.439 ac1_39 -0.473 sent static 0.998 level 0.594 lock 0.00 move 0.109 period 4 dead 0.04 | kin 2.67 cyc 0.88 gscc 0.88 in 3/47 | 3.4s
tri0.3|49|2.0|0.3|kp1|52|0.0|1: c1 0.907 c10 0.910 static 0.913 fac1 -0.043 ac1_39 -0.045 sent static 0.911 level 0.461 lock 0.00 move 0.439 period None dead 0.10 | kin 2.45 cyc 0.82 gscc 0.78 in 3/41 | 6.6s
sig4_0|49|2.0|0.3|kp1|52|0.0|1: c1 0.996 c10 0.995 static 0.997 fac1 -0.255 ac1_39 -0.292 sent static 0.998 level 0.600 lock 0.11 move 0.141 period 4 dead 0.08 | kin 2.45 cyc 0.82 gscc 0.78 in 3/41 | 3.1s
sig4_0|49|2.0|0.3|kp1|53|0.0|1: c1 0.972 c10 0.969 static 0.979 fac1 -0.281 ac1_39 -0.294 sent static 0.987 level 0.607 lock 0.00 move 0.334 period 4 dead 0.04 | kin 2.35 cyc 0.59 gscc 0.55 in 3/47 | 3.2s
tri0.7|49|2.0|0.3|kp1|50|0.0|1: c1 0.888 c10 0.895 static 0.901 fac1 -0.077 ac1_39 -0.106 sent static 0.917 level 0.380 lock 0.00 move 0.49 period None dead 0.10 | kin 2.39 cyc 0.73 gscc 0.73 in 3/44 | 6.7s
sig8_0|49|2.0|0.3|kp1|52|0.0|1: c1 0.953 c10 0.946 static 0.957 fac1 -0.052 ac1_39 -0.057 sent static 0.962 level 0.545 lock 0.02 move 0.323 period None dead 0.08 | kin 2.45 cyc 0.82 gscc 0.78 in 3/41 | 3.1s
sig8_0|49|2.0|0.3|kp1|51|0.0|1: c1 0.923 c10 0.934 static 0.928 fac1 -0.051 ac1_39 -0.104 sent static 0.935 level 0.531 lock 0.00 move 0.41 period None dead 0.04 | kin 2.67 cyc 0.88 gscc 0.88 in 3/47 | 3.4s
step0|49|2.0|0.3|kp1|51|0.0|1: c1 0.755 c10 0.757 static 0.754 fac1 -0.013 ac1_39 -0.013 sent static 0.758 level 0.481 lock 0.00 move 0.722 period None dead 0.04 | kin 2.67 cyc 0.88 gscc 0.88 in 3/47 | 2.9s
step0|49|2.0|0.3|kp1|52|0.0|1: c1 0.828 c10 0.802 static 0.832 fac1 0.002 ac1_39 0.018 sent static 0.812 level 0.486 lock 0.02 move 0.574 period None dead 0.08 | kin 2.45 cyc 0.82 gscc 0.78 in 3/41 | 2.7s
step0|49|2.0|0.3|kp1|53|0.0|1: c1 0.747 c10 0.728 static 0.758 fac1 -0.062 ac1_39 -0.105 sent static 0.768 level 0.495 lock 0.00 move 0.756 period None dead 0.04 | kin 2.35 cyc 0.59 gscc 0.55 in 3/47 | 2.8s
tri0.7|49|2.0|0.3|kp1|53|0.0|1: c1 0.868 c10 0.852 static 0.897 fac1 -0.291 ac1_39 -0.272 sent static 0.921 level 0.378 lock 0.00 move 0.56 period None dead 0.04 | kin 2.35 cyc 0.59 gscc 0.55 in 3/47 | 6.8s
sign|49|2.0|0.3|kp1|50|0.0|1: c1 -0.002 c10 0.009 static 0.004 fac1 -0.008 ac1_39 -0.015 sent static 0.004 level 0.000 lock 0.00 move 1.42 period None dead 0.10 | kin 2.39 cyc 0.73 gscc 0.73 in 3/44 | 2.0s
sign|49|2.0|0.3|kp1|52|0.0|1: c1 0.000 c10 0.003 static 0.004 fac1 -0.001 ac1_39 -0.001 sent static 0.004 level 0.000 lock 0.00 move 1.41 period None dead 0.10 | kin 2.45 cyc 0.82 gscc 0.78 in 3/41 | 2.0s
sig4_0|49|2.0|0.3|kp1|50|0.0|1: c1 0.998 c10 0.999 static 0.999 fac1 -0.431 ac1_39 -0.419 sent static 0.999 level 0.605 lock 0.02 move 0.157 period 4 dead 0.08 | kin 2.39 cyc 0.73 gscc 0.73 in 3/44 | 5.8s
sign|49|2.0|0.3|kp1|53|0.0|1: c1 0.021 c10 0.008 static 0.098 fac1 -0.064 ac1_39 -0.091 sent static 0.064 level 0.000 lock 0.00 move 1.38 period None dead 0.04 | kin 2.35 cyc 0.59 gscc 0.55 in 3/47 | 2.0s
tri1.0|49|2.0|0.3|kp1|53|0.0|1: c1 0.826 c10 0.825 static 0.870 fac1 -0.273 ac1_39 -0.292 sent static 0.887 level 0.327 lock 0.00 move 0.638 period 4 dead 0.04 | kin 2.35 cyc 0.59 gscc 0.55 in 3/47 | 6.8s
sig8_0|49|2.0|0.3|kp1|50|0.0|1: c1 0.962 c10 0.976 static 0.970 fac1 -0.268 ac1_39 -0.303 sent static 0.968 level 0.554 lock 0.02 move 0.334 period None dead 0.08 | kin 2.39 cyc 0.73 gscc 0.73 in 3/44 | 5.8s
step0|49|2.0|0.3|kp1|50|0.0|1: c1 0.820 c10 0.824 static 0.826 fac1 -0.021 ac1_39 -0.033 sent static 0.806 level 0.498 lock 0.02 move 0.618 period None dead 0.08 | kin 2.39 cyc 0.73 gscc 0.73 in 3/44 | 5.1s
sign|49|2.0|0.3|kp1|51|0.0|1: c1 -0.003 c10 0.003 static 0.003 fac1 -0.007 ac1_39 -0.008 sent static 0.003 level 0.000 lock 0.00 move 1.42 period None dead 0.04 | kin 2.67 cyc 0.88 gscc 0.88 in 3/47 | 3.8s
wta|49|2.0|0.3|kp1|52|0.0|1: c1 0.083 c10 0.091 static 0.123 fac1 -0.025 ac1_39 -0.042 sent static 0.089 level 0.031 lock 0.02 move 1.27 period None dead 0.08 | kin 2.45 cyc 0.82 gscc 0.78 in 3/41 | 3.0s
wta|49|2.0|0.3|kp1|51|0.0|1: c1 0.047 c10 0.053 static 0.057 fac1 -0.008 ac1_39 -0.012 sent static 0.048 level 0.031 lock 0.00 move 1.36 period None dead 0.04 | kin 2.67 cyc 0.88 gscc 0.88 in 3/47 | 3.2s
sig8_0|49|2.0|0.3|kp1|53|0.0|1: c1 0.861 c10 0.856 static 0.883 fac1 -0.212 ac1_39 -0.235 sent static 0.905 level 0.549 lock 0.00 move 0.565 period None dead 0.04 | kin 2.35 cyc 0.59 gscc 0.55 in 3/47 | 5.9s
raw|49|2.0|0.3|mnist|50|0.0|1: c1 0.015 c10 -0.204 static 0.016 fac1 0.003 ac1_39 -0.020 sent static 0.016 level 0.000 lock 0.00 move 1.41 period None dead 0.10 | kin 2.39 cyc 0.73 gscc 0.73 in 7/44 | 1.8s
raw|49|2.0|0.3|mnist|52|0.0|1: c1 0.063 c10 0.679 static 0.310 fac1 -0.351 ac1_39 -0.346 sent static 0.310 level 0.003 lock 0.00 move 1.36 period None dead 0.08 | kin 2.45 cyc 0.82 gscc 0.78 in 1/42 | 1.8s
wta|49|2.0|0.3|kp1|53|0.0|1: c1 0.035 c10 0.046 static 0.106 fac1 -0.051 ac1_39 -0.093 sent static 0.072 level 0.031 lock 0.00 move 1.38 period None dead 0.04 | kin 2.35 cyc 0.59 gscc 0.55 in 3/47 | 3.0s
kwta4|49|2.0|0.3|kp1|50|0.0|1: c1 0.173 c10 0.165 static 0.181 fac1 -0.002 ac1_39 -0.003 sent static 0.189 level 0.113 lock 0.00 move 1.28 period None dead 0.10 | kin 2.39 cyc 0.73 gscc 0.73 in 3/44 | 3.4s
kwta4|49|2.0|0.3|kp1|51|0.0|1: c1 0.198 c10 0.193 static 0.194 fac1 -0.001 ac1_39 -0.001 sent static 0.203 level 0.113 lock 0.00 move 1.26 period None dead 0.04 | kin 2.67 cyc 0.88 gscc 0.88 in 3/47 | 3.7s
cstep|49|2.0|0.3|kp1|50|0.0|1: c1 0.778 c10 0.775 static 0.782 fac1 -0.012 ac1_39 -0.022 sent static 0.773 level 0.500 lock 0.00 move 0.704 period None dead 0.10 | kin 2.39 cyc 0.73 gscc 0.73 in 3/44 | 5.9s
kwta4|49|2.0|0.3|kp1|53|0.0|1: c1 0.175 c10 0.193 static 0.234 fac1 -0.062 ac1_39 -0.092 sent static 0.221 level 0.114 lock 0.00 move 1.29 period None dead 0.04 | kin 2.35 cyc 0.59 gscc 0.55 in 3/47 | 3.5s
raw|49|2.0|0.3|mnist|51|0.0|1: c1 0.152 c10 0.271 static 0.001 fac1 0.151 ac1_39 0.153 sent static 0.001 level 0.000 lock 0.00 move 1.3 period None dead 0.04 | kin 2.67 cyc 0.88 gscc 0.88 in 1/47 | 3.3s
raw|49|2.0|0.3|mnist|53|0.0|1: c1 0.453 c10 0.519 static 0.495 fac1 -0.091 ac1_39 -0.095 sent static 0.495 level 0.008 lock 0.00 move 1.03 period None dead 0.04 | kin 2.35 cyc 0.59 gscc 0.55 in 6/47 | 3.3s
cstep|49|2.0|0.3|kp1|52|0.0|1: c1 0.758 c10 0.760 static 0.764 fac1 -0.017 ac1_39 -0.046 sent static 0.775 level 0.492 lock 0.00 move 0.702 period None dead 0.10 | kin 2.45 cyc 0.82 gscc 0.78 in 3/41 | 5.9s
wta|49|2.0|0.3|kp1|50|0.0|1: c1 0.076 c10 0.072 static 0.086 fac1 0.000 ac1_39 -0.007 sent static 0.064 level 0.031 lock 0.02 move 1.3 period None dead 0.08 | kin 2.39 cyc 0.73 gscc 0.73 in 3/44 | 5.6s
cstep|49|2.0|0.3|kp1|51|0.0|1: c1 0.757 c10 0.762 static 0.757 fac1 -0.014 ac1_39 -0.013 sent static 0.778 level 0.497 lock 0.00 move 0.705 period None dead 0.04 | kin 2.67 cyc 0.88 gscc 0.88 in 3/47 | 6.4s
cstep|49|2.0|0.3|kp1|53|0.0|1: c1 0.730 c10 0.730 static 0.766 fac1 -0.069 ac1_39 -0.128 sent static 0.779 level 0.498 lock 0.00 move 0.743 period None dead 0.04 | kin 2.35 cyc 0.59 gscc 0.55 in 3/47 | 6.1s
relu|49|2.0|0.3|mnist|53|0.0|1: c1 0.809 c10 0.812 static 0.814 fac1 -0.027 ac1_39 -0.026 sent static 0.825 level 0.328 lock 0.00 move 0.658 period None dead 0.04 | kin 2.35 cyc 0.59 gscc 0.55 in 6/47 | 2.1s
relu|49|2.0|0.3|mnist|50|0.0|1: c1 0.737 c10 0.788 static 0.774 fac1 -0.091 ac1_39 -0.091 sent static 0.799 level 0.311 lock 0.00 move 0.748 period None dead 0.10 | kin 2.39 cyc 0.73 gscc 0.73 in 7/44 | 3.7s
relu|49|2.0|0.3|mnist|51|0.0|1: c1 0.948 c10 0.953 static 0.942 fac1 0.048 ac1_39 0.054 sent static 0.947 level 0.317 lock 0.00 move 0.334 period None dead 0.04 | kin 2.67 cyc 0.88 gscc 0.88 in 1/47 | 3.8s
relu|49|2.0|0.3|mnist|52|0.0|1: c1 0.917 c10 0.920 static 0.921 fac1 -0.063 ac1_39 -0.022 sent static 0.927 level 0.305 lock 0.00 move 0.487 period None dead 0.08 | kin 2.45 cyc 0.82 gscc 0.78 in 1/42 | 3.6s
tri0.3|49|2.0|0.3|mnist|50|0.0|1: c1 0.856 c10 0.860 static 0.873 fac1 -0.034 ac1_39 -0.035 sent static 0.882 level 0.464 lock 0.00 move 0.543 period None dead 0.10 | kin 2.39 cyc 0.73 gscc 0.73 in 7/44 | 3.6s
tri0.3|49|2.0|0.3|mnist|52|0.0|1: c1 0.896 c10 0.895 static 0.894 fac1 0.009 ac1_39 0.011 sent static 0.905 level 0.458 lock 0.00 move 0.464 period None dead 0.08 | kin 2.45 cyc 0.82 gscc 0.78 in 1/42 | 3.5s
tri0.3|49|2.0|0.3|mnist|53|0.0|1: c1 0.842 c10 0.842 static 0.844 fac1 -0.026 ac1_39 -0.026 sent static 0.865 level 0.460 lock 0.00 move 0.591 period None dead 0.04 | kin 2.35 cyc 0.59 gscc 0.55 in 6/47 | 3.6s
tri0.7|49|2.0|0.3|mnist|50|0.0|1: c1 0.853 c10 0.862 static 0.866 fac1 -0.042 ac1_39 -0.039 sent static 0.883 level 0.380 lock 0.00 move 0.546 period None dead 0.10 | kin 2.39 cyc 0.73 gscc 0.73 in 7/44 | 3.7s
tanh|49|2.0|0.3|mnist|53|0.0|1: c1 0.313 c10 0.355 static 0.345 fac1 -0.034 ac1_39 -0.039 sent static 0.329 level 0.004 lock 0.00 move 1.17 period None dead 0.04 | kin 2.35 cyc 0.59 gscc 0.55 in 6/47 | 2.1s
kwta4|49|2.0|0.3|kp1|52|0.0|1: c1 0.162 c10 0.167 static 0.180 fac1 -0.015 ac1_39 -0.016 sent static 0.199 level 0.113 lock 0.00 move 1.28 period None dead 0.10 | kin 2.45 cyc 0.82 gscc 0.78 in 3/41 | 6.7s
tri0.7|49|2.0|0.3|mnist|51|0.0|1: c1 0.957 c10 0.958 static 0.955 fac1 0.006 ac1_39 0.009 sent static 0.963 level 0.384 lock 0.00 move 0.318 period None dead 0.04 | kin 2.67 cyc 0.88 gscc 0.88 in 1/47 | 3.9s
tri0.7|49|2.0|0.3|mnist|52|0.0|1: c1 0.962 c10 0.962 static 0.963 fac1 0.012 ac1_39 0.011 sent static 0.964 level 0.381 lock 0.00 move 0.315 period None dead 0.08 | kin 2.45 cyc 0.82 gscc 0.78 in 1/42 | 3.6s
tri1.0|49|2.0|0.3|mnist|50|0.0|1: c1 0.747 c10 0.766 static 0.768 fac1 -0.046 ac1_39 -0.040 sent static 0.790 level 0.325 lock 0.00 move 0.721 period None dead 0.10 | kin 2.39 cyc 0.73 gscc 0.73 in 7/44 | 3.6s
tanh|49|2.0|0.3|mnist|52|0.0|1: c1 -0.007 c10 0.151 static 0.087 fac1 -0.101 ac1_39 -0.112 sent static 0.080 level 0.001 lock 0.00 move 1.42 period None dead 0.08 | kin 2.45 cyc 0.82 gscc 0.78 in 1/42 | 3.7s
tanh|49|2.0|0.3|mnist|50|0.0|1: c1 -0.027 c10 0.065 static 0.031 fac1 -0.072 ac1_39 -0.074 sent static 0.029 level 0.001 lock 0.00 move 1.43 period None dead 0.10 | kin 2.39 cyc 0.73 gscc 0.73 in 7/44 | 3.7s
tanh|49|2.0|0.3|mnist|51|0.0|1: c1 0.047 c10 0.115 static 0.003 fac1 0.045 ac1_39 0.038 sent static 0.003 level 0.000 lock 0.00 move 1.38 period None dead 0.04 | kin 2.67 cyc 0.88 gscc 0.88 in 1/47 | 3.9s
sig8_0|49|2.0|0.3|mnist|50|0.0|1: c1 0.939 c10 0.939 static 0.944 fac1 -0.025 ac1_39 -0.026 sent static 0.947 level 0.546 lock 0.02 move 0.405 period None dead 0.08 | kin 2.39 cyc 0.73 gscc 0.73 in 7/44 | 3.2s
sig4_0|49|2.0|0.3|mnist|53|0.0|1: c1 0.958 c10 0.958 static 0.960 fac1 -0.032 ac1_39 -0.036 sent static 0.974 level 0.613 lock 0.00 move 0.383 period None dead 0.04 | kin 2.35 cyc 0.59 gscc 0.55 in 6/47 | 3.2s
sig8_0|49|2.0|0.3|mnist|52|0.0|1: c1 0.967 c10 0.968 static 0.965 fac1 0.037 ac1_39 0.032 sent static 0.970 level 0.538 lock 0.02 move 0.303 period None dead 0.06 | kin 2.45 cyc 0.82 gscc 0.78 in 1/42 | 3.1s
sig8_0|49|2.0|0.3|mnist|51|0.0|1: c1 0.922 c10 0.936 static 0.930 fac1 -0.063 ac1_39 -0.126 sent static 0.933 level 0.529 lock 0.00 move 0.427 period None dead 0.04 | kin 2.67 cyc 0.88 gscc 0.88 in 1/47 | 3.4s
tri0.3|49|2.0|0.3|mnist|51|0.0|1: c1 0.892 c10 0.898 static 0.895 fac1 -0.031 ac1_39 -0.029 sent static 0.904 level 0.467 lock 0.00 move 0.476 period None dead 0.04 | kin 2.67 cyc 0.88 gscc 0.88 in 1/47 | 7.2s
sig8_0|49|2.0|0.3|mnist|53|0.0|1: c1 0.884 c10 0.884 static 0.885 fac1 -0.027 ac1_39 -0.030 sent static 0.905 level 0.550 lock 0.00 move 0.531 period None dead 0.04 | kin 2.35 cyc 0.59 gscc 0.55 in 6/47 | 3.3s
step0|49|2.0|0.3|mnist|52|0.0|1: c1 0.811 c10 0.802 static 0.802 fac1 -0.000 ac1_39 -0.003 sent static 0.795 level 0.474 lock 0.02 move 0.619 period None dead 0.06 | kin 2.45 cyc 0.82 gscc 0.78 in 1/42 | 2.7s
step0|49|2.0|0.3|mnist|51|0.0|1: c1 0.764 c10 0.762 static 0.760 fac1 0.013 ac1_39 0.010 sent static 0.760 level 0.475 lock 0.00 move 0.718 period None dead 0.04 | kin 2.67 cyc 0.88 gscc 0.88 in 1/47 | 2.9s
step0|49|2.0|0.3|mnist|53|0.0|1: c1 0.735 c10 0.739 static 0.735 fac1 -0.021 ac1_39 -0.021 sent static 0.764 level 0.504 lock 0.00 move 0.73 period None dead 0.04 | kin 2.35 cyc 0.59 gscc 0.55 in 6/47 | 2.8s
tri0.7|49|2.0|0.3|mnist|53|0.0|1: c1 0.876 c10 0.880 static 0.883 fac1 -0.035 ac1_39 -0.028 sent static 0.904 level 0.380 lock 0.00 move 0.547 period None dead 0.04 | kin 2.35 cyc 0.59 gscc 0.55 in 6/47 | 6.9s
tri1.0|49|2.0|0.3|mnist|52|0.0|1: c1 0.934 c10 0.936 static 0.939 fac1 -0.136 ac1_39 -0.116 sent static 0.939 level 0.329 lock 0.00 move 0.428 period None dead 0.08 | kin 2.45 cyc 0.82 gscc 0.78 in 1/42 | 6.7s
tri1.0|49|2.0|0.3|mnist|53|0.0|1: c1 0.825 c10 0.830 static 0.830 fac1 -0.027 ac1_39 -0.026 sent static 0.848 level 0.324 lock 0.00 move 0.63 period None dead 0.04 | kin 2.35 cyc 0.59 gscc 0.55 in 6/47 | 6.9s
sig4_0|49|2.0|0.3|mnist|50|0.0|1: c1 0.981 c10 0.982 static 0.986 fac1 -0.035 ac1_39 -0.027 sent static 0.991 level 0.601 lock 0.02 move 0.277 period None dead 0.08 | kin 2.39 cyc 0.73 gscc 0.73 in 7/44 | 5.9s
sign|49|2.0|0.3|mnist|50|0.0|1: c1 0.000 c10 0.017 static 0.010 fac1 -0.013 ac1_39 -0.012 sent static 0.006 level 0.000 lock 0.00 move 1.41 period None dead 0.10 | kin 2.39 cyc 0.73 gscc 0.73 in 7/44 | 2.0s
tri1.0|49|2.0|0.3|mnist|51|0.0|1: c1 0.971 c10 0.973 static 0.966 fac1 0.129 ac1_39 0.108 sent static 0.972 level 0.320 lock 0.00 move 0.249 period None dead 0.04 | kin 2.67 cyc 0.88 gscc 0.88 in 1/47 | 7.2s
sign|49|2.0|0.3|mnist|51|0.0|1: c1 -0.005 c10 0.002 static 0.002 fac1 -0.012 ac1_39 -0.009 sent static 0.002 level 0.000 lock 0.00 move 1.42 period None dead 0.04 | kin 2.67 cyc 0.88 gscc 0.88 in 1/47 | 2.1s
sign|49|2.0|0.3|mnist|52|0.0|1: c1 0.002 c10 0.014 static 0.007 fac1 -0.007 ac1_39 -0.006 sent static 0.007 level 0.000 lock 0.00 move 1.4 period None dead 0.08 | kin 2.45 cyc 0.82 gscc 0.78 in 1/42 | 2.0s
sig4_0|49|2.0|0.3|mnist|52|0.0|1: c1 1.000 c10 1.000 static 1.000 fac1 0.001 ac1_39 -0.009 sent static 1.000 level 0.599 lock 0.24 move 0.134 period None dead 0.06 | kin 2.45 cyc 0.82 gscc 0.78 in 1/42 | 5.8s
step0|49|2.0|0.3|mnist|50|0.0|1: c1 0.819 c10 0.820 static 0.830 fac1 -0.013 ac1_39 -0.013 sent static 0.809 level 0.500 lock 0.02 move 0.624 period None dead 0.08 | kin 2.39 cyc 0.73 gscc 0.73 in 7/44 | 5.2s
sig4_0|49|2.0|0.3|mnist|51|0.0|1: c1 1.000 c10 1.000 static 1.000 fac1 -0.043 ac1_39 -0.025 sent static 1.000 level 0.592 lock 0.00 move 0.131 period None dead 0.04 | kin 2.67 cyc 0.88 gscc 0.88 in 1/47 | 6.3s
cstep|49|2.0|0.3|mnist|53|0.0|1: c1 0.748 c10 0.745 static 0.747 fac1 -0.020 ac1_39 -0.017 sent static 0.765 level 0.497 lock 0.00 move 0.731 period None dead 0.04 | kin 2.35 cyc 0.59 gscc 0.55 in 6/47 | 3.3s
wta|49|2.0|0.3|mnist|50|0.0|1: c1 0.092 c10 0.093 static 0.094 fac1 -0.001 ac1_39 -0.004 sent static 0.070 level 0.031 lock 0.02 move 1.26 period None dead 0.08 | kin 2.39 cyc 0.73 gscc 0.73 in 7/44 | 3.0s
wta|49|2.0|0.3|mnist|52|0.0|1: c1 0.073 c10 0.068 static 0.094 fac1 -0.012 ac1_39 -0.026 sent static 0.061 level 0.031 lock 0.02 move 1.31 period None dead 0.06 | kin 2.45 cyc 0.82 gscc 0.78 in 1/42 | 3.0s
wta|49|2.0|0.3|mnist|51|0.0|1: c1 0.047 c10 0.047 static 0.055 fac1 -0.007 ac1_39 -0.008 sent static 0.048 level 0.031 lock 0.00 move 1.36 period None dead 0.04 | kin 2.67 cyc 0.88 gscc 0.88 in 1/47 | 3.2s
raw|49|2.0|0.6|none|50|0.0|1: c1 0.554 c10 0.024 static 0.001 fac1 0.558 ac1_39 0.573 sent static 0.001 level 0.000 lock 0.00 move 0.919 period None dead 0.00 | kin 4.88 cyc 1.00 gscc 1.00 in 0/0 | 2.0s
sign|49|2.0|0.3|mnist|53|0.0|1: c1 0.054 c10 0.053 static 0.054 fac1 -0.001 ac1_39 0.000 sent static 0.036 level 0.001 lock 0.00 move 1.35 period None dead 0.04 | kin 2.35 cyc 0.59 gscc 0.55 in 6/47 | 3.7s
wta|49|2.0|0.3|mnist|53|0.0|1: c1 0.079 c10 0.072 static 0.071 fac1 -0.004 ac1_39 -0.003 sent static 0.059 level 0.031 lock 0.00 move 1.31 period None dead 0.04 | kin 2.35 cyc 0.59 gscc 0.55 in 6/47 | 3.1s
raw|49|2.0|0.6|none|52|0.0|1: c1 -0.112 c10 0.884 static 0.276 fac1 -0.538 ac1_39 -0.534 sent static 0.276 level 0.004 lock 0.00 move 1.49 period None dead 0.00 | kin 4.78 cyc 1.00 gscc 1.00 in 0/0 | 2.0s
raw|49|2.0|0.6|none|53|0.0|1: c1 -0.185 c10 0.689 static 0.000 fac1 -0.186 ac1_39 -0.185 sent static 0.000 level 0.000 lock 0.00 move 1.54 period None dead 0.00 | kin 5.02 cyc 1.00 gscc 1.00 in 0/0 | 2.0s
cstep|49|2.0|0.3|mnist|50|0.0|1: c1 0.781 c10 0.780 static 0.784 fac1 -0.004 ac1_39 -0.006 sent static 0.779 level 0.499 lock 0.00 move 0.707 period None dead 0.10 | kin 2.39 cyc 0.73 gscc 0.73 in 7/44 | 6.0s
cstep|49|2.0|0.3|mnist|52|0.0|1: c1 0.777 c10 0.773 static 0.775 fac1 0.016 ac1_39 0.043 sent static 0.779 level 0.493 lock 0.00 move 0.669 period None dead 0.08 | kin 2.45 cyc 0.82 gscc 0.78 in 1/42 | 6.0s
cstep|49|2.0|0.3|mnist|51|0.0|1: c1 0.757 c10 0.755 static 0.758 fac1 -0.004 ac1_39 -0.004 sent static 0.773 level 0.498 lock 0.00 move 0.717 period None dead 0.04 | kin 2.67 cyc 0.88 gscc 0.88 in 1/47 | 6.4s
relu|49|2.0|0.6|none|53|0.0|1: c1 0.971 c10 0.974 static 0.968 fac1 0.036 ac1_39 0.032 sent static 0.970 level 0.327 lock 0.00 move 0.251 period None dead 0.00 | kin 5.02 cyc 1.00 gscc 1.00 in 0/0 | 2.3s
raw|49|2.0|0.6|none|51|0.0|1: c1 -0.229 c10 -0.306 static 0.001 fac1 -0.231 ac1_39 -0.221 sent static 0.001 level 0.000 lock 0.00 move 1.56 period None dead 0.00 | kin 5.20 cyc 1.00 gscc 1.00 in 0/0 | 3.8s
relu|49|2.0|0.6|none|50|0.0|1: c1 0.947 c10 0.948 static 0.948 fac1 -0.078 ac1_39 -0.080 sent static 0.948 level 0.320 lock 0.00 move 0.347 period None dead 0.00 | kin 4.88 cyc 1.00 gscc 1.00 in 0/0 | 4.1s
relu|49|2.0|0.6|none|52|0.0|1: c1 0.938 c10 0.945 static 0.942 fac1 -0.113 ac1_39 -0.114 sent static 0.942 level 0.324 lock 0.00 move 0.369 period None dead 0.00 | kin 4.78 cyc 1.00 gscc 1.00 in 0/0 | 4.1s
relu|49|2.0|0.6|none|51|0.0|1: c1 0.972 c10 0.956 static 0.965 fac1 0.171 ac1_39 0.174 sent static 0.963 level 0.325 lock 0.00 move 0.26 period None dead 0.00 | kin 5.20 cyc 1.00 gscc 1.00 in 0/0 | 4.3s
tri0.3|49|2.0|0.6|none|52|0.0|1: c1 0.906 c10 0.906 static 0.906 fac1 0.004 ac1_39 0.002 sent static 0.911 level 0.462 lock 0.00 move 0.433 period None dead 0.00 | kin 4.78 cyc 1.00 gscc 1.00 in 0/0 | 4.1s
kwta4|49|2.0|0.3|mnist|51|0.0|1: c1 0.202 c10 0.204 static 0.210 fac1 0.001 ac1_39 -0.001 sent static 0.205 level 0.113 lock 0.00 move 1.25 period None dead 0.04 | kin 2.67 cyc 0.88 gscc 0.88 in 1/47 | 6.4s
tri0.3|49|2.0|0.6|none|53|0.0|1: c1 0.922 c10 0.921 static 0.920 fac1 -0.001 ac1_39 -0.002 sent static 0.925 level 0.466 lock 0.00 move 0.398 period None dead 0.00 | kin 5.02 cyc 1.00 gscc 1.00 in 0/0 | 4.2s
tri0.3|49|2.0|0.6|none|51|0.0|1: c1 0.939 c10 0.939 static 0.938 fac1 -0.009 ac1_39 -0.008 sent static 0.943 level 0.461 lock 0.00 move 0.365 period None dead 0.00 | kin 5.20 cyc 1.00 gscc 1.00 in 0/0 | 4.4s
kwta4|49|2.0|0.3|mnist|50|0.0|1: c1 0.168 c10 0.192 static 0.187 fac1 -0.013 ac1_39 -0.014 sent static 0.203 level 0.113 lock 0.00 move 1.28 period None dead 0.10 | kin 2.39 cyc 0.73 gscc 0.73 in 7/44 | 6.8s
tri0.7|49|2.0|0.6|none|52|0.0|1: c1 0.968 c10 0.974 static 0.969 fac1 -0.063 ac1_39 -0.059 sent static 0.972 level 0.377 lock 0.00 move 0.267 period None dead 0.00 | kin 4.78 cyc 1.00 gscc 1.00 in 0/0 | 4.2s
kwta4|49|2.0|0.3|mnist|52|0.0|1: c1 0.162 c10 0.168 static 0.185 fac1 -0.015 ac1_39 -0.019 sent static 0.193 level 0.112 lock 0.00 move 1.29 period None dead 0.08 | kin 2.45 cyc 0.82 gscc 0.78 in 1/42 | 6.7s
tri0.7|49|2.0|0.6|none|53|0.0|1: c1 0.978 c10 0.977 static 0.977 fac1 -0.023 ac1_39 -0.015 sent static 0.979 level 0.376 lock 0.00 move 0.212 period None dead 0.00 | kin 5.02 cyc 1.00 gscc 1.00 in 0/0 | 4.3s
tri0.7|49|2.0|0.6|none|51|0.0|1: c1 0.987 c10 0.988 static 0.988 fac1 -0.188 ac1_39 -0.193 sent static 0.989 level 0.388 lock 0.00 move 0.167 period None dead 0.00 | kin 5.20 cyc 1.00 gscc 1.00 in 0/0 | 4.5s
kwta4|49|2.0|0.3|mnist|53|0.0|1: c1 0.238 c10 0.232 static 0.248 fac1 -0.006 ac1_39 -0.004 sent static 0.220 level 0.113 lock 0.00 move 1.23 period None dead 0.04 | kin 2.35 cyc 0.59 gscc 0.55 in 6/47 | 6.9s
tri1.0|49|2.0|0.6|none|53|0.0|1: c1 0.993 c10 0.998 static 0.991 fac1 0.185 ac1_39 0.185 sent static 0.992 level 0.316 lock 0.00 move 0.122 period None dead 0.00 | kin 5.02 cyc 1.00 gscc 1.00 in 0/0 | 4.3s
tanh|49|2.0|0.6|none|50|0.0|1: c1 0.020 c10 0.009 static 0.003 fac1 0.017 ac1_39 0.016 sent static 0.003 level 0.000 lock 0.00 move 1.4 period None dead 0.00 | kin 4.88 cyc 1.00 gscc 1.00 in 0/0 | 4.2s
tanh|49|2.0|0.6|none|52|0.0|1: c1 -0.060 c10 0.007 static 0.009 fac1 -0.070 ac1_39 -0.073 sent static 0.008 level 0.000 lock 0.00 move 1.45 period None dead 0.00 | kin 4.78 cyc 1.00 gscc 1.00 in 0/0 | 4.1s
tanh|49|2.0|0.6|none|51|0.0|1: c1 0.040 c10 -0.001 static 0.002 fac1 0.035 ac1_39 0.037 sent static 0.002 level 0.000 lock 0.00 move 1.38 period None dead 0.00 | kin 5.20 cyc 1.00 gscc 1.00 in 0/0 | 4.4s
tanh|49|2.0|0.6|none|53|0.0|1: c1 0.050 c10 0.083 static 0.002 fac1 0.051 ac1_39 0.049 sent static 0.002 level 0.000 lock 0.00 move 1.38 period None dead 0.00 | kin 5.02 cyc 1.00 gscc 1.00 in 0/0 | 4.2s
tri0.3|49|2.0|0.6|none|50|0.0|1: c1 0.925 c10 0.926 static 0.925 fac1 -0.023 ac1_39 -0.024 sent static 0.932 level 0.465 lock 0.00 move 0.394 period None dead 0.00 | kin 4.88 cyc 1.00 gscc 1.00 in 0/0 | 8.0s
sig4_0|49|2.0|0.6|none|50|0.0|1: c1 1.000 c10 1.000 static 1.000 fac1 0.567 ac1_39 0.572 sent static 1.000 level 0.594 lock 1.00 move 1.9e-07 period 1 dead 0.00 | kin 4.88 cyc 1.00 gscc 1.00 in 0/0 | 3.7s
sig4_0|49|2.0|0.6|none|52|0.0|1: c1 1.000 c10 1.000 static 1.000 fac1 0.508 ac1_39 0.526 sent static 1.000 level 0.614 lock 1.00 move 1.92e-07 period 1 dead 0.00 | kin 4.78 cyc 1.00 gscc 1.00 in 0/0 | 3.6s
step0|49|2.0|0.6|none|50|0.0|1: c1 0.779 c10 0.781 static 0.772 fac1 -0.006 ac1_39 -0.008 sent static 0.782 level 0.490 lock 0.00 move 0.665 period None dead 0.00 | kin 4.88 cyc 1.00 gscc 1.00 in 0/0 | 3.1s
sig4_0|49|2.0|0.6|none|53|0.0|1: c1 1.000 c10 1.000 static 1.000 fac1 0.519 ac1_39 0.522 sent static 1.000 level 0.602 lock 1.00 move 1.93e-07 period 1 dead 0.00 | kin 5.02 cyc 1.00 gscc 1.00 in 0/0 | 3.8s
sig4_0|49|2.0|0.6|none|51|0.0|1: c1 1.000 c10 1.000 static 1.000 fac1 0.527 ac1_39 0.525 sent static 1.000 level 0.603 lock 1.00 move 1.99e-07 period 1 dead 0.00 | kin 5.20 cyc 1.00 gscc 1.00 in 0/0 | 3.9s
tri0.7|49|2.0|0.6|none|50|0.0|1: c1 0.964 c10 0.980 static 0.972 fac1 -0.232 ac1_39 -0.244 sent static 0.973 level 0.391 lock 0.00 move 0.278 period None dead 0.00 | kin 4.88 cyc 1.00 gscc 1.00 in 0/0 | 8.0s
sig8_0|49|2.0|0.6|none|51|0.0|1: c1 0.971 c10 0.972 static 0.969 fac1 -0.009 ac1_39 -0.009 sent static 0.972 level 0.546 lock 0.00 move 0.252 period None dead 0.00 | kin 5.20 cyc 1.00 gscc 1.00 in 0/0 | 3.9s
sig8_0|49|2.0|0.6|none|53|0.0|1: c1 0.959 c10 0.959 static 0.956 fac1 0.010 ac1_39 0.018 sent static 0.959 level 0.535 lock 0.00 move 0.29 period None dead 0.00 | kin 5.02 cyc 1.00 gscc 1.00 in 0/0 | 3.8s
tri1.0|49|2.0|0.6|none|50|0.0|1: c1 0.975 c10 0.953 static 0.966 fac1 0.247 ac1_39 0.255 sent static 0.965 level 0.332 lock 0.00 move 0.234 period None dead 0.00 | kin 4.88 cyc 1.00 gscc 1.00 in 0/0 | 7.9s
step0|49|2.0|0.6|none|52|0.0|1: c1 0.784 c10 0.781 static 0.780 fac1 -0.010 ac1_39 -0.009 sent static 0.788 level 0.509 lock 0.00 move 0.662 period None dead 0.00 | kin 4.78 cyc 1.00 gscc 1.00 in 0/0 | 3.1s
tri1.0|49|2.0|0.6|none|52|0.0|1: c1 0.915 c10 0.915 static 0.922 fac1 -0.109 ac1_39 -0.110 sent static 0.926 level 0.324 lock 0.00 move 0.418 period None dead 0.00 | kin 4.78 cyc 1.00 gscc 1.00 in 0/0 | 7.9s
tri1.0|49|2.0|0.6|none|51|0.0|1: c1 0.967 c10 0.961 static 0.969 fac1 -0.178 ac1_39 -0.179 sent static 0.970 level 0.328 lock 0.00 move 0.271 period None dead 0.00 | kin 5.20 cyc 1.00 gscc 1.00 in 0/0 | 8.5s
sign|49|2.0|0.6|none|50|0.0|1: c1 0.003 c10 0.006 static 0.003 fac1 0.000 ac1_39 -0.001 sent static 0.003 level 0.000 lock 0.00 move 1.42 period None dead 0.00 | kin 4.88 cyc 1.00 gscc 1.00 in 0/0 | 2.2s
sign|49|2.0|0.6|none|52|0.0|1: c1 0.006 c10 0.018 static 0.003 fac1 0.002 ac1_39 0.002 sent static 0.003 level 0.000 lock 0.00 move 1.41 period None dead 0.00 | kin 4.78 cyc 1.00 gscc 1.00 in 0/0 | 2.2s
sign|49|2.0|0.6|none|51|0.0|1: c1 0.005 c10 -0.011 static 0.003 fac1 0.002 ac1_39 0.000 sent static 0.003 level 0.000 lock 0.00 move 1.41 period None dead 0.00 | kin 5.20 cyc 1.00 gscc 1.00 in 0/0 | 2.3s
sign|49|2.0|0.6|none|53|0.0|1: c1 0.003 c10 -0.003 static 0.003 fac1 0.000 ac1_39 -0.001 sent static 0.003 level 0.000 lock 0.00 move 1.41 period None dead 0.00 | kin 5.02 cyc 1.00 gscc 1.00 in 0/0 | 2.3s
sig8_0|49|2.0|0.6|none|50|0.0|1: c1 0.967 c10 0.966 static 0.965 fac1 0.026 ac1_39 0.024 sent static 0.964 level 0.540 lock 0.00 move 0.273 period None dead 0.00 | kin 4.88 cyc 1.00 gscc 1.00 in 0/0 | 6.8s
step0|49|2.0|0.6|none|51|0.0|1: c1 0.790 c10 0.792 static 0.789 fac1 -0.004 ac1_39 -0.003 sent static 0.791 level 0.486 lock 0.00 move 0.668 period None dead 0.00 | kin 5.20 cyc 1.00 gscc 1.00 in 0/0 | 6.3s
sig8_0|49|2.0|0.6|none|52|0.0|1: c1 0.953 c10 0.957 static 0.953 fac1 0.004 ac1_39 0.004 sent static 0.954 level 0.570 lock 0.00 move 0.307 period None dead 0.00 | kin 4.78 cyc 1.00 gscc 1.00 in 0/0 | 6.7s
wta|49|2.0|0.6|none|50|0.0|1: c1 0.034 c10 0.030 static 0.040 fac1 -0.002 ac1_39 -0.002 sent static 0.042 level 0.031 lock 0.00 move 1.39 period None dead 0.00 | kin 4.88 cyc 1.00 gscc 1.00 in 0/0 | 3.5s
wta|49|2.0|0.6|none|52|0.0|1: c1 0.038 c10 0.037 static 0.040 fac1 -0.004 ac1_39 -0.003 sent static 0.042 level 0.031 lock 0.00 move 1.39 period None dead 0.00 | kin 4.78 cyc 1.00 gscc 1.00 in 0/0 | 3.4s
raw|49|2.0|0.6|kp1|50|0.0|1: c1 0.559 c10 0.042 static 0.002 fac1 0.563 ac1_39 0.575 sent static 0.002 level 0.000 lock 0.00 move 0.92 period None dead 0.00 | kin 4.88 cyc 1.00 gscc 1.00 in 3/49 | 2.0s
wta|49|2.0|0.6|none|53|0.0|1: c1 0.039 c10 0.042 static 0.045 fac1 -0.006 ac1_39 -0.006 sent static 0.042 level 0.031 lock 0.00 move 1.39 period None dead 0.00 | kin 5.02 cyc 1.00 gscc 1.00 in 0/0 | 3.5s
raw|49|2.0|0.6|kp1|52|0.0|1: c1 -0.024 c10 0.869 static 0.322 fac1 -0.514 ac1_39 -0.512 sent static 0.322 level 0.005 lock 0.00 move 1.42 period None dead 0.00 | kin 4.78 cyc 1.00 gscc 1.00 in 3/49 | 2.0s
step0|49|2.0|0.6|none|53|0.0|1: c1 0.764 c10 0.768 static 0.764 fac1 -0.011 ac1_39 -0.010 sent static 0.777 level 0.492 lock 0.00 move 0.679 period None dead 0.00 | kin 5.02 cyc 1.00 gscc 1.00 in 0/0 | 6.1s
raw|49|2.0|0.6|kp1|51|0.0|1: c1 -0.225 c10 -0.291 static 0.011 fac1 -0.233 ac1_39 -0.224 sent static 0.011 level 0.000 lock 0.00 move 1.55 period None dead 0.00 | kin 5.20 cyc 1.00 gscc 1.00 in 3/49 | 2.1s
raw|49|2.0|0.6|kp1|53|0.0|1: c1 -0.183 c10 0.690 static 0.003 fac1 -0.189 ac1_39 -0.188 sent static 0.003 level 0.000 lock 0.00 move 1.54 period None dead 0.00 | kin 5.02 cyc 1.00 gscc 1.00 in 3/49 | 2.0s
kwta4|49|2.0|0.6|none|51|0.0|1: c1 0.199 c10 0.200 static 0.198 fac1 -0.003 ac1_39 -0.007 sent static 0.195 level 0.114 lock 0.00 move 1.27 period None dead 0.00 | kin 5.20 cyc 1.00 gscc 1.00 in 0/0 | 4.3s
relu|49|2.0|0.6|kp1|53|0.0|1: c1 0.933 c10 0.928 static 0.938 fac1 -0.088 ac1_39 -0.088 sent static 0.946 level 0.327 lock 0.00 move 0.368 period None dead 0.00 | kin 5.02 cyc 1.00 gscc 1.00 in 3/49 | 2.3s
cstep|49|2.0|0.6|none|50|0.0|1: c1 0.786 c10 0.790 static 0.781 fac1 -0.013 ac1_39 -0.012 sent static 0.790 level 0.500 lock 0.00 move 0.656 period None dead 0.00 | kin 4.88 cyc 1.00 gscc 1.00 in 0/0 | 6.9s
cstep|49|2.0|0.6|none|52|0.0|1: c1 0.778 c10 0.780 static 0.778 fac1 -0.012 ac1_39 -0.011 sent static 0.791 level 0.504 lock 0.00 move 0.664 period None dead 0.00 | kin 4.78 cyc 1.00 gscc 1.00 in 0/0 | 6.9s
cstep|49|2.0|0.6|none|51|0.0|1: c1 0.811 c10 0.809 static 0.810 fac1 -0.006 ac1_39 -0.004 sent static 0.806 level 0.496 lock 0.00 move 0.645 period None dead 0.00 | kin 5.20 cyc 1.00 gscc 1.00 in 0/0 | 7.5s
cstep|49|2.0|0.6|none|53|0.0|1: c1 0.778 c10 0.778 static 0.777 fac1 -0.003 ac1_39 -0.001 sent static 0.785 level 0.504 lock 0.00 move 0.667 period None dead 0.00 | kin 5.02 cyc 1.00 gscc 1.00 in 0/0 | 7.2s
wta|49|2.0|0.6|none|51|0.0|1: c1 0.044 c10 0.047 static 0.046 fac1 -0.001 ac1_39 -0.002 sent static 0.042 level 0.031 lock 0.00 move 1.39 period None dead 0.00 | kin 5.20 cyc 1.00 gscc 1.00 in 0/0 | 7.0s
relu|49|2.0|0.6|kp1|50|0.0|1: c1 0.906 c10 0.930 static 0.925 fac1 -0.278 ac1_39 -0.282 sent static 0.929 level 0.321 lock 0.00 move 0.438 period None dead 0.00 | kin 4.88 cyc 1.00 gscc 1.00 in 3/49 | 4.1s
relu|49|2.0|0.6|kp1|52|0.0|1: c1 0.920 c10 0.937 static 0.931 fac1 -0.211 ac1_39 -0.208 sent static 0.937 level 0.321 lock 0.00 move 0.415 period None dead 0.00 | kin 4.78 cyc 1.00 gscc 1.00 in 3/49 | 4.1s
relu|49|2.0|0.6|kp1|51|0.0|1: c1 0.951 c10 0.957 static 0.958 fac1 -0.193 ac1_39 -0.194 sent static 0.960 level 0.322 lock 0.00 move 0.327 period None dead 0.00 | kin 5.20 cyc 1.00 gscc 1.00 in 3/49 | 4.3s
tri0.3|49|2.0|0.6|kp1|50|0.0|1: c1 0.919 c10 0.922 static 0.925 fac1 -0.034 ac1_39 -0.041 sent static 0.930 level 0.470 lock 0.00 move 0.401 period None dead 0.00 | kin 4.88 cyc 1.00 gscc 1.00 in 3/49 | 4.1s
tri0.3|49|2.0|0.6|kp1|52|0.0|1: c1 0.904 c10 0.901 static 0.903 fac1 -0.010 ac1_39 -0.014 sent static 0.912 level 0.462 lock 0.00 move 0.44 period None dead 0.00 | kin 4.78 cyc 1.00 gscc 1.00 in 3/49 | 4.1s
tri0.3|49|2.0|0.6|kp1|51|0.0|1: c1 0.936 c10 0.937 static 0.936 fac1 -0.036 ac1_39 -0.034 sent static 0.938 level 0.461 lock 0.00 move 0.373 period None dead 0.00 | kin 5.20 cyc 1.00 gscc 1.00 in 3/49 | 4.4s
tri0.3|49|2.0|0.6|kp1|53|0.0|1: c1 0.916 c10 0.918 static 0.915 fac1 -0.007 ac1_39 -0.006 sent static 0.920 level 0.466 lock 0.00 move 0.416 period None dead 0.00 | kin 5.02 cyc 1.00 gscc 1.00 in 3/49 | 4.2s
tri0.7|49|2.0|0.6|kp1|52|0.0|1: c1 0.953 c10 0.950 static 0.957 fac1 -0.090 ac1_39 -0.095 sent static 0.962 level 0.382 lock 0.00 move 0.308 period None dead 0.00 | kin 4.78 cyc 1.00 gscc 1.00 in 3/49 | 4.2s
kwta4|49|2.0|0.6|none|50|0.0|1: c1 0.184 c10 0.197 static 0.198 fac1 -0.017 ac1_39 -0.017 sent static 0.197 level 0.114 lock 0.00 move 1.28 period None dead 0.00 | kin 4.88 cyc 1.00 gscc 1.00 in 0/0 | 7.9s
tri0.7|49|2.0|0.6|kp1|51|0.0|1: c1 0.975 c10 0.980 static 0.981 fac1 -0.336 ac1_39 -0.336 sent static 0.983 level 0.382 lock 0.00 move 0.233 period None dead 0.00 | kin 5.20 cyc 1.00 gscc 1.00 in 3/49 | 4.5s
kwta4|49|2.0|0.6|none|52|0.0|1: c1 0.182 c10 0.172 static 0.188 fac1 -0.008 ac1_39 -0.009 sent static 0.183 level 0.114 lock 0.00 move 1.28 period None dead 0.00 | kin 4.78 cyc 1.00 gscc 1.00 in 0/0 | 7.8s
kwta4|49|2.0|0.6|none|53|0.0|1: c1 0.209 c10 0.204 static 0.204 fac1 0.001 ac1_39 -0.002 sent static 0.200 level 0.114 lock 0.00 move 1.26 period None dead 0.00 | kin 5.02 cyc 1.00 gscc 1.00 in 0/0 | 8.0s
tri0.7|49|2.0|0.6|kp1|53|0.0|1: c1 0.970 c10 0.971 static 0.972 fac1 -0.109 ac1_39 -0.127 sent static 0.974 level 0.379 lock 0.00 move 0.256 period None dead 0.00 | kin 5.02 cyc 1.00 gscc 1.00 in 3/49 | 4.4s
tri1.0|49|2.0|0.6|kp1|50|0.0|1: c1 0.951 c10 0.931 static 0.944 fac1 0.082 ac1_39 0.080 sent static 0.942 level 0.334 lock 0.00 move 0.334 period None dead 0.00 | kin 4.88 cyc 1.00 gscc 1.00 in 3/49 | 4.2s
tanh|49|2.0|0.6|kp1|50|0.0|1: c1 0.044 c10 0.032 static 0.016 fac1 0.028 ac1_39 0.025 sent static 0.016 level 0.000 lock 0.00 move 1.39 period None dead 0.00 | kin 4.88 cyc 1.00 gscc 1.00 in 3/49 | 4.2s
tanh|49|2.0|0.6|kp1|52|0.0|1: c1 -0.001 c10 0.077 static 0.040 fac1 -0.043 ac1_39 -0.043 sent static 0.039 level 0.001 lock 0.00 move 1.41 period None dead 0.00 | kin 4.78 cyc 1.00 gscc 1.00 in 3/49 | 4.2s
tanh|49|2.0|0.6|kp1|51|0.0|1: c1 0.035 c10 0.020 static 0.005 fac1 0.029 ac1_39 0.032 sent static 0.005 level 0.000 lock 0.00 move 1.38 period None dead 0.00 | kin 5.20 cyc 1.00 gscc 1.00 in 3/49 | 4.5s
tanh|49|2.0|0.6|kp1|53|0.0|1: c1 0.056 c10 0.094 static 0.014 fac1 0.041 ac1_39 0.041 sent static 0.013 level 0.000 lock 0.00 move 1.38 period None dead 0.00 | kin 5.02 cyc 1.00 gscc 1.00 in 3/49 | 4.3s
sig4_0|49|2.0|0.6|kp1|52|0.0|1: c1 0.999 c10 0.999 static 0.999 fac1 -0.183 ac1_39 -0.279 sent static 1.000 level 0.614 lock 0.00 move 0.064 period 4 dead 0.00 | kin 4.78 cyc 1.00 gscc 1.00 in 3/49 | 3.7s
sig4_0|49|2.0|0.6|kp1|51|0.0|1: c1 0.999 c10 0.999 static 0.999 fac1 -0.304 ac1_39 -0.334 sent static 0.999 level 0.604 lock 0.00 move 0.0659 period 4 dead 0.00 | kin 5.20 cyc 1.00 gscc 1.00 in 3/49 | 3.9s
sig8_0|49|2.0|0.6|kp1|50|0.0|1: c1 0.962 c10 0.959 static 0.960 fac1 0.014 ac1_39 0.005 sent static 0.960 level 0.543 lock 0.00 move 0.29 period None dead 0.00 | kin 4.88 cyc 1.00 gscc 1.00 in 3/49 | 3.7s
sig4_0|49|2.0|0.6|kp1|53|0.0|1: c1 0.998 c10 0.999 static 0.999 fac1 -0.419 ac1_39 -0.407 sent static 0.999 level 0.606 lock 0.00 move 0.0861 period 4 dead 0.00 | kin 5.02 cyc 1.00 gscc 1.00 in 3/49 | 3.8s
tri0.7|49|2.0|0.6|kp1|50|0.0|1: c1 0.949 c10 0.973 static 0.962 fac1 -0.345 ac1_39 -0.363 sent static 0.963 level 0.387 lock 0.00 move 0.337 period None dead 0.00 | kin 4.88 cyc 1.00 gscc 1.00 in 3/49 | 8.0s
sig8_0|49|2.0|0.6|kp1|51|0.0|1: c1 0.975 c10 0.975 static 0.974 fac1 -0.005 ac1_39 -0.008 sent static 0.974 level 0.549 lock 0.00 move 0.237 period None dead 0.00 | kin 5.20 cyc 1.00 gscc 1.00 in 3/49 | 4.0s
sig8_0|49|2.0|0.6|kp1|53|0.0|1: c1 0.958 c10 0.958 static 0.957 fac1 -0.064 ac1_39 -0.066 sent static 0.961 level 0.539 lock 0.00 move 0.302 period None dead 0.00 | kin 5.02 cyc 1.00 gscc 1.00 in 3/49 | 3.8s
step0|49|2.0|0.6|kp1|52|0.0|1: c1 0.782 c10 0.785 static 0.780 fac1 -0.008 ac1_39 -0.008 sent static 0.784 level 0.515 lock 0.00 move 0.659 period None dead 0.00 | kin 4.78 cyc 1.00 gscc 1.00 in 3/49 | 3.1s
step0|49|2.0|0.6|kp1|53|0.0|1: c1 0.763 c10 0.765 static 0.761 fac1 -0.010 ac1_39 -0.008 sent static 0.776 level 0.494 lock 0.00 move 0.683 period None dead 0.00 | kin 5.02 cyc 1.00 gscc 1.00 in 3/49 | 3.2s
sign|49|2.0|0.6|kp1|50|0.0|1: c1 0.002 c10 -0.010 static 0.003 fac1 -0.001 ac1_39 -0.001 sent static 0.003 level 0.000 lock 0.00 move 1.41 period None dead 0.00 | kin 4.88 cyc 1.00 gscc 1.00 in 3/49 | 2.3s
tri1.0|49|2.0|0.6|kp1|52|0.0|1: c1 0.918 c10 0.915 static 0.919 fac1 -0.075 ac1_39 -0.070 sent static 0.926 level 0.326 lock 0.00 move 0.413 period None dead 0.00 | kin 4.78 cyc 1.00 gscc 1.00 in 3/49 | 7.9s
sign|49|2.0|0.6|kp1|52|0.0|1: c1 -0.010 c10 0.001 static 0.003 fac1 -0.013 ac1_39 -0.011 sent static 0.003 level 0.000 lock 0.00 move 1.42 period None dead 0.00 | kin 4.78 cyc 1.00 gscc 1.00 in 3/49 | 2.2s
sign|49|2.0|0.6|kp1|51|0.0|1: c1 0.001 c10 -0.007 static 0.004 fac1 -0.003 ac1_39 -0.003 sent static 0.004 level 0.000 lock 0.00 move 1.41 period None dead 0.00 | kin 5.20 cyc 1.00 gscc 1.00 in 3/49 | 2.4s
sig4_0|49|2.0|0.6|kp1|50|0.0|1: c1 0.999 c10 0.999 static 0.999 fac1 -0.270 ac1_39 -0.343 sent static 0.999 level 0.593 lock 0.00 move 0.0871 period 4 dead 0.00 | kin 4.88 cyc 1.00 gscc 1.00 in 3/49 | 6.8s
tri1.0|49|2.0|0.6|kp1|51|0.0|1: c1 0.939 c10 0.949 static 0.953 fac1 -0.353 ac1_39 -0.361 sent static 0.956 level 0.325 lock 0.00 move 0.364 period None dead 0.00 | kin 5.20 cyc 1.00 gscc 1.00 in 3/49 | 8.5s
sign|49|2.0|0.6|kp1|53|0.0|1: c1 0.013 c10 0.009 static 0.005 fac1 0.009 ac1_39 0.006 sent static 0.004 level 0.000 lock 0.00 move 1.41 period None dead 0.00 | kin 5.02 cyc 1.00 gscc 1.00 in 3/49 | 2.3s
tri1.0|49|2.0|0.6|kp1|53|0.0|1: c1 0.951 c10 0.963 static 0.965 fac1 -0.446 ac1_39 -0.454 sent static 0.969 level 0.315 lock 0.00 move 0.319 period None dead 0.00 | kin 5.02 cyc 1.00 gscc 1.00 in 3/49 | 8.1s
step0|49|2.0|0.6|kp1|50|0.0|1: c1 0.774 c10 0.777 static 0.774 fac1 -0.005 ac1_39 -0.005 sent static 0.780 level 0.489 lock 0.00 move 0.671 period None dead 0.00 | kin 4.88 cyc 1.00 gscc 1.00 in 3/49 | 6.1s
sig8_0|49|2.0|0.6|kp1|52|0.0|1: c1 0.952 c10 0.954 static 0.950 fac1 -0.007 ac1_39 -0.006 sent static 0.955 level 0.572 lock 0.00 move 0.311 period None dead 0.00 | kin 4.78 cyc 1.00 gscc 1.00 in 3/49 | 6.8s
step0|49|2.0|0.6|kp1|51|0.0|1: c1 0.788 c10 0.786 static 0.787 fac1 -0.003 ac1_39 -0.002 sent static 0.791 level 0.484 lock 0.00 move 0.672 period None dead 0.00 | kin 5.20 cyc 1.00 gscc 1.00 in 3/49 | 6.4s
wta|49|2.0|0.6|kp1|52|0.0|1: c1 0.038 c10 0.037 static 0.037 fac1 -0.005 ac1_39 -0.004 sent static 0.041 level 0.031 lock 0.00 move 1.39 period None dead 0.00 | kin 4.78 cyc 1.00 gscc 1.00 in 3/49 | 3.5s
wta|49|2.0|0.6|kp1|53|0.0|1: c1 0.038 c10 0.037 static 0.041 fac1 -0.002 ac1_39 -0.007 sent static 0.042 level 0.031 lock 0.00 move 1.39 period None dead 0.00 | kin 5.02 cyc 1.00 gscc 1.00 in 3/49 | 3.5s
wta|49|2.0|0.6|kp1|51|0.0|1: c1 0.039 c10 0.037 static 0.044 fac1 -0.007 ac1_39 -0.008 sent static 0.042 level 0.031 lock 0.00 move 1.39 period None dead 0.00 | kin 5.20 cyc 1.00 gscc 1.00 in 3/49 | 3.7s
raw|49|2.0|0.6|mnist|50|0.0|1: c1 0.511 c10 0.012 static 0.010 fac1 0.511 ac1_39 0.524 sent static 0.010 level 0.000 lock 0.00 move 0.964 period None dead 0.00 | kin 4.88 cyc 1.00 gscc 1.00 in 7/49 | 2.0s
raw|49|2.0|0.6|mnist|53|0.0|1: c1 -0.125 c10 0.676 static 0.039 fac1 -0.175 ac1_39 -0.172 sent static 0.039 level 0.001 lock 0.00 move 1.5 period None dead 0.00 | kin 5.02 cyc 1.00 gscc 1.00 in 6/49 | 2.1s
kwta4|49|2.0|0.6|kp1|50|0.0|1: c1 0.202 c10 0.198 static 0.204 fac1 0.001 ac1_39 -0.000 sent static 0.199 level 0.114 lock 0.00 move 1.26 period None dead 0.00 | kin 4.88 cyc 1.00 gscc 1.00 in 3/49 | 4.1s
raw|49|2.0|0.6|mnist|52|0.0|1: c1 0.003 c10 0.833 static 0.339 fac1 -0.534 ac1_39 -0.532 sent static 0.339 level 0.005 lock 0.00 move 1.42 period None dead 0.00 | kin 4.78 cyc 1.00 gscc 1.00 in 1/49 | 3.5s
raw|49|2.0|0.6|mnist|51|0.0|1: c1 -0.234 c10 -0.310 static 0.003 fac1 -0.245 ac1_39 -0.230 sent static 0.003 level 0.000 lock 0.00 move 1.56 period None dead 0.00 | kin 5.20 cyc 1.00 gscc 1.00 in 1/49 | 3.8s
cstep|49|2.0|0.6|kp1|50|0.0|1: c1 0.781 c10 0.781 static 0.779 fac1 -0.016 ac1_39 -0.016 sent static 0.790 level 0.498 lock 0.00 move 0.662 period None dead 0.00 | kin 4.88 cyc 1.00 gscc 1.00 in 3/49 | 7.2s
kwta4|49|2.0|0.6|kp1|51|0.0|1: c1 0.199 c10 0.202 static 0.201 fac1 -0.005 ac1_39 -0.005 sent static 0.200 level 0.114 lock 0.00 move 1.26 period None dead 0.00 | kin 5.20 cyc 1.00 gscc 1.00 in 3/49 | 4.4s
kwta4|49|2.0|0.6|kp1|53|0.0|1: c1 0.199 c10 0.200 static 0.204 fac1 -0.003 ac1_39 -0.002 sent static 0.203 level 0.114 lock 0.00 move 1.26 period None dead 0.00 | kin 5.02 cyc 1.00 gscc 1.00 in 3/49 | 4.2s
cstep|49|2.0|0.6|kp1|52|0.0|1: c1 0.787 c10 0.785 static 0.784 fac1 -0.013 ac1_39 -0.013 sent static 0.793 level 0.509 lock 0.00 move 0.664 period None dead 0.00 | kin 4.78 cyc 1.00 gscc 1.00 in 3/49 | 7.1s
wta|49|2.0|0.6|kp1|50|0.0|1: c1 0.040 c10 0.039 static 0.044 fac1 -0.007 ac1_39 -0.008 sent static 0.043 level 0.031 lock 0.00 move 1.39 period None dead 0.00 | kin 4.88 cyc 1.00 gscc 1.00 in 3/49 | 6.6s
cstep|49|2.0|0.6|kp1|53|0.0|1: c1 0.778 c10 0.776 static 0.779 fac1 -0.006 ac1_39 -0.009 sent static 0.790 level 0.505 lock 0.00 move 0.668 period None dead 0.00 | kin 5.02 cyc 1.00 gscc 1.00 in 3/49 | 7.2s
relu|49|2.0|0.6|mnist|50|0.0|1: c1 0.913 c10 0.913 static 0.916 fac1 -0.042 ac1_39 -0.045 sent static 0.915 level 0.323 lock 0.00 move 0.429 period None dead 0.00 | kin 4.88 cyc 1.00 gscc 1.00 in 7/49 | 4.2s
cstep|49|2.0|0.6|kp1|51|0.0|1: c1 0.800 c10 0.805 static 0.802 fac1 -0.010 ac1_39 -0.009 sent static 0.799 level 0.500 lock 0.00 move 0.654 period None dead 0.00 | kin 5.20 cyc 1.00 gscc 1.00 in 3/49 | 7.6s
relu|49|2.0|0.6|mnist|51|0.0|1: c1 0.982 c10 0.968 static 0.972 fac1 0.302 ac1_39 0.289 sent static 0.973 level 0.322 lock 0.00 move 0.207 period None dead 0.00 | kin 5.20 cyc 1.00 gscc 1.00 in 1/49 | 4.4s
relu|49|2.0|0.6|mnist|52|0.0|1: c1 0.921 c10 0.930 static 0.924 fac1 -0.072 ac1_39 -0.074 sent static 0.927 level 0.322 lock 0.00 move 0.413 period None dead 0.00 | kin 4.78 cyc 1.00 gscc 1.00 in 1/49 | 4.1s
relu|49|2.0|0.6|mnist|53|0.0|1: c1 0.915 c10 0.911 static 0.912 fac1 -0.022 ac1_39 -0.021 sent static 0.921 level 0.317 lock 0.00 move 0.434 period None dead 0.00 | kin 5.02 cyc 1.00 gscc 1.00 in 6/49 | 4.2s
tri0.3|49|2.0|0.6|mnist|50|0.0|1: c1 0.910 c10 0.914 static 0.911 fac1 -0.014 ac1_39 -0.015 sent static 0.912 level 0.466 lock 0.00 move 0.432 period None dead 0.00 | kin 4.88 cyc 1.00 gscc 1.00 in 7/49 | 4.2s
tri0.3|49|2.0|0.6|mnist|52|0.0|1: c1 0.906 c10 0.903 static 0.904 fac1 0.009 ac1_39 0.011 sent static 0.910 level 0.462 lock 0.00 move 0.434 period None dead 0.00 | kin 4.78 cyc 1.00 gscc 1.00 in 1/49 | 4.1s
tri0.3|49|2.0|0.6|mnist|53|0.0|1: c1 0.891 c10 0.890 static 0.889 fac1 -0.003 ac1_39 -0.004 sent static 0.898 level 0.466 lock 0.00 move 0.472 period None dead 0.00 | kin 5.02 cyc 1.00 gscc 1.00 in 6/49 | 4.3s
tri0.3|49|2.0|0.6|mnist|51|0.0|1: c1 0.938 c10 0.940 static 0.937 fac1 -0.010 ac1_39 -0.008 sent static 0.939 level 0.461 lock 0.00 move 0.367 period None dead 0.00 | kin 5.20 cyc 1.00 gscc 1.00 in 1/49 | 4.5s
tri0.7|49|2.0|0.6|mnist|50|0.0|1: c1 0.937 c10 0.940 static 0.939 fac1 -0.048 ac1_39 -0.047 sent static 0.945 level 0.386 lock 0.00 move 0.365 period None dead 0.00 | kin 4.88 cyc 1.00 gscc 1.00 in 7/49 | 4.3s
tri0.7|49|2.0|0.6|mnist|51|0.0|1: c1 0.985 c10 0.986 static 0.985 fac1 -0.058 ac1_39 -0.063 sent static 0.987 level 0.386 lock 0.00 move 0.183 period None dead 0.00 | kin 5.20 cyc 1.00 gscc 1.00 in 1/49 | 4.6s
kwta4|49|2.0|0.6|kp1|52|0.0|1: c1 0.171 c10 0.169 static 0.176 fac1 0.001 ac1_39 -0.001 sent static 0.181 level 0.114 lock 0.00 move 1.28 period None dead 0.00 | kin 4.78 cyc 1.00 gscc 1.00 in 3/49 | 7.9s
tri1.0|49|2.0|0.6|mnist|52|0.0|1: c1 0.926 c10 0.925 static 0.931 fac1 -0.086 ac1_39 -0.093 sent static 0.937 level 0.327 lock 0.00 move 0.387 period None dead 0.00 | kin 4.78 cyc 1.00 gscc 1.00 in 1/49 | 4.1s
tri1.0|49|2.0|0.6|mnist|51|0.0|1: c1 0.964 c10 0.964 static 0.968 fac1 -0.198 ac1_39 -0.198 sent static 0.970 level 0.329 lock 0.00 move 0.285 period None dead 0.00 | kin 5.20 cyc 1.00 gscc 1.00 in 1/49 | 4.5s
tanh|49|2.0|0.6|mnist|52|0.0|1: c1 0.016 c10 0.097 static 0.036 fac1 -0.023 ac1_39 -0.025 sent static 0.033 level 0.000 lock 0.00 move 1.4 period None dead 0.00 | kin 4.78 cyc 1.00 gscc 1.00 in 1/49 | 4.2s
tanh|49|2.0|0.6|mnist|50|0.0|1: c1 0.071 c10 0.030 static 0.035 fac1 0.039 ac1_39 0.036 sent static 0.032 level 0.000 lock 0.00 move 1.36 period None dead 0.00 | kin 4.88 cyc 1.00 gscc 1.00 in 7/49 | 4.3s
tanh|49|2.0|0.6|mnist|53|0.0|1: c1 0.121 c10 0.107 static 0.071 fac1 0.048 ac1_39 0.051 sent static 0.067 level 0.001 lock 0.00 move 1.32 period None dead 0.00 | kin 5.02 cyc 1.00 gscc 1.00 in 6/49 | 4.4s
tanh|49|2.0|0.6|mnist|51|0.0|1: c1 0.075 c10 0.046 static 0.007 fac1 0.069 ac1_39 0.069 sent static 0.006 level 0.000 lock 0.00 move 1.36 period None dead 0.00 | kin 5.20 cyc 1.00 gscc 1.00 in 1/49 | 4.5s
sig4_0|49|2.0|0.6|mnist|53|0.0|1: c1 0.990 c10 0.991 static 0.990 fac1 -0.022 ac1_39 -0.024 sent static 0.994 level 0.598 lock 0.00 move 0.181 period None dead 0.00 | kin 5.02 cyc 1.00 gscc 1.00 in 6/49 | 3.8s
sig8_0|49|2.0|0.6|mnist|50|0.0|1: c1 0.941 c10 0.941 static 0.940 fac1 -0.006 ac1_39 -0.009 sent static 0.946 level 0.536 lock 0.00 move 0.347 period None dead 0.00 | kin 4.88 cyc 1.00 gscc 1.00 in 7/49 | 3.7s
sig8_0|49|2.0|0.6|mnist|52|0.0|1: c1 0.951 c10 0.951 static 0.949 fac1 0.010 ac1_39 0.011 sent static 0.951 level 0.574 lock 0.00 move 0.313 period None dead 0.00 | kin 4.78 cyc 1.00 gscc 1.00 in 1/49 | 3.7s
sig8_0|49|2.0|0.6|mnist|51|0.0|1: c1 0.971 c10 0.971 static 0.969 fac1 0.025 ac1_39 0.028 sent static 0.970 level 0.545 lock 0.00 move 0.259 period None dead 0.00 | kin 5.20 cyc 1.00 gscc 1.00 in 1/49 | 3.9s
sig8_0|49|2.0|0.6|mnist|53|0.0|1: c1 0.933 c10 0.933 static 0.933 fac1 0.002 ac1_39 0.006 sent static 0.936 level 0.539 lock 0.00 move 0.382 period None dead 0.00 | kin 5.02 cyc 1.00 gscc 1.00 in 6/49 | 3.8s
step0|49|2.0|0.6|mnist|50|0.0|1: c1 0.780 c10 0.780 static 0.778 fac1 -0.005 ac1_39 -0.005 sent static 0.773 level 0.492 lock 0.00 move 0.667 period None dead 0.00 | kin 4.88 cyc 1.00 gscc 1.00 in 7/49 | 3.2s
step0|49|2.0|0.6|mnist|52|0.0|1: c1 0.784 c10 0.782 static 0.781 fac1 -0.012 ac1_39 -0.013 sent static 0.782 level 0.499 lock 0.00 move 0.664 period None dead 0.00 | kin 4.78 cyc 1.00 gscc 1.00 in 1/49 | 3.1s
tri0.7|49|2.0|0.6|mnist|52|0.0|1: c1 0.965 c10 0.968 static 0.967 fac1 -0.064 ac1_39 -0.060 sent static 0.970 level 0.380 lock 0.00 move 0.283 period None dead 0.00 | kin 4.78 cyc 1.00 gscc 1.00 in 1/49 | 7.9s
tri0.7|49|2.0|0.6|mnist|53|0.0|1: c1 0.935 c10 0.932 static 0.931 fac1 0.011 ac1_39 0.009 sent static 0.939 level 0.375 lock 0.00 move 0.387 period None dead 0.00 | kin 5.02 cyc 1.00 gscc 1.00 in 6/49 | 8.2s
step0|49|2.0|0.6|mnist|53|0.0|1: c1 0.765 c10 0.763 static 0.758 fac1 -0.000 ac1_39 0.002 sent static 0.774 level 0.494 lock 0.00 move 0.684 period None dead 0.00 | kin 5.02 cyc 1.00 gscc 1.00 in 6/49 | 3.3s
tri1.0|49|2.0|0.6|mnist|50|0.0|1: c1 0.924 c10 0.922 static 0.924 fac1 -0.049 ac1_39 -0.055 sent static 0.931 level 0.335 lock 0.00 move 0.406 period None dead 0.00 | kin 4.88 cyc 1.00 gscc 1.00 in 7/49 | 8.1s
sign|49|2.0|0.6|mnist|50|0.0|1: c1 0.001 c10 0.006 static 0.006 fac1 -0.009 ac1_39 -0.009 sent static 0.005 level 0.000 lock 0.00 move 1.41 period None dead 0.00 | kin 4.88 cyc 1.00 gscc 1.00 in 7/49 | 2.3s
sign|49|2.0|0.6|mnist|51|0.0|1: c1 0.011 c10 0.001 static 0.004 fac1 0.009 ac1_39 0.008 sent static 0.004 level 0.000 lock 0.00 move 1.41 period None dead 0.00 | kin 5.20 cyc 1.00 gscc 1.00 in 1/49 | 2.4s
sig4_0|49|2.0|0.6|mnist|50|0.0|1: c1 0.991 c10 0.991 static 0.991 fac1 -0.033 ac1_39 -0.025 sent static 0.993 level 0.596 lock 0.00 move 0.171 period None dead 0.00 | kin 4.88 cyc 1.00 gscc 1.00 in 7/49 | 7.0s
sign|49|2.0|0.6|mnist|52|0.0|1: c1 -0.004 c10 0.010 static 0.004 fac1 -0.006 ac1_39 -0.007 sent static 0.004 level 0.000 lock 0.00 move 1.41 period None dead 0.00 | kin 4.78 cyc 1.00 gscc 1.00 in 1/49 | 2.2s
tri1.0|49|2.0|0.6|mnist|53|0.0|1: c1 0.922 c10 0.917 static 0.919 fac1 0.026 ac1_39 0.027 sent static 0.925 level 0.322 lock 0.00 move 0.406 period None dead 0.00 | kin 5.02 cyc 1.00 gscc 1.00 in 6/49 | 8.2s
sig4_0|49|2.0|0.6|mnist|52|0.0|1: c1 1.000 c10 1.000 static 1.000 fac1 0.028 ac1_39 0.002 sent static 1.000 level 0.614 lock 0.12 move 0.0564 period None dead 0.00 | kin 4.78 cyc 1.00 gscc 1.00 in 1/49 | 6.7s
sig4_0|49|2.0|0.6|mnist|51|0.0|1: c1 1.000 c10 1.000 static 1.000 fac1 0.014 ac1_39 -0.026 sent static 1.000 level 0.603 lock 0.22 move 0.0492 period None dead 0.00 | kin 5.20 cyc 1.00 gscc 1.00 in 1/49 | 7.3s
sign|49|2.0|0.6|mnist|53|0.0|1: c1 0.001 c10 0.019 static 0.007 fac1 -0.007 ac1_39 -0.009 sent static 0.006 level 0.000 lock 0.00 move 1.41 period None dead 0.00 | kin 5.02 cyc 1.00 gscc 1.00 in 6/49 | 2.3s
wta|49|2.0|0.6|mnist|50|0.0|1: c1 0.042 c10 0.042 static 0.049 fac1 -0.009 ac1_39 -0.006 sent static 0.045 level 0.031 lock 0.00 move 1.37 period None dead 0.00 | kin 4.88 cyc 1.00 gscc 1.00 in 7/49 | 3.5s
step0|49|2.0|0.6|mnist|51|0.0|1: c1 0.786 c10 0.786 static 0.788 fac1 -0.009 ac1_39 -0.008 sent static 0.789 level 0.487 lock 0.00 move 0.671 period None dead 0.00 | kin 5.20 cyc 1.00 gscc 1.00 in 1/49 | 6.4s
wta|49|2.0|0.6|mnist|51|0.0|1: c1 0.038 c10 0.039 static 0.043 fac1 -0.004 ac1_39 -0.002 sent static 0.042 level 0.031 lock 0.00 move 1.38 period None dead 0.00 | kin 5.20 cyc 1.00 gscc 1.00 in 1/49 | 3.7s
wta|49|2.0|0.6|mnist|52|0.0|1: c1 0.043 c10 0.040 static 0.039 fac1 0.004 ac1_39 0.003 sent static 0.041 level 0.031 lock 0.00 move 1.38 period None dead 0.00 | kin 4.78 cyc 1.00 gscc 1.00 in 1/49 | 3.4s
cstep|49|2.0|0.6|mnist|50|0.0|1: c1 0.780 c10 0.785 static 0.776 fac1 -0.006 ac1_39 -0.006 sent static 0.790 level 0.501 lock 0.00 move 0.661 period None dead 0.00 | kin 4.88 cyc 1.00 gscc 1.00 in 7/49 | 7.1s
cstep|49|2.0|0.6|mnist|52|0.0|1: c1 0.777 c10 0.780 static 0.781 fac1 -0.011 ac1_39 -0.011 sent static 0.789 level 0.506 lock 0.00 move 0.667 period None dead 0.00 | kin 4.78 cyc 1.00 gscc 1.00 in 1/49 | 6.9s
kwta4|49|2.0|0.6|mnist|53|0.0|1: c1 0.201 c10 0.203 static 0.206 fac1 -0.005 ac1_39 -0.005 sent static 0.204 level 0.114 lock 0.00 move 1.26 period None dead 0.00 | kin 5.02 cyc 1.00 gscc 1.00 in 6/49 | 4.1s
cstep|49|2.0|0.6|mnist|53|0.0|1: c1 0.766 c10 0.767 static 0.762 fac1 -0.008 ac1_39 -0.007 sent static 0.780 level 0.505 lock 0.00 move 0.681 period None dead 0.00 | kin 5.02 cyc 1.00 gscc 1.00 in 6/49 | 7.2s
kwta4|49|2.0|0.6|mnist|51|0.0|1: c1 0.195 c10 0.200 static 0.200 fac1 -0.013 ac1_39 -0.013 sent static 0.200 level 0.114 lock 0.00 move 1.26 period None dead 0.00 | kin 5.20 cyc 1.00 gscc 1.00 in 1/49 | 4.3s
cstep|49|2.0|0.6|mnist|51|0.0|1: c1 0.805 c10 0.804 static 0.804 fac1 0.006 ac1_39 0.005 sent static 0.800 level 0.496 lock 0.00 move 0.649 period None dead 0.00 | kin 5.20 cyc 1.00 gscc 1.00 in 1/49 | 7.6s
kwta4|49|2.0|0.6|mnist|52|0.0|1: c1 0.174 c10 0.182 static 0.185 fac1 -0.014 ac1_39 -0.013 sent static 0.187 level 0.114 lock 0.00 move 1.28 period None dead 0.00 | kin 4.78 cyc 1.00 gscc 1.00 in 1/49 | 5.3s
wta|49|2.0|0.6|mnist|53|0.0|1: c1 0.053 c10 0.052 static 0.052 fac1 -0.000 ac1_39 -0.001 sent static 0.044 level 0.031 lock 0.00 move 1.36 period None dead 0.00 | kin 5.02 cyc 1.00 gscc 1.00 in 6/49 | 6.8s
kwta4|49|2.0|0.6|mnist|50|0.0|1: c1 0.195 c10 0.186 static 0.196 fac1 -0.002 ac1_39 -0.003 sent static 0.202 level 0.114 lock 0.00 move 1.26 period None dead 0.00 | kin 4.88 cyc 1.00 gscc 1.00 in 7/49 | 8.0s
raw|200|1.0|0.15|none|50|0.0|1: c1 -0.897 c10 0.894 static 0.000 fac1 -0.893 ac1_39 -0.892 sent static 0.000 level 0.000 lock 0.00 move 1.95 period None dead 0.02 | kin 5.51 cyc 0.97 gscc 0.97 in 0/0 | 19.8s
raw|200|1.0|0.15|none|52|0.0|1: c1 -0.468 c10 0.023 static 0.000 fac1 -0.471 ac1_39 -0.470 sent static 0.000 level 0.000 lock 0.00 move 1.71 period None dead 0.02 | kin 5.63 cyc 0.98 gscc 0.98 in 0/0 | 20.0s
raw|200|1.0|0.15|none|53|0.0|1: c1 0.345 c10 -0.298 static 0.000 fac1 0.349 ac1_39 0.344 sent static 0.000 level 0.000 lock 0.00 move 1.13 period None dead 0.01 | kin 5.51 cyc 0.99 gscc 0.99 in 0/0 | 22.1s
relu|200|1.0|0.15|none|52|0.0|1: c1 0.929 c10 0.933 static 0.935 fac1 -0.123 ac1_39 -0.125 sent static 0.939 level 0.326 lock 0.00 move 0.389 period None dead 0.02 | kin 5.63 cyc 0.98 gscc 0.98 in 0/0 | 23.7s
relu|200|1.0|0.15|none|50|0.0|1: c1 0.951 c10 0.966 static 0.958 fac1 -0.205 ac1_39 -0.205 sent static 0.960 level 0.325 lock 0.00 move 0.322 period None dead 0.02 | kin 5.51 cyc 0.97 gscc 0.97 in 0/0 | 23.9s
raw|200|1.0|0.15|none|51|0.0|1: c1 -0.308 c10 -0.125 static 0.000 fac1 -0.313 ac1_39 -0.312 sent static 0.000 level 0.000 lock 0.00 move 1.63 period None dead 0.01 | kin 6.07 cyc 0.98 gscc 0.98 in 0/0 | 35.3s
relu|200|1.0|0.15|none|53|0.0|1: c1 1.000 c10 1.000 static 0.999 fac1 0.829 ac1_39 0.831 sent static 0.999 level 0.327 lock 0.00 move 0.0159 period None dead 0.01 | kin 5.51 cyc 0.99 gscc 0.99 in 0/0 | 33.8s
relu|200|1.0|0.15|none|51|0.0|1: c1 0.998 c10 0.999 static 0.999 fac1 -0.503 ac1_39 -0.510 sent static 0.999 level 0.336 lock 0.00 move 0.0589 period None dead 0.01 | kin 6.07 cyc 0.98 gscc 0.98 in 0/0 | 42.7s
tanh|200|1.0|0.15|none|50|0.0|1: c1 -0.017 c10 0.018 static 0.002 fac1 -0.019 ac1_39 -0.020 sent static 0.002 level 0.000 lock 0.00 move 1.42 period None dead 0.02 | kin 5.51 cyc 0.97 gscc 0.97 in 0/0 | 23.8s
tanh|200|1.0|0.15|none|52|0.0|1: c1 -0.001 c10 0.014 static 0.003 fac1 -0.004 ac1_39 -0.004 sent static 0.003 level 0.000 lock 0.00 move 1.42 period None dead 0.02 | kin 5.63 cyc 0.98 gscc 0.98 in 0/0 | 24.0s
tanh|200|1.0|0.15|none|53|0.0|1: c1 -0.021 c10 -0.023 static 0.003 fac1 -0.025 ac1_39 -0.026 sent static 0.003 level 0.000 lock 0.00 move 1.43 period None dead 0.01 | kin 5.51 cyc 0.99 gscc 0.99 in 0/0 | 24.1s
tri0.3|200|1.0|0.15|none|51|0.0|1: c1 0.936 c10 0.937 static 0.936 fac1 -0.006 ac1_39 -0.007 sent static 0.933 level 0.469 lock 0.00 move 0.368 period None dead 0.01 | kin 6.07 cyc 0.98 gscc 0.98 in 0/0 | 48.4s
tri0.7|200|1.0|0.15|none|51|0.0|1: c1 0.995 c10 0.995 static 0.995 fac1 0.017 ac1_39 0.016 sent static 0.995 level 0.386 lock 0.00 move 0.104 period None dead 0.01 | kin 6.07 cyc 0.98 gscc 0.98 in 0/0 | 49.7s
tri0.7|200|1.0|0.15|none|53|0.0|1: c1 0.992 c10 0.992 static 0.994 fac1 -0.340 ac1_39 -0.345 sent static 0.994 level 0.383 lock 0.00 move 0.13 period None dead 0.01 | kin 5.51 cyc 0.99 gscc 0.99 in 0/0 | 49.7s
tri1.0|200|1.0|0.15|none|50|0.0|1: c1 0.966 c10 0.963 static 0.962 fac1 0.059 ac1_39 0.059 sent static 0.964 level 0.329 lock 0.00 move 0.269 period None dead 0.02 | kin 5.51 cyc 0.97 gscc 0.97 in 0/0 | 55.4s
tanh|200|1.0|0.15|none|51|0.0|1: c1 0.013 c10 0.014 static 0.003 fac1 0.010 ac1_39 0.010 sent static 0.003 level 0.000 lock 0.00 move 1.41 period None dead 0.01 | kin 6.07 cyc 0.98 gscc 0.98 in 0/0 | 44.1s
sig4_0|200|1.0|0.15|none|52|0.0|1: c1 1.000 c10 1.000 static 1.000 fac1 0.527 ac1_39 0.531 sent static 1.000 level 0.607 lock 1.00 move 1.96e-07 period 1 dead 0.02 | kin 5.63 cyc 0.98 gscc 0.98 in 0/0 | 42.3s
sig8_0|200|1.0|0.15|none|50|0.0|1: c1 0.971 c10 0.971 static 0.971 fac1 -0.012 ac1_39 -0.012 sent static 0.972 level 0.550 lock 0.01 move 0.248 period None dead 0.01 | kin 5.51 cyc 0.97 gscc 0.97 in 0/0 | 41.6s
step0|200|1.0|0.15|none|50|0.0|1: c1 0.805 c10 0.802 static 0.802 fac1 -0.005 ac1_39 -0.005 sent static 0.803 level 0.500 lock 0.01 move 0.632 period None dead 0.01 | kin 5.51 cyc 0.97 gscc 0.97 in 0/0 | 34.7s
sig8_0|200|1.0|0.15|none|51|0.0|1: c1 0.970 c10 0.973 static 0.970 fac1 -0.016 ac1_39 -0.016 sent static 0.969 level 0.561 lock 0.00 move 0.25 period None dead 0.01 | kin 6.07 cyc 0.98 gscc 0.98 in 0/0 | 42.3s
step0|200|1.0|0.15|none|51|0.0|1: c1 0.813 c10 0.813 static 0.810 fac1 -0.007 ac1_39 -0.007 sent static 0.800 level 0.511 lock 0.00 move 0.625 period None dead 0.01 | kin 6.07 cyc 0.98 gscc 0.98 in 0/0 | 35.3s
sig8_0|200|1.0|0.15|none|52|0.0|1: c1 0.969 c10 0.970 static 0.969 fac1 -0.012 ac1_39 -0.011 sent static 0.972 level 0.548 lock 0.00 move 0.256 period None dead 0.02 | kin 5.63 cyc 0.98 gscc 0.98 in 0/0 | 42.1s
tri0.3|200|1.0|0.15|none|50|0.0|1: c1 0.918 c10 0.918 static 0.916 fac1 -0.011 ac1_39 -0.011 sent static 0.923 level 0.464 lock 0.00 move 0.416 period None dead 0.02 | kin 5.51 cyc 0.97 gscc 0.97 in 0/0 | 90.5s
sig8_0|200|1.0|0.15|none|53|0.0|1: c1 0.959 c10 0.959 static 0.959 fac1 -0.002 ac1_39 -0.001 sent static 0.961 level 0.556 lock 0.00 move 0.295 period None dead 0.01 | kin 5.51 cyc 0.99 gscc 0.99 in 0/0 | 42.2s
tri0.3|200|1.0|0.15|none|52|0.0|1: c1 0.921 c10 0.922 static 0.920 fac1 -0.009 ac1_39 -0.009 sent static 0.924 level 0.467 lock 0.00 move 0.409 period None dead 0.02 | kin 5.63 cyc 0.98 gscc 0.98 in 0/0 | 91.1s
step0|200|1.0|0.15|none|52|0.0|1: c1 0.795 c10 0.793 static 0.789 fac1 -0.003 ac1_39 -0.002 sent static 0.792 level 0.494 lock 0.00 move 0.654 period None dead 0.02 | kin 5.63 cyc 0.98 gscc 0.98 in 0/0 | 35.2s
tri0.7|200|1.0|0.15|none|50|0.0|1: c1 0.982 c10 0.982 static 0.982 fac1 0.005 ac1_39 0.006 sent static 0.983 level 0.388 lock 0.00 move 0.195 period None dead 0.02 | kin 5.51 cyc 0.97 gscc 0.97 in 0/0 | 91.3s
tri0.3|200|1.0|0.15|none|53|0.0|1: c1 0.922 c10 0.922 static 0.921 fac1 -0.009 ac1_39 -0.009 sent static 0.923 level 0.458 lock 0.00 move 0.407 period None dead 0.01 | kin 5.51 cyc 0.99 gscc 0.99 in 0/0 | 92.4s
tri0.7|200|1.0|0.15|none|52|0.0|1: c1 0.987 c10 0.986 static 0.986 fac1 0.034 ac1_39 0.034 sent static 0.987 level 0.386 lock 0.00 move 0.17 period None dead 0.02 | kin 5.63 cyc 0.98 gscc 0.98 in 0/0 | 92.7s
tri1.0|200|1.0|0.15|none|51|0.0|1: c1 1.000 c10 1.000 static 1.000 fac1 -0.987 ac1_39 -0.991 sent static 1.000 level 0.329 lock 1.00 move 0.0022 period None dead 0.01 | kin 6.07 cyc 0.98 gscc 0.98 in 0/0 | 93.1s
tri1.0|200|1.0|0.15|none|52|0.0|1: c1 0.964 c10 0.964 static 0.963 fac1 0.014 ac1_39 0.012 sent static 0.963 level 0.334 lock 0.00 move 0.278 period None dead 0.02 | kin 5.63 cyc 0.98 gscc 0.98 in 0/0 | 92.4s
tri1.0|200|1.0|0.15|none|53|0.0|1: c1 0.993 c10 0.994 static 0.995 fac1 -0.413 ac1_39 -0.417 sent static 0.995 level 0.323 lock 0.00 move 0.125 period None dead 0.01 | kin 5.51 cyc 0.99 gscc 0.99 in 0/0 | 92.5s
sig4_0|200|1.0|0.15|none|50|0.0|1: c1 1.000 c10 1.000 static 1.000 fac1 0.571 ac1_39 0.571 sent static 1.000 level 0.607 lock 1.00 move 1.83e-07 period 1 dead 0.01 | kin 5.51 cyc 0.97 gscc 0.97 in 0/0 | 76.4s
sign|200|1.0|0.15|none|50|0.0|1: c1 -0.006 c10 0.000 static 0.003 fac1 -0.009 ac1_39 -0.009 sent static 0.003 level 0.000 lock 0.00 move 1.42 period None dead 0.02 | kin 5.51 cyc 0.97 gscc 0.97 in 0/0 | 23.1s
sig4_0|200|1.0|0.15|none|51|0.0|1: c1 1.000 c10 1.000 static 1.000 fac1 0.570 ac1_39 0.576 sent static 1.000 level 0.621 lock 1.00 move 1.83e-07 period 1 dead 0.01 | kin 6.07 cyc 0.98 gscc 0.98 in 0/0 | 77.4s
sign|200|1.0|0.15|none|51|0.0|1: c1 -0.001 c10 -0.004 static 0.004 fac1 -0.006 ac1_39 -0.006 sent static 0.004 level 0.000 lock 0.00 move 1.42 period None dead 0.01 | kin 6.07 cyc 0.98 gscc 0.98 in 0/0 | 23.5s
sign|200|1.0|0.15|none|53|0.0|1: c1 0.002 c10 -0.002 static 0.003 fac1 -0.001 ac1_39 -0.000 sent static 0.003 level 0.000 lock 0.00 move 1.41 period None dead 0.01 | kin 5.51 cyc 0.99 gscc 0.99 in 0/0 | 23.6s
cstep|200|1.0|0.15|none|50|0.0|1: c1 0.795 c10 0.795 static 0.794 fac1 -0.007 ac1_39 -0.007 sent static 0.794 level 0.502 lock 0.00 move 0.654 period None dead 0.02 | kin 5.51 cyc 0.97 gscc 0.97 in 0/0 | 42.0s
sig4_0|200|1.0|0.15|none|53|0.0|1: c1 1.000 c10 1.000 static 1.000 fac1 0.505 ac1_39 0.517 sent static 1.000 level 0.618 lock 1.00 move 1.97e-07 period 1 dead 0.01 | kin 5.51 cyc 0.99 gscc 0.99 in 0/0 | 78.4s
cstep|200|1.0|0.15|none|51|0.0|1: c1 0.806 c10 0.807 static 0.802 fac1 -0.005 ac1_39 -0.005 sent static 0.797 level 0.496 lock 0.00 move 0.639 period None dead 0.01 | kin 6.07 cyc 0.98 gscc 0.98 in 0/0 | 43.0s
cstep|200|1.0|0.15|none|52|0.0|1: c1 0.783 c10 0.781 static 0.780 fac1 -0.007 ac1_39 -0.007 sent static 0.789 level 0.499 lock 0.00 move 0.666 period None dead 0.02 | kin 5.63 cyc 0.98 gscc 0.98 in 0/0 | 42.5s
cstep|200|1.0|0.15|none|53|0.0|1: c1 0.788 c10 0.788 static 0.788 fac1 0.002 ac1_39 0.002 sent static 0.786 level 0.501 lock 0.00 move 0.66 period None dead 0.01 | kin 5.51 cyc 0.99 gscc 0.99 in 0/0 | 43.0s
step0|200|1.0|0.15|none|53|0.0|1: c1 0.791 c10 0.788 static 0.793 fac1 -0.006 ac1_39 -0.006 sent static 0.793 level 0.500 lock 0.00 move 0.661 period None dead 0.01 | kin 5.51 cyc 0.99 gscc 0.99 in 0/0 | 67.8s
raw|200|1.0|0.15|kp1|51|0.0|1: c1 -0.303 c10 -0.127 static 0.000 fac1 -0.309 ac1_39 -0.308 sent static 0.000 level 0.000 lock 0.00 move 1.63 period None dead 0.01 | kin 6.07 cyc 0.98 gscc 0.98 in 3/198 | 20.4s
raw|200|1.0|0.15|kp1|53|0.0|1: c1 0.352 c10 -0.302 static 0.002 fac1 0.354 ac1_39 0.351 sent static 0.002 level 0.000 lock 0.00 move 1.13 period None dead 0.01 | kin 5.51 cyc 0.99 gscc 0.99 in 3/199 | 20.3s
wta|200|1.0|0.15|none|51|0.0|1: c1 0.044 c10 0.042 static 0.045 fac1 -0.002 ac1_39 -0.002 sent static 0.043 level 0.031 lock 0.00 move 1.38 period None dead 0.01 | kin 6.07 cyc 0.98 gscc 0.98 in 0/0 | 39.8s
sign|200|1.0|0.15|none|52|0.0|1: c1 0.003 c10 0.001 static 0.004 fac1 -0.001 ac1_39 -0.001 sent static 0.003 level 0.000 lock 0.00 move 1.41 period None dead 0.02 | kin 5.63 cyc 0.98 gscc 0.98 in 0/0 | 42.9s
raw|200|1.0|0.15|kp1|50|0.0|1: c1 -0.903 c10 0.901 static 0.000 fac1 -0.900 ac1_39 -0.898 sent static 0.000 level 0.000 lock 0.00 move 1.95 period None dead 0.02 | kin 5.51 cyc 0.97 gscc 0.97 in 3/197 | 35.1s
relu|200|1.0|0.15|kp1|50|0.0|1: c1 0.950 c10 0.965 static 0.956 fac1 -0.172 ac1_39 -0.175 sent static 0.959 level 0.324 lock 0.00 move 0.321 period None dead 0.02 | kin 5.51 cyc 0.97 gscc 0.97 in 3/197 | 23.7s
relu|200|1.0|0.15|kp1|51|0.0|1: c1 0.996 c10 0.995 static 0.996 fac1 -0.208 ac1_39 -0.212 sent static 0.996 level 0.336 lock 0.00 move 0.101 period None dead 0.01 | kin 6.07 cyc 0.98 gscc 0.98 in 3/198 | 24.1s
raw|200|1.0|0.15|kp1|52|0.0|1: c1 -0.467 c10 -0.003 static 0.001 fac1 -0.472 ac1_39 -0.471 sent static 0.001 level 0.000 lock 0.00 move 1.71 period None dead 0.02 | kin 5.63 cyc 0.98 gscc 0.98 in 3/197 | 35.7s
relu|200|1.0|0.15|kp1|53|0.0|1: c1 0.996 c10 0.995 static 0.994 fac1 0.254 ac1_39 0.230 sent static 0.994 level 0.327 lock 0.00 move 0.0963 period None dead 0.01 | kin 5.51 cyc 0.99 gscc 0.99 in 3/199 | 24.1s
relu|200|1.0|0.15|kp1|52|0.0|1: c1 0.921 c10 0.928 static 0.928 fac1 -0.126 ac1_39 -0.129 sent static 0.932 level 0.326 lock 0.00 move 0.407 period None dead 0.02 | kin 5.63 cyc 0.98 gscc 0.98 in 3/197 | 42.8s
wta|200|1.0|0.15|none|50|0.0|1: c1 0.038 c10 0.040 static 0.044 fac1 -0.004 ac1_39 -0.005 sent static 0.043 level 0.031 lock 0.01 move 1.38 period None dead 0.01 | kin 5.51 cyc 0.97 gscc 0.97 in 0/0 | 72.0s
wta|200|1.0|0.15|none|52|0.0|1: c1 0.041 c10 0.044 static 0.045 fac1 -0.003 ac1_39 -0.003 sent static 0.043 level 0.031 lock 0.00 move 1.37 period None dead 0.02 | kin 5.63 cyc 0.98 gscc 0.98 in 0/0 | 74.2s
wta|200|1.0|0.15|none|53|0.0|1: c1 0.040 c10 0.042 static 0.041 fac1 -0.002 ac1_39 -0.003 sent static 0.042 level 0.031 lock 0.00 move 1.38 period None dead 0.01 | kin 5.51 cyc 0.99 gscc 0.99 in 0/0 | 74.4s
tri0.3|200|1.0|0.15|kp1|50|0.0|1: c1 0.919 c10 0.919 static 0.917 fac1 -0.000 ac1_39 0.001 sent static 0.924 level 0.464 lock 0.00 move 0.411 period None dead 0.02 | kin 5.51 cyc 0.97 gscc 0.97 in 3/197 | 47.5s
tri0.3|200|1.0|0.15|kp1|51|0.0|1: c1 0.936 c10 0.935 static 0.935 fac1 -0.004 ac1_39 -0.004 sent static 0.933 level 0.468 lock 0.00 move 0.368 period None dead 0.01 | kin 6.07 cyc 0.98 gscc 0.98 in 3/198 | 48.6s
tri0.3|200|1.0|0.15|kp1|53|0.0|1: c1 0.920 c10 0.922 static 0.921 fac1 -0.017 ac1_39 -0.019 sent static 0.921 level 0.462 lock 0.00 move 0.411 period None dead 0.01 | kin 5.51 cyc 0.99 gscc 0.99 in 3/199 | 48.4s
tri0.7|200|1.0|0.15|kp1|50|0.0|1: c1 0.979 c10 0.979 static 0.980 fac1 -0.069 ac1_39 -0.074 sent static 0.982 level 0.387 lock 0.00 move 0.213 period None dead 0.02 | kin 5.51 cyc 0.97 gscc 0.97 in 3/197 | 49.0s
tri0.7|200|1.0|0.15|kp1|51|0.0|1: c1 0.992 c10 0.992 static 0.992 fac1 -0.084 ac1_39 -0.090 sent static 0.992 level 0.385 lock 0.00 move 0.132 period None dead 0.01 | kin 6.07 cyc 0.98 gscc 0.98 in 3/198 | 50.0s
kwta4|200|1.0|0.15|none|50|0.0|1: c1 0.188 c10 0.186 static 0.194 fac1 -0.005 ac1_39 -0.006 sent static 0.194 level 0.114 lock 0.00 move 1.27 period None dead 0.02 | kin 5.51 cyc 0.97 gscc 0.97 in 0/0 | 90.4s
tri1.0|200|1.0|0.15|kp1|50|0.0|1: c1 0.966 c10 0.966 static 0.965 fac1 -0.007 ac1_39 -0.007 sent static 0.967 level 0.327 lock 0.00 move 0.269 period None dead 0.02 | kin 5.51 cyc 0.97 gscc 0.97 in 3/197 | 47.7s
kwta4|200|1.0|0.15|none|52|0.0|1: c1 0.185 c10 0.189 static 0.194 fac1 -0.007 ac1_39 -0.007 sent static 0.192 level 0.114 lock 0.00 move 1.27 period None dead 0.02 | kin 5.63 cyc 0.98 gscc 0.98 in 0/0 | 91.7s
kwta4|200|1.0|0.15|none|51|0.0|1: c1 0.208 c10 0.211 static 0.211 fac1 -0.007 ac1_39 -0.005 sent static 0.204 level 0.114 lock 0.00 move 1.26 period None dead 0.01 | kin 6.07 cyc 0.98 gscc 0.98 in 0/0 | 92.3s
kwta4|200|1.0|0.15|none|53|0.0|1: c1 0.205 c10 0.208 static 0.210 fac1 -0.004 ac1_39 -0.005 sent static 0.203 level 0.114 lock 0.00 move 1.26 period None dead 0.01 | kin 5.51 cyc 0.99 gscc 0.99 in 0/0 | 91.2s
tri1.0|200|1.0|0.15|kp1|51|0.0|1: c1 0.998 c10 0.999 static 0.998 fac1 -0.517 ac1_39 -0.497 sent static 0.999 level 0.328 lock 0.00 move 0.0729 period None dead 0.01 | kin 6.07 cyc 0.98 gscc 0.98 in 3/198 | 49.0s
tri1.0|200|1.0|0.15|kp1|53|0.0|1: c1 0.991 c10 0.991 static 0.992 fac1 -0.233 ac1_39 -0.236 sent static 0.993 level 0.323 lock 0.00 move 0.142 period None dead 0.01 | kin 5.51 cyc 0.99 gscc 0.99 in 3/199 | 48.9s
tanh|200|1.0|0.15|kp1|50|0.0|1: c1 -0.037 c10 0.004 static 0.004 fac1 -0.042 ac1_39 -0.041 sent static 0.004 level 0.000 lock 0.00 move 1.44 period None dead 0.02 | kin 5.51 cyc 0.97 gscc 0.97 in 3/197 | 43.5s
tanh|200|1.0|0.15|kp1|51|0.0|1: c1 -0.012 c10 0.011 static 0.005 fac1 -0.017 ac1_39 -0.017 sent static 0.005 level 0.000 lock 0.00 move 1.42 period None dead 0.01 | kin 6.07 cyc 0.98 gscc 0.98 in 3/198 | 43.7s
tanh|200|1.0|0.15|kp1|52|0.0|1: c1 0.017 c10 -0.014 static 0.003 fac1 0.015 ac1_39 0.014 sent static 0.003 level 0.000 lock 0.00 move 1.4 period None dead 0.02 | kin 5.63 cyc 0.98 gscc 0.98 in 3/197 | 44.4s
tanh|200|1.0|0.15|kp1|53|0.0|1: c1 -0.018 c10 0.015 static 0.005 fac1 -0.021 ac1_39 -0.022 sent static 0.004 level 0.000 lock 0.00 move 1.43 period None dead 0.01 | kin 5.51 cyc 0.99 gscc 0.99 in 3/199 | 44.5s
sig4_0|200|1.0|0.15|kp1|50|0.0|1: c1 1.000 c10 1.000 static 1.000 fac1 -0.340 ac1_39 -0.360 sent static 1.000 level 0.607 lock 0.14 move 0.028 period 4 dead 0.01 | kin 5.51 cyc 0.97 gscc 0.97 in 3/197 | 41.8s
sig4_0|200|1.0|0.15|kp1|51|0.0|1: c1 1.000 c10 1.000 static 1.000 fac1 -0.250 ac1_39 -0.273 sent static 1.000 level 0.622 lock 0.08 move 0.0309 period 4 dead 0.01 | kin 6.07 cyc 0.98 gscc 0.98 in 3/198 | 42.9s
sig4_0|200|1.0|0.15|kp1|52|0.0|1: c1 1.000 c10 1.000 static 1.000 fac1 -0.210 ac1_39 -0.276 sent static 1.000 level 0.607 lock 0.00 move 0.0452 period 4 dead 0.02 | kin 5.63 cyc 0.98 gscc 0.98 in 3/197 | 42.5s
tri0.3|200|1.0|0.15|kp1|52|0.0|1: c1 0.919 c10 0.920 static 0.918 fac1 -0.014 ac1_39 -0.015 sent static 0.923 level 0.468 lock 0.00 move 0.413 period None dead 0.02 | kin 5.63 cyc 0.98 gscc 0.98 in 3/197 | 92.3s
sig4_0|200|1.0|0.15|kp1|53|0.0|1: c1 1.000 c10 1.000 static 1.000 fac1 -0.473 ac1_39 -0.454 sent static 1.000 level 0.618 lock 0.00 move 0.0445 period 4 dead 0.01 | kin 5.51 cyc 0.99 gscc 0.99 in 3/199 | 42.6s
sig8_0|200|1.0|0.15|kp1|50|0.0|1: c1 0.970 c10 0.970 static 0.970 fac1 -0.018 ac1_39 -0.019 sent static 0.972 level 0.549 lock 0.01 move 0.251 period None dead 0.01 | kin 5.51 cyc 0.97 gscc 0.97 in 3/197 | 41.9s
tri0.7|200|1.0|0.15|kp1|53|0.0|1: c1 0.989 c10 0.991 static 0.991 fac1 -0.290 ac1_39 -0.294 sent static 0.992 level 0.382 lock 0.00 move 0.156 period None dead 0.01 | kin 5.51 cyc 0.99 gscc 0.99 in 3/199 | 92.2s
tri0.7|200|1.0|0.15|kp1|52|0.0|1: c1 0.984 c10 0.985 static 0.984 fac1 -0.074 ac1_39 -0.080 sent static 0.986 level 0.388 lock 0.00 move 0.189 period None dead 0.02 | kin 5.63 cyc 0.98 gscc 0.98 in 3/197 | 92.9s
step0|200|1.0|0.15|kp1|52|0.0|1: c1 0.791 c10 0.792 static 0.790 fac1 -0.010 ac1_39 -0.011 sent static 0.792 level 0.492 lock 0.00 move 0.658 period None dead 0.02 | kin 5.63 cyc 0.98 gscc 0.98 in 3/197 | 35.6s
sig8_0|200|1.0|0.15|kp1|52|0.0|1: c1 0.967 c10 0.967 static 0.967 fac1 -0.024 ac1_39 -0.030 sent static 0.971 level 0.547 lock 0.00 move 0.266 period None dead 0.02 | kin 5.63 cyc 0.98 gscc 0.98 in 3/197 | 42.6s
step0|200|1.0|0.15|kp1|53|0.0|1: c1 0.789 c10 0.790 static 0.791 fac1 -0.009 ac1_39 -0.009 sent static 0.789 level 0.499 lock 0.00 move 0.665 period None dead 0.01 | kin 5.51 cyc 0.99 gscc 0.99 in 3/199 | 35.8s
tri1.0|200|1.0|0.15|kp1|52|0.0|1: c1 0.958 c10 0.962 static 0.959 fac1 -0.065 ac1_39 -0.071 sent static 0.961 level 0.333 lock 0.00 move 0.305 period None dead 0.02 | kin 5.63 cyc 0.98 gscc 0.98 in 3/197 | 91.9s
sign|200|1.0|0.15|kp1|50|0.0|1: c1 0.001 c10 0.002 static 0.003 fac1 -0.001 ac1_39 -0.002 sent static 0.003 level 0.000 lock 0.00 move 1.41 period None dead 0.02 | kin 5.51 cyc 0.97 gscc 0.97 in 3/197 | 23.2s
sign|200|1.0|0.15|kp1|51|0.0|1: c1 0.003 c10 0.002 static 0.003 fac1 -0.000 ac1_39 0.001 sent static 0.003 level 0.000 lock 0.00 move 1.41 period None dead 0.01 | kin 6.07 cyc 0.98 gscc 0.98 in 3/198 | 23.7s
sign|200|1.0|0.15|kp1|52|0.0|1: c1 0.002 c10 0.000 static 0.003 fac1 -0.001 ac1_39 -0.001 sent static 0.003 level 0.000 lock 0.00 move 1.41 period None dead 0.02 | kin 5.63 cyc 0.98 gscc 0.98 in 3/197 | 23.6s
step0|200|1.0|0.15|kp1|50|0.0|1: c1 0.805 c10 0.803 static 0.802 fac1 -0.008 ac1_39 -0.007 sent static 0.802 level 0.497 lock 0.01 move 0.632 period None dead 0.01 | kin 5.51 cyc 0.97 gscc 0.97 in 3/197 | 67.2s
step0|200|1.0|0.15|kp1|51|0.0|1: c1 0.813 c10 0.813 static 0.809 fac1 -0.005 ac1_39 -0.005 sent static 0.801 level 0.508 lock 0.00 move 0.624 period None dead 0.01 | kin 6.07 cyc 0.98 gscc 0.98 in 3/198 | 67.6s
raw|200|1.0|0.15|mnist|50|0.0|1: c1 -0.855 c10 0.896 static 0.019 fac1 -0.886 ac1_39 -0.884 sent static 0.019 level 0.000 lock 0.00 move 1.92 period None dead 0.02 | kin 5.51 cyc 0.97 gscc 0.97 in 16/197 | 20.0s
wta|200|1.0|0.15|kp1|50|0.0|1: c1 0.040 c10 0.041 static 0.043 fac1 -0.004 ac1_39 -0.005 sent static 0.042 level 0.031 lock 0.01 move 1.38 period None dead 0.01 | kin 5.51 cyc 0.97 gscc 0.97 in 3/197 | 39.1s
wta|200|1.0|0.15|kp1|51|0.0|1: c1 0.044 c10 0.043 static 0.046 fac1 -0.003 ac1_39 -0.004 sent static 0.043 level 0.031 lock 0.00 move 1.37 period None dead 0.01 | kin 6.07 cyc 0.98 gscc 0.98 in 3/198 | 39.9s
sig8_0|200|1.0|0.15|kp1|51|0.0|1: c1 0.968 c10 0.972 static 0.969 fac1 -0.034 ac1_39 -0.036 sent static 0.968 level 0.562 lock 0.00 move 0.258 period None dead 0.01 | kin 6.07 cyc 0.98 gscc 0.98 in 3/198 | 79.9s
raw|200|1.0|0.15|mnist|52|0.0|1: c1 -0.462 c10 0.050 static 0.009 fac1 -0.482 ac1_39 -0.480 sent static 0.009 level 0.000 lock 0.00 move 1.71 period None dead 0.02 | kin 5.63 cyc 0.98 gscc 0.98 in 6/197 | 20.2s
sign|200|1.0|0.15|kp1|53|0.0|1: c1 -0.005 c10 0.000 static 0.004 fac1 -0.008 ac1_39 -0.009 sent static 0.003 level 0.000 lock 0.00 move 1.42 period None dead 0.01 | kin 5.51 cyc 0.99 gscc 0.99 in 3/199 | 43.3s
raw|200|1.0|0.15|mnist|51|0.0|1: c1 -0.299 c10 -0.029 static 0.023 fac1 -0.335 ac1_39 -0.337 sent static 0.023 level 0.000 lock 0.00 move 1.62 period None dead 0.01 | kin 6.07 cyc 0.98 gscc 0.98 in 17/198 | 20.4s
sig8_0|200|1.0|0.15|kp1|53|0.0|1: c1 0.955 c10 0.956 static 0.956 fac1 -0.033 ac1_39 -0.034 sent static 0.959 level 0.557 lock 0.00 move 0.307 period None dead 0.01 | kin 5.51 cyc 0.99 gscc 0.99 in 3/199 | 79.5s
kwta4|200|1.0|0.15|kp1|50|0.0|1: c1 0.185 c10 0.186 static 0.192 fac1 -0.006 ac1_39 -0.006 sent static 0.195 level 0.114 lock 0.00 move 1.27 period None dead 0.02 | kin 5.51 cyc 0.97 gscc 0.97 in 3/197 | 45.9s
kwta4|200|1.0|0.15|kp1|51|0.0|1: c1 0.208 c10 0.204 static 0.211 fac1 -0.007 ac1_39 -0.007 sent static 0.201 level 0.114 lock 0.00 move 1.26 period None dead 0.01 | kin 6.07 cyc 0.98 gscc 0.98 in 3/198 | 46.8s
kwta4|200|1.0|0.15|kp1|52|0.0|1: c1 0.192 c10 0.193 static 0.197 fac1 -0.005 ac1_39 -0.004 sent static 0.194 level 0.114 lock 0.00 move 1.27 period None dead 0.02 | kin 5.63 cyc 0.98 gscc 0.98 in 3/197 | 46.7s
relu|200|1.0|0.15|mnist|51|0.0|1: c1 0.971 c10 0.972 static 0.972 fac1 -0.070 ac1_39 -0.068 sent static 0.972 level 0.333 lock 0.00 move 0.258 period None dead 0.01 | kin 6.07 cyc 0.98 gscc 0.98 in 17/198 | 24.1s
relu|200|1.0|0.15|mnist|52|0.0|1: c1 0.921 c10 0.930 static 0.928 fac1 -0.123 ac1_39 -0.125 sent static 0.931 level 0.329 lock 0.00 move 0.41 period None dead 0.02 | kin 5.63 cyc 0.98 gscc 0.98 in 6/197 | 24.0s
cstep|200|1.0|0.15|kp1|50|0.0|1: c1 0.793 c10 0.794 static 0.790 fac1 -0.003 ac1_39 -0.002 sent static 0.792 level 0.502 lock 0.00 move 0.656 period None dead 0.02 | kin 5.51 cyc 0.97 gscc 0.97 in 3/197 | 81.1s
cstep|200|1.0|0.15|kp1|51|0.0|1: c1 0.804 c10 0.806 static 0.803 fac1 -0.010 ac1_39 -0.008 sent static 0.796 level 0.495 lock 0.00 move 0.641 period None dead 0.01 | kin 6.07 cyc 0.98 gscc 0.98 in 3/198 | 81.0s
relu|200|1.0|0.15|mnist|53|0.0|1: c1 0.968 c10 0.969 static 0.969 fac1 -0.052 ac1_39 -0.052 sent static 0.970 level 0.321 lock 0.00 move 0.269 period None dead 0.01 | kin 5.51 cyc 0.99 gscc 0.99 in 16/199 | 24.3s
raw|200|1.0|0.15|mnist|53|0.0|1: c1 0.411 c10 -0.204 static 0.035 fac1 0.394 ac1_39 0.392 sent static 0.035 level 0.001 lock 0.00 move 1.08 period None dead 0.01 | kin 5.51 cyc 0.99 gscc 0.99 in 16/199 | 36.4s
cstep|200|1.0|0.15|kp1|52|0.0|1: c1 0.783 c10 0.783 static 0.781 fac1 -0.006 ac1_39 -0.007 sent static 0.789 level 0.498 lock 0.00 move 0.664 period None dead 0.02 | kin 5.63 cyc 0.98 gscc 0.98 in 3/197 | 81.8s
cstep|200|1.0|0.15|kp1|53|0.0|1: c1 0.790 c10 0.789 static 0.790 fac1 -0.005 ac1_39 -0.005 sent static 0.785 level 0.500 lock 0.00 move 0.662 period None dead 0.01 | kin 5.51 cyc 0.99 gscc 0.99 in 3/199 | 82.6s
relu|200|1.0|0.15|mnist|50|0.0|1: c1 0.934 c10 0.936 static 0.934 fac1 -0.029 ac1_39 -0.028 sent static 0.939 level 0.324 lock 0.00 move 0.367 period None dead 0.02 | kin 5.51 cyc 0.97 gscc 0.97 in 16/197 | 42.2s
wta|200|1.0|0.15|kp1|52|0.0|1: c1 0.043 c10 0.043 static 0.046 fac1 -0.002 ac1_39 -0.003 sent static 0.043 level 0.031 lock 0.00 move 1.37 period None dead 0.02 | kin 5.63 cyc 0.98 gscc 0.98 in 3/197 | 74.1s
wta|200|1.0|0.15|kp1|53|0.0|1: c1 0.039 c10 0.038 static 0.044 fac1 -0.002 ac1_39 -0.004 sent static 0.043 level 0.031 lock 0.00 move 1.39 period None dead 0.01 | kin 5.51 cyc 0.99 gscc 0.99 in 3/199 | 75.3s
tanh|200|1.0|0.15|mnist|50|0.0|1: c1 0.008 c10 0.029 static 0.027 fac1 -0.020 ac1_39 -0.019 sent static 0.025 level 0.000 lock 0.00 move 1.41 period None dead 0.02 | kin 5.51 cyc 0.97 gscc 0.97 in 16/197 | 23.9s
tri0.3|200|1.0|0.15|mnist|53|0.0|1: c1 0.916 c10 0.916 static 0.915 fac1 -0.007 ac1_39 -0.007 sent static 0.916 level 0.461 lock 0.00 move 0.422 period None dead 0.01 | kin 5.51 cyc 0.99 gscc 0.99 in 16/199 | 48.6s
tri0.3|200|1.0|0.15|mnist|51|0.0|1: c1 0.929 c10 0.930 static 0.928 fac1 -0.008 ac1_39 -0.009 sent static 0.928 level 0.467 lock 0.00 move 0.389 period None dead 0.01 | kin 6.07 cyc 0.98 gscc 0.98 in 17/198 | 48.8s
tri0.7|200|1.0|0.15|mnist|52|0.0|1: c1 0.974 c10 0.975 static 0.973 fac1 -0.028 ac1_39 -0.027 sent static 0.976 level 0.390 lock 0.00 move 0.241 period None dead 0.02 | kin 5.63 cyc 0.98 gscc 0.98 in 6/197 | 49.7s
kwta4|200|1.0|0.15|kp1|53|0.0|1: c1 0.200 c10 0.205 static 0.209 fac1 -0.009 ac1_39 -0.010 sent static 0.202 level 0.114 lock 0.00 move 1.26 period None dead 0.01 | kin 5.51 cyc 0.99 gscc 0.99 in 3/199 | 91.6s
tri0.7|200|1.0|0.15|mnist|53|0.0|1: c1 0.972 c10 0.972 static 0.973 fac1 -0.024 ac1_39 -0.023 sent static 0.975 level 0.381 lock 0.00 move 0.249 period None dead 0.01 | kin 5.51 cyc 0.99 gscc 0.99 in 16/199 | 50.1s
tri1.0|200|1.0|0.15|mnist|50|0.0|1: c1 0.928 c10 0.930 static 0.929 fac1 -0.014 ac1_39 -0.014 sent static 0.936 level 0.326 lock 0.00 move 0.387 period None dead 0.02 | kin 5.51 cyc 0.97 gscc 0.97 in 16/197 | 48.0s
tri1.0|200|1.0|0.15|mnist|51|0.0|1: c1 0.977 c10 0.976 static 0.976 fac1 -0.040 ac1_39 -0.040 sent static 0.976 level 0.326 lock 0.00 move 0.233 period None dead 0.01 | kin 6.07 cyc 0.98 gscc 0.98 in 17/198 | 49.0s
tanh|200|1.0|0.15|mnist|51|0.0|1: c1 0.020 c10 0.035 static 0.024 fac1 -0.007 ac1_39 -0.006 sent static 0.022 level 0.000 lock 0.00 move 1.4 period None dead 0.01 | kin 6.07 cyc 0.98 gscc 0.98 in 17/198 | 44.4s
tanh|200|1.0|0.15|mnist|52|0.0|1: c1 -0.011 c10 0.027 static 0.013 fac1 -0.025 ac1_39 -0.026 sent static 0.012 level 0.000 lock 0.00 move 1.42 period None dead 0.02 | kin 5.63 cyc 0.98 gscc 0.98 in 6/197 | 44.7s
tri0.7|200|1.0|0.15|mnist|51|0.0|1: c1 0.974 c10 0.975 static 0.974 fac1 -0.024 ac1_39 -0.024 sent static 0.976 level 0.384 lock 0.00 move 0.239 period None dead 0.01 | kin 6.07 cyc 0.98 gscc 0.98 in 17/198 | 66.6s
tanh|200|1.0|0.15|mnist|53|0.0|1: c1 0.045 c10 0.006 static 0.023 fac1 0.022 ac1_39 0.021 sent static 0.022 level 0.000 lock 0.00 move 1.38 period None dead 0.01 | kin 5.51 cyc 0.99 gscc 0.99 in 16/199 | 44.9s
sig4_0|200|1.0|0.15|mnist|51|0.0|1: c1 0.997 c10 0.997 static 0.997 fac1 -0.019 ac1_39 -0.022 sent static 0.998 level 0.622 lock 0.00 move 0.105 period None dead 0.01 | kin 6.07 cyc 0.98 gscc 0.98 in 17/198 | 44.4s
sig4_0|200|1.0|0.15|mnist|53|0.0|1: c1 0.996 c10 0.996 static 0.996 fac1 -0.033 ac1_39 -0.029 sent static 0.998 level 0.617 lock 0.00 move 0.12 period None dead 0.01 | kin 5.51 cyc 0.99 gscc 0.99 in 16/199 | 43.1s
tri0.3|200|1.0|0.15|mnist|50|0.0|1: c1 0.909 c10 0.909 static 0.909 fac1 -0.007 ac1_39 -0.008 sent static 0.916 level 0.466 lock 0.00 move 0.439 period None dead 0.02 | kin 5.51 cyc 0.97 gscc 0.97 in 16/197 | 91.3s
sig8_0|200|1.0|0.15|mnist|50|0.0|1: c1 0.958 c10 0.959 static 0.958 fac1 -0.019 ac1_39 -0.020 sent static 0.961 level 0.551 lock 0.01 move 0.301 period None dead 0.01 | kin 5.51 cyc 0.97 gscc 0.97 in 16/197 | 42.2s
sig8_0|200|1.0|0.15|mnist|51|0.0|1: c1 0.961 c10 0.962 static 0.961 fac1 -0.011 ac1_39 -0.012 sent static 0.960 level 0.565 lock 0.00 move 0.291 period None dead 0.01 | kin 6.07 cyc 0.98 gscc 0.98 in 17/198 | 42.8s
tri0.3|200|1.0|0.15|mnist|52|0.0|1: c1 0.919 c10 0.920 static 0.917 fac1 -0.003 ac1_39 -0.003 sent static 0.922 level 0.469 lock 0.00 move 0.415 period None dead 0.02 | kin 5.63 cyc 0.98 gscc 0.98 in 6/197 | 92.4s
tri0.7|200|1.0|0.15|mnist|50|0.0|1: c1 0.953 c10 0.955 static 0.954 fac1 -0.024 ac1_39 -0.024 sent static 0.958 level 0.386 lock 0.00 move 0.322 period None dead 0.02 | kin 5.51 cyc 0.97 gscc 0.97 in 16/197 | 91.9s
step0|200|1.0|0.15|mnist|50|0.0|1: c1 0.800 c10 0.798 static 0.797 fac1 -0.004 ac1_39 -0.003 sent static 0.801 level 0.499 lock 0.01 move 0.639 period None dead 0.01 | kin 5.51 cyc 0.97 gscc 0.97 in 16/197 | 35.3s
sig8_0|200|1.0|0.15|mnist|52|0.0|1: c1 0.961 c10 0.961 static 0.960 fac1 -0.009 ac1_39 -0.010 sent static 0.965 level 0.548 lock 0.00 move 0.288 period None dead 0.02 | kin 5.63 cyc 0.98 gscc 0.98 in 6/197 | 42.5s
step0|200|1.0|0.15|mnist|51|0.0|1: c1 0.810 c10 0.810 static 0.809 fac1 -0.006 ac1_39 -0.007 sent static 0.801 level 0.511 lock 0.00 move 0.628 period None dead 0.01 | kin 6.07 cyc 0.98 gscc 0.98 in 17/198 | 35.8s
step0|200|1.0|0.15|mnist|52|0.0|1: c1 0.793 c10 0.792 static 0.789 fac1 -0.005 ac1_39 -0.005 sent static 0.792 level 0.491 lock 0.00 move 0.656 period None dead 0.02 | kin 5.63 cyc 0.98 gscc 0.98 in 6/197 | 35.5s
sig4_0|200|1.0|0.15|mnist|50|0.0|1: c1 0.996 c10 0.996 static 0.996 fac1 -0.013 ac1_39 -0.016 sent static 0.998 level 0.605 lock 0.01 move 0.126 period None dead 0.01 | kin 5.51 cyc 0.97 gscc 0.97 in 16/197 | 77.1s
sign|200|1.0|0.15|mnist|50|0.0|1: c1 0.000 c10 0.001 static 0.005 fac1 -0.005 ac1_39 -0.004 sent static 0.005 level 0.000 lock 0.00 move 1.41 period None dead 0.02 | kin 5.51 cyc 0.97 gscc 0.97 in 16/197 | 23.4s
sign|200|1.0|0.15|mnist|52|0.0|1: c1 0.006 c10 -0.001 static 0.003 fac1 0.002 ac1_39 0.004 sent static 0.003 level 0.000 lock 0.00 move 1.41 period None dead 0.02 | kin 5.63 cyc 0.98 gscc 0.98 in 6/197 | 23.7s
tri1.0|200|1.0|0.15|mnist|52|0.0|1: c1 0.951 c10 0.953 static 0.951 fac1 -0.015 ac1_39 -0.014 sent static 0.952 level 0.333 lock 0.00 move 0.326 period None dead 0.02 | kin 5.63 cyc 0.98 gscc 0.98 in 6/197 | 93.3s
sig4_0|200|1.0|0.15|mnist|52|0.0|1: c1 0.999 c10 0.999 static 0.999 fac1 -0.004 ac1_39 -0.007 sent static 0.999 level 0.608 lock 0.00 move 0.0789 period None dead 0.02 | kin 5.63 cyc 0.98 gscc 0.98 in 6/197 | 79.6s
tri1.0|200|1.0|0.15|mnist|53|0.0|1: c1 0.961 c10 0.962 static 0.964 fac1 -0.080 ac1_39 -0.079 sent static 0.966 level 0.322 lock 0.00 move 0.289 period None dead 0.01 | kin 5.51 cyc 0.99 gscc 0.99 in 16/199 | 92.8s
sign|200|1.0|0.15|mnist|53|0.0|1: c1 -0.000 c10 -0.000 static 0.004 fac1 -0.004 ac1_39 -0.005 sent static 0.004 level 0.000 lock 0.00 move 1.41 period None dead 0.01 | kin 5.51 cyc 0.99 gscc 0.99 in 16/199 | 23.9s
cstep|200|1.0|0.15|mnist|53|0.0|1: c1 0.785 c10 0.783 static 0.783 fac1 -0.003 ac1_39 -0.003 sent static 0.784 level 0.501 lock 0.00 move 0.666 period None dead 0.01 | kin 5.51 cyc 0.99 gscc 0.99 in 16/199 | 43.5s
sign|200|1.0|0.15|mnist|51|0.0|1: c1 0.000 c10 0.000 static 0.005 fac1 -0.006 ac1_39 -0.006 sent static 0.005 level 0.000 lock 0.00 move 1.41 period None dead 0.01 | kin 6.07 cyc 0.98 gscc 0.98 in 17/198 | 43.6s
raw|200|1.0|0.3|none|50|0.0|1: c1 -0.433 c10 -0.049 static 0.000 fac1 -0.435 ac1_39 -0.434 sent static 0.000 level 0.000 lock 0.00 move 1.69 period None dead 0.00 | kin 11.43 cyc 1.00 gscc 1.00 in 0/0 | 22.7s
step0|200|1.0|0.15|mnist|53|0.0|1: c1 0.786 c10 0.785 static 0.787 fac1 -0.007 ac1_39 -0.008 sent static 0.785 level 0.500 lock 0.00 move 0.667 period None dead 0.01 | kin 5.51 cyc 0.99 gscc 0.99 in 16/199 | 69.0s
wta|200|1.0|0.15|mnist|52|0.0|1: c1 0.044 c10 0.047 static 0.048 fac1 -0.005 ac1_39 -0.004 sent static 0.044 level 0.031 lock 0.00 move 1.37 period None dead 0.02 | kin 5.63 cyc 0.98 gscc 0.98 in 6/197 | 39.9s
relu|200|1.0|0.3|none|50|0.0|1: c1 0.997 c10 0.995 static 0.996 fac1 0.117 ac1_39 0.119 sent static 0.996 level 0.336 lock 0.00 move 0.0857 period None dead 0.00 | kin 11.43 cyc 1.00 gscc 1.00 in 0/0 | 26.9s
sig8_0|200|1.0|0.15|mnist|53|0.0|1: c1 0.945 c10 0.945 static 0.945 fac1 -0.016 ac1_39 -0.014 sent static 0.949 level 0.557 lock 0.00 move 0.342 period None dead 0.01 | kin 5.51 cyc 0.99 gscc 0.99 in 16/199 | 78.8s
raw|200|1.0|0.3|none|53|0.0|1: c1 0.426 c10 0.462 static 0.001 fac1 0.427 ac1_39 0.429 sent static 0.001 level 0.000 lock 0.00 move 1.07 period None dead 0.00 | kin 11.47 cyc 1.00 gscc 1.00 in 0/0 | 27.8s
kwta4|200|1.0|0.15|mnist|50|0.0|1: c1 0.191 c10 0.194 static 0.200 fac1 -0.006 ac1_39 -0.006 sent static 0.198 level 0.114 lock 0.00 move 1.27 period None dead 0.02 | kin 5.51 cyc 0.97 gscc 0.97 in 16/197 | 45.7s
relu|200|1.0|0.3|none|51|0.0|1: c1 0.961 c10 0.957 static 0.964 fac1 -0.088 ac1_39 -0.088 sent static 0.964 level 0.325 lock 0.00 move 0.281 period None dead 0.00 | kin 11.64 cyc 1.00 gscc 1.00 in 0/0 | 27.4s
kwta4|200|1.0|0.15|mnist|51|0.0|1: c1 0.204 c10 0.213 static 0.211 fac1 -0.010 ac1_39 -0.009 sent static 0.201 level 0.114 lock 0.00 move 1.26 period None dead 0.01 | kin 6.07 cyc 0.98 gscc 0.98 in 17/198 | 46.7s
cstep|200|1.0|0.15|mnist|50|0.0|1: c1 0.787 c10 0.785 static 0.786 fac1 -0.005 ac1_39 -0.006 sent static 0.790 level 0.502 lock 0.00 move 0.665 period None dead 0.02 | kin 5.51 cyc 0.97 gscc 0.97 in 16/197 | 81.3s
cstep|200|1.0|0.15|mnist|51|0.0|1: c1 0.806 c10 0.806 static 0.802 fac1 -0.002 ac1_39 -0.003 sent static 0.797 level 0.495 lock 0.00 move 0.641 period None dead 0.01 | kin 6.07 cyc 0.98 gscc 0.98 in 17/198 | 81.4s
wta|200|1.0|0.15|mnist|53|0.0|1: c1 0.042 c10 0.044 static 0.046 fac1 -0.005 ac1_39 -0.005 sent static 0.043 level 0.031 lock 0.00 move 1.38 period None dead 0.01 | kin 5.51 cyc 0.99 gscc 0.99 in 16/199 | 53.4s
raw|200|1.0|0.3|none|51|0.0|1: c1 0.545 c10 0.772 static 0.453 fac1 0.156 ac1_39 0.154 sent static 0.453 level 0.006 lock 0.00 move 0.962 period None dead 0.00 | kin 11.64 cyc 1.00 gscc 1.00 in 0/0 | 41.0s
raw|200|1.0|0.3|none|52|0.0|1: c1 -0.300 c10 0.155 static 0.000 fac1 -0.304 ac1_39 -0.307 sent static 0.000 level 0.000 lock 0.00 move 1.62 period None dead 0.00 | kin 11.29 cyc 1.00 gscc 1.00 in 0/0 | 41.0s
cstep|200|1.0|0.15|mnist|52|0.0|1: c1 0.784 c10 0.785 static 0.782 fac1 -0.010 ac1_39 -0.010 sent static 0.791 level 0.499 lock 0.00 move 0.666 period None dead 0.02 | kin 5.63 cyc 0.98 gscc 0.98 in 6/197 | 82.0s
kwta4|200|1.0|0.15|mnist|53|0.0|1: c1 0.204 c10 0.201 static 0.209 fac1 -0.005 ac1_39 -0.005 sent static 0.202 level 0.114 lock 0.00 move 1.26 period None dead 0.01 | kin 5.51 cyc 0.99 gscc 0.99 in 16/199 | 46.7s
relu|200|1.0|0.3|none|53|0.0|1: c1 0.923 c10 0.928 static 0.926 fac1 -0.062 ac1_39 -0.062 sent static 0.929 level 0.334 lock 0.00 move 0.408 period None dead 0.00 | kin 11.47 cyc 1.00 gscc 1.00 in 0/0 | 27.5s
wta|200|1.0|0.15|mnist|50|0.0|1: c1 0.047 c10 0.047 static 0.048 fac1 -0.004 ac1_39 -0.005 sent static 0.044 level 0.031 lock 0.01 move 1.37 period None dead 0.01 | kin 5.51 cyc 0.97 gscc 0.97 in 16/197 | 74.4s
wta|200|1.0|0.15|mnist|51|0.0|1: c1 0.047 c10 0.045 static 0.051 fac1 -0.006 ac1_39 -0.006 sent static 0.044 level 0.031 lock 0.00 move 1.37 period None dead 0.01 | kin 6.07 cyc 0.98 gscc 0.98 in 17/198 | 75.8s
relu|200|1.0|0.3|none|52|0.0|1: c1 0.980 c10 0.980 static 0.975 fac1 0.162 ac1_39 0.164 sent static 0.976 level 0.320 lock 0.00 move 0.205 period None dead 0.00 | kin 11.29 cyc 1.00 gscc 1.00 in 0/0 | 49.1s
tanh|200|1.0|0.3|none|52|0.0|1: c1 -0.003 c10 -0.002 static 0.003 fac1 -0.006 ac1_39 -0.005 sent static 0.003 level 0.000 lock 0.00 move 1.41 period None dead 0.00 | kin 11.29 cyc 1.00 gscc 1.00 in 0/0 | 27.4s
tanh|200|1.0|0.3|none|53|0.0|1: c1 0.003 c10 -0.013 static 0.002 fac1 0.001 ac1_39 0.001 sent static 0.003 level 0.000 lock 0.00 move 1.41 period None dead 0.00 | kin 11.47 cyc 1.00 gscc 1.00 in 0/0 | 27.8s
tri0.3|200|1.0|0.3|none|51|0.0|1: c1 0.912 c10 0.914 static 0.911 fac1 -0.014 ac1_39 -0.015 sent static 0.916 level 0.468 lock 0.00 move 0.433 period None dead 0.00 | kin 11.64 cyc 1.00 gscc 1.00 in 0/0 | 55.5s
tri0.3|200|1.0|0.3|none|52|0.0|1: c1 0.936 c10 0.936 static 0.936 fac1 -0.012 ac1_39 -0.012 sent static 0.936 level 0.466 lock 0.00 move 0.366 period None dead 0.00 | kin 11.29 cyc 1.00 gscc 1.00 in 0/0 | 55.4s
tri0.7|200|1.0|0.3|none|50|0.0|1: c1 0.983 c10 0.983 static 0.982 fac1 0.038 ac1_39 0.038 sent static 0.983 level 0.388 lock 0.00 move 0.192 period None dead 0.00 | kin 11.43 cyc 1.00 gscc 1.00 in 0/0 | 56.5s
kwta4|200|1.0|0.15|mnist|52|0.0|1: c1 0.186 c10 0.185 static 0.192 fac1 -0.007 ac1_39 -0.007 sent static 0.196 level 0.114 lock 0.00 move 1.27 period None dead 0.02 | kin 5.63 cyc 0.98 gscc 0.98 in 6/197 | 91.5s
tanh|200|1.0|0.3|none|50|0.0|1: c1 0.012 c10 0.005 static 0.004 fac1 0.007 ac1_39 0.008 sent static 0.004 level 0.000 lock 0.00 move 1.4 period None dead 0.00 | kin 11.43 cyc 1.00 gscc 1.00 in 0/0 | 49.1s
tri0.7|200|1.0|0.3|none|51|0.0|1: c1 0.971 c10 0.971 static 0.970 fac1 0.027 ac1_39 0.027 sent static 0.972 level 0.384 lock 0.00 move 0.249 period None dead 0.00 | kin 11.64 cyc 1.00 gscc 1.00 in 0/0 | 57.1s
tri0.7|200|1.0|0.3|none|52|0.0|1: c1 0.991 c10 0.991 static 0.991 fac1 -0.049 ac1_39 -0.049 sent static 0.991 level 0.377 lock 0.00 move 0.139 period None dead 0.00 | kin 11.29 cyc 1.00 gscc 1.00 in 0/0 | 57.3s
tanh|200|1.0|0.3|none|51|0.0|1: c1 -0.003 c10 -0.008 static 0.003 fac1 -0.007 ac1_39 -0.007 sent static 0.003 level 0.000 lock 0.00 move 1.42 period None dead 0.00 | kin 11.64 cyc 1.00 gscc 1.00 in 0/0 | 50.2s
tri0.7|200|1.0|0.3|none|53|0.0|1: c1 0.980 c10 0.980 static 0.979 fac1 0.027 ac1_39 0.027 sent static 0.981 level 0.387 lock 0.00 move 0.204 period None dead 0.00 | kin 11.47 cyc 1.00 gscc 1.00 in 0/0 | 57.9s
tri1.0|200|1.0|0.3|none|53|0.0|1: c1 0.930 c10 0.933 static 0.931 fac1 -0.034 ac1_39 -0.033 sent static 0.934 level 0.328 lock 0.00 move 0.388 period None dead 0.00 | kin 11.47 cyc 1.00 gscc 1.00 in 0/0 | 74.4s
sig4_0|200|1.0|0.3|none|53|0.0|1: c1 1.000 c10 1.000 static 1.000 fac1 0.465 ac1_39 0.472 sent static 1.000 level 0.605 lock 1.00 move 2.18e-07 period 1 dead 0.00 | kin 11.47 cyc 1.00 gscc 1.00 in 0/0 | 49.1s
tri0.3|200|1.0|0.3|none|50|0.0|1: c1 0.925 c10 0.923 static 0.922 fac1 0.003 ac1_39 0.003 sent static 0.924 level 0.467 lock 0.00 move 0.399 period None dead 0.00 | kin 11.43 cyc 1.00 gscc 1.00 in 0/0 | 105.1s
sig8_0|200|1.0|0.3|none|51|0.0|1: c1 0.944 c10 0.945 static 0.944 fac1 -0.015 ac1_39 -0.015 sent static 0.948 level 0.552 lock 0.00 move 0.344 period None dead 0.00 | kin 11.64 cyc 1.00 gscc 1.00 in 0/0 | 49.2s
sig8_0|200|1.0|0.3|none|52|0.0|1: c1 0.971 c10 0.971 static 0.970 fac1 -0.003 ac1_39 -0.002 sent static 0.970 level 0.557 lock 0.00 move 0.25 period None dead 0.00 | kin 11.29 cyc 1.00 gscc 1.00 in 0/0 | 48.6s
step0|200|1.0|0.3|none|52|0.0|1: c1 0.812 c10 0.810 static 0.809 fac1 -0.009 ac1_39 -0.009 sent static 0.804 level 0.494 lock 0.00 move 0.63 period None dead 0.00 | kin 11.29 cyc 1.00 gscc 1.00 in 0/0 | 40.6s
step0|200|1.0|0.3|none|53|0.0|1: c1 0.788 c10 0.786 static 0.783 fac1 -0.006 ac1_39 -0.005 sent static 0.793 level 0.499 lock 0.00 move 0.659 period None dead 0.00 | kin 11.47 cyc 1.00 gscc 1.00 in 0/0 | 41.3s
sig8_0|200|1.0|0.3|none|53|0.0|1: c1 0.962 c10 0.963 static 0.961 fac1 -0.030 ac1_39 -0.032 sent static 0.964 level 0.550 lock 0.00 move 0.283 period None dead 0.00 | kin 11.47 cyc 1.00 gscc 1.00 in 0/0 | 49.0s
tri0.3|200|1.0|0.3|none|53|0.0|1: c1 0.923 c10 0.922 static 0.923 fac1 -0.008 ac1_39 -0.009 sent static 0.926 level 0.468 lock 0.00 move 0.4 period None dead 0.00 | kin 11.47 cyc 1.00 gscc 1.00 in 0/0 | 106.2s
sig4_0|200|1.0|0.3|none|50|0.0|1: c1 1.000 c10 1.000 static 1.000 fac1 0.491 ac1_39 0.491 sent static 1.000 level 0.616 lock 1.00 move 2.05e-07 period 1 dead 0.00 | kin 11.43 cyc 1.00 gscc 1.00 in 0/0 | 89.1s
tri1.0|200|1.0|0.3|none|50|0.0|1: c1 0.983 c10 0.986 static 0.985 fac1 -0.203 ac1_39 -0.204 sent static 0.986 level 0.316 lock 0.00 move 0.185 period None dead 0.00 | kin 11.43 cyc 1.00 gscc 1.00 in 0/0 | 105.8s
cstep|200|1.0|0.3|none|51|0.0|1: c1 0.786 c10 0.787 static 0.783 fac1 -0.006 ac1_39 -0.005 sent static 0.789 level 0.502 lock 0.00 move 0.671 period None dead 0.00 | kin 11.64 cyc 1.00 gscc 1.00 in 0/0 | 49.1s
sig4_0|200|1.0|0.3|none|51|0.0|1: c1 1.000 c10 1.000 static 1.000 fac1 0.426 ac1_39 0.426 sent static 1.000 level 0.610 lock 1.00 move 2.35e-07 period 1 dead 0.00 | kin 11.64 cyc 1.00 gscc 1.00 in 0/0 | 90.5s
tri1.0|200|1.0|0.3|none|51|0.0|1: c1 0.956 c10 0.979 static 0.967 fac1 -0.353 ac1_39 -0.356 sent static 0.969 level 0.328 lock 0.00 move 0.303 period None dead 0.00 | kin 11.64 cyc 1.00 gscc 1.00 in 0/0 | 106.0s
tri1.0|200|1.0|0.3|none|52|0.0|1: c1 0.976 c10 0.976 static 0.980 fac1 -0.255 ac1_39 -0.258 sent static 0.981 level 0.328 lock 0.00 move 0.229 period None dead 0.00 | kin 11.29 cyc 1.00 gscc 1.00 in 0/0 | 107.2s
sig4_0|200|1.0|0.3|none|52|0.0|1: c1 1.000 c10 1.000 static 1.000 fac1 0.505 ac1_39 0.502 sent static 1.000 level 0.610 lock 1.00 move 2.04e-07 period 1 dead 0.00 | kin 11.29 cyc 1.00 gscc 1.00 in 0/0 | 90.0s
sign|200|1.0|0.3|none|51|0.0|1: c1 -0.001 c10 0.000 static 0.003 fac1 -0.004 ac1_39 -0.003 sent static 0.003 level 0.000 lock 0.00 move 1.41 period None dead 0.00 | kin 11.64 cyc 1.00 gscc 1.00 in 0/0 | 27.0s
sign|200|1.0|0.3|none|52|0.0|1: c1 -0.001 c10 0.003 static 0.004 fac1 -0.005 ac1_39 -0.004 sent static 0.003 level 0.000 lock 0.00 move 1.41 period None dead 0.00 | kin 11.29 cyc 1.00 gscc 1.00 in 0/0 | 26.9s
sign|200|1.0|0.3|none|53|0.0|1: c1 -0.004 c10 -0.000 static 0.003 fac1 -0.007 ac1_39 -0.008 sent static 0.003 level 0.000 lock 0.00 move 1.42 period None dead 0.00 | kin 11.47 cyc 1.00 gscc 1.00 in 0/0 | 27.1s
cstep|200|1.0|0.3|none|50|0.0|1: c1 0.794 c10 0.791 static 0.791 fac1 -0.002 ac1_39 -0.002 sent static 0.796 level 0.502 lock 0.00 move 0.652 period None dead 0.00 | kin 11.43 cyc 1.00 gscc 1.00 in 0/0 | 71.4s
step0|200|1.0|0.3|none|50|0.0|1: c1 0.805 c10 0.805 static 0.804 fac1 -0.007 ac1_39 -0.007 sent static 0.803 level 0.507 lock 0.00 move 0.639 period None dead 0.00 | kin 11.43 cyc 1.00 gscc 1.00 in 0/0 | 77.2s
cstep|200|1.0|0.3|none|52|0.0|1: c1 0.807 c10 0.808 static 0.806 fac1 -0.007 ac1_39 -0.007 sent static 0.802 level 0.499 lock 0.00 move 0.634 period None dead 0.00 | kin 11.29 cyc 1.00 gscc 1.00 in 0/0 | 49.4s
sig8_0|200|1.0|0.3|none|50|0.0|1: c1 0.971 c10 0.971 static 0.971 fac1 -0.009 ac1_39 -0.008 sent static 0.972 level 0.558 lock 0.00 move 0.252 period None dead 0.00 | kin 11.43 cyc 1.00 gscc 1.00 in 0/0 | 89.8s
step0|200|1.0|0.3|none|51|0.0|1: c1 0.776 c10 0.776 static 0.776 fac1 -0.005 ac1_39 -0.005 sent static 0.780 level 0.494 lock 0.00 move 0.68 period None dead 0.00 | kin 11.64 cyc 1.00 gscc 1.00 in 0/0 | 77.4s
cstep|200|1.0|0.3|none|53|0.0|1: c1 0.789 c10 0.791 static 0.788 fac1 -0.008 ac1_39 -0.009 sent static 0.789 level 0.503 lock 0.00 move 0.658 period None dead 0.00 | kin 11.47 cyc 1.00 gscc 1.00 in 0/0 | 50.0s
sign|200|1.0|0.3|none|50|0.0|1: c1 0.003 c10 -0.003 static 0.003 fac1 -0.001 ac1_39 -0.002 sent static 0.003 level 0.000 lock 0.00 move 1.41 period None dead 0.00 | kin 11.43 cyc 1.00 gscc 1.00 in 0/0 | 48.4s
wta|200|1.0|0.3|none|51|0.0|1: c1 0.034 c10 0.038 static 0.039 fac1 -0.004 ac1_39 -0.004 sent static 0.040 level 0.031 lock 0.00 move 1.39 period None dead 0.00 | kin 11.64 cyc 1.00 gscc 1.00 in 0/0 | 45.7s
raw|200|1.0|0.3|kp1|52|0.0|1: c1 -0.290 c10 0.154 static 0.001 fac1 -0.294 ac1_39 -0.296 sent static 0.001 level 0.000 lock 0.00 move 1.61 period None dead 0.00 | kin 11.29 cyc 1.00 gscc 1.00 in 3/200 | 23.1s
raw|200|1.0|0.3|kp1|53|0.0|1: c1 0.436 c10 0.487 static 0.001 fac1 0.437 ac1_39 0.438 sent static 0.001 level 0.000 lock 0.00 move 1.06 period None dead 0.00 | kin 11.47 cyc 1.00 gscc 1.00 in 3/200 | 23.3s
relu|200|1.0|0.3|kp1|50|0.0|1: c1 0.992 c10 0.990 static 0.993 fac1 -0.132 ac1_39 -0.134 sent static 0.994 level 0.336 lock 0.00 move 0.13 period None dead 0.00 | kin 11.43 cyc 1.00 gscc 1.00 in 3/200 | 27.2s
raw|200|1.0|0.3|kp1|50|0.0|1: c1 -0.433 c10 -0.046 static 0.000 fac1 -0.433 ac1_39 -0.433 sent static 0.000 level 0.000 lock 0.00 move 1.69 period None dead 0.00 | kin 11.43 cyc 1.00 gscc 1.00 in 3/200 | 40.7s
relu|200|1.0|0.3|kp1|51|0.0|1: c1 0.968 c10 0.967 static 0.969 fac1 -0.050 ac1_39 -0.052 sent static 0.969 level 0.326 lock 0.00 move 0.262 period None dead 0.00 | kin 11.64 cyc 1.00 gscc 1.00 in 3/200 | 27.7s
relu|200|1.0|0.3|kp1|53|0.0|1: c1 0.920 c10 0.924 static 0.923 fac1 -0.063 ac1_39 -0.063 sent static 0.927 level 0.334 lock 0.00 move 0.409 period None dead 0.00 | kin 11.47 cyc 1.00 gscc 1.00 in 3/200 | 27.9s
kwta4|200|1.0|0.3|none|51|0.0|1: c1 0.187 c10 0.192 static 0.192 fac1 -0.006 ac1_39 -0.006 sent static 0.192 level 0.114 lock 0.00 move 1.27 period None dead 0.00 | kin 11.64 cyc 1.00 gscc 1.00 in 0/0 | 53.5s
raw|200|1.0|0.3|kp1|51|0.0|1: c1 0.460 c10 -0.109 static 0.130 fac1 0.376 ac1_39 0.379 sent static 0.130 level 0.002 lock 0.00 move 1.04 period None dead 0.00 | kin 11.64 cyc 1.00 gscc 1.00 in 3/200 | 40.9s
wta|200|1.0|0.3|none|50|0.0|1: c1 0.036 c10 0.036 static 0.040 fac1 -0.003 ac1_39 -0.003 sent static 0.041 level 0.031 lock 0.00 move 1.39 period None dead 0.00 | kin 11.43 cyc 1.00 gscc 1.00 in 0/0 | 80.2s
relu|200|1.0|0.3|kp1|52|0.0|1: c1 0.975 c10 0.979 static 0.974 fac1 -0.015 ac1_39 -0.015 sent static 0.975 level 0.319 lock 0.00 move 0.233 period None dead 0.00 | kin 11.29 cyc 1.00 gscc 1.00 in 3/200 | 49.5s
wta|200|1.0|0.3|none|52|0.0|1: c1 0.038 c10 0.036 static 0.041 fac1 -0.004 ac1_39 -0.004 sent static 0.041 level 0.031 lock 0.00 move 1.39 period None dead 0.00 | kin 11.29 cyc 1.00 gscc 1.00 in 0/0 | 85.9s
wta|200|1.0|0.3|none|53|0.0|1: c1 0.036 c10 0.038 static 0.039 fac1 -0.006 ac1_39 -0.005 sent static 0.040 level 0.031 lock 0.00 move 1.39 period None dead 0.00 | kin 11.47 cyc 1.00 gscc 1.00 in 0/0 | 86.5s
tri0.3|200|1.0|0.3|kp1|52|0.0|1: c1 0.935 c10 0.936 static 0.935 fac1 -0.013 ac1_39 -0.013 sent static 0.935 level 0.465 lock 0.00 move 0.368 period None dead 0.00 | kin 11.29 cyc 1.00 gscc 1.00 in 3/200 | 55.6s
tri0.7|200|1.0|0.3|kp1|50|0.0|1: c1 0.981 c10 0.982 static 0.981 fac1 -0.023 ac1_39 -0.025 sent static 0.982 level 0.387 lock 0.00 move 0.201 period None dead 0.00 | kin 11.43 cyc 1.00 gscc 1.00 in 3/200 | 56.8s
tri0.7|200|1.0|0.3|kp1|51|0.0|1: c1 0.971 c10 0.971 static 0.970 fac1 0.009 ac1_39 0.008 sent static 0.972 level 0.384 lock 0.00 move 0.25 period None dead 0.00 | kin 11.64 cyc 1.00 gscc 1.00 in 3/200 | 57.3s
tri0.7|200|1.0|0.3|kp1|52|0.0|1: c1 0.987 c10 0.986 static 0.988 fac1 -0.084 ac1_39 -0.088 sent static 0.988 level 0.381 lock 0.00 move 0.167 period None dead 0.00 | kin 11.29 cyc 1.00 gscc 1.00 in 3/200 | 57.3s
tri0.7|200|1.0|0.3|kp1|53|0.0|1: c1 0.979 c10 0.978 static 0.979 fac1 -0.002 ac1_39 -0.002 sent static 0.980 level 0.388 lock 0.00 move 0.212 period None dead 0.00 | kin 11.47 cyc 1.00 gscc 1.00 in 3/200 | 57.8s
tri1.0|200|1.0|0.3|kp1|51|0.0|1: c1 0.954 c10 0.971 static 0.964 fac1 -0.278 ac1_39 -0.281 sent static 0.965 level 0.327 lock 0.00 move 0.304 period None dead 0.00 | kin 11.64 cyc 1.00 gscc 1.00 in 3/200 | 56.0s
tri1.0|200|1.0|0.3|kp1|52|0.0|1: c1 0.979 c10 0.977 static 0.981 fac1 -0.145 ac1_39 -0.145 sent static 0.982 level 0.327 lock 0.00 move 0.215 period None dead 0.00 | kin 11.29 cyc 1.00 gscc 1.00 in 3/200 | 56.0s
tanh|200|1.0|0.3|kp1|50|0.0|1: c1 -0.005 c10 0.018 static 0.005 fac1 -0.012 ac1_39 -0.012 sent static 0.005 level 0.000 lock 0.00 move 1.42 period None dead 0.00 | kin 11.43 cyc 1.00 gscc 1.00 in 3/200 | 49.5s
kwta4|200|1.0|0.3|none|50|0.0|1: c1 0.187 c10 0.188 static 0.193 fac1 -0.004 ac1_39 -0.005 sent static 0.192 level 0.115 lock 0.00 move 1.27 period None dead 0.00 | kin 11.43 cyc 1.00 gscc 1.00 in 0/0 | 105.0s
kwta4|200|1.0|0.3|none|52|0.0|1: c1 0.184 c10 0.189 static 0.192 fac1 -0.010 ac1_39 -0.009 sent static 0.190 level 0.115 lock 0.00 move 1.27 period None dead 0.00 | kin 11.29 cyc 1.00 gscc 1.00 in 0/0 | 105.5s
kwta4|200|1.0|0.3|none|53|0.0|1: c1 0.182 c10 0.182 static 0.189 fac1 -0.006 ac1_39 -0.005 sent static 0.187 level 0.115 lock 0.00 move 1.28 period None dead 0.00 | kin 11.47 cyc 1.00 gscc 1.00 in 0/0 | 106.4s
tri1.0|200|1.0|0.3|kp1|53|0.0|1: c1 0.930 c10 0.935 static 0.930 fac1 -0.037 ac1_39 -0.036 sent static 0.935 level 0.328 lock 0.00 move 0.39 period None dead 0.00 | kin 11.47 cyc 1.00 gscc 1.00 in 3/200 | 56.6s
tanh|200|1.0|0.3|kp1|51|0.0|1: c1 -0.020 c10 -0.003 static 0.003 fac1 -0.022 ac1_39 -0.021 sent static 0.003 level 0.000 lock 0.00 move 1.43 period None dead 0.00 | kin 11.64 cyc 1.00 gscc 1.00 in 3/200 | 47.4s
tanh|200|1.0|0.3|kp1|52|0.0|1: c1 -0.001 c10 -0.004 static 0.004 fac1 -0.006 ac1_39 -0.005 sent static 0.004 level 0.000 lock 0.00 move 1.42 period None dead 0.00 | kin 11.29 cyc 1.00 gscc 1.00 in 3/200 | 50.3s
tanh|200|1.0|0.3|kp1|53|0.0|1: c1 0.005 c10 0.004 static 0.004 fac1 0.002 ac1_39 0.002 sent static 0.004 level 0.000 lock 0.00 move 1.41 period None dead 0.00 | kin 11.47 cyc 1.00 gscc 1.00 in 3/200 | 50.4s
tri0.3|200|1.0|0.3|kp1|50|0.0|1: c1 0.923 c10 0.924 static 0.923 fac1 -0.015 ac1_39 -0.015 sent static 0.924 level 0.468 lock 0.00 move 0.402 period None dead 0.00 | kin 11.43 cyc 1.00 gscc 1.00 in 3/200 | 105.2s
tri0.3|200|1.0|0.3|kp1|51|0.0|1: c1 0.913 c10 0.913 static 0.911 fac1 -0.010 ac1_39 -0.010 sent static 0.916 level 0.470 lock 0.00 move 0.433 period None dead 0.00 | kin 11.64 cyc 1.00 gscc 1.00 in 3/200 | 105.8s
sig4_0|200|1.0|0.3|kp1|51|0.0|1: c1 1.000 c10 1.000 static 1.000 fac1 -0.240 ac1_39 -0.264 sent static 1.000 level 0.608 lock 0.01 move 0.0271 period 4 dead 0.00 | kin 11.64 cyc 1.00 gscc 1.00 in 3/200 | 49.1s
tri0.3|200|1.0|0.3|kp1|53|0.0|1: c1 0.925 c10 0.925 static 0.924 fac1 -0.013 ac1_39 -0.013 sent static 0.929 level 0.465 lock 0.00 move 0.398 period None dead 0.00 | kin 11.47 cyc 1.00 gscc 1.00 in 3/200 | 107.1s
sig4_0|200|1.0|0.3|kp1|52|0.0|1: c1 1.000 c10 1.000 static 1.000 fac1 -0.329 ac1_39 -0.329 sent static 1.000 level 0.609 lock 0.08 move 0.0235 period 4 dead 0.00 | kin 11.29 cyc 1.00 gscc 1.00 in 3/200 | 49.2s
sig8_0|200|1.0|0.3|kp1|50|0.0|1: c1 0.971 c10 0.971 static 0.971 fac1 -0.018 ac1_39 -0.019 sent static 0.971 level 0.559 lock 0.00 move 0.252 period None dead 0.00 | kin 11.43 cyc 1.00 gscc 1.00 in 3/200 | 48.5s
sig4_0|200|1.0|0.3|kp1|53|0.0|1: c1 1.000 c10 1.000 static 1.000 fac1 -0.498 ac1_39 -0.462 sent static 1.000 level 0.604 lock 0.01 move 0.0267 period 4 dead 0.00 | kin 11.47 cyc 1.00 gscc 1.00 in 3/200 | 49.4s
sig8_0|200|1.0|0.3|kp1|51|0.0|1: c1 0.944 c10 0.944 static 0.944 fac1 -0.011 ac1_39 -0.011 sent static 0.948 level 0.551 lock 0.00 move 0.346 period None dead 0.00 | kin 11.64 cyc 1.00 gscc 1.00 in 3/200 | 49.1s
tri1.0|200|1.0|0.3|kp1|50|0.0|1: c1 0.984 c10 0.986 static 0.983 fac1 0.033 ac1_39 0.027 sent static 0.984 level 0.315 lock 0.00 move 0.183 period None dead 0.00 | kin 11.43 cyc 1.00 gscc 1.00 in 3/200 | 106.0s
sig8_0|200|1.0|0.3|kp1|52|0.0|1: c1 0.970 c10 0.971 static 0.970 fac1 -0.009 ac1_39 -0.010 sent static 0.971 level 0.557 lock 0.00 move 0.251 period None dead 0.00 | kin 11.29 cyc 1.00 gscc 1.00 in 3/200 | 48.8s
cstep|200|1.0|0.3|kp1|50|0.0|1: c1 0.795 c10 0.795 static 0.792 fac1 -0.004 ac1_39 -0.005 sent static 0.796 level 0.502 lock 0.00 move 0.651 period None dead 0.00 | kin 11.43 cyc 1.00 gscc 1.00 in 3/200 | 48.6s
sign|200|1.0|0.3|kp1|52|0.0|1: c1 0.000 c10 -0.004 static 0.003 fac1 -0.002 ac1_39 -0.002 sent static 0.003 level 0.000 lock 0.00 move 1.41 period None dead 0.00 | kin 11.29 cyc 1.00 gscc 1.00 in 3/200 | 27.0s
cstep|200|1.0|0.3|kp1|51|0.0|1: c1 0.782 c10 0.783 static 0.783 fac1 -0.008 ac1_39 -0.008 sent static 0.788 level 0.501 lock 0.00 move 0.674 period None dead 0.00 | kin 11.64 cyc 1.00 gscc 1.00 in 3/200 | 49.3s
sig4_0|200|1.0|0.3|kp1|50|0.0|1: c1 1.000 c10 1.000 static 1.000 fac1 -0.331 ac1_39 -0.350 sent static 1.000 level 0.616 lock 0.07 move 0.0213 period 4 dead 0.00 | kin 11.43 cyc 1.00 gscc 1.00 in 3/200 | 90.5s
sign|200|1.0|0.3|kp1|50|0.0|1: c1 -0.005 c10 0.009 static 0.003 fac1 -0.009 ac1_39 -0.007 sent static 0.003 level 0.000 lock 0.00 move 1.42 period None dead 0.00 | kin 11.43 cyc 1.00 gscc 1.00 in 3/200 | 48.4s
sign|200|1.0|0.3|kp1|51|0.0|1: c1 -0.002 c10 0.002 static 0.003 fac1 -0.006 ac1_39 -0.006 sent static 0.003 level 0.000 lock 0.00 move 1.42 period None dead 0.00 | kin 11.64 cyc 1.00 gscc 1.00 in 3/200 | 49.1s
step0|200|1.0|0.3|kp1|50|0.0|1: c1 0.804 c10 0.803 static 0.803 fac1 -0.004 ac1_39 -0.004 sent static 0.801 level 0.509 lock 0.00 move 0.64 period None dead 0.00 | kin 11.43 cyc 1.00 gscc 1.00 in 3/200 | 78.2s
step0|200|1.0|0.3|kp1|51|0.0|1: c1 0.774 c10 0.773 static 0.774 fac1 -0.002 ac1_39 -0.002 sent static 0.777 level 0.494 lock 0.00 move 0.68 period None dead 0.00 | kin 11.64 cyc 1.00 gscc 1.00 in 3/200 | 78.5s
step0|200|1.0|0.3|kp1|52|0.0|1: c1 0.809 c10 0.811 static 0.807 fac1 -0.007 ac1_39 -0.005 sent static 0.804 level 0.496 lock 0.00 move 0.631 period None dead 0.00 | kin 11.29 cyc 1.00 gscc 1.00 in 3/200 | 78.7s
wta|200|1.0|0.3|kp1|50|0.0|1: c1 0.038 c10 0.038 static 0.040 fac1 -0.002 ac1_39 -0.002 sent static 0.040 level 0.031 lock 0.00 move 1.39 period None dead 0.00 | kin 11.43 cyc 1.00 gscc 1.00 in 3/200 | 44.4s
step0|200|1.0|0.3|kp1|53|0.0|1: c1 0.788 c10 0.788 static 0.782 fac1 -0.007 ac1_39 -0.008 sent static 0.794 level 0.500 lock 0.00 move 0.66 period None dead 0.00 | kin 11.47 cyc 1.00 gscc 1.00 in 3/200 | 79.0s
raw|200|1.0|0.3|mnist|50|0.0|1: c1 -0.377 c10 0.003 static 0.030 fac1 -0.422 ac1_39 -0.421 sent static 0.030 level 0.000 lock 0.00 move 1.66 period None dead 0.00 | kin 11.43 cyc 1.00 gscc 1.00 in 16/200 | 22.9s
sig8_0|200|1.0|0.3|kp1|53|0.0|1: c1 0.961 c10 0.962 static 0.960 fac1 -0.012 ac1_39 -0.011 sent static 0.963 level 0.551 lock 0.00 move 0.281 period None dead 0.00 | kin 11.47 cyc 1.00 gscc 1.00 in 3/200 | 85.0s
wta|200|1.0|0.3|kp1|51|0.0|1: c1 0.035 c10 0.036 static 0.040 fac1 -0.005 ac1_39 -0.005 sent static 0.040 level 0.031 lock 0.00 move 1.39 period None dead 0.00 | kin 11.64 cyc 1.00 gscc 1.00 in 3/200 | 45.9s
wta|200|1.0|0.3|kp1|52|0.0|1: c1 0.034 c10 0.038 static 0.041 fac1 -0.007 ac1_39 -0.006 sent static 0.040 level 0.031 lock 0.00 move 1.39 period None dead 0.00 | kin 11.29 cyc 1.00 gscc 1.00 in 3/200 | 45.9s
sign|200|1.0|0.3|kp1|53|0.0|1: c1 -0.003 c10 -0.001 static 0.003 fac1 -0.005 ac1_39 -0.006 sent static 0.003 level 0.000 lock 0.00 move 1.42 period None dead 0.00 | kin 11.47 cyc 1.00 gscc 1.00 in 3/200 | 49.9s
wta|200|1.0|0.3|kp1|53|0.0|1: c1 0.037 c10 0.035 static 0.040 fac1 -0.004 ac1_39 -0.003 sent static 0.041 level 0.031 lock 0.00 move 1.39 period None dead 0.00 | kin 11.47 cyc 1.00 gscc 1.00 in 3/200 | 46.3s
kwta4|200|1.0|0.3|kp1|51|0.0|1: c1 0.183 c10 0.188 static 0.189 fac1 -0.007 ac1_39 -0.007 sent static 0.192 level 0.115 lock 0.00 move 1.27 period None dead 0.00 | kin 11.64 cyc 1.00 gscc 1.00 in 3/200 | 53.6s
kwta4|200|1.0|0.3|kp1|52|0.0|1: c1 0.191 c10 0.191 static 0.195 fac1 -0.004 ac1_39 -0.003 sent static 0.193 level 0.115 lock 0.00 move 1.27 period None dead 0.00 | kin 11.29 cyc 1.00 gscc 1.00 in 3/200 | 53.7s
relu|200|1.0|0.3|mnist|53|0.0|1: c1 0.909 c10 0.911 static 0.910 fac1 -0.036 ac1_39 -0.036 sent static 0.915 level 0.333 lock 0.00 move 0.441 period None dead 0.00 | kin 11.47 cyc 1.00 gscc 1.00 in 16/200 | 27.4s
kwta4|200|1.0|0.3|kp1|53|0.0|1: c1 0.186 c10 0.188 static 0.189 fac1 -0.003 ac1_39 -0.003 sent static 0.188 level 0.115 lock 0.00 move 1.27 period None dead 0.00 | kin 11.47 cyc 1.00 gscc 1.00 in 3/200 | 54.3s
cstep|200|1.0|0.3|kp1|52|0.0|1: c1 0.807 c10 0.809 static 0.805 fac1 -0.006 ac1_39 -0.006 sent static 0.800 level 0.498 lock 0.00 move 0.633 period None dead 0.00 | kin 11.29 cyc 1.00 gscc 1.00 in 3/200 | 94.3s
raw|200|1.0|0.3|mnist|51|0.0|1: c1 0.463 c10 0.843 static 0.435 fac1 0.055 ac1_39 0.050 sent static 0.435 level 0.005 lock 0.00 move 1.05 period None dead 0.00 | kin 11.64 cyc 1.00 gscc 1.00 in 17/200 | 40.8s
raw|200|1.0|0.3|mnist|52|0.0|1: c1 -0.285 c10 0.166 static 0.008 fac1 -0.298 ac1_39 -0.301 sent static 0.008 level 0.000 lock 0.00 move 1.61 period None dead 0.00 | kin 11.29 cyc 1.00 gscc 1.00 in 6/200 | 40.5s
raw|200|1.0|0.3|mnist|53|0.0|1: c1 0.407 c10 0.384 static 0.065 fac1 0.367 ac1_39 0.369 sent static 0.065 level 0.001 lock 0.00 move 1.08 period None dead 0.00 | kin 11.47 cyc 1.00 gscc 1.00 in 16/200 | 41.5s
cstep|200|1.0|0.3|kp1|53|0.0|1: c1 0.791 c10 0.790 static 0.788 fac1 -0.000 ac1_39 -0.001 sent static 0.792 level 0.503 lock 0.00 move 0.653 period None dead 0.00 | kin 11.47 cyc 1.00 gscc 1.00 in 3/200 | 95.0s
relu|200|1.0|0.3|mnist|50|0.0|1: c1 0.971 c10 0.972 static 0.972 fac1 -0.062 ac1_39 -0.061 sent static 0.974 level 0.335 lock 0.00 move 0.251 period None dead 0.00 | kin 11.43 cyc 1.00 gscc 1.00 in 16/200 | 48.8s
relu|200|1.0|0.3|mnist|51|0.0|1: c1 0.950 c10 0.955 static 0.953 fac1 -0.063 ac1_39 -0.064 sent static 0.954 level 0.322 lock 0.00 move 0.323 period None dead 0.00 | kin 11.64 cyc 1.00 gscc 1.00 in 17/200 | 49.2s
relu|200|1.0|0.3|mnist|52|0.0|1: c1 0.965 c10 0.971 static 0.965 fac1 -0.019 ac1_39 -0.020 sent static 0.966 level 0.319 lock 0.00 move 0.27 period None dead 0.00 | kin 11.29 cyc 1.00 gscc 1.00 in 6/200 | 49.0s
tri0.3|200|1.0|0.3|mnist|51|0.0|1: c1 0.910 c10 0.911 static 0.909 fac1 -0.007 ac1_39 -0.006 sent static 0.913 level 0.470 lock 0.00 move 0.439 period None dead 0.00 | kin 11.64 cyc 1.00 gscc 1.00 in 17/200 | 55.8s
tri0.3|200|1.0|0.3|mnist|53|0.0|1: c1 0.919 c10 0.919 static 0.919 fac1 -0.012 ac1_39 -0.012 sent static 0.924 level 0.468 lock 0.00 move 0.413 period None dead 0.00 | kin 11.47 cyc 1.00 gscc 1.00 in 16/200 | 56.4s
tri0.7|200|1.0|0.3|mnist|50|0.0|1: c1 0.967 c10 0.967 static 0.966 fac1 -0.008 ac1_39 -0.007 sent static 0.969 level 0.387 lock 0.00 move 0.269 period None dead 0.00 | kin 11.43 cyc 1.00 gscc 1.00 in 16/200 | 56.8s
tri0.7|200|1.0|0.3|mnist|52|0.0|1: c1 0.986 c10 0.986 static 0.986 fac1 -0.017 ac1_39 -0.017 sent static 0.986 level 0.381 lock 0.00 move 0.176 period None dead 0.00 | kin 11.29 cyc 1.00 gscc 1.00 in 6/200 | 57.3s
kwta4|200|1.0|0.3|kp1|50|0.0|1: c1 0.191 c10 0.195 static 0.198 fac1 -0.006 ac1_39 -0.006 sent static 0.195 level 0.115 lock 0.00 move 1.27 period None dead 0.00 | kin 11.43 cyc 1.00 gscc 1.00 in 3/200 | 105.3s
tri0.7|200|1.0|0.3|mnist|53|0.0|1: c1 0.965 c10 0.965 static 0.963 fac1 0.003 ac1_39 0.002 sent static 0.968 level 0.387 lock 0.00 move 0.275 period None dead 0.00 | kin 11.47 cyc 1.00 gscc 1.00 in 16/200 | 57.9s
tanh|200|1.0|0.3|mnist|50|0.0|1: c1 0.017 c10 0.020 static 0.022 fac1 -0.005 ac1_39 -0.004 sent static 0.020 level 0.000 lock 0.00 move 1.4 period None dead 0.00 | kin 11.43 cyc 1.00 gscc 1.00 in 16/200 | 49.5s
tanh|200|1.0|0.3|mnist|51|0.0|1: c1 0.019 c10 0.005 static 0.013 fac1 0.007 ac1_39 0.006 sent static 0.012 level 0.000 lock 0.00 move 1.4 period None dead 0.00 | kin 11.64 cyc 1.00 gscc 1.00 in 17/200 | 49.8s
tri1.0|200|1.0|0.3|mnist|50|0.0|1: c1 0.951 c10 0.950 static 0.950 fac1 -0.003 ac1_39 -0.001 sent static 0.953 level 0.315 lock 0.00 move 0.321 period None dead 0.00 | kin 11.43 cyc 1.00 gscc 1.00 in 16/200 | 55.5s
tri1.0|200|1.0|0.3|mnist|51|0.0|1: c1 0.947 c10 0.952 static 0.951 fac1 -0.095 ac1_39 -0.095 sent static 0.955 level 0.328 lock 0.00 move 0.329 period None dead 0.00 | kin 11.64 cyc 1.00 gscc 1.00 in 17/200 | 55.9s
tri1.0|200|1.0|0.3|mnist|52|0.0|1: c1 0.979 c10 0.979 static 0.979 fac1 -0.037 ac1_39 -0.039 sent static 0.980 level 0.328 lock 0.00 move 0.214 period None dead 0.00 | kin 11.29 cyc 1.00 gscc 1.00 in 6/200 | 55.8s
tanh|200|1.0|0.3|mnist|52|0.0|1: c1 -0.008 c10 -0.013 static 0.006 fac1 -0.015 ac1_39 -0.015 sent static 0.006 level 0.000 lock 0.00 move 1.42 period None dead 0.00 | kin 11.29 cyc 1.00 gscc 1.00 in 6/200 | 50.1s
tanh|200|1.0|0.3|mnist|53|0.0|1: c1 0.015 c10 0.005 static 0.011 fac1 0.004 ac1_39 0.002 sent static 0.011 level 0.000 lock 0.00 move 1.41 period None dead 0.00 | kin 11.47 cyc 1.00 gscc 1.00 in 16/200 | 50.5s
tri0.3|200|1.0|0.3|mnist|50|0.0|1: c1 0.918 c10 0.918 static 0.917 fac1 -0.007 ac1_39 -0.007 sent static 0.921 level 0.469 lock 0.00 move 0.413 period None dead 0.00 | kin 11.43 cyc 1.00 gscc 1.00 in 16/200 | 104.2s
sig8_0|200|1.0|0.3|mnist|50|0.0|1: c1 0.965 c10 0.965 static 0.965 fac1 -0.013 ac1_39 -0.012 sent static 0.966 level 0.565 lock 0.00 move 0.276 period None dead 0.00 | kin 11.43 cyc 1.00 gscc 1.00 in 16/200 | 48.4s
sig4_0|200|1.0|0.3|mnist|53|0.0|1: c1 0.998 c10 0.998 static 0.998 fac1 -0.023 ac1_39 -0.021 sent static 0.999 level 0.604 lock 0.00 move 0.0874 period None dead 0.00 | kin 11.47 cyc 1.00 gscc 1.00 in 16/200 | 49.5s
tri0.3|200|1.0|0.3|mnist|52|0.0|1: c1 0.936 c10 0.936 static 0.935 fac1 -0.001 ac1_39 -0.000 sent static 0.934 level 0.465 lock 0.00 move 0.369 period None dead 0.00 | kin 11.29 cyc 1.00 gscc 1.00 in 6/200 | 106.2s
sig8_0|200|1.0|0.3|mnist|51|0.0|1: c1 0.942 c10 0.942 static 0.943 fac1 -0.021 ac1_39 -0.020 sent static 0.945 level 0.550 lock 0.00 move 0.348 period None dead 0.00 | kin 11.64 cyc 1.00 gscc 1.00 in 17/200 | 49.1s
tri0.7|200|1.0|0.3|mnist|51|0.0|1: c1 0.962 c10 0.962 static 0.961 fac1 0.007 ac1_39 0.007 sent static 0.964 level 0.383 lock 0.00 move 0.288 period None dead 0.00 | kin 11.64 cyc 1.00 gscc 1.00 in 17/200 | 107.2s
sig8_0|200|1.0|0.3|mnist|52|0.0|1: c1 0.969 c10 0.969 static 0.968 fac1 0.008 ac1_39 0.008 sent static 0.968 level 0.556 lock 0.00 move 0.259 period None dead 0.00 | kin 11.29 cyc 1.00 gscc 1.00 in 6/200 | 49.0s
step0|200|1.0|0.3|mnist|50|0.0|1: c1 0.803 c10 0.800 static 0.801 fac1 -0.005 ac1_39 -0.004 sent static 0.803 level 0.507 lock 0.00 move 0.641 period None dead 0.00 | kin 11.43 cyc 1.00 gscc 1.00 in 16/200 | 40.4s
step0|200|1.0|0.3|mnist|53|0.0|1: c1 0.787 c10 0.786 static 0.783 fac1 -0.008 ac1_39 -0.008 sent static 0.793 level 0.501 lock 0.00 move 0.661 period None dead 0.00 | kin 11.47 cyc 1.00 gscc 1.00 in 16/200 | 41.3s
cstep|200|1.0|0.3|mnist|50|0.0|1: c1 0.790 c10 0.792 static 0.788 fac1 -0.009 ac1_39 -0.008 sent static 0.795 level 0.501 lock 0.00 move 0.655 period None dead 0.00 | kin 11.43 cyc 1.00 gscc 1.00 in 16/200 | 48.6s
cstep|200|1.0|0.3|mnist|51|0.0|1: c1 0.782 c10 0.783 static 0.782 fac1 -0.004 ac1_39 -0.004 sent static 0.788 level 0.500 lock 0.00 move 0.672 period None dead 0.00 | kin 11.64 cyc 1.00 gscc 1.00 in 17/200 | 49.3s
sign|200|1.0|0.3|mnist|51|0.0|1: c1 0.002 c10 0.006 static 0.004 fac1 -0.002 ac1_39 -0.002 sent static 0.004 level 0.000 lock 0.00 move 1.41 period None dead 0.00 | kin 11.64 cyc 1.00 gscc 1.00 in 17/200 | 27.0s
sign|200|1.0|0.3|mnist|52|0.0|1: c1 0.003 c10 0.002 static 0.003 fac1 -0.000 ac1_39 -0.000 sent static 0.003 level 0.000 lock 0.00 move 1.41 period None dead 0.00 | kin 11.29 cyc 1.00 gscc 1.00 in 6/200 | 26.9s
sig4_0|200|1.0|0.3|mnist|50|0.0|1: c1 0.998 c10 0.998 static 0.998 fac1 -0.011 ac1_39 -0.013 sent static 0.999 level 0.619 lock 0.00 move 0.0812 period None dead 0.00 | kin 11.43 cyc 1.00 gscc 1.00 in 16/200 | 90.2s
tri1.0|200|1.0|0.3|mnist|53|0.0|1: c1 0.909 c10 0.916 static 0.908 fac1 -0.012 ac1_39 -0.012 sent static 0.913 level 0.329 lock 0.00 move 0.441 period None dead 0.00 | kin 11.47 cyc 1.00 gscc 1.00 in 16/200 | 107.9s
sig4_0|200|1.0|0.3|mnist|51|0.0|1: c1 0.998 c10 0.998 static 0.998 fac1 -0.029 ac1_39 -0.030 sent static 0.999 level 0.608 lock 0.00 move 0.0844 period None dead 0.00 | kin 11.64 cyc 1.00 gscc 1.00 in 17/200 | 90.9s
sig4_0|200|1.0|0.3|mnist|52|0.0|1: c1 1.000 c10 1.000 static 1.000 fac1 -0.005 ac1_39 -0.008 sent static 1.000 level 0.608 lock 0.00 move 0.0494 period None dead 0.00 | kin 11.29 cyc 1.00 gscc 1.00 in 6/200 | 91.2s
cstep|200|1.0|0.3|mnist|52|0.0|1: c1 0.808 c10 0.808 static 0.805 fac1 -0.007 ac1_39 -0.007 sent static 0.802 level 0.500 lock 0.00 move 0.633 period None dead 0.00 | kin 11.29 cyc 1.00 gscc 1.00 in 6/200 | 64.2s
sign|200|1.0|0.3|mnist|50|0.0|1: c1 -0.006 c10 -0.002 static 0.004 fac1 -0.010 ac1_39 -0.009 sent static 0.004 level 0.000 lock 0.00 move 1.42 period None dead 0.00 | kin 11.43 cyc 1.00 gscc 1.00 in 16/200 | 48.2s
step0|200|1.0|0.3|mnist|51|0.0|1: c1 0.773 c10 0.773 static 0.772 fac1 -0.009 ac1_39 -0.008 sent static 0.777 level 0.493 lock 0.00 move 0.684 period None dead 0.00 | kin 11.64 cyc 1.00 gscc 1.00 in 17/200 | 77.6s
step0|200|1.0|0.3|mnist|52|0.0|1: c1 0.810 c10 0.810 static 0.808 fac1 -0.010 ac1_39 -0.009 sent static 0.805 level 0.496 lock 0.00 move 0.631 period None dead 0.00 | kin 11.29 cyc 1.00 gscc 1.00 in 6/200 | 77.7s
sign|200|1.0|0.3|mnist|53|0.0|1: c1 0.005 c10 -0.001 static 0.004 fac1 -0.001 ac1_39 -0.001 sent static 0.004 level 0.000 lock 0.00 move 1.41 period None dead 0.00 | kin 11.47 cyc 1.00 gscc 1.00 in 16/200 | 49.8s
sig8_0|200|1.0|0.3|mnist|53|0.0|1: c1 0.956 c10 0.956 static 0.956 fac1 -0.009 ac1_39 -0.009 sent static 0.958 level 0.549 lock 0.00 move 0.303 period None dead 0.00 | kin 11.47 cyc 1.00 gscc 1.00 in 16/200 | 92.2s
wta|200|1.0|0.3|mnist|52|0.0|1: c1 0.040 c10 0.038 static 0.041 fac1 -0.002 ac1_39 -0.002 sent static 0.041 level 0.031 lock 0.00 move 1.38 period None dead 0.00 | kin 11.29 cyc 1.00 gscc 1.00 in 6/200 | 45.6s
raw|200|1.0|0.6|none|50|0.0|1: c1 -0.124 c10 -0.080 static 0.000 fac1 -0.120 ac1_39 -0.121 sent static 0.000 level 0.000 lock 0.00 move 1.5 period None dead 0.00 | kin 22.89 cyc 1.00 gscc 1.00 in 0/0 | 28.2s
wta|200|1.0|0.3|mnist|53|0.0|1: c1 0.038 c10 0.038 static 0.042 fac1 -0.005 ac1_39 -0.005 sent static 0.041 level 0.031 lock 0.00 move 1.38 period None dead 0.00 | kin 11.47 cyc 1.00 gscc 1.00 in 16/200 | 46.5s
kwta4|200|1.0|0.3|mnist|50|0.0|1: c1 0.186 c10 0.185 static 0.189 fac1 -0.002 ac1_39 -0.002 sent static 0.192 level 0.115 lock 0.00 move 1.27 period None dead 0.00 | kin 11.43 cyc 1.00 gscc 1.00 in 16/200 | 52.8s
cstep|200|1.0|0.3|mnist|53|0.0|1: c1 0.790 c10 0.790 static 0.787 fac1 -0.007 ac1_39 -0.007 sent static 0.790 level 0.504 lock 0.00 move 0.66 period None dead 0.00 | kin 11.47 cyc 1.00 gscc 1.00 in 16/200 | 95.1s
relu|200|1.0|0.6|none|51|0.0|1: c1 0.979 c10 0.987 static 0.983 fac1 -0.332 ac1_39 -0.339 sent static 0.984 level 0.320 lock 0.00 move 0.218 period None dead 0.00 | kin 22.93 cyc 1.00 gscc 1.00 in 0/0 | 34.1s
kwta4|200|1.0|0.3|mnist|51|0.0|1: c1 0.190 c10 0.190 static 0.194 fac1 -0.003 ac1_39 -0.004 sent static 0.192 level 0.115 lock 0.00 move 1.27 period None dead 0.00 | kin 11.64 cyc 1.00 gscc 1.00 in 17/200 | 53.6s
raw|200|1.0|0.6|none|52|0.0|1: c1 0.453 c10 0.578 static 0.545 fac1 -0.215 ac1_39 -0.214 sent static 0.545 level 0.007 lock 0.00 move 1.05 period None dead 0.00 | kin 22.79 cyc 1.00 gscc 1.00 in 0/0 | 50.0s
kwta4|200|1.0|0.3|mnist|52|0.0|1: c1 0.190 c10 0.192 static 0.194 fac1 -0.006 ac1_39 -0.005 sent static 0.191 level 0.115 lock 0.00 move 1.27 period None dead 0.00 | kin 11.29 cyc 1.00 gscc 1.00 in 6/200 | 53.5s
raw|200|1.0|0.6|none|51|0.0|1: c1 0.140 c10 0.812 static 0.476 fac1 -0.647 ac1_39 -0.648 sent static 0.476 level 0.005 lock 0.00 move 1.31 period None dead 0.00 | kin 22.93 cyc 1.00 gscc 1.00 in 0/0 | 50.7s
raw|200|1.0|0.6|none|53|0.0|1: c1 0.334 c10 0.637 static 0.095 fac1 0.269 ac1_39 0.269 sent static 0.095 level 0.002 lock 0.00 move 1.15 period None dead 0.00 | kin 22.93 cyc 1.00 gscc 1.00 in 0/0 | 50.2s
kwta4|200|1.0|0.3|mnist|53|0.0|1: c1 0.185 c10 0.184 static 0.189 fac1 -0.003 ac1_39 -0.002 sent static 0.189 level 0.115 lock 0.00 move 1.27 period None dead 0.00 | kin 11.47 cyc 1.00 gscc 1.00 in 16/200 | 53.7s
wta|200|1.0|0.3|mnist|50|0.0|1: c1 0.041 c10 0.042 static 0.042 fac1 -0.003 ac1_39 -0.004 sent static 0.041 level 0.031 lock 0.00 move 1.38 period None dead 0.00 | kin 11.43 cyc 1.00 gscc 1.00 in 16/200 | 79.8s
wta|200|1.0|0.3|mnist|51|0.0|1: c1 0.038 c10 0.039 static 0.042 fac1 -0.006 ac1_39 -0.005 sent static 0.041 level 0.031 lock 0.00 move 1.38 period None dead 0.00 | kin 11.64 cyc 1.00 gscc 1.00 in 17/200 | 86.9s
relu|200|1.0|0.6|none|50|0.0|1: c1 0.983 c10 0.992 static 0.986 fac1 -0.323 ac1_39 -0.324 sent static 0.986 level 0.329 lock 0.00 move 0.195 period None dead 0.00 | kin 22.89 cyc 1.00 gscc 1.00 in 0/0 | 60.7s
relu|200|1.0|0.6|none|52|0.0|1: c1 0.918 c10 0.922 static 0.923 fac1 -0.095 ac1_39 -0.095 sent static 0.924 level 0.312 lock 0.00 move 0.416 period None dead 0.00 | kin 22.79 cyc 1.00 gscc 1.00 in 0/0 | 60.2s
relu|200|1.0|0.6|none|53|0.0|1: c1 0.960 c10 0.962 static 0.958 fac1 0.029 ac1_39 0.030 sent static 0.960 level 0.329 lock 0.00 move 0.288 period None dead 0.00 | kin 22.93 cyc 1.00 gscc 1.00 in 0/0 | 60.7s
tanh|200|1.0|0.6|none|52|0.0|1: c1 0.003 c10 0.018 static 0.003 fac1 -0.000 ac1_39 -0.001 sent static 0.003 level 0.000 lock 0.00 move 1.42 period None dead 0.00 | kin 22.79 cyc 1.00 gscc 1.00 in 0/0 | 34.2s
tri0.3|200|1.0|0.6|none|53|0.0|1: c1 0.921 c10 0.922 static 0.920 fac1 -0.009 ac1_39 -0.010 sent static 0.924 level 0.470 lock 0.00 move 0.407 period None dead 0.00 | kin 22.93 cyc 1.00 gscc 1.00 in 0/0 | 70.7s
tri0.7|200|1.0|0.6|none|50|0.0|1: c1 0.989 c10 0.989 static 0.989 fac1 -0.055 ac1_39 -0.053 sent static 0.990 level 0.385 lock 0.00 move 0.151 period None dead 0.00 | kin 22.89 cyc 1.00 gscc 1.00 in 0/0 | 72.0s
tri0.7|200|1.0|0.6|none|51|0.0|1: c1 0.986 c10 0.987 static 0.987 fac1 -0.075 ac1_39 -0.075 sent static 0.987 level 0.380 lock 0.00 move 0.175 period None dead 0.00 | kin 22.93 cyc 1.00 gscc 1.00 in 0/0 | 72.4s
tanh|200|1.0|0.6|none|51|0.0|1: c1 -0.001 c10 0.035 static 0.003 fac1 -0.005 ac1_39 -0.005 sent static 0.003 level 0.000 lock 0.00 move 1.42 period None dead 0.00 | kin 22.93 cyc 1.00 gscc 1.00 in 0/0 | 60.7s
tanh|200|1.0|0.6|none|50|0.0|1: c1 -0.022 c10 -0.021 static 0.004 fac1 -0.026 ac1_39 -0.025 sent static 0.004 level 0.000 lock 0.00 move 1.43 period None dead 0.00 | kin 22.89 cyc 1.00 gscc 1.00 in 0/0 | 62.5s
tanh|200|1.0|0.6|none|53|0.0|1: c1 -0.009 c10 0.003 static 0.004 fac1 -0.013 ac1_39 -0.014 sent static 0.004 level 0.000 lock 0.00 move 1.42 period None dead 0.00 | kin 22.93 cyc 1.00 gscc 1.00 in 0/0 | 61.8s
tri1.0|200|1.0|0.6|none|50|0.0|1: c1 0.989 c10 0.992 static 0.993 fac1 -0.531 ac1_39 -0.537 sent static 0.993 level 0.326 lock 0.00 move 0.151 period None dead 0.00 | kin 22.89 cyc 1.00 gscc 1.00 in 0/0 | 73.3s
tri1.0|200|1.0|0.6|none|51|0.0|1: c1 0.969 c10 0.976 static 0.978 fac1 -0.440 ac1_39 -0.443 sent static 0.979 level 0.330 lock 0.00 move 0.253 period None dead 0.00 | kin 22.93 cyc 1.00 gscc 1.00 in 0/0 | 75.8s
tri1.0|200|1.0|0.6|none|53|0.0|1: c1 0.953 c10 0.959 static 0.955 fac1 -0.091 ac1_39 -0.093 sent static 0.957 level 0.334 lock 0.00 move 0.325 period None dead 0.00 | kin 22.93 cyc 1.00 gscc 1.00 in 0/0 | 81.1s
tri0.7|200|1.0|0.6|none|53|0.0|1: c1 0.979 c10 0.981 static 0.980 fac1 -0.029 ac1_39 -0.029 sent static 0.980 level 0.390 lock 0.00 move 0.21 period None dead 0.00 | kin 22.93 cyc 1.00 gscc 1.00 in 0/0 | 95.2s
tri0.3|200|1.0|0.6|none|50|0.0|1: c1 0.929 c10 0.930 static 0.928 fac1 -0.009 ac1_39 -0.009 sent static 0.931 level 0.467 lock 0.00 move 0.385 period None dead 0.00 | kin 22.89 cyc 1.00 gscc 1.00 in 0/0 | 126.9s
tri0.7|200|1.0|0.6|none|52|0.0|1: c1 0.980 c10 0.981 static 0.981 fac1 -0.075 ac1_39 -0.075 sent static 0.982 level 0.389 lock 0.00 move 0.206 period None dead 0.00 | kin 22.79 cyc 1.00 gscc 1.00 in 0/0 | 115.1s
tri0.3|200|1.0|0.6|none|51|0.0|1: c1 0.914 c10 0.915 static 0.913 fac1 -0.009 ac1_39 -0.009 sent static 0.917 level 0.464 lock 0.00 move 0.426 period None dead 0.00 | kin 22.93 cyc 1.00 gscc 1.00 in 0/0 | 134.8s
tri0.3|200|1.0|0.6|none|52|0.0|1: c1 0.918 c10 0.917 static 0.916 fac1 0.002 ac1_39 0.001 sent static 0.919 level 0.465 lock 0.00 move 0.417 period None dead 0.00 | kin 22.79 cyc 1.00 gscc 1.00 in 0/0 | 133.2s
sig4_0|200|1.0|0.6|none|51|0.0|1: c1 1.000 c10 1.000 static 1.000 fac1 0.352 ac1_39 0.363 sent static 1.000 level 0.605 lock 1.00 move 2.61e-07 period 1 dead 0.00 | kin 22.93 cyc 1.00 gscc 1.00 in 0/0 | 114.1s
sig4_0|200|1.0|0.6|none|50|0.0|1: c1 1.000 c10 1.000 static 1.000 fac1 0.424 ac1_39 0.430 sent static 1.000 level 0.615 lock 1.00 move 2.35e-07 period 1 dead 0.00 | kin 22.89 cyc 1.00 gscc 1.00 in 0/0 | 117.2s
sig8_0|200|1.0|0.6|none|50|0.0|1: c1 0.978 c10 0.977 static 0.977 fac1 0.023 ac1_39 0.021 sent static 0.978 level 0.552 lock 0.00 move 0.214 period None dead 0.00 | kin 22.89 cyc 1.00 gscc 1.00 in 0/0 | 94.4s
sig8_0|200|1.0|0.6|none|52|0.0|1: c1 0.951 c10 0.951 static 0.951 fac1 -0.027 ac1_39 -0.025 sent static 0.952 level 0.546 lock 0.00 move 0.323 period None dead 0.00 | kin 22.79 cyc 1.00 gscc 1.00 in 0/0 | 89.6s
tri1.0|200|1.0|0.6|none|52|0.0|1: c1 0.937 c10 0.941 static 0.939 fac1 -0.077 ac1_39 -0.076 sent static 0.942 level 0.328 lock 0.00 move 0.368 period None dead 0.00 | kin 22.79 cyc 1.00 gscc 1.00 in 0/0 | 140.1s
sig8_0|200|1.0|0.6|none|51|0.0|1: c1 0.954 c10 0.954 static 0.953 fac1 -0.001 ac1_39 -0.002 sent static 0.955 level 0.554 lock 0.00 move 0.314 period None dead 0.00 | kin 22.93 cyc 1.00 gscc 1.00 in 0/0 | 95.8s
sig4_0|200|1.0|0.6|none|52|0.0|1: c1 1.000 c10 1.000 static 1.000 fac1 0.361 ac1_39 0.361 sent static 1.000 level 0.607 lock 1.00 move 2.61e-07 period 1 dead 0.00 | kin 22.79 cyc 1.00 gscc 1.00 in 0/0 | 114.4s
sig4_0|200|1.0|0.6|none|53|0.0|1: c1 1.000 c10 1.000 static 1.000 fac1 0.377 ac1_39 0.387 sent static 1.000 level 0.616 lock 1.00 move 2.49e-07 period 1 dead 0.00 | kin 22.93 cyc 1.00 gscc 1.00 in 0/0 | 112.8s
sig8_0|200|1.0|0.6|none|53|0.0|1: c1 0.964 c10 0.964 static 0.963 fac1 -0.006 ac1_39 -0.005 sent static 0.966 level 0.560 lock 0.00 move 0.275 period None dead 0.00 | kin 22.93 cyc 1.00 gscc 1.00 in 0/0 | 93.9s
step0|200|1.0|0.6|none|51|0.0|1: c1 0.777 c10 0.779 static 0.776 fac1 -0.011 ac1_39 -0.011 sent static 0.780 level 0.496 lock 0.00 move 0.677 period None dead 0.00 | kin 22.93 cyc 1.00 gscc 1.00 in 0/0 | 83.2s
step0|200|1.0|0.6|none|53|0.0|1: c1 0.791 c10 0.791 static 0.786 fac1 -0.002 ac1_39 -0.003 sent static 0.792 level 0.498 lock 0.00 move 0.658 period None dead 0.00 | kin 22.93 cyc 1.00 gscc 1.00 in 0/0 | 86.8s
step0|200|1.0|0.6|none|50|0.0|1: c1 0.807 c10 0.808 static 0.807 fac1 -0.010 ac1_39 -0.010 sent static 0.805 level 0.503 lock 0.00 move 0.631 period None dead 0.00 | kin 22.89 cyc 1.00 gscc 1.00 in 0/0 | 94.2s
sign|200|1.0|0.6|none|51|0.0|1: c1 -0.003 c10 -0.004 static 0.003 fac1 -0.006 ac1_39 -0.007 sent static 0.003 level 0.000 lock 0.00 move 1.42 period None dead 0.00 | kin 22.93 cyc 1.00 gscc 1.00 in 0/0 | 52.2s
sign|200|1.0|0.6|none|52|0.0|1: c1 -0.001 c10 -0.001 static 0.003 fac1 -0.005 ac1_39 -0.004 sent static 0.003 level 0.000 lock 0.00 move 1.41 period None dead 0.00 | kin 22.79 cyc 1.00 gscc 1.00 in 0/0 | 53.7s
sign|200|1.0|0.6|none|50|0.0|1: c1 -0.004 c10 -0.003 static 0.003 fac1 -0.008 ac1_39 -0.006 sent static 0.003 level 0.000 lock 0.00 move 1.42 period None dead 0.00 | kin 22.89 cyc 1.00 gscc 1.00 in 0/0 | 59.1s
step0|200|1.0|0.6|none|52|0.0|1: c1 0.785 c10 0.784 static 0.782 fac1 -0.004 ac1_39 -0.004 sent static 0.783 level 0.490 lock 0.00 move 0.672 period None dead 0.00 | kin 22.79 cyc 1.00 gscc 1.00 in 0/0 | 99.9s
sign|200|1.0|0.6|none|53|0.0|1: c1 0.000 c10 -0.000 static 0.003 fac1 -0.002 ac1_39 -0.002 sent static 0.003 level 0.000 lock 0.00 move 1.41 period None dead 0.00 | kin 22.93 cyc 1.00 gscc 1.00 in 0/0 | 64.2s
cstep|200|1.0|0.6|none|50|0.0|1: c1 0.795 c10 0.797 static 0.796 fac1 -0.008 ac1_39 -0.008 sent static 0.796 level 0.503 lock 0.00 move 0.646 period None dead 0.00 | kin 22.89 cyc 1.00 gscc 1.00 in 0/0 | 119.9s
cstep|200|1.0|0.6|none|51|0.0|1: c1 0.782 c10 0.782 static 0.782 fac1 -0.004 ac1_39 -0.004 sent static 0.785 level 0.497 lock 0.00 move 0.668 period None dead 0.00 | kin 22.93 cyc 1.00 gscc 1.00 in 0/0 | 119.5s
raw|200|1.0|0.6|kp1|50|0.0|1: c1 -0.151 c10 -0.059 static 0.002 fac1 -0.152 ac1_39 -0.149 sent static 0.002 level 0.000 lock 0.00 move 1.52 period None dead 0.00 | kin 22.89 cyc 1.00 gscc 1.00 in 3/200 | 54.9s
raw|200|1.0|0.6|kp1|52|0.0|1: c1 0.494 c10 0.599 static 0.536 fac1 -0.098 ac1_39 -0.099 sent static 0.536 level 0.007 lock 0.00 move 1.01 period None dead 0.00 | kin 22.79 cyc 1.00 gscc 1.00 in 3/200 | 45.7s
cstep|200|1.0|0.6|none|52|0.0|1: c1 0.788 c10 0.789 static 0.784 fac1 -0.007 ac1_39 -0.007 sent static 0.784 level 0.497 lock 0.00 move 0.664 period None dead 0.00 | kin 22.79 cyc 1.00 gscc 1.00 in 0/0 | 115.6s
raw|200|1.0|0.6|kp1|53|0.0|1: c1 0.357 c10 0.639 static 0.127 fac1 0.269 ac1_39 0.269 sent static 0.127 level 0.002 lock 0.00 move 1.13 period None dead 0.00 | kin 22.93 cyc 1.00 gscc 1.00 in 3/200 | 47.3s
raw|200|1.0|0.6|kp1|51|0.0|1: c1 0.100 c10 0.798 static 0.449 fac1 -0.642 ac1_39 -0.643 sent static 0.449 level 0.005 lock 0.00 move 1.34 period None dead 0.00 | kin 22.93 cyc 1.00 gscc 1.00 in 3/200 | 54.5s
relu|200|1.0|0.6|kp1|51|0.0|1: c1 0.984 c10 0.989 static 0.987 fac1 -0.256 ac1_39 -0.257 sent static 0.987 level 0.323 lock 0.00 move 0.184 period None dead 0.00 | kin 22.93 cyc 1.00 gscc 1.00 in 3/200 | 54.8s
cstep|200|1.0|0.6|none|53|0.0|1: c1 0.785 c10 0.786 static 0.784 fac1 -0.009 ac1_39 -0.009 sent static 0.791 level 0.503 lock 0.00 move 0.664 period None dead 0.00 | kin 22.93 cyc 1.00 gscc 1.00 in 0/0 | 122.2s
relu|200|1.0|0.6|kp1|50|0.0|1: c1 0.978 c10 0.991 static 0.983 fac1 -0.392 ac1_39 -0.394 sent static 0.983 level 0.329 lock 0.00 move 0.22 period None dead 0.00 | kin 22.89 cyc 1.00 gscc 1.00 in 3/200 | 62.1s
relu|200|1.0|0.6|kp1|52|0.0|1: c1 0.921 c10 0.924 static 0.926 fac1 -0.104 ac1_39 -0.104 sent static 0.926 level 0.312 lock 0.00 move 0.405 period None dead 0.00 | kin 22.79 cyc 1.00 gscc 1.00 in 3/200 | 60.4s
wta|200|1.0|0.6|none|50|0.0|1: c1 0.033 c10 0.036 static 0.040 fac1 -0.007 ac1_39 -0.007 sent static 0.040 level 0.031 lock 0.00 move 1.39 period None dead 0.00 | kin 22.89 cyc 1.00 gscc 1.00 in 0/0 | 99.0s
wta|200|1.0|0.6|none|51|0.0|1: c1 0.037 c10 0.038 static 0.039 fac1 -0.004 ac1_39 -0.003 sent static 0.040 level 0.031 lock 0.00 move 1.39 period None dead 0.00 | kin 22.93 cyc 1.00 gscc 1.00 in 0/0 | 104.0s
wta|200|1.0|0.6|none|53|0.0|1: c1 0.033 c10 0.036 static 0.038 fac1 -0.005 ac1_39 -0.005 sent static 0.040 level 0.031 lock 0.00 move 1.39 period None dead 0.00 | kin 22.93 cyc 1.00 gscc 1.00 in 0/0 | 101.4s
kwta4|200|1.0|0.6|none|52|0.0|1: c1 0.190 c10 0.189 static 0.190 fac1 -0.003 ac1_39 -0.003 sent static 0.191 level 0.114 lock 0.00 move 1.27 period None dead 0.00 | kin 22.79 cyc 1.00 gscc 1.00 in 0/0 | 106.2s
wta|200|1.0|0.6|none|52|0.0|1: c1 0.036 c10 0.035 static 0.039 fac1 -0.003 ac1_39 -0.004 sent static 0.040 level 0.031 lock 0.00 move 1.39 period None dead 0.00 | kin 22.79 cyc 1.00 gscc 1.00 in 0/0 | 113.3s
kwta4|200|1.0|0.6|none|50|0.0|1: c1 0.193 c10 0.192 static 0.201 fac1 -0.010 ac1_39 -0.010 sent static 0.195 level 0.115 lock 0.00 move 1.27 period None dead 0.00 | kin 22.89 cyc 1.00 gscc 1.00 in 0/0 | 115.0s
relu|200|1.0|0.6|kp1|53|0.0|1: c1 0.961 c10 0.962 static 0.960 fac1 -0.010 ac1_39 -0.010 sent static 0.963 level 0.328 lock 0.00 move 0.287 period None dead 0.00 | kin 22.93 cyc 1.00 gscc 1.00 in 3/200 | 67.4s
kwta4|200|1.0|0.6|none|51|0.0|1: c1 0.189 c10 0.190 static 0.194 fac1 -0.008 ac1_39 -0.007 sent static 0.195 level 0.115 lock 0.00 move 1.27 period None dead 0.00 | kin 22.93 cyc 1.00 gscc 1.00 in 0/0 | 129.0s
kwta4|200|1.0|0.6|none|53|0.0|1: c1 0.185 c10 0.180 static 0.185 fac1 -0.002 ac1_39 -0.003 sent static 0.191 level 0.115 lock 0.00 move 1.28 period None dead 0.00 | kin 22.93 cyc 1.00 gscc 1.00 in 0/0 | 135.6s
tanh|200|1.0|0.6|kp1|50|0.0|1: c1 0.016 c10 0.034 static 0.004 fac1 0.013 ac1_39 0.012 sent static 0.004 level 0.000 lock 0.00 move 1.4 period None dead 0.00 | kin 22.89 cyc 1.00 gscc 1.00 in 3/200 | 64.2s
tanh|200|1.0|0.6|kp1|52|0.0|1: c1 0.001 c10 0.008 static 0.003 fac1 -0.002 ac1_39 -0.002 sent static 0.003 level 0.000 lock 0.00 move 1.41 period None dead 0.00 | kin 22.79 cyc 1.00 gscc 1.00 in 3/200 | 56.3s
tanh|200|1.0|0.6|kp1|53|0.0|1: c1 0.007 c10 -0.008 static 0.005 fac1 0.003 ac1_39 0.004 sent static 0.005 level 0.000 lock 0.00 move 1.41 period None dead 0.00 | kin 22.93 cyc 1.00 gscc 1.00 in 3/200 | 57.2s
tanh|200|1.0|0.6|kp1|51|0.0|1: c1 -0.011 c10 0.001 static 0.006 fac1 -0.017 ac1_39 -0.018 sent static 0.006 level 0.000 lock 0.00 move 1.42 period None dead 0.00 | kin 22.93 cyc 1.00 gscc 1.00 in 3/200 | 71.9s
tri0.3|200|1.0|0.6|kp1|53|0.0|1: c1 0.922 c10 0.921 static 0.920 fac1 -0.011 ac1_39 -0.011 sent static 0.924 level 0.471 lock 0.00 move 0.408 period None dead 0.00 | kin 22.93 cyc 1.00 gscc 1.00 in 3/200 | 113.4s
tri0.3|200|1.0|0.6|kp1|51|0.0|1: c1 0.917 c10 0.916 static 0.916 fac1 -0.005 ac1_39 -0.004 sent static 0.919 level 0.464 lock 0.00 move 0.423 period None dead 0.00 | kin 22.93 cyc 1.00 gscc 1.00 in 3/200 | 117.1s
tri0.3|200|1.0|0.6|kp1|50|0.0|1: c1 0.928 c10 0.928 static 0.927 fac1 -0.013 ac1_39 -0.013 sent static 0.930 level 0.466 lock 0.00 move 0.386 period None dead 0.00 | kin 22.89 cyc 1.00 gscc 1.00 in 3/200 | 127.1s
tri0.7|200|1.0|0.6|kp1|50|0.0|1: c1 0.989 c10 0.990 static 0.990 fac1 -0.072 ac1_39 -0.073 sent static 0.990 level 0.387 lock 0.00 move 0.151 period None dead 0.00 | kin 22.89 cyc 1.00 gscc 1.00 in 3/200 | 126.8s
tri0.7|200|1.0|0.6|kp1|52|0.0|1: c1 0.979 c10 0.980 static 0.980 fac1 -0.063 ac1_39 -0.065 sent static 0.981 level 0.390 lock 0.00 move 0.21 period None dead 0.00 | kin 22.79 cyc 1.00 gscc 1.00 in 3/200 | 129.5s
tri0.7|200|1.0|0.6|kp1|51|0.0|1: c1 0.985 c10 0.985 static 0.985 fac1 -0.065 ac1_39 -0.066 sent static 0.986 level 0.381 lock 0.00 move 0.184 period None dead 0.00 | kin 22.93 cyc 1.00 gscc 1.00 in 3/200 | 134.3s
tri0.3|200|1.0|0.6|kp1|52|0.0|1: c1 0.918 c10 0.916 static 0.916 fac1 -0.000 ac1_39 -0.000 sent static 0.918 level 0.465 lock 0.00 move 0.419 period None dead 0.00 | kin 22.79 cyc 1.00 gscc 1.00 in 3/200 | 144.3s
tri1.0|200|1.0|0.6|kp1|51|0.0|1: c1 0.973 c10 0.980 static 0.980 fac1 -0.366 ac1_39 -0.369 sent static 0.981 level 0.328 lock 0.00 move 0.236 period None dead 0.00 | kin 22.93 cyc 1.00 gscc 1.00 in 3/200 | 122.3s
tri1.0|200|1.0|0.6|kp1|53|0.0|1: c1 0.951 c10 0.961 static 0.955 fac1 -0.116 ac1_39 -0.119 sent static 0.957 level 0.334 lock 0.00 move 0.326 period None dead 0.00 | kin 22.93 cyc 1.00 gscc 1.00 in 3/200 | 118.8s
tri0.7|200|1.0|0.6|kp1|53|0.0|1: c1 0.978 c10 0.979 static 0.978 fac1 -0.029 ac1_39 -0.030 sent static 0.979 level 0.389 lock 0.00 move 0.216 period None dead 0.00 | kin 22.93 cyc 1.00 gscc 1.00 in 3/200 | 129.4s
sig4_0|200|1.0|0.6|kp1|51|0.0|1: c1 1.000 c10 1.000 static 1.000 fac1 -0.287 ac1_39 -0.313 sent static 1.000 level 0.605 lock 0.06 move 0.0201 period 4 dead 0.00 | kin 22.93 cyc 1.00 gscc 1.00 in 3/200 | 96.2s
sig4_0|200|1.0|0.6|kp1|52|0.0|1: c1 1.000 c10 1.000 static 1.000 fac1 -0.370 ac1_39 -0.365 sent static 1.000 level 0.607 lock 0.06 move 0.0199 period 4 dead 0.00 | kin 22.79 cyc 1.00 gscc 1.00 in 3/200 | 87.1s
tri1.0|200|1.0|0.6|kp1|50|0.0|1: c1 0.990 c10 0.993 static 0.993 fac1 -0.477 ac1_39 -0.484 sent static 0.993 level 0.326 lock 0.00 move 0.146 period None dead 0.00 | kin 22.89 cyc 1.00 gscc 1.00 in 3/200 | 135.9s
sig4_0|200|1.0|0.6|kp1|50|0.0|1: c1 1.000 c10 1.000 static 1.000 fac1 -0.399 ac1_39 -0.391 sent static 1.000 level 0.615 lock 0.20 move 0.017 period 4 dead 0.00 | kin 22.89 cyc 1.00 gscc 1.00 in 3/200 | 114.7s
tri1.0|200|1.0|0.6|kp1|52|0.0|1: c1 0.926 c10 0.935 static 0.934 fac1 -0.142 ac1_39 -0.141 sent static 0.936 level 0.327 lock 0.00 move 0.396 period None dead 0.00 | kin 22.79 cyc 1.00 gscc 1.00 in 3/200 | 148.9s
sign|200|1.0|0.6|kp1|50|0.0|1: c1 -0.006 c10 -0.002 static 0.003 fac1 -0.010 ac1_39 -0.009 sent static 0.003 level 0.000 lock 0.00 move 1.42 period None dead 0.00 | kin 22.89 cyc 1.00 gscc 1.00 in 3/200 | 33.4s
step0|200|1.0|0.6|kp1|51|0.0|1: c1 0.781 c10 0.781 static 0.777 fac1 -0.001 ac1_39 -0.001 sent static 0.781 level 0.496 lock 0.00 move 0.674 period None dead 0.00 | kin 22.93 cyc 1.00 gscc 1.00 in 3/200 | 66.1s
sign|200|1.0|0.6|kp1|52|0.0|1: c1 -0.001 c10 -0.002 static 0.003 fac1 -0.005 ac1_39 -0.004 sent static 0.003 level 0.000 lock 0.00 move 1.41 period None dead 0.00 | kin 22.79 cyc 1.00 gscc 1.00 in 3/200 | 33.3s
sign|200|1.0|0.6|kp1|53|0.0|1: c1 -0.002 c10 -0.002 static 0.003 fac1 -0.006 ac1_39 -0.006 sent static 0.003 level 0.000 lock 0.00 move 1.42 period None dead 0.00 | kin 22.93 cyc 1.00 gscc 1.00 in 3/200 | 33.8s
cstep|200|1.0|0.6|kp1|50|0.0|1: c1 0.796 c10 0.796 static 0.795 fac1 -0.004 ac1_39 -0.003 sent static 0.796 level 0.501 lock 0.00 move 0.644 period None dead 0.00 | kin 22.89 cyc 1.00 gscc 1.00 in 3/200 | 62.0s
cstep|200|1.0|0.6|kp1|51|0.0|1: c1 0.781 c10 0.783 static 0.781 fac1 -0.005 ac1_39 -0.004 sent static 0.784 level 0.497 lock 0.00 move 0.67 period None dead 0.00 | kin 22.93 cyc 1.00 gscc 1.00 in 3/200 | 62.4s
cstep|200|1.0|0.6|kp1|52|0.0|1: c1 0.787 c10 0.787 static 0.782 fac1 -0.003 ac1_39 -0.004 sent static 0.781 level 0.498 lock 0.00 move 0.665 period None dead 0.00 | kin 22.79 cyc 1.00 gscc 1.00 in 3/200 | 62.7s
sig4_0|200|1.0|0.6|kp1|53|0.0|1: c1 1.000 c10 1.000 static 1.000 fac1 -0.500 ac1_39 -0.459 sent static 1.000 level 0.617 lock 0.03 move 0.0206 period 4 dead 0.00 | kin 22.93 cyc 1.00 gscc 1.00 in 3/200 | 128.2s
cstep|200|1.0|0.6|kp1|53|0.0|1: c1 0.786 c10 0.787 static 0.784 fac1 -0.006 ac1_39 -0.005 sent static 0.791 level 0.502 lock 0.00 move 0.666 period None dead 0.00 | kin 22.93 cyc 1.00 gscc 1.00 in 3/200 | 62.7s
sign|200|1.0|0.6|kp1|51|0.0|1: c1 -0.004 c10 0.004 static 0.003 fac1 -0.007 ac1_39 -0.006 sent static 0.003 level 0.000 lock 0.00 move 1.42 period None dead 0.00 | kin 22.93 cyc 1.00 gscc 1.00 in 3/200 | 60.8s
step0|200|1.0|0.6|kp1|50|0.0|1: c1 0.808 c10 0.810 static 0.807 fac1 -0.007 ac1_39 -0.007 sent static 0.806 level 0.504 lock 0.00 move 0.629 period None dead 0.00 | kin 22.89 cyc 1.00 gscc 1.00 in 3/200 | 95.5s
sig8_0|200|1.0|0.6|kp1|50|0.0|1: c1 0.976 c10 0.976 static 0.976 fac1 -0.004 ac1_39 -0.003 sent static 0.977 level 0.552 lock 0.00 move 0.223 period None dead 0.00 | kin 22.89 cyc 1.00 gscc 1.00 in 3/200 | 112.1s
sig8_0|200|1.0|0.6|kp1|51|0.0|1: c1 0.952 c10 0.952 static 0.952 fac1 -0.017 ac1_39 -0.018 sent static 0.954 level 0.554 lock 0.00 move 0.32 period None dead 0.00 | kin 22.93 cyc 1.00 gscc 1.00 in 3/200 | 109.5s
step0|200|1.0|0.6|kp1|52|0.0|1: c1 0.784 c10 0.783 static 0.781 fac1 -0.008 ac1_39 -0.009 sent static 0.781 level 0.494 lock 0.00 move 0.672 period None dead 0.00 | kin 22.79 cyc 1.00 gscc 1.00 in 3/200 | 96.7s
step0|200|1.0|0.6|kp1|53|0.0|1: c1 0.790 c10 0.788 static 0.787 fac1 -0.002 ac1_39 -0.002 sent static 0.792 level 0.499 lock 0.00 move 0.656 period None dead 0.00 | kin 22.93 cyc 1.00 gscc 1.00 in 3/200 | 93.1s
sig8_0|200|1.0|0.6|kp1|53|0.0|1: c1 0.964 c10 0.964 static 0.963 fac1 -0.010 ac1_39 -0.011 sent static 0.965 level 0.560 lock 0.00 move 0.275 period None dead 0.00 | kin 22.93 cyc 1.00 gscc 1.00 in 3/200 | 112.6s
sig8_0|200|1.0|0.6|kp1|52|0.0|1: c1 0.951 c10 0.951 static 0.951 fac1 -0.014 ac1_39 -0.013 sent static 0.953 level 0.545 lock 0.00 move 0.322 period None dead 0.00 | kin 22.79 cyc 1.00 gscc 1.00 in 3/200 | 119.4s
raw|200|1.0|0.6|mnist|50|0.0|1: c1 -0.238 c10 -0.144 static 0.013 fac1 -0.255 ac1_39 -0.254 sent static 0.013 level 0.000 lock 0.00 move 1.57 period None dead 0.00 | kin 22.89 cyc 1.00 gscc 1.00 in 16/200 | 28.3s
raw|200|1.0|0.6|mnist|51|0.0|1: c1 -0.000 c10 0.687 static 0.361 fac1 -0.572 ac1_39 -0.573 sent static 0.361 level 0.004 lock 0.00 move 1.42 period None dead 0.00 | kin 22.93 cyc 1.00 gscc 1.00 in 17/200 | 28.6s
raw|200|1.0|0.6|mnist|53|0.0|1: c1 0.512 c10 0.765 static 0.340 fac1 0.271 ac1_39 0.271 sent static 0.340 level 0.005 lock 0.00 move 0.982 period None dead 0.00 | kin 22.93 cyc 1.00 gscc 1.00 in 16/200 | 28.7s
wta|200|1.0|0.6|kp1|53|0.0|1: c1 0.036 c10 0.035 static 0.039 fac1 -0.003 ac1_39 -0.003 sent static 0.040 level 0.031 lock 0.00 move 1.39 period None dead 0.00 | kin 22.93 cyc 1.00 gscc 1.00 in 3/200 | 58.2s
kwta4|200|1.0|0.6|kp1|50|0.0|1: c1 0.193 c10 0.195 static 0.196 fac1 -0.005 ac1_39 -0.005 sent static 0.194 level 0.115 lock 0.00 move 1.27 period None dead 0.00 | kin 22.89 cyc 1.00 gscc 1.00 in 3/200 | 67.5s
kwta4|200|1.0|0.6|kp1|51|0.0|1: c1 0.193 c10 0.193 static 0.195 fac1 -0.005 ac1_39 -0.004 sent static 0.195 level 0.115 lock 0.00 move 1.27 period None dead 0.00 | kin 22.93 cyc 1.00 gscc 1.00 in 3/200 | 66.8s
raw|200|1.0|0.6|mnist|52|0.0|1: c1 0.351 c10 0.565 static 0.567 fac1 -0.498 ac1_39 -0.499 sent static 0.567 level 0.008 lock 0.00 move 1.14 period None dead 0.00 | kin 22.79 cyc 1.00 gscc 1.00 in 6/200 | 50.0s
kwta4|200|1.0|0.6|kp1|52|0.0|1: c1 0.190 c10 0.190 static 0.195 fac1 -0.006 ac1_39 -0.005 sent static 0.191 level 0.115 lock 0.00 move 1.27 period None dead 0.00 | kin 22.79 cyc 1.00 gscc 1.00 in 3/200 | 67.0s
wta|200|1.0|0.6|kp1|50|0.0|1: c1 0.035 c10 0.040 static 0.041 fac1 -0.005 ac1_39 -0.006 sent static 0.040 level 0.031 lock 0.00 move 1.39 period None dead 0.00 | kin 22.89 cyc 1.00 gscc 1.00 in 3/200 | 107.4s
kwta4|200|1.0|0.6|kp1|53|0.0|1: c1 0.182 c10 0.180 static 0.187 fac1 -0.006 ac1_39 -0.005 sent static 0.189 level 0.115 lock 0.00 move 1.28 period None dead 0.00 | kin 22.93 cyc 1.00 gscc 1.00 in 3/200 | 67.6s
relu|200|1.0|0.6|mnist|50|0.0|1: c1 0.978 c10 0.979 static 0.979 fac1 -0.057 ac1_39 -0.056 sent static 0.979 level 0.331 lock 0.00 move 0.216 period None dead 0.00 | kin 22.89 cyc 1.00 gscc 1.00 in 16/200 | 60.6s
relu|200|1.0|0.6|mnist|52|0.0|1: c1 0.923 c10 0.925 static 0.924 fac1 -0.051 ac1_39 -0.050 sent static 0.926 level 0.312 lock 0.00 move 0.405 period None dead 0.00 | kin 22.79 cyc 1.00 gscc 1.00 in 6/200 | 60.7s
relu|200|1.0|0.6|mnist|51|0.0|1: c1 0.975 c10 0.977 static 0.976 fac1 -0.066 ac1_39 -0.065 sent static 0.976 level 0.321 lock 0.00 move 0.237 period None dead 0.00 | kin 22.93 cyc 1.00 gscc 1.00 in 17/200 | 60.7s
relu|200|1.0|0.6|mnist|53|0.0|1: c1 0.954 c10 0.956 static 0.952 fac1 -0.004 ac1_39 -0.004 sent static 0.956 level 0.328 lock 0.00 move 0.313 period None dead 0.00 | kin 22.93 cyc 1.00 gscc 1.00 in 16/200 | 61.4s
wta|200|1.0|0.6|kp1|51|0.0|1: c1 0.036 c10 0.035 static 0.039 fac1 -0.003 ac1_39 -0.002 sent static 0.040 level 0.031 lock 0.00 move 1.39 period None dead 0.00 | kin 22.93 cyc 1.00 gscc 1.00 in 3/200 | 106.9s
wta|200|1.0|0.6|kp1|52|0.0|1: c1 0.037 c10 0.034 static 0.039 fac1 -0.003 ac1_39 -0.004 sent static 0.040 level 0.031 lock 0.00 move 1.39 period None dead 0.00 | kin 22.79 cyc 1.00 gscc 1.00 in 3/200 | 109.0s
tri0.7|200|1.0|0.6|mnist|50|0.0|1: c1 0.982 c10 0.983 static 0.983 fac1 -0.059 ac1_39 -0.059 sent static 0.984 level 0.388 lock 0.00 move 0.196 period None dead 0.00 | kin 22.89 cyc 1.00 gscc 1.00 in 16/200 | 71.9s
tanh|200|1.0|0.6|mnist|51|0.0|1: c1 0.018 c10 0.048 static 0.021 fac1 -0.005 ac1_39 -0.005 sent static 0.020 level 0.000 lock 0.00 move 1.41 period None dead 0.00 | kin 22.93 cyc 1.00 gscc 1.00 in 17/200 | 34.4s
tri0.7|200|1.0|0.6|mnist|51|0.0|1: c1 0.980 c10 0.980 static 0.980 fac1 -0.033 ac1_39 -0.033 sent static 0.981 level 0.380 lock 0.00 move 0.213 period None dead 0.00 | kin 22.93 cyc 1.00 gscc 1.00 in 17/200 | 72.6s
tri0.7|200|1.0|0.6|mnist|52|0.0|1: c1 0.976 c10 0.977 static 0.977 fac1 -0.053 ac1_39 -0.054 sent static 0.979 level 0.389 lock 0.00 move 0.225 period None dead 0.00 | kin 22.79 cyc 1.00 gscc 1.00 in 6/200 | 72.5s
tri0.7|200|1.0|0.6|mnist|53|0.0|1: c1 0.971 c10 0.972 static 0.970 fac1 -0.024 ac1_39 -0.025 sent static 0.973 level 0.391 lock 0.00 move 0.251 period None dead 0.00 | kin 22.93 cyc 1.00 gscc 1.00 in 16/200 | 73.1s
tri1.0|200|1.0|0.6|mnist|50|0.0|1: c1 0.985 c10 0.985 static 0.986 fac1 -0.078 ac1_39 -0.076 sent static 0.986 level 0.327 lock 0.00 move 0.182 period None dead 0.00 | kin 22.89 cyc 1.00 gscc 1.00 in 16/200 | 70.6s
tri1.0|200|1.0|0.6|mnist|51|0.0|1: c1 0.964 c10 0.969 static 0.969 fac1 -0.196 ac1_39 -0.196 sent static 0.971 level 0.330 lock 0.00 move 0.275 period None dead 0.00 | kin 22.93 cyc 1.00 gscc 1.00 in 17/200 | 70.8s
tanh|200|1.0|0.6|mnist|50|0.0|1: c1 -0.003 c10 -0.028 static 0.007 fac1 -0.011 ac1_39 -0.011 sent static 0.007 level 0.000 lock 0.00 move 1.42 period None dead 0.00 | kin 22.89 cyc 1.00 gscc 1.00 in 16/200 | 62.4s
tri1.0|200|1.0|0.6|mnist|53|0.0|1: c1 0.940 c10 0.948 static 0.942 fac1 -0.070 ac1_39 -0.069 sent static 0.944 level 0.335 lock 0.00 move 0.363 period None dead 0.00 | kin 22.93 cyc 1.00 gscc 1.00 in 16/200 | 71.4s
tanh|200|1.0|0.6|mnist|52|0.0|1: c1 0.014 c10 -0.011 static 0.007 fac1 0.008 ac1_39 0.009 sent static 0.007 level 0.000 lock 0.00 move 1.4 period None dead 0.00 | kin 22.79 cyc 1.00 gscc 1.00 in 6/200 | 62.1s
tanh|200|1.0|0.6|mnist|53|0.0|1: c1 -0.005 c10 0.002 static 0.008 fac1 -0.013 ac1_39 -0.013 sent static 0.008 level 0.000 lock 0.00 move 1.42 period None dead 0.00 | kin 22.93 cyc 1.00 gscc 1.00 in 16/200 | 63.2s
tri0.3|200|1.0|0.6|mnist|50|0.0|1: c1 0.926 c10 0.927 static 0.925 fac1 -0.011 ac1_39 -0.011 sent static 0.928 level 0.467 lock 0.00 move 0.392 period None dead 0.00 | kin 22.89 cyc 1.00 gscc 1.00 in 16/200 | 132.7s
tri0.3|200|1.0|0.6|mnist|51|0.0|1: c1 0.914 c10 0.914 static 0.912 fac1 -0.006 ac1_39 -0.005 sent static 0.918 level 0.464 lock 0.00 move 0.43 period None dead 0.00 | kin 22.93 cyc 1.00 gscc 1.00 in 17/200 | 134.4s
tri0.3|200|1.0|0.6|mnist|52|0.0|1: c1 0.917 c10 0.916 static 0.915 fac1 0.004 ac1_39 0.004 sent static 0.919 level 0.465 lock 0.00 move 0.417 period None dead 0.00 | kin 22.79 cyc 1.00 gscc 1.00 in 6/200 | 133.9s
step0|200|1.0|0.6|mnist|50|0.0|1: c1 0.807 c10 0.808 static 0.807 fac1 -0.006 ac1_39 -0.007 sent static 0.805 level 0.504 lock 0.00 move 0.63 period None dead 0.00 | kin 22.89 cyc 1.00 gscc 1.00 in 16/200 | 50.9s
tri0.3|200|1.0|0.6|mnist|53|0.0|1: c1 0.920 c10 0.920 static 0.919 fac1 -0.002 ac1_39 -0.001 sent static 0.923 level 0.469 lock 0.00 move 0.409 period None dead 0.00 | kin 22.93 cyc 1.00 gscc 1.00 in 16/200 | 135.1s
sig8_0|200|1.0|0.6|mnist|50|0.0|1: c1 0.972 c10 0.973 static 0.971 fac1 -0.006 ac1_39 -0.007 sent static 0.973 level 0.556 lock 0.00 move 0.243 period None dead 0.00 | kin 22.89 cyc 1.00 gscc 1.00 in 16/200 | 61.4s
sig8_0|200|1.0|0.6|mnist|51|0.0|1: c1 0.950 c10 0.952 static 0.950 fac1 -0.018 ac1_39 -0.020 sent static 0.953 level 0.553 lock 0.00 move 0.325 period None dead 0.00 | kin 22.93 cyc 1.00 gscc 1.00 in 17/200 | 64.8s
sig8_0|200|1.0|0.6|mnist|52|0.0|1: c1 0.952 c10 0.952 static 0.952 fac1 -0.012 ac1_39 -0.012 sent static 0.953 level 0.548 lock 0.00 move 0.32 period None dead 0.00 | kin 22.79 cyc 1.00 gscc 1.00 in 6/200 | 61.6s
sig8_0|200|1.0|0.6|mnist|53|0.0|1: c1 0.960 c10 0.959 static 0.959 fac1 -0.016 ac1_39 -0.016 sent static 0.963 level 0.560 lock 0.00 move 0.29 period None dead 0.00 | kin 22.93 cyc 1.00 gscc 1.00 in 16/200 | 62.0s
step0|200|1.0|0.6|mnist|51|0.0|1: c1 0.779 c10 0.781 static 0.775 fac1 -0.004 ac1_39 -0.005 sent static 0.779 level 0.496 lock 0.00 move 0.675 period None dead 0.00 | kin 22.93 cyc 1.00 gscc 1.00 in 17/200 | 51.2s
step0|200|1.0|0.6|mnist|52|0.0|1: c1 0.781 c10 0.782 static 0.781 fac1 -0.005 ac1_39 -0.005 sent static 0.781 level 0.491 lock 0.00 move 0.673 period None dead 0.00 | kin 22.79 cyc 1.00 gscc 1.00 in 6/200 | 51.0s
sig4_0|200|1.0|0.6|mnist|50|0.0|1: c1 0.999 c10 0.999 static 0.999 fac1 -0.015 ac1_39 -0.017 sent static 0.999 level 0.616 lock 0.00 move 0.0553 period None dead 0.00 | kin 22.89 cyc 1.00 gscc 1.00 in 16/200 | 107.6s
sig4_0|200|1.0|0.6|mnist|51|0.0|1: c1 0.999 c10 0.999 static 0.999 fac1 -0.023 ac1_39 -0.025 sent static 0.999 level 0.607 lock 0.00 move 0.0624 period None dead 0.00 | kin 22.93 cyc 1.00 gscc 1.00 in 17/200 | 113.9s
sig4_0|200|1.0|0.6|mnist|52|0.0|1: c1 1.000 c10 1.000 static 1.000 fac1 -0.003 ac1_39 -0.006 sent static 1.000 level 0.607 lock 0.00 move 0.0404 period None dead 0.00 | kin 22.79 cyc 1.00 gscc 1.00 in 6/200 | 113.3s
cstep|200|1.0|0.6|mnist|50|0.0|1: c1 0.793 c10 0.793 static 0.792 fac1 -0.007 ac1_39 -0.006 sent static 0.796 level 0.501 lock 0.00 move 0.648 period None dead 0.00 | kin 22.89 cyc 1.00 gscc 1.00 in 16/200 | 61.5s
tri1.0|200|1.0|0.6|mnist|52|0.0|1: c1 0.926 c10 0.936 static 0.934 fac1 -0.122 ac1_39 -0.122 sent static 0.937 level 0.325 lock 0.00 move 0.394 period None dead 0.00 | kin 22.79 cyc 1.00 gscc 1.00 in 6/200 | 134.1s
sign|200|1.0|0.6|mnist|52|0.0|1: c1 -0.001 c10 0.001 static 0.003 fac1 -0.005 ac1_39 -0.005 sent static 0.003 level 0.000 lock 0.00 move 1.42 period None dead 0.00 | kin 22.79 cyc 1.00 gscc 1.00 in 6/200 | 33.5s
sig4_0|200|1.0|0.6|mnist|53|0.0|1: c1 0.999 c10 0.999 static 0.999 fac1 -0.011 ac1_39 -0.013 sent static 0.999 level 0.616 lock 0.00 move 0.0621 period None dead 0.00 | kin 22.93 cyc 1.00 gscc 1.00 in 16/200 | 116.5s
raw|200|2.0|0.15|none|51|0.0|1: c1 0.116 c10 0.441 static 0.000 fac1 0.142 ac1_39 0.141 sent static 0.000 level 0.000 lock 0.00 move 1.31 period None dead 0.23 | kin 1.97 cyc 0.65 gscc 0.62 in 0/0 | 9.1s
raw|200|2.0|0.15|none|53|0.0|1: c1 -0.467 c10 0.000 static 0.000 fac1 -0.517 ac1_39 -0.533 sent static 0.000 level 0.000 lock 0.00 move 1.75 period None dead 0.28 | kin 1.83 cyc 0.51 gscc 0.47 in 0/0 | 9.0s
raw|200|2.0|0.15|none|50|0.0|1: c1 0.671 c10 -0.495 static 0.003 fac1 0.722 ac1_39 0.682 sent static 0.003 level 0.000 lock 0.00 move 0.795 period None dead 0.32 | kin 1.81 cyc 0.47 gscc 0.41 in 0/0 | 16.1s
raw|200|2.0|0.15|none|52|0.0|1: c1 0.384 c10 0.935 static 0.178 fac1 0.311 ac1_39 0.312 sent static 0.178 level 0.003 lock 0.00 move 1.04 period None dead 0.29 | kin 1.94 cyc 0.52 gscc 0.49 in 0/0 | 16.1s
relu|200|2.0|0.15|none|51|0.0|1: c1 1.000 c10 1.000 static 1.000 fac1 -0.068 ac1_39 -0.078 sent static 1.000 level 0.334 lock 0.97 move 0.00621 period None dead 0.23 | kin 1.97 cyc 0.65 gscc 0.62 in 0/0 | 10.3s
relu|200|2.0|0.15|none|52|0.0|1: c1 0.987 c10 0.994 static 0.991 fac1 -0.176 ac1_39 -0.177 sent static 0.991 level 0.322 lock 0.00 move 0.146 period None dead 0.29 | kin 1.94 cyc 0.52 gscc 0.49 in 0/0 | 10.3s
relu|200|2.0|0.15|none|50|0.0|1: c1 0.886 c10 0.887 static 0.918 fac1 -0.065 ac1_39 -0.058 sent static 0.926 level 0.328 lock 0.00 move 0.433 period None dead 0.32 | kin 1.81 cyc 0.47 gscc 0.41 in 0/0 | 18.8s
sign|200|1.0|0.6|mnist|50|0.0|1: c1 0.002 c10 0.001 static 0.004 fac1 -0.003 ac1_39 -0.003 sent static 0.004 level 0.000 lock 0.00 move 1.41 period None dead 0.00 | kin 22.89 cyc 1.00 gscc 1.00 in 16/200 | 61.1s
sign|200|1.0|0.6|mnist|51|0.0|1: c1 0.006 c10 0.000 static 0.004 fac1 0.001 ac1_39 0.001 sent static 0.004 level 0.000 lock 0.00 move 1.41 period None dead 0.00 | kin 22.93 cyc 1.00 gscc 1.00 in 17/200 | 61.1s
wta|200|1.0|0.6|mnist|50|0.0|1: c1 0.038 c10 0.045 static 0.044 fac1 -0.005 ac1_39 -0.004 sent static 0.041 level 0.031 lock 0.00 move 1.39 period None dead 0.00 | kin 22.89 cyc 1.00 gscc 1.00 in 16/200 | 57.1s
sign|200|1.0|0.6|mnist|53|0.0|1: c1 0.002 c10 0.002 static 0.004 fac1 -0.001 ac1_39 -0.002 sent static 0.003 level 0.000 lock 0.00 move 1.41 period None dead 0.00 | kin 22.93 cyc 1.00 gscc 1.00 in 16/200 | 61.2s
relu|200|2.0|0.15|none|53|0.0|1: c1 0.863 c10 0.858 static 0.890 fac1 -0.069 ac1_39 -0.078 sent static 0.905 level 0.326 lock 0.00 move 0.496 period None dead 0.28 | kin 1.83 cyc 0.51 gscc 0.47 in 0/0 | 18.6s
step0|200|1.0|0.6|mnist|53|0.0|1: c1 0.790 c10 0.785 static 0.785 fac1 -0.003 ac1_39 -0.002 sent static 0.790 level 0.499 lock 0.00 move 0.659 period None dead 0.00 | kin 22.93 cyc 1.00 gscc 1.00 in 16/200 | 98.9s
wta|200|1.0|0.6|mnist|51|0.0|1: c1 0.038 c10 0.038 static 0.042 fac1 -0.004 ac1_39 -0.004 sent static 0.040 level 0.031 lock 0.00 move 1.38 period None dead 0.00 | kin 22.93 cyc 1.00 gscc 1.00 in 17/200 | 57.2s
wta|200|1.0|0.6|mnist|52|0.0|1: c1 0.034 c10 0.037 static 0.040 fac1 -0.006 ac1_39 -0.006 sent static 0.040 level 0.031 lock 0.00 move 1.39 period None dead 0.00 | kin 22.79 cyc 1.00 gscc 1.00 in 6/200 | 57.7s
tri0.3|200|2.0|0.15|none|51|0.0|1: c1 0.935 c10 0.934 static 0.941 fac1 0.007 ac1_39 0.008 sent static 0.941 level 0.461 lock 0.00 move 0.35 period None dead 0.23 | kin 1.97 cyc 0.65 gscc 0.62 in 0/0 | 18.6s
wta|200|1.0|0.6|mnist|53|0.0|1: c1 0.037 c10 0.037 static 0.039 fac1 -0.004 ac1_39 -0.005 sent static 0.040 level 0.031 lock 0.00 move 1.39 period None dead 0.00 | kin 22.93 cyc 1.00 gscc 1.00 in 16/200 | 57.9s
tri0.3|200|2.0|0.15|none|52|0.0|1: c1 0.912 c10 0.913 static 0.931 fac1 0.000 ac1_39 0.001 sent static 0.937 level 0.470 lock 0.00 move 0.387 period None dead 0.29 | kin 1.94 cyc 0.52 gscc 0.49 in 0/0 | 18.6s
kwta4|200|1.0|0.6|mnist|50|0.0|1: c1 0.197 c10 0.200 static 0.200 fac1 -0.005 ac1_39 -0.005 sent static 0.194 level 0.115 lock 0.00 move 1.27 period None dead 0.00 | kin 22.89 cyc 1.00 gscc 1.00 in 16/200 | 66.9s
tanh|200|2.0|0.15|none|50|0.0|1: c1 0.066 c10 0.000 static 0.005 fac1 0.098 ac1_39 0.112 sent static 0.005 level 0.000 lock 0.00 move 1.33 period None dead 0.32 | kin 1.81 cyc 0.47 gscc 0.41 in 0/0 | 10.4s
tanh|200|2.0|0.15|none|51|0.0|1: c1 0.000 c10 0.051 static 0.003 fac1 -0.003 ac1_39 0.007 sent static 0.003 level 0.000 lock 0.00 move 1.41 period None dead 0.23 | kin 1.97 cyc 0.65 gscc 0.62 in 0/0 | 10.5s
tri0.7|200|2.0|0.15|none|52|0.0|1: c1 0.961 c10 0.958 static 0.965 fac1 0.074 ac1_39 0.072 sent static 0.968 level 0.384 lock 0.00 move 0.261 period None dead 0.29 | kin 1.94 cyc 0.52 gscc 0.49 in 0/0 | 19.1s
tri0.3|200|2.0|0.15|none|50|0.0|1: c1 0.910 c10 0.912 static 0.932 fac1 0.017 ac1_39 0.018 sent static 0.931 level 0.466 lock 0.00 move 0.38 period None dead 0.32 | kin 1.81 cyc 0.47 gscc 0.41 in 0/0 | 34.7s
kwta4|200|1.0|0.6|mnist|51|0.0|1: c1 0.189 c10 0.188 static 0.194 fac1 -0.006 ac1_39 -0.006 sent static 0.196 level 0.115 lock 0.00 move 1.27 period None dead 0.00 | kin 22.93 cyc 1.00 gscc 1.00 in 17/200 | 66.8s
tri1.0|200|2.0|0.15|none|52|0.0|1: c1 0.959 c10 0.948 static 0.955 fac1 0.227 ac1_39 0.226 sent static 0.957 level 0.329 lock 0.00 move 0.271 period None dead 0.29 | kin 1.94 cyc 0.52 gscc 0.49 in 0/0 | 18.7s
tanh|200|2.0|0.15|none|52|0.0|1: c1 0.012 c10 0.000 static 0.003 fac1 0.018 ac1_39 0.022 sent static 0.003 level 0.000 lock 0.00 move 1.4 period None dead 0.29 | kin 1.94 cyc 0.52 gscc 0.49 in 0/0 | 10.5s
tri1.0|200|2.0|0.15|none|53|0.0|1: c1 0.946 c10 0.968 static 0.959 fac1 -0.077 ac1_39 -0.012 sent static 0.960 level 0.325 lock 0.00 move 0.314 period None dead 0.28 | kin 1.83 cyc 0.51 gscc 0.47 in 0/0 | 19.0s
tanh|200|2.0|0.15|none|53|0.0|1: c1 -0.028 c10 0.061 static 0.001 fac1 -0.041 ac1_39 -0.050 sent static 0.002 level 0.000 lock 0.00 move 1.45 period None dead 0.28 | kin 1.83 cyc 0.51 gscc 0.47 in 0/0 | 10.4s
cstep|200|1.0|0.6|mnist|51|0.0|1: c1 0.784 c10 0.782 static 0.780 fac1 -0.004 ac1_39 -0.003 sent static 0.784 level 0.498 lock 0.00 move 0.67 period None dead 0.00 | kin 22.93 cyc 1.00 gscc 1.00 in 17/200 | 118.6s
tri0.3|200|2.0|0.15|none|53|0.0|1: c1 0.921 c10 0.918 static 0.931 fac1 0.024 ac1_39 0.030 sent static 0.936 level 0.467 lock 0.00 move 0.373 period None dead 0.28 | kin 1.83 cyc 0.51 gscc 0.47 in 0/0 | 35.5s
cstep|200|1.0|0.6|mnist|52|0.0|1: c1 0.785 c10 0.785 static 0.782 fac1 -0.008 ac1_39 -0.009 sent static 0.782 level 0.498 lock 0.00 move 0.667 period None dead 0.00 | kin 22.79 cyc 1.00 gscc 1.00 in 6/200 | 118.6s
tri0.7|200|2.0|0.15|none|50|0.0|1: c1 0.980 c10 0.974 static 0.985 fac1 -0.057 ac1_39 -0.048 sent static 0.986 level 0.384 lock 0.00 move 0.19 period None dead 0.32 | kin 1.81 cyc 0.47 gscc 0.41 in 0/0 | 35.3s
sig4_0|200|2.0|0.15|none|50|0.0|1: c1 1.000 c10 1.000 static 1.000 fac1 0.777 ac1_39 0.799 sent static 1.000 level 0.616 lock 1.00 move 1.17e-07 period 1 dead 0.17 | kin 1.81 cyc 0.47 gscc 0.41 in 0/0 | 16.4s
tri0.7|200|2.0|0.15|none|51|0.0|1: c1 0.996 c10 0.995 static 0.997 fac1 0.017 ac1_39 0.037 sent static 0.997 level 0.382 lock 0.01 move 0.0898 period None dead 0.23 | kin 1.97 cyc 0.65 gscc 0.62 in 0/0 | 35.6s
sig4_0|200|2.0|0.15|none|51|0.0|1: c1 1.000 c10 1.000 static 1.000 fac1 0.703 ac1_39 0.724 sent static 1.000 level 0.624 lock 1.00 move 1.38e-07 period 1 dead 0.17 | kin 1.97 cyc 0.65 gscc 0.62 in 0/0 | 16.6s
sig4_0|200|2.0|0.15|none|52|0.0|1: c1 1.000 c10 1.000 static 1.000 fac1 0.791 ac1_39 0.799 sent static 1.000 level 0.609 lock 1.00 move 1.15e-07 period 1 dead 0.16 | kin 1.94 cyc 0.52 gscc 0.49 in 0/0 | 16.7s
tri0.7|200|2.0|0.15|none|53|0.0|1: c1 0.988 c10 0.986 static 0.990 fac1 0.108 ac1_39 0.128 sent static 0.990 level 0.383 lock 0.00 move 0.146 period None dead 0.28 | kin 1.83 cyc 0.51 gscc 0.47 in 0/0 | 35.5s
sig8_0|200|2.0|0.15|none|50|0.0|1: c1 0.998 c10 0.998 static 0.999 fac1 -0.053 ac1_39 -0.141 sent static 0.999 level 0.563 lock 0.19 move 0.0959 period None dead 0.17 | kin 1.81 cyc 0.47 gscc 0.41 in 0/0 | 16.4s
tri1.0|200|2.0|0.15|none|50|0.0|1: c1 0.899 c10 0.897 static 0.926 fac1 -0.018 ac1_39 -0.075 sent static 0.935 level 0.326 lock 0.00 move 0.405 period None dead 0.32 | kin 1.81 cyc 0.47 gscc 0.41 in 0/0 | 35.0s
tri1.0|200|2.0|0.15|none|51|0.0|1: c1 0.997 c10 0.999 static 0.998 fac1 -0.244 ac1_39 -0.243 sent static 0.999 level 0.324 lock 0.01 move 0.0716 period None dead 0.23 | kin 1.97 cyc 0.65 gscc 0.62 in 0/0 | 35.4s
sig8_0|200|2.0|0.15|none|51|0.0|1: c1 0.986 c10 0.990 static 0.990 fac1 -0.023 ac1_39 -0.035 sent static 0.989 level 0.564 lock 0.09 move 0.165 period None dead 0.17 | kin 1.97 cyc 0.65 gscc 0.62 in 0/0 | 16.7s
sig8_0|200|2.0|0.15|none|52|0.0|1: c1 0.996 c10 0.992 static 0.996 fac1 0.247 ac1_39 0.247 sent static 0.997 level 0.550 lock 0.15 move 0.1 period None dead 0.16 | kin 1.94 cyc 0.52 gscc 0.49 in 0/0 | 16.7s
sig8_0|200|2.0|0.15|none|53|0.0|1: c1 0.999 c10 0.999 static 1.000 fac1 0.267 ac1_39 0.063 sent static 1.000 level 0.551 lock 0.29 move 0.0561 period None dead 0.17 | kin 1.83 cyc 0.51 gscc 0.47 in 0/0 | 16.8s
step0|200|2.0|0.15|none|50|0.0|1: c1 0.879 c10 0.881 static 0.902 fac1 -0.006 ac1_39 -0.009 sent static 0.861 level 0.501 lock 0.19 move 0.459 period None dead 0.17 | kin 1.81 cyc 0.47 gscc 0.41 in 0/0 | 14.1s
sign|200|2.0|0.15|none|50|0.0|1: c1 0.000 c10 0.000 static 0.003 fac1 -0.001 ac1_39 -0.001 sent static 0.003 level 0.000 lock 0.00 move 1.41 period None dead 0.32 | kin 1.81 cyc 0.47 gscc 0.41 in 0/0 | 10.2s
cstep|200|1.0|0.6|mnist|53|0.0|1: c1 0.786 c10 0.785 static 0.781 fac1 -0.005 ac1_39 -0.006 sent static 0.790 level 0.502 lock 0.00 move 0.667 period None dead 0.00 | kin 22.93 cyc 1.00 gscc 1.00 in 16/200 | 118.4s
sign|200|2.0|0.15|none|52|0.0|1: c1 0.000 c10 0.000 static 0.003 fac1 -0.003 ac1_39 -0.002 sent static 0.004 level 0.000 lock 0.00 move 1.41 period None dead 0.29 | kin 1.94 cyc 0.52 gscc 0.49 in 0/0 | 10.2s
cstep|200|2.0|0.15|none|51|0.0|1: c1 0.778 c10 0.778 static 0.798 fac1 -0.006 ac1_39 0.000 sent static 0.796 level 0.498 lock 0.00 move 0.645 period None dead 0.23 | kin 1.97 cyc 0.65 gscc 0.62 in 0/0 | 16.9s
sig4_0|200|2.0|0.15|none|53|0.0|1: c1 1.000 c10 1.000 static 1.000 fac1 0.782 ac1_39 0.799 sent static 1.000 level 0.605 lock 1.00 move 1.15e-07 period 1 dead 0.17 | kin 1.83 cyc 0.51 gscc 0.47 in 0/0 | 30.5s
cstep|200|2.0|0.15|none|53|0.0|1: c1 0.786 c10 0.790 static 0.814 fac1 -0.012 ac1_39 -0.020 sent static 0.810 level 0.501 lock 0.00 move 0.628 period None dead 0.28 | kin 1.83 cyc 0.51 gscc 0.47 in 0/0 | 17.0s
wta|200|2.0|0.15|none|51|0.0|1: c1 0.138 c10 0.139 static 0.179 fac1 -0.003 ac1_39 -0.005 sent static 0.104 level 0.031 lock 0.08 move 1.19 period None dead 0.17 | kin 1.97 cyc 0.65 gscc 0.62 in 0/0 | 15.8s
step0|200|2.0|0.15|none|51|0.0|1: c1 0.843 c10 0.844 static 0.859 fac1 -0.009 ac1_39 -0.012 sent static 0.836 level 0.503 lock 0.09 move 0.527 period None dead 0.17 | kin 1.97 cyc 0.65 gscc 0.62 in 0/0 | 27.4s
wta|200|2.0|0.15|none|52|0.0|1: c1 0.461 c10 0.471 static 0.571 fac1 0.002 ac1_39 -0.004 sent static 0.274 level 0.031 lock 0.17 move 0.974 period None dead 0.16 | kin 1.94 cyc 0.52 gscc 0.49 in 0/0 | 16.0s
sign|200|2.0|0.15|none|51|0.0|1: c1 0.000 c10 0.000 static 0.003 fac1 -0.005 ac1_39 -0.004 sent static 0.003 level 0.000 lock 0.00 move 1.41 period None dead 0.23 | kin 1.97 cyc 0.65 gscc 0.62 in 0/0 | 18.7s
sign|200|2.0|0.15|none|53|0.0|1: c1 0.000 c10 0.000 static 0.003 fac1 -0.000 ac1_39 -0.000 sent static 0.003 level 0.000 lock 0.00 move 1.41 period None dead 0.28 | kin 1.83 cyc 0.51 gscc 0.47 in 0/0 | 18.8s
wta|200|2.0|0.15|none|53|0.0|1: c1 0.237 c10 0.251 static 0.358 fac1 -0.012 ac1_39 -0.030 sent static 0.198 level 0.031 lock 0.14 move 1.09 period None dead 0.17 | kin 1.83 cyc 0.51 gscc 0.47 in 0/0 | 16.0s
step0|200|2.0|0.15|none|52|0.0|1: c1 0.899 c10 0.897 static 0.920 fac1 -0.006 ac1_39 -0.007 sent static 0.877 level 0.500 lock 0.15 move 0.43 period None dead 0.16 | kin 1.94 cyc 0.52 gscc 0.49 in 0/0 | 27.3s
step0|200|2.0|0.15|none|53|0.0|1: c1 0.877 c10 0.882 static 0.898 fac1 -0.010 ac1_39 -0.023 sent static 0.869 level 0.500 lock 0.14 move 0.461 period None dead 0.17 | kin 1.83 cyc 0.51 gscc 0.47 in 0/0 | 27.5s
kwta4|200|2.0|0.15|none|50|0.0|1: c1 0.160 c10 0.167 static 0.196 fac1 -0.015 ac1_39 -0.015 sent static 0.202 level 0.112 lock 0.00 move 1.28 period None dead 0.32 | kin 1.81 cyc 0.47 gscc 0.41 in 0/0 | 17.9s
raw|200|2.0|0.15|kp1|50|0.0|1: c1 0.692 c10 -0.173 static 0.128 fac1 0.692 ac1_39 0.651 sent static 0.128 level 0.003 lock 0.00 move 0.777 period None dead 0.32 | kin 1.81 cyc 0.47 gscc 0.41 in 3/136 | 9.1s
raw|200|2.0|0.15|kp1|52|0.0|1: c1 0.387 c10 0.918 static 0.198 fac1 0.303 ac1_39 0.303 sent static 0.198 level 0.003 lock 0.00 move 1.02 period None dead 0.29 | kin 1.94 cyc 0.52 gscc 0.49 in 3/142 | 9.1s
kwta4|200|2.0|0.15|none|51|0.0|1: c1 0.201 c10 0.207 static 0.226 fac1 -0.007 ac1_39 -0.008 sent static 0.219 level 0.113 lock 0.00 move 1.24 period None dead 0.23 | kin 1.97 cyc 0.65 gscc 0.62 in 0/0 | 18.2s
raw|200|2.0|0.15|kp1|53|0.0|1: c1 -0.411 c10 0.322 static 0.003 fac1 -0.475 ac1_39 -0.492 sent static 0.003 level 0.000 lock 0.00 move 1.72 period None dead 0.28 | kin 1.83 cyc 0.51 gscc 0.47 in 3/142 | 9.1s
cstep|200|2.0|0.15|none|50|0.0|1: c1 0.762 c10 0.759 static 0.787 fac1 -0.003 ac1_39 -0.003 sent static 0.792 level 0.501 lock 0.00 move 0.652 period None dead 0.32 | kin 1.81 cyc 0.47 gscc 0.41 in 0/0 | 31.8s
cstep|200|2.0|0.15|none|52|0.0|1: c1 0.762 c10 0.765 static 0.795 fac1 -0.008 ac1_39 -0.007 sent static 0.800 level 0.502 lock 0.00 move 0.654 period None dead 0.29 | kin 1.94 cyc 0.52 gscc 0.49 in 0/0 | 32.1s
relu|200|2.0|0.15|kp1|51|0.0|1: c1 0.991 c10 0.989 static 0.995 fac1 -0.159 ac1_39 -0.213 sent static 0.995 level 0.334 lock 0.01 move 0.131 period 4 dead 0.23 | kin 1.97 cyc 0.65 gscc 0.62 in 3/152 | 10.5s
kwta4|200|2.0|0.15|none|53|0.0|1: c1 0.174 c10 0.175 static 0.201 fac1 -0.010 ac1_39 -0.010 sent static 0.206 level 0.112 lock 0.00 move 1.27 period None dead 0.28 | kin 1.83 cyc 0.51 gscc 0.47 in 0/0 | 18.1s
raw|200|2.0|0.15|kp1|51|0.0|1: c1 0.107 c10 0.463 static 0.001 fac1 0.132 ac1_39 0.131 sent static 0.001 level 0.000 lock 0.00 move 1.32 period None dead 0.23 | kin 1.97 cyc 0.65 gscc 0.62 in 3/152 | 16.4s
wta|200|2.0|0.15|none|50|0.0|1: c1 0.295 c10 0.277 static 0.379 fac1 0.007 ac1_39 0.004 sent static 0.185 level 0.031 lock 0.19 move 1.05 period None dead 0.17 | kin 1.81 cyc 0.47 gscc 0.41 in 0/0 | 29.1s
relu|200|2.0|0.15|kp1|50|0.0|1: c1 0.843 c10 0.850 static 0.896 fac1 -0.111 ac1_39 -0.106 sent static 0.905 level 0.324 lock 0.00 move 0.493 period None dead 0.32 | kin 1.81 cyc 0.47 gscc 0.41 in 3/136 | 18.6s
relu|200|2.0|0.15|kp1|52|0.0|1: c1 0.899 c10 0.937 static 0.936 fac1 -0.295 ac1_39 -0.301 sent static 0.937 level 0.320 lock 0.00 move 0.415 period None dead 0.29 | kin 1.94 cyc 0.52 gscc 0.49 in 3/142 | 18.7s
relu|200|2.0|0.15|kp1|53|0.0|1: c1 0.861 c10 0.850 static 0.889 fac1 -0.021 ac1_39 -0.027 sent static 0.902 level 0.326 lock 0.00 move 0.499 period None dead 0.28 | kin 1.83 cyc 0.51 gscc 0.47 in 3/142 | 18.7s
tri0.3|200|2.0|0.15|kp1|50|0.0|1: c1 0.898 c10 0.899 static 0.923 fac1 -0.021 ac1_39 -0.046 sent static 0.924 level 0.466 lock 0.00 move 0.419 period None dead 0.32 | kin 1.81 cyc 0.47 gscc 0.41 in 3/136 | 18.5s
tri0.3|200|2.0|0.15|kp1|53|0.0|1: c1 0.907 c10 0.905 static 0.926 fac1 0.010 ac1_39 -0.012 sent static 0.930 level 0.469 lock 0.00 move 0.41 period None dead 0.28 | kin 1.83 cyc 0.51 gscc 0.47 in 3/142 | 18.6s
tri0.7|200|2.0|0.15|kp1|50|0.0|1: c1 0.953 c10 0.951 static 0.972 fac1 -0.141 ac1_39 -0.171 sent static 0.976 level 0.383 lock 0.00 move 0.288 period None dead 0.32 | kin 1.81 cyc 0.47 gscc 0.41 in 3/136 | 18.9s
tri0.7|200|2.0|0.15|kp1|51|0.0|1: c1 0.994 c10 0.994 static 0.995 fac1 -0.079 ac1_39 -0.103 sent static 0.995 level 0.382 lock 0.01 move 0.121 period None dead 0.23 | kin 1.97 cyc 0.65 gscc 0.62 in 3/152 | 19.1s
kwta4|200|2.0|0.15|none|52|0.0|1: c1 0.172 c10 0.181 static 0.207 fac1 -0.008 ac1_39 -0.008 sent static 0.200 level 0.112 lock 0.00 move 1.27 period None dead 0.29 | kin 1.94 cyc 0.52 gscc 0.49 in 0/0 | 35.2s
tri0.7|200|2.0|0.15|kp1|52|0.0|1: c1 0.945 c10 0.939 static 0.960 fac1 -0.040 ac1_39 -0.069 sent static 0.964 level 0.385 lock 0.00 move 0.309 period None dead 0.29 | kin 1.94 cyc 0.52 gscc 0.49 in 3/142 | 19.1s
tri0.7|200|2.0|0.15|kp1|53|0.0|1: c1 0.960 c10 0.938 static 0.966 fac1 0.153 ac1_39 0.088 sent static 0.969 level 0.384 lock 0.00 move 0.286 period None dead 0.28 | kin 1.83 cyc 0.51 gscc 0.47 in 3/142 | 19.1s
tri1.0|200|2.0|0.15|kp1|52|0.0|1: c1 0.933 c10 0.940 static 0.944 fac1 0.030 ac1_39 0.018 sent static 0.947 level 0.327 lock 0.00 move 0.343 period None dead 0.29 | kin 1.94 cyc 0.52 gscc 0.49 in 3/142 | 18.8s
tri1.0|200|2.0|0.15|kp1|53|0.0|1: c1 0.926 c10 0.946 static 0.943 fac1 -0.108 ac1_39 -0.059 sent static 0.947 level 0.328 lock 0.00 move 0.378 period None dead 0.28 | kin 1.83 cyc 0.51 gscc 0.47 in 3/142 | 18.8s
tanh|200|2.0|0.15|kp1|50|0.0|1: c1 0.105 c10 -0.025 static 0.013 fac1 0.125 ac1_39 0.133 sent static 0.012 level 0.000 lock 0.00 move 1.3 period None dead 0.32 | kin 1.81 cyc 0.47 gscc 0.41 in 3/136 | 18.7s
tanh|200|2.0|0.15|kp1|51|0.0|1: c1 0.000 c10 0.006 static 0.005 fac1 -0.003 ac1_39 0.007 sent static 0.005 level 0.000 lock 0.00 move 1.39 period None dead 0.23 | kin 1.97 cyc 0.65 gscc 0.62 in 3/152 | 18.8s
sig4_0|200|2.0|0.15|kp1|50|0.0|1: c1 1.000 c10 1.000 static 1.000 fac1 -0.208 ac1_39 -0.319 sent static 1.000 level 0.615 lock 0.45 move 0.0513 period 4 dead 0.17 | kin 1.81 cyc 0.47 gscc 0.41 in 3/136 | 16.8s
kwta4|200|1.0|0.6|mnist|52|0.0|1: c1 0.190 c10 0.192 static 0.192 fac1 -0.003 ac1_39 -0.003 sent static 0.191 level 0.115 lock 0.00 move 1.27 period None dead 0.00 | kin 22.79 cyc 1.00 gscc 1.00 in 6/200 | 135.8s
tanh|200|2.0|0.15|kp1|52|0.0|1: c1 0.028 c10 0.068 static 0.005 fac1 0.036 ac1_39 0.033 sent static 0.005 level 0.000 lock 0.00 move 1.38 period None dead 0.29 | kin 1.94 cyc 0.52 gscc 0.49 in 3/142 | 19.0s
tri0.3|200|2.0|0.15|kp1|52|0.0|1: c1 0.905 c10 0.905 static 0.931 fac1 -0.014 ac1_39 -0.019 sent static 0.936 level 0.470 lock 0.00 move 0.396 period None dead 0.29 | kin 1.94 cyc 0.52 gscc 0.49 in 3/142 | 35.2s
tanh|200|2.0|0.15|kp1|53|0.0|1: c1 -0.051 c10 0.056 static 0.004 fac1 -0.077 ac1_39 -0.082 sent static 0.004 level 0.000 lock 0.00 move 1.47 period None dead 0.28 | kin 1.83 cyc 0.51 gscc 0.47 in 3/142 | 19.0s
tri0.3|200|2.0|0.15|kp1|51|0.0|1: c1 0.934 c10 0.933 static 0.942 fac1 0.002 ac1_39 -0.000 sent static 0.942 level 0.463 lock 0.00 move 0.354 period None dead 0.23 | kin 1.97 cyc 0.65 gscc 0.62 in 3/152 | 35.6s
sig4_0|200|2.0|0.15|kp1|52|0.0|1: c1 1.000 c10 1.000 static 1.000 fac1 -0.302 ac1_39 -0.334 sent static 1.000 level 0.609 lock 0.48 move 0.0633 period 4 dead 0.16 | kin 1.94 cyc 0.52 gscc 0.49 in 3/142 | 16.7s
sig4_0|200|2.0|0.15|kp1|53|0.0|1: c1 1.000 c10 1.000 static 1.000 fac1 -0.200 ac1_39 -0.283 sent static 1.000 level 0.606 lock 0.38 move 0.0997 period 4 dead 0.16 | kin 1.83 cyc 0.51 gscc 0.47 in 3/142 | 16.8s
sig8_0|200|2.0|0.15|kp1|50|0.0|1: c1 0.993 c10 0.993 static 0.995 fac1 0.013 ac1_39 -0.024 sent static 0.995 level 0.561 lock 0.18 move 0.125 period None dead 0.17 | kin 1.81 cyc 0.47 gscc 0.41 in 3/136 | 16.5s
step0|200|2.0|0.15|kp1|50|0.0|1: c1 0.879 c10 0.878 static 0.905 fac1 -0.009 ac1_39 -0.011 sent static 0.858 level 0.503 lock 0.18 move 0.458 period None dead 0.17 | kin 1.81 cyc 0.47 gscc 0.41 in 3/136 | 14.3s
step0|200|2.0|0.15|kp1|51|0.0|1: c1 0.842 c10 0.841 static 0.856 fac1 -0.004 ac1_39 -0.007 sent static 0.835 level 0.507 lock 0.09 move 0.527 period None dead 0.17 | kin 1.97 cyc 0.65 gscc 0.62 in 3/152 | 14.3s
tri1.0|200|2.0|0.15|kp1|50|0.0|1: c1 0.870 c10 0.865 static 0.900 fac1 -0.035 ac1_39 -0.070 sent static 0.910 level 0.324 lock 0.00 move 0.466 period None dead 0.32 | kin 1.81 cyc 0.47 gscc 0.41 in 3/136 | 35.4s
sig8_0|200|2.0|0.15|kp1|52|0.0|1: c1 0.990 c10 0.995 static 0.994 fac1 -0.377 ac1_39 -0.421 sent static 0.994 level 0.552 lock 0.15 move 0.164 period 8 dead 0.16 | kin 1.94 cyc 0.52 gscc 0.49 in 3/142 | 16.9s
sig8_0|200|2.0|0.15|kp1|53|0.0|1: c1 0.991 c10 0.990 static 0.993 fac1 -0.074 ac1_39 -0.174 sent static 0.994 level 0.549 lock 0.16 move 0.182 period None dead 0.16 | kin 1.83 cyc 0.51 gscc 0.47 in 3/142 | 16.9s
tri1.0|200|2.0|0.15|kp1|51|0.0|1: c1 0.975 c10 0.998 static 0.990 fac1 -0.893 ac1_39 -0.891 sent static 0.991 level 0.323 lock 0.01 move 0.219 period None dead 0.23 | kin 1.97 cyc 0.65 gscc 0.62 in 3/152 | 35.8s
kwta4|200|1.0|0.6|mnist|53|0.0|1: c1 0.188 c10 0.187 static 0.191 fac1 -0.003 ac1_39 -0.003 sent static 0.192 level 0.115 lock 0.00 move 1.27 period None dead 0.00 | kin 22.93 cyc 1.00 gscc 1.00 in 16/200 | 135.4s
sign|200|2.0|0.15|kp1|52|0.0|1: c1 0.000 c10 0.000 static 0.003 fac1 -0.003 ac1_39 -0.001 sent static 0.003 level 0.000 lock 0.00 move 1.41 period None dead 0.29 | kin 1.94 cyc 0.52 gscc 0.49 in 3/142 | 10.3s
sign|200|2.0|0.15|kp1|53|0.0|1: c1 0.000 c10 0.000 static 0.004 fac1 -0.008 ac1_39 -0.008 sent static 0.004 level 0.000 lock 0.00 move 1.41 period None dead 0.28 | kin 1.83 cyc 0.51 gscc 0.47 in 3/142 | 10.3s
sig8_0|200|2.0|0.15|kp1|51|0.0|1: c1 0.985 c10 0.990 static 0.989 fac1 -0.032 ac1_39 -0.060 sent static 0.989 level 0.565 lock 0.09 move 0.171 period None dead 0.17 | kin 1.97 cyc 0.65 gscc 0.62 in 3/152 | 25.2s
sig4_0|200|2.0|0.15|kp1|51|0.0|1: c1 1.000 c10 1.000 static 1.000 fac1 -0.269 ac1_39 -0.367 sent static 1.000 level 0.624 lock 0.85 move 0.0408 period 4 dead 0.17 | kin 1.97 cyc 0.65 gscc 0.62 in 3/152 | 31.1s
cstep|200|2.0|0.15|kp1|50|0.0|1: c1 0.755 c10 0.755 static 0.781 fac1 -0.011 ac1_39 -0.020 sent static 0.789 level 0.502 lock 0.00 move 0.666 period None dead 0.32 | kin 1.81 cyc 0.47 gscc 0.41 in 3/136 | 16.8s
wta|200|2.0|0.15|kp1|50|0.0|1: c1 0.273 c10 0.263 static 0.370 fac1 -0.002 ac1_39 -0.016 sent static 0.191 level 0.031 lock 0.18 move 1.07 period None dead 0.17 | kin 1.81 cyc 0.47 gscc 0.41 in 3/136 | 15.7s
sign|200|2.0|0.15|kp1|50|0.0|1: c1 0.000 c10 0.000 static 0.004 fac1 -0.006 ac1_39 -0.007 sent static 0.004 level 0.000 lock 0.00 move 1.41 period None dead 0.32 | kin 1.81 cyc 0.47 gscc 0.41 in 3/136 | 18.6s
sign|200|2.0|0.15|kp1|51|0.0|1: c1 0.000 c10 0.000 static 0.003 fac1 -0.004 ac1_39 -0.003 sent static 0.003 level 0.000 lock 0.00 move 1.42 period None dead 0.23 | kin 1.97 cyc 0.65 gscc 0.62 in 3/152 | 18.9s
step0|200|2.0|0.15|kp1|52|0.0|1: c1 0.895 c10 0.895 static 0.918 fac1 -0.002 ac1_39 -0.008 sent static 0.874 level 0.499 lock 0.15 move 0.433 period None dead 0.16 | kin 1.94 cyc 0.52 gscc 0.49 in 3/142 | 27.3s
step0|200|2.0|0.15|kp1|53|0.0|1: c1 0.874 c10 0.878 static 0.898 fac1 -0.008 ac1_39 -0.028 sent static 0.868 level 0.499 lock 0.14 move 0.472 period None dead 0.16 | kin 1.83 cyc 0.51 gscc 0.47 in 3/142 | 27.2s
raw|200|2.0|0.15|mnist|50|0.0|1: c1 0.596 c10 -0.047 static 0.168 fac1 0.574 ac1_39 0.559 sent static 0.168 level 0.003 lock 0.00 move 0.843 period None dead 0.31 | kin 1.81 cyc 0.47 gscc 0.41 in 8/138 | 9.1s
raw|200|2.0|0.15|mnist|51|0.0|1: c1 0.120 c10 0.441 static 0.000 fac1 0.146 ac1_39 0.144 sent static 0.000 level 0.000 lock 0.00 move 1.31 period None dead 0.22 | kin 1.97 cyc 0.65 gscc 0.62 in 2/2 | 9.2s
wta|200|2.0|0.15|kp1|51|0.0|1: c1 0.144 c10 0.127 static 0.179 fac1 0.003 ac1_39 -0.003 sent static 0.101 level 0.031 lock 0.08 move 1.19 period None dead 0.17 | kin 1.97 cyc 0.65 gscc 0.62 in 3/152 | 15.9s
raw|200|2.0|0.15|mnist|52|0.0|1: c1 0.370 c10 0.927 static 0.152 fac1 0.312 ac1_39 0.310 sent static 0.152 level 0.003 lock 0.00 move 1.06 period None dead 0.29 | kin 1.94 cyc 0.52 gscc 0.49 in 2/143 | 9.1s
kwta4|200|2.0|0.15|kp1|51|0.0|1: c1 0.206 c10 0.200 static 0.233 fac1 -0.010 ac1_39 -0.009 sent static 0.221 level 0.112 lock 0.00 move 1.23 period None dead 0.23 | kin 1.97 cyc 0.65 gscc 0.62 in 3/152 | 18.2s
cstep|200|2.0|0.15|kp1|53|0.0|1: c1 0.784 c10 0.785 static 0.809 fac1 -0.017 ac1_39 -0.026 sent static 0.808 level 0.503 lock 0.00 move 0.636 period None dead 0.28 | kin 1.83 cyc 0.51 gscc 0.47 in 3/142 | 24.9s
relu|200|2.0|0.15|mnist|50|0.0|1: c1 0.829 c10 0.831 static 0.860 fac1 -0.018 ac1_39 -0.011 sent static 0.875 level 0.324 lock 0.00 move 0.533 period None dead 0.31 | kin 1.81 cyc 0.47 gscc 0.41 in 8/138 | 10.5s
raw|200|2.0|0.15|mnist|53|0.0|1: c1 -0.015 c10 0.319 static 0.040 fac1 -0.125 ac1_39 -0.119 sent static 0.040 level 0.001 lock 0.00 move 1.45 period None dead 0.26 | kin 1.83 cyc 0.51 gscc 0.47 in 7/146 | 12.9s
relu|200|2.0|0.15|mnist|51|0.0|1: c1 1.000 c10 1.000 static 1.000 fac1 -0.271 ac1_39 -0.030 sent static 1.000 level 0.334 lock 0.99 move 0.0759 period None dead 0.22 | kin 1.97 cyc 0.65 gscc 0.62 in 2/2 | 10.4s
cstep|200|2.0|0.15|kp1|51|0.0|1: c1 0.777 c10 0.777 static 0.797 fac1 -0.004 ac1_39 0.001 sent static 0.794 level 0.498 lock 0.00 move 0.649 period None dead 0.23 | kin 1.97 cyc 0.65 gscc 0.62 in 3/152 | 32.4s
cstep|200|2.0|0.15|kp1|52|0.0|1: c1 0.757 c10 0.759 static 0.793 fac1 -0.009 ac1_39 -0.009 sent static 0.797 level 0.502 lock 0.00 move 0.661 period None dead 0.29 | kin 1.94 cyc 0.52 gscc 0.49 in 3/142 | 31.9s
kwta4|200|2.0|0.15|kp1|50|0.0|1: c1 0.167 c10 0.174 static 0.198 fac1 -0.011 ac1_39 -0.012 sent static 0.205 level 0.112 lock 0.00 move 1.27 period None dead 0.32 | kin 1.81 cyc 0.47 gscc 0.41 in 3/136 | 25.1s
wta|200|2.0|0.15|kp1|52|0.0|1: c1 0.433 c10 0.449 static 0.560 fac1 -0.010 ac1_39 -0.020 sent static 0.286 level 0.031 lock 0.17 move 0.984 period None dead 0.16 | kin 1.94 cyc 0.52 gscc 0.49 in 3/142 | 29.5s
wta|200|2.0|0.15|kp1|53|0.0|1: c1 0.240 c10 0.284 static 0.361 fac1 -0.020 ac1_39 -0.066 sent static 0.229 level 0.031 lock 0.14 move 1.1 period None dead 0.16 | kin 1.83 cyc 0.51 gscc 0.47 in 3/142 | 29.8s
relu|200|2.0|0.15|mnist|52|0.0|1: c1 0.937 c10 0.951 static 0.954 fac1 -0.061 ac1_39 -0.054 sent static 0.952 level 0.319 lock 0.00 move 0.335 period None dead 0.29 | kin 1.94 cyc 0.52 gscc 0.49 in 2/143 | 18.7s
relu|200|2.0|0.15|mnist|53|0.0|1: c1 0.833 c10 0.845 static 0.864 fac1 -0.060 ac1_39 -0.062 sent static 0.877 level 0.322 lock 0.00 move 0.573 period None dead 0.26 | kin 1.83 cyc 0.51 gscc 0.47 in 7/146 | 18.9s
tri0.3|200|2.0|0.15|mnist|52|0.0|1: c1 0.909 c10 0.910 static 0.930 fac1 -0.008 ac1_39 -0.008 sent static 0.935 level 0.472 lock 0.00 move 0.397 period None dead 0.29 | kin 1.94 cyc 0.52 gscc 0.49 in 2/143 | 18.6s
tri0.7|200|2.0|0.15|mnist|50|0.0|1: c1 0.913 c10 0.911 static 0.944 fac1 -0.005 ac1_39 -0.007 sent static 0.952 level 0.383 lock 0.00 move 0.389 period None dead 0.31 | kin 1.81 cyc 0.47 gscc 0.41 in 8/138 | 19.0s
tri0.3|200|2.0|0.15|mnist|50|0.0|1: c1 0.883 c10 0.880 static 0.907 fac1 -0.009 ac1_39 -0.008 sent static 0.912 level 0.467 lock 0.00 move 0.465 period None dead 0.31 | kin 1.81 cyc 0.47 gscc 0.41 in 8/138 | 22.1s
kwta4|200|2.0|0.15|kp1|52|0.0|1: c1 0.173 c10 0.166 static 0.202 fac1 -0.009 ac1_39 -0.009 sent static 0.199 level 0.112 lock 0.00 move 1.27 period None dead 0.29 | kin 1.94 cyc 0.52 gscc 0.49 in 3/142 | 35.7s
tri0.7|200|2.0|0.15|mnist|52|0.0|1: c1 0.947 c10 0.943 static 0.958 fac1 0.038 ac1_39 0.037 sent static 0.962 level 0.382 lock 0.00 move 0.311 period None dead 0.29 | kin 1.94 cyc 0.52 gscc 0.49 in 2/143 | 19.1s
kwta4|200|2.0|0.15|kp1|53|0.0|1: c1 0.172 c10 0.177 static 0.205 fac1 -0.012 ac1_39 -0.013 sent static 0.205 level 0.112 lock 0.00 move 1.27 period None dead 0.28 | kin 1.83 cyc 0.51 gscc 0.47 in 3/142 | 35.6s
tri0.7|200|2.0|0.15|mnist|53|0.0|1: c1 0.951 c10 0.950 static 0.966 fac1 0.016 ac1_39 0.005 sent static 0.968 level 0.385 lock 0.00 move 0.349 period None dead 0.26 | kin 1.83 cyc 0.51 gscc 0.47 in 7/146 | 19.3s
tri1.0|200|2.0|0.15|mnist|50|0.0|1: c1 0.820 c10 0.846 static 0.876 fac1 -0.047 ac1_39 -0.071 sent static 0.890 level 0.325 lock 0.00 move 0.539 period None dead 0.31 | kin 1.81 cyc 0.47 gscc 0.41 in 8/138 | 18.6s
tri1.0|200|2.0|0.15|mnist|51|0.0|1: c1 0.997 c10 0.999 static 0.998 fac1 -0.244 ac1_39 -0.117 sent static 0.999 level 0.324 lock 0.01 move 0.104 period None dead 0.22 | kin 1.97 cyc 0.65 gscc 0.62 in 2/2 | 18.8s
tri1.0|200|2.0|0.15|mnist|52|0.0|1: c1 0.953 c10 0.943 static 0.951 fac1 0.207 ac1_39 0.188 sent static 0.954 level 0.327 lock 0.00 move 0.303 period None dead 0.29 | kin 1.94 cyc 0.52 gscc 0.49 in 2/143 | 18.8s
tanh|200|2.0|0.15|mnist|51|0.0|1: c1 -0.005 c10 0.032 static 0.002 fac1 -0.015 ac1_39 -0.026 sent static 0.002 level 0.000 lock 0.00 move 1.43 period None dead 0.22 | kin 1.97 cyc 0.65 gscc 0.62 in 2/2 | 18.9s
tanh|200|2.0|0.15|mnist|50|0.0|1: c1 0.133 c10 0.016 static 0.080 fac1 0.080 ac1_39 0.100 sent static 0.073 level 0.001 lock 0.00 move 1.27 period None dead 0.31 | kin 1.81 cyc 0.47 gscc 0.41 in 8/138 | 19.0s
tri0.3|200|2.0|0.15|mnist|53|0.0|1: c1 0.890 c10 0.885 static 0.914 fac1 -0.003 ac1_39 -0.001 sent static 0.917 level 0.466 lock 0.00 move 0.462 period None dead 0.26 | kin 1.83 cyc 0.51 gscc 0.47 in 7/146 | 29.8s
tanh|200|2.0|0.15|mnist|52|0.0|1: c1 0.033 c10 0.070 static 0.005 fac1 0.036 ac1_39 0.038 sent static 0.005 level 0.000 lock 0.00 move 1.38 period None dead 0.29 | kin 1.94 cyc 0.52 gscc 0.49 in 2/143 | 18.9s
tri0.3|200|2.0|0.15|mnist|51|0.0|1: c1 0.934 c10 0.933 static 0.940 fac1 0.001 ac1_39 0.002 sent static 0.941 level 0.464 lock 0.00 move 0.364 period None dead 0.22 | kin 1.97 cyc 0.65 gscc 0.62 in 2/2 | 35.1s
tanh|200|2.0|0.15|mnist|53|0.0|1: c1 0.052 c10 0.123 static 0.037 fac1 0.016 ac1_39 0.023 sent static 0.035 level 0.001 lock 0.00 move 1.33 period None dead 0.26 | kin 1.83 cyc 0.51 gscc 0.47 in 7/146 | 19.4s
sig4_0|200|2.0|0.15|mnist|52|0.0|1: c1 1.000 c10 1.000 static 1.000 fac1 0.007 ac1_39 -0.007 sent static 1.000 level 0.610 lock 0.59 move 0.0903 period None dead 0.16 | kin 1.94 cyc 0.52 gscc 0.49 in 2/143 | 16.8s
tri0.7|200|2.0|0.15|mnist|51|0.0|1: c1 0.996 c10 0.995 static 0.997 fac1 0.085 ac1_39 0.062 sent static 0.997 level 0.382 lock 0.01 move 0.12 period None dead 0.22 | kin 1.97 cyc 0.65 gscc 0.62 in 2/2 | 35.4s
sig4_0|200|2.0|0.15|mnist|53|0.0|1: c1 0.998 c10 0.998 static 0.999 fac1 -0.025 ac1_39 -0.028 sent static 0.999 level 0.608 lock 0.27 move 0.198 period None dead 0.15 | kin 1.83 cyc 0.51 gscc 0.47 in 7/146 | 17.0s
sig8_0|200|2.0|0.15|mnist|50|0.0|1: c1 0.978 c10 0.977 static 0.981 fac1 0.023 ac1_39 0.010 sent static 0.980 level 0.568 lock 0.17 move 0.226 period None dead 0.17 | kin 1.81 cyc 0.47 gscc 0.41 in 8/138 | 16.8s
step0|200|2.0|0.15|mnist|50|0.0|1: c1 0.872 c10 0.873 static 0.896 fac1 -0.005 ac1_39 -0.010 sent static 0.859 level 0.503 lock 0.17 move 0.472 period None dead 0.17 | kin 1.81 cyc 0.47 gscc 0.41 in 8/138 | 14.3s
step0|200|2.0|0.15|mnist|51|0.0|1: c1 0.839 c10 0.839 static 0.855 fac1 -0.004 ac1_39 -0.006 sent static 0.835 level 0.507 lock 0.09 move 0.528 period None dead 0.16 | kin 1.97 cyc 0.65 gscc 0.62 in 2/2 | 14.4s
step0|200|2.0|0.15|mnist|52|0.0|1: c1 0.896 c10 0.896 static 0.916 fac1 -0.008 ac1_39 -0.010 sent static 0.877 level 0.499 lock 0.15 move 0.438 period None dead 0.16 | kin 1.94 cyc 0.52 gscc 0.49 in 2/143 | 14.4s
sig8_0|200|2.0|0.15|mnist|52|0.0|1: c1 0.993 c10 0.988 static 0.993 fac1 0.177 ac1_39 0.133 sent static 0.993 level 0.552 lock 0.15 move 0.15 period None dead 0.16 | kin 1.94 cyc 0.52 gscc 0.49 in 2/143 | 16.8s
step0|200|2.0|0.15|mnist|53|0.0|1: c1 0.859 c10 0.858 static 0.882 fac1 -0.015 ac1_39 -0.023 sent static 0.857 level 0.500 lock 0.13 move 0.503 period None dead 0.15 | kin 1.83 cyc 0.51 gscc 0.47 in 7/146 | 14.5s
sign|200|2.0|0.15|mnist|52|0.0|1: c1 0.000 c10 0.000 static 0.003 fac1 -0.001 ac1_39 -0.001 sent static 0.003 level 0.000 lock 0.00 move 1.41 period None dead 0.29 | kin 1.94 cyc 0.52 gscc 0.49 in 2/143 | 10.2s
tri1.0|200|2.0|0.15|mnist|53|0.0|1: c1 0.915 c10 0.931 static 0.925 fac1 -0.021 ac1_39 -0.005 sent static 0.932 level 0.326 lock 0.00 move 0.433 period None dead 0.26 | kin 1.83 cyc 0.51 gscc 0.47 in 7/146 | 36.1s
sig4_0|200|2.0|0.15|mnist|50|0.0|1: c1 0.998 c10 0.998 static 0.999 fac1 -0.000 ac1_39 -0.009 sent static 0.999 level 0.617 lock 0.25 move 0.129 period None dead 0.17 | kin 1.81 cyc 0.47 gscc 0.41 in 8/138 | 30.7s
sign|200|2.0|0.15|mnist|53|0.0|1: c1 0.000 c10 0.007 static 0.005 fac1 -0.011 ac1_39 -0.009 sent static 0.005 level 0.000 lock 0.00 move 1.4 period None dead 0.26 | kin 1.83 cyc 0.51 gscc 0.47 in 7/146 | 11.3s
sig4_0|200|2.0|0.15|mnist|51|0.0|1: c1 1.000 c10 1.000 static 1.000 fac1 0.694 ac1_39 -0.028 sent static 1.000 level 0.623 lock 0.99 move 0.071 period None dead 0.16 | kin 1.97 cyc 0.65 gscc 0.62 in 2/2 | 31.2s
wta|200|2.0|0.15|mnist|50|0.0|1: c1 0.266 c10 0.264 static 0.362 fac1 -0.005 ac1_39 -0.008 sent static 0.182 level 0.031 lock 0.17 move 1.07 period None dead 0.17 | kin 1.81 cyc 0.47 gscc 0.41 in 8/138 | 15.7s
sign|200|2.0|0.15|mnist|50|0.0|1: c1 0.000 c10 0.000 static 0.005 fac1 0.000 ac1_39 -0.001 sent static 0.005 level 0.000 lock 0.00 move 1.4 period None dead 0.31 | kin 1.81 cyc 0.47 gscc 0.41 in 8/138 | 18.4s
wta|200|2.0|0.15|mnist|51|0.0|1: c1 0.136 c10 0.130 static 0.177 fac1 0.003 ac1_39 0.001 sent static 0.097 level 0.031 lock 0.08 move 1.18 period None dead 0.16 | kin 1.97 cyc 0.65 gscc 0.62 in 2/2 | 15.8s
wta|200|2.0|0.15|mnist|52|0.0|1: c1 0.465 c10 0.455 static 0.570 fac1 -0.002 ac1_39 -0.006 sent static 0.273 level 0.031 lock 0.17 move 0.981 period None dead 0.16 | kin 1.94 cyc 0.52 gscc 0.49 in 2/143 | 15.7s
sign|200|2.0|0.15|mnist|51|0.0|1: c1 0.000 c10 0.000 static 0.003 fac1 -0.002 ac1_39 -0.003 sent static 0.003 level 0.000 lock 0.00 move 1.41 period None dead 0.22 | kin 1.97 cyc 0.65 gscc 0.62 in 2/2 | 18.8s
sig8_0|200|2.0|0.15|mnist|51|0.0|1: c1 0.985 c10 0.991 static 0.989 fac1 -0.046 ac1_39 -0.055 sent static 0.988 level 0.564 lock 0.09 move 0.182 period None dead 0.16 | kin 1.97 cyc 0.65 gscc 0.62 in 2/2 | 31.3s
wta|200|2.0|0.15|mnist|53|0.0|1: c1 0.280 c10 0.251 static 0.355 fac1 -0.004 ac1_39 -0.006 sent static 0.189 level 0.031 lock 0.13 move 1.09 period None dead 0.15 | kin 1.83 cyc 0.51 gscc 0.47 in 7/146 | 15.9s
sig8_0|200|2.0|0.15|mnist|53|0.0|1: c1 0.982 c10 0.982 static 0.989 fac1 -0.023 ac1_39 -0.027 sent static 0.988 level 0.550 lock 0.16 move 0.262 period None dead 0.15 | kin 1.83 cyc 0.51 gscc 0.47 in 7/146 | 31.5s
kwta4|200|2.0|0.15|mnist|50|0.0|1: c1 0.170 c10 0.172 static 0.198 fac1 -0.009 ac1_39 -0.008 sent static 0.205 level 0.112 lock 0.00 move 1.27 period None dead 0.31 | kin 1.81 cyc 0.47 gscc 0.41 in 8/138 | 18.2s
raw|200|2.0|0.3|none|52|0.0|1: c1 -0.107 c10 0.453 static 0.000 fac1 -0.118 ac1_39 -0.109 sent static 0.000 level 0.000 lock 0.00 move 1.49 period None dead 0.02 | kin 3.79 cyc 0.94 gscc 0.94 in 0/0 | 9.9s
kwta4|200|2.0|0.15|mnist|52|0.0|1: c1 0.171 c10 0.170 static 0.204 fac1 -0.007 ac1_39 -0.007 sent static 0.202 level 0.112 lock 0.00 move 1.26 period None dead 0.29 | kin 1.94 cyc 0.52 gscc 0.49 in 2/143 | 18.2s
cstep|200|2.0|0.15|mnist|50|0.0|1: c1 0.742 c10 0.739 static 0.778 fac1 -0.007 ac1_39 -0.006 sent static 0.782 level 0.499 lock 0.00 move 0.682 period None dead 0.31 | kin 1.81 cyc 0.47 gscc 0.41 in 8/138 | 31.5s
cstep|200|2.0|0.15|mnist|51|0.0|1: c1 0.778 c10 0.776 static 0.801 fac1 -0.005 ac1_39 -0.005 sent static 0.796 level 0.499 lock 0.00 move 0.646 period None dead 0.22 | kin 1.97 cyc 0.65 gscc 0.62 in 2/2 | 31.8s
cstep|200|2.0|0.15|mnist|52|0.0|1: c1 0.761 c10 0.760 static 0.796 fac1 -0.004 ac1_39 -0.002 sent static 0.796 level 0.500 lock 0.00 move 0.659 period None dead 0.29 | kin 1.94 cyc 0.52 gscc 0.49 in 2/143 | 31.7s
kwta4|200|2.0|0.15|mnist|53|0.0|1: c1 0.193 c10 0.188 static 0.212 fac1 -0.007 ac1_39 -0.004 sent static 0.210 level 0.112 lock 0.00 move 1.26 period None dead 0.26 | kin 1.83 cyc 0.51 gscc 0.47 in 7/146 | 18.3s
kwta4|200|2.0|0.15|mnist|51|0.0|1: c1 0.214 c10 0.209 static 0.234 fac1 -0.004 ac1_39 -0.005 sent static 0.224 level 0.113 lock 0.00 move 1.23 period None dead 0.22 | kin 1.97 cyc 0.65 gscc 0.62 in 2/2 | 24.3s
raw|200|2.0|0.3|none|50|0.0|1: c1 -0.077 c10 -0.876 static 0.000 fac1 -0.077 ac1_39 -0.091 sent static 0.000 level 0.000 lock 0.00 move 1.48 period None dead 0.04 | kin 3.87 cyc 0.92 gscc 0.92 in 0/0 | 18.1s
relu|200|2.0|0.3|none|52|0.0|1: c1 0.853 c10 0.856 static 0.854 fac1 -0.007 ac1_39 -0.005 sent static 0.853 level 0.318 lock 0.00 move 0.56 period None dead 0.02 | kin 3.79 cyc 0.94 gscc 0.94 in 0/0 | 11.5s
relu|200|2.0|0.3|none|53|0.0|1: c1 0.898 c10 0.965 static 0.929 fac1 -0.474 ac1_39 -0.500 sent static 0.929 level 0.324 lock 0.00 move 0.489 period None dead 0.04 | kin 3.58 cyc 0.93 gscc 0.93 in 0/0 | 11.4s
cstep|200|2.0|0.15|mnist|53|0.0|1: c1 0.775 c10 0.771 static 0.802 fac1 -0.004 ac1_39 -0.005 sent static 0.798 level 0.503 lock 0.02 move 0.642 period None dead 0.26 | kin 1.83 cyc 0.51 gscc 0.47 in 7/146 | 32.0s
raw|200|2.0|0.3|none|51|0.0|1: c1 0.252 c10 0.327 static 0.000 fac1 0.250 ac1_39 0.257 sent static 0.000 level 0.000 lock 0.00 move 1.22 period None dead 0.03 | kin 3.90 cyc 0.94 gscc 0.94 in 0/0 | 17.9s
raw|200|2.0|0.3|none|53|0.0|1: c1 -0.578 c10 0.124 static 0.000 fac1 -0.583 ac1_39 -0.585 sent static 0.000 level 0.000 lock 0.00 move 1.78 period None dead 0.04 | kin 3.58 cyc 0.93 gscc 0.93 in 0/0 | 18.0s
relu|200|2.0|0.3|none|50|0.0|1: c1 0.949 c10 0.972 static 0.962 fac1 -0.341 ac1_39 -0.340 sent static 0.961 level 0.337 lock 0.00 move 0.336 period None dead 0.04 | kin 3.87 cyc 0.92 gscc 0.92 in 0/0 | 20.7s
relu|200|2.0|0.3|none|51|0.0|1: c1 0.960 c10 0.957 static 0.956 fac1 0.056 ac1_39 0.055 sent static 0.957 level 0.323 lock 0.00 move 0.294 period None dead 0.03 | kin 3.90 cyc 0.94 gscc 0.94 in 0/0 | 20.4s
tri0.3|200|2.0|0.3|none|52|0.0|1: c1 0.916 c10 0.918 static 0.915 fac1 -0.003 ac1_39 -0.003 sent static 0.921 level 0.467 lock 0.00 move 0.417 period None dead 0.02 | kin 3.79 cyc 0.94 gscc 0.94 in 0/0 | 21.0s
tanh|200|2.0|0.3|none|51|0.0|1: c1 0.013 c10 0.022 static 0.005 fac1 0.010 ac1_39 0.009 sent static 0.005 level 0.000 lock 0.00 move 1.4 period None dead 0.03 | kin 3.90 cyc 0.94 gscc 0.94 in 0/0 | 11.5s
tanh|200|2.0|0.3|none|52|0.0|1: c1 -0.006 c10 0.022 static 0.004 fac1 -0.011 ac1_39 -0.013 sent static 0.004 level 0.000 lock 0.00 move 1.42 period None dead 0.02 | kin 3.79 cyc 0.94 gscc 0.94 in 0/0 | 11.5s
tri0.7|200|2.0|0.3|none|50|0.0|1: c1 0.969 c10 0.972 static 0.969 fac1 -0.007 ac1_39 -0.012 sent static 0.972 level 0.386 lock 0.00 move 0.255 period None dead 0.04 | kin 3.87 cyc 0.92 gscc 0.92 in 0/0 | 21.6s
tri0.7|200|2.0|0.3|none|51|0.0|1: c1 0.977 c10 0.979 static 0.977 fac1 -0.018 ac1_39 -0.018 sent static 0.978 level 0.389 lock 0.00 move 0.222 period None dead 0.03 | kin 3.90 cyc 0.94 gscc 0.94 in 0/0 | 21.5s
tri0.7|200|2.0|0.3|none|52|0.0|1: c1 0.960 c10 0.963 static 0.961 fac1 -0.007 ac1_39 -0.005 sent static 0.965 level 0.388 lock 0.00 move 0.289 period None dead 0.02 | kin 3.79 cyc 0.94 gscc 0.94 in 0/0 | 21.6s
tri1.0|200|2.0|0.3|none|52|0.0|1: c1 0.904 c10 0.903 static 0.900 fac1 0.021 ac1_39 0.023 sent static 0.908 level 0.330 lock 0.00 move 0.444 period None dead 0.02 | kin 3.79 cyc 0.94 gscc 0.94 in 0/0 | 21.1s
tri1.0|200|2.0|0.3|none|53|0.0|1: c1 0.967 c10 0.972 static 0.972 fac1 -0.185 ac1_39 -0.184 sent static 0.974 level 0.332 lock 0.00 move 0.265 period None dead 0.04 | kin 3.58 cyc 0.93 gscc 0.93 in 0/0 | 21.0s
tanh|200|2.0|0.3|none|50|0.0|1: c1 0.026 c10 -0.021 static 0.003 fac1 0.024 ac1_39 0.023 sent static 0.003 level 0.000 lock 0.00 move 1.4 period None dead 0.04 | kin 3.87 cyc 0.92 gscc 0.92 in 0/0 | 21.1s
tanh|200|2.0|0.3|none|53|0.0|1: c1 -0.042 c10 -0.022 static 0.002 fac1 -0.045 ac1_39 -0.046 sent static 0.002 level 0.000 lock 0.00 move 1.45 period None dead 0.04 | kin 3.58 cyc 0.93 gscc 0.93 in 0/0 | 21.0s
tri0.3|200|2.0|0.3|none|50|0.0|1: c1 0.922 c10 0.923 static 0.924 fac1 -0.011 ac1_39 -0.011 sent static 0.928 level 0.465 lock 0.00 move 0.403 period None dead 0.04 | kin 3.87 cyc 0.92 gscc 0.92 in 0/0 | 40.0s
sig8_0|200|2.0|0.3|none|50|0.0|1: c1 0.961 c10 0.962 static 0.961 fac1 0.003 ac1_39 0.001 sent static 0.962 level 0.557 lock 0.01 move 0.29 period None dead 0.03 | kin 3.87 cyc 0.92 gscc 0.92 in 0/0 | 18.6s
tri0.3|200|2.0|0.3|none|51|0.0|1: c1 0.918 c10 0.918 static 0.917 fac1 -0.001 ac1_39 -0.001 sent static 0.922 level 0.464 lock 0.00 move 0.413 period None dead 0.03 | kin 3.90 cyc 0.94 gscc 0.94 in 0/0 | 40.1s
tri0.3|200|2.0|0.3|none|53|0.0|1: c1 0.929 c10 0.930 static 0.929 fac1 -0.009 ac1_39 -0.009 sent static 0.933 level 0.464 lock 0.00 move 0.383 period None dead 0.04 | kin 3.58 cyc 0.93 gscc 0.93 in 0/0 | 39.6s
step0|200|2.0|0.3|none|50|0.0|1: c1 0.804 c10 0.806 static 0.805 fac1 -0.006 ac1_39 -0.006 sent static 0.799 level 0.510 lock 0.01 move 0.638 period None dead 0.03 | kin 3.87 cyc 0.92 gscc 0.92 in 0/0 | 15.9s
sig8_0|200|2.0|0.3|none|51|0.0|1: c1 0.967 c10 0.967 static 0.967 fac1 -0.010 ac1_39 -0.010 sent static 0.967 level 0.560 lock 0.00 move 0.271 period None dead 0.03 | kin 3.90 cyc 0.94 gscc 0.94 in 0/0 | 18.7s
sig8_0|200|2.0|0.3|none|52|0.0|1: c1 0.958 c10 0.958 static 0.958 fac1 -0.025 ac1_39 -0.024 sent static 0.958 level 0.543 lock 0.00 move 0.301 period None dead 0.02 | kin 3.79 cyc 0.94 gscc 0.94 in 0/0 | 18.7s
step0|200|2.0|0.3|none|51|0.0|1: c1 0.818 c10 0.818 static 0.818 fac1 -0.002 ac1_39 -0.003 sent static 0.803 level 0.496 lock 0.00 move 0.612 period None dead 0.03 | kin 3.90 cyc 0.94 gscc 0.94 in 0/0 | 15.9s
sig8_0|200|2.0|0.3|none|53|0.0|1: c1 0.973 c10 0.973 static 0.972 fac1 -0.004 ac1_39 -0.002 sent static 0.972 level 0.545 lock 0.01 move 0.245 period None dead 0.04 | kin 3.58 cyc 0.93 gscc 0.93 in 0/0 | 18.6s
sig4_0|200|2.0|0.3|none|50|0.0|1: c1 1.000 c10 1.000 static 1.000 fac1 0.562 ac1_39 0.565 sent static 1.000 level 0.614 lock 1.00 move 1.88e-07 period 1 dead 0.03 | kin 3.87 cyc 0.92 gscc 0.92 in 0/0 | 34.4s
tri0.7|200|2.0|0.3|none|53|0.0|1: c1 0.986 c10 0.986 static 0.986 fac1 -0.007 ac1_39 -0.009 sent static 0.986 level 0.384 lock 0.00 move 0.174 period None dead 0.04 | kin 3.58 cyc 0.93 gscc 0.93 in 0/0 | 39.7s
step0|200|2.0|0.3|none|52|0.0|1: c1 0.800 c10 0.802 static 0.798 fac1 -0.006 ac1_39 -0.005 sent static 0.793 level 0.496 lock 0.00 move 0.65 period None dead 0.02 | kin 3.79 cyc 0.94 gscc 0.94 in 0/0 | 16.0s
step0|200|2.0|0.3|none|53|0.0|1: c1 0.802 c10 0.801 static 0.803 fac1 -0.011 ac1_39 -0.010 sent static 0.798 level 0.492 lock 0.01 move 0.634 period None dead 0.04 | kin 3.58 cyc 0.93 gscc 0.93 in 0/0 | 15.9s
tri1.0|200|2.0|0.3|none|50|0.0|1: c1 0.915 c10 0.914 static 0.924 fac1 -0.135 ac1_39 -0.132 sent static 0.929 level 0.328 lock 0.00 move 0.425 period None dead 0.04 | kin 3.87 cyc 0.92 gscc 0.92 in 0/0 | 39.9s
sig4_0|200|2.0|0.3|none|51|0.0|1: c1 1.000 c10 1.000 static 1.000 fac1 0.574 ac1_39 0.566 sent static 1.000 level 0.613 lock 1.00 move 1.85e-07 period 1 dead 0.03 | kin 3.90 cyc 0.94 gscc 0.94 in 0/0 | 34.6s
tri1.0|200|2.0|0.3|none|51|0.0|1: c1 0.940 c10 0.942 static 0.943 fac1 -0.075 ac1_39 -0.076 sent static 0.946 level 0.331 lock 0.00 move 0.357 period None dead 0.03 | kin 3.90 cyc 0.94 gscc 0.94 in 0/0 | 40.1s
sign|200|2.0|0.3|none|52|0.0|1: c1 0.000 c10 -0.001 static 0.004 fac1 -0.004 ac1_39 -0.004 sent static 0.004 level 0.000 lock 0.00 move 1.41 period None dead 0.02 | kin 3.79 cyc 0.94 gscc 0.94 in 0/0 | 11.2s
sign|200|2.0|0.3|none|53|0.0|1: c1 -0.004 c10 -0.000 static 0.004 fac1 -0.009 ac1_39 -0.008 sent static 0.004 level 0.000 lock 0.00 move 1.42 period None dead 0.04 | kin 3.58 cyc 0.93 gscc 0.93 in 0/0 | 11.3s
sig4_0|200|2.0|0.3|none|52|0.0|1: c1 1.000 c10 1.000 static 1.000 fac1 0.583 ac1_39 0.583 sent static 1.000 level 0.603 lock 1.00 move 1.81e-07 period 1 dead 0.02 | kin 3.79 cyc 0.94 gscc 0.94 in 0/0 | 34.7s
sig4_0|200|2.0|0.3|none|53|0.0|1: c1 1.000 c10 1.000 static 1.000 fac1 0.619 ac1_39 0.608 sent static 1.000 level 0.605 lock 1.00 move 1.73e-07 period 1 dead 0.04 | kin 3.58 cyc 0.93 gscc 0.93 in 0/0 | 34.2s
cstep|200|2.0|0.3|none|53|0.0|1: c1 0.797 c10 0.800 static 0.798 fac1 -0.004 ac1_39 -0.004 sent static 0.800 level 0.500 lock 0.00 move 0.643 period None dead 0.04 | kin 3.58 cyc 0.93 gscc 0.93 in 0/0 | 18.9s
wta|200|2.0|0.3|none|50|0.0|1: c1 0.052 c10 0.052 static 0.052 fac1 0.000 ac1_39 0.001 sent static 0.047 level 0.031 lock 0.01 move 1.36 period None dead 0.03 | kin 3.87 cyc 0.92 gscc 0.92 in 0/0 | 17.8s
wta|200|2.0|0.3|none|51|0.0|1: c1 0.056 c10 0.053 static 0.059 fac1 -0.003 ac1_39 -0.004 sent static 0.047 level 0.031 lock 0.00 move 1.35 period None dead 0.03 | kin 3.90 cyc 0.94 gscc 0.94 in 0/0 | 17.8s
sign|200|2.0|0.3|none|50|0.0|1: c1 0.001 c10 -0.006 static 0.003 fac1 -0.003 ac1_39 -0.003 sent static 0.003 level 0.000 lock 0.00 move 1.41 period None dead 0.04 | kin 3.87 cyc 0.92 gscc 0.92 in 0/0 | 20.8s
wta|200|2.0|0.3|none|52|0.0|1: c1 0.047 c10 0.049 static 0.051 fac1 -0.005 ac1_39 -0.006 sent static 0.046 level 0.031 lock 0.00 move 1.37 period None dead 0.02 | kin 3.79 cyc 0.94 gscc 0.94 in 0/0 | 17.8s
sign|200|2.0|0.3|none|51|0.0|1: c1 0.001 c10 -0.002 static 0.003 fac1 -0.002 ac1_39 -0.004 sent static 0.003 level 0.000 lock 0.00 move 1.42 period None dead 0.03 | kin 3.90 cyc 0.94 gscc 0.94 in 0/0 | 20.7s
raw|200|2.0|0.3|kp1|52|0.0|1: c1 -0.143 c10 0.456 static 0.001 fac1 -0.159 ac1_39 -0.147 sent static 0.001 level 0.000 lock 0.00 move 1.52 period None dead 0.02 | kin 3.79 cyc 0.94 gscc 0.94 in 3/196 | 9.9s
raw|200|2.0|0.3|kp1|53|0.0|1: c1 -0.535 c10 0.258 static 0.029 fac1 -0.588 ac1_39 -0.589 sent static 0.029 level 0.001 lock 0.00 move 1.76 period None dead 0.04 | kin 3.58 cyc 0.93 gscc 0.93 in 3/193 | 9.9s
raw|200|2.0|0.3|kp1|51|0.0|1: c1 0.205 c10 0.285 static 0.002 fac1 0.201 ac1_39 0.212 sent static 0.002 level 0.000 lock 0.00 move 1.26 period None dead 0.03 | kin 3.90 cyc 0.94 gscc 0.94 in 3/194 | 17.8s
raw|200|2.0|0.3|kp1|50|0.0|1: c1 -0.127 c10 -0.889 static 0.002 fac1 -0.135 ac1_39 -0.150 sent static 0.002 level 0.000 lock 0.00 move 1.52 period None dead 0.04 | kin 3.87 cyc 0.92 gscc 0.92 in 3/193 | 18.0s
kwta4|200|2.0|0.3|none|51|0.0|1: c1 0.192 c10 0.191 static 0.195 fac1 -0.004 ac1_39 -0.005 sent static 0.196 level 0.114 lock 0.00 move 1.27 period None dead 0.03 | kin 3.90 cyc 0.94 gscc 0.94 in 0/0 | 20.4s
kwta4|200|2.0|0.3|none|52|0.0|1: c1 0.194 c10 0.194 static 0.195 fac1 -0.005 ac1_39 -0.004 sent static 0.195 level 0.114 lock 0.00 move 1.27 period None dead 0.02 | kin 3.79 cyc 0.94 gscc 0.94 in 0/0 | 20.4s
cstep|200|2.0|0.3|none|51|0.0|1: c1 0.790 c10 0.793 static 0.793 fac1 -0.003 ac1_39 -0.003 sent static 0.795 level 0.500 lock 0.00 move 0.656 period None dead 0.03 | kin 3.90 cyc 0.94 gscc 0.94 in 0/0 | 35.4s
cstep|200|2.0|0.3|none|50|0.0|1: c1 0.789 c10 0.790 static 0.793 fac1 -0.009 ac1_39 -0.010 sent static 0.792 level 0.499 lock 0.00 move 0.663 period None dead 0.04 | kin 3.87 cyc 0.92 gscc 0.92 in 0/0 | 36.0s
relu|200|2.0|0.3|kp1|52|0.0|1: c1 0.846 c10 0.844 static 0.851 fac1 -0.036 ac1_39 -0.032 sent static 0.854 level 0.317 lock 0.00 move 0.573 period None dead 0.02 | kin 3.79 cyc 0.94 gscc 0.94 in 3/196 | 11.5s
relu|200|2.0|0.3|kp1|53|0.0|1: c1 0.932 c10 0.939 static 0.943 fac1 -0.231 ac1_39 -0.250 sent static 0.944 level 0.330 lock 0.00 move 0.393 period None dead 0.04 | kin 3.58 cyc 0.93 gscc 0.93 in 3/193 | 11.4s
relu|200|2.0|0.3|kp1|51|0.0|1: c1 0.950 c10 0.951 static 0.951 fac1 -0.025 ac1_39 -0.024 sent static 0.954 level 0.324 lock 0.00 move 0.325 period None dead 0.03 | kin 3.90 cyc 0.94 gscc 0.94 in 3/194 | 20.5s
relu|200|2.0|0.3|kp1|50|0.0|1: c1 0.956 c10 0.956 static 0.962 fac1 -0.159 ac1_39 -0.163 sent static 0.961 level 0.336 lock 0.00 move 0.305 period None dead 0.04 | kin 3.87 cyc 0.92 gscc 0.92 in 3/193 | 20.7s
cstep|200|2.0|0.3|none|52|0.0|1: c1 0.794 c10 0.794 static 0.793 fac1 -0.008 ac1_39 -0.009 sent static 0.790 level 0.494 lock 0.00 move 0.655 period None dead 0.02 | kin 3.79 cyc 0.94 gscc 0.94 in 0/0 | 36.1s
wta|200|2.0|0.3|none|53|0.0|1: c1 0.051 c10 0.045 static 0.053 fac1 -0.003 ac1_39 -0.002 sent static 0.047 level 0.031 lock 0.01 move 1.36 period None dead 0.04 | kin 3.58 cyc 0.93 gscc 0.93 in 0/0 | 33.1s
tri0.3|200|2.0|0.3|kp1|50|0.0|1: c1 0.920 c10 0.921 static 0.921 fac1 -0.015 ac1_39 -0.014 sent static 0.926 level 0.466 lock 0.00 move 0.408 period None dead 0.04 | kin 3.87 cyc 0.92 gscc 0.92 in 3/193 | 21.0s
tanh|200|2.0|0.3|kp1|50|0.0|1: c1 0.015 c10 -0.010 static 0.005 fac1 0.010 ac1_39 0.011 sent static 0.005 level 0.000 lock 0.00 move 1.4 period None dead 0.04 | kin 3.87 cyc 0.92 gscc 0.92 in 3/193 | 11.7s
tri0.3|200|2.0|0.3|kp1|52|0.0|1: c1 0.916 c10 0.916 static 0.916 fac1 -0.011 ac1_39 -0.012 sent static 0.920 level 0.466 lock 0.00 move 0.417 period None dead 0.02 | kin 3.79 cyc 0.94 gscc 0.94 in 3/196 | 21.1s
tanh|200|2.0|0.3|kp1|51|0.0|1: c1 -0.003 c10 0.032 static 0.004 fac1 -0.007 ac1_39 -0.005 sent static 0.004 level 0.000 lock 0.00 move 1.41 period None dead 0.03 | kin 3.90 cyc 0.94 gscc 0.94 in 3/194 | 11.7s
tri0.7|200|2.0|0.3|kp1|50|0.0|1: c1 0.959 c10 0.958 static 0.962 fac1 -0.073 ac1_39 -0.083 sent static 0.966 level 0.385 lock 0.00 move 0.293 period None dead 0.04 | kin 3.87 cyc 0.92 gscc 0.92 in 3/193 | 21.6s
tri0.7|200|2.0|0.3|kp1|51|0.0|1: c1 0.975 c10 0.973 static 0.974 fac1 0.019 ac1_39 0.016 sent static 0.976 level 0.390 lock 0.00 move 0.234 period None dead 0.03 | kin 3.90 cyc 0.94 gscc 0.94 in 3/194 | 23.1s
kwta4|200|2.0|0.3|none|53|0.0|1: c1 0.199 c10 0.198 static 0.205 fac1 -0.003 ac1_39 -0.003 sent static 0.199 level 0.114 lock 0.00 move 1.26 period None dead 0.04 | kin 3.58 cyc 0.93 gscc 0.93 in 0/0 | 39.2s
kwta4|200|2.0|0.3|none|50|0.0|1: c1 0.192 c10 0.194 static 0.197 fac1 -0.005 ac1_39 -0.006 sent static 0.194 level 0.114 lock 0.00 move 1.27 period None dead 0.04 | kin 3.87 cyc 0.92 gscc 0.92 in 0/0 | 40.2s
tri1.0|200|2.0|0.3|kp1|51|0.0|1: c1 0.938 c10 0.938 static 0.939 fac1 -0.031 ac1_39 -0.031 sent static 0.943 level 0.330 lock 0.00 move 0.363 period None dead 0.03 | kin 3.90 cyc 0.94 gscc 0.94 in 3/194 | 23.1s
tri1.0|200|2.0|0.3|kp1|50|0.0|1: c1 0.902 c10 0.919 static 0.919 fac1 -0.234 ac1_39 -0.236 sent static 0.925 level 0.330 lock 0.00 move 0.462 period None dead 0.04 | kin 3.87 cyc 0.92 gscc 0.92 in 3/193 | 25.0s
tanh|200|2.0|0.3|kp1|52|0.0|1: c1 -0.011 c10 -0.005 static 0.005 fac1 -0.017 ac1_39 -0.018 sent static 0.005 level 0.000 lock 0.00 move 1.42 period None dead 0.02 | kin 3.79 cyc 0.94 gscc 0.94 in 3/196 | 19.0s
tanh|200|2.0|0.3|kp1|53|0.0|1: c1 -0.071 c10 0.019 static 0.010 fac1 -0.084 ac1_39 -0.086 sent static 0.010 level 0.000 lock 0.00 move 1.46 period None dead 0.04 | kin 3.58 cyc 0.93 gscc 0.93 in 3/193 | 20.1s
tri0.3|200|2.0|0.3|kp1|51|0.0|1: c1 0.917 c10 0.917 static 0.917 fac1 -0.002 ac1_39 -0.002 sent static 0.920 level 0.464 lock 0.00 move 0.417 period None dead 0.03 | kin 3.90 cyc 0.94 gscc 0.94 in 3/194 | 41.0s
sig4_0|200|2.0|0.3|kp1|53|0.0|1: c1 0.998 c10 0.997 static 0.998 fac1 -0.198 ac1_39 -0.266 sent static 0.999 level 0.604 lock 0.01 move 0.123 period 4 dead 0.03 | kin 3.58 cyc 0.93 gscc 0.93 in 3/193 | 20.8s
step0|200|2.0|0.3|kp1|50|0.0|1: c1 0.806 c10 0.807 static 0.807 fac1 -0.003 ac1_39 -0.004 sent static 0.800 level 0.511 lock 0.01 move 0.637 period None dead 0.03 | kin 3.87 cyc 0.92 gscc 0.92 in 3/193 | 16.5s
tri0.3|200|2.0|0.3|kp1|53|0.0|1: c1 0.919 c10 0.919 static 0.922 fac1 -0.036 ac1_39 -0.055 sent static 0.925 level 0.464 lock 0.00 move 0.422 period None dead 0.04 | kin 3.58 cyc 0.93 gscc 0.93 in 3/193 | 42.1s
sig4_0|200|2.0|0.3|kp1|52|0.0|1: c1 1.000 c10 1.000 static 1.000 fac1 -0.237 ac1_39 -0.271 sent static 1.000 level 0.602 lock 0.08 move 0.046 period 4 dead 0.02 | kin 3.79 cyc 0.94 gscc 0.94 in 3/196 | 22.3s
sig4_0|200|2.0|0.3|kp1|51|0.0|1: c1 1.000 c10 1.000 static 1.000 fac1 -0.200 ac1_39 -0.260 sent static 1.000 level 0.613 lock 0.37 move 0.0345 period 4 dead 0.03 | kin 3.90 cyc 0.94 gscc 0.94 in 3/194 | 25.3s
sig8_0|200|2.0|0.3|kp1|52|0.0|1: c1 0.956 c10 0.957 static 0.957 fac1 -0.024 ac1_39 -0.025 sent static 0.956 level 0.544 lock 0.00 move 0.308 period None dead 0.02 | kin 3.79 cyc 0.94 gscc 0.94 in 3/196 | 20.6s
tri1.0|200|2.0|0.3|kp1|52|0.0|1: c1 0.894 c10 0.894 static 0.896 fac1 -0.035 ac1_39 -0.031 sent static 0.904 level 0.332 lock 0.00 move 0.469 period None dead 0.02 | kin 3.79 cyc 0.94 gscc 0.94 in 3/196 | 37.2s
step0|200|2.0|0.3|kp1|51|0.0|1: c1 0.818 c10 0.816 static 0.818 fac1 -0.001 ac1_39 -0.001 sent static 0.800 level 0.496 lock 0.00 move 0.611 period None dead 0.03 | kin 3.90 cyc 0.94 gscc 0.94 in 3/194 | 18.1s
tri0.7|200|2.0|0.3|kp1|53|0.0|1: c1 0.972 c10 0.972 static 0.976 fac1 -0.166 ac1_39 -0.192 sent static 0.976 level 0.387 lock 0.00 move 0.259 period None dead 0.04 | kin 3.58 cyc 0.93 gscc 0.93 in 3/193 | 39.8s
tri0.7|200|2.0|0.3|kp1|52|0.0|1: c1 0.954 c10 0.955 static 0.956 fac1 -0.073 ac1_39 -0.076 sent static 0.962 level 0.391 lock 0.00 move 0.315 period None dead 0.02 | kin 3.79 cyc 0.94 gscc 0.94 in 3/196 | 41.6s
sig8_0|200|2.0|0.3|kp1|53|0.0|1: c1 0.956 c10 0.954 static 0.958 fac1 -0.070 ac1_39 -0.099 sent static 0.961 level 0.545 lock 0.01 move 0.321 period None dead 0.03 | kin 3.58 cyc 0.93 gscc 0.93 in 3/193 | 21.6s
tri1.0|200|2.0|0.3|kp1|53|0.0|1: c1 0.945 c10 0.951 static 0.957 fac1 -0.264 ac1_39 -0.277 sent static 0.959 level 0.331 lock 0.00 move 0.35 period None dead 0.04 | kin 3.58 cyc 0.93 gscc 0.93 in 3/193 | 40.8s
sig8_0|200|2.0|0.3|kp1|50|0.0|1: c1 0.958 c10 0.959 static 0.958 fac1 -0.032 ac1_39 -0.035 sent static 0.960 level 0.556 lock 0.01 move 0.308 period None dead 0.03 | kin 3.87 cyc 0.92 gscc 0.92 in 3/193 | 29.1s
sig4_0|200|2.0|0.3|kp1|50|0.0|1: c1 0.999 c10 1.000 static 1.000 fac1 -0.416 ac1_39 -0.409 sent static 1.000 level 0.614 lock 0.01 move 0.0543 period 4 dead 0.03 | kin 3.87 cyc 0.92 gscc 0.92 in 3/193 | 35.8s
step0|200|2.0|0.3|kp1|52|0.0|1: c1 0.794 c10 0.796 static 0.795 fac1 -0.012 ac1_39 -0.012 sent static 0.790 level 0.495 lock 0.00 move 0.654 period None dead 0.02 | kin 3.79 cyc 0.94 gscc 0.94 in 3/196 | 23.3s
cstep|200|2.0|0.3|kp1|51|0.0|1: c1 0.790 c10 0.789 static 0.791 fac1 -0.001 ac1_39 -0.001 sent static 0.796 level 0.500 lock 0.00 move 0.657 period None dead 0.03 | kin 3.90 cyc 0.94 gscc 0.94 in 3/194 | 19.2s
sig8_0|200|2.0|0.3|kp1|51|0.0|1: c1 0.966 c10 0.965 static 0.966 fac1 0.004 ac1_39 0.004 sent static 0.966 level 0.559 lock 0.00 move 0.275 period None dead 0.03 | kin 3.90 cyc 0.94 gscc 0.94 in 3/194 | 32.2s
sign|200|2.0|0.3|kp1|50|0.0|1: c1 0.002 c10 -0.003 static 0.003 fac1 -0.001 ac1_39 -0.001 sent static 0.003 level 0.000 lock 0.00 move 1.41 period None dead 0.04 | kin 3.87 cyc 0.92 gscc 0.92 in 3/193 | 11.3s
sign|200|2.0|0.3|kp1|52|0.0|1: c1 0.003 c10 0.004 static 0.004 fac1 -0.000 ac1_39 -0.000 sent static 0.004 level 0.000 lock 0.00 move 1.41 period None dead 0.02 | kin 3.79 cyc 0.94 gscc 0.94 in 3/196 | 11.3s
sign|200|2.0|0.3|kp1|53|0.0|1: c1 -0.001 c10 -0.005 static 0.005 fac1 -0.009 ac1_39 -0.012 sent static 0.005 level 0.000 lock 0.00 move 1.42 period None dead 0.04 | kin 3.58 cyc 0.93 gscc 0.93 in 3/193 | 11.3s
cstep|200|2.0|0.3|kp1|53|0.0|1: c1 0.796 c10 0.795 static 0.797 fac1 -0.011 ac1_39 -0.020 sent static 0.798 level 0.500 lock 0.00 move 0.653 period None dead 0.04 | kin 3.58 cyc 0.93 gscc 0.93 in 3/193 | 19.0s
wta|200|2.0|0.3|kp1|50|0.0|1: c1 0.049 c10 0.051 static 0.055 fac1 -0.007 ac1_39 -0.007 sent static 0.046 level 0.031 lock 0.01 move 1.36 period None dead 0.03 | kin 3.87 cyc 0.92 gscc 0.92 in 3/193 | 17.7s
step0|200|2.0|0.3|kp1|53|0.0|1: c1 0.793 c10 0.788 static 0.793 fac1 -0.006 ac1_39 -0.015 sent static 0.794 level 0.490 lock 0.01 move 0.652 period None dead 0.03 | kin 3.58 cyc 0.93 gscc 0.93 in 3/193 | 30.5s
raw|200|2.0|0.3|mnist|51|0.0|1: c1 0.223 c10 0.297 static 0.002 fac1 0.222 ac1_39 0.228 sent static 0.002 level 0.000 lock 0.00 move 1.24 period None dead 0.03 | kin 3.90 cyc 0.94 gscc 0.94 in 2/194 | 10.0s
raw|200|2.0|0.3|mnist|52|0.0|1: c1 -0.049 c10 0.423 static 0.023 fac1 -0.086 ac1_39 -0.081 sent static 0.023 level 0.000 lock 0.00 move 1.45 period None dead 0.02 | kin 3.79 cyc 0.94 gscc 0.94 in 2/197 | 10.1s
sign|200|2.0|0.3|kp1|51|0.0|1: c1 0.000 c10 0.001 static 0.003 fac1 -0.004 ac1_39 -0.003 sent static 0.003 level 0.000 lock 0.00 move 1.41 period None dead 0.03 | kin 3.90 cyc 0.94 gscc 0.94 in 3/194 | 20.9s
relu|200|2.0|0.3|mnist|50|0.0|1: c1 0.911 c10 0.923 static 0.920 fac1 -0.102 ac1_39 -0.106 sent static 0.923 level 0.335 lock 0.00 move 0.436 period None dead 0.04 | kin 3.87 cyc 0.92 gscc 0.92 in 8/193 | 11.6s
relu|200|2.0|0.3|mnist|51|0.0|1: c1 0.961 c10 0.960 static 0.958 fac1 0.030 ac1_39 0.035 sent static 0.960 level 0.323 lock 0.00 move 0.286 period None dead 0.03 | kin 3.90 cyc 0.94 gscc 0.94 in 2/194 | 11.5s
relu|200|2.0|0.3|mnist|52|0.0|1: c1 0.851 c10 0.844 static 0.847 fac1 0.010 ac1_39 0.014 sent static 0.854 level 0.316 lock 0.00 move 0.561 period None dead 0.02 | kin 3.79 cyc 0.94 gscc 0.94 in 2/197 | 11.5s
kwta4|200|2.0|0.3|kp1|51|0.0|1: c1 0.195 c10 0.195 static 0.199 fac1 -0.005 ac1_39 -0.005 sent static 0.198 level 0.114 lock 0.00 move 1.27 period None dead 0.03 | kin 3.90 cyc 0.94 gscc 0.94 in 3/194 | 20.6s
cstep|200|2.0|0.3|kp1|50|0.0|1: c1 0.788 c10 0.792 static 0.794 fac1 -0.006 ac1_39 -0.006 sent static 0.791 level 0.499 lock 0.00 move 0.662 period None dead 0.04 | kin 3.87 cyc 0.92 gscc 0.92 in 3/193 | 36.0s
raw|200|2.0|0.3|mnist|50|0.0|1: c1 -0.048 c10 -0.781 static 0.017 fac1 -0.067 ac1_39 -0.078 sent static 0.017 level 0.000 lock 0.00 move 1.46 period None dead 0.04 | kin 3.87 cyc 0.92 gscc 0.92 in 8/193 | 18.1s
raw|200|2.0|0.3|mnist|53|0.0|1: c1 -0.112 c10 0.638 static 0.257 fac1 -0.516 ac1_39 -0.521 sent static 0.257 level 0.004 lock 0.00 move 1.49 period None dead 0.04 | kin 3.58 cyc 0.93 gscc 0.93 in 7/193 | 18.0s
relu|200|2.0|0.3|mnist|53|0.0|1: c1 0.912 c10 0.926 static 0.921 fac1 -0.100 ac1_39 -0.106 sent static 0.921 level 0.326 lock 0.00 move 0.446 period None dead 0.04 | kin 3.58 cyc 0.93 gscc 0.93 in 7/193 | 11.7s
cstep|200|2.0|0.3|kp1|52|0.0|1: c1 0.791 c10 0.790 static 0.790 fac1 -0.005 ac1_39 -0.006 sent static 0.789 level 0.494 lock 0.00 move 0.658 period None dead 0.02 | kin 3.79 cyc 0.94 gscc 0.94 in 3/196 | 36.1s
wta|200|2.0|0.3|kp1|51|0.0|1: c1 0.058 c10 0.056 static 0.058 fac1 -0.001 ac1_39 -0.003 sent static 0.047 level 0.031 lock 0.00 move 1.35 period None dead 0.03 | kin 3.90 cyc 0.94 gscc 0.94 in 3/194 | 33.6s
wta|200|2.0|0.3|kp1|52|0.0|1: c1 0.045 c10 0.043 static 0.051 fac1 -0.004 ac1_39 -0.006 sent static 0.045 level 0.031 lock 0.00 move 1.37 period None dead 0.02 | kin 3.79 cyc 0.94 gscc 0.94 in 3/196 | 33.5s
wta|200|2.0|0.3|kp1|53|0.0|1: c1 0.049 c10 0.045 static 0.053 fac1 -0.005 ac1_39 -0.008 sent static 0.047 level 0.031 lock 0.01 move 1.37 period None dead 0.03 | kin 3.58 cyc 0.93 gscc 0.93 in 3/193 | 33.3s
tri0.3|200|2.0|0.3|mnist|52|0.0|1: c1 0.915 c10 0.914 static 0.914 fac1 -0.006 ac1_39 -0.007 sent static 0.920 level 0.466 lock 0.00 move 0.425 period None dead 0.02 | kin 3.79 cyc 0.94 gscc 0.94 in 2/197 | 21.3s
tanh|200|2.0|0.3|mnist|50|0.0|1: c1 0.009 c10 0.020 static 0.019 fac1 -0.011 ac1_39 -0.011 sent static 0.018 level 0.000 lock 0.00 move 1.4 period None dead 0.04 | kin 3.87 cyc 0.92 gscc 0.92 in 8/193 | 12.0s
tri0.3|200|2.0|0.3|mnist|53|0.0|1: c1 0.919 c10 0.919 static 0.917 fac1 -0.004 ac1_39 -0.006 sent static 0.920 level 0.464 lock 0.00 move 0.427 period None dead 0.04 | kin 3.58 cyc 0.93 gscc 0.93 in 7/193 | 22.7s
kwta4|200|2.0|0.3|kp1|50|0.0|1: c1 0.187 c10 0.191 static 0.198 fac1 -0.010 ac1_39 -0.009 sent static 0.195 level 0.114 lock 0.00 move 1.27 period None dead 0.04 | kin 3.87 cyc 0.92 gscc 0.92 in 3/193 | 40.0s
tri0.7|200|2.0|0.3|mnist|51|0.0|1: c1 0.978 c10 0.978 static 0.977 fac1 -0.004 ac1_39 -0.002 sent static 0.979 level 0.390 lock 0.00 move 0.218 period None dead 0.03 | kin 3.90 cyc 0.94 gscc 0.94 in 2/194 | 22.5s
kwta4|200|2.0|0.3|kp1|52|0.0|1: c1 0.188 c10 0.187 static 0.191 fac1 -0.009 ac1_39 -0.008 sent static 0.197 level 0.114 lock 0.00 move 1.27 period None dead 0.02 | kin 3.79 cyc 0.94 gscc 0.94 in 3/196 | 40.2s
tri0.7|200|2.0|0.3|mnist|52|0.0|1: c1 0.958 c10 0.960 static 0.958 fac1 -0.002 ac1_39 -0.002 sent static 0.962 level 0.388 lock 0.00 move 0.306 period None dead 0.02 | kin 3.79 cyc 0.94 gscc 0.94 in 2/197 | 22.0s
tri0.7|200|2.0|0.3|mnist|53|0.0|1: c1 0.961 c10 0.961 static 0.961 fac1 -0.026 ac1_39 -0.027 sent static 0.964 level 0.388 lock 0.00 move 0.307 period None dead 0.04 | kin 3.58 cyc 0.93 gscc 0.93 in 7/193 | 22.0s
tri1.0|200|2.0|0.3|mnist|50|0.0|1: c1 0.909 c10 0.909 static 0.909 fac1 -0.015 ac1_39 -0.016 sent static 0.916 level 0.329 lock 0.00 move 0.439 period None dead 0.04 | kin 3.87 cyc 0.92 gscc 0.92 in 8/193 | 21.7s
tri1.0|200|2.0|0.3|mnist|51|0.0|1: c1 0.941 c10 0.940 static 0.943 fac1 -0.061 ac1_39 -0.064 sent static 0.946 level 0.329 lock 0.00 move 0.359 period None dead 0.03 | kin 3.90 cyc 0.94 gscc 0.94 in 2/194 | 21.6s
kwta4|200|2.0|0.3|kp1|53|0.0|1: c1 0.199 c10 0.202 static 0.207 fac1 -0.005 ac1_39 -0.007 sent static 0.202 level 0.114 lock 0.00 move 1.26 period None dead 0.04 | kin 3.58 cyc 0.93 gscc 0.93 in 3/193 | 40.4s
tanh|200|2.0|0.3|mnist|52|0.0|1: c1 -0.003 c10 -0.017 static 0.008 fac1 -0.013 ac1_39 -0.014 sent static 0.008 level 0.000 lock 0.00 move 1.42 period None dead 0.02 | kin 3.79 cyc 0.94 gscc 0.94 in 2/197 | 17.0s
tri0.3|200|2.0|0.3|mnist|50|0.0|1: c1 0.914 c10 0.915 static 0.916 fac1 -0.011 ac1_39 -0.011 sent static 0.921 level 0.466 lock 0.00 move 0.424 period None dead 0.04 | kin 3.87 cyc 0.92 gscc 0.92 in 8/193 | 34.2s
tanh|200|2.0|0.3|mnist|53|0.0|1: c1 0.055 c10 0.075 static 0.069 fac1 -0.016 ac1_39 -0.016 sent static 0.064 level 0.001 lock 0.00 move 1.37 period None dead 0.04 | kin 3.58 cyc 0.93 gscc 0.93 in 7/193 | 18.4s
tri0.3|200|2.0|0.3|mnist|51|0.0|1: c1 0.918 c10 0.918 static 0.918 fac1 -0.003 ac1_39 -0.005 sent static 0.921 level 0.464 lock 0.00 move 0.414 period None dead 0.03 | kin 3.90 cyc 0.94 gscc 0.94 in 2/194 | 37.5s
tanh|200|2.0|0.3|mnist|51|0.0|1: c1 0.010 c10 0.059 static 0.010 fac1 -0.001 ac1_39 -0.001 sent static 0.010 level 0.000 lock 0.00 move 1.41 period None dead 0.03 | kin 3.90 cyc 0.94 gscc 0.94 in 2/194 | 22.3s
tri0.7|200|2.0|0.3|mnist|50|0.0|1: c1 0.943 c10 0.942 static 0.942 fac1 0.012 ac1_39 0.012 sent static 0.947 level 0.386 lock 0.00 move 0.35 period None dead 0.04 | kin 3.87 cyc 0.92 gscc 0.92 in 8/193 | 41.0s
tri1.0|200|2.0|0.3|mnist|52|0.0|1: c1 0.898 c10 0.896 static 0.898 fac1 -0.001 ac1_39 0.004 sent static 0.906 level 0.332 lock 0.00 move 0.46 period None dead 0.02 | kin 3.79 cyc 0.94 gscc 0.94 in 2/197 | 36.6s
sig4_0|200|2.0|0.3|mnist|53|0.0|1: c1 0.997 c10 0.997 static 0.997 fac1 -0.016 ac1_39 -0.021 sent static 0.998 level 0.601 lock 0.01 move 0.158 period None dead 0.03 | kin 3.58 cyc 0.93 gscc 0.93 in 7/193 | 20.4s
tri1.0|200|2.0|0.3|mnist|53|0.0|1: c1 0.932 c10 0.939 static 0.934 fac1 -0.056 ac1_39 -0.054 sent static 0.938 level 0.327 lock 0.00 move 0.388 period None dead 0.04 | kin 3.58 cyc 0.93 gscc 0.93 in 7/193 | 35.0s
step0|200|2.0|0.3|mnist|50|0.0|1: c1 0.805 c10 0.805 static 0.806 fac1 -0.001 ac1_39 -0.001 sent static 0.800 level 0.511 lock 0.01 move 0.638 period None dead 0.03 | kin 3.87 cyc 0.92 gscc 0.92 in 8/193 | 18.7s
sig8_0|200|2.0|0.3|mnist|51|0.0|1: c1 0.966 c10 0.967 static 0.966 fac1 0.001 ac1_39 -0.002 sent static 0.966 level 0.559 lock 0.00 move 0.275 period None dead 0.03 | kin 3.90 cyc 0.94 gscc 0.94 in 2/194 | 19.7s
sig8_0|200|2.0|0.3|mnist|53|0.0|1: c1 0.953 c10 0.953 static 0.953 fac1 -0.016 ac1_39 -0.017 sent static 0.955 level 0.544 lock 0.01 move 0.336 period None dead 0.03 | kin 3.58 cyc 0.93 gscc 0.93 in 7/193 | 19.9s
sig4_0|200|2.0|0.3|mnist|51|0.0|1: c1 1.000 c10 1.000 static 1.000 fac1 -0.058 ac1_39 -0.034 sent static 1.000 level 0.614 lock 0.75 move 0.0417 period None dead 0.03 | kin 3.90 cyc 0.94 gscc 0.94 in 2/194 | 25.6s
cstep|200|2.0|0.3|mnist|50|0.0|1: c1 0.787 c10 0.787 static 0.789 fac1 -0.006 ac1_39 -0.004 sent static 0.789 level 0.499 lock 0.00 move 0.667 period None dead 0.04 | kin 3.87 cyc 0.92 gscc 0.92 in 8/193 | 19.1s
sig4_0|200|2.0|0.3|mnist|50|0.0|1: c1 0.998 c10 0.998 static 0.998 fac1 -0.025 ac1_39 -0.027 sent static 0.999 level 0.614 lock 0.01 move 0.113 period None dead 0.03 | kin 3.87 cyc 0.92 gscc 0.92 in 8/193 | 36.1s
cstep|200|2.0|0.3|mnist|52|0.0|1: c1 0.792 c10 0.792 static 0.791 fac1 -0.007 ac1_39 -0.008 sent static 0.791 level 0.494 lock 0.00 move 0.659 period None dead 0.02 | kin 3.79 cyc 0.94 gscc 0.94 in 2/197 | 19.2s
sign|200|2.0|0.3|mnist|52|0.0|1: c1 -0.000 c10 0.006 static 0.004 fac1 -0.004 ac1_39 -0.005 sent static 0.004 level 0.000 lock 0.00 move 1.41 period None dead 0.02 | kin 3.79 cyc 0.94 gscc 0.94 in 2/197 | 11.4s
sign|200|2.0|0.3|mnist|53|0.0|1: c1 0.005 c10 0.010 static 0.006 fac1 -0.003 ac1_39 -0.002 sent static 0.005 level 0.000 lock 0.00 move 1.41 period None dead 0.04 | kin 3.58 cyc 0.93 gscc 0.93 in 7/193 | 11.4s
step0|200|2.0|0.3|mnist|52|0.0|1: c1 0.797 c10 0.800 static 0.798 fac1 -0.005 ac1_39 -0.005 sent static 0.791 level 0.495 lock 0.00 move 0.651 period None dead 0.02 | kin 3.79 cyc 0.94 gscc 0.94 in 2/197 | 27.6s
step0|200|2.0|0.3|mnist|51|0.0|1: c1 0.817 c10 0.818 static 0.817 fac1 -0.003 ac1_39 -0.004 sent static 0.801 level 0.494 lock 0.00 move 0.613 period None dead 0.03 | kin 3.90 cyc 0.94 gscc 0.94 in 2/194 | 29.5s
sig4_0|200|2.0|0.3|mnist|52|0.0|1: c1 1.000 c10 1.000 static 1.000 fac1 -0.013 ac1_39 -0.009 sent static 1.000 level 0.605 lock 0.22 move 0.071 period None dead 0.02 | kin 3.79 cyc 0.94 gscc 0.94 in 2/197 | 34.6s
step0|200|2.0|0.3|mnist|53|0.0|1: c1 0.790 c10 0.789 static 0.791 fac1 -0.008 ac1_39 -0.007 sent static 0.789 level 0.491 lock 0.01 move 0.654 period None dead 0.03 | kin 3.58 cyc 0.93 gscc 0.93 in 7/193 | 29.9s
sign|200|2.0|0.3|mnist|50|0.0|1: c1 0.005 c10 0.001 static 0.004 fac1 0.001 ac1_39 0.002 sent static 0.004 level 0.000 lock 0.00 move 1.41 period None dead 0.04 | kin 3.87 cyc 0.92 gscc 0.92 in 8/193 | 21.0s
sig8_0|200|2.0|0.3|mnist|50|0.0|1: c1 0.953 c10 0.954 static 0.953 fac1 -0.009 ac1_39 -0.011 sent static 0.956 level 0.552 lock 0.01 move 0.325 period None dead 0.03 | kin 3.87 cyc 0.92 gscc 0.92 in 8/193 | 35.4s
sig8_0|200|2.0|0.3|mnist|52|0.0|1: c1 0.958 c10 0.959 static 0.959 fac1 -0.017 ac1_39 -0.015 sent static 0.957 level 0.543 lock 0.00 move 0.307 period None dead 0.02 | kin 3.79 cyc 0.94 gscc 0.94 in 2/197 | 35.6s
wta|200|2.0|0.3|mnist|50|0.0|1: c1 0.052 c10 0.048 static 0.056 fac1 -0.005 ac1_39 -0.005 sent static 0.047 level 0.031 lock 0.01 move 1.35 period None dead 0.03 | kin 3.87 cyc 0.92 gscc 0.92 in 8/193 | 17.9s
wta|200|2.0|0.3|mnist|51|0.0|1: c1 0.059 c10 0.052 static 0.058 fac1 -0.001 ac1_39 -0.001 sent static 0.047 level 0.031 lock 0.00 move 1.35 period None dead 0.03 | kin 3.90 cyc 0.94 gscc 0.94 in 2/194 | 17.8s
wta|200|2.0|0.3|mnist|52|0.0|1: c1 0.048 c10 0.048 static 0.051 fac1 -0.005 ac1_39 -0.005 sent static 0.046 level 0.031 lock 0.00 move 1.37 period None dead 0.02 | kin 3.79 cyc 0.94 gscc 0.94 in 2/197 | 17.9s
sign|200|2.0|0.3|mnist|51|0.0|1: c1 0.000 c10 -0.003 static 0.003 fac1 -0.003 ac1_39 -0.003 sent static 0.003 level 0.000 lock 0.00 move 1.41 period None dead 0.03 | kin 3.90 cyc 0.94 gscc 0.94 in 2/194 | 21.0s
wta|200|2.0|0.3|mnist|53|0.0|1: c1 0.053 c10 0.052 static 0.055 fac1 -0.004 ac1_39 -0.005 sent static 0.047 level 0.031 lock 0.01 move 1.36 period None dead 0.03 | kin 3.58 cyc 0.93 gscc 0.93 in 7/193 | 18.0s
raw|200|2.0|0.6|none|50|0.0|1: c1 0.212 c10 -0.319 static 0.001 fac1 0.211 ac1_39 0.210 sent static 0.001 level 0.000 lock 0.00 move 1.26 period None dead 0.00 | kin 7.63 cyc 1.00 gscc 1.00 in 0/0 | 11.8s
raw|200|2.0|0.6|none|51|0.0|1: c1 0.421 c10 0.342 static 0.327 fac1 0.130 ac1_39 0.122 sent static 0.327 level 0.004 lock 0.00 move 1.09 period None dead 0.00 | kin 7.66 cyc 1.00 gscc 1.00 in 0/0 | 11.9s
raw|200|2.0|0.6|none|52|0.0|1: c1 0.432 c10 -0.241 static 0.001 fac1 0.434 ac1_39 0.433 sent static 0.001 level 0.000 lock 0.00 move 1.07 period None dead 0.00 | kin 7.41 cyc 0.99 gscc 0.99 in 0/0 | 11.7s
cstep|200|2.0|0.3|mnist|51|0.0|1: c1 0.793 c10 0.792 static 0.794 fac1 -0.001 ac1_39 -0.001 sent static 0.796 level 0.501 lock 0.00 move 0.657 period None dead 0.03 | kin 3.90 cyc 0.94 gscc 0.94 in 2/194 | 35.8s
cstep|200|2.0|0.3|mnist|53|0.0|1: c1 0.790 c10 0.791 static 0.794 fac1 -0.010 ac1_39 -0.009 sent static 0.795 level 0.499 lock 0.00 move 0.656 period None dead 0.04 | kin 3.58 cyc 0.93 gscc 0.93 in 7/193 | 35.8s
kwta4|200|2.0|0.3|mnist|53|0.0|1: c1 0.202 c10 0.206 static 0.208 fac1 -0.009 ac1_39 -0.008 sent static 0.203 level 0.114 lock 0.00 move 1.26 period None dead 0.04 | kin 3.58 cyc 0.93 gscc 0.93 in 7/193 | 20.6s
raw|200|2.0|0.6|none|53|0.0|1: c1 0.257 c10 -0.181 static 0.002 fac1 0.256 ac1_39 0.260 sent static 0.002 level 0.000 lock 0.00 move 1.21 period None dead 0.00 | kin 7.39 cyc 1.00 gscc 1.00 in 0/0 | 21.0s
relu|200|2.0|0.6|none|50|0.0|1: c1 0.983 c10 0.984 static 0.985 fac1 -0.147 ac1_39 -0.149 sent static 0.985 level 0.326 lock 0.00 move 0.193 period None dead 0.00 | kin 7.63 cyc 1.00 gscc 1.00 in 0/0 | 24.4s
relu|200|2.0|0.6|none|52|0.0|1: c1 0.944 c10 0.949 static 0.948 fac1 -0.089 ac1_39 -0.090 sent static 0.949 level 0.327 lock 0.00 move 0.345 period None dead 0.00 | kin 7.41 cyc 0.99 gscc 0.99 in 0/0 | 24.4s
relu|200|2.0|0.6|none|51|0.0|1: c1 0.977 c10 0.976 static 0.975 fac1 -0.003 ac1_39 0.001 sent static 0.978 level 0.334 lock 0.00 move 0.232 period None dead 0.00 | kin 7.66 cyc 1.00 gscc 1.00 in 0/0 | 24.7s
relu|200|2.0|0.6|none|53|0.0|1: c1 0.929 c10 0.937 static 0.934 fac1 -0.097 ac1_39 -0.098 sent static 0.936 level 0.324 lock 0.00 move 0.399 period None dead 0.00 | kin 7.39 cyc 1.00 gscc 1.00 in 0/0 | 24.4s
kwta4|200|2.0|0.3|mnist|50|0.0|1: c1 0.197 c10 0.195 static 0.196 fac1 -0.002 ac1_39 -0.002 sent static 0.195 level 0.114 lock 0.00 move 1.27 period None dead 0.04 | kin 3.87 cyc 0.92 gscc 0.92 in 8/193 | 39.6s
tri0.3|200|2.0|0.6|none|51|0.0|1: c1 0.929 c10 0.928 static 0.928 fac1 -0.002 ac1_39 -0.001 sent static 0.932 level 0.468 lock 0.00 move 0.387 period None dead 0.00 | kin 7.66 cyc 1.00 gscc 1.00 in 0/0 | 25.7s
tri0.3|200|2.0|0.6|none|52|0.0|1: c1 0.922 c10 0.922 static 0.922 fac1 -0.010 ac1_39 -0.011 sent static 0.924 level 0.465 lock 0.00 move 0.405 period None dead 0.00 | kin 7.41 cyc 0.99 gscc 0.99 in 0/0 | 25.4s
tri0.3|200|2.0|0.6|none|53|0.0|1: c1 0.915 c10 0.916 static 0.914 fac1 0.001 ac1_39 0.000 sent static 0.919 level 0.464 lock 0.00 move 0.421 period None dead 0.00 | kin 7.39 cyc 1.00 gscc 1.00 in 0/0 | 25.7s
kwta4|200|2.0|0.3|mnist|51|0.0|1: c1 0.192 c10 0.193 static 0.200 fac1 -0.005 ac1_39 -0.004 sent static 0.200 level 0.114 lock 0.00 move 1.27 period None dead 0.03 | kin 3.90 cyc 0.94 gscc 0.94 in 2/194 | 38.9s
tri0.7|200|2.0|0.6|none|51|0.0|1: c1 0.989 c10 0.989 static 0.989 fac1 -0.026 ac1_39 -0.023 sent static 0.989 level 0.389 lock 0.00 move 0.16 period None dead 0.00 | kin 7.66 cyc 1.00 gscc 1.00 in 0/0 | 26.5s
kwta4|200|2.0|0.3|mnist|52|0.0|1: c1 0.187 c10 0.186 static 0.193 fac1 -0.007 ac1_39 -0.006 sent static 0.193 level 0.114 lock 0.00 move 1.27 period None dead 0.02 | kin 3.79 cyc 0.94 gscc 0.94 in 2/197 | 40.1s
tri0.7|200|2.0|0.6|none|52|0.0|1: c1 0.974 c10 0.975 static 0.974 fac1 -0.035 ac1_39 -0.037 sent static 0.975 level 0.385 lock 0.00 move 0.239 period None dead 0.00 | kin 7.41 cyc 0.99 gscc 0.99 in 0/0 | 26.3s
tri1.0|200|2.0|0.6|none|50|0.0|1: c1 0.963 c10 0.967 static 0.962 fac1 -0.010 ac1_39 -0.009 sent static 0.963 level 0.329 lock 0.00 move 0.286 period None dead 0.00 | kin 7.63 cyc 1.00 gscc 1.00 in 0/0 | 25.6s
tri0.7|200|2.0|0.6|none|53|0.0|1: c1 0.979 c10 0.978 static 0.978 fac1 0.024 ac1_39 0.027 sent static 0.980 level 0.388 lock 0.00 move 0.211 period None dead 0.00 | kin 7.39 cyc 1.00 gscc 1.00 in 0/0 | 26.3s
tri1.0|200|2.0|0.6|none|53|0.0|1: c1 0.921 c10 0.926 static 0.922 fac1 -0.067 ac1_39 -0.062 sent static 0.929 level 0.327 lock 0.00 move 0.412 period None dead 0.00 | kin 7.39 cyc 1.00 gscc 1.00 in 0/0 | 25.8s
tanh|200|2.0|0.6|none|50|0.0|1: c1 0.018 c10 0.001 static 0.003 fac1 0.013 ac1_39 0.013 sent static 0.004 level 0.000 lock 0.00 move 1.4 period None dead 0.00 | kin 7.63 cyc 1.00 gscc 1.00 in 0/0 | 24.6s
tanh|200|2.0|0.6|none|51|0.0|1: c1 -0.003 c10 0.004 static 0.004 fac1 -0.008 ac1_39 -0.008 sent static 0.004 level 0.000 lock 0.00 move 1.42 period None dead 0.00 | kin 7.66 cyc 1.00 gscc 1.00 in 0/0 | 25.1s
tanh|200|2.0|0.6|none|52|0.0|1: c1 -0.000 c10 -0.008 static 0.007 fac1 -0.008 ac1_39 -0.009 sent static 0.007 level 0.000 lock 0.00 move 1.41 period None dead 0.00 | kin 7.41 cyc 0.99 gscc 0.99 in 0/0 | 24.8s
tanh|200|2.0|0.6|none|53|0.0|1: c1 0.011 c10 0.026 static 0.003 fac1 0.009 ac1_39 0.009 sent static 0.003 level 0.000 lock 0.00 move 1.4 period None dead 0.00 | kin 7.39 cyc 1.00 gscc 1.00 in 0/0 | 25.0s
tri0.3|200|2.0|0.6|none|50|0.0|1: c1 0.931 c10 0.929 static 0.928 fac1 0.005 ac1_39 0.005 sent static 0.929 level 0.466 lock 0.00 move 0.386 period None dead 0.00 | kin 7.63 cyc 1.00 gscc 1.00 in 0/0 | 48.5s
sig4_0|200|2.0|0.6|none|52|0.0|1: c1 1.000 c10 1.000 static 1.000 fac1 0.493 ac1_39 0.500 sent static 1.000 level 0.611 lock 1.00 move 2.05e-07 period 1 dead 0.00 | kin 7.41 cyc 0.99 gscc 0.99 in 0/0 | 22.5s
sig4_0|200|2.0|0.6|none|53|0.0|1: c1 1.000 c10 1.000 static 1.000 fac1 0.482 ac1_39 0.494 sent static 1.000 level 0.607 lock 1.00 move 2.11e-07 period 1 dead 0.00 | kin 7.39 cyc 1.00 gscc 1.00 in 0/0 | 22.6s
sig8_0|200|2.0|0.6|none|50|0.0|1: c1 0.971 c10 0.972 static 0.971 fac1 -0.022 ac1_39 -0.021 sent static 0.972 level 0.557 lock 0.00 move 0.253 period None dead 0.00 | kin 7.63 cyc 1.00 gscc 1.00 in 0/0 | 22.6s
tri0.7|200|2.0|0.6|none|50|0.0|1: c1 0.990 c10 0.990 static 0.990 fac1 -0.032 ac1_39 -0.030 sent static 0.990 level 0.389 lock 0.00 move 0.151 period None dead 0.00 | kin 7.63 cyc 1.00 gscc 1.00 in 0/0 | 48.6s
step0|200|2.0|0.6|none|50|0.0|1: c1 0.802 c10 0.802 static 0.798 fac1 -0.006 ac1_39 -0.006 sent static 0.797 level 0.504 lock 0.00 move 0.648 period None dead 0.00 | kin 7.63 cyc 1.00 gscc 1.00 in 0/0 | 19.2s
step0|200|2.0|0.6|none|51|0.0|1: c1 0.791 c10 0.790 static 0.792 fac1 -0.004 ac1_39 -0.005 sent static 0.792 level 0.507 lock 0.00 move 0.654 period None dead 0.00 | kin 7.66 cyc 1.00 gscc 1.00 in 0/0 | 19.4s
step0|200|2.0|0.6|none|52|0.0|1: c1 0.786 c10 0.787 static 0.783 fac1 -0.007 ac1_39 -0.007 sent static 0.791 level 0.504 lock 0.00 move 0.66 period None dead 0.00 | kin 7.41 cyc 0.99 gscc 0.99 in 0/0 | 19.1s
sig8_0|200|2.0|0.6|none|52|0.0|1: c1 0.963 c10 0.964 static 0.963 fac1 -0.016 ac1_39 -0.016 sent static 0.966 level 0.557 lock 0.00 move 0.277 period None dead 0.00 | kin 7.41 cyc 0.99 gscc 0.99 in 0/0 | 22.6s
tri1.0|200|2.0|0.6|none|51|0.0|1: c1 0.935 c10 0.931 static 0.935 fac1 -0.029 ac1_39 -0.029 sent static 0.940 level 0.325 lock 0.00 move 0.377 period None dead 0.00 | kin 7.66 cyc 1.00 gscc 1.00 in 0/0 | 48.9s
step0|200|2.0|0.6|none|53|0.0|1: c1 0.779 c10 0.782 static 0.779 fac1 -0.008 ac1_39 -0.008 sent static 0.787 level 0.501 lock 0.00 move 0.669 period None dead 0.00 | kin 7.39 cyc 1.00 gscc 1.00 in 0/0 | 19.3s
tri1.0|200|2.0|0.6|none|52|0.0|1: c1 0.945 c10 0.950 static 0.946 fac1 -0.043 ac1_39 -0.043 sent static 0.949 level 0.327 lock 0.00 move 0.345 period None dead 0.00 | kin 7.41 cyc 0.99 gscc 0.99 in 0/0 | 49.1s
sign|200|2.0|0.6|none|52|0.0|1: c1 -0.003 c10 0.007 static 0.003 fac1 -0.007 ac1_39 -0.008 sent static 0.003 level 0.000 lock 0.00 move 1.42 period None dead 0.00 | kin 7.41 cyc 0.99 gscc 0.99 in 0/0 | 13.3s
sign|200|2.0|0.6|none|53|0.0|1: c1 -0.000 c10 0.002 static 0.003 fac1 -0.004 ac1_39 -0.003 sent static 0.003 level 0.000 lock 0.00 move 1.41 period None dead 0.00 | kin 7.39 cyc 1.00 gscc 1.00 in 0/0 | 13.5s
sig4_0|200|2.0|0.6|none|50|0.0|1: c1 1.000 c10 1.000 static 1.000 fac1 0.549 ac1_39 0.535 sent static 1.000 level 0.615 lock 1.00 move 1.94e-07 period 1 dead 0.00 | kin 7.63 cyc 1.00 gscc 1.00 in 0/0 | 41.5s
sig4_0|200|2.0|0.6|none|51|0.0|1: c1 1.000 c10 1.000 static 1.000 fac1 0.505 ac1_39 0.513 sent static 1.000 level 0.611 lock 1.00 move 2.03e-07 period 1 dead 0.00 | kin 7.66 cyc 1.00 gscc 1.00 in 0/0 | 42.0s
sig8_0|200|2.0|0.6|none|51|0.0|1: c1 0.962 c10 0.962 static 0.961 fac1 0.007 ac1_39 0.008 sent static 0.965 level 0.556 lock 0.00 move 0.285 period None dead 0.00 | kin 7.66 cyc 1.00 gscc 1.00 in 0/0 | 42.5s
wta|200|2.0|0.6|none|52|0.0|1: c1 0.040 c10 0.037 static 0.041 fac1 -0.001 ac1_39 -0.002 sent static 0.041 level 0.031 lock 0.00 move 1.39 period None dead 0.00 | kin 7.41 cyc 0.99 gscc 0.99 in 0/0 | 21.3s
wta|200|2.0|0.6|none|51|0.0|1: c1 0.034 c10 0.038 static 0.040 fac1 -0.006 ac1_39 -0.005 sent static 0.041 level 0.031 lock 0.00 move 1.39 period None dead 0.00 | kin 7.66 cyc 1.00 gscc 1.00 in 0/0 | 21.7s
sig8_0|200|2.0|0.6|none|53|0.0|1: c1 0.958 c10 0.957 static 0.956 fac1 0.010 ac1_39 0.008 sent static 0.958 level 0.552 lock 0.00 move 0.3 period None dead 0.00 | kin 7.39 cyc 1.00 gscc 1.00 in 0/0 | 42.0s
wta|200|2.0|0.6|none|53|0.0|1: c1 0.035 c10 0.039 static 0.040 fac1 -0.007 ac1_39 -0.006 sent static 0.041 level 0.031 lock 0.00 move 1.39 period None dead 0.00 | kin 7.39 cyc 1.00 gscc 1.00 in 0/0 | 21.4s
sign|200|2.0|0.6|none|50|0.0|1: c1 0.001 c10 -0.005 static 0.003 fac1 -0.002 ac1_39 -0.002 sent static 0.003 level 0.000 lock 0.00 move 1.41 period None dead 0.00 | kin 7.63 cyc 1.00 gscc 1.00 in 0/0 | 24.2s
cstep|200|2.0|0.6|none|53|0.0|1: c1 0.781 c10 0.782 static 0.781 fac1 -0.003 ac1_39 -0.002 sent static 0.792 level 0.502 lock 0.00 move 0.67 period None dead 0.00 | kin 7.39 cyc 1.00 gscc 1.00 in 0/0 | 27.0s
sign|200|2.0|0.6|none|51|0.0|1: c1 -0.002 c10 0.002 static 0.003 fac1 -0.005 ac1_39 -0.005 sent static 0.003 level 0.000 lock 0.00 move 1.42 period None dead 0.00 | kin 7.66 cyc 1.00 gscc 1.00 in 0/0 | 25.0s
raw|200|2.0|0.6|kp1|50|0.0|1: c1 0.230 c10 -0.218 static 0.014 fac1 0.222 ac1_39 0.223 sent static 0.014 level 0.000 lock 0.00 move 1.23 period None dead 0.00 | kin 7.63 cyc 1.00 gscc 1.00 in 3/200 | 11.7s
raw|200|2.0|0.6|kp1|51|0.0|1: c1 0.425 c10 0.346 static 0.335 fac1 0.126 ac1_39 0.118 sent static 0.335 level 0.005 lock 0.00 move 1.08 period None dead 0.00 | kin 7.66 cyc 1.00 gscc 1.00 in 3/200 | 11.8s
kwta4|200|2.0|0.6|none|50|0.0|1: c1 0.190 c10 0.193 static 0.195 fac1 -0.010 ac1_39 -0.008 sent static 0.191 level 0.115 lock 0.00 move 1.27 period None dead 0.00 | kin 7.63 cyc 1.00 gscc 1.00 in 0/0 | 24.7s
kwta4|200|2.0|0.6|none|52|0.0|1: c1 0.183 c10 0.186 static 0.190 fac1 -0.008 ac1_39 -0.007 sent static 0.191 level 0.114 lock 0.00 move 1.27 period None dead 0.00 | kin 7.41 cyc 0.99 gscc 0.99 in 0/0 | 24.6s
cstep|200|2.0|0.6|none|50|0.0|1: c1 0.801 c10 0.802 static 0.799 fac1 -0.001 ac1_39 -0.002 sent static 0.797 level 0.501 lock 0.00 move 0.647 period None dead 0.00 | kin 7.63 cyc 1.00 gscc 1.00 in 0/0 | 43.4s
raw|200|2.0|0.6|kp1|52|0.0|1: c1 0.398 c10 -0.128 static 0.027 fac1 0.386 ac1_39 0.384 sent static 0.027 level 0.000 lock 0.00 move 1.1 period None dead 0.00 | kin 7.41 cyc 0.99 gscc 0.99 in 3/200 | 21.0s
relu|200|2.0|0.6|kp1|52|0.0|1: c1 0.948 c10 0.952 static 0.951 fac1 -0.077 ac1_39 -0.078 sent static 0.952 level 0.328 lock 0.00 move 0.332 period None dead 0.00 | kin 7.41 cyc 0.99 gscc 0.99 in 3/200 | 13.6s
relu|200|2.0|0.6|kp1|51|0.0|1: c1 0.968 c10 0.970 static 0.971 fac1 -0.151 ac1_39 -0.152 sent static 0.974 level 0.334 lock 0.00 move 0.264 period None dead 0.00 | kin 7.66 cyc 1.00 gscc 1.00 in 3/200 | 13.7s
raw|200|2.0|0.6|kp1|53|0.0|1: c1 0.129 c10 0.044 static 0.004 fac1 0.124 ac1_39 0.130 sent static 0.004 level 0.000 lock 0.00 move 1.32 period None dead 0.00 | kin 7.39 cyc 1.00 gscc 1.00 in 3/200 | 20.8s
cstep|200|2.0|0.6|none|51|0.0|1: c1 0.794 c10 0.795 static 0.797 fac1 -0.007 ac1_39 -0.006 sent static 0.795 level 0.500 lock 0.00 move 0.654 period None dead 0.00 | kin 7.66 cyc 1.00 gscc 1.00 in 0/0 | 44.0s
cstep|200|2.0|0.6|none|52|0.0|1: c1 0.791 c10 0.792 static 0.791 fac1 -0.004 ac1_39 -0.004 sent static 0.795 level 0.499 lock 0.00 move 0.658 period None dead 0.00 | kin 7.41 cyc 0.99 gscc 0.99 in 0/0 | 43.6s
wta|200|2.0|0.6|none|50|0.0|1: c1 0.038 c10 0.038 static 0.041 fac1 -0.004 ac1_39 -0.004 sent static 0.041 level 0.031 lock 0.00 move 1.39 period None dead 0.00 | kin 7.63 cyc 1.00 gscc 1.00 in 0/0 | 39.7s
relu|200|2.0|0.6|kp1|50|0.0|1: c1 0.972 c10 0.971 static 0.975 fac1 -0.157 ac1_39 -0.158 sent static 0.976 level 0.326 lock 0.00 move 0.242 period None dead 0.00 | kin 7.63 cyc 1.00 gscc 1.00 in 3/200 | 24.6s
relu|200|2.0|0.6|kp1|53|0.0|1: c1 0.923 c10 0.928 static 0.927 fac1 -0.073 ac1_39 -0.072 sent static 0.929 level 0.326 lock 0.00 move 0.411 period None dead 0.00 | kin 7.39 cyc 1.00 gscc 1.00 in 3/200 | 24.7s
tri0.3|200|2.0|0.6|kp1|50|0.0|1: c1 0.930 c10 0.930 static 0.929 fac1 -0.005 ac1_39 -0.006 sent static 0.930 level 0.467 lock 0.00 move 0.387 period None dead 0.00 | kin 7.63 cyc 1.00 gscc 1.00 in 3/200 | 25.5s
tri0.3|200|2.0|0.6|kp1|52|0.0|1: c1 0.924 c10 0.924 static 0.922 fac1 -0.006 ac1_39 -0.006 sent static 0.925 level 0.466 lock 0.00 move 0.402 period None dead 0.00 | kin 7.41 cyc 0.99 gscc 0.99 in 3/200 | 25.5s
tri0.7|200|2.0|0.6|kp1|50|0.0|1: c1 0.985 c10 0.985 static 0.986 fac1 -0.079 ac1_39 -0.081 sent static 0.986 level 0.387 lock 0.00 move 0.18 period None dead 0.00 | kin 7.63 cyc 1.00 gscc 1.00 in 3/200 | 26.2s
tri0.7|200|2.0|0.6|kp1|51|0.0|1: c1 0.982 c10 0.984 static 0.983 fac1 -0.085 ac1_39 -0.088 sent static 0.984 level 0.389 lock 0.00 move 0.198 period None dead 0.00 | kin 7.66 cyc 1.00 gscc 1.00 in 3/200 | 26.5s
tri0.7|200|2.0|0.6|kp1|52|0.0|1: c1 0.971 c10 0.971 static 0.971 fac1 -0.045 ac1_39 -0.047 sent static 0.973 level 0.385 lock 0.00 move 0.254 period None dead 0.00 | kin 7.41 cyc 0.99 gscc 0.99 in 3/200 | 26.2s
kwta4|200|2.0|0.6|none|51|0.0|1: c1 0.185 c10 0.183 static 0.191 fac1 -0.004 ac1_39 -0.004 sent static 0.188 level 0.114 lock 0.00 move 1.28 period None dead 0.00 | kin 7.66 cyc 1.00 gscc 1.00 in 0/0 | 48.6s
tri0.7|200|2.0|0.6|kp1|53|0.0|1: c1 0.976 c10 0.977 static 0.976 fac1 -0.060 ac1_39 -0.064 sent static 0.979 level 0.388 lock 0.00 move 0.228 period None dead 0.00 | kin 7.39 cyc 1.00 gscc 1.00 in 3/200 | 26.2s
kwta4|200|2.0|0.6|none|53|0.0|1: c1 0.180 c10 0.183 static 0.185 fac1 -0.007 ac1_39 -0.007 sent static 0.190 level 0.114 lock 0.00 move 1.28 period None dead 0.00 | kin 7.39 cyc 1.00 gscc 1.00 in 0/0 | 48.9s
tri1.0|200|2.0|0.6|kp1|52|0.0|1: c1 0.944 c10 0.945 static 0.944 fac1 -0.015 ac1_39 -0.018 sent static 0.949 level 0.328 lock 0.00 move 0.345 period None dead 0.00 | kin 7.41 cyc 0.99 gscc 0.99 in 3/200 | 25.7s
tri1.0|200|2.0|0.6|kp1|53|0.0|1: c1 0.911 c10 0.914 static 0.917 fac1 -0.090 ac1_39 -0.089 sent static 0.923 level 0.325 lock 0.00 move 0.432 period None dead 0.00 | kin 7.39 cyc 1.00 gscc 1.00 in 3/200 | 25.7s
tanh|200|2.0|0.6|kp1|50|0.0|1: c1 0.017 c10 -0.020 static 0.004 fac1 0.013 ac1_39 0.013 sent static 0.004 level 0.000 lock 0.00 move 1.4 period None dead 0.00 | kin 7.63 cyc 1.00 gscc 1.00 in 3/200 | 24.7s
tanh|200|2.0|0.6|kp1|53|0.0|1: c1 0.024 c10 -0.019 static 0.003 fac1 0.022 ac1_39 0.021 sent static 0.003 level 0.000 lock 0.00 move 1.4 period None dead 0.00 | kin 7.39 cyc 1.00 gscc 1.00 in 3/200 | 24.8s
tanh|200|2.0|0.6|kp1|51|0.0|1: c1 0.013 c10 0.016 static 0.006 fac1 0.008 ac1_39 0.007 sent static 0.006 level 0.000 lock 0.00 move 1.41 period None dead 0.00 | kin 7.66 cyc 1.00 gscc 1.00 in 3/200 | 25.4s
tanh|200|2.0|0.6|kp1|52|0.0|1: c1 -0.016 c10 0.006 static 0.006 fac1 -0.023 ac1_39 -0.023 sent static 0.006 level 0.000 lock 0.00 move 1.43 period None dead 0.00 | kin 7.41 cyc 0.99 gscc 0.99 in 3/200 | 25.2s
sig4_0|200|2.0|0.6|kp1|52|0.0|1: c1 1.000 c10 1.000 static 1.000 fac1 -0.342 ac1_39 -0.328 sent static 1.000 level 0.610 lock 0.01 move 0.0357 period 4 dead 0.00 | kin 7.41 cyc 0.99 gscc 0.99 in 3/200 | 22.8s
tri0.3|200|2.0|0.6|kp1|51|0.0|1: c1 0.928 c10 0.928 static 0.927 fac1 0.001 ac1_39 0.000 sent static 0.930 level 0.466 lock 0.00 move 0.39 period None dead 0.00 | kin 7.66 cyc 1.00 gscc 1.00 in 3/200 | 48.5s
sig4_0|200|2.0|0.6|kp1|53|0.0|1: c1 1.000 c10 1.000 static 1.000 fac1 -0.346 ac1_39 -0.344 sent static 1.000 level 0.607 lock 0.01 move 0.0306 period 4 dead 0.00 | kin 7.39 cyc 1.00 gscc 1.00 in 3/200 | 22.9s
tri0.3|200|2.0|0.6|kp1|53|0.0|1: c1 0.913 c10 0.913 static 0.912 fac1 -0.012 ac1_39 -0.012 sent static 0.918 level 0.465 lock 0.00 move 0.426 period None dead 0.00 | kin 7.39 cyc 1.00 gscc 1.00 in 3/200 | 48.9s
sig8_0|200|2.0|0.6|kp1|50|0.0|1: c1 0.971 c10 0.970 static 0.970 fac1 -0.007 ac1_39 -0.007 sent static 0.972 level 0.559 lock 0.00 move 0.256 period None dead 0.00 | kin 7.63 cyc 1.00 gscc 1.00 in 3/200 | 22.8s
sig8_0|200|2.0|0.6|kp1|51|0.0|1: c1 0.959 c10 0.959 static 0.959 fac1 -0.010 ac1_39 -0.010 sent static 0.963 level 0.554 lock 0.00 move 0.295 period None dead 0.00 | kin 7.66 cyc 1.00 gscc 1.00 in 3/200 | 23.0s
sig8_0|200|2.0|0.6|kp1|52|0.0|1: c1 0.962 c10 0.963 static 0.962 fac1 -0.040 ac1_39 -0.042 sent static 0.965 level 0.557 lock 0.00 move 0.282 period None dead 0.00 | kin 7.41 cyc 0.99 gscc 0.99 in 3/200 | 22.7s
step0|200|2.0|0.6|kp1|50|0.0|1: c1 0.801 c10 0.801 static 0.797 fac1 -0.006 ac1_39 -0.006 sent static 0.794 level 0.507 lock 0.00 move 0.648 period None dead 0.00 | kin 7.63 cyc 1.00 gscc 1.00 in 3/200 | 19.2s
step0|200|2.0|0.6|kp1|52|0.0|1: c1 0.786 c10 0.786 static 0.784 fac1 -0.009 ac1_39 -0.010 sent static 0.789 level 0.501 lock 0.00 move 0.661 period None dead 0.00 | kin 7.41 cyc 0.99 gscc 0.99 in 3/200 | 19.2s
step0|200|2.0|0.6|kp1|53|0.0|1: c1 0.780 c10 0.780 static 0.776 fac1 -0.003 ac1_39 -0.004 sent static 0.785 level 0.499 lock 0.00 move 0.67 period None dead 0.00 | kin 7.39 cyc 1.00 gscc 1.00 in 3/200 | 19.4s
tri1.0|200|2.0|0.6|kp1|50|0.0|1: c1 0.966 c10 0.965 static 0.968 fac1 -0.095 ac1_39 -0.097 sent static 0.970 level 0.330 lock 0.00 move 0.274 period None dead 0.00 | kin 7.63 cyc 1.00 gscc 1.00 in 3/200 | 48.8s
sign|200|2.0|0.6|kp1|50|0.0|1: c1 0.001 c10 0.001 static 0.003 fac1 -0.002 ac1_39 -0.003 sent static 0.003 level 0.000 lock 0.00 move 1.41 period None dead 0.00 | kin 7.63 cyc 1.00 gscc 1.00 in 3/200 | 13.2s
tri1.0|200|2.0|0.6|kp1|51|0.0|1: c1 0.932 c10 0.920 static 0.929 fac1 0.025 ac1_39 0.027 sent static 0.936 level 0.326 lock 0.00 move 0.387 period None dead 0.00 | kin 7.66 cyc 1.00 gscc 1.00 in 3/200 | 49.4s
sig4_0|200|2.0|0.6|kp1|50|0.0|1: c1 1.000 c10 1.000 static 1.000 fac1 -0.353 ac1_39 -0.347 sent static 1.000 level 0.615 lock 0.03 move 0.0312 period 4 dead 0.00 | kin 7.63 cyc 1.00 gscc 1.00 in 3/200 | 42.7s
sig4_0|200|2.0|0.6|kp1|51|0.0|1: c1 1.000 c10 1.000 static 1.000 fac1 -0.242 ac1_39 -0.247 sent static 1.000 level 0.610 lock 0.07 move 0.035 period 4 dead 0.00 | kin 7.66 cyc 1.00 gscc 1.00 in 3/200 | 42.8s
cstep|200|2.0|0.6|kp1|51|0.0|1: c1 0.795 c10 0.796 static 0.798 fac1 -0.008 ac1_39 -0.007 sent static 0.794 level 0.501 lock 0.00 move 0.653 period None dead 0.00 | kin 7.66 cyc 1.00 gscc 1.00 in 3/200 | 26.4s
wta|200|2.0|0.6|kp1|50|0.0|1: c1 0.036 c10 0.036 static 0.042 fac1 -0.005 ac1_39 -0.004 sent static 0.041 level 0.031 lock 0.00 move 1.39 period None dead 0.00 | kin 7.63 cyc 1.00 gscc 1.00 in 3/200 | 21.4s
sign|200|2.0|0.6|kp1|51|0.0|1: c1 -0.003 c10 -0.001 static 0.004 fac1 -0.007 ac1_39 -0.006 sent static 0.004 level 0.000 lock 0.00 move 1.42 period None dead 0.00 | kin 7.66 cyc 1.00 gscc 1.00 in 3/200 | 23.9s
wta|200|2.0|0.6|kp1|51|0.0|1: c1 0.033 c10 0.039 static 0.041 fac1 -0.008 ac1_39 -0.008 sent static 0.041 level 0.031 lock 0.00 move 1.39 period None dead 0.00 | kin 7.66 cyc 1.00 gscc 1.00 in 3/200 | 21.5s
wta|200|2.0|0.6|kp1|52|0.0|1: c1 0.038 c10 0.036 static 0.041 fac1 -0.003 ac1_39 -0.004 sent static 0.041 level 0.031 lock 0.00 move 1.39 period None dead 0.00 | kin 7.41 cyc 0.99 gscc 0.99 in 3/200 | 21.4s
sign|200|2.0|0.6|kp1|52|0.0|1: c1 0.003 c10 -0.002 static 0.003 fac1 0.000 ac1_39 0.001 sent static 0.003 level 0.000 lock 0.00 move 1.41 period None dead 0.00 | kin 7.41 cyc 0.99 gscc 0.99 in 3/200 | 24.5s
step0|200|2.0|0.6|kp1|51|0.0|1: c1 0.788 c10 0.788 static 0.790 fac1 -0.006 ac1_39 -0.006 sent static 0.790 level 0.506 lock 0.00 move 0.659 period None dead 0.00 | kin 7.66 cyc 1.00 gscc 1.00 in 3/200 | 37.7s
sig8_0|200|2.0|0.6|kp1|53|0.0|1: c1 0.955 c10 0.955 static 0.955 fac1 -0.020 ac1_39 -0.018 sent static 0.958 level 0.552 lock 0.00 move 0.309 period None dead 0.00 | kin 7.39 cyc 1.00 gscc 1.00 in 3/200 | 42.1s
sign|200|2.0|0.6|kp1|53|0.0|1: c1 -0.004 c10 -0.000 static 0.003 fac1 -0.007 ac1_39 -0.007 sent static 0.003 level 0.000 lock 0.00 move 1.42 period None dead 0.00 | kin 7.39 cyc 1.00 gscc 1.00 in 3/200 | 24.5s
wta|200|2.0|0.6|kp1|53|0.0|1: c1 0.036 c10 0.036 static 0.040 fac1 -0.004 ac1_39 -0.004 sent static 0.041 level 0.031 lock 0.00 move 1.39 period None dead 0.00 | kin 7.39 cyc 1.00 gscc 1.00 in 3/200 | 21.4s
raw|200|2.0|0.6|mnist|53|0.0|1: c1 -0.021 c10 0.415 static 0.027 fac1 -0.045 ac1_39 -0.047 sent static 0.027 level 0.000 lock 0.00 move 1.43 period None dead 0.00 | kin 7.39 cyc 1.00 gscc 1.00 in 7/200 | 11.7s
raw|200|2.0|0.6|mnist|50|0.0|1: c1 0.132 c10 0.662 static 0.276 fac1 -0.200 ac1_39 -0.199 sent static 0.276 level 0.004 lock 0.00 move 1.29 period None dead 0.00 | kin 7.63 cyc 1.00 gscc 1.00 in 8/200 | 20.9s
kwta4|200|2.0|0.6|kp1|50|0.0|1: c1 0.191 c10 0.193 static 0.197 fac1 -0.005 ac1_39 -0.006 sent static 0.191 level 0.115 lock 0.00 move 1.27 period None dead 0.00 | kin 7.63 cyc 1.00 gscc 1.00 in 3/200 | 24.7s
kwta4|200|2.0|0.6|kp1|51|0.0|1: c1 0.191 c10 0.185 static 0.191 fac1 -0.003 ac1_39 -0.003 sent static 0.189 level 0.114 lock 0.00 move 1.28 period None dead 0.00 | kin 7.66 cyc 1.00 gscc 1.00 in 3/200 | 24.9s
cstep|200|2.0|0.6|kp1|50|0.0|1: c1 0.797 c10 0.797 static 0.795 fac1 -0.005 ac1_39 -0.007 sent static 0.796 level 0.499 lock 0.00 move 0.653 period None dead 0.00 | kin 7.63 cyc 1.00 gscc 1.00 in 3/200 | 43.5s
cstep|200|2.0|0.6|kp1|52|0.0|1: c1 0.786 c10 0.786 static 0.784 fac1 -0.009 ac1_39 -0.010 sent static 0.793 level 0.500 lock 0.00 move 0.662 period None dead 0.00 | kin 7.41 cyc 0.99 gscc 0.99 in 3/200 | 43.5s
relu|200|2.0|0.6|mnist|50|0.0|1: c1 0.968 c10 0.969 static 0.970 fac1 -0.062 ac1_39 -0.061 sent static 0.969 level 0.326 lock 0.00 move 0.265 period None dead 0.00 | kin 7.63 cyc 1.00 gscc 1.00 in 8/200 | 13.6s
cstep|200|2.0|0.6|kp1|53|0.0|1: c1 0.780 c10 0.781 static 0.779 fac1 -0.004 ac1_39 -0.004 sent static 0.790 level 0.501 lock 0.00 move 0.672 period None dead 0.00 | kin 7.39 cyc 1.00 gscc 1.00 in 3/200 | 43.9s
kwta4|200|2.0|0.6|kp1|53|0.0|1: c1 0.188 c10 0.190 static 0.190 fac1 -0.003 ac1_39 -0.004 sent static 0.192 level 0.114 lock 0.00 move 1.27 period None dead 0.00 | kin 7.39 cyc 1.00 gscc 1.00 in 3/200 | 24.8s
relu|200|2.0|0.6|mnist|52|0.0|1: c1 0.938 c10 0.942 static 0.940 fac1 -0.042 ac1_39 -0.042 sent static 0.942 level 0.329 lock 0.00 move 0.36 period None dead 0.00 | kin 7.41 cyc 0.99 gscc 0.99 in 2/200 | 13.5s
raw|200|2.0|0.6|mnist|51|0.0|1: c1 0.428 c10 0.323 static 0.321 fac1 0.145 ac1_39 0.140 sent static 0.321 level 0.004 lock 0.00 move 1.08 period None dead 0.00 | kin 7.66 cyc 1.00 gscc 1.00 in 2/200 | 21.4s
relu|200|2.0|0.6|mnist|53|0.0|1: c1 0.928 c10 0.932 static 0.932 fac1 -0.076 ac1_39 -0.074 sent static 0.934 level 0.323 lock 0.00 move 0.398 period None dead 0.00 | kin 7.39 cyc 1.00 gscc 1.00 in 7/200 | 13.7s
raw|200|2.0|0.6|mnist|52|0.0|1: c1 0.267 c10 -0.250 static 0.052 fac1 0.228 ac1_39 0.224 sent static 0.052 level 0.001 lock 0.00 move 1.21 period None dead 0.00 | kin 7.41 cyc 0.99 gscc 0.99 in 2/200 | 21.1s
relu|200|2.0|0.6|mnist|51|0.0|1: c1 0.976 c10 0.976 static 0.974 fac1 0.058 ac1_39 0.063 sent static 0.976 level 0.332 lock 0.00 move 0.228 period None dead 0.00 | kin 7.66 cyc 1.00 gscc 1.00 in 2/200 | 24.4s
tanh|200|2.0|0.6|mnist|51|0.0|1: c1 0.003 c10 0.013 static 0.004 fac1 -0.002 ac1_39 -0.002 sent static 0.004 level 0.000 lock 0.00 move 1.41 period None dead 0.00 | kin 7.66 cyc 1.00 gscc 1.00 in 2/200 | 13.7s
tanh|200|2.0|0.6|mnist|52|0.0|1: c1 0.009 c10 0.029 static 0.010 fac1 -0.002 ac1_39 -0.004 sent static 0.010 level 0.000 lock 0.00 move 1.41 period None dead 0.00 | kin 7.41 cyc 0.99 gscc 0.99 in 2/200 | 13.6s
tri0.7|200|2.0|0.6|mnist|50|0.0|1: c1 0.977 c10 0.978 static 0.978 fac1 -0.023 ac1_39 -0.025 sent static 0.979 level 0.389 lock 0.00 move 0.223 period None dead 0.00 | kin 7.63 cyc 1.00 gscc 1.00 in 8/200 | 26.2s
tri0.7|200|2.0|0.6|mnist|51|0.0|1: c1 0.986 c10 0.985 static 0.985 fac1 -0.002 ac1_39 0.001 sent static 0.986 level 0.389 lock 0.00 move 0.179 period None dead 0.00 | kin 7.66 cyc 1.00 gscc 1.00 in 2/200 | 26.4s
kwta4|200|2.0|0.6|kp1|52|0.0|1: c1 0.186 c10 0.184 static 0.190 fac1 -0.009 ac1_39 -0.007 sent static 0.190 level 0.114 lock 0.00 move 1.27 period None dead 0.00 | kin 7.41 cyc 0.99 gscc 0.99 in 3/200 | 48.5s
tri1.0|200|2.0|0.6|mnist|50|0.0|1: c1 0.959 c10 0.960 static 0.961 fac1 -0.071 ac1_39 -0.071 sent static 0.961 level 0.332 lock 0.00 move 0.298 period None dead 0.00 | kin 7.63 cyc 1.00 gscc 1.00 in 8/200 | 25.6s
tri0.7|200|2.0|0.6|mnist|53|0.0|1: c1 0.971 c10 0.970 static 0.970 fac1 -0.008 ac1_39 -0.005 sent static 0.972 level 0.386 lock 0.00 move 0.254 period None dead 0.00 | kin 7.39 cyc 1.00 gscc 1.00 in 7/200 | 26.4s
sig4_0|200|2.0|0.6|mnist|50|0.0|1: c1 0.999 c10 0.999 static 0.999 fac1 -0.014 ac1_39 -0.019 sent static 0.999 level 0.614 lock 0.00 move 0.0755 period None dead 0.00 | kin 7.63 cyc 1.00 gscc 1.00 in 8/200 | 22.8s
tanh|200|2.0|0.6|mnist|50|0.0|1: c1 0.035 c10 0.012 static 0.026 fac1 0.008 ac1_39 0.007 sent static 0.025 level 0.000 lock 0.00 move 1.39 period None dead 0.00 | kin 7.63 cyc 1.00 gscc 1.00 in 8/200 | 25.1s
tri1.0|200|2.0|0.6|mnist|53|0.0|1: c1 0.918 c10 0.924 static 0.919 fac1 -0.031 ac1_39 -0.029 sent static 0.927 level 0.324 lock 0.00 move 0.416 period None dead 0.00 | kin 7.39 cyc 1.00 gscc 1.00 in 7/200 | 25.8s
tanh|200|2.0|0.6|mnist|53|0.0|1: c1 0.020 c10 0.019 static 0.016 fac1 0.003 ac1_39 0.004 sent static 0.015 level 0.000 lock 0.00 move 1.4 period None dead 0.00 | kin 7.39 cyc 1.00 gscc 1.00 in 7/200 | 25.1s
tri0.3|200|2.0|0.6|mnist|50|0.0|1: c1 0.928 c10 0.928 static 0.926 fac1 0.000 ac1_39 -0.001 sent static 0.927 level 0.466 lock 0.00 move 0.396 period None dead 0.00 | kin 7.63 cyc 1.00 gscc 1.00 in 8/200 | 48.2s
tri0.3|200|2.0|0.6|mnist|52|0.0|1: c1 0.922 c10 0.922 static 0.921 fac1 -0.011 ac1_39 -0.014 sent static 0.923 level 0.466 lock 0.00 move 0.408 period None dead 0.00 | kin 7.41 cyc 0.99 gscc 0.99 in 2/200 | 47.9s
sig4_0|200|2.0|0.6|mnist|53|0.0|1: c1 0.999 c10 0.999 static 0.999 fac1 -0.023 ac1_39 -0.023 sent static 0.999 level 0.609 lock 0.00 move 0.0767 period None dead 0.00 | kin 7.39 cyc 1.00 gscc 1.00 in 7/200 | 22.7s
tri0.3|200|2.0|0.6|mnist|51|0.0|1: c1 0.930 c10 0.929 static 0.930 fac1 -0.003 ac1_39 -0.001 sent static 0.932 level 0.468 lock 0.00 move 0.384 period None dead 0.00 | kin 7.66 cyc 1.00 gscc 1.00 in 2/200 | 49.2s
tri0.3|200|2.0|0.6|mnist|53|0.0|1: c1 0.910 c10 0.911 static 0.909 fac1 -0.010 ac1_39 -0.009 sent static 0.916 level 0.465 lock 0.00 move 0.434 period None dead 0.00 | kin 7.39 cyc 1.00 gscc 1.00 in 7/200 | 48.8s
sig8_0|200|2.0|0.6|mnist|50|0.0|1: c1 0.970 c10 0.970 static 0.969 fac1 0.005 ac1_39 0.004 sent static 0.972 level 0.561 lock 0.00 move 0.259 period None dead 0.00 | kin 7.63 cyc 1.00 gscc 1.00 in 8/200 | 22.8s
sig8_0|200|2.0|0.6|mnist|51|0.0|1: c1 0.961 c10 0.962 static 0.961 fac1 -0.024 ac1_39 -0.024 sent static 0.964 level 0.556 lock 0.00 move 0.29 period None dead 0.00 | kin 7.66 cyc 1.00 gscc 1.00 in 2/200 | 22.9s
step0|200|2.0|0.6|mnist|50|0.0|1: c1 0.801 c10 0.801 static 0.798 fac1 -0.008 ac1_39 -0.008 sent static 0.797 level 0.506 lock 0.00 move 0.649 period None dead 0.00 | kin 7.63 cyc 1.00 gscc 1.00 in 8/200 | 19.2s
step0|200|2.0|0.6|mnist|51|0.0|1: c1 0.791 c10 0.791 static 0.790 fac1 -0.005 ac1_39 -0.005 sent static 0.794 level 0.505 lock 0.00 move 0.656 period None dead 0.00 | kin 7.66 cyc 1.00 gscc 1.00 in 2/200 | 19.4s
sig8_0|200|2.0|0.6|mnist|52|0.0|1: c1 0.961 c10 0.961 static 0.960 fac1 0.005 ac1_39 0.005 sent static 0.963 level 0.559 lock 0.00 move 0.284 period None dead 0.00 | kin 7.41 cyc 0.99 gscc 0.99 in 2/200 | 22.5s
step0|200|2.0|0.6|mnist|52|0.0|1: c1 0.787 c10 0.787 static 0.783 fac1 -0.005 ac1_39 -0.005 sent static 0.793 level 0.506 lock 0.00 move 0.659 period None dead 0.00 | kin 7.41 cyc 0.99 gscc 0.99 in 2/200 | 19.1s
sig4_0|200|2.0|0.6|mnist|51|0.0|1: c1 1.000 c10 1.000 static 1.000 fac1 -0.004 ac1_39 -0.031 sent static 1.000 level 0.611 lock 0.65 move 0.0283 period None dead 0.00 | kin 7.66 cyc 1.00 gscc 1.00 in 2/200 | 42.4s
tri0.7|200|2.0|0.6|mnist|52|0.0|1: c1 0.968 c10 0.969 static 0.967 fac1 -0.023 ac1_39 -0.025 sent static 0.969 level 0.385 lock 0.00 move 0.27 period None dead 0.00 | kin 7.41 cyc 0.99 gscc 0.99 in 2/200 | 48.4s
tri1.0|200|2.0|0.6|mnist|51|0.0|1: c1 0.940 c10 0.932 static 0.936 fac1 0.022 ac1_39 0.022 sent static 0.942 level 0.326 lock 0.00 move 0.36 period None dead 0.00 | kin 7.66 cyc 1.00 gscc 1.00 in 2/200 | 48.9s
tri1.0|200|2.0|0.6|mnist|52|0.0|1: c1 0.939 c10 0.941 static 0.939 fac1 -0.019 ac1_39 -0.018 sent static 0.944 level 0.327 lock 0.00 move 0.36 period None dead 0.00 | kin 7.41 cyc 0.99 gscc 0.99 in 2/200 | 48.6s
cstep|200|2.0|0.6|mnist|50|0.0|1: c1 0.797 c10 0.797 static 0.797 fac1 -0.008 ac1_39 -0.008 sent static 0.798 level 0.501 lock 0.00 move 0.651 period None dead 0.00 | kin 7.63 cyc 1.00 gscc 1.00 in 8/200 | 22.9s
sign|200|2.0|0.6|mnist|50|0.0|1: c1 0.001 c10 -0.001 static 0.004 fac1 -0.002 ac1_39 -0.002 sent static 0.004 level 0.000 lock 0.00 move 1.41 period None dead 0.00 | kin 7.63 cyc 1.00 gscc 1.00 in 8/200 | 13.3s
sign|200|2.0|0.6|mnist|53|0.0|1: c1 -0.003 c10 0.002 static 0.004 fac1 -0.008 ac1_39 -0.007 sent static 0.004 level 0.000 lock 0.00 move 1.41 period None dead 0.00 | kin 7.39 cyc 1.00 gscc 1.00 in 7/200 | 13.4s
sig4_0|200|2.0|0.6|mnist|52|0.0|1: c1 1.000 c10 1.000 static 1.000 fac1 -0.008 ac1_39 -0.009 sent static 1.000 level 0.611 lock 0.01 move 0.0452 period None dead 0.00 | kin 7.41 cyc 0.99 gscc 0.99 in 2/200 | 40.9s
raw|200|2.0|0.3|mnist|51|0.0|0: DIVERGED
raw|200|2.0|0.3|mnist|52|0.0|0: DIVERGED
raw|200|2.0|0.3|mnist|53|0.0|0: DIVERGED
raw|200|2.0|0.3|mnist|50|0.0|0: DIVERGED
wta|200|2.0|0.6|mnist|50|0.0|1: c1 0.036 c10 0.038 static 0.043 fac1 -0.006 ac1_39 -0.006 sent static 0.041 level 0.031 lock 0.00 move 1.38 period None dead 0.00 | kin 7.63 cyc 1.00 gscc 1.00 in 8/200 | 21.3s
sign|200|2.0|0.6|mnist|52|0.0|1: c1 -0.002 c10 0.002 static 0.003 fac1 -0.005 ac1_39 -0.007 sent static 0.003 level 0.000 lock 0.00 move 1.42 period None dead 0.00 | kin 7.41 cyc 0.99 gscc 0.99 in 2/200 | 24.6s
relu|200|2.0|0.3|mnist|51|0.0|0: DIVERGED
sign|200|2.0|0.6|mnist|51|0.0|1: c1 0.003 c10 0.005 static 0.003 fac1 0.000 ac1_39 -0.000 sent static 0.003 level 0.000 lock 0.00 move 1.41 period None dead 0.00 | kin 7.66 cyc 1.00 gscc 1.00 in 2/200 | 24.8s
step0|200|2.0|0.6|mnist|53|0.0|1: c1 0.779 c10 0.778 static 0.776 fac1 -0.003 ac1_39 -0.003 sent static 0.784 level 0.501 lock 0.00 move 0.672 period None dead 0.00 | kin 7.39 cyc 1.00 gscc 1.00 in 7/200 | 37.2s
wta|200|2.0|0.6|mnist|51|0.0|1: c1 0.039 c10 0.038 static 0.042 fac1 -0.003 ac1_39 -0.003 sent static 0.041 level 0.031 lock 0.00 move 1.39 period None dead 0.00 | kin 7.66 cyc 1.00 gscc 1.00 in 2/200 | 21.7s
relu|200|2.0|0.3|mnist|52|0.0|0: DIVERGED
wta|200|2.0|0.6|mnist|52|0.0|1: c1 0.038 c10 0.038 static 0.040 fac1 -0.002 ac1_39 -0.002 sent static 0.041 level 0.031 lock 0.00 move 1.39 period None dead 0.00 | kin 7.41 cyc 0.99 gscc 0.99 in 2/200 | 21.4s
sig8_0|200|2.0|0.6|mnist|53|0.0|1: c1 0.952 c10 0.952 static 0.951 fac1 -0.003 ac1_39 -0.003 sent static 0.955 level 0.550 lock 0.00 move 0.319 period None dead 0.00 | kin 7.39 cyc 1.00 gscc 1.00 in 7/200 | 42.1s
wta|200|2.0|0.6|mnist|53|0.0|1: c1 0.041 c10 0.039 static 0.042 fac1 -0.002 ac1_39 -0.003 sent static 0.041 level 0.031 lock 0.00 move 1.38 period None dead 0.00 | kin 7.39 cyc 1.00 gscc 1.00 in 7/200 | 21.4s
relu|200|2.0|0.3|mnist|53|0.0|0: DIVERGED
relu|200|2.0|0.3|mnist|50|0.0|0: DIVERGED
kwta4|200|2.0|0.6|mnist|50|0.0|1: c1 0.188 c10 0.191 static 0.194 fac1 -0.007 ac1_39 -0.006 sent static 0.191 level 0.114 lock 0.00 move 1.27 period None dead 0.00 | kin 7.63 cyc 1.00 gscc 1.00 in 8/200 | 24.8s
cstep|200|2.0|0.6|mnist|51|0.0|1: c1 0.796 c10 0.795 static 0.798 fac1 -0.005 ac1_39 -0.005 sent static 0.797 level 0.502 lock 0.00 move 0.651 period None dead 0.00 | kin 7.66 cyc 1.00 gscc 1.00 in 2/200 | 44.1s
cstep|200|2.0|0.6|mnist|53|0.0|1: c1 0.782 c10 0.781 static 0.782 fac1 -0.007 ac1_39 -0.006 sent static 0.791 level 0.501 lock 0.00 move 0.672 period None dead 0.00 | kin 7.39 cyc 1.00 gscc 1.00 in 7/200 | 40.5s
tanh|200|2.0|0.3|mnist|50|0.0|0: c1 0.006 c10 -0.005 static 0.006 fac1 0.000 ac1_39 0.002 sent static 0.005 level 0.000 lock 0.00 move 1.41 period None dead 0.04 | kin 3.87 cyc 0.92 gscc 0.92 in 8/193 | 12.1s
tri1.0|200|2.0|0.3|mnist|50|0.0|0: DIVERGED
tri1.0|200|2.0|0.3|mnist|52|0.0|0: DIVERGED
tri1.0|200|2.0|0.3|mnist|53|0.0|0: DIVERGED
cstep|200|2.0|0.6|mnist|52|0.0|1: c1 0.786 c10 0.786 static 0.785 fac1 -0.009 ac1_39 -0.008 sent static 0.792 level 0.500 lock 0.00 move 0.662 period None dead 0.00 | kin 7.41 cyc 0.99 gscc 0.99 in 2/200 | 42.9s
kwta4|200|2.0|0.6|mnist|52|0.0|1: c1 0.181 c10 0.184 static 0.191 fac1 -0.005 ac1_39 -0.006 sent static 0.190 level 0.114 lock 0.00 move 1.27 period None dead 0.00 | kin 7.41 cyc 0.99 gscc 0.99 in 2/200 | 36.6s
tri0.3|200|2.0|0.3|mnist|51|0.0|0: c1 0.920 c10 0.921 static 0.921 fac1 -0.003 ac1_39 -0.002 sent static 0.925 level 0.465 lock 0.00 move 0.395 period None dead 0.03 | kin 3.90 cyc 0.94 gscc 0.94 in 2/194 | 21.8s
tri1.0|200|2.0|0.3|mnist|51|0.0|0: DIVERGED
kwta4|200|2.0|0.6|mnist|53|0.0|1: c1 0.189 c10 0.190 static 0.193 fac1 -0.004 ac1_39 -0.004 sent static 0.194 level 0.114 lock 0.00 move 1.27 period None dead 0.00 | kin 7.39 cyc 1.00 gscc 1.00 in 7/200 | 40.6s
tanh|200|2.0|0.3|mnist|53|0.0|0: c1 0.007 c10 0.007 static 0.010 fac1 -0.004 ac1_39 -0.002 sent static 0.008 level 0.000 lock 0.00 move 1.41 period None dead 0.04 | kin 3.58 cyc 0.93 gscc 0.93 in 7/193 | 10.7s
tanh|200|2.0|0.3|mnist|51|0.0|0: c1 -0.003 c10 0.007 static 0.003 fac1 -0.009 ac1_39 -0.008 sent static 0.003 level 0.000 lock 0.00 move 1.42 period None dead 0.03 | kin 3.90 cyc 0.94 gscc 0.94 in 2/194 | 19.6s
tri0.7|200|2.0|0.3|mnist|52|0.0|0: c1 0.974 c10 0.974 static 0.973 fac1 -0.010 ac1_39 -0.012 sent static 0.974 level 0.379 lock 0.00 move 0.229 period None dead 0.02 | kin 3.79 cyc 0.94 gscc 0.94 in 2/197 | 25.7s
tri0.3|200|2.0|0.3|mnist|52|0.0|0: c1 0.915 c10 0.915 static 0.914 fac1 -0.009 ac1_39 -0.009 sent static 0.919 level 0.465 lock 0.00 move 0.411 period None dead 0.02 | kin 3.79 cyc 0.94 gscc 0.94 in 2/197 | 28.1s
tanh|200|2.0|0.3|mnist|52|0.0|0: c1 0.002 c10 0.005 static 0.004 fac1 -0.003 ac1_39 -0.003 sent static 0.004 level 0.000 lock 0.00 move 1.41 period None dead 0.02 | kin 3.79 cyc 0.94 gscc 0.94 in 2/197 | 19.6s
tri0.7|200|2.0|0.3|mnist|51|0.0|0: c1 0.988 c10 0.987 static 0.986 fac1 0.138 ac1_39 0.136 sent static 0.987 level 0.388 lock 0.00 move 0.153 period None dead 0.03 | kin 3.90 cyc 0.94 gscc 0.94 in 2/194 | 28.3s
kwta4|200|2.0|0.6|mnist|51|0.0|1: c1 0.182 c10 0.188 static 0.190 fac1 -0.008 ac1_39 -0.007 sent static 0.188 level 0.114 lock 0.00 move 1.28 period None dead 0.00 | kin 7.66 cyc 1.00 gscc 1.00 in 2/200 | 48.4s
tri0.7|200|2.0|0.3|mnist|53|0.0|0: c1 0.990 c10 0.989 static 0.989 fac1 0.059 ac1_39 0.058 sent static 0.990 level 0.391 lock 0.00 move 0.14 period None dead 0.04 | kin 3.58 cyc 0.93 gscc 0.93 in 7/193 | 29.8s
sig4_0|200|2.0|0.3|mnist|53|0.0|0: c1 0.929 c10 0.929 static 0.928 fac1 -0.009 ac1_39 -0.008 sent static 0.932 level 0.541 lock 0.01 move 0.38 period None dead 0.03 | kin 3.58 cyc 0.93 gscc 0.93 in 7/193 | 17.8s
tri0.3|200|2.0|0.3|mnist|53|0.0|0: c1 0.924 c10 0.923 static 0.923 fac1 -0.005 ac1_39 -0.004 sent static 0.924 level 0.464 lock 0.00 move 0.396 period None dead 0.04 | kin 3.58 cyc 0.93 gscc 0.93 in 7/193 | 34.6s
sig8_0|200|2.0|0.3|mnist|50|0.0|0: c1 0.864 c10 0.864 static 0.863 fac1 -0.003 ac1_39 -0.003 sent static 0.860 level 0.528 lock 0.01 move 0.527 period None dead 0.03 | kin 3.87 cyc 0.92 gscc 0.92 in 8/193 | 18.0s
tri0.3|200|2.0|0.3|mnist|50|0.0|0: c1 0.923 c10 0.922 static 0.922 fac1 -0.004 ac1_39 -0.005 sent static 0.928 level 0.466 lock 0.00 move 0.394 period None dead 0.04 | kin 3.87 cyc 0.92 gscc 0.92 in 8/193 | 38.2s
sig4_0|200|2.0|0.3|mnist|52|0.0|0: c1 0.933 c10 0.932 static 0.931 fac1 0.014 ac1_39 0.013 sent static 0.931 level 0.539 lock 0.00 move 0.374 period None dead 0.02 | kin 3.79 cyc 0.94 gscc 0.94 in 2/197 | 21.4s
tri0.7|200|2.0|0.3|mnist|50|0.0|0: c1 0.975 c10 0.975 static 0.975 fac1 0.003 ac1_39 0.002 sent static 0.977 level 0.390 lock 0.00 move 0.223 period None dead 0.04 | kin 3.87 cyc 0.92 gscc 0.92 in 8/193 | 38.5s
step0|200|2.0|0.3|mnist|50|0.0|0: c1 0.805 c10 0.805 static 0.804 fac1 0.000 ac1_39 0.001 sent static 0.800 level 0.511 lock 0.01 move 0.623 period None dead 0.03 | kin 3.87 cyc 0.92 gscc 0.92 in 8/193 | 15.3s
step0|200|2.0|0.3|mnist|51|0.0|0: c1 0.817 c10 0.818 static 0.816 fac1 0.000 ac1_39 -0.002 sent static 0.801 level 0.494 lock 0.00 move 0.597 period None dead 0.03 | kin 3.90 cyc 0.94 gscc 0.94 in 2/194 | 15.2s
sig8_0|200|2.0|0.3|mnist|53|0.0|0: c1 0.857 c10 0.856 static 0.859 fac1 -0.011 ac1_39 -0.009 sent static 0.860 level 0.513 lock 0.01 move 0.535 period None dead 0.03 | kin 3.58 cyc 0.93 gscc 0.93 in 7/193 | 18.0s
sign|200|2.0|0.3|mnist|51|0.0|0: c1 0.000 c10 -0.003 static 0.003 fac1 -0.003 ac1_39 -0.003 sent static 0.003 level 0.000 lock 0.00 move 1.41 period None dead 0.03 | kin 3.90 cyc 0.94 gscc 0.94 in 2/194 | 10.4s
sign|200|2.0|0.3|mnist|53|0.0|0: c1 0.005 c10 0.010 static 0.006 fac1 -0.003 ac1_39 -0.002 sent static 0.005 level 0.000 lock 0.00 move 1.41 period None dead 0.04 | kin 3.58 cyc 0.93 gscc 0.93 in 7/193 | 10.5s
cstep|200|2.0|0.3|mnist|50|0.0|0: c1 0.787 c10 0.787 static 0.788 fac1 -0.004 ac1_39 -0.002 sent static 0.789 level 0.499 lock 0.00 move 0.653 period None dead 0.04 | kin 3.87 cyc 0.92 gscc 0.92 in 8/193 | 18.2s
cstep|200|2.0|0.3|mnist|52|0.0|0: c1 0.792 c10 0.792 static 0.790 fac1 -0.005 ac1_39 -0.005 sent static 0.791 level 0.494 lock 0.00 move 0.644 period None dead 0.02 | kin 3.79 cyc 0.94 gscc 0.94 in 2/197 | 18.1s
sig4_0|200|2.0|0.3|mnist|50|0.0|0: c1 0.925 c10 0.926 static 0.923 fac1 -0.010 ac1_39 -0.009 sent static 0.924 level 0.553 lock 0.01 move 0.393 period None dead 0.03 | kin 3.87 cyc 0.92 gscc 0.92 in 8/193 | 32.2s
sig4_0|200|2.0|0.3|mnist|51|0.0|0: c1 0.935 c10 0.936 static 0.935 fac1 0.003 ac1_39 0.003 sent static 0.931 level 0.547 lock 0.00 move 0.367 period None dead 0.03 | kin 3.90 cyc 0.94 gscc 0.94 in 2/194 | 32.8s
cstep|200|2.0|0.3|mnist|53|0.0|0: c1 0.790 c10 0.791 static 0.793 fac1 -0.007 ac1_39 -0.006 sent static 0.795 level 0.499 lock 0.00 move 0.649 period None dead 0.04 | kin 3.58 cyc 0.93 gscc 0.93 in 7/193 | 18.1s
sign|200|2.0|0.3|mnist|50|0.0|0: c1 0.005 c10 0.001 static 0.004 fac1 0.001 ac1_39 0.002 sent static 0.004 level 0.000 lock 0.00 move 1.41 period None dead 0.04 | kin 3.87 cyc 0.92 gscc 0.92 in 8/193 | 19.0s
sig8_0|200|2.0|0.3|mnist|51|0.0|0: c1 0.865 c10 0.866 static 0.864 fac1 -0.006 ac1_39 -0.008 sent static 0.862 level 0.522 lock 0.00 move 0.522 period None dead 0.03 | kin 3.90 cyc 0.94 gscc 0.94 in 2/194 | 33.5s
sig8_0|200|2.0|0.3|mnist|52|0.0|0: c1 0.861 c10 0.862 static 0.859 fac1 -0.006 ac1_39 -0.005 sent static 0.853 level 0.518 lock 0.00 move 0.53 period None dead 0.02 | kin 3.79 cyc 0.94 gscc 0.94 in 2/197 | 33.3s
sign|200|2.0|0.3|mnist|52|0.0|0: c1 -0.000 c10 0.006 static 0.004 fac1 -0.004 ac1_39 -0.005 sent static 0.004 level 0.000 lock 0.00 move 1.41 period None dead 0.02 | kin 3.79 cyc 0.94 gscc 0.94 in 2/197 | 19.2s
kwta4|200|2.0|0.3|mnist|50|0.0|0: DIVERGED
kwta4|200|2.0|0.3|mnist|51|0.0|0: DIVERGED
step0|200|2.0|0.3|mnist|52|0.0|0: c1 0.797 c10 0.800 static 0.796 fac1 -0.003 ac1_39 -0.002 sent static 0.791 level 0.495 lock 0.00 move 0.631 period None dead 0.02 | kin 3.79 cyc 0.94 gscc 0.94 in 2/197 | 29.0s
step0|200|2.0|0.3|mnist|53|0.0|0: c1 0.790 c10 0.789 static 0.790 fac1 -0.005 ac1_39 -0.005 sent static 0.789 level 0.491 lock 0.01 move 0.64 period None dead 0.03 | kin 3.58 cyc 0.93 gscc 0.93 in 7/193 | 29.2s
raw|200|2.0|0.3|mnist|50|0.9|1: c1 1.000 c10 0.985 static 0.360 fac1 0.995 ac1_39 0.999 sent static 0.360 level 0.006 lock 0.00 move 0.0177 period None dead 0.04 | kin 3.87 cyc 0.92 gscc 0.92 in 8/193 | 10.6s
wta|200|2.0|0.3|mnist|53|0.0|0: c1 0.053 c10 0.052 static 0.055 fac1 -0.004 ac1_39 -0.005 sent static 0.047 level 0.031 lock 0.01 move 1.36 period None dead 0.03 | kin 3.58 cyc 0.93 gscc 0.93 in 7/193 | 16.9s
raw|200|2.0|0.3|mnist|51|0.9|1: c1 1.000 c10 0.994 static 0.607 fac1 0.993 ac1_39 0.997 sent static 0.607 level 0.009 lock 0.26 move 0.0109 period None dead 0.03 | kin 3.90 cyc 0.94 gscc 0.94 in 2/194 | 10.6s
kwta4|200|2.0|0.3|mnist|52|0.0|0: DIVERGED
kwta4|200|2.0|0.3|mnist|53|0.0|0: DIVERGED
relu|200|2.0|0.3|mnist|50|0.9|1: c1 1.000 c10 1.000 static 0.997 fac1 0.993 ac1_39 0.993 sent static 0.997 level 0.341 lock 0.96 move 0.00489 period None dead 0.04 | kin 3.87 cyc 0.92 gscc 0.92 in 8/193 | 12.3s
cstep|200|2.0|0.3|mnist|51|0.0|0: c1 0.793 c10 0.792 static 0.792 fac1 0.001 ac1_39 0.002 sent static 0.796 level 0.501 lock 0.00 move 0.645 period None dead 0.03 | kin 3.90 cyc 0.94 gscc 0.94 in 2/194 | 34.4s
raw|200|2.0|0.3|mnist|52|0.9|1: c1 1.000 c10 0.993 static 0.555 fac1 0.994 ac1_39 0.997 sent static 0.555 level 0.007 lock 0.19 move 0.0139 period None dead 0.02 | kin 3.79 cyc 0.94 gscc 0.94 in 2/197 | 19.2s
wta|200|2.0|0.3|mnist|50|0.0|0: c1 0.052 c10 0.048 static 0.056 fac1 -0.005 ac1_39 -0.005 sent static 0.047 level 0.031 lock 0.01 move 1.35 period None dead 0.03 | kin 3.87 cyc 0.92 gscc 0.92 in 8/193 | 31.3s
raw|200|2.0|0.3|mnist|53|0.9|1: c1 1.000 c10 0.998 static 0.901 fac1 0.992 ac1_39 0.995 sent static 0.901 level 0.013 lock 0.94 move 0.0105 period None dead 0.04 | kin 3.58 cyc 0.93 gscc 0.93 in 7/193 | 19.1s
wta|200|2.0|0.3|mnist|51|0.0|0: c1 0.059 c10 0.052 static 0.058 fac1 0.000 ac1_39 -0.001 sent static 0.047 level 0.031 lock 0.00 move 1.35 period None dead 0.03 | kin 3.90 cyc 0.94 gscc 0.94 in 2/194 | 31.0s
wta|200|2.0|0.3|mnist|52|0.0|0: c1 0.048 c10 0.048 static 0.051 fac1 -0.005 ac1_39 -0.005 sent static 0.046 level 0.031 lock 0.00 move 1.37 period None dead 0.02 | kin 3.79 cyc 0.94 gscc 0.94 in 2/197 | 31.3s
relu|200|2.0|0.3|mnist|51|0.9|1: c1 1.000 c10 1.000 static 0.993 fac1 0.993 ac1_39 0.996 sent static 0.993 level 0.329 lock 0.99 move 0.00272 period None dead 0.03 | kin 3.90 cyc 0.94 gscc 0.94 in 2/194 | 21.6s
relu|200|2.0|0.3|mnist|52|0.9|1: c1 1.000 c10 1.000 static 0.988 fac1 0.994 ac1_39 0.995 sent static 0.988 level 0.321 lock 0.99 move 0.00807 period None dead 0.02 | kin 3.79 cyc 0.94 gscc 0.94 in 2/197 | 21.7s
relu|200|2.0|0.3|mnist|53|0.9|1: c1 1.000 c10 1.000 static 0.992 fac1 0.995 ac1_39 0.994 sent static 0.992 level 0.322 lock 0.94 move 0.00931 period None dead 0.04 | kin 3.58 cyc 0.93 gscc 0.93 in 7/193 | 21.7s
tri0.3|200|2.0|0.3|mnist|51|0.9|1: c1 1.000 c10 0.997 static 0.965 fac1 0.995 ac1_39 0.998 sent static 0.961 level 0.467 lock 0.85 move 0.00908 period None dead 0.03 | kin 3.90 cyc 0.94 gscc 0.94 in 2/194 | 21.3s
tri0.3|200|2.0|0.3|mnist|52|0.9|1: c1 1.000 c10 0.997 static 0.973 fac1 0.994 ac1_39 0.996 sent static 0.968 level 0.465 lock 0.86 move 0.0117 period None dead 0.02 | kin 3.79 cyc 0.94 gscc 0.94 in 2/197 | 21.3s
tri0.7|200|2.0|0.3|mnist|51|0.9|1: c1 1.000 c10 1.000 static 0.997 fac1 0.994 ac1_39 0.997 sent static 0.997 level 0.383 lock 0.99 move 0.00262 period None dead 0.03 | kin 3.90 cyc 0.94 gscc 0.94 in 2/194 | 22.0s
tri0.7|200|2.0|0.3|mnist|53|0.9|1: c1 1.000 c10 1.000 static 0.998 fac1 0.994 ac1_39 0.979 sent static 0.998 level 0.385 lock 0.95 move 0.0094 period None dead 0.04 | kin 3.58 cyc 0.93 gscc 0.93 in 7/193 | 22.0s
tri0.7|200|2.0|0.3|mnist|52|0.9|1: c1 1.000 c10 1.000 static 0.996 fac1 0.994 ac1_39 0.990 sent static 0.996 level 0.389 lock 0.99 move 0.00783 period None dead 0.02 | kin 3.79 cyc 0.94 gscc 0.94 in 2/197 | 22.0s
tri1.0|200|2.0|0.3|mnist|50|0.9|1: c1 1.000 c10 1.000 static 0.995 fac1 0.994 ac1_39 0.996 sent static 0.995 level 0.332 lock 0.96 move 0.00511 period None dead 0.04 | kin 3.87 cyc 0.92 gscc 0.92 in 8/193 | 21.5s
tri1.0|200|2.0|0.3|mnist|51|0.9|1: c1 1.000 c10 1.000 static 0.991 fac1 0.993 ac1_39 0.996 sent static 0.991 level 0.331 lock 0.99 move 0.00283 period None dead 0.03 | kin 3.90 cyc 0.94 gscc 0.94 in 2/194 | 21.7s
tri1.0|200|2.0|0.3|mnist|52|0.9|1: c1 1.000 c10 1.000 static 0.996 fac1 0.994 ac1_39 0.991 sent static 0.996 level 0.333 lock 0.99 move 0.00775 period None dead 0.02 | kin 3.79 cyc 0.94 gscc 0.94 in 2/197 | 21.5s
tanh|200|2.0|0.3|mnist|50|0.9|1: c1 1.000 c10 0.977 static 0.493 fac1 0.995 ac1_39 0.998 sent static 0.471 level 0.008 lock 0.00 move 0.0223 period None dead 0.04 | kin 3.87 cyc 0.92 gscc 0.92 in 8/193 | 22.5s
tanh|200|2.0|0.3|mnist|51|0.9|1: c1 1.000 c10 0.978 static 0.442 fac1 0.994 ac1_39 0.997 sent static 0.433 level 0.005 lock 0.00 move 0.0215 period None dead 0.03 | kin 3.90 cyc 0.94 gscc 0.94 in 2/194 | 22.2s
tanh|200|2.0|0.3|mnist|52|0.9|1: c1 1.000 c10 0.984 static 0.594 fac1 0.994 ac1_39 0.997 sent static 0.578 level 0.012 lock 0.00 move 0.019 period None dead 0.02 | kin 3.79 cyc 0.94 gscc 0.94 in 2/197 | 22.5s
tanh|200|2.0|0.3|mnist|53|0.9|1: c1 1.000 c10 0.988 static 0.715 fac1 0.993 ac1_39 0.997 sent static 0.693 level 0.012 lock 0.00 move 0.0181 period None dead 0.04 | kin 3.58 cyc 0.93 gscc 0.93 in 7/193 | 21.9s
tri0.3|200|2.0|0.3|mnist|50|0.9|1: c1 1.000 c10 0.997 static 0.976 fac1 0.995 ac1_39 0.998 sent static 0.970 level 0.466 lock 0.85 move 0.00959 period None dead 0.03 | kin 3.87 cyc 0.92 gscc 0.92 in 8/193 | 40.9s
sig8_0|200|2.0|0.3|mnist|51|0.9|1: c1 1.000 c10 0.999 static 0.990 fac1 0.996 ac1_39 0.999 sent static 0.989 level 0.554 lock 0.99 move 0.0044 period None dead 0.03 | kin 3.90 cyc 0.94 gscc 0.94 in 2/194 | 19.4s
sig8_0|200|2.0|0.3|mnist|50|0.9|1: c1 1.000 c10 0.999 static 0.985 fac1 0.996 ac1_39 0.998 sent static 0.984 level 0.552 lock 0.95 move 0.00705 period None dead 0.03 | kin 3.87 cyc 0.92 gscc 0.92 in 8/193 | 19.8s
tri0.3|200|2.0|0.3|mnist|53|0.9|1: c1 1.000 c10 0.997 static 0.975 fac1 0.994 ac1_39 0.995 sent static 0.969 level 0.460 lock 0.86 move 0.0123 period None dead 0.03 | kin 3.58 cyc 0.93 gscc 0.93 in 7/193 | 40.8s
step0|200|2.0|0.3|mnist|50|0.9|1: c1 1.000 c10 0.984 static 0.920 fac1 0.992 ac1_39 0.996 sent static 0.878 level 0.506 lock 0.01 move 0.0239 period None dead 0.03 | kin 3.87 cyc 0.92 gscc 0.92 in 8/193 | 16.6s
step0|200|2.0|0.3|mnist|51|0.9|1: c1 1.000 c10 0.984 static 0.930 fac1 0.992 ac1_39 0.995 sent static 0.881 level 0.501 lock 0.00 move 0.0235 period None dead 0.03 | kin 3.90 cyc 0.94 gscc 0.94 in 2/194 | 16.5s
step0|200|2.0|0.3|mnist|52|0.9|1: c1 1.000 c10 0.983 static 0.920 fac1 0.993 ac1_39 0.996 sent static 0.869 level 0.486 lock 0.00 move 0.0257 period None dead 0.02 | kin 3.79 cyc 0.94 gscc 0.94 in 2/197 | 16.5s
tri0.7|200|2.0|0.3|mnist|50|0.9|1: c1 1.000 c10 1.000 static 0.993 fac1 0.993 ac1_39 0.995 sent static 0.993 level 0.388 lock 0.96 move 0.00564 period None dead 0.04 | kin 3.87 cyc 0.92 gscc 0.92 in 8/193 | 41.2s
sig8_0|200|2.0|0.3|mnist|52|0.9|1: c1 1.000 c10 0.999 static 0.983 fac1 0.995 ac1_39 0.997 sent static 0.981 level 0.544 lock 0.99 move 0.00876 period None dead 0.02 | kin 3.79 cyc 0.94 gscc 0.94 in 2/197 | 20.4s
step0|200|2.0|0.3|mnist|53|0.9|1: c1 1.000 c10 0.984 static 0.922 fac1 0.992 ac1_39 0.995 sent static 0.876 level 0.493 lock 0.01 move 0.0249 period None dead 0.03 | kin 3.58 cyc 0.93 gscc 0.93 in 7/193 | 16.7s
sig8_0|200|2.0|0.3|mnist|53|0.9|1: c1 1.000 c10 0.999 static 0.987 fac1 0.995 ac1_39 0.995 sent static 0.986 level 0.549 lock 0.95 move 0.01 period None dead 0.03 | kin 3.58 cyc 0.93 gscc 0.93 in 7/193 | 20.5s
tri1.0|200|2.0|0.3|mnist|53|0.9|1: c1 1.000 c10 1.000 static 0.998 fac1 0.994 ac1_39 0.978 sent static 0.999 level 0.333 lock 0.95 move 0.00927 period None dead 0.04 | kin 3.58 cyc 0.93 gscc 0.93 in 7/193 | 41.0s
sig4_0|200|2.0|0.3|mnist|50|0.9|1: c1 1.000 c10 1.000 static 1.000 fac1 0.994 ac1_39 0.926 sent static 1.000 level 0.614 lock 0.96 move 0.0051 period None dead 0.03 | kin 3.87 cyc 0.92 gscc 0.92 in 8/193 | 36.6s
sign|200|2.0|0.3|mnist|51|0.9|1: c1 0.998 c10 0.883 static 0.338 fac1 0.993 ac1_39 0.996 sent static 0.232 level 0.002 lock 0.00 move 0.0605 period None dead 0.03 | kin 3.90 cyc 0.94 gscc 0.94 in 2/194 | 12.2s
sign|200|2.0|0.3|mnist|52|0.9|1: c1 0.998 c10 0.874 static 0.259 fac1 0.993 ac1_39 0.996 sent static 0.191 level 0.003 lock 0.00 move 0.0642 period None dead 0.02 | kin 3.79 cyc 0.94 gscc 0.94 in 2/197 | 12.0s
sig4_0|200|2.0|0.3|mnist|51|0.9|1: c1 1.000 c10 1.000 static 1.000 fac1 0.995 ac1_39 0.893 sent static 1.000 level 0.614 lock 0.99 move 0.0027 period None dead 0.03 | kin 3.90 cyc 0.94 gscc 0.94 in 2/194 | 36.9s
sig4_0|200|2.0|0.3|mnist|52|0.9|1: c1 1.000 c10 1.000 static 1.000 fac1 0.994 ac1_39 0.890 sent static 1.000 level 0.603 lock 0.99 move 0.00762 period None dead 0.02 | kin 3.79 cyc 0.94 gscc 0.94 in 2/197 | 37.2s
sig4_0|200|2.0|0.3|mnist|53|0.9|1: c1 1.000 c10 1.000 static 1.000 fac1 0.995 ac1_39 0.932 sent static 1.000 level 0.601 lock 0.96 move 0.00932 period None dead 0.03 | kin 3.58 cyc 0.93 gscc 0.93 in 7/193 | 37.5s
raw|200|2.0|0.3|mnist|51|0.9|0: DIVERGED
raw|200|2.0|0.3|mnist|52|0.9|0: DIVERGED
wta|200|2.0|0.3|mnist|50|0.9|1: c1 0.995 c10 0.756 static 0.274 fac1 0.989 ac1_39 0.992 sent static 0.129 level 0.031 lock 0.01 move 0.102 period None dead 0.03 | kin 3.87 cyc 0.92 gscc 0.92 in 8/193 | 18.1s
wta|200|2.0|0.3|mnist|51|0.9|1: c1 0.995 c10 0.775 static 0.281 fac1 0.989 ac1_39 0.993 sent static 0.127 level 0.031 lock 0.00 move 0.0947 period None dead 0.03 | kin 3.90 cyc 0.94 gscc 0.94 in 2/194 | 18.1s
wta|200|2.0|0.3|mnist|52|0.9|1: c1 0.994 c10 0.736 static 0.219 fac1 0.989 ac1_39 0.992 sent static 0.107 level 0.031 lock 0.00 move 0.104 period None dead 0.02 | kin 3.79 cyc 0.94 gscc 0.94 in 2/197 | 18.1s
sign|200|2.0|0.3|mnist|50|0.9|1: c1 0.998 c10 0.878 static 0.306 fac1 0.993 ac1_39 0.997 sent static 0.216 level 0.004 lock 0.01 move 0.0614 period None dead 0.03 | kin 3.87 cyc 0.92 gscc 0.92 in 8/193 | 21.6s
sign|200|2.0|0.3|mnist|53|0.9|1: c1 0.998 c10 0.880 static 0.311 fac1 0.993 ac1_39 0.996 sent static 0.224 level 0.003 lock 0.01 move 0.0623 period None dead 0.03 | kin 3.58 cyc 0.93 gscc 0.93 in 7/193 | 21.8s
raw|200|2.0|0.3|mnist|50|0.9|0: DIVERGED
kwta4|200|2.0|0.3|mnist|50|0.9|1: c1 0.998 c10 0.891 static 0.457 fac1 0.993 ac1_39 0.996 sent static 0.356 level 0.117 lock 0.00 move 0.0562 period None dead 0.04 | kin 3.87 cyc 0.92 gscc 0.92 in 8/193 | 21.0s
kwta4|200|2.0|0.3|mnist|51|0.9|1: c1 0.999 c10 0.907 static 0.483 fac1 0.993 ac1_39 0.996 sent static 0.380 level 0.116 lock 0.00 move 0.0527 period None dead 0.03 | kin 3.90 cyc 0.94 gscc 0.94 in 2/194 | 21.2s
raw|200|2.0|0.3|mnist|53|0.9|0: DIVERGED
kwta4|200|2.0|0.3|mnist|52|0.9|1: c1 0.998 c10 0.898 static 0.467 fac1 0.993 ac1_39 0.997 sent static 0.368 level 0.116 lock 0.00 move 0.0552 period None dead 0.02 | kin 3.79 cyc 0.94 gscc 0.94 in 2/197 | 21.1s
relu|200|2.0|0.3|mnist|52|0.9|0: DIVERGED
relu|200|2.0|0.3|mnist|53|0.9|0: DIVERGED
cstep|200|2.0|0.3|mnist|51|0.9|1: c1 1.000 c10 0.985 static 0.923 fac1 0.993 ac1_39 0.996 sent static 0.880 level 0.503 lock 0.00 move 0.0226 period None dead 0.03 | kin 3.90 cyc 0.94 gscc 0.94 in 2/194 | 35.9s
cstep|200|2.0|0.3|mnist|50|0.9|1: c1 1.000 c10 0.985 static 0.923 fac1 0.993 ac1_39 0.996 sent static 0.878 level 0.500 lock 0.01 move 0.0235 period None dead 0.03 | kin 3.87 cyc 0.92 gscc 0.92 in 8/193 | 36.4s
relu|200|2.0|0.3|mnist|50|0.9|0: DIVERGED
cstep|200|2.0|0.3|mnist|52|0.9|1: c1 1.000 c10 0.984 static 0.920 fac1 0.993 ac1_39 0.996 sent static 0.877 level 0.494 lock 0.00 move 0.0248 period None dead 0.02 | kin 3.79 cyc 0.94 gscc 0.94 in 2/197 | 36.4s
cstep|200|2.0|0.3|mnist|53|0.9|1: c1 1.000 c10 0.984 static 0.925 fac1 0.993 ac1_39 0.995 sent static 0.882 level 0.502 lock 0.01 move 0.0249 period None dead 0.03 | kin 3.58 cyc 0.93 gscc 0.93 in 7/193 | 36.1s
relu|200|2.0|0.3|mnist|51|0.9|0: DIVERGED
wta|200|2.0|0.3|mnist|53|0.9|1: c1 0.995 c10 0.753 static 0.268 fac1 0.989 ac1_39 0.992 sent static 0.124 level 0.031 lock 0.01 move 0.102 period None dead 0.03 | kin 3.58 cyc 0.93 gscc 0.93 in 7/193 | 34.3s
tri0.3|200|2.0|0.3|mnist|50|0.9|0: c1 1.000 c10 0.998 static 0.974 fac1 0.995 ac1_39 0.998 sent static 0.970 level 0.465 lock 0.89 move 0.00781 period None dead 0.03 | kin 3.87 cyc 0.92 gscc 0.92 in 8/193 | 20.5s
tri0.3|200|2.0|0.3|mnist|51|0.9|0: c1 1.000 c10 0.997 static 0.968 fac1 0.994 ac1_39 0.997 sent static 0.965 level 0.469 lock 0.88 move 0.00829 period None dead 0.03 | kin 3.90 cyc 0.94 gscc 0.94 in 2/194 | 20.5s
tri1.0|200|2.0|0.3|mnist|51|0.9|0: DIVERGED
tri0.3|200|2.0|0.3|mnist|52|0.9|0: c1 1.000 c10 0.996 static 0.965 fac1 0.995 ac1_39 0.998 sent static 0.963 level 0.462 lock 0.72 move 0.00924 period None dead 0.02 | kin 3.79 cyc 0.94 gscc 0.94 in 2/197 | 20.5s
tri1.0|200|2.0|0.3|mnist|52|0.9|0: DIVERGED
tri1.0|200|2.0|0.3|mnist|53|0.9|0: DIVERGED
tri0.7|200|2.0|0.3|mnist|52|0.9|0: c1 1.000 c10 1.000 static 0.994 fac1 0.994 ac1_39 0.998 sent static 0.994 level 0.378 lock 0.99 move 0.00188 period None dead 0.02 | kin 3.79 cyc 0.94 gscc 0.94 in 2/197 | 20.9s
tri0.7|200|2.0|0.3|mnist|53|0.9|0: c1 1.000 c10 1.000 static 0.998 fac1 0.994 ac1_39 0.998 sent static 0.998 level 0.390 lock 0.99 move 0.00109 period None dead 0.04 | kin 3.58 cyc 0.93 gscc 0.93 in 7/193 | 20.9s
kwta4|200|2.0|0.3|mnist|53|0.9|1: c1 0.999 c10 0.912 static 0.460 fac1 0.994 ac1_39 0.997 sent static 0.368 level 0.117 lock 0.00 move 0.0521 period None dead 0.04 | kin 3.58 cyc 0.93 gscc 0.93 in 7/193 | 41.1s
tanh|200|2.0|0.3|mnist|50|0.9|0: c1 0.998 c10 0.864 static 0.215 fac1 0.993 ac1_39 0.997 sent static 0.153 level 0.002 lock 0.00 move 0.0623 period None dead 0.04 | kin 3.87 cyc 0.92 gscc 0.92 in 8/193 | 20.9s
tanh|200|2.0|0.3|mnist|51|0.9|0: c1 0.998 c10 0.870 static 0.215 fac1 0.993 ac1_39 0.997 sent static 0.172 level 0.002 lock 0.00 move 0.0608 period None dead 0.03 | kin 3.90 cyc 0.94 gscc 0.94 in 2/194 | 21.2s
tanh|200|2.0|0.3|mnist|52|0.9|0: c1 0.998 c10 0.866 static 0.276 fac1 0.993 ac1_39 0.997 sent static 0.202 level 0.003 lock 0.00 move 0.062 period None dead 0.02 | kin 3.79 cyc 0.94 gscc 0.94 in 2/197 | 20.6s
tri1.0|200|2.0|0.3|mnist|50|0.9|0: DIVERGED
tanh|200|2.0|0.3|mnist|53|0.9|0: c1 0.998 c10 0.875 static 0.232 fac1 0.994 ac1_39 0.997 sent static 0.170 level 0.002 lock 0.00 move 0.0597 period None dead 0.04 | kin 3.58 cyc 0.93 gscc 0.93 in 7/193 | 21.2s
sig4_0|200|2.0|0.3|mnist|51|0.9|0: c1 1.000 c10 0.985 static 0.923 fac1 0.993 ac1_39 0.997 sent static 0.887 level 0.505 lock 0.01 move 0.0207 period None dead 0.03 | kin 3.90 cyc 0.94 gscc 0.94 in 2/194 | 23.7s
step0|200|2.0|0.3|mnist|50|0.9|0: c1 1.000 c10 0.984 static 0.917 fac1 0.992 ac1_39 0.996 sent static 0.878 level 0.506 lock 0.01 move 0.0231 period None dead 0.03 | kin 3.87 cyc 0.92 gscc 0.92 in 8/193 | 16.0s
sig8_0|200|2.0|0.3|mnist|50|0.9|0: c1 1.000 c10 0.984 static 0.921 fac1 0.993 ac1_39 0.996 sent static 0.884 level 0.508 lock 0.01 move 0.0224 period None dead 0.03 | kin 3.87 cyc 0.92 gscc 0.92 in 8/193 | 19.5s
sig4_0|200|2.0|0.3|mnist|53|0.9|0: c1 1.000 c10 0.985 static 0.916 fac1 0.993 ac1_39 0.997 sent static 0.882 level 0.491 lock 0.02 move 0.0213 period None dead 0.03 | kin 3.58 cyc 0.93 gscc 0.93 in 7/193 | 19.7s
sig8_0|200|2.0|0.3|mnist|51|0.9|0: c1 1.000 c10 0.985 static 0.920 fac1 0.993 ac1_39 0.996 sent static 0.880 level 0.502 lock 0.01 move 0.0217 period None dead 0.03 | kin 3.90 cyc 0.94 gscc 0.94 in 2/194 | 19.6s
tri0.3|200|2.0|0.3|mnist|53|0.9|0: c1 1.000 c10 0.997 static 0.970 fac1 0.994 ac1_39 0.998 sent static 0.963 level 0.461 lock 0.78 move 0.00891 period None dead 0.03 | kin 3.58 cyc 0.93 gscc 0.93 in 7/193 | 39.0s
sig8_0|200|2.0|0.3|mnist|53|0.9|0: c1 1.000 c10 0.984 static 0.918 fac1 0.993 ac1_39 0.996 sent static 0.879 level 0.494 lock 0.01 move 0.0227 period None dead 0.03 | kin 3.58 cyc 0.93 gscc 0.93 in 7/193 | 19.7s
tri0.7|200|2.0|0.3|mnist|50|0.9|0: c1 1.000 c10 1.000 static 0.994 fac1 0.993 ac1_39 0.996 sent static 0.995 level 0.391 lock 1.00 move 0.00154 period None dead 0.04 | kin 3.87 cyc 0.92 gscc 0.92 in 8/193 | 39.1s
step0|200|2.0|0.3|mnist|51|0.9|0: c1 1.000 c10 0.984 static 0.928 fac1 0.992 ac1_39 0.996 sent static 0.881 level 0.501 lock 0.00 move 0.0228 period None dead 0.03 | kin 3.90 cyc 0.94 gscc 0.94 in 2/194 | 16.0s
tri0.7|200|2.0|0.3|mnist|51|0.9|0: c1 1.000 c10 1.000 static 0.997 fac1 0.995 ac1_39 0.998 sent static 0.997 level 0.385 lock 1.00 move 0.0013 period None dead 0.03 | kin 3.90 cyc 0.94 gscc 0.94 in 2/194 | 39.0s
step0|200|2.0|0.3|mnist|52|0.9|0: c1 1.000 c10 0.983 static 0.917 fac1 0.993 ac1_39 0.996 sent static 0.869 level 0.486 lock 0.00 move 0.0238 period None dead 0.02 | kin 3.79 cyc 0.94 gscc 0.94 in 2/197 | 15.9s
sig4_0|200|2.0|0.3|mnist|50|0.9|0: c1 1.000 c10 0.983 static 0.918 fac1 0.993 ac1_39 0.996 sent static 0.885 level 0.500 lock 0.01 move 0.0219 period None dead 0.03 | kin 3.87 cyc 0.92 gscc 0.92 in 8/193 | 35.6s
sign|200|2.0|0.3|mnist|51|0.9|0: c1 0.998 c10 0.883 static 0.338 fac1 0.993 ac1_39 0.997 sent static 0.232 level 0.002 lock 0.00 move 0.0593 period None dead 0.03 | kin 3.90 cyc 0.94 gscc 0.94 in 2/194 | 11.5s
sign|200|2.0|0.3|mnist|52|0.9|0: c1 0.998 c10 0.874 static 0.262 fac1 0.993 ac1_39 0.997 sent static 0.191 level 0.003 lock 0.00 move 0.0622 period None dead 0.02 | kin 3.79 cyc 0.94 gscc 0.94 in 2/197 | 11.4s
raw|49|1.0|0.3|kp1|51|0.0|0: DIVERGED
raw|49|1.0|0.3|kp1|52|0.0|0: DIVERGED
raw|49|1.0|0.3|kp1|50|0.0|0: DIVERGED
sign|200|2.0|0.3|mnist|53|0.9|0: c1 0.998 c10 0.880 static 0.311 fac1 0.993 ac1_39 0.996 sent static 0.224 level 0.003 lock 0.01 move 0.0605 period None dead 0.03 | kin 3.58 cyc 0.93 gscc 0.93 in 7/193 | 11.4s
raw|49|1.0|0.3|kp1|53|0.0|0: DIVERGED
relu|49|1.0|0.3|kp1|50|0.0|0: DIVERGED
relu|49|1.0|0.3|kp1|52|0.0|0: DIVERGED
relu|49|1.0|0.3|kp1|53|0.0|0: DIVERGED
sig4_0|200|2.0|0.3|mnist|52|0.9|0: c1 1.000 c10 0.985 static 0.924 fac1 0.993 ac1_39 0.996 sent static 0.881 level 0.494 lock 0.00 move 0.0216 period None dead 0.02 | kin 3.79 cyc 0.94 gscc 0.94 in 2/197 | 36.3s
sign|200|2.0|0.3|mnist|50|0.9|0: c1 0.998 c10 0.878 static 0.307 fac1 0.993 ac1_39 0.997 sent static 0.216 level 0.004 lock 0.01 move 0.0601 period None dead 0.03 | kin 3.87 cyc 0.92 gscc 0.92 in 8/193 | 20.8s
relu|49|1.0|0.3|kp1|51|0.0|0: DIVERGED
sig8_0|200|2.0|0.3|mnist|52|0.9|0: c1 1.000 c10 0.983 static 0.916 fac1 0.993 ac1_39 0.996 sent static 0.875 level 0.491 lock 0.00 move 0.0227 period None dead 0.02 | kin 3.79 cyc 0.94 gscc 0.94 in 2/197 | 35.4s
kwta4|200|2.0|0.3|mnist|51|0.9|0: DIVERGED
kwta4|200|2.0|0.3|mnist|53|0.9|0: DIVERGED
wta|200|2.0|0.3|mnist|50|0.9|0: c1 0.995 c10 0.756 static 0.273 fac1 0.989 ac1_39 0.992 sent static 0.129 level 0.031 lock 0.00 move 0.0983 period None dead 0.03 | kin 3.87 cyc 0.92 gscc 0.92 in 8/193 | 17.0s
wta|200|2.0|0.3|mnist|51|0.9|0: c1 0.995 c10 0.775 static 0.283 fac1 0.990 ac1_39 0.993 sent static 0.127 level 0.031 lock 0.00 move 0.0907 period None dead 0.03 | kin 3.90 cyc 0.94 gscc 0.94 in 2/194 | 17.1s
wta|200|2.0|0.3|mnist|53|0.9|0: c1 0.995 c10 0.753 static 0.266 fac1 0.989 ac1_39 0.992 sent static 0.124 level 0.031 lock 0.01 move 0.0986 period None dead 0.03 | kin 3.58 cyc 0.93 gscc 0.93 in 7/193 | 16.9s
tri0.3|49|1.0|0.3|kp1|50|0.0|0: c1 0.925 c10 0.928 static 0.925 fac1 -0.006 ac1_39 -0.004 sent static 0.931 level 0.462 lock 0.00 move 0.377 period None dead 0.00 | kin 4.84 cyc 0.98 gscc 0.98 in 3/49 | 6.3s
tri0.3|49|1.0|0.3|kp1|51|0.0|0: c1 0.935 c10 0.936 static 0.933 fac1 -0.017 ac1_39 -0.017 sent static 0.934 level 0.466 lock 0.00 move 0.372 period None dead 0.00 | kin 5.24 cyc 1.00 gscc 1.00 in 3/49 | 6.3s
tri0.3|49|1.0|0.3|kp1|52|0.0|0: c1 0.892 c10 0.885 static 0.884 fac1 0.027 ac1_39 0.027 sent static 0.895 level 0.469 lock 0.00 move 0.466 period None dead 0.00 | kin 4.84 cyc 1.00 gscc 1.00 in 3/49 | 6.0s
step0|200|2.0|0.3|mnist|53|0.9|0: c1 1.000 c10 0.984 static 0.919 fac1 0.992 ac1_39 0.996 sent static 0.876 level 0.493 lock 0.01 move 0.0231 period None dead 0.03 | kin 3.58 cyc 0.93 gscc 0.93 in 7/193 | 30.0s
tri1.0|49|1.0|0.3|kp1|50|0.0|0: DIVERGED
tri1.0|49|1.0|0.3|kp1|51|0.0|0: DIVERGED
cstep|200|2.0|0.3|mnist|52|0.9|0: c1 1.000 c10 0.984 static 0.919 fac1 0.993 ac1_39 0.996 sent static 0.877 level 0.494 lock 0.00 move 0.0233 period None dead 0.02 | kin 3.79 cyc 0.94 gscc 0.94 in 2/197 | 29.9s
tanh|49|1.0|0.3|kp1|50|0.0|0: c1 0.008 c10 -0.016 static 0.004 fac1 0.005 ac1_39 0.004 sent static 0.004 level 0.000 lock 0.00 move 1.41 period None dead 0.00 | kin 4.84 cyc 0.98 gscc 0.98 in 3/49 | 3.1s
tri1.0|49|1.0|0.3|kp1|53|0.0|0: DIVERGED
tanh|49|1.0|0.3|kp1|52|0.0|0: c1 0.000 c10 -0.009 static 0.004 fac1 -0.003 ac1_39 -0.001 sent static 0.004 level 0.000 lock 0.00 move 1.42 period None dead 0.00 | kin 4.84 cyc 1.00 gscc 1.00 in 3/49 | 3.0s
tanh|49|1.0|0.3|kp1|51|0.0|0: c1 0.008 c10 0.003 static 0.004 fac1 0.003 ac1_39 0.004 sent static 0.004 level 0.000 lock 0.00 move 1.41 period None dead 0.00 | kin 5.24 cyc 1.00 gscc 1.00 in 3/49 | 3.1s
tri0.7|49|1.0|0.3|kp1|53|0.0|0: c1 0.973 c10 0.987 static 0.979 fac1 -0.403 ac1_39 -0.432 sent static 0.978 level 0.381 lock 0.00 move 0.243 period None dead 0.00 | kin 4.76 cyc 0.98 gscc 0.98 in 3/49 | 6.6s
tri1.0|49|1.0|0.3|kp1|52|0.0|0: DIVERGED
cstep|200|2.0|0.3|mnist|50|0.9|0: c1 1.000 c10 0.985 static 0.920 fac1 0.993 ac1_39 0.996 sent static 0.878 level 0.499 lock 0.01 move 0.0228 period None dead 0.03 | kin 3.87 cyc 0.92 gscc 0.92 in 8/193 | 34.4s
tri0.3|49|1.0|0.3|kp1|53|0.0|0: c1 0.909 c10 0.908 static 0.909 fac1 -0.017 ac1_39 -0.016 sent static 0.909 level 0.468 lock 0.00 move 0.426 period None dead 0.00 | kin 4.76 cyc 0.98 gscc 0.98 in 3/49 | 12.2s
tanh|49|1.0|0.3|kp1|53|0.0|0: c1 -0.013 c10 0.000 static 0.005 fac1 -0.021 ac1_39 -0.021 sent static 0.005 level 0.000 lock 0.00 move 1.43 period None dead 0.00 | kin 4.76 cyc 0.98 gscc 0.98 in 3/49 | 5.9s
tri0.7|49|1.0|0.3|kp1|50|0.0|0: c1 0.998 c10 0.998 static 0.998 fac1 0.062 ac1_39 0.074 sent static 0.998 level 0.380 lock 0.00 move 0.0566 period None dead 0.00 | kin 4.84 cyc 0.98 gscc 0.98 in 3/49 | 12.2s
sig4_0|49|1.0|0.3|kp1|51|0.0|0: c1 0.907 c10 0.905 static 0.904 fac1 -0.003 ac1_39 -0.003 sent static 0.903 level 0.518 lock 0.00 move 0.445 period None dead 0.00 | kin 5.24 cyc 1.00 gscc 1.00 in 3/49 | 5.6s
tri0.7|49|1.0|0.3|kp1|51|0.0|0: c1 0.982 c10 0.984 static 0.982 fac1 -0.030 ac1_39 -0.034 sent static 0.983 level 0.387 lock 0.00 move 0.19 period None dead 0.00 | kin 5.24 cyc 1.00 gscc 1.00 in 3/49 | 12.0s
sig4_0|49|1.0|0.3|kp1|50|0.0|0: c1 0.901 c10 0.902 static 0.898 fac1 -0.011 ac1_39 -0.014 sent static 0.899 level 0.540 lock 0.00 move 0.456 period None dead 0.00 | kin 4.84 cyc 0.98 gscc 0.98 in 3/49 | 5.7s
cstep|200|2.0|0.3|mnist|51|0.9|0: c1 1.000 c10 0.985 static 0.920 fac1 0.993 ac1_39 0.996 sent static 0.880 level 0.503 lock 0.00 move 0.0221 period None dead 0.03 | kin 3.90 cyc 0.94 gscc 0.94 in 2/194 | 34.9s
cstep|200|2.0|0.3|mnist|53|0.9|0: c1 1.000 c10 0.984 static 0.923 fac1 0.993 ac1_39 0.996 sent static 0.883 level 0.501 lock 0.01 move 0.0232 period None dead 0.03 | kin 3.58 cyc 0.93 gscc 0.93 in 7/193 | 34.5s
sig4_0|49|1.0|0.3|kp1|52|0.0|0: c1 0.894 c10 0.898 static 0.895 fac1 -0.012 ac1_39 -0.017 sent static 0.902 level 0.524 lock 0.00 move 0.455 period None dead 0.00 | kin 4.84 cyc 1.00 gscc 1.00 in 3/49 | 5.4s
sig4_0|49|1.0|0.3|kp1|53|0.0|0: c1 0.906 c10 0.905 static 0.905 fac1 -0.031 ac1_39 -0.026 sent static 0.911 level 0.522 lock 0.00 move 0.436 period None dead 0.00 | kin 4.76 cyc 0.98 gscc 0.98 in 3/49 | 5.6s
sig8_0|49|1.0|0.3|kp1|50|0.0|0: c1 0.846 c10 0.846 static 0.841 fac1 0.001 ac1_39 0.001 sent static 0.839 level 0.521 lock 0.00 move 0.562 period None dead 0.00 | kin 4.84 cyc 0.98 gscc 0.98 in 3/49 | 5.5s
sig8_0|49|1.0|0.3|kp1|52|0.0|0: c1 0.826 c10 0.825 static 0.829 fac1 -0.004 ac1_39 -0.004 sent static 0.839 level 0.497 lock 0.00 move 0.576 period None dead 0.00 | kin 4.84 cyc 1.00 gscc 1.00 in 3/49 | 5.3s
tri0.7|49|1.0|0.3|kp1|52|0.0|0: c1 0.974 c10 0.978 static 0.974 fac1 -0.054 ac1_39 -0.057 sent static 0.976 level 0.397 lock 0.00 move 0.227 period None dead 0.00 | kin 4.84 cyc 1.00 gscc 1.00 in 3/49 | 11.7s
sig8_0|49|1.0|0.3|kp1|51|0.0|0: c1 0.845 c10 0.842 static 0.840 fac1 -0.003 ac1_39 -0.001 sent static 0.839 level 0.496 lock 0.00 move 0.568 period None dead 0.00 | kin 5.24 cyc 1.00 gscc 1.00 in 3/49 | 5.5s
sig8_0|49|1.0|0.3|kp1|53|0.0|0: c1 0.845 c10 0.846 static 0.842 fac1 -0.013 ac1_39 -0.015 sent static 0.852 level 0.508 lock 0.00 move 0.562 period None dead 0.00 | kin 4.76 cyc 0.98 gscc 0.98 in 3/49 | 5.6s
kwta4|200|2.0|0.3|mnist|50|0.9|0: DIVERGED
kwta4|200|2.0|0.3|mnist|52|0.9|0: DIVERGED
sign|49|1.0|0.3|kp1|52|0.0|0: c1 0.002 c10 -0.008 static 0.003 fac1 -0.000 ac1_39 -0.002 sent static 0.003 level 0.000 lock 0.00 move 1.41 period None dead 0.00 | kin 4.84 cyc 1.00 gscc 1.00 in 3/49 | 2.9s
sign|49|1.0|0.3|kp1|53|0.0|0: c1 0.001 c10 -0.000 static 0.004 fac1 -0.004 ac1_39 -0.004 sent static 0.004 level 0.000 lock 0.00 move 1.41 period None dead 0.00 | kin 4.76 cyc 0.98 gscc 0.98 in 3/49 | 3.1s
cstep|49|1.0|0.3|kp1|51|0.0|0: c1 0.797 c10 0.800 static 0.797 fac1 -0.014 ac1_39 -0.016 sent static 0.794 level 0.499 lock 0.00 move 0.648 period None dead 0.00 | kin 5.24 cyc 1.00 gscc 1.00 in 3/49 | 5.5s
cstep|49|1.0|0.3|kp1|53|0.0|0: c1 0.781 c10 0.785 static 0.775 fac1 -0.011 ac1_39 -0.013 sent static 0.787 level 0.497 lock 0.00 move 0.664 period None dead 0.00 | kin 4.76 cyc 0.98 gscc 0.98 in 3/49 | 5.6s
sign|49|1.0|0.3|kp1|50|0.0|0: c1 0.003 c10 0.006 static 0.003 fac1 0.001 ac1_39 -0.000 sent static 0.003 level 0.000 lock 0.00 move 1.41 period None dead 0.00 | kin 4.84 cyc 0.98 gscc 0.98 in 3/49 | 5.7s
kwta4|49|1.0|0.3|kp1|50|0.0|0: DIVERGED
step0|49|1.0|0.3|kp1|53|0.0|0: c1 0.779 c10 0.774 static 0.775 fac1 -0.007 ac1_39 -0.009 sent static 0.784 level 0.498 lock 0.00 move 0.667 period None dead 0.00 | kin 4.76 cyc 0.98 gscc 0.98 in 3/49 | 6.9s
wta|49|1.0|0.3|kp1|50|0.0|0: c1 0.038 c10 0.039 static 0.042 fac1 -0.004 ac1_39 -0.009 sent static 0.042 level 0.031 lock 0.00 move 1.39 period None dead 0.00 | kin 4.84 cyc 0.98 gscc 0.98 in 3/49 | 5.1s
wta|49|1.0|0.3|kp1|51|0.0|0: c1 0.042 c10 0.037 static 0.043 fac1 -0.004 ac1_39 -0.002 sent static 0.042 level 0.031 lock 0.00 move 1.38 period None dead 0.00 | kin 5.24 cyc 1.00 gscc 1.00 in 3/49 | 5.1s
wta|200|2.0|0.3|mnist|52|0.9|0: c1 0.994 c10 0.736 static 0.220 fac1 0.990 ac1_39 0.993 sent static 0.107 level 0.031 lock 0.00 move 0.101 period None dead 0.02 | kin 3.79 cyc 0.94 gscc 0.94 in 2/197 | 32.4s
wta|49|1.0|0.3|kp1|53|0.0|0: c1 0.036 c10 0.039 static 0.048 fac1 -0.012 ac1_39 -0.016 sent static 0.043 level 0.031 lock 0.00 move 1.39 period None dead 0.00 | kin 4.76 cyc 0.98 gscc 0.98 in 3/49 | 5.1s
sign|49|1.0|0.3|kp1|51|0.0|0: c1 0.004 c10 0.004 static 0.004 fac1 -0.001 ac1_39 -0.005 sent static 0.003 level 0.000 lock 0.00 move 1.42 period None dead 0.00 | kin 5.24 cyc 1.00 gscc 1.00 in 3/49 | 5.7s
raw|49|1.0|0.3|kp1|50|0.9|1: c1 1.000 c10 0.987 static 0.472 fac1 0.995 ac1_39 0.999 sent static 0.472 level 0.009 lock 0.00 move 0.0163 period None dead 0.00 | kin 4.84 cyc 0.98 gscc 0.98 in 3/49 | 3.0s
step0|49|1.0|0.3|kp1|50|0.0|0: c1 0.790 c10 0.789 static 0.786 fac1 -0.001 ac1_39 -0.001 sent static 0.785 level 0.501 lock 0.00 move 0.654 period None dead 0.00 | kin 4.84 cyc 0.98 gscc 0.98 in 3/49 | 8.8s
step0|49|1.0|0.3|kp1|52|0.0|0: c1 0.773 c10 0.772 static 0.772 fac1 0.003 ac1_39 0.004 sent static 0.787 level 0.476 lock 0.00 move 0.663 period None dead 0.00 | kin 4.84 cyc 1.00 gscc 1.00 in 3/49 | 8.6s
step0|49|1.0|0.3|kp1|51|0.0|0: c1 0.783 c10 0.784 static 0.780 fac1 -0.011 ac1_39 -0.011 sent static 0.782 level 0.484 lock 0.00 move 0.659 period None dead 0.00 | kin 5.24 cyc 1.00 gscc 1.00 in 3/49 | 9.0s
raw|49|1.0|0.3|kp1|52|0.9|1: c1 1.000 c10 0.993 static 0.469 fac1 0.992 ac1_39 0.995 sent static 0.469 level 0.004 lock 0.00 move 0.0117 period None dead 0.00 | kin 4.84 cyc 1.00 gscc 1.00 in 3/49 | 2.9s
raw|49|1.0|0.3|kp1|51|0.9|1: c1 1.000 c10 0.992 static 0.540 fac1 0.994 ac1_39 0.997 sent static 0.540 level 0.012 lock 0.02 move 0.0131 period None dead 0.00 | kin 5.24 cyc 1.00 gscc 1.00 in 3/49 | 3.0s
relu|49|1.0|0.3|kp1|51|0.9|1: c1 1.000 c10 1.000 static 0.994 fac1 0.991 ac1_39 0.994 sent static 0.994 level 0.313 lock 0.98 move 0.00271 period None dead 0.00 | kin 5.24 cyc 1.00 gscc 1.00 in 3/49 | 3.5s
relu|49|1.0|0.3|kp1|50|0.9|1: c1 1.000 c10 1.000 static 1.000 fac1 0.991 ac1_39 0.983 sent static 1.000 level 0.346 lock 0.98 move 0.00303 period None dead 0.00 | kin 4.84 cyc 0.98 gscc 0.98 in 3/49 | 3.6s
relu|49|1.0|0.3|kp1|52|0.9|1: c1 1.000 c10 1.000 static 0.983 fac1 0.994 ac1_39 0.997 sent static 0.982 level 0.317 lock 0.94 move 0.00431 period None dead 0.00 | kin 4.84 cyc 1.00 gscc 1.00 in 3/49 | 3.4s
relu|49|1.0|0.3|kp1|53|0.9|1: c1 1.000 c10 1.000 static 1.000 fac1 0.994 ac1_39 0.859 sent static 1.000 level 0.310 lock 0.96 move 0.00496 period None dead 0.00 | kin 4.76 cyc 0.98 gscc 0.98 in 3/49 | 3.5s
cstep|49|1.0|0.3|kp1|50|0.0|0: c1 0.797 c10 0.794 static 0.789 fac1 0.007 ac1_39 0.005 sent static 0.792 level 0.502 lock 0.00 move 0.645 period None dead 0.00 | kin 4.84 cyc 0.98 gscc 0.98 in 3/49 | 10.6s
cstep|49|1.0|0.3|kp1|52|0.0|0: c1 0.777 c10 0.778 static 0.776 fac1 -0.007 ac1_39 -0.005 sent static 0.789 level 0.502 lock 0.00 move 0.657 period None dead 0.00 | kin 4.84 cyc 1.00 gscc 1.00 in 3/49 | 10.0s
wta|49|1.0|0.3|kp1|52|0.0|0: c1 0.040 c10 0.035 static 0.042 fac1 -0.003 ac1_39 -0.004 sent static 0.043 level 0.031 lock 0.00 move 1.39 period None dead 0.00 | kin 4.84 cyc 1.00 gscc 1.00 in 3/49 | 9.3s
kwta4|49|1.0|0.3|kp1|51|0.0|0: DIVERGED
kwta4|49|1.0|0.3|kp1|52|0.0|0: DIVERGED
raw|49|1.0|0.3|kp1|53|0.9|1: c1 1.000 c10 0.986 static 0.320 fac1 0.994 ac1_39 0.997 sent static 0.320 level 0.004 lock 0.00 move 0.0171 period None dead 0.00 | kin 4.76 cyc 0.98 gscc 0.98 in 3/49 | 5.5s
kwta4|49|1.0|0.3|kp1|53|0.0|0: DIVERGED
tri0.3|49|1.0|0.3|kp1|51|0.9|1: c1 1.000 c10 0.996 static 0.973 fac1 0.995 ac1_39 0.998 sent static 0.967 level 0.466 lock 0.63 move 0.0102 period None dead 0.00 | kin 5.24 cyc 1.00 gscc 1.00 in 3/49 | 6.6s
tanh|49|1.0|0.3|kp1|50|0.9|1: c1 1.000 c10 0.975 static 0.542 fac1 0.995 ac1_39 0.998 sent static 0.528 level 0.013 lock 0.00 move 0.0231 period None dead 0.00 | kin 4.84 cyc 0.98 gscc 0.98 in 3/49 | 3.5s
tri0.3|49|1.0|0.3|kp1|53|0.9|1: c1 1.000 c10 0.998 static 0.970 fac1 0.995 ac1_39 0.998 sent static 0.965 level 0.474 lock 0.94 move 0.00893 period None dead 0.00 | kin 4.76 cyc 0.98 gscc 0.98 in 3/49 | 6.6s
tri1.0|49|1.0|0.3|kp1|50|0.9|1: c1 1.000 c10 1.000 static 0.998 fac1 0.993 ac1_39 0.994 sent static 0.998 level 0.321 lock 0.98 move 0.00289 period None dead 0.00 | kin 4.84 cyc 0.98 gscc 0.98 in 3/49 | 6.6s
tri0.7|49|1.0|0.3|kp1|53|0.9|1: c1 1.000 c10 1.000 static 0.997 fac1 0.997 ac1_39 0.996 sent static 0.997 level 0.385 lock 0.96 move 0.00518 period None dead 0.00 | kin 4.76 cyc 0.98 gscc 0.98 in 3/49 | 6.8s
tri1.0|49|1.0|0.3|kp1|52|0.9|1: c1 1.000 c10 0.999 static 0.987 fac1 0.996 ac1_39 0.999 sent static 0.986 level 0.340 lock 0.94 move 0.00496 period None dead 0.00 | kin 4.84 cyc 1.00 gscc 1.00 in 3/49 | 6.4s
tri1.0|49|1.0|0.3|kp1|51|0.9|1: c1 1.000 c10 1.000 static 0.979 fac1 0.994 ac1_39 0.997 sent static 0.979 level 0.327 lock 0.98 move 0.00398 period None dead 0.00 | kin 5.24 cyc 1.00 gscc 1.00 in 3/49 | 6.6s
tanh|49|1.0|0.3|kp1|52|0.9|1: c1 1.000 c10 0.976 static 0.391 fac1 0.993 ac1_39 0.997 sent static 0.383 level 0.006 lock 0.00 move 0.022 period None dead 0.00 | kin 4.84 cyc 1.00 gscc 1.00 in 3/49 | 6.1s
tri1.0|49|1.0|0.3|kp1|53|0.9|1: c1 1.000 c10 1.000 static 0.999 fac1 0.994 ac1_39 0.988 sent static 0.999 level 0.321 lock 0.96 move 0.00453 period None dead 0.00 | kin 4.76 cyc 0.98 gscc 0.98 in 3/49 | 6.6s
tanh|49|1.0|0.3|kp1|51|0.9|1: c1 1.000 c10 0.975 static 0.400 fac1 0.995 ac1_39 0.998 sent static 0.388 level 0.008 lock 0.00 move 0.0215 period None dead 0.00 | kin 5.24 cyc 1.00 gscc 1.00 in 3/49 | 6.5s
tanh|49|1.0|0.3|kp1|53|0.9|1: c1 1.000 c10 0.966 static 0.311 fac1 0.995 ac1_39 0.999 sent static 0.293 level 0.003 lock 0.00 move 0.0271 period None dead 0.00 | kin 4.76 cyc 0.98 gscc 0.98 in 3/49 | 6.4s
tri0.3|49|1.0|0.3|kp1|52|0.9|1: c1 1.000 c10 0.995 static 0.957 fac1 0.994 ac1_39 0.997 sent static 0.952 level 0.466 lock 0.27 move 0.0112 period None dead 0.00 | kin 4.84 cyc 1.00 gscc 1.00 in 3/49 | 12.1s
tri0.3|49|1.0|0.3|kp1|50|0.9|1: c1 1.000 c10 0.996 static 0.971 fac1 0.995 ac1_39 0.998 sent static 0.965 level 0.461 lock 0.80 move 0.00977 period None dead 0.00 | kin 4.84 cyc 0.98 gscc 0.98 in 3/49 | 12.7s
sig8_0|49|1.0|0.3|kp1|50|0.9|1: c1 1.000 c10 0.999 static 0.981 fac1 0.994 ac1_39 0.998 sent static 0.980 level 0.555 lock 0.94 move 0.00396 period None dead 0.00 | kin 4.84 cyc 0.98 gscc 0.98 in 3/49 | 6.1s
sig8_0|49|1.0|0.3|kp1|51|0.9|1: c1 1.000 c10 0.999 static 0.978 fac1 0.993 ac1_39 0.997 sent static 0.978 level 0.547 lock 0.96 move 0.00395 period None dead 0.00 | kin 5.24 cyc 1.00 gscc 1.00 in 3/49 | 6.3s
sig8_0|49|1.0|0.3|kp1|52|0.9|1: c1 1.000 c10 0.999 static 0.990 fac1 0.993 ac1_39 0.996 sent static 0.990 level 0.534 lock 0.94 move 0.00478 period None dead 0.00 | kin 4.84 cyc 1.00 gscc 1.00 in 3/49 | 6.0s
tri0.7|49|1.0|0.3|kp1|50|0.9|1: c1 1.000 c10 1.000 static 0.999 fac1 0.995 ac1_39 0.995 sent static 0.999 level 0.369 lock 0.98 move 0.00316 period None dead 0.00 | kin 4.84 cyc 0.98 gscc 0.98 in 3/49 | 12.5s
tri0.7|49|1.0|0.3|kp1|52|0.9|1: c1 1.000 c10 0.999 static 0.980 fac1 0.995 ac1_39 0.998 sent static 0.981 level 0.393 lock 0.94 move 0.00502 period None dead 0.00 | kin 4.84 cyc 1.00 gscc 1.00 in 3/49 | 12.2s
tri0.7|49|1.0|0.3|kp1|51|0.9|1: c1 1.000 c10 1.000 static 0.999 fac1 0.992 ac1_39 0.993 sent static 0.999 level 0.400 lock 0.98 move 0.00262 period None dead 0.00 | kin 5.24 cyc 1.00 gscc 1.00 in 3/49 | 12.7s
step0|49|1.0|0.3|kp1|50|0.9|1: c1 1.000 c10 0.983 static 0.907 fac1 0.993 ac1_39 0.997 sent static 0.867 level 0.497 lock 0.00 move 0.0244 period None dead 0.00 | kin 4.84 cyc 0.98 gscc 0.98 in 3/49 | 5.1s
step0|49|1.0|0.3|kp1|52|0.9|1: c1 1.000 c10 0.981 static 0.913 fac1 0.992 ac1_39 0.995 sent static 0.873 level 0.492 lock 0.00 move 0.0254 period None dead 0.00 | kin 4.84 cyc 1.00 gscc 1.00 in 3/49 | 4.9s
step0|49|1.0|0.3|kp1|51|0.9|1: c1 1.000 c10 0.983 static 0.921 fac1 0.992 ac1_39 0.996 sent static 0.869 level 0.470 lock 0.00 move 0.0245 period None dead 0.00 | kin 5.24 cyc 1.00 gscc 1.00 in 3/49 | 5.1s
sig8_0|49|1.0|0.3|kp1|53|0.9|1: c1 1.000 c10 0.999 static 0.979 fac1 0.996 ac1_39 0.999 sent static 0.977 level 0.540 lock 0.96 move 0.00717 period None dead 0.00 | kin 4.76 cyc 0.98 gscc 0.98 in 3/49 | 6.3s
sig4_0|49|1.0|0.3|kp1|50|0.9|1: c1 1.000 c10 1.000 static 1.000 fac1 -0.012 ac1_39 -0.244 sent static 1.000 level 0.606 lock 0.96 move 0.00323 period 4 dead 0.00 | kin 4.84 cyc 0.98 gscc 0.98 in 3/49 | 11.3s
cstep|49|1.0|0.3|kp1|50|0.9|1: c1 1.000 c10 0.982 static 0.916 fac1 0.992 ac1_39 0.996 sent static 0.869 level 0.502 lock 0.00 move 0.0257 period None dead 0.00 | kin 4.84 cyc 0.98 gscc 0.98 in 3/49 | 5.9s
sig4_0|49|1.0|0.3|kp1|51|0.9|1: c1 1.000 c10 1.000 static 1.000 fac1 -0.088 ac1_39 -0.206 sent static 1.000 level 0.600 lock 0.96 move 0.00271 period 4 dead 0.00 | kin 5.24 cyc 1.00 gscc 1.00 in 3/49 | 11.4s
sig4_0|49|1.0|0.3|kp1|52|0.9|1: c1 1.000 c10 1.000 static 1.000 fac1 -0.049 ac1_39 -0.182 sent static 1.000 level 0.599 lock 0.94 move 0.00309 period 4 dead 0.00 | kin 4.84 cyc 1.00 gscc 1.00 in 3/49 | 11.1s
sign|49|1.0|0.3|kp1|51|0.9|1: c1 0.998 c10 0.875 static 0.221 fac1 0.993 ac1_39 0.997 sent static 0.166 level 0.002 lock 0.00 move 0.0633 period None dead 0.00 | kin 5.24 cyc 1.00 gscc 1.00 in 3/49 | 3.5s
sign|49|1.0|0.3|kp1|53|0.9|1: c1 0.998 c10 0.856 static 0.202 fac1 0.993 ac1_39 0.996 sent static 0.156 level 0.002 lock 0.00 move 0.0677 period None dead 0.00 | kin 4.76 cyc 0.98 gscc 0.98 in 3/49 | 3.5s
sig4_0|49|1.0|0.3|kp1|53|0.9|1: c1 1.000 c10 1.000 static 1.000 fac1 -0.053 ac1_39 -0.234 sent static 1.000 level 0.602 lock 0.96 move 0.00573 period 4 dead 0.00 | kin 4.76 cyc 0.98 gscc 0.98 in 3/49 | 11.5s
raw|49|1.0|0.3|kp1|50|0.9|0: DIVERGED
raw|49|1.0|0.3|kp1|53|0.9|0: DIVERGED
wta|49|1.0|0.3|kp1|50|0.9|1: c1 0.994 c10 0.718 static 0.199 fac1 0.989 ac1_39 0.992 sent static 0.103 level 0.031 lock 0.00 move 0.112 period None dead 0.00 | kin 4.84 cyc 0.98 gscc 0.98 in 3/49 | 5.5s
sign|49|1.0|0.3|kp1|50|0.9|1: c1 0.998 c10 0.874 static 0.163 fac1 0.994 ac1_39 0.997 sent static 0.129 level 0.001 lock 0.00 move 0.0639 period None dead 0.00 | kin 4.84 cyc 0.98 gscc 0.98 in 3/49 | 6.4s
relu|49|1.0|0.3|kp1|50|0.9|0: DIVERGED
raw|49|1.0|0.3|kp1|51|0.9|0: DIVERGED
raw|49|1.0|0.3|kp1|52|0.9|0: DIVERGED
step0|49|1.0|0.3|kp1|53|0.9|1: c1 1.000 c10 0.984 static 0.905 fac1 0.994 ac1_39 0.997 sent static 0.864 level 0.473 lock 0.00 move 0.0244 period None dead 0.00 | kin 4.76 cyc 0.98 gscc 0.98 in 3/49 | 9.6s
sign|49|1.0|0.3|kp1|52|0.9|1: c1 0.998 c10 0.871 static 0.206 fac1 0.993 ac1_39 0.997 sent static 0.155 level 0.002 lock 0.00 move 0.0639 period None dead 0.00 | kin 4.84 cyc 1.00 gscc 1.00 in 3/49 | 6.1s
wta|49|1.0|0.3|kp1|53|0.9|1: c1 0.995 c10 0.751 static 0.221 fac1 0.990 ac1_39 0.993 sent static 0.115 level 0.031 lock 0.00 move 0.101 period None dead 0.00 | kin 4.76 cyc 0.98 gscc 0.98 in 3/49 | 5.5s
relu|49|1.0|0.3|kp1|52|0.9|0: DIVERGED
relu|49|1.0|0.3|kp1|53|0.9|0: DIVERGED
kwta4|49|1.0|0.3|kp1|50|0.9|1: c1 0.999 c10 0.896 static 0.463 fac1 0.993 ac1_39 0.996 sent static 0.350 level 0.117 lock 0.00 move 0.0553 period None dead 0.00 | kin 4.84 cyc 0.98 gscc 0.98 in 3/49 | 6.4s
cstep|49|1.0|0.3|kp1|51|0.9|1: c1 1.000 c10 0.984 static 0.911 fac1 0.993 ac1_39 0.996 sent static 0.873 level 0.495 lock 0.00 move 0.0243 period None dead 0.00 | kin 5.24 cyc 1.00 gscc 1.00 in 3/49 | 11.2s
kwta4|49|1.0|0.3|kp1|51|0.9|1: c1 0.999 c10 0.898 static 0.460 fac1 0.993 ac1_39 0.996 sent static 0.339 level 0.116 lock 0.00 move 0.0562 period None dead 0.00 | kin 5.24 cyc 1.00 gscc 1.00 in 3/49 | 6.5s
cstep|49|1.0|0.3|kp1|52|0.9|1: c1 1.000 c10 0.984 static 0.917 fac1 0.992 ac1_39 0.995 sent static 0.879 level 0.499 lock 0.00 move 0.0242 period None dead 0.00 | kin 4.84 cyc 1.00 gscc 1.00 in 3/49 | 10.6s
kwta4|49|1.0|0.3|kp1|52|0.9|1: c1 0.999 c10 0.900 static 0.421 fac1 0.994 ac1_39 0.997 sent static 0.326 level 0.117 lock 0.00 move 0.0538 period None dead 0.00 | kin 4.84 cyc 1.00 gscc 1.00 in 3/49 | 6.2s
relu|49|1.0|0.3|kp1|51|0.9|0: DIVERGED
cstep|49|1.0|0.3|kp1|53|0.9|1: c1 1.000 c10 0.983 static 0.913 fac1 0.993 ac1_39 0.996 sent static 0.877 level 0.505 lock 0.00 move 0.0249 period None dead 0.00 | kin 4.76 cyc 0.98 gscc 0.98 in 3/49 | 11.3s
wta|49|1.0|0.3|kp1|52|0.9|1: c1 0.994 c10 0.736 static 0.246 fac1 0.988 ac1_39 0.991 sent static 0.126 level 0.031 lock 0.00 move 0.106 period None dead 0.00 | kin 4.84 cyc 1.00 gscc 1.00 in 3/49 | 10.0s
wta|49|1.0|0.3|kp1|51|0.9|1: c1 0.994 c10 0.708 static 0.190 fac1 0.989 ac1_39 0.992 sent static 0.092 level 0.031 lock 0.00 move 0.113 period None dead 0.00 | kin 5.24 cyc 1.00 gscc 1.00 in 3/49 | 10.3s
tri1.0|49|1.0|0.3|kp1|50|0.9|0: DIVERGED
tanh|49|1.0|0.3|kp1|52|0.9|0: c1 0.998 c10 0.876 static 0.227 fac1 0.993 ac1_39 0.996 sent static 0.173 level 0.003 lock 0.00 move 0.0599 period None dead 0.00 | kin 4.84 cyc 1.00 gscc 1.00 in 3/49 | 3.2s
tanh|49|1.0|0.3|kp1|50|0.9|0: c1 0.998 c10 0.869 static 0.203 fac1 0.994 ac1_39 0.997 sent static 0.156 level 0.003 lock 0.00 move 0.0619 period None dead 0.00 | kin 4.84 cyc 0.98 gscc 0.98 in 3/49 | 3.4s
tri1.0|49|1.0|0.3|kp1|51|0.9|0: DIVERGED
tri1.0|49|1.0|0.3|kp1|52|0.9|0: DIVERGED
tri0.3|49|1.0|0.3|kp1|50|0.9|0: c1 1.000 c10 0.997 static 0.976 fac1 0.995 ac1_39 0.998 sent static 0.972 level 0.454 lock 0.98 move 0.00754 period None dead 0.00 | kin 4.84 cyc 0.98 gscc 0.98 in 3/49 | 6.3s
tri0.3|49|1.0|0.3|kp1|52|0.9|0: c1 1.000 c10 0.995 static 0.952 fac1 0.994 ac1_39 0.997 sent static 0.950 level 0.472 lock 0.37 move 0.0105 period None dead 0.00 | kin 4.84 cyc 1.00 gscc 1.00 in 3/49 | 6.1s
tri0.7|49|1.0|0.3|kp1|53|0.9|0: c1 1.000 c10 1.000 static 0.998 fac1 0.995 ac1_39 0.998 sent static 0.998 level 0.379 lock 1.00 move 0.000964 period None dead 0.00 | kin 4.76 cyc 0.98 gscc 0.98 in 3/49 | 6.6s
kwta4|49|1.0|0.3|kp1|53|0.9|1: c1 0.999 c10 0.902 static 0.461 fac1 0.994 ac1_39 0.997 sent static 0.345 level 0.117 lock 0.00 move 0.0549 period None dead 0.00 | kin 4.76 cyc 0.98 gscc 0.98 in 3/49 | 10.8s
tanh|49|1.0|0.3|kp1|51|0.9|0: c1 0.998 c10 0.864 static 0.160 fac1 0.993 ac1_39 0.997 sent static 0.130 level 0.004 lock 0.00 move 0.0626 period None dead 0.00 | kin 5.24 cyc 1.00 gscc 1.00 in 3/49 | 6.2s
tanh|49|1.0|0.3|kp1|53|0.9|0: c1 0.998 c10 0.858 static 0.211 fac1 0.993 ac1_39 0.996 sent static 0.161 level 0.004 lock 0.00 move 0.0635 period None dead 0.00 | kin 4.76 cyc 0.98 gscc 0.98 in 3/49 | 6.1s
tri1.0|49|1.0|0.3|kp1|53|0.9|0: DIVERGED
step0|49|1.0|0.3|kp1|50|0.9|0: c1 1.000 c10 0.983 static 0.905 fac1 0.993 ac1_39 0.997 sent static 0.867 level 0.497 lock 0.00 move 0.0235 period None dead 0.00 | kin 4.84 cyc 0.98 gscc 0.98 in 3/49 | 4.9s
step0|49|1.0|0.3|kp1|51|0.9|0: c1 1.000 c10 0.983 static 0.919 fac1 0.992 ac1_39 0.996 sent static 0.869 level 0.470 lock 0.00 move 0.0241 period None dead 0.00 | kin 5.24 cyc 1.00 gscc 1.00 in 3/49 | 4.9s
sig8_0|49|1.0|0.3|kp1|50|0.9|0: c1 1.000 c10 0.982 static 0.917 fac1 0.992 ac1_39 0.995 sent static 0.869 level 0.501 lock 0.00 move 0.0243 period None dead 0.00 | kin 4.84 cyc 0.98 gscc 0.98 in 3/49 | 6.2s
sig8_0|49|1.0|0.3|kp1|51|0.9|0: c1 1.000 c10 0.983 static 0.922 fac1 0.993 ac1_39 0.996 sent static 0.871 level 0.482 lock 0.00 move 0.0225 period None dead 0.00 | kin 5.24 cyc 1.00 gscc 1.00 in 3/49 | 6.2s
step0|49|1.0|0.3|kp1|52|0.9|0: c1 1.000 c10 0.981 static 0.912 fac1 0.992 ac1_39 0.995 sent static 0.873 level 0.492 lock 0.00 move 0.0249 period None dead 0.00 | kin 4.84 cyc 1.00 gscc 1.00 in 3/49 | 4.7s
sig8_0|49|1.0|0.3|kp1|52|0.9|0: c1 1.000 c10 0.980 static 0.899 fac1 0.993 ac1_39 0.996 sent static 0.864 level 0.491 lock 0.00 move 0.0247 period None dead 0.00 | kin 4.84 cyc 1.00 gscc 1.00 in 3/49 | 6.0s
tri0.7|49|1.0|0.3|kp1|52|0.9|0: c1 1.000 c10 1.000 static 0.991 fac1 0.994 ac1_39 0.998 sent static 0.992 level 0.393 lock 1.00 move 0.00177 period None dead 0.00 | kin 4.84 cyc 1.00 gscc 1.00 in 3/49 | 11.7s
step0|49|1.0|0.3|kp1|53|0.9|0: c1 1.000 c10 0.984 static 0.904 fac1 0.994 ac1_39 0.997 sent static 0.864 level 0.473 lock 0.00 move 0.0234 period None dead 0.00 | kin 4.76 cyc 0.98 gscc 0.98 in 3/49 | 4.9s
tri0.3|49|1.0|0.3|kp1|51|0.9|0: c1 1.000 c10 0.999 static 0.983 fac1 0.995 ac1_39 0.998 sent static 0.979 level 0.470 lock 1.00 move 0.00575 period None dead 0.00 | kin 5.24 cyc 1.00 gscc 1.00 in 3/49 | 12.2s
sig8_0|49|1.0|0.3|kp1|53|0.9|0: c1 1.000 c10 0.982 static 0.907 fac1 0.993 ac1_39 0.997 sent static 0.870 level 0.488 lock 0.00 move 0.0235 period None dead 0.00 | kin 4.76 cyc 0.98 gscc 0.98 in 3/49 | 6.2s
tri0.3|49|1.0|0.3|kp1|53|0.9|0: c1 1.000 c10 0.996 static 0.963 fac1 0.995 ac1_39 0.998 sent static 0.956 level 0.466 lock 0.59 move 0.00936 period None dead 0.00 | kin 4.76 cyc 0.98 gscc 0.98 in 3/49 | 12.1s
tri0.7|49|1.0|0.3|kp1|51|0.9|0: c1 1.000 c10 1.000 static 1.000 fac1 0.993 ac1_39 0.996 sent static 1.000 level 0.391 lock 1.00 move 0.000283 period None dead 0.00 | kin 5.24 cyc 1.00 gscc 1.00 in 3/49 | 12.1s
tri0.7|49|1.0|0.3|kp1|50|0.9|0: c1 1.000 c10 1.000 static 1.000 fac1 0.994 ac1_39 0.997 sent static 1.000 level 0.378 lock 1.00 move 0.000265 period None dead 0.00 | kin 4.84 cyc 0.98 gscc 0.98 in 3/49 | 12.1s
sign|49|1.0|0.3|kp1|50|0.9|0: c1 0.998 c10 0.874 static 0.162 fac1 0.994 ac1_39 0.997 sent static 0.129 level 0.001 lock 0.00 move 0.063 period None dead 0.00 | kin 4.84 cyc 0.98 gscc 0.98 in 3/49 | 3.3s
sign|49|1.0|0.3|kp1|52|0.9|0: c1 0.998 c10 0.871 static 0.206 fac1 0.993 ac1_39 0.997 sent static 0.155 level 0.002 lock 0.00 move 0.0625 period None dead 0.00 | kin 4.84 cyc 1.00 gscc 1.00 in 3/49 | 3.2s
sign|49|1.0|0.3|kp1|51|0.9|0: c1 0.998 c10 0.875 static 0.219 fac1 0.993 ac1_39 0.997 sent static 0.166 level 0.002 lock 0.00 move 0.0625 period None dead 0.00 | kin 5.24 cyc 1.00 gscc 1.00 in 3/49 | 3.3s
sign|49|1.0|0.3|kp1|53|0.9|0: c1 0.998 c10 0.856 static 0.207 fac1 0.993 ac1_39 0.997 sent static 0.156 level 0.002 lock 0.00 move 0.0667 period None dead 0.00 | kin 4.76 cyc 0.98 gscc 0.98 in 3/49 | 3.3s
sig4_0|49|1.0|0.3|kp1|50|0.9|0: c1 1.000 c10 0.982 static 0.909 fac1 0.993 ac1_39 0.997 sent static 0.866 level 0.503 lock 0.00 move 0.0235 period None dead 0.00 | kin 4.84 cyc 0.98 gscc 0.98 in 3/49 | 11.0s
sig4_0|49|1.0|0.3|kp1|52|0.9|0: c1 1.000 c10 0.983 static 0.908 fac1 0.994 ac1_39 0.997 sent static 0.867 level 0.478 lock 0.00 move 0.0229 period None dead 0.00 | kin 4.84 cyc 1.00 gscc 1.00 in 3/49 | 10.7s
sig4_0|49|1.0|0.3|kp1|51|0.9|0: c1 1.000 c10 0.983 static 0.916 fac1 0.993 ac1_39 0.997 sent static 0.874 level 0.490 lock 0.00 move 0.0222 period None dead 0.00 | kin 5.24 cyc 1.00 gscc 1.00 in 3/49 | 11.2s
sig4_0|49|1.0|0.3|kp1|53|0.9|0: c1 1.000 c10 0.983 static 0.915 fac1 0.992 ac1_39 0.996 sent static 0.876 level 0.481 lock 0.00 move 0.0224 period None dead 0.00 | kin 4.76 cyc 0.98 gscc 0.98 in 3/49 | 11.1s
kwta4|49|1.0|0.3|kp1|50|0.9|0: DIVERGED
cstep|49|1.0|0.3|kp1|53|0.9|0: c1 1.000 c10 0.983 static 0.911 fac1 0.993 ac1_39 0.996 sent static 0.877 level 0.505 lock 0.00 move 0.0238 period None dead 0.00 | kin 4.76 cyc 0.98 gscc 0.98 in 3/49 | 5.6s
wta|49|1.0|0.3|kp1|50|0.9|0: c1 0.994 c10 0.718 static 0.200 fac1 0.989 ac1_39 0.993 sent static 0.103 level 0.031 lock 0.00 move 0.108 period None dead 0.00 | kin 4.84 cyc 0.98 gscc 0.98 in 3/49 | 5.1s
wta|49|1.0|0.3|kp1|52|0.9|0: c1 0.994 c10 0.736 static 0.248 fac1 0.989 ac1_39 0.992 sent static 0.126 level 0.031 lock 0.00 move 0.104 period None dead 0.00 | kin 4.84 cyc 1.00 gscc 1.00 in 3/49 | 5.0s
cstep|49|1.0|0.3|kp1|51|0.9|0: c1 1.000 c10 0.984 static 0.910 fac1 0.993 ac1_39 0.996 sent static 0.873 level 0.495 lock 0.00 move 0.0236 period None dead 0.00 | kin 5.24 cyc 1.00 gscc 1.00 in 3/49 | 9.6s
cstep|49|1.0|0.3|kp1|50|0.9|0: c1 1.000 c10 0.982 static 0.914 fac1 0.992 ac1_39 0.996 sent static 0.869 level 0.502 lock 0.00 move 0.0248 period None dead 0.00 | kin 4.84 cyc 0.98 gscc 0.98 in 3/49 | 10.6s
kwta4|49|1.0|0.3|kp1|52|0.9|0: DIVERGED
kwta4|49|1.0|0.3|kp1|51|0.9|0: DIVERGED
cstep|49|1.0|0.3|kp1|52|0.9|0: c1 1.000 c10 0.984 static 0.916 fac1 0.992 ac1_39 0.996 sent static 0.879 level 0.499 lock 0.00 move 0.0237 period None dead 0.00 | kin 4.84 cyc 1.00 gscc 1.00 in 3/49 | 10.4s
kwta4|49|1.0|0.3|kp1|53|0.9|0: DIVERGED
wta|49|1.0|0.3|kp1|51|0.9|0: c1 0.994 c10 0.708 static 0.193 fac1 0.989 ac1_39 0.992 sent static 0.092 level 0.031 lock 0.00 move 0.111 period None dead 0.00 | kin 5.24 cyc 1.00 gscc 1.00 in 3/49 | 9.9s
wta|49|1.0|0.3|kp1|53|0.9|0: c1 0.995 c10 0.751 static 0.218 fac1 0.990 ac1_39 0.993 sent static 0.115 level 0.031 lock 0.00 move 0.0991 period None dead 0.00 | kin 4.76 cyc 0.98 gscc 0.98 in 3/49 | 9.9s
STOCK tanh|seed 0: c1 -0.014 c10 -0.013 static 0.008 fac1 -0.024 ac1_39 -0.025 sent static 0.007 level 0.000 lock 0.00 move 1.42 period None dead 0.04 | kin 3.65 cyc 0.93 gscc 0.93 in 3/192 | 15.6s
STOCK tanh|seed 2: c1 -0.005 c10 0.011 static 0.007 fac1 -0.014 ac1_39 -0.015 sent static 0.006 level 0.000 lock 0.00 move 1.42 period None dead 0.02 | kin 3.63 cyc 0.96 gscc 0.96 in 1/196 | 15.3s
STOCK sign|seed 0: c1 -0.006 c10 0.000 static 0.003 fac1 -0.010 ac1_39 -0.009 sent static 0.003 level 0.000 lock 0.00 move 1.42 period None dead 0.04 | kin 3.65 cyc 0.93 gscc 0.93 in 3/192 | 15.5s
STOCK tri0.3|seed 2: c1 0.925 c10 0.924 static 0.921 fac1 -0.004 ac1_39 -0.005 sent static 0.926 level 0.463 lock 0.00 move 0.406 period None dead 0.02 | kin 3.63 cyc 0.96 gscc 0.96 in 1/196 | 21.7s
STOCK tri0.3|seed 0: c1 0.921 c10 0.920 static 0.923 fac1 -0.018 ac1_39 -0.017 sent static 0.925 level 0.462 lock 0.00 move 0.408 period None dead 0.04 | kin 3.65 cyc 0.93 gscc 0.93 in 3/192 | 23.1s
STOCK tri0.3|seed 3: c1 0.921 c10 0.921 static 0.923 fac1 -0.006 ac1_39 -0.005 sent static 0.922 level 0.468 lock 0.00 move 0.41 period None dead 0.03 | kin 3.84 cyc 0.96 gscc 0.96 in 2/195 | 22.8s
STOCK tri0.3|seed 1: c1 0.929 c10 0.927 static 0.928 fac1 0.005 ac1_39 0.005 sent static 0.927 level 0.467 lock 0.00 move 0.399 period None dead 0.01 | kin 3.84 cyc 0.95 gscc 0.95 in 3/198 | 23.4s
STOCK tanh|seed 3: c1 -0.013 c10 0.032 static 0.005 fac1 -0.018 ac1_39 -0.019 sent static 0.005 level 0.000 lock 0.00 move 1.42 period None dead 0.03 | kin 3.84 cyc 0.96 gscc 0.96 in 2/195 | 21.2s
STOCK wta|seed 3: c1 0.048 c10 0.045 static 0.049 fac1 -0.001 ac1_39 -0.001 sent static 0.046 level 0.031 lock 0.00 move 1.37 period None dead 0.03 | kin 3.84 cyc 0.96 gscc 0.96 in 2/195 | 24.0s
STOCK sign|seed 1: c1 0.003 c10 0.002 static 0.004 fac1 -0.002 ac1_39 -0.003 sent static 0.004 level 0.000 lock 0.00 move 1.41 period None dead 0.01 | kin 3.84 cyc 0.95 gscc 0.95 in 3/198 | 22.9s
STOCK tanh|seed 1: c1 0.005 c10 0.017 static 0.016 fac1 -0.014 ac1_39 -0.016 sent static 0.015 level 0.000 lock 0.00 move 1.41 period None dead 0.01 | kin 3.84 cyc 0.95 gscc 0.95 in 3/198 | 25.6s
STOCK wta|seed 2: c1 0.048 c10 0.043 static 0.050 fac1 -0.000 ac1_39 0.000 sent static 0.046 level 0.031 lock 0.00 move 1.36 period None dead 0.02 | kin 3.63 cyc 0.96 gscc 0.96 in 1/196 | 26.6s
STOCK sign|seed 2: c1 -0.005 c10 0.000 static 0.003 fac1 -0.008 ac1_39 -0.009 sent static 0.003 level 0.000 lock 0.00 move 1.42 period None dead 0.02 | kin 3.63 cyc 0.96 gscc 0.96 in 1/196 | 23.1s
STOCK wta|seed 1: c1 0.048 c10 0.050 static 0.052 fac1 -0.004 ac1_39 -0.004 sent static 0.047 level 0.031 lock 0.00 move 1.37 period None dead 0.01 | kin 3.84 cyc 0.95 gscc 0.95 in 3/198 | 28.5s
STOCK sign|seed 3: c1 0.001 c10 -0.001 static 0.003 fac1 -0.001 ac1_39 0.000 sent static 0.003 level 0.000 lock 0.00 move 1.41 period None dead 0.03 | kin 3.84 cyc 0.96 gscc 0.96 in 2/195 | 23.9s
STOCK wta|seed 0: c1 0.059 c10 0.059 static 0.061 fac1 0.001 ac1_39 -0.001 sent static 0.050 level 0.031 lock 0.01 move 1.34 period None dead 0.04 | kin 3.65 cyc 0.93 gscc 0.93 in 3/192 | 29.8s
